participant,entry,PP_1,RP_1,HT_1,PP_2,RP_2,HT_2,PP_3,RP_3,HT_3,PP_4,RP_4,HT_4,PP_5,RP_5,HT_5,PP_6,RP_6,HT_6,PP_7,RP_7,HT_7,PP_8,RP_8,HT_8,PP_9,RP_9,HT_9,PP_10,RP_10,HT_10,PP_11,RP_11,HT_11,PP_12,RP_12,HT_12,PP_13,RP_13,HT_13,PP_14,RP_14,HT_14,PP_15,RP_15,HT_15,PP_16,RP_16,HT_16,HT_enter
1,1,0.0,0.0,45.31450356870606,301.812979107682,232.96550167715927,37.218229898091124,303.96472963989504,269.4353350094162,89.82216076164435,296.39045596845057,178.64357502837993,88.78450556161577,234.56656694145127,119.31002765939442,60.09910574677385,301.6411955392805,205.47965290946274,69.73796867424814,276.5709348586965,222.1630624211839,102.58438414580775,230.6293968461705,163.09237173716863,116.58261227363336,275.93371823228654,122.75120882447041,83.4107914494673,253.37283640507158,187.33508179899502,40.54952500244204,251.16404227636468,235.62675480191666,72.47739871699933,280.8542359089075,183.62379539932803,139.02737420809564,252.9851181672223,116.73407377582248,91.07915102614986,323.3576052403783,245.55556543404296,103.6647360762646,290.0130355988334,165.01620340049797,77.36209087795021,322.7440253933101,194.3661462266922,92.79729387436183,70.75602481102426
1,2,0.0,0.0,60.196517828644545,284.80655978317475,247.1487077053523,46.34207360488079,364.3536470674352,304.6530554154795,95.79952116210117,270.04508135636496,188.56124882508118,102.7577819508262,247.92417472550989,155.66747593939417,56.283718252352344,232.9740103376251,197.72489204709873,77.48579634098286,314.18990142052985,267.68630057523063,92.8392765657146,283.14448223786667,177.96760467674298,98.01601624024838,233.4606040706192,123.93198073648716,84.40788549700818,193.0137729011632,171.9484461151886,43.18445028510135,274.23423360468405,267.2560877438194,71.1812432761952,327.1819358618344,207.89425919196242,138.47955277565663,246.36470026341433,113.69405293672912,89.27474654137487,289.1510766084098,214.1918513833179,131.49312127593066,325.5993554513194,206.3861769467775,78.54943360671496,219.93905101651308,219.275330978944,95.31971647888965,124.1862442856007
1,3,0.0,0.0,63.497497142422944,304.43637719892786,240.96951426984998,41.399226233848644,357.8123236939057,342.1636928376659,94.31640918382116,182.5316530684853,183.33770764240887,96.22473532462733,231.22274688034645,115.6808313968457,66.3373533670652,246.07701099707802,226.12046807517214,76.28619461291684,393.5904480979608,206.60658329877953,79.21502742983971,262.1293847775453,223.18094641242823,113.80682332051897,233.74049186466053,121.59796033377836,64.56997892886426,228.09119888610638,187.3469267735112,38.439030325417164,329.2737574989203,200.40853143362224,80.92410631542194,261.5397035641077,174.3873349768717,129.83202723847546,232.15195249827428,116.43167243236623,95.82545932777907,304.72594792863464,173.57022176765605,110.9132544312309,349.17139819743505,164.61444821262853,74.53660035047335,255.16132810824126,254.52645636437646,93.34677482662441,68.97915964446473
1,4,0.0,0.0,61.74275618139828,298.5691819870672,229.0063476852028,46.06908769518859,323.3319504019916,296.91762986625855,90.55131031555345,308.65043634627705,170.9737240749738,107.95200870794564,241.46097454419615,154.65815897489313,61.53269852732696,297.1460069649137,231.27905163250998,66.48173999350091,318.9603368258578,278.1333800000488,97.72531082170048,254.184055678306,187.08191088110453,113.61147034611318,226.40603672749012,113.0523232596853,85.56851524330642,276.18647802676446,160.65428411769213,43.42834299013655,282.0780202296042,272.03606292260963,76.63624219327959,223.88684318844315,161.412394362345,121.62323543275659,239.50810686869252,103.10924762778414,117.52480137509919,269.97628749634515,226.3214937836789,125.55390679012272,316.55855546938704,198.38646589438872,71.82598877218734,326.7242333567625,223.13524876284094,86.66506182877507,91.39101184255644
1,5,0.0,0.0,56.90234736224944,270.8092940820973,238.4222811943651,43.344002740311616,306.20725238924496,282.18369646367427,98.49679389545199,277.3859049342687,198.62621193530336,115.47754680461169,224.3312559438186,119.25553077819029,53.98643251409617,315.9162749267827,228.30474207425428,67.96436366915212,310.2134283633308,232.45968885683314,96.94032432708039,300.7112764487139,182.46682763366593,112.58886593093256,232.2608813593771,136.93613684165553,94.27848774417537,253.85272730102136,175.74051579700827,39.8576644600638,295.4169645779048,192.0628005784181,67.3163212068871,287.94410599463197,220.99999784837735,126.62162251507009,262.6754882189577,127.91673413802705,91.68626110362301,268.8554071006009,187.81264463868013,104.50349662477855,370.9298403962736,201.9202786035628,68.22411847061932,306.7624253810553,187.30746560620358,101.82366918444214,76.11942117357647
1,6,0.0,0.0,59.71624574521817,329.14298667417614,263.23081310109126,43.61463023042048,367.5036859148251,333.02229139240427,103.87697353445647,288.7883998527827,214.9229407695389,117.66592950110189,227.52053095875524,152.23868005339153,69.506315433395,250.8812164398789,239.35497676298212,77.14940832425368,325.1978120711541,243.11335241654527,75.77257298225469,265.71796314858955,166.33775724847132,98.25236750732853,252.9947462184012,134.5790879892836,91.16851292525668,230.4732566051065,143.10238277519343,44.55367803943484,239.53575098080344,223.7434725217137,84.91648110530119,240.19831282740373,183.93762361411956,97.01630866410204,294.477056552045,124.65544401585355,107.82738987910965,318.3605262135481,155.81402013543521,118.97535338634025,333.9233424310186,177.8507640357401,78.05300631687724,239.27289511340183,239.72482860222354,85.7013733585502,101.40248208243212
1,7,0.0,0.0,66.66237164148856,312.6830358308254,197.692276658962,48.262255764927396,365.8330971968686,354.8139058132789,92.27959085450996,259.97945215089555,191.4414455712759,106.0333326549698,232.6278567624404,151.7903782559393,59.744609756418285,282.5408286785503,221.32312931661622,56.80105563223782,301.26277818124964,278.7702684705442,86.68277568745378,276.45224348486687,135.72708712943813,97.16771010674776,253.68322020965928,122.88160576226035,85.54123041916232,267.83412138257495,140.88935144779475,34.306762778707366,266.36828623663007,247.90114223626387,67.48543360910817,283.4821336693355,206.05174334025418,123.23179858970144,252.0846743482223,118.02079302849228,83.78918273224966,276.06910389960575,232.8412584450455,127.28799660586682,300.2731926743776,181.6393638742617,63.65882976316913,252.56638364387666,211.48656827171922,91.42117212518679,100.2491715834851
1,8,0.0,0.0,65.33684114007787,264.02149586210754,291.2824514564333,44.94524574542308,324.1492582152745,299.98340702455323,90.11912970038841,281.76158091538605,174.46429450333721,107.82785647555409,259.87311340438777,137.62090966077048,57.058440850488175,273.958736645508,193.59159587201515,84.3018785787669,336.94173936854145,245.21634164085592,91.2249296542341,246.9463887823715,184.56148483433648,110.31394175070369,260.64749429965036,139.13372301005728,69.80967510472006,247.7130905786659,154.05052646196313,39.59959796808862,259.22064547395763,222.08882808842324,66.15678901659913,268.23601401111006,225.84968170285893,135.3247787547792,257.1836103160653,116.25163554810318,88.0119275145583,305.6344667817659,189.1630970778116,94.89118640545348,301.4923804527041,183.8587662940405,67.72681066261873,286.53810796644507,180.90214935596106,97.54439875799952,87.40240676704069
1,9,0.0,0.0,57.89515026903274,330.3886729094555,245.5406280611392,40.346039457013596,290.41294068371445,264.939066157398,91.76612165600508,288.33639252279886,173.59577042349866,111.17953711372549,256.9541666927145,136.86733167814037,56.96224432762002,234.33848765428627,185.39550180898078,76.69849425457772,363.8952950493627,257.27405337478245,84.19044506333162,265.7593861134113,192.64142367343243,94.31226772623954,245.4032363707136,116.11074655089995,86.01082114676477,240.12159287805795,154.4707019141933,39.084924652951194,292.4252882369848,226.239729160973,64.05440603307916,233.6212760123304,193.01761245050213,119.24689848000396,237.87636367943114,121.71774360606435,91.87204719120436,293.42635005613965,173.1409127934192,112.36841838795551,311.83431463883767,201.84734132742784,76.65497193371695,298.7264522002356,227.56100151795164,85.719970706131,87.16917748620656
1,10,0.0,0.0,56.73257470018772,288.2543784235596,208.2574713263577,40.18380597784779,336.4797393339958,306.35248219929485,78.14684265063899,237.77910545884447,154.91606495143844,98.51635740948372,266.74129704146446,142.19372381306883,61.97372848558892,209.49305517045025,201.13931922646373,73.03194281751753,384.46521227399546,255.69509881520344,78.45828977275218,304.9901264191625,197.97981378751993,119.95296421641387,250.28790363438753,133.83528294248242,80.6753821577271,281.2459520973021,136.50127986073244,38.42312592494088,303.84626418251196,230.67453173631208,63.21678521102138,302.34896806342647,174.32557792951755,119.51711160969872,269.5916171157652,134.5108664125838,96.01124978056518,258.50373270091154,213.27189136274876,123.06769079933754,319.5820826862897,204.48501409515353,66.74962178976222,264.9648068632826,216.8137086894347,84.56775115005293,73.60847525122203
2,1,0.0,0.0,59.09469867855617,264.09454561572534,136.09027980680327,45.027029360012286,297.7797016537319,186.9365629622086,117.77526026322428,365.2093259429913,175.3264542987609,107.96074972178901,286.1624663016005,126.67736844631057,60.624009483423364,205.14177634766406,192.23551995404688,72.23413005425216,321.87407063018037,230.59029200447281,93.53948916301299,325.212953228866,181.61078291696376,158.7095459571785,256.39292656124184,90.1146432275508,110.72326411239975,308.73650159152635,276.04991127346824,67.5468025967003,194.89855407423673,128.69899604268548,57.876525556131085,305.43243858587033,231.6132674806106,111.84444077238605,340.18043722294266,205.38591943452877,91.24275086192836,276.9943335297483,184.5652436109427,103.4208546816842,199.39679850999494,97.03802798845915,104.16419319993281,288.6889367558918,156.6373945328946,118.93495761531648,118.2241170837193
2,2,0.0,0.0,84.2708699949598,225.45432184399635,180.95276486787384,46.74284180732166,251.92714836767018,163.3431801113473,97.02016309098124,234.62375407787644,189.63992223485158,96.92966112336599,229.10300661439192,133.81842682957824,77.41491627088152,230.3628311517795,117.23214460765993,67.2862147449083,346.78805502697116,188.8707354647238,78.00243765693023,268.98568632273816,267.38215576428496,170.42019669249743,252.09148732294108,109.2900023072127,122.56986990203168,510.4614751056646,223.19702959286752,72.62497803294151,210.08402912127207,138.30341338959173,69.36590697230898,321.6290907989214,234.21486100100225,106.93537058549494,424.5374729135067,215.8224163300231,76.76189928070272,307.4674022356657,182.42061223564718,118.14480807293921,233.75688813455102,163.74642519877779,123.48368222718834,344.65027909037775,157.01976840794586,132.3953865950122,106.4452967421113
2,3,0.0,0.0,95.56028847281787,267.7197615193299,108.11396004381731,57.05309087233371,269.7108526786135,165.9393158272165,120.91886027825281,396.7280094019097,151.2217184085706,77.51887033141804,234.96861999203554,102.74060860866376,72.36725066304398,205.55375451372896,164.54619016325282,100.92240737886274,216.52408033952878,199.77854484199185,100.33774387724262,254.7414700621438,249.65041353953436,197.66428078293984,259.50281528283267,76.70066465713327,91.86410815388844,310.41067532562096,163.33921785429953,85.66309390547843,231.16376673784407,182.93334831028795,55.44991563826085,271.528688765527,160.9935764083534,84.25580665875911,302.3295849992881,241.03064065319634,82.14911590328721,231.77721726970069,185.60514707070493,91.71040989777109,306.27741291277374,200.00114963386028,121.60144502298579,219.29497470056597,173.3238915249361,136.01870428231052,78.70761103230952
2,4,0.0,0.0,71.0083928066669,215.16077674942412,136.1522078114965,34.78856036374686,235.34468888275387,219.89979447534088,114.6575105127164,433.8208641321272,189.36387343279827,108.9408034559532,254.17284103820495,91.1771523674577,61.96791633300222,245.08295333494308,119.2936726604475,84.00978971085627,278.7950191718634,222.133368926555,101.09262545502246,394.50690800522773,261.178960831298,143.96081052413294,226.08223984574644,95.63215434230256,89.93898238425743,432.6719509544661,234.83469248861047,62.473364501265394,230.30730552641302,148.9386906334966,68.50032829463848,214.10304923367417,235.2034270109384,126.51144770481048,362.7239470755496,160.37288867374087,86.0480844289046,259.171554858224,186.60816654616212,58.49631175899993,250.04758181992193,160.1565611718821,116.0478425162803,254.26664068074814,165.52450231414545,117.22721067726326,134.25203885152354
2,5,0.0,0.0,83.42182502656748,199.51733801130206,116.89998975018952,44.09697523249693,292.49733682670745,180.1800135582799,102.56128634764447,332.6000188116661,215.98820764434805,108.4512426369531,261.0673091470466,137.4403963366981,49.78289599515655,345.859967125976,188.96793031132924,89.2485573821692,315.17489141617887,194.17347505053726,86.79726270570735,313.46960328915577,230.39775061403157,154.55859899279776,192.29524520745412,107.27384262390802,99.37818041896439,445.37084806803006,229.84721936680273,79.91442404379056,202.48892810506698,94.28917888630502,77.32115509811419,244.17194336348544,214.7991675152484,117.13940119669196,298.48651107123254,295.817797825363,83.6823905801409,221.01273071985037,207.8521753659667,95.56499478365345,235.97755536630115,133.99861290063333,88.17841175994414,320.2621695776386,204.8129029274482,78.35076318294132,86.4132842448282
2,6,0.0,0.0,55.27790619125598,220.23808705842163,170.28212641081012,50.34222290009904,241.0903317009803,193.9592874634206,94.86338789393704,210.52640849508248,183.85498191493465,83.2357502978106,260.5958157884873,127.74364451331684,55.419484530402684,243.23998402538493,178.69646233163186,72.96934250235897,400.0496711484792,238.53567255317012,93.37946179615224,407.52481776361924,239.37408033801876,170.32452385319698,215.42331452992104,77.15322832121552,59.361165356921084,279.0880962992771,277.5469867758112,72.89245296982409,210.38244702352276,152.01816583869768,80.88109869975975,352.98977057551457,245.15103678978252,126.77570906888357,308.8106425959017,257.6232615449455,76.48111993923898,351.70154621244666,229.85090878062488,101.16484328828123,228.33931558121571,154.06334747281443,91.67282986918437,296.37515141326924,179.9218552924927,133.56541584290363,88.38232852068636
2,7,0.0,0.0,80.12203591952104,187.28872512149235,157.87215158021866,40.50385561845006,255.06518075601232,222.21209291030846,134.5023636467937,308.43704843620696,181.0280487870289,115.91245163289341,223.4103374282011,120.45174470763808,79.20843033095129,226.94862821263465,128.00472096391465,83.4938973235383,338.5139388119323,224.49187915842202,79.56168441323813,192.6777576170241,213.6865756578418,123.712005642441,273.0282445330898,62.227405163810886,73.01385987997566,279.5608434221691,262.41208827256935,80.11334292208592,252.98674657385007,178.9533446266155,64.36730628769796,303.976451670377,216.4932677127419,88.18509477391092,358.88470773255045,310.0904926468159,62.50056132991155,249.61644131199301,119.15209118709144,76.95185369730856,210.53252876858764,194.6494376816334,109.08030353103977,325.180473251361,159.6267194515926,110.06219033298214,97.19993790961584
2,8,0.0,0.0,80.45735671192583,257.20504733141513,120.72819205711637,49.41722876054158,248.50250610050554,180.32839432401988,133.8531200973506,266.2703668319576,198.56256308098315,132.67058969886426,127.1726924353836,126.33658216320059,79.65619265729586,260.24820762913043,171.43070514022142,40.97628005559722,259.08004107505946,184.80823997388276,67.6603475312633,325.49810971678653,232.86578727934716,159.45556653931993,243.13095583720974,101.13248122066034,79.23768687914242,192.22002639483924,280.0364845391506,83.75199810177274,177.64163787273637,151.85707868744535,64.7952813758583,275.5523961763897,110.50151491668824,88.1337226352467,324.679877538659,177.20996036048763,77.44350218758483,257.40428485718,209.25940845728786,105.37455049688008,222.21477126939737,201.4767480896473,91.63312094207915,342.2470326887013,142.74936959999664,123.50147541931486,96.1105253565818
2,9,0.0,0.0,91.53574435953357,263.335884680763,164.44256510249352,48.54747426313496,260.22387249736755,204.6050844184399,102.94324121383693,343.0899193212223,223.09114463591763,80.84214930243479,262.7678659048427,112.84634256475586,79.35319342432426,190.9122068367689,155.5797238161111,84.41723048713268,323.2334200420383,234.26194809343875,111.64362952144842,343.105642907813,194.93978024978594,161.89679358846698,227.68596416506242,98.60175248897987,117.50721418565952,288.5138306780675,304.97120005323666,73.75711240796035,209.19943331780294,113.3739276620755,64.03980211457429,348.2623071794313,134.04204166620673,102.27824778882635,349.23748199657655,232.6616881050044,94.14677947242971,274.42848616661007,187.26709444317382,70.25105352135765,304.10905871592814,176.8407541774836,104.50795578860607,224.5739339345927,126.39603953674484,110.84453383146091,110.69084311012303
2,10,0.0,0.0,84.02725745184387,203.10536148994038,144.02830768756,38.93020223368333,303.19128545596396,147.76944818645782,122.526741265979,306.96569378487567,146.40307893516317,121.64017818377584,281.07275950119197,121.53542566514417,85.2327875790206,295.1133692000267,191.21542122794352,79.7296115835672,261.75739156915984,212.14177341950324,68.14797730923081,288.48691104987654,230.74968741900537,144.44740649182694,242.7765642311363,101.3130763694767,109.53873228374361,415.8342439146914,363.8543597641095,63.08147333177289,284.5521997314045,117.81065511927999,74.62306590772484,235.968626933286,150.44318560871722,95.24600288334328,428.14469927302514,214.1287441455883,78.38181954474246,215.51936588487365,181.24914346504366,115.63828811087096,237.12004222978388,90.48691828711709,94.5054149899892,264.7441465216778,178.38576375538594,104.2592112794907,95.752752120201
3,1,0.0,0.0,109.60037169854125,143.73022060903136,53.41409324022415,103.17215269735262,131.5417717624212,77.8571383497575,79.07430790696246,165.14569768507724,94.28246097751669,34.78389757520309,180.48266233783164,148.76041820869526,118.37204222686331,162.7943023669623,91.23212543286226,97.04467007703697,113.5790065321627,58.306476658022035,46.563494501285795,171.96731488095574,111.41999002960318,110.75261929185547,193.43474215194863,65.02759059532673,103.69984875112895,235.50228791337454,123.63188587040558,67.61871930888377,127.76366811436012,76.2964275685565,91.17791982877213,177.37858797323378,107.02647335897704,90.8609292319573,150.04204552689123,58.39050311660344,64.15330693643513,143.70899402281592,115.50669928867934,45.526133693920805,180.63565926088725,157.82026079766268,39.98855978921128,247.87078605570997,205.55443962251795,128.07168611207118,90.67871651837073
3,2,0.0,0.0,102.81445451377074,172.7178618056278,43.37074729654544,111.04654438959565,160.28380432513256,51.754217260686374,104.51248758537216,203.80812036361658,88.05151523589926,45.233062126137824,176.7999796630904,154.1383204504799,96.1565878179868,191.72202107339015,90.16009675758625,97.10296666516967,174.81120764634153,64.54077752058124,50.074830014178794,190.059538893223,125.08148060448646,114.77573813796263,158.52415604586835,70.95622645373614,104.94278202955383,200.85218284049,136.44760704918622,56.32672728931247,123.1860715419598,63.478104597720986,110.85244837367748,226.65116037004287,104.29778528229699,91.88838162913648,155.43561361111293,53.99932527181463,63.91664376894239,193.95248266159746,98.92351525272703,42.90891818687597,165.78649539582682,144.88651953752853,35.911193354528685,188.29845245232107,175.3167844025464,147.27727962510573,94.52828042740295
3,3,0.0,0.0,112.0376213405275,139.34538631466307,47.463064337420775,114.60102637086128,155.4962471378539,71.56213133928972,100.08200161784657,180.2611963110964,89.00061724628364,40.13037742336657,189.58584759801315,165.54981726398415,93.56107649005045,204.87597981398793,86.52657561981134,81.75975715032173,126.47743636114272,54.890175706934265,49.39100858958764,168.26409397261614,124.23935499369676,126.42233340491924,199.74438098183828,72.71671038733899,92.00635797832334,179.1517060732227,125.86004057642441,62.70176243532196,143.3645724573283,64.46475083317786,108.76213237181233,252.58919288190248,77.36050895374542,87.26116798247934,153.26346195412242,84.59689304057143,67.20596852986937,186.35404109033396,78.84929014761691,41.76335027464612,190.91000366472392,159.93029772308202,34.79255438779517,234.85494822317838,186.14209449687456,116.14170942954745,169.026880877759
3,4,0.0,0.0,108.9573014053162,152.9264107685132,45.74697213829706,114.71133937031139,182.98330011541807,49.48173989698715,83.04332603609461,182.73019753291095,104.59503972557931,37.66506879771871,184.5571478140384,162.8095189125124,110.20422127058052,203.2546215580727,97.18476733614989,88.9931440843565,171.33035026438714,56.002309018142384,46.234036345917644,159.5648029688691,105.2867019457183,119.71620094755653,178.60193422345685,74.8889562462614,79.99193530824033,208.7365540603276,132.94319609134357,59.304226956345424,116.23545851459961,76.73081820003003,92.76486455514171,221.66501674286346,99.42631309052511,86.64557427823777,163.6653072819704,75.66335027483353,82.89022114022295,147.27907776682954,106.41746217355673,41.765270483394026,146.25444566073776,141.98086898550815,34.96858268774312,194.7219362493744,193.82694028724305,111.10904662428642,104.34196430455508
3,5,0.0,0.0,97.25220772424653,141.06840173465955,39.54596651504504,111.53082334541399,184.7325091636016,59.06419734770723,102.24421847024632,198.1637005683215,103.26547261535455,45.49264714866284,223.43698855335435,156.95195246284572,103.84659545066583,199.41571655893298,94.06266295605477,100.19429793502803,133.7598708887674,53.61783579940734,49.11951730607172,154.90076145572115,112.19773344072122,119.5380439482358,159.89610724462443,70.57071049079214,109.39227399966607,227.41787035947056,127.5348277603303,60.14682683146653,128.35413000646705,67.52729985649684,99.45559979869932,221.43126116931188,103.14614475162045,92.89588501736367,166.5286203186677,60.72789828968768,68.09770391195839,165.2030503305657,99.40963233971212,40.39578868185374,173.21325539963644,122.886344184649,42.61430355270293,220.66654675691132,185.3701412448465,116.68309091383621,82.92707172769278
3,6,0.0,0.0,108.73714612888251,155.13963650478195,53.02535864590933,95.47761321149834,169.0097592189288,86.83818090788492,94.11108787479486,216.82667573578928,103.97021449506602,39.99660722921301,203.48801351888625,160.90831906799752,96.25793972034073,199.69621563479964,80.91241614999706,89.77263119227166,173.32243158548818,59.67458804156852,46.23955422034582,179.16340497518888,114.49791343803152,119.08302265820515,172.07160191400712,58.98416442452661,115.65570155239556,262.0546376283247,126.50295176193478,59.05920478289572,122.32933927670008,61.384822802389124,111.83086454668522,201.87959488574543,104.67996457406653,91.8788229287645,156.73188229029773,57.65540899329776,72.20479284046449,177.24481080997822,112.20406980882824,44.72769905589809,182.07801668637268,140.1713997474269,40.501316627184764,211.4223066706638,150.36281388428884,123.4212425985765,110.99516239615058
3,7,0.0,0.0,106.19207218212333,165.07765292532662,45.975943178872775,94.19566156489154,168.30199315729453,59.36048308779589,107.76374923823931,181.32073301924603,90.04680002934707,41.80229269837819,196.7215513923209,175.53840584051068,106.41266718291116,226.944394862574,108.74727534151275,94.28230091914423,140.7993950609756,55.70630558880575,48.35545087264178,198.24336544544389,132.68558029475525,108.85793860610367,181.07609207141712,65.95982980820463,93.1878260491172,260.6260834580811,129.7211100626349,66.75781869736606,121.08209015897417,61.94463411086496,127.20403587305042,234.71958239308603,104.99913294156781,79.53391137460396,142.6713990120073,69.06602335248583,68.10650980349739,157.97015585744487,102.62163754465278,44.34633201585107,168.14404275140907,131.6349390850256,37.13203918756135,177.42458844139378,159.23838358992577,110.43448973288281,80.96859216511109
3,8,0.0,0.0,118.98929506947837,139.8061011512164,71.0201469380543,94.40286633590462,151.74477969773966,62.01135623438202,99.96880435549308,219.5759007109682,89.57885129730779,32.623102830197496,227.3954743377793,151.67285879090895,100.46962829675334,210.2221201876866,79.43347901906084,100.15326057204047,153.59941529594542,57.24473698574621,52.32366606021555,188.52102164392795,122.2506478815666,114.36244183017712,177.71692194317822,69.28933774062988,88.96534180076965,194.99363532571957,115.58455246491118,65.79035972552872,113.67225304945568,66.65383603652393,129.85195071611733,247.77384741627773,103.80111840341647,88.63329315047216,160.58288519128072,78.35894113701262,75.2871985678835,166.98332413739587,85.20136402653557,46.28490964869326,188.0711230326866,126.40808833085867,38.27338319649836,219.719090040629,163.59211209705848,123.90716111982258,128.50745102938498
3,9,0.0,0.0,108.62369850883243,156.98351530864818,48.7585380383848,114.64290018953801,168.43466595286625,67.25668469838166,121.32469280793846,195.64888440118906,115.2680427421102,36.62574987588375,191.53495063039466,160.3263144125351,102.54867975031962,210.35821560465823,116.29381694363778,93.66367196782898,133.50288878833268,66.01988791902369,50.830576335028454,168.23877700677045,103.51565089043366,133.2191219473279,171.98197884950991,62.14258042526483,80.69791493996105,212.51023946177335,142.75952617473598,56.50033691224066,106.3466274421693,63.49568894547307,139.85768880969312,245.33713725562404,96.27015684344045,82.34947279859446,148.1078516518469,68.63151180277461,73.47136713563724,198.15420017271867,102.03343207532805,41.79481576316832,201.0533414005133,141.39167335949736,40.61139229688335,232.22474653446824,149.83360985598463,124.6269281446801,125.8320024938943
3,10,0.0,0.0,108.84542244360833,135.25027725557788,60.53442711979321,115.19398716512656,181.29199993580258,53.96854556741987,85.56767165746169,188.13786937956723,102.46421514995046,31.684068182622802,199.60953675837763,168.01764674866965,96.09743908716074,206.7302539628795,104.58582240294793,101.70429203368116,139.25298722394365,48.26999093084139,53.4983253479865,169.03608537289495,122.68512958605325,130.20988759461494,196.65374442361704,79.98231443848144,100.16795487467543,225.967993279148,124.31628729164514,54.66058288110941,129.89941990783294,53.16763153023856,114.79783718104021,201.6418449839557,95.85467312692737,82.11254899604779,122.30628160412877,75.36600596410193,65.98598579668034,170.11725476279955,113.06620318642477,42.110544684261846,186.80765094223028,137.23136722089998,37.12329514415451,188.1928382266962,154.76459273400653,121.44223439914394,107.07338023578913
4,1,0.0,0.0,77.77776200796615,180.0441678040977,125.46207988274408,124.67543654030351,256.5079179463402,134.83499266530987,59.84188801243772,290.2458398147073,140.78684569608353,103.71805540867943,144.1086596071033,78.98242600263984,67.03900373819383,200.57271077531132,138.0461951920109,130.80796189554974,208.03541990888894,63.769874050524955,126.00354605711726,214.14583789492184,47.378884168898466,129.055450927106,218.6512554177796,52.57082771849039,88.02256272830792,221.88917865053483,64.3152032950521,125.79340360629058,246.2254960874091,66.08296594880773,95.81431130970896,194.8350712966315,104.62783300695662,105.65536630530387,164.04160492288102,102.33136893265954,72.37176900714066,181.84501443393296,123.62489921580217,108.66357836372727,180.69745604442767,74.76603492510249,104.9957487114121,155.1846110712628,85.33040242013735,60.847821515694804,136.87077842364795
4,2,0.0,0.0,100.10885840701856,240.69122053323645,154.843537951023,133.58084355469163,215.32773155230785,101.02129901951011,69.48497491047758,258.9678572829922,150.58122603158094,107.5191274531168,159.75186344687873,48.23418558628275,94.46473816038112,200.81174507459133,122.68733505984004,84.10183851109844,223.717592766845,85.77662846259511,126.79421312269037,183.10794856762448,86.4195168907192,102.54886648150513,189.1198289505362,109.43010905251593,107.06645012825317,208.29401964431145,72.48917912463789,121.93594789156356,205.66490640018876,111.32988695959816,82.95981935254052,241.19933380561307,137.66830520754695,117.33288579548068,175.473820408254,139.42148479710283,76.67576075946833,140.5801052899283,144.6759578574885,109.29483483252316,149.93808111585184,51.04316109113565,81.85879421873337,200.0949380457237,89.73208283937502,86.60242997426701,96.1212983602219
4,3,0.0,0.0,106.77725195665369,205.62082678294502,136.92360785083324,144.46058952496463,247.10160049677785,132.7402198107498,62.987352686969174,197.58408464700673,160.45701424433645,117.42256328298033,146.61394260852236,71.99579859970096,60.187160249200616,235.68420199298694,166.39718364889475,124.738950942696,269.579660292768,104.33319867328464,80.93871136922641,175.90294516906374,70.64442273726591,92.87319330711205,212.8186074970976,113.97896678242736,155.67316705047514,206.24959688894108,61.474111147790836,72.0805804029489,215.19649003047007,83.38826262419713,77.93976436478313,188.96996287370467,134.5229860328234,113.25734212974184,208.24512658282538,107.14938301568412,70.62947091368565,206.60440661877956,139.14224440814908,114.94229386913013,196.83312160363363,71.72237944758946,50.51454210355475,180.92868648913736,87.85931654018674,70.17152347779957,88.92608647417151
4,4,0.0,0.0,84.99492985128552,236.047260733673,132.8763594876432,173.21526780346812,265.2043761974213,117.3153339901288,58.2518217355382,250.05959573940683,182.26308717322237,81.05079427123803,169.0007387919885,40.53951832525925,98.96965391952774,266.0897121431735,135.19832804788496,115.51308735258016,223.60613234319212,114.92120159797086,98.29291141703145,172.00924039612383,73.81771340478352,127.20941723389039,227.18376029064754,94.28185186745918,151.54593572140544,226.23775413354295,62.18196839632765,95.51069789318511,186.95268414378216,95.84553698855805,69.10573707835638,217.17072788365422,63.293423190035114,100.67825991003673,204.94871369570905,162.20194713269814,79.26542654121133,278.17046605225494,167.8955982469733,110.95416253017166,189.1600165108278,46.93432921428745,68.83347270026455,140.99871559739262,104.2786527551959,43.92966188991667,95.07017551918952
4,5,0.0,0.0,88.09548033562133,224.6346232449926,107.13410164914177,171.4701643259663,323.25721657609733,116.79326110546195,82.46569634985235,234.1206852846827,157.6069842041553,120.81389709335076,175.71327339984197,39.13470492631033,122.16615651765365,232.45611865205333,104.7557654646398,117.47986020410501,285.99095456113184,85.06934875402739,119.0741492157046,186.78010503095922,89.9632884083706,128.36506135837823,178.45529721618772,101.26996037139989,106.50304293703037,223.7263777213067,46.02568654801714,120.94461651978665,224.0084753817027,66.33828479270286,91.71147039819533,175.61988256876177,127.20808089200588,106.971244953445,109.23915956162882,114.46300119396302,55.87639704497562,223.8618901778064,148.32820011772677,127.90233092841244,141.24812447997377,60.4086717152913,70.6089616747389,174.0032327881575,140.9258079325332,49.347733456210605,113.10352590499102
4,6,0.0,0.0,66.40449282692576,196.6163371286446,111.98318721109548,130.11739856862425,169.76546056550285,102.61105016275211,64.76296994141107,217.66148796984976,160.62180895643337,99.72139346292656,125.60237934749776,71.47368335039657,111.6278720607268,251.80343937730188,146.61291495620537,135.9535316920419,162.9947480620486,86.02546141198842,106.33220309555594,199.70058169819296,77.0382471665825,109.76394459838745,213.3269029277154,106.18322286970182,126.99544664314273,191.8848608036762,63.346000201472066,95.84811720004231,257.3537793439695,103.75671819007269,101.24547109795203,266.2039271746031,127.44124311237854,138.70945683600632,200.67406306272653,93.292175749723,94.23528090869729,132.67020214807198,129.82191390642197,87.68575661286653,152.77467610891296,82.4756216629089,69.16253335287143,120.62949504613422,105.60872738647205,73.9975006473098,102.80725750555399
4,7,0.0,0.0,112.19753494727246,152.93777470857728,158.68940209625902,163.4564976770361,204.60727031172297,76.82869586933822,63.17986839388789,199.97853525259492,169.26188176208456,129.92007379036207,154.38811557005158,72.58197218348951,88.70776109981718,200.75973548315986,124.29314603938357,130.60245437900738,264.60512712524576,78.24810096573246,119.22325227155811,160.9938570187015,78.56788006533105,93.4823588425949,181.22342946245854,91.21041295936327,132.93091763887253,228.90325485403912,56.36268013810487,104.17480725084283,243.9855509923348,106.06178771213195,79.86644286561162,261.53552974450366,167.3570909034882,108.3943537055864,175.85192437126352,127.79355746644453,87.7671004979738,245.3866850427015,140.35275684797563,88.50963702417539,209.38007534973497,73.45197161650974,75.97371965906775,181.66318881992524,82.75020921353047,82.64091859303419,111.72552126754434
4,8,0.0,0.0,85.61688338787744,227.73074284277521,151.48161595354577,149.66853332547157,280.6483051544891,109.66212277818423,63.08340272423574,236.3813087856711,154.1049712976538,127.3803612859877,129.4628965614046,75.87599944936439,91.75065628578729,139.593805629855,113.39926056093,147.07554829091328,225.14280287729275,101.43598459245918,103.30840886789173,143.60757545620172,64.72591612032048,121.32966209250225,163.84049000468144,109.1709588224673,160.9721945564905,202.63689325141934,52.221264123153894,90.04799187810566,141.01200766435977,93.02952290816981,77.65150259902673,205.834900928436,147.85768620919274,118.94175019070113,128.97857450240053,120.71748746750288,59.69137845292943,219.76298452706067,132.33090500608196,77.9949508567382,128.86309132445834,59.23250735661526,89.48450401490787,211.43792179977308,107.87552773085035,86.0463848959753,127.98107361163459
4,9,0.0,0.0,101.93353199069979,200.56775687937886,121.08150157987004,141.56306264274303,185.93127454546516,109.68623499226732,58.392530736848016,203.6384195593856,144.78258687840034,113.58915972720419,135.81243409340848,78.06730813869568,121.03522138683056,287.0299402901003,122.87125751639412,123.90158938986553,247.79896071970643,88.35993676128496,91.15238689141836,124.13562873212157,68.69264487042084,115.38028575463784,174.74049725387638,76.22133809612112,105.07588550098161,196.61611192813675,67.98937982508768,118.86632853668257,240.9856545783586,83.88128099899345,102.259809772722,189.0627270270458,143.86284775807005,144.42021740327314,210.70120074663572,102.14298491662808,91.83594464195389,258.00815383830763,141.5253120727455,95.74186409218399,152.47414675990638,57.17855690138059,80.70897663732464,119.16090994578619,107.9313758683893,59.935277031107056,115.11535626433736
4,10,0.0,0.0,100.43478444403677,242.34414122432733,144.74529573853658,138.07945426641132,285.8472142127361,142.97492422089596,66.40159476373135,231.2854110012729,214.50689742155112,79.78972429301318,117.08816432312994,48.03522012890709,98.16126151259958,216.90295583076625,163.3504999140568,179.70991276075773,172.5520596430415,99.42898791296689,81.69164394227867,168.31017583485345,69.19216937914196,106.55063504579603,170.98235556302762,104.19441929589834,132.1467447249186,139.89036753421806,73.91536207509473,112.71434961113854,170.64200699283506,80.26303134908979,81.69936904040388,195.67684118352273,147.2119671185143,138.68832536736065,238.8859646425683,126.1964150148402,59.61655934888684,216.11102154210676,133.33731654294792,108.09190196250046,186.08554891538165,49.71239038474419,84.65901429654122,207.75202551823688,150.0118187017175,72.89791322281194,111.63455939545368
5,1,0.0,0.0,115.85331361952979,159.0617136488269,67.14957576645344,91.03927870390862,113.41298567881758,54.11131213589639,83.411340562435,162.1471616844323,88.3930177659027,95.41116715473689,177.64021811298937,61.49486695075252,112.20105500009397,172.85555488858446,66.88181008272458,142.59216669591055,163.32964047317049,39.74352185130766,76.7403444213152,160.7257714363062,97.99478989956935,102.49556753650643,222.25987778459492,85.58094199116938,98.53544401964618,135.62475224247854,10.380010313364394,54.91557618828659,193.35702159393242,104.47747609716284,95.18069126355498,177.46393266938932,32.6339890340237,79.03251521561134,154.14623544881155,57.539813771495744,67.30127957372619,198.38811248389675,123.38615114949505,90.19213996260247,178.58778572283748,108.33884919843271,85.66070664847537,210.15879928526326,93.82320997308953,135.7554362714109,102.44183718796555
5,2,0.0,0.0,85.858532454016,92.95028013364798,57.11818556162222,55.32462205091775,123.95242797842997,41.486652122903486,123.73417208041587,97.7759862326964,89.61472186731217,116.92740973518085,146.0933263139841,62.483568756623455,110.44361372252645,219.3289844254901,83.99740190801954,115.109517676958,146.3283832547237,21.83115258801618,92.5336783587795,165.7469773972253,101.09521485138058,87.41163070730803,166.63918684771093,100.6004086634507,138.58684170723532,108.00564768934348,13.826028155192462,45.72376268276681,169.90709025539948,126.37038727497503,98.79131101882614,170.83141481204194,44.00062916644861,126.18005493795884,181.80390737240393,77.58882127309906,72.71294254035195,274.4891087621505,113.73696425022104,97.77922818798297,176.35609715275172,116.96158148078351,74.96904264564219,169.2606053218604,118.87095668564118,112.44469748288077,134.5780370883858
5,3,0.0,0.0,115.95321804129777,141.02110261571082,63.16687493649884,80.21347747764449,129.27425634216928,50.673207717448626,118.71716110149093,146.66143176745464,93.05013842684953,113.53732691983673,160.2512707890459,88.03743225966838,99.7197938282586,185.88286969526985,84.39059729626639,110.16730240118456,124.21311118718202,23.0928522248288,83.34309361437681,122.72012456092318,98.02327573146259,93.51372365550665,218.90835665412652,82.83886192193143,106.36260291160178,132.15969348457486,11.927069175190132,70.24944732501216,186.45156749037716,117.33151801836992,98.48104687081667,168.1504537734929,43.54855633780339,113.72131816785347,217.71540089991913,62.4545774302346,80.26052724490707,203.72121341589013,135.978367862671,94.80977611869233,188.2748766165042,112.82229012645247,79.62285230514756,196.42204501544074,97.59053823314491,117.3726477774704,78.2476467827091
5,4,0.0,0.0,93.57135521847995,156.826294897229,57.87623088368239,73.66705258907615,117.16910717422424,59.4854578992733,89.30838382906694,164.60867985715538,63.95593156628216,118.58382011752676,194.97973920741674,50.4202845279255,120.68432026139895,228.34960019345283,67.51383253726951,111.07979662600182,174.642622292008,29.665242994076376,67.78100898108332,139.400222851605,116.36335564432119,105.67009726555423,155.80057315997345,58.14805022440608,121.39973629250701,126.23466735339602,7.7259504804330295,69.76052072795763,150.40030688846755,85.51429632874789,120.42164841861282,130.63255026073233,42.44169714928956,118.5977527815968,133.94662928771376,69.19379692569346,67.1453633806797,225.9230525084969,143.53182468554874,93.2679900252386,199.57129943699763,108.66718396759711,74.84349737769854,160.3167967681878,117.87640067785112,135.75897059000783,107.64278447390478
5,5,0.0,0.0,102.01437255974867,170.0571837266737,58.05411473532858,91.9409440046717,121.05829878675645,41.913568466863204,87.62330541683323,154.442087501292,74.98459912782752,94.33308085065768,211.7583394959488,80.36438303688688,118.53300142006596,171.192983231328,78.61485642163592,122.45190723996852,158.73800798239182,28.835118145081495,90.73312553239165,180.84638068455072,123.66153684773136,99.95376629696395,140.34435495387626,94.37901126806517,114.15719197801191,112.03843113520918,10.701696145293434,59.7734712018073,153.83136029127502,113.12941396527988,105.82075750928144,170.22898896280282,41.786806724607715,112.42734697136288,146.69346277630706,64.558338888401,74.65698740597053,191.33301354614917,163.52883942130057,112.04400678522511,194.06840374857848,77.03301039304043,81.98999311927618,180.90935871658107,108.31112390656328,143.90574661296404,99.46266580527622
5,6,0.0,0.0,93.26403750077506,153.55622188162064,53.710182967805586,72.50629969347938,127.72866898191869,31.10850446085494,92.55431731750437,169.8745033405735,75.30803062845465,95.4319272710062,186.9771856329835,66.18902776522742,93.0998992595294,189.36168221241292,71.10258806000066,134.2756830679853,144.84596084724262,40.19373348448349,83.83423502238944,211.52457440700573,92.04367304037481,114.51345542241387,175.285829802192,74.62604768568241,107.69182683827277,143.3575615344138,17.936586536524622,56.400344604276306,131.07274150943502,85.83382270946399,107.52419768577653,130.898888649202,49.4571612967324,106.33258122394528,147.3037519921054,57.53147133578332,70.92287022226576,257.8331139022851,172.39738137540894,92.02862901366629,204.10884916691305,82.86490379027563,78.99975452056482,183.10905592735716,112.98967457018453,128.7543671557486,71.55112063261706
5,7,0.0,0.0,82.14812444394016,168.97954326064357,62.686720503956145,65.88043221588767,119.14526939579235,43.84694011929761,74.86018618861252,146.8409159751995,83.3367260300793,75.96871147393767,180.67408615721465,88.20383786400406,112.10793545491406,173.4203486644521,66.05601329973294,126.2951884746499,152.62279344833638,33.8371943630164,98.98419358694986,168.6168586868009,77.24301054238263,91.65250103413572,186.8196713396181,109.86244289363154,115.31360289642879,105.37287855360336,16.135709402477342,57.66837672112142,198.65521978016014,115.71087396154842,125.99429337840616,185.80244455547034,45.87782841223934,114.68996433485663,227.7705680387828,63.291996104691805,80.92741727498284,194.45171243210933,145.28334672874416,109.60003409670884,213.76535796158691,93.72671306380765,75.48299689701663,148.05996468602513,104.08854193020537,127.64432538927929,87.59218248581944
5,8,0.0,0.0,87.1560891298796,124.13635515912154,64.09028511855483,99.63014037353494,113.83813473563654,49.05601583236546,110.2625264023045,134.87552427061294,83.35232696268655,123.43983553682104,158.27670805282358,62.708324233437104,105.56026372440624,213.7727937759952,46.6225782997585,122.00726707574353,182.9858456369875,24.729437941256105,84.12480460577223,139.39898075255354,130.96680077151905,100.18260631904465,222.14775547025226,80.73873837633036,130.9169358333198,119.45708590436668,7.557008116944641,66.4932545757862,162.00381124924473,73.58742573046692,108.8071369751128,183.44931589850148,41.95875916863509,134.6100965839443,194.8729170230657,46.80438385597302,83.71153815537747,155.2711046043774,162.4615935678087,96.90659964523208,176.267942353697,85.66349244419285,90.84274625490747,153.53540951248075,100.52710097357986,123.13750949248507,89.33389053779327
5,9,0.0,0.0,112.699020235766,162.62428833606106,53.85509494636251,69.92768104280306,133.90963911623757,57.24317983140509,65.95953067384254,181.07927819235348,69.8795444210595,91.68582449257734,146.8426079129652,74.238764838765,82.36666114495165,195.17799458955875,67.52707357349179,86.73237480396088,125.7556079734877,23.369967622785133,62.65607077615084,219.3004070149774,98.21174460292166,108.33212037952447,210.59763131819318,100.20109544360136,81.37829045389175,106.024648044716,9.470009097298526,50.8111031549309,114.07676697966616,102.83167046388421,122.17188502922289,132.0469636299041,44.55116659505463,99.09900267011031,157.85843920145322,66.82402787879833,65.61808738958752,199.26894325264507,164.76364251172603,133.74813407262076,182.26579773121944,114.32177354355731,79.23479408400752,208.02535663724822,116.50000743311583,122.10441469509657,74.42118427395275
5,10,0.0,0.0,90.19789237161973,134.04867510895514,42.37696418265254,74.19838749370845,99.34306179752672,53.499976462174644,78.13217204697466,189.14812018868668,86.79537562363063,117.92763671908658,140.11958260816988,77.2679019847272,80.17049830357723,171.62798807083513,92.80083765033996,98.15777710051168,149.07533253707666,36.91317924226148,77.65728007257555,176.95540810698157,119.04363335138531,102.24185172198437,198.5707781988498,91.43795890644179,118.6620280888355,126.4241775199045,11.62885806239737,61.080644476740964,193.11736863626078,112.20806145722344,133.3837798347196,181.64995858163277,34.979537697437635,123.66310562635734,164.43024465190607,71.85593593227146,68.45936581681673,221.70391123271457,155.29783916542124,87.0251519770053,188.00906950960768,96.84228916449467,67.08767498996315,218.08165747661627,112.8318035203461,138.1643052956016,121.75214868643715
6,1,0.0,0.0,77.06815056288848,280.4057451942814,186.6233976512001,40.23218825927943,106.69846519755048,68.55514463512318,95.21501301878595,228.32511111000525,130.76969151045844,95.3460349381753,171.33078519752257,74.9757083092309,142.02488477965275,196.1144987888622,62.84054794461786,100.19032244172787,200.9601684388248,68.81049105299044,74.12322058327501,193.42560141526917,107.84762502203851,83.83266448231336,210.7801040000035,161.3629586970776,97.17707235884708,232.51722375566663,136.1212794844864,77.67215867651953,245.69957149690205,165.81586197530976,80.00767209440085,258.0603410308566,155.87282242816946,82.82326534265722,256.34080513068045,101.64102404427294,103.69356825426804,189.1751448597244,80.09965434409827,41.567280153832186,229.02726832302312,168.94669403451883,74.97038602314362,190.45842536161845,82.68078940515645,100.12136799094843,83.19659207511873
6,2,0.0,0.0,64.85515491396184,228.66059446176493,137.97234836952498,38.65167360796476,107.44171293911968,80.37208607344307,101.75711569134187,200.6533207938454,135.7736657457878,75.96812846842299,151.49296044108917,98.35608336840325,136.71906234950836,202.25188599530708,56.59379379168887,90.83007568998492,184.0528950433301,102.1727352270273,69.64773464263227,186.36656981964748,115.72243322589456,95.92678700741602,288.729339904074,133.54135313918243,91.98440710017057,217.30323077873064,132.63124989514162,70.60966868811312,252.9348313106842,154.5169413093762,107.45199484731278,281.5596471712205,158.56345699614454,79.40087602694477,222.87162970197076,121.51686687226858,106.42992246822078,214.6313834860701,87.41289982666405,51.25768601314259,169.56896532456838,118.2168880704998,92.18192219411588,177.32708682326782,77.65021616080374,97.0700987464385,106.76211149395034
6,3,0.0,0.0,70.10521802908518,242.7362600645869,205.11692326387637,47.4363899284273,107.15088256437747,55.19667686431533,106.1733172034082,208.07926008738957,134.45390812928844,57.79350317715836,182.69955065115198,101.36425472730303,123.6073634925357,183.1014027180262,64.10848163087702,89.66805899660184,197.07187101029336,110.21978995308469,73.29165059635523,202.01206165307573,116.00998401958401,89.52005178957508,252.5749123814258,152.06374736729865,114.23195175516678,208.81915966881957,140.47969594823874,75.11031686014749,262.0397749786405,147.43894143044878,112.24434240829665,235.95670250426127,156.94313406959657,70.46920479495012,229.45664589883415,121.37372374319361,91.9062200337201,166.84231913095508,109.48609193408421,49.00498060391888,196.8486668762872,210.3956983447789,100.5235422900321,184.70364324728018,95.41724531681893,112.805100250197,109.3032838561326
6,4,0.0,0.0,70.0196974587402,221.38690536414597,162.03529753077603,43.85231417314192,106.22622388473258,68.93458663983355,83.424356331715,185.50299152896227,109.10996520465501,68.75971956765109,144.45709505024385,100.97614148191015,141.1225545115735,190.98205108499602,55.396543341118885,66.3825377410566,168.50075162792905,86.16704165542205,74.61062324837258,200.00270489711053,117.33903554857635,96.21662131680773,231.37962681832212,145.29037618021292,97.35848293731422,246.87107459093065,117.09408052838856,89.0184558961444,272.1432226260054,203.91126567696463,94.79526180280934,257.6118641159284,151.6492138242219,81.30154299463396,197.07941802090346,144.09954911381922,93.57451570447677,205.2377717590015,92.19931561599199,59.25260466928643,207.59808153158616,159.97743208714027,91.11040424437613,176.3731504908806,85.87977183207549,108.83598443060795,72.38255692778176
6,5,0.0,0.0,66.25652292979402,237.64927420918312,170.37481680663376,40.544481109535475,106.50730697420242,69.90767211162243,89.76641343200436,208.4826392613351,110.11644627024944,73.54363831777995,139.12495282781413,90.55293524635422,138.2652275564637,197.80183238928976,69.76391248174542,92.13506371404684,206.1918037194457,108.07557211900313,75.63925397839938,194.60673683983137,95.87280466711205,82.41180384987878,222.76260199047994,130.52742428851369,104.08479571484344,199.40423942902706,112.35626223702745,66.7696679819116,267.7619533182315,166.1746691563436,100.64810151065194,247.407023750766,152.61058160501466,77.5881050874773,228.63001279651547,129.12941086612335,100.27131155075982,200.1119060200334,78.7775030624225,44.17201518400613,212.53536238307382,205.08927836995912,86.24886175032782,176.53773820588393,87.55004799996641,111.09705095932456,122.27537145645304
6,6,0.0,0.0,67.7503556651579,239.16201625706,143.26704471828924,46.94098400442096,113.54531733130685,63.438400771529096,103.95209640903093,200.2862234105793,110.11462980577929,67.14588996367024,141.30209879999558,115.90049241255912,131.6855376555461,186.4815971091787,79.90337780278249,79.34907068066697,187.2976298692379,113.9993851834779,74.86736859778492,200.9816632255569,123.88225698995174,87.23840915512477,260.46486170344525,130.96205171959593,96.95222829319233,234.06676871523945,156.4052759288374,68.69367228303945,262.4464245520781,159.1412347994863,99.84423164323643,277.84215964483053,193.6284118908288,78.4145338960398,192.8319239789627,122.29781163651711,94.30343720220769,167.23592790968752,103.83100344538133,49.93414531971298,217.9779622119064,203.69184067443734,86.86659614713803,173.03975496082234,90.70492218712207,103.64841977826383,95.9448385166731
6,7,0.0,0.0,69.05020035115501,244.8096675546564,150.169309073435,40.50984589195155,109.72324785812377,57.79425338578074,80.16423210420965,239.6757515591396,113.19344107731833,83.54039534718665,180.93579143146954,99.95974874012875,117.8911041033314,196.54948921523948,74.08557473916794,101.40055501289872,190.50558065309724,82.96072762961398,91.2691837472677,180.51049385348216,120.44678553067138,97.14270046119965,207.7149081391337,148.38543290408856,109.51575437762169,244.4626814696848,127.71594449469893,71.82305025622978,226.57889100222354,200.6609977646769,78.2578289876322,216.85983362786322,156.7338839391011,86.74618072255045,214.632554741055,140.48280644327087,98.80939744217912,212.94603865599265,99.3441351047753,50.15163858653142,192.36801151784903,165.82869144812605,99.77101346632341,160.9675813701881,77.15606867272788,99.59534276857677,107.5308468614447
6,8,0.0,0.0,67.72078155077278,234.82604918327462,178.93179382143052,42.06459761045783,95.25711447626897,58.738453871302646,99.14372742485098,216.4287487732241,136.01434665956143,71.90644006586777,164.69458340258967,101.9310345399659,131.02271989493107,203.713821944616,62.589309025970536,86.94706687811309,175.7381165234153,78.06130920090028,89.71114133407086,141.57887268206898,113.41606095633212,91.2246679288397,213.4867618377011,158.31583315675113,106.39579782207512,222.51246468640764,113.25688901632002,81.052215715803,227.28344876064432,192.99241086544976,103.7660442942203,271.5023560092699,149.94569184238105,87.12638050393277,198.2253050747001,116.06507120840169,105.73309272429066,216.60123344396237,95.36400067527833,48.82449815084596,227.8657499730929,141.42042773232765,87.46554638592687,164.24462621414193,88.66795549198501,120.55720662142211,98.23060153290447
6,9,0.0,0.0,79.83197826743125,250.94172516438962,174.57990215739247,44.52739009829204,119.61509945573395,68.57304427712887,92.85602793151678,182.62777732937738,112.12192987836272,72.12319438151074,176.29406291161658,96.57470544304599,140.1516562266115,179.35103552058743,54.91257026671533,83.61270801166106,175.1624168349571,95.76632534167385,70.6700896643096,202.55417532148655,98.48409179588515,95.47132060683533,234.2889231511531,110.06322476957513,97.72154781027272,232.77825326541404,141.63265230624293,63.04406247656642,248.76332000364405,178.2090209703319,120.63560681047986,250.74275545328564,141.2936716452198,84.54986303247429,223.5309510930813,137.85511755845215,94.32625904839551,210.54666851661506,86.11574216615406,49.83396388739526,229.32311649543195,181.64850665525734,94.12671028390031,154.64163208394874,74.51107094518389,105.72834186995048,74.69054762791609
6,10,0.0,0.0,58.73432721073115,254.54112475743148,186.87088706570358,43.67294463265278,103.47079949981895,74.74774322322301,94.67623733306512,219.08286898114815,111.93423615585729,77.8517967668977,178.56856583780905,88.36565952793305,146.79892670118554,198.72746558258748,70.9734129236066,74.76893708122215,187.1080418837834,90.80127447430255,70.5694894390187,177.29210967959108,116.74123572926773,88.1727372398582,199.6753239552063,151.27833158081677,103.61016539159898,258.366216133577,120.81653713181412,66.21328015959276,206.86974016671488,139.84578047205284,87.0985946054281,254.14879045497563,149.67926387095028,95.47104752988234,202.22863020896693,128.67032335385593,99.48071102744836,203.78923164363354,87.30340343775248,44.15088586226597,198.2197005822304,193.90178751134547,87.06574515726062,169.22754979771048,75.37591029089478,98.56798526241721,67.37613956726531
7,1,0.0,0.0,39.668162843522865,290.8249241958923,177.29569468540987,99.86257546455882,147.79845186787642,26.006052266685355,108.09910443043331,211.37056054294894,126.91247442935531,51.568934062562306,157.62918954335112,132.21585121127757,53.2369834946326,185.87917643559572,115.43845003984569,73.30029559172537,194.37957543145058,162.02129482464517,132.3983496482871,190.01372647109065,20.636394927868846,86.5766796059848,158.09271949189326,59.452772614166165,58.95785758928842,204.4760182849181,105.03016999406142,105.96437251432863,201.95928988810502,106.10920026851133,96.21648132938911,148.95988735489243,44.01226215702282,67.18310609468902,151.96454274835673,91.63036351298642,83.84225821627435,155.81827743040344,104.42243508035162,104.58270745565773,207.0869932862172,63.81974536165435,110.513243828662,153.64346945728107,15.558017096622208,129.21307543620165,115.03427926380722
7,2,0.0,0.0,48.66061663501216,182.18133451563247,139.06017919894964,132.10406997608885,122.7091325180908,24.406796160186612,132.93122198103208,251.5089583873871,116.05681953116417,58.428226497710355,223.2305405860508,177.47297557965132,36.47614733347527,173.1989177859714,64.24419936979447,79.45045792900831,201.8963845369172,104.63946376184367,156.2770290773714,119.38258441538109,15.732798998563782,103.18439242690016,94.00612018696766,51.56630855837875,54.43097251146711,167.18416237328884,98.04431448711844,69.88414645152886,150.30704617174783,55.86168425061981,98.78410454496958,131.44022654209056,35.88931381694646,58.1047041761734,125.87324427837942,62.355606681224536,73.65422169684003,176.4925398799761,89.84796765819256,153.76237534960936,205.82736262470277,83.4921667659455,125.043761539976,159.80196186552504,31.916761875096697,123.38975065323888,148.7998186384665
7,3,0.0,0.0,53.84650058067481,195.4531569136778,208.00594014402105,133.98518136579585,116.53038334862691,11.68144141936492,151.24444270896714,204.44392761964446,97.747652158079,54.63498498039154,171.6467480496736,120.06622453470543,58.63743807738734,188.82139972742388,126.15363454613417,57.06923364716742,172.513894552459,119.76121408212974,134.44184853315306,145.00893641468042,12.513052958502511,82.8486598332945,155.00539429817744,50.66165067661068,53.029391648208815,140.7774556976748,100.04010336611302,84.50398760307311,221.44184793216814,108.23879005204297,96.84855722753782,116.31543896271374,43.527749246078095,100.04879254151399,113.41908842021722,42.01760007043136,81.85096847979923,166.7549742534128,114.88336825174969,97.09180829781825,200.13328279293978,49.742305356044945,164.01148373014277,118.21816936758958,31.294554384737282,103.73390831033166,94.27781862059024
7,4,0.0,0.0,48.93957924768353,199.27289773340834,202.18213885428983,120.72710873474284,174.10414567415415,22.826543292942105,141.82764003482419,268.1686028584093,102.5455063063048,72.6736415894624,171.23393425216915,154.85059694006176,56.59474073773059,131.34091704447113,144.9907487556539,68.67693436320556,227.039672563309,100.43615164175147,147.8078897470675,144.07865206036388,13.359177378609125,81.65274733137976,133.54369011218816,55.76508938863656,57.342516123974896,163.4201623321233,89.86153120291036,109.39925570688297,221.89322054245156,120.27827252892072,102.8223967951721,111.20538996730508,42.121111892159945,65.35517103017736,144.3633977700234,81.95021697671453,73.20858965480451,99.96441171116362,110.09549598282776,63.84558513106905,164.32754413764368,93.21783823398303,133.44873731507047,161.05979996734027,22.43333392174563,95.18260920233635,97.55620221022285
7,5,0.0,0.0,44.05510308175055,213.03074878883064,131.40261136902808,90.22484577560061,190.7075596297402,26.402343456341413,88.94922401959377,156.88422024533855,66.68553953688601,67.00724617466074,201.49569093414513,131.49953352583495,66.9061324370808,156.40331206793434,89.23731536488587,91.40213448475446,218.52466535431415,142.8333880732846,109.0995266373285,140.18175594301616,12.435952443880272,112.07255714228177,150.80784028134462,66.62473889348354,44.93461684591305,156.73612792720718,92.40386667009412,72.26984092293563,170.73277295515146,106.07575239754082,86.21026254829097,104.75805260944094,50.71914884492685,63.138551475372026,182.29831444208648,94.4362607182138,77.98738543631687,175.53343673414707,127.10643227714849,114.1178006129806,165.25696903537965,64.71046412604835,81.32290517224952,148.40103419509998,31.96490844989739,97.88481383538286,82.49605409812611
7,6,0.0,0.0,44.653147169242494,196.6363615034045,114.90316189592654,118.71093460402001,170.92350112555397,18.035859966677364,106.78852490951817,305.3192383347025,118.60434214044177,67.95609394775752,169.76616267127912,153.3608475606784,44.06305468950663,124.70402536807643,104.17488435314677,86.4043204982391,178.20514321551414,139.25304701197035,110.1194387912476,164.80325898158557,17.816743891620998,70.60510331099769,110.2420916821161,59.18858553399414,45.86382128167661,97.14154447989975,110.47896051575209,87.03715391679478,198.96622458963026,97.837855120914,86.91751747021713,95.01639233878804,40.77979705503124,60.53881124618683,152.8145980745983,50.70896244506725,62.494427186539895,152.7267298953573,89.43507138762969,153.5957705175842,173.64914214289297,73.77215712993217,131.22877644198832,154.18384864659498,36.650613854264584,85.84648782764222,67.69569350126204
7,7,0.0,0.0,54.03095850447351,218.07193118799154,189.7012248324447,121.96774803293964,134.4603436397848,29.76736813728438,80.75247110246835,200.1939177347023,153.67315366252487,63.9716313169372,169.91963748239073,123.65779484913217,48.274603501217875,131.28182513532664,92.3010252118658,86.54513488897126,183.78122662102948,97.51967031624264,122.58792018193735,170.07482598141186,13.466707109964394,61.33927597135249,148.04160345807148,50.358752294952694,48.84128889134143,165.68755365144787,93.45180582093084,88.89499040684142,196.5462493929039,88.87647490015111,90.48005227498129,103.3448497573169,32.44128603077948,75.02436331188262,120.79104657346909,114.96946232667233,78.86709267213527,166.39237331015818,116.41022318983092,81.22643841670612,156.38696211591076,84.63469971363696,98.68262635861657,132.86562082959927,45.65788726731158,105.55355891418318,108.30091791703904
7,8,0.0,0.0,41.530538157025994,229.27414090735476,174.94870348373658,143.0859758063178,135.952983403007,29.836083034873575,67.26548740945816,205.56834350433274,126.93579304555894,63.79478428326605,182.18075255018027,143.71764964962668,53.822036756208526,122.8240401491407,109.89512781723269,71.82827824331731,185.59771232503118,133.61921670286873,124.68556130394491,132.66985655950452,16.156747181430077,78.54667965068367,119.39254319168893,46.87255806204712,20.902385297626765,186.36546945800075,124.88773835983679,111.20854370669392,136.9122281445991,71.73521378094557,88.06129830280749,113.35089113842454,33.5174248647513,72.9932444549547,172.40182091605004,78.92975824130473,79.29911603292763,147.34872728040372,104.17587855075931,147.8508096460561,189.80765116408023,73.74041227651593,101.54845743435699,129.43970471362658,26.584724402446714,126.51932889859361,95.76177243145848
7,9,0.0,0.0,41.342653604804724,250.35807503605332,191.56309126006664,117.30703905312323,170.36472479775875,34.15180142063603,97.05016514461924,256.74139461158757,120.1088542779485,60.993719059821004,172.02793544460033,83.61563198167423,50.69113867191551,148.99440362577727,127.02695502355749,65.76509266500048,201.4246436299428,117.21323824794545,77.22056884210397,197.9750282518878,11.348407380321968,83.22733351592632,151.7775182795258,52.03415320177461,40.09302238166189,132.17551267054242,104.77002034830055,96.67013331826163,198.77258302725994,108.8123250122227,55.89196590599706,107.44490319455575,28.616197793321053,97.26955497425003,174.64275917921887,104.47645986886047,84.26647883875647,217.39305529784775,129.11457302539003,125.80899197514441,212.8061010771217,63.68947469773235,150.7333475051725,101.64378896231077,34.65940726773714,104.01218052883658,105.15863605800087
7,10,0.0,0.0,51.35520201016335,221.3976667496265,181.7535857313435,111.68015184977853,154.48614849669562,13.030903572591072,76.77421336541335,172.21109852507644,102.41475553145895,48.71632461142033,196.78865374194132,113.01128716027716,66.12531152832787,160.70593622402905,120.2889803305105,62.13387977238457,185.02614862627203,118.1356168405377,122.68364654668284,126.37850254867804,18.99506664926482,76.65628863384418,152.49324104281797,50.50500113093783,41.96816527232271,141.03471929484087,109.52595136936203,117.59444177603532,214.92130927031863,114.7902202194945,90.09201474103088,93.35962400336658,43.2085194587372,84.42705056378928,136.75586145928906,60.44195331316902,75.18556155043454,197.92925150058585,101.67613296897385,132.39982947619973,174.5384709515987,57.81677600787102,82.53366682644696,170.69192686716823,26.139273414104473,140.74514475354255,119.63372602058476
8,1,0.0,0.0,147.41245231215566,121.9484455203187,19.309296822218297,70.30373801332001,173.92358063530097,145.1978006009703,98.96473594322201,149.32041776190457,52.67158851187983,73.9522955036846,127.34429103519761,99.48740112614036,121.52959264549575,155.23260021809787,36.16594206471291,123.76658881670669,112.37854197561832,24.691755403608333,113.2942418318474,156.20529818321498,36.83285477437775,101.05899764955845,167.1022567736927,79.89583618950778,75.85284532027173,266.07514282212077,131.2714628220521,121.98578412504737,116.59126022159644,28.19267330655526,66.68404631247472,138.2584408443156,62.3890054656612,83.90685476116964,157.4211876902882,102.00219480154742,73.68179501032093,99.49046635302648,58.597346653746854,66.75631631721066,176.69746878921146,77.08819269989542,87.73443155903476,117.83917341211236,18.949677196759176,90.10308663772659,111.03603134026943
8,2,0.0,0.0,146.020405260515,176.58482901234183,16.365535690966045,72.02641059492721,157.82763164123986,134.17296381195288,116.8612350200927,176.51642610886242,46.939010052929916,67.7986570413387,164.31233932621748,68.65501122926203,145.68927107905225,190.23143816024105,32.687652622472896,131.03373414288495,154.27551256356784,31.221054678761735,75.07230765476888,136.3761849140585,60.11601471890375,93.67968244669572,176.9934378193894,70.25407717136476,64.4390904975192,152.15174981073835,136.8341277081714,133.20497752890157,157.22787515877394,46.146898696684204,81.72161206160703,130.37618580952508,40.76119792040994,77.99279757291951,189.79005217374205,112.34907437065854,72.36665825333876,123.91016891356924,58.08732077300852,62.25125559599467,146.70795164737785,126.22312465411069,96.45958419120576,82.2064461830999,23.1500296261219,119.46046385349705,104.1263184209584
8,3,0.0,0.0,138.78128733863713,151.2266673778386,9.200041157975505,62.016268185286506,148.87945329549189,105.96917458266992,100.96135164592377,160.8008358230122,63.39989528476891,65.56600565839122,124.26127741068748,85.74499304580745,150.192117055618,127.13943673716079,26.378546707395078,121.82959737939407,143.9172907759624,27.7700420796559,106.0274622943052,137.92244074073335,51.52264429729439,94.83497607101474,157.47245898559336,59.135716271909516,53.95333255395934,208.4691840888933,110.07184981123208,111.74984421103062,143.3336608590946,40.665315049918036,85.48058430512212,154.6716150933282,46.101573743403186,73.71755567738285,172.79174956002993,116.67417683975168,68.8728540437722,93.53882705829525,63.37184965502998,47.96601454926035,159.2323137005303,114.57148691093393,99.79851511226674,130.75887121515606,25.590261713440864,99.72926471686709,71.66259619149774
8,4,0.0,0.0,159.72024372357748,131.08563455248304,17.248158453210092,62.77294386250858,164.35618494417582,128.6355188023907,110.75423845414736,171.26587319328635,63.70469028289545,55.4843581521758,161.20734344901604,64.46808384804362,107.59396951890564,149.3954808283209,43.16673855358354,126.94794621836094,178.4059514378036,19.538891121075288,98.37443455132009,144.3668316317733,56.94519734097134,93.39257833113064,166.8572407722059,58.57921914207306,51.6801628471148,179.53269982774665,150.1166421621731,111.97911165498383,176.53880620214935,37.711904493961214,76.44458936368439,172.81580460098542,42.73697262455168,76.84326789929085,185.20004060111592,107.56526151549487,70.99248282357459,119.5173250526534,47.50901186309807,63.07176296250852,190.40855861389184,120.27702844528159,81.91315005038955,140.5123704179802,16.01763016094592,84.9354366121369,96.21230470524304
8,5,0.0,0.0,144.78991846076792,157.49015559256563,9.477095849514265,81.14342316743053,160.32778275597676,121.04227711826266,92.98380299668703,157.10535742164083,60.7654267164781,72.93252437061545,133.02098117427389,85.13045363614417,93.55541380467952,166.64854143027864,37.92840085053781,128.8048113171453,139.63850094261014,27.872961371970398,106.74729754883596,169.6991807317725,60.20311702484468,85.86573004292393,158.5634575004756,70.02511574482733,65.10279765323867,200.21652554972727,113.23798920580964,119.13480183664862,137.79213388565623,36.57440469250462,83.35891517711136,124.60727415766763,67.62929502585982,75.86046197051172,187.8589036838703,124.3809023438228,61.662234821960176,141.04646234256683,66.74073493522943,56.628737515088964,213.32884297963295,111.7358082883499,102.497079154256,99.96603121732976,24.459341504779566,90.36217655531009,126.7309495716757
8,6,0.0,0.0,152.22168640438701,199.82826125146295,10.801155578726428,54.582928380132905,167.31715436761687,118.43061360533065,95.96851961490778,194.99984331092455,65.28549413601795,54.2063078357015,136.86475763910664,82.25766738319257,107.30747863839254,159.27603926914338,26.209641029628216,117.13087899489496,133.9150597016336,39.667032138166036,118.52364341283054,125.59848156954823,49.067551367880895,95.62240204855502,108.45464867245599,74.73275870263909,68.83222823953206,161.15922944788542,127.2869590566905,153.6247200590867,147.31788775095987,41.41957080156091,81.87914442099368,152.81888741196903,61.09000237948951,66.37033041284515,159.85137190628132,108.02053396372158,78.65714214274766,121.39164627836327,53.63682081623125,58.492263401964294,198.389383944398,119.91755984239039,103.43682319882723,106.0068628472061,30.006580442512707,91.68609810566512,94.02309381374934
8,7,0.0,0.0,163.4705077542986,203.23757209497302,15.20605657119709,63.51680442508962,132.36437384100978,126.6636641082546,99.95354610326122,177.28240522709226,59.03538739980114,52.10612749500061,149.25417619995247,80.99985226583684,102.43356520087329,126.39965813479836,42.63011943800297,148.9863306687034,157.1945758053959,32.5538132750865,107.37669298625329,162.04795131968757,42.49222963222075,99.76981023689643,180.9505627805754,79.02212791787082,68.8225822475176,173.38950018372097,106.35303673710924,139.29600570502546,151.00191379435057,42.272660052942065,75.16632023716905,129.73039008628157,63.08513108307507,58.32868574270315,157.2217284371176,121.59208075961325,69.3268600190222,120.4845320016363,48.42280953574604,52.49038743465447,164.51622361400635,159.42357676955953,92.40974726099464,108.68437195064347,13.99855140919454,102.51259287010646,123.89941749891811
8,8,0.0,0.0,109.6091752832098,119.05724925878079,13.420517558127523,60.10684550223533,212.3489865387328,135.1950474528293,109.38590196267262,148.7970729561447,57.636452198100585,65.47559795689881,150.46831053367444,72.27842836120602,135.41064909784265,124.10915467372395,32.45884798411885,141.993853045707,139.82245518301133,31.000642484974005,94.57765796031276,148.56694236366639,49.31225101442825,96.2037762730455,172.4392733293413,57.73948286048736,63.4791894930377,207.17363209315957,120.6192147627735,136.44553181950056,136.8902788436562,51.38545903165103,80.01930992544094,152.69904611353658,56.75099022037115,71.21109010750543,203.68007299817106,112.3340855937255,82.66289017686286,136.54659233860778,59.88136243855214,54.91806675474157,104.43839973181016,115.02934530860773,100.27047703376476,133.12301391253686,23.890769830224375,89.17386903149405,111.12664466273961
8,9,0.0,0.0,137.34734993015857,152.10652180855908,16.25100722118111,70.73144758822495,225.4586072557222,103.49334886853751,83.93356080165316,194.36893481339112,61.59023033814811,72.04103140601234,155.03764359693454,90.16926278629431,97.13689846400783,165.15316959549432,30.867581525082812,148.3418775634059,140.75560470428576,26.71205772900268,60.95250154437961,152.1305363981596,39.77695118471058,77.56382151142076,204.94033048480918,64.31937588257739,71.0050654573668,193.73751844332432,100.45195209100237,104.20933394866165,164.9822212901304,33.40716125542375,77.41330818035625,146.0353434062652,65.47514318978887,81.71730485142201,194.0185977326575,72.05471824500458,88.58909279291213,135.54812226925768,53.647833676675056,48.23241113503431,138.15698764589496,111.0252684335777,102.47700757159097,122.72041263750864,32.713299627450866,126.74805387731644,96.88202117586822
8,10,0.0,0.0,175.80782955846252,148.13644001689227,17.131942592495122,49.652243324473744,219.55824592431986,90.52515022896478,80.25711626020261,125.61542929300884,83.93207786202886,47.57580539439049,166.47813492388937,81.27420503941124,121.20574839437596,129.9413138568236,21.916277279165747,130.6167414116217,160.87079870707905,26.57433917201469,102.24848820458611,155.40322402777915,48.140868168653924,99.82369786756465,150.08442034432775,48.45489122179061,67.77863985213996,152.27468598015662,142.8494957162713,87.96519699765625,178.7227945660576,48.95153761909742,102.34977021395125,114.55610155038299,47.88648316758258,61.871579625977965,185.0017161575247,84.60844811514437,105.20521091507531,119.25727609154441,34.438378450387745,36.73078428007727,200.7667821552222,121.89965058645492,75.59434992673857,128.3039364363947,13.005648342144072,111.47015054974352,94.81036103484197
9,1,0.0,0.0,48.01625703116352,207.39911392521864,124.97945584958752,72.06833008367103,166.58379493286,89.22969573346771,99.67137097151185,166.12698034146544,75.30855905173155,98.20125727721158,202.49538974526726,77.61447011290603,58.05947048899343,181.7243457667404,140.20059220363137,59.66535074016731,137.0397925575877,82.05763934652741,55.6248557550601,178.63137574386235,123.63117787753767,109.12429360613953,209.14691495964843,94.81254665453571,97.88011035357553,202.2627034392993,120.06434933148223,111.55363467331745,130.73373907100665,32.89918557029385,47.794300033209886,186.37411148762789,123.09426469385234,34.636570980267045,132.39708281271842,109.62740631998429,114.82253763091305,232.9354786798244,72.37973266468416,85.41540949901557,162.3072551264156,100.54369092247883,121.173033561316,244.88696413330175,72.02406168229405,144.89572359710724,84.54611338357769
9,2,0.0,0.0,46.67997314473602,184.6205591388527,153.16110710291449,79.37596389072317,187.42053944489257,114.15850327113266,102.03148324527946,181.61753664207134,82.43563685601636,101.2163801388656,203.25191681171182,83.52988920716655,53.48959688949035,208.68502236302282,191.13277700214167,51.05109664583551,122.04068306016674,82.00127552513995,65.40272350451721,178.62070896882906,101.7318682854731,98.6621108902786,157.71667670169347,86.55372530033912,99.64471726946668,240.30023716137055,119.7244025390693,126.05133266529738,145.4506827646153,32.112527568922346,44.65399111847018,169.73467912104903,131.1727844655611,42.45536060286942,141.78926871499607,91.01956712568246,123.61573307475179,195.05384923127494,84.37529252015074,86.89214181589524,189.47238191302756,86.7847895985889,146.5918829005656,179.03343060851958,85.4701511896765,146.00248452633878,118.89448811544781
9,3,0.0,0.0,50.12878438541376,194.28544210864632,170.80963348568713,71.77092210915006,184.45287129371224,97.72654164795546,79.47772410019284,159.09512167100533,73.53904703577298,95.58689957716537,190.6174731180761,75.99227767854113,53.1845132574141,171.7660982499783,132.59988523807263,60.28350140191653,133.42893156112544,77.75405420298215,63.98127093664319,175.32595733267104,123.0609667275616,96.68796330829773,183.17256428378448,72.48960847282625,92.67769141756507,218.33240021442737,137.67102504785163,114.39571084950765,152.65565922490896,25.986494792782253,55.076401519640214,165.67825555999016,162.1882041239524,38.29545767846574,137.93332772376326,110.3106166344634,111.33122961377461,200.09012260894318,60.593306802011206,89.60253952224262,197.66591331467413,92.11562688230056,139.12496188779377,159.4930222986112,73.70833683076039,159.63275038854817,119.31689817953203
9,4,0.0,0.0,42.45631393364804,210.7627455187355,137.23129939574144,72.86553261473185,181.19981255434328,99.3985122747065,79.59390702468872,186.78896243816558,80.6667114683074,120.50448508356709,207.62906590625025,107.72118213081092,51.17785238179919,195.97931965109143,140.46690359856308,61.84282581474411,134.43152240061977,76.97634006755905,63.00588000063448,177.28143942702852,122.38651770089413,93.8957115272192,209.17496648216093,87.76165801783597,89.58217964668096,231.65414848297513,142.6309217384673,120.95777221778982,132.71083331112712,32.75792726336597,51.68117555508566,134.53949981108744,128.17642938596094,41.395540368138164,160.4328429857831,103.1586499645341,127.20598863807132,188.23956922251077,76.20080579939359,104.39153772172209,191.50809995128319,110.08979295951372,144.03183766565184,231.79551558705737,79.01911807141606,166.45943381657116,74.41128467127317
9,5,0.0,0.0,52.27527344017831,191.91993480167739,155.8663589204305,80.85851639476148,222.38207335294038,116.81788402626624,92.22965952672148,175.52264771706072,69.93575419921538,108.09720855387886,172.36023547546537,99.17322360662276,58.84447499503253,199.1664641396507,147.25655824499134,54.46164530710806,131.9613981426696,66.44518586995306,67.59633197072328,144.3040200461168,117.32626509150013,101.19972526173271,175.7022851885217,88.93058600659377,87.0990494053639,277.78891978438566,160.83830629533372,117.32990244699147,130.2328704404137,32.179479002034924,44.9590900954489,161.20513918700726,129.6146246850768,43.07631454907174,121.05009587175219,97.85030928348003,115.31076077030437,189.2838589083672,62.573168188029825,94.28940286456427,167.85021055054222,88.32520191442,136.030836005486,199.42327318896213,70.05845309851439,152.97967616721047,74.74632826819594
9,6,0.0,0.0,53.79972774572792,228.63663560877706,158.5448062112011,74.06965452652953,201.14672004184177,109.14911807269789,109.81692349136067,144.71620625491602,55.52820139269682,99.77005254321321,202.43131826174965,90.65880914120238,52.749999837131575,210.95531519619283,158.9678521473276,58.71570102215434,116.87139204444009,89.99813086428838,64.38102485287203,169.13555139766711,126.63373748673084,83.58463539655096,165.78933243701758,101.418953615604,93.52364346948062,224.6790394814154,113.05861874719297,103.24093796042722,169.80350845420182,26.43642046273551,48.30127712662215,176.61019904483055,125.33445997594107,42.921822020653515,127.9722715600318,74.27382556458022,119.30604584745878,189.3527582577135,73.66098835025731,108.59318742367526,208.24391820949293,70.0765917116627,137.43157107286203,216.60550356044243,70.55007479990641,133.68468776731757,93.50165424452128
9,7,0.0,0.0,50.29379772889436,202.42564793668393,172.30171504095256,84.19692987718817,189.91463201269076,113.0437660175404,110.36861533541494,161.85990441822528,69.61665962536155,107.91995095829121,191.66748113342743,79.66272414852601,43.74150031373607,219.78572563643803,167.97754779438432,50.13375637343974,138.39060563247682,81.39978640190395,64.0174618598646,160.6760144258012,126.61579523541671,93.70534143796475,180.79694630301304,88.71068054656007,105.0732419570452,223.61198983662442,186.85937012232128,106.51701977689854,142.84764656544888,31.710272542224576,51.067269182239656,158.202810046109,103.1665268550697,41.157820355570195,133.43656815068226,88.37819322841219,120.80027435996305,195.5457195562506,69.03266007849678,123.19542377916522,201.20600691314735,81.79948274781539,112.91822907428593,212.32137673615114,88.65459668666811,160.15852623573358,70.83801609619104
9,8,0.0,0.0,47.87692502058572,217.07624573036907,180.25987472136015,86.80858363058087,216.49344643799037,107.38633854490207,96.43833701652237,167.3885375571133,84.0810854281934,83.49336810403767,219.9051936676967,95.69830056009864,53.6058543800396,255.23817802738637,139.1766387010224,53.00876996731033,119.60876531912366,101.66384884180813,68.02938326875004,166.56981355352087,104.67179989204618,98.92152973282589,212.85019832491543,93.40242759761598,101.67432385277587,245.42470025027228,136.61119955026464,114.92469987469687,139.29688699294576,33.44295225263624,42.824447354550806,170.54761722702602,123.5085141851547,48.32469769480984,145.16327867394966,109.85537686047908,112.14460450825425,204.0900681762093,71.20934756103145,92.45541199592527,176.5674184458099,77.17957258832423,103.05066923320695,199.77574782400504,72.63252258300197,141.5519229046432,107.89985843257719
9,9,0.0,0.0,51.03669405022411,258.9578527306034,160.19871389180088,105.93167311268542,201.37864686180177,107.0108672887578,93.29979072745947,152.28571970978737,62.40120896972167,118.35007214624852,163.32382453232034,95.3437300113136,52.90305862486303,157.4110913124262,160.84662935049943,54.995598903928,120.08416501279221,98.39517742881063,58.726001156721075,185.55867273917673,121.09143150347202,108.24208576619078,181.43423677710888,80.27318255211995,99.23067683490774,267.33496561427876,161.4419923971907,138.99633988033216,144.49323806242145,21.501968840543185,48.46854217602279,189.3645929331359,115.93837390279604,35.4315550039342,136.99847509051006,95.81848067488447,116.24798325469523,186.45314706538093,68.34830061295322,95.3081842864328,166.89416365313994,83.24045211338097,131.32611849095494,227.60132137454218,76.80302081334443,140.16288424051012,95.71245841542887
9,10,0.0,0.0,48.51433068670816,186.61772182485157,154.55991067777674,82.2496077213152,168.217399218041,116.72914614004773,87.41936374072641,134.93643215695707,71.38834565560357,95.84345458289212,214.406454420187,87.69476589308123,60.07779711572786,196.614023114493,169.22438209121785,48.57968542382096,143.21234196106727,88.16740403427747,66.95381324252281,179.18047642087143,115.24127661470911,91.88116898947263,199.96190092787856,87.08557232762466,94.9089583879253,197.7344810460651,119.60961701703538,109.83847020582456,141.92756166371495,26.819376209333726,46.30105544497031,154.98644557699066,121.51497303220987,40.93106720427672,121.69990847701416,86.85423794923602,123.2825648051031,195.82620946434568,79.68930200049265,97.45005171857837,196.15884346493158,77.5096298084744,119.67028588406421,190.19403438547008,78.05830938328972,152.80319695256895,61.95791098338184
10,1,0.0,0.0,96.76094268369036,284.22516130821793,149.32610767772044,101.16204562639204,247.08479235618435,112.9286358025888,62.70008919264789,238.3690496096213,149.56901263490886,99.17511026460936,208.995989971506,118.74449909562948,113.67495696317776,255.34230719967096,116.13138275068253,90.86908622226606,233.34985586343632,194.95932002079923,65.55179809316277,228.114783992754,196.47166201916235,140.9998783708127,333.2146181374919,167.94253147875202,92.99204410323314,193.58371108175007,106.34701720709036,61.985356165320404,195.0501769555629,137.21983007714283,96.97895419970034,258.8257648175839,129.48482385508396,85.99400775392623,243.4601665109231,145.64128045407816,120.27868904918262,275.5116097153885,156.25195880809653,119.93526189438359,279.6303767579583,113.90646194419459,103.5903777639448,236.062822388938,126.09838524365492,175.89380066869145,93.83821020319402
10,2,0.0,0.0,84.35117834421176,239.60154363567324,154.93488203522023,106.26407020612609,206.5685990620808,127.99203172799281,58.131633301556974,223.06724027263462,184.19587592253677,83.14034590269499,219.49149948730698,121.15029251757151,125.60812927727376,242.0526991156132,118.82779054932435,71.14031234849523,322.91291716984495,186.8438563575994,71.1669649421295,242.7958562948696,177.6872715326934,122.14754631858332,329.58042553316835,185.3506362752029,120.94225094361258,188.99785605151808,106.37211108936549,59.197331249269766,216.98581611983246,145.07921823062833,89.82028089204134,249.08347531919122,125.24014726110192,76.34469210057568,255.71198834025427,114.33799055651534,141.9444512970607,259.23034701159685,154.6644126870769,122.0608106384988,250.86361085550706,129.9354659235085,87.95230411621102,258.0619776606066,143.497128409591,162.1084085159149,89.90408516780819
10,3,0.0,0.0,87.67576840883133,248.73454036804517,140.77961587336608,80.1821684243813,211.04612551570042,112.24513004413438,66.69915908283531,248.49482939449877,142.97369150718953,100.19820789637353,233.90818694630707,142.76866615179748,107.80591393316574,220.76490312856336,95.66246089358113,70.59446228718812,261.2059717787727,200.81426475293452,57.91405914192885,271.38201840031746,165.34551304099082,139.02785053378244,312.77735261186,167.86689436455754,98.88340099767312,194.5203858186876,106.07908575433186,63.40323104388971,233.87914293628808,146.70727956219926,82.83000089170847,253.6785828791201,111.08887962717768,78.86400035785694,241.34176238737317,136.50890048769017,100.50420233663073,243.76093377841647,148.5617716185275,128.26352408778897,231.9469217606701,90.61019370252588,112.54910766111237,205.9102444596719,152.80480425518547,167.89744538761565,55.42005217115479
10,4,0.0,0.0,87.6112716563225,255.24408408942546,169.1304512774642,97.8489894897313,225.96020831596113,125.50793841338137,69.35415086010981,265.20812011365564,172.95523107009777,97.60716517276819,229.23761213657218,101.90004293270127,124.6636645832324,221.60769752413526,134.887214212498,66.41089034567067,292.33565570603685,235.54867298608207,73.3368149475145,275.40737967558186,163.13088978372454,140.6165946976336,300.5763756173357,191.8456393735861,98.0248149170966,204.17761482694723,117.56971347110826,60.63276139229551,223.11237726299933,153.17511726005785,76.70542586305412,230.6050641667986,140.7333966326564,85.66121027432155,231.49149396667934,147.1276287551309,112.65111478485062,270.45272095737425,131.21817264444869,155.04117398556673,230.71528795142672,120.49324067627443,102.30262160157133,205.78225425105313,121.64959070223219,154.34687829301038,105.01492648342897
10,5,0.0,0.0,78.95781449564261,219.27738739395724,162.93328597144034,97.0824421900285,197.5281888249165,99.58160377061313,63.46940252839162,252.31207034163646,189.78512119167434,97.0697422412935,223.54770109888415,120.83405522551784,130.83547314383748,223.10203045185372,109.79333288559491,83.70518627659774,295.4171190487386,217.14614335350845,62.76908424940269,272.0933916252409,192.87739410983576,131.29870262072663,286.076682911273,217.88143561031154,81.97646868688516,159.87980291161256,113.87329147210195,54.20310636883297,212.19154314561004,125.7790892613051,89.29277596395146,236.1982799848008,114.83049628606955,80.25965467046919,227.5947572349097,144.11559222976368,132.09946589002058,245.3522348077629,113.67792540388602,137.30452657098857,205.13834871935813,141.01598497595327,86.6431555229807,239.640352339353,156.93584802664992,148.44763988726785,105.73024077295604
10,6,0.0,0.0,83.884586482021,246.62099948558054,117.20929880994044,89.67137177960554,204.21860368056232,104.4023985656143,56.836321834743266,232.70982436334282,149.7049046133782,100.38183762430786,199.29041442656654,109.73761352726329,121.02277824464005,252.58573225309908,106.45777782378113,74.71693802316551,275.10027244664127,184.47021771201392,61.02677763859545,278.1755096464134,171.77196529185113,126.07807806817104,289.58709088254346,198.91682265678912,88.5189492242935,179.10144250354537,117.63320206759488,73.31944559983272,225.35633244626644,138.67346826284046,72.24490188607825,219.02605328208247,153.3286793789297,84.18730230751618,217.2672016429954,143.67718272464228,122.35724040376684,275.547581898217,147.49928265457459,133.85941401398733,265.27322526767165,108.73880835997959,101.39437143151402,242.29117385312924,127.07889720907045,146.00064504210883,122.48572929144842
10,7,0.0,0.0,74.1681783748481,191.3953742803737,150.2836687059298,96.95585750472362,177.1004558459603,112.99694160407367,61.76436741843666,246.6208057951137,187.0184287771513,86.86734683856682,192.94795461100912,129.81296465174802,128.2619910323434,236.90071878343448,119.13934073972266,88.26136880671062,295.00076563032246,188.08151511032685,77.65853999796954,248.21985586367842,188.35750176925478,149.14513948369154,348.22448919625253,165.99333559893554,80.68973206411671,196.20012545698233,102.87610953890278,67.97658068839966,223.11044003312867,93.70798085029854,80.56714802404053,255.31237716229788,158.45628700073425,78.06882136351044,196.54963519792489,148.24667927327565,104.46744977152352,209.0369774832802,160.78022708972003,139.09835508483505,279.1853938197512,108.64308833100688,106.53781844933982,257.8583364630723,145.32065727197303,156.7373781232608,103.80642127197903
10,8,0.0,0.0,85.10226990385539,244.5922762001749,149.9043462235904,97.51765007371013,220.54115758217682,100.08959017564219,71.32792903812422,237.57335867075005,179.79226316452048,79.47497888040931,248.88034400179828,121.09971921704405,93.82457887215341,236.32096151083792,129.43304864652896,87.47740273367717,288.99910004273704,213.8708254975477,63.107387220657145,216.73174089409204,162.2373383382428,142.0586912600068,293.22422173842745,168.67482736743838,89.15769418381515,223.82826048856683,110.40510983473376,70.55787669584835,213.82648575027184,135.1582902099326,106.2577396884334,229.92823290429615,132.07565275741607,77.97771059633874,215.87192131711706,129.83184119724686,115.10191301219993,276.2763333952909,151.64645909473703,109.99037038741977,211.8998861460294,119.58695893947251,99.92431913510028,226.68705246216638,133.41252298240897,150.35217235697925,98.12466849771351
10,9,0.0,0.0,89.8917676492373,227.76608860842643,170.52072572433912,99.35468187466472,199.52122555501393,114.35766607740331,63.23727518359622,267.1594464182195,189.24904755601236,89.93762792601711,213.3017003383525,119.34467220532238,125.85408344284463,275.005589598473,114.46232992033949,72.73774837954306,252.6133449933168,201.9899796275968,71.00693796755405,259.0406134253605,174.6645749487903,133.0896255781769,272.4748512802204,164.11117724309855,115.48453782914177,213.93028983184644,98.6276244291655,69.92341308707971,196.96441133239884,160.3809932964711,90.04628112480208,261.4510091937354,137.03963598111784,72.67234006811414,227.6938943025047,153.87829837070214,125.89359679676872,252.4016363672533,150.12623616753,119.83846687408285,253.2947309132433,132.186737169692,84.96733616610992,244.85906720814347,114.37949475744294,159.5442136791649,62.31211454171551
10,10,0.0,0.0,59.88717386394591,252.3599876344243,172.1200490623439,86.75934734878123,208.62441199235383,122.73487048040074,60.489622829920584,218.38918341468514,148.8370572686312,101.84563819800707,249.7962290713754,122.47344491969834,132.40641796875275,251.72799872953613,126.2013297882324,88.50970516030928,287.7651546472541,241.04022764793032,73.13256951773954,224.59070739314572,195.2414495305085,127.44930815131542,330.05990067601533,191.1105030672425,91.72257760803315,194.07372426637102,96.88930698845058,71.9750843149987,240.4719840328932,131.95711629796563,84.1192742576823,230.81990924580765,129.18510523712868,71.38010014295888,206.3151144342146,133.79505701222897,124.03857522558741,290.9951721383961,104.56108239713743,123.74060760481231,251.04306998254935,124.43353301793199,87.43201333438735,219.8841233667363,158.53607320407974,163.77542038695532,93.05364994321108
11,1,0.0,0.0,86.88641527291958,252.3242133119912,171.39781651033866,73.73468211396072,217.47408911217275,173.6010570496412,76.28249157965776,232.63336298434328,175.15584135812625,82.01724192122629,271.3893509354922,187.34092508361007,67.7330393268374,265.1957117338333,206.03418618740147,90.94993081410104,201.77383267785098,112.48449791266042,50.2705193086378,190.21713805992098,155.19458318702277,58.86150257261387,218.2982085847965,156.50796513556128,71.98649297885902,239.38648022458352,155.77161136151844,68.07183413774158,192.2913344104599,129.19923689128322,78.43207312494368,231.3350790451325,205.39804574890314,63.0087442565206,229.3571523576262,181.9152480768157,58.90026731663735,234.79891712569636,179.55481476574002,96.797238870194,306.54687797398134,231.0288970543184,73.80319525328478,262.07022485491086,164.2285112443731,65.19952143207148,126.56591685422832
11,2,0.0,0.0,73.862655327513,225.17924823201986,175.03958053809538,64.66986385573503,219.12805451655728,167.0145660854266,90.71723666565721,259.7420472107656,186.45486169783788,87.52007327449299,277.5079499884098,165.23511910597404,69.76928787589672,236.77149772146078,209.73128893526524,99.4795497428678,236.62526008244004,108.5206846188411,57.95305368081063,204.4544842651136,134.4666719939791,59.80277631800556,236.03212179969404,171.16128342093765,85.5651497281439,210.43111423642293,136.64022288866732,86.59153698812001,188.97097933483218,105.46169689139796,73.41944836345382,217.1217470559326,183.86306607455552,71.60180850714467,241.03324845103305,216.47753052646937,60.29402331378951,235.53533490355835,204.01230757305524,92.86101859874283,304.7923732058797,231.98831074681993,77.2977838490674,253.3116278080929,179.4386794658819,59.72248036713291,79.15917148656175
11,3,0.0,0.0,90.93867244547677,282.6355053903399,148.10959809055745,72.57297965721143,195.2179261712162,192.76874095540705,76.1877189753,247.27417168955222,153.02704155253394,79.49469076765419,281.20524687624345,206.13139830353882,72.93210010792176,237.9207205566383,134.73149725502628,89.74255718407854,174.09274982387743,103.79738652527219,63.45398152811504,227.1294611352003,145.08401136428122,65.69121835391513,212.4014579801043,171.1066792885007,92.89751208456026,205.473154430261,121.96770300519697,81.87381667473936,204.3154757577563,113.99563220530828,84.9657040339727,277.7158540712634,199.57078591277048,77.32559385993807,216.31846385934807,183.78693267315126,59.17485169350229,228.02586443482951,171.0547923404238,85.3273882206025,307.42639980295434,182.74695861986385,71.34320862481934,276.9289238385213,166.80840713707693,59.21891815932912,115.38725762709716
11,4,0.0,0.0,87.03838773923337,226.91904145593577,143.2892918611923,70.80029486493605,265.2453708475868,181.17451775857893,77.49481684422362,264.8061588692053,185.0213918967653,80.34346752713594,205.8797007195714,210.11222994900115,64.66166240487631,266.4527129273418,183.58863693269217,102.09395966473355,211.8725691977924,99.3242985229309,52.13002054519731,203.043643148821,178.35100082909295,59.39433430514797,187.38147895134205,144.11659148396893,86.57872372605803,221.32041447095483,119.12191895555614,72.81277054585796,179.90483448227045,125.81232552001806,81.65692214624563,255.46366112879107,155.13772139906678,63.492479356873524,230.82715609665425,151.05911040557217,50.88470265166514,233.35035383693642,187.62883230714453,105.36263290215518,275.45529631456435,218.86345134802997,71.57816884463644,242.0417486146885,202.6407472103678,57.701064266756646,114.20271129854041
11,5,0.0,0.0,96.90576473805926,264.91607717762207,157.74325248519597,61.288428062533235,217.16421023298142,194.23442688268122,70.866026571509,279.023345231285,173.3855061888717,67.6695411538553,268.14860623631154,162.32788570273004,63.37145751494724,253.03473718895123,204.07315496388009,84.8495864185058,158.3423896898869,123.71732159470531,54.200857503234985,210.81221984657836,171.73529417462106,51.06667754675919,221.45902201234227,167.94819718826486,74.90348011244336,214.5017990499062,136.76587480024222,71.486999097332,180.75245973595065,111.14511738117261,79.22278173397918,241.86627962114744,186.43324561846043,59.398975638900176,236.59041522343537,175.5627053348105,53.17953057280338,254.87799332170232,152.8579093428901,92.42348795008098,274.89033675340676,250.18011395827062,75.35680141576573,212.81130460344673,167.97976626115087,60.73996363911295,106.75645634613454
11,6,0.0,0.0,89.60044453867802,243.74526141226175,176.66883572129953,86.24989061424579,233.71874288853468,153.9718149484075,81.00087205552144,293.8877602545377,188.46286333514075,73.34600109996344,265.6563512200805,189.75125666540626,61.452182949632466,214.58652373209577,205.48700848248524,90.20552391411456,217.8084995529054,111.2772583591723,56.3614048857656,212.3938095302374,156.94123526339737,55.88452815095321,204.26288284096458,185.92372091722876,86.70402325465133,202.1053051463979,141.59253861224823,90.79408765548098,210.14137595450114,119.15588466035236,79.61586876941661,258.01210887234873,197.4658208026278,61.3662806972656,235.82185867426944,168.47941737092881,56.47912163988085,249.35775043228594,164.35823760382812,87.13935718932082,278.4148707660557,187.97241263111354,77.61575071842263,255.5574502895773,188.34269222106292,62.47703223299256,99.86501651591975
11,7,0.0,0.0,100.60644256390083,271.9450406934328,141.6227160997885,77.12233302433016,271.2861635007825,174.54316278185712,68.69995892806674,268.88684789302977,190.27792804774714,73.63328620655072,278.35499583689705,164.50346822411643,80.20029972474327,289.68044415416864,211.95555037011317,82.21020031373196,210.3645996794039,105.75066452944343,55.54973667904446,191.4081626429189,142.90949037934817,53.45569250182737,210.2388374261945,150.18829810095343,96.02049432755123,197.61018642122184,104.47978179407501,82.57609073626159,216.98053944034652,120.41710563482368,93.17641255727624,288.1130784722682,201.54509448277975,72.26900957665359,241.97534785915028,144.80691567225068,50.8741843574052,174.8472844024053,175.0689750656629,92.22563844025707,288.48896846016174,162.4340559953593,81.43599776485325,231.38109030031515,143.84449146495606,60.60717820748371,72.20258193004452
11,8,0.0,0.0,87.19656493247177,233.8408332295305,160.80992588053252,55.477820270355,237.5380692496204,151.49053573173006,72.49215208624923,277.1144615770376,177.2555744229196,71.35255843463597,251.32450062117275,177.08935669393233,65.3580434546899,265.6305451776696,195.92393980431189,74.20574929909645,181.5797057259493,107.54525956672401,62.79147949644752,193.8649847422617,149.085873438079,50.549279225321186,224.12684327060353,148.12870544887824,88.88179864203045,188.52203913445868,132.83918439777727,72.28636163398664,188.3221327691063,106.02739133508207,72.19017596395265,242.04271258618238,196.7117941951869,76.86777534049062,282.0238255190875,163.03099724031574,58.27167768463356,270.01714412824816,209.32191633504715,79.97317135069787,267.171094590589,215.90556547004223,66.93697620481095,272.46508353092855,162.52154161637336,65.39582595891088,76.01031053192452
11,9,0.0,0.0,82.03698919507514,204.82685176517904,148.0341070924363,60.63062699168076,205.75977738820743,189.33684197218724,79.16822120225609,310.7265971531271,187.51916130577922,77.93276554797161,250.84317025246273,184.4914137846387,59.63696804515515,202.9181286500436,203.02211778474975,95.34647398357102,165.1903975477985,105.11205884902681,49.34324495129079,191.9506622610782,172.16455798145637,45.12790455230379,188.08854514248256,168.79705478023473,86.75138642574751,251.91546237449748,103.82388799809897,72.76656030014466,156.50978813736,125.45944465562634,75.98440607450688,238.8053610452297,160.96199607453696,68.60693639680163,212.1765004208507,169.8171005269039,54.17191574041315,231.96599648108725,170.41806852300937,81.1714204680284,296.24574722745655,198.95988003241885,76.95213485782197,256.43741109689284,224.07822522129885,55.78690007710691,112.17693391281539
11,10,0.0,0.0,85.07117004392263,235.32699312933178,156.69671884616037,54.189696093791696,216.44861892379444,156.3889739406958,82.51522725120758,258.6070064161794,150.68807214891012,94.55098965610951,306.6475202473363,211.1510980585641,66.4259592304418,236.90523420124828,202.43878553718193,94.94468019544418,196.21409846711177,113.51099349243327,60.32083175885748,171.01090249959438,148.89008633327575,57.48051100222071,231.90526483808702,134.86084751246082,82.24797157350548,216.11259747991988,129.80349488088967,68.56260233938485,196.9616646286177,115.29987487142047,81.21303874768336,302.24757610994953,171.4915891936289,65.24059454376562,253.98815020299844,213.9947730198488,59.746923087713526,257.0647081569423,164.5699955193861,98.3365034519325,283.4042566637297,208.626011886174,78.9142510619809,221.2048271381424,164.96977307238663,58.89787057352993,93.28645187794126
12,1,0.0,0.0,83.73707774261106,148.4521678338732,68.50613515023868,71.09656365844559,167.02211003991715,115.30952853190334,108.80306606525367,180.51176280983057,81.58929066292694,167.15437950485534,145.50833411473846,11.007154565946307,69.97742158447242,172.66745948103593,105.15742984883886,143.5201888404413,158.22164370410124,27.88367088901186,90.68894242784032,149.32505458617842,95.11791030479786,95.54386684207952,189.4818299668371,79.15209710364519,121.97871182776206,163.95054396096714,31.49281910083782,70.35603904374095,121.98627877544621,38.336668090223355,126.34980888782948,159.04917455431715,21.87667757593897,102.48411115298869,162.54807920500593,56.48086809533204,99.75903701291637,202.1484617408276,114.09386927619002,97.64866705155174,166.3951358891043,30.169107508058733,58.45542078507643,216.6983167381161,131.63620346506585,93.01652282445743,87.46973504241244
12,2,0.0,0.0,103.20264573340378,154.9287593154011,78.79891123815224,75.0660346894498,139.3738048144536,90.46759514995686,95.63963659121173,159.8806386226419,70.67282568712281,139.89295657183504,158.47558557125083,7.773414677403263,69.60390996966538,159.45602922761816,110.04798419652776,141.5967165035358,136.15961108829353,30.194696232376558,86.41625289011847,204.80075554059349,75.86661768825567,104.375811226465,174.26127770388652,70.29262158813617,103.49585019270637,159.51751437142983,28.642400738390613,89.45860850089943,100.1041584399054,25.391352469890116,116.58229043079872,153.47298854440336,27.002771257198695,102.14521394019204,157.15948127424977,49.66599837487342,93.00287710145199,181.8739948615954,118.16211326831657,105.783515894872,151.73130323327877,44.545790932947114,68.22816086324629,214.16556795853185,120.45050365000692,80.73096379651527,74.20326557732218
12,3,0.0,0.0,98.29278225458008,149.25509271635576,51.13757531834496,59.50678048626281,161.9656796809382,123.61128293468956,106.92458034692109,185.50372851557557,77.18260936646766,170.33807475649013,157.11792016090894,9.79960872590845,72.65285429898046,204.29680907026187,97.78091605899111,109.0626275095595,118.7752793012385,29.84624492662195,92.57767351995366,178.43014771390602,88.11430397372413,101.89997093807982,187.21419943945145,74.10127826053481,126.53114675757104,144.961715954829,39.504292560183075,92.20223105215659,121.972313361813,34.32281229313715,116.94553730458543,147.00137559045044,14.731509550024441,100.4965127815964,159.9090939280841,50.849368640606244,90.42759610098973,217.0615900670502,99.25460742795788,78.06062046903084,138.0815405425294,44.44390523902639,74.66906586020717,210.66097494094288,139.28021247682446,72.88147397080829,123.06123324018162
12,4,0.0,0.0,111.10257739204377,202.39776020730662,68.45877295648265,65.50353334122104,159.53070905279725,86.19778648665398,110.57943117041815,159.40211380009183,82.5258189654216,164.64688300644042,163.33855476254453,13.736887219304219,79.57691786940671,191.96760399784824,102.94610645344967,127.6254376397857,138.9096817181505,22.80437079550439,70.28892599137535,160.95981643918367,82.94653344540198,113.77708199173205,178.25981743774898,68.33874818166763,138.1221531608169,142.45951837542836,23.343385252525543,73.35449162898246,90.8539832556058,24.79999815126514,120.93362265167572,143.10295692057153,20.449405251077767,124.49159904864432,137.29382117021447,56.52627514769126,101.70689911374362,174.90427283798024,134.62992072301867,100.37868942598719,155.7129798687223,42.147147697477386,61.44215896758762,209.07499757423184,140.2030190697393,90.33927306559491,112.70850103154966
12,5,0.0,0.0,83.47481833854306,188.43752163020136,69.57375790576964,69.9205971072897,149.00925664335205,102.5988630958661,103.21917695303824,158.5738920124631,95.84849973029723,141.14058336188407,171.12353530835273,10.391199816593085,58.011848414327034,175.54182899761042,118.27624709404432,134.29126448563053,168.43864452311075,31.872084845775987,74.17467773262575,173.29397868129797,99.23345228396535,93.02361908277189,147.88432395618403,75.00868134509147,98.66246051323809,151.76768335386933,39.377742841050434,80.95183650737962,97.86142000494421,21.65968525066016,106.23408885387768,118.25359878478059,20.207244326838868,100.28330965791048,152.9171059404149,49.601461374171414,74.09378245514783,203.9558545493241,129.66522251823747,107.31436930966504,127.20941680017961,51.45325523058514,72.13797019358555,141.4846729240493,142.0747834949507,69.93429265529625,89.61649152460953
12,6,0.0,0.0,89.38653721738278,169.7440723685377,70.98333974392142,76.87026320740367,174.6408697436094,80.70711606016799,101.89975872404665,209.51343216662292,80.13229916989565,169.65620309117008,156.02116972778953,12.783675287334347,53.08927220336039,235.95282552205583,124.31505790121693,147.0921108657401,142.7712392068558,24.267387489572677,101.19417938542725,166.6341292955377,88.97341248515022,118.47794860859621,149.93215359475016,82.67970906422462,147.21743012752907,141.04566582074972,40.2652429008854,96.06309696666675,130.9920645745364,36.125209251806965,88.69684961934134,157.22359281176855,22.393116456417918,115.1642607023382,149.0973227996056,50.5575003833646,78.28839615008789,193.6902830915368,104.87602759350801,115.14252822789621,140.17741663609388,46.9947649796831,60.814311378930626,200.2282467557185,142.8796284342821,69.50255786262272,97.05758564576806
12,7,0.0,0.0,77.75251081717191,174.58184448562014,76.77053302769752,70.8988357199198,138.42498553330233,89.99632382957708,86.38295007208198,198.27837868928822,76.20806007077384,128.95329279277627,183.54064324222514,12.707366895481755,74.67181328257348,186.69432152573896,116.32338680660443,140.52602875079873,157.94875393203915,25.31571458034588,88.66846032765787,134.16969204038298,100.3208359344647,86.5503192137584,213.72867644156787,75.11810954716675,146.25743481910902,142.3233862535639,32.01063160988735,74.58186789001074,121.10149304148634,33.88165389010734,136.61612512560237,135.86675571132656,17.007759032688014,102.76437177244703,161.86108663391977,48.23110885823898,69.72325271702276,189.6706204979749,93.2016752651693,105.02865809363608,155.25943469951147,26.354113023735742,72.28273547984573,207.60684523453554,145.63822910253734,74.91092899250107,87.53323425794608
12,8,0.0,0.0,88.82061502416641,160.823343694389,81.026090221353,64.03569995708763,134.56487907006456,99.21573203250009,106.67119142174342,176.89451307238878,90.86342953531013,145.897851369903,159.06786830844908,11.275099047518806,64.78430025215371,167.0867986132778,101.03348287853443,137.28950240872877,155.68939168299485,20.920906936681742,94.02087619052907,174.62450629606107,90.5919730186697,95.46690521148474,184.83723823653054,87.46139167676169,137.1388826831948,177.501073964417,37.31959667973044,104.86447870188498,132.44177972221462,28.920707747840055,106.60221631421543,123.95663518981185,18.595958711889555,79.75178101959992,156.16309511197437,40.2356982106825,67.73233637347126,185.87376146620375,117.11071575039634,102.53224747306996,137.03897066904813,35.92630563979545,76.81107675688,226.61295582032224,143.3405565254597,83.89606365279344,96.78792837344011
12,9,0.0,0.0,89.84589828717519,173.63178226151922,77.4865662671512,74.53060534511081,183.52988000296995,101.58414376265269,107.61059397567321,214.2890668328072,57.62604547310944,155.5314101991574,173.5451996075326,11.642036577586515,72.09215252492356,192.38154130010136,102.31610105076292,107.77480058948873,163.26318392465134,22.73602106629894,85.40028245981317,190.74910120653684,62.311844966974036,104.76325552542451,160.12870478987202,89.27912221443287,142.1549318687804,136.2265512628726,27.738058756277574,60.805382184681235,120.72990343738829,27.014564482714043,120.03442020783358,102.07785217967353,21.126073619675097,88.77858557777296,169.75108289031115,59.16585573144039,80.4595588676285,230.9448574115565,109.15384479416645,99.2418972434725,162.75331018708775,43.781013650090884,62.970671184855846,221.44223622661224,98.90848473664067,93.38518983294612,105.8191498024743
12,10,0.0,0.0,112.510204731616,161.64878482548443,61.79706517353962,62.014184843107074,162.54637509217955,96.12181800541408,110.35143810563899,177.1742051707035,80.33407509071044,158.80237465661025,175.09106723271628,10.243410369330663,82.42208611816659,189.27009106646153,121.54368777784542,151.31473682692246,166.78175112345036,25.35596605271765,83.6781143936186,198.44243287152665,90.48524766239694,111.22634668577581,170.46388348612436,65.36908486418051,119.99624389777503,180.98648025885814,24.02328016178612,89.23219399734917,127.26869642336978,22.54673443293782,130.65129584007917,129.82215577244506,28.2993217646073,101.74414175484289,176.8813132444084,55.4391750961204,85.72310382451765,205.9200438499537,111.0298834500512,111.331629256899,157.60243768649661,36.57692725280118,75.80637574467832,210.33129570131547,167.2356027394702,96.2921180684467,60.350752395016194
13,1,0.0,0.0,91.84283934465145,211.46361076288585,124.45551507408717,109.40530812139535,218.4500389374119,82.3717535072558,100.21445470479985,143.98657317760413,70.483515347503,72.88809140490467,151.00826877649766,74.40330607575238,104.40626377853789,126.66875060500576,46.83965675602312,108.33756480790966,145.86557588690644,48.46881813396305,129.4659709236966,176.04948939604893,64.42676724153253,52.418134887799134,142.9075737381804,101.6838455279684,56.071456452824336,164.9854109155547,112.93824089932109,88.98387465569535,164.42285629521655,123.6303589941116,83.08815844700081,161.81507780612682,97.55919101439581,82.62480489026535,133.2982994975329,61.85996269919983,100.52495441226365,154.43951194730036,46.68804388482089,65.57327303363337,192.99572692742038,142.8824075842079,52.99366431175785,144.91322168739214,131.69615102119928,79.33222211931282,96.31908831018319
13,2,0.0,0.0,64.97333295615994,182.53857589270663,110.75448152804749,110.54130474510896,195.39004038632206,76.90021810176269,102.6721845100939,153.7936872969865,67.21281410318599,67.36895287285502,170.82870513980785,90.3226893000678,106.39896524930205,143.69433809454296,50.749801540173294,100.2859089040027,154.61141662106505,42.20795978689233,119.62116965153754,168.56998187175267,76.52804692051095,57.78851584787346,157.63585054133628,132.7135556427839,51.06988439865344,166.85336124457913,116.8382069513902,98.259088965656,194.9720946012176,91.21606047789213,102.83039868901025,157.00941934762332,89.86948553666028,78.90155460661155,134.65163834544583,60.54920552654275,99.98834092966,129.20755688798755,42.20178722180737,65.94579920979506,203.8956542802828,106.14349206819303,58.44295807418894,166.21931082392106,127.12523991707349,74.57917231433115,77.38042369345321
13,3,0.0,0.0,73.39730395906574,154.9907044905637,88.21868159279101,110.26711536388943,188.59631703418168,89.05150063649113,88.52256366734747,142.24076823194372,78.67447132114398,64.13071213899585,148.09912507519877,73.10810434528904,86.25557001987666,157.85321907227055,57.43751046374162,114.57367396778065,150.1852865279939,46.00306021367646,97.32891272971797,155.70793395403166,54.27539644068386,54.047258519597285,208.15943741338305,137.84115749715025,46.90724698552611,162.3045263387605,124.9664121230451,120.994204174683,209.38711679499923,101.27370439230005,87.90300406769012,156.1777515856183,87.24987311618005,67.88354698136074,144.78814371155832,80.75085060539254,87.19797454324997,121.82172623802404,35.82381606215294,73.62339779033951,208.3248591289781,101.28180642263946,58.510627940519605,157.78028107912715,143.62035188539775,67.47802131421567,92.7457657845177
13,4,0.0,0.0,73.78687227647585,166.4367381171833,92.80315841747486,104.16347606099316,192.13042241029055,92.92058528356615,82.2642977759474,174.70431262814964,56.247064786346385,72.25648177850303,147.90516031396837,89.96348846897831,86.34207860718506,144.803191391739,49.63166228937522,111.28104359913355,171.67003766124625,42.964210509073055,98.8330879153416,200.1263175496515,65.07672023004518,57.34622318715395,162.28199901331888,140.24284578615408,49.470415838159134,175.0658296388053,115.74759400401096,109.64835491463552,190.8122801283121,116.01908370896072,91.61701341063045,161.88386311003345,86.4255778669728,70.96001096175311,135.5423801273443,50.59518921916645,82.86225179334494,157.27533366623663,32.620686698495355,75.5192756180055,190.80306073440096,122.0084853081934,50.497884116207516,146.42571130911222,129.9920939994205,86.59459735272266,82.37809726524256
13,5,0.0,0.0,85.65033447649392,198.82398924226652,88.62351825842322,127.05359917442578,200.25907754298694,82.88752466853835,86.26118870763293,174.49037939687986,60.30287267988678,65.09951390785618,133.1770044504914,74.87357342839488,90.51911089823722,151.89635745188738,71.88755968838808,100.20879817375123,160.43255660330277,41.714539324242196,107.9196733259948,177.2413614172665,47.498230876430284,53.47510820600661,189.9118151944442,114.35553124034743,55.57226566628925,179.0815710055563,92.0421205274904,110.99375089967,177.1554989973087,117.22300956175583,79.37173651695659,186.10983405533077,92.10326726387298,77.44799099661732,143.23791382293606,65.62415301530264,104.30187758796089,148.01773919043006,46.316453958122324,72.87915586944965,199.98557426778012,122.20778195396812,56.54315010507729,183.787841348389,131.08487471039288,68.88583824140741,92.81873506334982
13,6,0.0,0.0,70.67115834337295,177.83792008645793,92.12963841719971,90.57803057189315,209.18708448128717,79.5634570068397,90.15875731579061,151.02935173612786,62.13713733192451,71.85973280473506,141.77707735138677,104.71312027659731,105.74883197033607,154.9185297927004,58.16104910832146,113.23953487007375,153.40726439662234,34.24255370976247,105.35140800278329,165.18016860805852,70.88604602674825,57.36807452361569,169.4840686866829,126.41399521140468,57.94330869486994,176.94582622440666,117.39749151750297,104.41749333373815,198.53184451652163,103.83895151141408,79.41927339131632,196.9498964915308,79.80940716107595,78.90138511116945,157.94981532151914,67.26882578173553,99.64083025664495,127.33095049150275,39.87303351147728,74.6170410049964,190.8826934360494,104.07093062752983,56.8290554874438,160.85984521126863,123.70349684505565,82.38698144100229,113.4771315079311
13,7,0.0,0.0,73.86252067966375,161.23833955831978,89.5780430979273,115.78433653680105,175.37962964371212,82.83979737701915,105.42788653091449,197.83161653258392,74.57877048350035,59.515598030811624,164.45640537115943,87.86373321865209,101.97703882680516,161.70978006043222,49.16903602351714,96.01710739822742,159.8451998135075,40.81857578443534,113.42092010040585,191.49588809647756,67.75080713401212,56.0627237700195,145.67179633320418,111.1915966798303,58.5906563828458,175.55621583529248,126.25323726291224,95.24080165462033,177.3315130938118,86.43003437109613,100.53369713957503,155.8658364021474,82.88131256743196,84.91934696223706,160.92832115547648,62.85579469389814,100.27613722436139,147.6676047672979,37.9052900130243,74.31934694217665,238.12974178125015,125.74268561130587,52.38219613250894,204.00266744271894,133.23370615894066,75.62558733283717,117.74484617914922
13,8,0.0,0.0,74.68417473243733,144.5288019429566,112.88544711185729,118.4431346545373,172.79094310495668,80.08578894322525,97.08205706368723,169.7974861708704,63.07542958482626,65.0514704331628,162.74694027666098,91.21669058647205,104.32340498070053,137.68372168905825,60.63225126737281,123.70413540607464,148.2050744872505,39.03145398703934,83.63063795585046,202.1116454050966,64.54136543206572,50.26823935704677,152.71444404208307,123.92385704271848,53.11869347249918,142.2003394321561,133.9835720518822,84.99856261824725,226.09531574682134,83.18687270945456,95.71737341379779,178.70139965879008,71.40703143240387,69.42718534064846,135.3519027137632,75.08528167837923,113.5482927641279,150.733337478525,54.85983395259274,63.54607589128977,175.49195008351535,149.66124328087835,53.52425703843434,198.72073709139303,108.53468921635755,87.86473947436276,105.17674147227824
13,9,0.0,0.0,77.61049912595087,170.49631016530202,76.73876461387385,99.20405053809826,184.70685510523145,73.64097048616387,95.86073324661119,158.0937703311402,76.43948016034113,66.2780791684311,148.0273759197476,92.96474722112247,97.92395249387322,132.48943278189932,59.48588347700661,103.42033763780682,153.15555712549718,41.65424081679661,124.93374254321405,174.65762959134807,81.18191162538048,63.11949568022881,192.01429664857807,108.63140373788265,66.37783329773566,164.79157553616272,112.51599607988523,94.36113827432662,216.45959085172453,94.84992225519291,90.50153284809687,168.96456237406565,68.74532091441867,79.37558919808157,119.43627572243398,72.84859597788248,93.3398322353359,135.16820284054245,39.39619660622153,75.16221047976333,190.27948871363984,107.87073072564401,55.17842280995833,146.48104633624146,119.01939730824354,80.98102434853611,92.94142833846702
13,10,0.0,0.0,86.30442987867208,157.39826024553236,101.35619119529069,114.35102376685364,172.34573697222135,83.32337304576515,104.12870314983812,170.42536498170256,71.6184523614649,70.71162132387207,148.6761659313745,89.41303435666053,97.21565915074406,161.96028245973085,64.84862394659652,90.28126544545852,152.94949514344282,43.99415417648728,119.96011300521526,165.41104416764037,64.20177539602417,51.061872420765084,173.04958391926507,103.77511224265406,56.49479991186092,171.68077033353254,116.41855132429146,112.96458618475322,184.74378018211735,104.4895227873854,82.47457303519533,183.05183556825986,83.2669144593494,84.32108966365487,148.96977973931735,66.66751439093734,84.39044372578992,159.46664076034864,36.82336814650673,72.85864760000726,190.3126115517296,140.9040153810979,56.74275507978038,153.5196716984704,116.0262058630786,83.51013024237537,81.01130353447506
14,1,0.0,0.0,63.004690689196394,188.96155777844612,153.32057887975878,86.46279107853144,259.08688255299126,123.46936565557199,69.63413743746945,283.31632455672656,128.24709909854167,85.54665593427222,282.0742967532786,195.5381610121977,108.69889286081565,231.8721678538471,175.9642613733074,65.51622325193786,194.39669362876657,142.47553261793865,47.88666837477391,217.79949289395597,187.97595828685252,87.40705372492312,202.89347860158244,198.0533663201403,84.0034065505773,203.16213799951663,133.01701902779018,113.64608909233502,296.5687342239464,186.1862849914714,95.2582359750733,256.4012525171932,145.657273948966,124.70697301817022,142.27135591834528,20.734977026950794,66.57810736876577,208.40333774396768,137.1118817617873,109.65963689356852,278.7752090898297,176.00738877631687,91.01161538823344,257.9859410154605,177.94378098917534,88.92605711399989,87.45270466446624
14,2,0.0,0.0,80.59257804047496,300.5396111798446,195.92554744606375,73.72028708473933,228.64792135761158,126.37974353112578,48.4179269357066,332.14815068341045,212.5618962440895,95.47669483277525,321.5824598968866,175.12089679553674,103.75597689950722,234.28443471538137,147.65347349958404,65.62411057318309,221.3560769818203,123.53871245519744,55.866529510077356,162.98562907729908,179.2932684953599,53.658279090941036,298.5133089303326,253.96551997937286,102.10923768460826,236.852381899642,115.69644273840683,121.51682408949485,306.4472059622399,168.21951248683982,100.21767180770576,248.62213897398084,160.49907678132698,139.51900987303517,145.95985867887669,22.018520290468924,64.08128226340764,206.73138760310528,162.7902934179256,81.64663218934923,275.76080885175566,167.940171388254,116.55961469176185,287.371227497727,127.6930769532901,78.42766830412135,72.63897274173875
14,3,0.0,0.0,64.66132322775226,236.2029578468404,117.06166537184774,87.66951065137131,202.85221290735544,150.41037070424002,59.30734364068448,272.52936191097615,196.96881537679081,83.97413417254832,311.2527235719847,209.80738770948707,106.0844360405126,282.00557621242297,178.7823636251286,60.97169966549494,181.9029796948666,149.65877815660716,51.37663127677552,234.1936889777625,148.52762523341895,95.90751109634252,265.50861563585477,203.35525577602266,107.66661167848652,245.72201773309726,188.69434512967936,91.83740502336994,354.93033100837624,159.12153534040382,115.2786826658429,200.14799212351926,139.70848319085155,101.44060004938326,157.81762155073883,19.647322975419904,73.86276258574811,197.1399993176923,178.18010543241735,78.69786968911049,265.33671498363657,217.6989773989415,138.50399913622178,348.6003528875786,164.47065479546197,74.09996456806262,102.311093079683
14,4,0.0,0.0,83.38658142743618,274.0808598721575,196.6741309884294,96.91633933746958,222.1275699800388,169.9846808664896,68.22317482579314,271.45982378407825,197.38509504340732,77.22267542387614,333.0711238484719,197.5235010052778,97.43239150531178,288.9722216765339,176.894720770569,70.54658614690481,211.15409870506076,160.4475648616501,42.88878637185325,200.77790963696967,135.24098057940748,77.12984551869681,302.02613150506954,225.53025385047462,80.35877537262708,214.45428648270735,138.49345044304468,135.6137633237976,292.5269608354933,134.20707330163137,105.76478098357927,267.74685001826236,157.63149898090893,123.71357370356131,148.89221716891223,19.25876893358744,66.76554916964797,205.03131153229458,124.59489062543322,77.00925893795863,229.9138854512708,154.63287032748104,145.97487986169415,274.7660044540975,133.56792009195772,88.09871768519271,82.5267012840462
14,5,0.0,0.0,64.92148222862178,217.77733931693382,181.32593010801494,69.03322862261115,167.02612610292715,149.37271655222267,64.45859713438774,279.2973898579459,219.27572964130582,100.2362978572923,334.8387923778165,247.8965607316714,122.08727995849824,317.6545290909309,193.83858435264526,60.316210919686306,202.79713291402302,142.2258667814528,57.88234978504924,236.59315803347,165.23368822780859,75.22939175242117,249.34621604737413,221.99071445331896,87.98175358286008,238.50106055880363,130.777408024945,129.45983927250117,249.92441833395722,144.2322258602178,104.71632524116863,262.516990463511,151.67873584939434,125.56243929482808,92.20936016959982,26.24179702870581,76.35103543306043,240.30220941424054,128.01651008337876,65.91468776593373,236.55970986253303,150.70563952491514,124.82269618431904,262.1892415405406,200.0385980539175,75.84437182933651,108.29715097637042
14,6,0.0,0.0,57.41691918218537,214.32289798099694,169.1613369260066,72.70498903016907,225.9962090820391,186.69239742991974,69.93911717817268,345.1621124069101,201.25834689408867,93.23599820106698,357.00978165132506,167.37736624539616,103.06906505381146,243.10683883692897,152.6780047494988,63.94657041027398,176.9789286062837,166.82964548999365,49.02176206802404,221.88542727776294,180.55640964334896,86.75524407776248,214.16128332330436,158.7892738124456,72.11572052179227,223.0468810664469,145.9220746760055,150.5990077230105,272.925296628699,159.6978745204612,104.8551289272171,276.59170417599495,134.34779279306704,119.71470475887685,119.81085121104515,16.877069991475278,76.38218586949026,215.36267097324398,185.85297742869642,81.36567239287517,272.41922168215046,142.85241843207586,144.99137210777351,260.08629197664413,164.02428046050068,68.9652677761004,135.79444456495423
14,7,0.0,0.0,81.13522218894555,237.4358983335014,105.57013238684688,77.32065655426328,278.4243755568716,139.66633589424447,68.03612393996734,193.65504968340235,172.39705327701884,102.71763176145446,219.79684844457384,189.42940779899743,87.33653965299762,285.70153386687554,198.9457482062765,58.52471927878115,217.70310209500843,112.02475366761152,53.17495556501034,209.45319920365313,136.83895234451015,63.22494251879808,287.3418504505023,165.72706593892684,91.75984649353217,262.6371386304273,173.51369867958343,117.06532542696512,275.46397618466847,138.35550128758734,82.78516785510293,281.5637089069262,131.71202460236555,141.2295881093821,163.50049009167105,26.556485065047106,69.42471873202733,242.63358229490495,208.96582786221842,88.54646776694024,197.96845728873973,95.02572464539519,126.29571190478762,292.28237436944244,154.45692395735628,69.67291653349344,79.56319422966305
14,8,0.0,0.0,57.17674986924999,309.0883295199234,178.2399053520803,102.95225665994883,179.8748452631275,180.45088880299494,74.06142129731137,274.0829673304273,147.01413282287575,98.52659897845348,312.403410409037,245.67117148593957,95.72383216526619,221.35412912457485,118.4130629157633,40.830749015275,235.4495330868467,172.07191568951316,52.66544837417171,217.30606896661845,165.85853742025677,73.87640918974311,219.41242691537613,166.80323603425506,82.31734216192572,206.46195149523723,146.95315216463283,126.50960940059775,276.47938513631937,139.03772355111528,91.77368051892549,283.235654024558,114.91304396325171,134.89221604940488,132.53960962994853,18.258174003984323,56.54498200108079,236.01545479360266,141.42955321332818,69.988897561097,238.38668669099943,163.0750794298088,130.24430043393744,266.7389119360394,215.04447554021004,87.9327455544773,125.05511286063151
14,9,0.0,0.0,72.50135325150859,240.88565203407984,175.79721719004104,107.5828819659682,269.1767099151425,102.63930540249169,54.64031554313077,223.01640127416945,166.79963219372667,82.17005861082387,253.50366742004945,195.30216380505084,83.50670858980315,216.6269285745978,169.81461574904998,65.71865342645854,267.4271817969133,147.26215637282195,53.94828088657103,244.69397131467713,181.05562586690556,67.12398190391868,267.82466683215546,188.33893242563755,85.85085847741286,260.46570524296203,146.94468614007135,154.9729632519819,282.71995943992397,165.21496085116456,98.12745599950867,212.1456787539709,101.40154658185816,120.79989630310125,192.71676982527114,26.457712862461626,61.72782475017087,191.21414194711906,170.70801694017177,78.25193697751348,360.4198231014147,217.0839923255246,107.54451103129561,252.67945162821556,162.73463738560102,79.09464270394427,122.17647819568109
14,10,0.0,0.0,69.14709849531486,243.5533237544916,182.8022822082326,94.15792492519249,148.7102574377383,178.46572898204042,58.126342147335585,309.8190500591185,224.15502349125,99.22106607944748,379.53047978060295,199.97674465314984,93.4829346855565,254.5464295406259,171.8186765028396,64.20780870617718,279.384169038357,137.09910053882186,49.51915262094275,221.07378672417866,165.99812114704503,63.49932759932848,234.29072803557978,170.64365024755475,109.48435684398122,201.0595739071557,171.22800356351104,81.28198662852245,287.3727188160471,129.23037546423262,100.76896463189657,259.0160100287051,119.93603903599445,125.32692244193358,155.17493488906922,19.181491442635405,55.45119205788146,206.79795506496066,156.04092179890367,70.01880483304632,294.3470077721656,161.9146609633901,120.14368047736309,333.4332739956565,118.82033229530572,62.673422418830086,101.0342892236849
15,1,0.0,0.0,117.97115327025024,185.61715378765788,105.95251952254603,59.872213426973566,194.4625682085424,129.75141132598714,81.61488870576834,207.64214061610792,127.44170559919945,55.16349351281214,317.7241266553386,247.00754819791993,49.38824173520663,280.421869502023,249.56181799147856,117.12194622999093,217.9805778921596,120.15573758624295,63.74612554582242,197.7251752695009,128.62617580035732,62.67787305387671,176.35506282217546,138.35863315974777,50.57189386501696,202.69191598819407,219.46063890544895,60.84678857989271,274.1591560576555,157.1500853172058,160.23457722465173,205.16732810638695,98.4651255423649,129.46050667438953,240.4018188823129,169.3998731300994,101.90532738442737,208.4909299908179,75.96026509434712,94.48763849084034,154.12177298748918,64.11787325365037,91.02659029726154,245.4602280182791,173.69241315893393,64.76973800814305,99.51957579880697
15,2,0.0,0.0,104.68698845285616,219.4807557578015,86.21660802769725,61.80360446319702,183.45154972953242,131.95019286703197,88.96974279422824,151.61106879245924,116.68099197861842,53.21192075242253,333.15688689402765,172.582524568447,57.01971127811893,264.6709362505472,203.11020169469722,90.43225015237675,197.01590862153256,140.6905455859465,53.17472102740925,210.48296054449895,146.09503779004177,57.54637104533844,157.28350652536972,131.01684313084138,51.34347173069487,205.71629829717173,231.4797260231751,71.11085112946215,245.55570110507614,142.3042535932588,140.9387800879089,252.90829792593175,82.18819161095848,92.94833010242502,338.89159516761816,230.23189776382674,97.63587901260513,121.6741371248204,113.00429724684057,73.94781253803274,152.79892241829205,72.48551713500058,73.97966188668723,188.3376550878446,124.29681028483503,115.78079934528002,94.1054095766
15,3,0.0,0.0,121.9927465131684,197.32184082116703,76.26932806121414,67.8942063613348,177.8969328836238,126.2669717428951,64.2489692526931,210.46779389270745,130.9031165492427,48.768887960768225,296.3995502701458,197.8268400339723,45.69178053767324,250.4017189971542,169.20174825285474,100.24056682931067,288.5736002561687,96.66742392406888,61.497293492792146,191.83656297116264,134.11767041194219,73.15502258291781,216.2244821508522,153.1268008632406,59.33797572642916,275.49885750506826,241.71277684374073,64.79707535906323,226.31775215035387,148.881286451078,165.09758730662242,230.7514510556018,111.82104779879555,107.56688312165976,303.51827727593866,209.18612205598595,109.38066118924563,198.19812484540986,95.32972485160764,87.57603298967338,184.7676713919738,80.96370105337391,98.55292512645354,224.6824772492541,152.87940038515117,89.91021169984366,67.2127490586507
15,4,0.0,0.0,98.56657931545968,199.70398096534805,94.08058191396394,61.43958308242818,188.58255176798792,150.93292703331304,73.09590427557481,210.95835985701325,116.67069983192034,36.51930082147049,234.7994929860305,178.59285103964962,50.11324000592366,247.8485292509975,208.1429365685827,90.71612178188201,289.2858903071417,113.66353709173056,57.688254246760486,212.07143302722747,149.6485692618194,90.00923848799057,248.66028143387092,121.7157078966125,59.3927345378886,255.9723359628522,193.44739598181573,54.53045257987801,257.9456870381693,105.86016709158922,187.87721227243898,233.62226682360654,104.89561248486395,108.34276436468201,269.1777725577371,204.43152737273547,86.68935421477293,196.63295115216982,119.82811246526502,81.94749033205633,134.7908745108124,76.23235814500342,68.32996586713897,254.95877879180105,132.21278956210264,92.80049298625362,92.10813496807009
15,5,0.0,0.0,114.5459012589019,149.58639694556578,90.09150430621767,53.323534358238746,148.1959622255972,103.28251413150161,82.30585701560459,205.19179572104292,114.06510640261307,57.282301000575806,177.09980819041584,210.7047402566462,39.79046874047023,234.55470596422276,193.25463139838595,117.58224917983587,280.6832206670883,93.32021943200024,46.92058301506769,205.79061977305633,157.99983875120208,59.734281831469445,198.907320407779,177.74136971227952,52.59931465981834,230.48831215022338,219.67580329745746,48.422629368513526,259.0802208162419,125.21972297237346,135.1226502459802,270.0983335745175,93.27968857731315,78.1208613879619,311.2361937860866,220.58977190158433,89.17065296105653,163.72874388701874,115.35121380011691,86.4770946468615,156.57735469269815,65.61829811096753,107.0390839491023,241.29840425495573,179.71776930995287,92.15068065046925,89.79128973584102
15,6,0.0,0.0,109.53564766855943,253.42239402409774,85.55298055721747,55.89379335521316,173.4245899784322,108.95842296303486,97.87627987503072,183.1835865897647,113.75187198859689,49.377184498341535,255.42582215575803,220.92852830568256,44.52768346923661,268.6163515761706,186.53666552714714,89.6478650482233,254.71361882321847,141.16161838090017,61.62598166968366,204.98906561912892,133.35558197762748,59.14181303879079,216.3864566381067,126.73139699438312,62.075750585160684,232.99754023123003,196.9114728152279,65.50577969068036,211.87877711380125,178.6346076239507,169.55165344383644,248.52582358386724,91.8386204582089,124.59645731841364,322.63921228600054,202.45788594950514,87.10042949389786,140.44669246602035,90.0244084284748,86.11893103226737,158.11920786403178,73.69773700757453,88.23543967956013,222.53596321974953,135.2998829941647,89.72337977119767,80.35733234608853
15,7,0.0,0.0,105.22110236078981,210.73877046677975,77.75054052661636,52.03480994360531,238.02221060767587,153.59867321373073,89.37547896979993,224.8386848428824,140.26226252457096,55.60647038727,246.3988845584552,204.86045677381833,56.93841180145523,291.87883798321093,222.43703050121053,114.40509955576131,220.76372276354087,117.24879052614236,54.997729830181896,160.30139623903912,161.98865697073427,66.62655443716066,223.92007713321198,170.6283628012512,54.53584275487343,270.42414931034233,205.1953812315,64.60623877245213,248.57059728060187,153.020183984022,133.91485304783777,222.39113425262315,93.7858924031884,122.36523236376205,308.68901767286536,209.83953971305348,90.10556667978045,221.54597933613786,103.91880800177252,50.005094833305854,123.00848190737433,74.53008931076802,108.4386135357788,228.6304097654947,142.67119688940858,79.29089469114442,133.40019721629562
15,8,0.0,0.0,129.55797725094197,180.40909932407342,70.42990481160115,55.41851921586407,171.63475784280254,92.58545967236337,82.55898160345161,202.95040045830999,116.26621251808102,55.970930109739136,269.2139290152565,218.8952129880706,52.7359649548811,196.3777215285779,177.16570668583788,116.40968097783757,180.47853559364796,123.42426019383217,51.60180974466062,196.74882037086775,107.54925754971622,86.60565346547551,219.65143709092285,177.325122749576,41.63300434740497,233.99225963340368,240.34201125738196,56.17414527704049,283.7032628797357,173.98133859226104,120.84976793221713,225.23300957749404,82.99798184047233,102.66012090462877,329.3888258068655,200.98281626725068,109.7216196783253,188.1350085253758,113.82166806742684,75.1511244494633,176.2988992219923,81.82261388385406,102.56028889616414,223.42288053526687,142.40447160400373,91.69641358173098,118.53125671185846
15,9,0.0,0.0,94.98643272165008,153.67566369398827,79.15961317090625,66.80920356994622,198.56936784031586,130.4140071218044,86.20974372281792,203.766508185745,142.6006629668475,45.49191095061858,219.776562768849,205.41804505430338,42.66628509750973,299.9716121358715,174.49979274307088,125.49044726312952,233.66514978302075,116.02411164702482,54.82337064124451,185.26289494881382,126.11887344378535,85.40373680532272,213.87814179450515,166.08283889148498,50.123119879430405,231.72860328915868,190.46494098273405,45.93363691900713,225.92639532449863,165.5623600650317,115.43316566354957,249.7719970511679,96.81181080628585,132.2895349397282,367.495302133907,242.24773905929652,95.28913911438323,198.05949501424175,99.45043957360208,73.11233186596841,191.69277304205866,81.88701024025482,109.13046846002328,326.06428856082164,84.30123186415898,92.98645454797106,89.94097883132285
15,10,0.0,0.0,107.89712404932978,208.40065581196873,97.02522121023095,56.154574512975486,180.63389141611805,110.8214652435721,87.11952178552991,207.6934527809465,93.30946421187572,49.24301423013967,302.9322968806015,238.90872780733213,44.98445251035871,307.12583335558395,242.51096050551556,119.35214782624536,217.23187301762619,130.6369395857589,59.08118885083731,244.07172783630887,148.8238459719699,78.99179440773793,188.07617150604733,132.81078983236716,62.21938455316208,269.485606729908,184.5639848879092,55.54426749893112,205.8763732746425,156.47237068687843,132.70658051314658,284.9537074831793,75.98171158253298,106.53558652969241,273.0408447107129,240.9411306888424,115.14408503149417,176.57992711019503,119.46118973557331,88.66041327035725,163.52677931454963,74.4059265503969,106.99667022528081,234.865953174515,156.37290175920415,107.52768686415199,99.4180532362268
16,1,0.0,0.0,112.40066109678872,154.45586132436407,81.09069546803896,99.96364718684558,179.6738995833032,85.0629205036581,81.81101911061938,97.31588012053675,67.37888474945697,110.82453443134644,211.10201050559752,122.22786648355311,150.8516252066205,154.1855306267983,66.480044798393,80.54693154370642,190.44772318280522,71.57551610742476,40.75415397394005,124.99906816440425,72.12032099911055,77.13448164586255,177.60302958642558,78.48357005588149,55.761616582841455,147.48649127120126,72.66128501832932,85.66804190896204,150.9540397989796,55.08792895570579,71.02425294974765,142.33858117677593,112.53683832646627,71.17075758559282,101.46927697402842,66.2581931151546,131.2425061201478,148.24561708329256,40.667810551517455,139.59222896974526,136.8155317398661,54.98937932692386,58.66122310594372,106.21522874599012,60.50511849125112,93.69409073243345,84.06562168142779
16,2,0.0,0.0,93.90900692962369,157.3500850879693,90.68308518323087,99.56993964391634,176.2335931765088,87.67969246464521,62.56245425727484,151.07360379159738,67.89208936537366,93.10573058828362,179.4559221476729,51.70990977246338,80.55980558300041,188.52706668528884,51.79636577224313,57.00208944547366,215.8728510749995,88.56975193145743,64.12798458631474,179.90611303673063,107.59453291460642,113.03644756753147,174.51005993037091,84.68122045017806,48.86723675941573,121.83907120736222,79.31593207803375,123.77739928420075,178.6775482107788,46.20299552091101,58.608849560144186,151.5763481280781,105.85098587790351,82.7663094255034,222.08011349281105,87.94379623263553,164.62231064757427,199.31377534185603,38.46380268249431,97.7884014167798,161.83995618459087,44.23246141797256,57.25898562878747,106.60074094776135,60.32951026152926,106.1836177735284,152.22501031569135
16,3,0.0,0.0,106.79578041223864,191.0386293952351,87.4181557981435,136.5096424804752,163.0834924909912,106.79305768333175,68.50836449047046,109.86205155215058,80.10278187438307,106.3295354157959,155.60578509228657,90.02965937329105,127.87350757091488,161.21095456961342,41.80092759562307,84.41705631809441,187.2505013995934,102.27173402321222,64.23780687056053,169.1594491096502,95.08981108440146,114.68885280721898,184.40099834830806,64.89885837070473,47.88675377318548,146.46600409564968,110.22849735084144,96.99039853743004,130.87912259395625,44.529909193379034,49.85234444465853,189.9642321149419,155.07459220566258,86.16073054704042,141.3360641764363,66.07453202348916,128.05840170794514,238.6032918776803,54.75856478911135,60.71471875942716,137.75660834021227,76.8180660545149,60.540089173140075,124.53822998015659,65.96508676745518,94.37911378440049,66.283636995086
16,4,0.0,0.0,113.61023331801101,170.2363815917007,108.40816856397919,85.91576424672228,211.2972185526042,79.94082373618508,59.516719970526694,179.28357546236418,84.07506764596992,81.75956340768789,142.68537503622738,91.73409332260964,110.44742000397117,178.79260478837912,42.45980957586396,93.98778363641621,144.4171463723217,76.1277383062418,59.413027349699114,122.15792006662619,62.79439031135928,92.92448324243878,169.9632488583698,81.95608652436636,51.16981216473065,141.68284808730806,77.77027091945165,132.72890507069883,196.03035719972243,68.04450602676161,58.08952200160581,145.14293391937366,86.27678959178994,100.85710739471875,171.56599804949377,72.71977979280436,139.9119161216326,147.87903474556498,41.273961632353,139.55434576258943,152.2796485130623,58.05915824763879,60.56223074962433,108.56368789592943,67.82521590421085,74.12489347716789,65.1954018944712
16,5,0.0,0.0,81.4809272970898,180.9762613017675,85.87304258227799,109.73500363588677,169.58113519672028,122.20604814349528,77.38409582997298,120.8981975592178,88.85252327965173,94.997666343082,171.06062507505013,81.21533588016355,96.00484828176852,167.45378409415105,52.53812576986693,108.16499296214698,144.7862788115279,91.46196486060245,59.08520651785778,164.16698503309203,73.21542404148393,105.61129454106914,224.6757988849363,90.28872370263663,49.91524647273749,141.13835585545687,84.44520590440082,109.82997291279705,153.13184600004251,37.48508049570229,67.80380355183271,158.07454400717097,111.27419493418277,108.13242105777398,183.956269135209,53.35387363261894,162.39646398304308,162.89780941720932,41.49697413234722,124.51246005567037,152.6173415686548,58.744851166297465,41.08712653841251,95.90743171792569,65.11199288160111,80.9916519957219,116.0277496632869
16,6,0.0,0.0,100.39301834016456,114.13145907754354,82.78046553514973,75.0448142682592,161.56642853483115,83.65793267337065,63.61998045370972,151.14960009460108,66.09913764240402,122.45591954151877,179.43704765279082,88.79467876685587,104.41117419071617,130.4000473607089,66.67657016755548,105.11107020704405,166.6881770244233,112.07503304168694,50.20103775132516,158.15712126076025,79.24935584632848,77.65130413784722,134.80963477388568,65.35917622155263,52.8081425969695,127.97169166523929,74.9222316377432,76.23557549364486,198.94206554512795,43.29594027391169,68.59720231461543,139.97587442164033,59.5163582426124,61.10985199983162,154.22422030924733,74.05011471098041,181.34521120166525,162.86201176682178,28.074961805273333,105.08620128784105,155.685502565522,49.66617823587538,47.124927396495195,109.96698977409838,40.791285786417156,88.68073093541611,70.76279692003217
16,7,0.0,0.0,100.32189550445406,190.02906480736135,77.63759248006215,93.22671283218656,145.2830174571024,82.48415677106317,73.70579701798829,120.7740936039314,72.98811569873975,124.36070327125151,183.52936528452878,64.66516466442624,120.04881021346455,136.1803830491783,64.74605636865206,68.17660715925388,183.59426912254014,92.45537084941128,45.042583552423245,146.2092981002191,120.08333438559438,105.04734042029028,208.51767316030535,89.42579193357112,39.01921209430097,116.82788872156507,96.80889184067581,91.21784379922451,178.4743246115645,53.112118818141084,65.81626394390783,180.98125206959295,88.39042336500715,88.69745854380422,176.44190822994577,72.26841896560809,186.55047951774623,121.22386322108076,32.31061037745985,95.8564329874542,136.6110058851565,56.566701878301515,33.195765312513444,123.95176377964268,53.145806027504044,80.25010987411741,105.15954184587675
16,8,0.0,0.0,89.92511161943028,201.14303464628844,99.79085075846257,104.86170696842726,200.88480317084503,87.0472477217864,85.93844352925176,76.42871333847812,89.10124165779219,89.69475183191709,257.07704962213654,99.7303969083114,88.78485281057144,147.97965836537304,66.74961706417605,103.33312501999204,136.840706745849,99.81253182545625,50.86311846685246,132.0963335706194,61.80588200511337,113.31359411700157,163.2796398953586,74.27408069954053,36.5605469935952,151.08037823442808,70.6339774831032,105.34426836618024,151.75740446776717,48.56687743891091,48.6040008155175,190.10878781052304,119.12563465149593,88.72526619910683,167.70599132601177,46.0264106631883,130.30058092577872,164.45356031425862,39.66479684404723,114.5951963032848,224.47636787652817,58.75053750759381,43.472964739665386,80.71604225739762,93.42210490870528,103.52782194151172,116.01609018777903
16,9,0.0,0.0,91.70212963168125,198.08263715674076,69.28408184145847,70.96583695040493,123.74834992300237,89.33602853092293,97.10717941402524,180.67422256683372,74.15586100438631,87.29211867696426,213.31731305492795,78.868282661541,96.56358513260552,128.34311696101778,52.40273877579443,95.41890111919376,144.4406331953237,89.95353025851492,58.94551910716018,173.05608638084544,128.90467098869277,102.88303530362617,210.87403572053566,79.48883982284543,44.81017511555251,122.5524240403789,91.99569540708177,116.53531866053757,177.9085397134361,55.60725995837106,53.9036404185656,144.99590024458138,97.49538925342526,98.9453839747826,153.72248859388256,77.01400607066671,135.42438656112665,188.57742324791528,39.037311646293006,102.34324853585117,157.20353291691865,63.14509459601725,59.49419400040196,85.50930782451138,72.12454639936813,87.51505384222104,95.59610604134392
16,10,0.0,0.0,90.53971926599505,147.44102164614918,92.26652250300586,94.05181304668487,142.31136063941818,72.2351184820306,80.3413611953915,147.0546874325094,61.799665580110435,88.5539416605038,191.64612149142877,67.49619347215113,108.90204964192489,148.41997320541913,37.618546447269836,43.17268152657826,193.9518035800445,73.01430070295135,55.62062299122193,204.3596926736761,77.15098964581081,93.61529559342416,198.04168939480124,81.15577464950161,41.06708579909417,172.92366703163424,102.95684412372623,162.07028037432593,178.2966529564084,47.05162255794728,87.26029867426041,180.7189083907224,134.23249333725832,94.22590431219376,188.30053941829675,80.8728815760768,136.31512272164161,191.24073876081468,40.85064463832435,133.59454083950035,210.99512302440934,53.492769431459834,52.75181888901948,116.20411349909534,74.16580309474216,96.22948111262134,99.52248235455704
17,1,0.0,0.0,70.60880693706908,125.56975846318937,105.58713956006177,98.30096744853392,216.2610538773579,126.17143146395118,82.10646780058299,149.7369340201898,31.02823479058711,119.70298346067092,283.48571374546697,89.64840613292907,121.93240829717692,136.1240226768283,101.5859003682169,104.66142785857242,142.51008498018996,82.99906093810161,61.387901475614534,156.20092070426662,85.87273712718407,126.17394284490547,204.06223791027548,73.68416393914269,41.043260250260964,169.23890957231097,113.77501541735113,60.82159059686384,148.72778797069634,81.4447966564973,116.08408628227784,126.43019675534723,26.675711578219232,67.03467518359517,159.8111238670162,175.84657954727152,112.0452136334729,148.56463764739402,76.84377731838278,94.31512641250447,121.74704625881336,61.304896132358934,58.47136562641406,141.28383529551184,104.91669327921142,104.30721578339164,109.36997325426033
17,2,0.0,0.0,63.875383019210105,258.71575388668793,80.24089602609158,117.96355121284356,202.41910576902796,57.8075704670536,107.49233182456713,131.1440705279986,24.95134385690146,73.34381119771606,204.56654058457292,100.52923690447403,63.00269039010141,191.93765724002748,90.3746617333595,98.69852530514729,167.66699031068856,69.12886679812051,36.192223081748,218.3948144703834,146.42288524498372,73.72476830819336,264.53388739724846,75.54313939756537,42.78918820527593,167.09931625100353,100.57915912323605,65.99487490028339,145.02255977980644,78.14080925786017,80.88303908073138,138.46661809358537,41.07639143736504,79.19947092087467,190.5542490351295,133.37047292838915,102.94873244817511,205.6526441533375,83.88166441055863,86.07126208342271,139.57536152057907,58.36647607798489,46.09170691436189,156.49575012936316,113.36976375012365,117.38614629979624,95.73515604179453
17,3,0.0,0.0,66.21631797486627,204.95752826431178,111.80751754913378,90.0757114756123,217.83282805372403,108.66931199729959,167.1773348464809,150.50834515200606,37.5142883641653,117.15448730026586,299.0665891921558,89.18436301204426,72.86124110065055,169.5895198848835,116.59329849435342,86.35667038647699,144.6592804758689,63.61215819727146,70.83082862440054,179.4534696158474,95.61231122331309,76.9443678621111,178.07174578032559,118.57479082511004,40.726585723766476,172.0199039220546,104.99702300158768,58.16463697075308,176.77575159634833,118.53439647483287,133.61332743578149,108.77556628221821,37.85868678056954,80.22034500373805,254.96137305426768,123.04217458297968,92.87527692868866,109.96591516700059,111.11453004615555,105.80022914545832,156.34500871274835,93.47811496124922,57.498432356398794,166.13505987856485,116.52054885929657,113.51941351421944,100.54406744472531
17,4,0.0,0.0,61.72449209604096,151.55396597940626,117.86782853081228,109.56748504359538,175.20673543438494,110.11077700325457,142.64308700465781,196.1307278746184,29.902076709919022,118.28370749672611,209.53090956405057,94.92058962355516,74.87097647213102,267.930472904158,81.11045828496773,85.80400222516425,133.45990707552573,50.23324042016739,59.559723364976854,165.38598381778596,97.08181211888663,107.68019354915126,198.45113489415127,127.2041849709509,50.01102627975053,118.83072253965531,106.5106551588009,85.60129039770504,171.9537632277425,110.57685388664339,125.62560342592623,141.2393080169994,36.109902287925095,61.78361699555437,241.47746868277818,143.7609403613613,77.21512318506657,159.0756065097339,83.18290778543724,87.32891200409583,150.98355347874792,69.32039533515609,44.302727800252065,138.94073294490133,95.82016880255284,119.81017785329882,107.48631806202944
17,5,0.0,0.0,85.5139792911043,168.87513984716307,82.2690491617119,53.37116426319818,178.81089027829557,125.74429758657635,117.32091205794462,181.08255668409905,24.09906797671496,121.44662595233352,273.52288477672926,125.94920495692412,83.01317054633284,129.25718959036922,81.6660846674173,99.3696146734062,148.0080409232075,68.44837544394498,65.31547365662068,249.85843933605912,84.98230360982153,109.00010936218055,212.0176552762552,102.72187047692663,38.5022026915468,150.17783749097651,109.92157636011919,63.13595848413365,190.23913059779784,121.98565800196887,123.65640609138421,154.67605347851088,39.901880186635935,60.58651647999122,189.75268943344656,151.79045606903654,53.7246667139037,120.8836251215618,88.23066587457805,101.60557033432359,182.40940711430144,47.79756937923948,59.21709721728007,179.33977019184243,94.95951068912677,101.15741481858315,79.44549317365711
17,6,0.0,0.0,56.372545806412205,218.40346887057768,103.27021826306768,83.45877647056572,210.27895561289353,96.26023883380634,176.05877590099746,171.8636824392639,14.567296354920218,114.24897423332783,212.96792281484005,85.97221941766911,97.32856089071552,200.25805319565228,99.07138630548246,101.2064039904918,155.52308474409153,55.93759489876987,48.82050597064236,200.86363136242517,146.9901156227092,109.70405123115849,225.25215225388465,119.91941478678157,55.638135992380484,130.73938305250917,120.17326645690923,65.396391526436,127.76161439214962,92.52517149587065,95.75599693438717,136.68951657645138,20.393794859670685,74.7177120805764,238.26292612590498,132.9714925119561,59.49338041474422,140.89163027506513,75.73944050377423,99.29453870342287,131.62445051916492,34.225716008165016,50.134015640442065,79.77481635078038,126.09259742651606,141.93640864637143,88.56395160779047
17,7,0.0,0.0,70.05899282274672,186.28843085343757,105.49407938842019,112.2876544778111,188.57963087396544,79.22840712121324,89.99360627346556,144.2333766311119,22.943318405609816,117.07562794533254,214.60655373855226,118.76052999411407,84.88929895789812,179.5776964906622,91.1559647923574,102.36426524534323,155.4703071545362,36.12046775800269,61.11997468585898,224.2365776960596,128.02812829654178,76.40004426079363,146.70312237300985,101.91041461023687,43.21987430985408,216.53139750944354,101.91217756440003,54.28315487681641,236.08359547684114,118.72364272881539,131.58492538649367,129.90615435379237,24.590653874170716,71.41293427222438,216.9124064068109,154.3459026607022,81.02123665922797,139.80849335137242,88.06340593636986,84.77916444732593,131.773173865211,64.33196144661152,42.72211881245422,157.39639636452887,87.28353516778377,111.1372685762368,93.27426729051464
17,8,0.0,0.0,40.92087746368289,194.21390062355894,92.23006991956646,109.85554935352627,215.1374242856312,118.83902498963204,156.53565789807269,151.56962086816324,43.06087655418374,130.9713155749178,125.28615551825011,104.96202933238266,65.19462027726175,124.38977230969473,54.857164126630074,82.21489226529212,129.40398402308494,47.57704862338842,67.65058168439906,163.5542651941643,144.5743473328751,88.3408046639955,161.96111773683043,68.39957786687694,49.315423286540536,161.77129303516273,152.60114915790263,58.15280151636036,247.21829701462397,153.9770504784981,101.02445195784759,136.2106359539754,22.003389513171,70.00235291865823,176.84682533310684,119.15399024475029,89.62230693356348,178.51154435103805,105.434821208768,98.85893103094172,173.25489657701854,79.42560256929683,55.49758171465679,143.19009590074617,126.96838153395512,126.71045240152719,105.96613967862613
17,9,0.0,0.0,82.22308974357581,195.22201578067128,122.82987273184567,92.8925224144599,240.8034880191242,134.7901219816441,122.52682108482429,165.02748837065246,30.613880351657762,135.292853557062,226.87290692104656,111.74253186228054,80.89520858186661,156.87068845889272,69.05720101987794,108.27092371858993,185.5187131429769,46.33458998954153,86.27623824840362,214.6555987065471,105.11698116506858,83.44469422487114,187.30408449413378,103.33912402475143,33.468083962808066,163.3080657960717,101.30973106479243,62.98305796635569,138.11800616515853,121.3453142985826,113.41736966249752,169.6699406683287,24.91627290180994,55.20166735506198,174.6078935798989,66.03601098150328,79.9015139437355,122.44858527277609,84.82963357849194,92.48241340094593,148.82350577255522,66.94154209672779,46.58877370645965,120.83877494392343,94.67571131860932,101.97409351727555,102.66114307020898
17,10,0.0,0.0,78.04003278794183,168.03012307351202,140.21664349016237,94.75875345813174,167.61121750601026,121.64416509785549,135.18072464440323,159.5188404279907,32.95899056873238,148.8508924491791,212.35281770594807,124.33922385595466,69.38538930512618,183.60078272355187,83.03848602286374,93.25290887074573,146.56910011160647,45.2791680080285,57.4217488347989,179.56423014481874,125.62312337952086,79.69122851584407,209.31741948158606,81.43381284784056,45.031134376110934,168.54505399914643,71.88553005145373,61.47134770040738,229.96211181249038,161.0005967637174,129.52541780858107,184.27934535574897,30.54948594965036,62.81832801540256,204.02333660567908,113.70214738482093,73.91911808954757,185.25606052455197,97.1861290284935,99.79570166035418,179.38357727471194,82.99469397494441,40.021774875429344,204.2803997764454,84.9312281640984,93.5960599128716,101.60653699826257
18,1,0.0,0.0,132.37319694198786,191.20823936802128,52.520245176435274,127.01443438508466,157.63077083667275,85.80448407667525,63.71457722535281,192.1534670622877,78.26335991843143,127.21300138052449,154.25700846541773,44.92375432908706,91.84301464200445,194.82347737351475,86.85294697083269,42.07307197104743,167.0324654868022,127.56558954682805,54.2569910163629,119.58155693305814,53.29060978945218,65.04505014409138,175.30343919469698,86.25440739514076,84.97229733266099,54.497491663900334,29.405965559874417,61.79966387083249,194.05972769343714,85.26759865866967,81.01675126409755,120.93843357307156,60.9483265294508,67.45927781942333,136.12665179446125,67.75280310400237,69.94527770897864,141.1425022565303,46.622812710938106,56.546826017533434,169.42467491532747,48.257567814011466,134.67228059297545,202.71873395099868,19.79039955862817,71.37454187439225,108.54236638087625
18,2,0.0,0.0,103.8921928024074,167.17172226762864,38.16522304334402,108.83905793277304,187.18509701515856,104.56807471381913,62.45570904887213,156.75157220444697,84.99599952930532,129.47867292672797,177.02465350259422,46.96119453587168,89.13888885496341,241.28444076255283,69.33806992282234,38.27082829784672,204.15150461078176,159.23498915917676,70.76711931278369,112.30669261190732,59.57447039616948,73.43275688687814,237.74021939983834,82.80518081331579,70.01732449010092,146.54208257423278,28.11771834664673,83.60062795003027,214.46729223279266,97.82943726391616,74.76061083406317,147.75556091174963,71.22875927353795,55.98919341880144,155.1039064005671,78.18749536159547,107.60378298795818,224.44818083591667,50.75531988029671,106.18562336816801,197.41434200663576,68.52667386994747,163.13959427324093,137.30037512416015,13.640852259262124,69.94796572668665,110.62306897748245
18,3,0.0,0.0,94.45501062166298,187.06817801399185,78.03218579698884,83.94812939303638,246.3587784013697,77.32048029765765,76.2750073648809,148.8667840142141,62.51791584249929,113.6027482446636,120.44321903048474,47.773324401112646,94.1694721356179,152.99177048475653,76.87468064409396,29.397898197341597,148.7966085947354,117.12154202461437,64.02647257412463,134.82617882936,56.27525719702653,94.14753481945641,157.03350520525947,94.975559693828,92.18799133139981,89.94248032038291,19.038695213598302,62.42452576860542,213.90587613786167,105.5369749715417,80.9939339797449,155.68393327284693,82.9519719184304,100.75777853294001,130.28082513526408,66.25054897698821,162.39285145285535,213.9360152820816,60.48216643082006,136.8861155963889,114.10536760135341,55.43744593590936,95.45686109987012,105.7297274944696,16.634101692899808,65.04668246432117,81.3624244657088
18,4,0.0,0.0,125.87975103993087,201.91784547001183,73.53455921731454,98.93738269053412,157.6706727466327,64.64913600459089,93.1667974376073,201.0480384569717,92.07185403170817,105.62852817018218,177.3865857418678,47.174307362121915,121.23725922974859,195.51528236490333,74.4731654370394,38.79759020822213,157.20506387089938,114.48208738757675,53.467079838955534,143.38337204174613,64.9211186908184,86.28162734528681,126.82218373507683,92.39353319649634,105.9074708000108,100.21484349023117,32.49221867755044,70.8612797481896,198.51594131237604,104.4704888410621,65.97049490234701,150.78206594777424,34.57130408051414,72.46439144682944,127.25072447343497,60.343041566063015,94.2712594285205,150.20707214665762,64.58119311556125,89.89406465359683,116.64740126416098,45.83261731621066,98.31512323213397,149.6717003313649,17.68907838394953,82.16141022333692,93.89828874089841
18,5,0.0,0.0,115.1226666992763,141.85391423313104,54.97200086747267,93.25599597893438,141.19121283771233,85.12843888294397,104.60326074780758,125.83849860043443,103.38452013757636,70.78942483684838,168.49068070680536,51.80163393991041,71.207411593771,178.76153384012693,62.126463878032894,45.88798686542215,197.23558424877757,112.13228672309042,42.76053844869234,124.44558681112466,56.040174767280064,104.11795004743365,164.36240583296666,102.07783423137246,95.30708188619279,117.58311746161553,36.01186453670278,76.65746218564966,178.29951063196458,133.8555286232365,69.79836097017795,105.06313102459228,75.82146925697667,94.27477183842414,198.44452492899964,61.2766686430112,126.97233899062245,247.4389418944339,63.82713160730329,95.27551168264706,143.77731806250927,56.050865158330694,109.91047326819677,187.04168774031277,10.695930606862285,53.75991756607553,119.23119521435993
18,6,0.0,0.0,124.03338637952965,200.18549944451183,61.036100867849164,72.54214789731971,178.8564676585886,82.82529747266503,83.90926146981356,145.3894146862481,33.66246380386418,95.80808401844268,137.69416008599995,25.59440512348276,113.25118564174046,193.64613767439724,97.42910079117172,54.908166004142615,163.56991438908648,107.92157885350878,55.733276041550454,167.43722758831564,89.63115265417966,54.026169005915875,155.30223165315405,82.44622760532681,82.47905166255013,126.39134064040873,30.094746389480683,75.73254596855384,193.3538974586536,117.04289188745264,83.3868682655431,140.85455051259933,54.021323687404774,84.7312611701352,155.62326426253,59.659864739072134,148.05715568329646,237.2686856258171,60.74177813384783,78.37800009381725,143.66091788259615,54.5271904227712,139.11706327889704,122.9447527360852,14.754648769523099,62.96656087973873,57.83660238753377
18,7,0.0,0.0,98.26666174306378,156.54567863258308,99.44397743144731,95.32672631907066,236.61219815566744,100.53242381168783,119.40394894003549,198.19737908480775,74.720611243707,92.33214747252495,178.21000406010967,41.91004486147494,90.33967302200276,196.13954097061995,95.67654476482272,43.26818452576269,145.3886797678292,118.13517571953795,50.39489695412611,116.49954022398128,59.13975590937827,62.683002484654544,182.0752052203037,128.60047107715286,92.38026355634096,76.17129059967002,35.10650918529168,75.0539553034524,217.87594007968167,106.89802794444643,88.51427113644394,184.76366709894356,61.015956046441644,95.77965301699912,154.80419892402648,33.31352837496472,106.26332247427499,150.9786023256248,59.28494121023449,116.9938353624324,147.01803617297477,64.45578377375362,112.15999914659804,169.50628909561848,9.070209456848616,63.34572293701793,109.19227448932293
18,8,0.0,0.0,57.57538604593762,206.7459433423411,57.67827982569819,87.7507898947211,163.42366699487565,90.21969022009215,80.2643544525812,186.2039895449152,80.73647866859665,125.4241065915536,166.46663392908187,24.830547855877498,111.60284580951635,198.3788567850819,66.43379272084877,40.5775852720107,202.83929713082236,107.52882921417232,64.83529144506491,117.95088281359807,59.69251937545053,65.14429999852184,167.0488855226357,109.67502644202114,98.9818342100101,98.15896027210505,27.223296212208624,82.23304577276835,121.43519711798643,96.31339685632148,67.41556493463612,111.95043065500872,66.1043746971133,88.25355755005496,146.4935503942164,62.073009601844376,115.83893674020528,200.92175538466563,75.94410260086987,108.05617410870788,181.20698696447184,69.39240528624002,141.82319679345818,133.15997643597646,16.234707573466515,57.863128248583635,120.10339865280909
18,9,0.0,0.0,147.78560998376435,206.2925558398101,57.62276918858015,73.84630690094761,182.92211892165963,85.65609754661408,70.19847560929246,200.6887645393152,88.65828121479915,141.26611050707012,228.6017248919328,43.794628133397346,95.04883298002083,251.97961865318138,75.4558827954832,48.852717398307796,153.2554166807285,94.64965853986611,60.24933776918549,124.4134438807658,73.12259772635352,63.50340615458914,149.94324671960885,100.34700313489577,102.77294090225666,123.0249851049963,24.82049111940055,65.81319764980402,167.80294138488358,118.18013641907997,81.00931795914214,115.78661788197108,87.16277202829829,110.84421108539205,114.76139797381092,54.319170854878784,124.2140920601805,224.99750457471777,82.26949192246505,97.87841923519524,166.09525351541228,67.22676731858603,136.6531839448994,150.59438520099368,11.456590260534512,66.8792181217221,79.76211012071286
18,10,0.0,0.0,140.4267095700473,156.99559099040053,73.13497743705402,94.70783471447464,118.88925881495584,63.38636073619956,60.69283595657015,201.48298827943447,83.7953171152747,138.2561718795561,159.582187869135,46.14124445777632,117.39047428781949,133.1537720679093,57.16159835321086,38.76241167110806,146.52586704699908,162.7743484848371,53.73346562884386,148.32398675815412,83.36556824555778,87.03660910600064,170.55425614781453,96.09046643676284,71.83734170272281,109.80454851501634,22.46238164514721,69.74698062046784,168.83373576011226,122.36064612415515,64.34108288286744,150.194511202073,46.96970397232674,121.29966584634158,160.86525419301438,57.121595730984076,107.50349800246146,279.59240112645045,86.53217011934035,85.89532250714852,158.51246752127253,44.12487085689364,150.01632730913533,182.24858351231623,5.897466704712646,87.847284094504,88.80073392636528
19,1,0.0,0.0,133.93798344733077,200.07481612347817,59.55698246702822,104.68892240992433,233.73288306877544,96.20545538859815,99.58619644418543,209.15748427352324,133.848930358098,118.13770719492467,243.6266896539239,80.35073279345045,41.235417168074626,216.6152521877283,133.74705535225897,71.81120862055272,289.8503913952051,186.01157260624475,83.37696478624778,204.04187596808293,79.15479870952208,89.97156483505215,247.7665468474229,92.28248128302737,82.74261873189724,193.3886882699298,121.3885523115329,94.76720707233659,294.60042599949776,156.1024923234886,55.948015020395054,219.1929260042142,141.76773242764332,111.11519798297039,200.11131158773688,122.53917965832159,69.13368678614475,183.28697716707833,125.73079043469106,96.63668842859141,198.58802468676515,75.92005366069384,67.81913404714022,214.83466737090623,93.51070660801297,68.80514252543914,110.8367172203882
19,2,0.0,0.0,141.12708225676147,285.25596482389705,62.67192769447075,140.0234226037872,242.44267061919263,78.36600274087317,107.91399492055508,228.70962978942998,141.1153928932136,70.18930919523831,222.7051543576439,88.87964020121065,29.056515556986007,295.6647164663316,221.06982024816773,66.5499181795506,242.0032654072029,283.9295415497884,103.09533555411578,185.65498930794615,70.99152247521121,110.35096709762472,219.43170602921117,108.00162469954985,61.7367172113169,131.0413050372713,95.792935545014,76.38052171708492,251.90479733387352,136.60041621186306,47.437430759089,193.43857655696613,82.880868624613,87.19766609989222,156.7151802152069,90.25949021533316,40.83308411024516,142.26502205092544,129.32284921744693,82.35023786797989,193.55827338439903,89.13714360443261,67.23011770157422,210.8746087875183,158.2521461686601,84.12300764734678,102.70772762514112
19,3,0.0,0.0,89.48616279166288,172.79021050538145,51.4880462797802,131.85008949010017,222.00419603389335,91.88629828417366,109.2631117117879,217.10078796080822,112.01559929572467,118.7117800192201,136.4065250133349,101.80200708620703,29.403859814460315,198.52539109730245,150.16941941194847,71.6648356979432,301.3572209375861,140.75295141125997,87.16955141229224,172.38091824064418,67.63296836843361,129.4117336750279,218.83761048463987,59.51802106820712,84.95493370075468,204.78076456129398,97.4283846176569,104.4269344810195,226.29299588974703,130.94500567065563,52.68804115345121,159.14710311986266,148.89655689735397,118.42446046499654,173.02952212748679,100.70146746096921,58.63070339739468,133.2672207368439,115.56050627216007,71.119125039219,204.0561610107634,131.3401286087772,65.81784033846327,223.86453657699548,133.20929665820222,92.29724126727733,95.19026112631539
19,4,0.0,0.0,132.4687794946146,180.63766156744035,61.7799034439858,123.49902158721919,171.45377903465214,82.06407210245617,96.67956183081132,209.17285339219464,111.70369164116785,108.13403618491894,168.07592540924782,70.77376278001952,48.54962844380516,158.94161699485363,241.90612298429633,87.33789777083238,347.7965611554408,234.36013531063733,57.03560528796034,82.11261558533366,92.79476998144102,99.82591143038607,147.83377101342492,83.75803662985352,62.548000436130415,236.14367627020775,134.9529609796466,95.09546565801814,282.50730809980513,146.31214165881028,55.31949550081601,198.37745233786595,161.92308883226772,98.59465898910427,256.0150494368376,57.56482277559153,51.12566712318603,171.5603945427199,109.72687371247996,62.8415315655753,218.40407840254682,56.780418852998174,62.173836248794046,202.7574558771712,97.14489946176737,93.13920066917365,93.88578952219869
19,5,0.0,0.0,143.72199716635552,200.96213527098558,60.18411936436588,139.69188428532328,200.6056701750884,112.00039555673557,64.43239986380607,218.29892477366985,145.89225799939996,98.56712473649631,195.33571261015123,85.39854624447321,46.730790685130245,166.23988724571646,187.35583696265553,72.43207627917901,293.6947145364677,154.3063084187641,100.05399591642383,123.67451209069894,64.34268997120834,122.62350610907993,207.3323521222099,81.50844104122463,73.3103051947399,158.23646652650444,142.88759519562467,84.8559497834529,219.36231894204172,173.26000355987208,48.842406065247104,169.90085585173455,153.58432200377538,94.9440153516316,250.86985686535644,85.36119804380027,43.74750284869607,196.42775234695677,170.14674514475598,89.57201062346378,230.1018064910956,92.45900240406091,54.78170103125238,174.7203045550706,85.0621250918741,68.34158339394224,84.81402262830946
19,6,0.0,0.0,126.02194242871977,203.2530739795306,56.101143370948655,136.8565340568155,200.0421413316044,115.47008666873242,105.48780059490265,199.79572874231255,145.98645918738944,97.51524951434745,193.71440497466764,66.15680623181133,60.509372395514355,191.63313820280547,227.4432501839326,65.77220218648945,256.26370493392506,229.40170551808882,94.45355837416714,200.53560425179856,72.96351082279371,106.30852242334622,233.53598582244973,102.61649235967238,58.55245815524381,170.2814445386796,133.68612744342573,93.7872960121774,240.72734214434846,194.20532423555295,27.48702189978277,231.17370526461428,110.5286183732548,105.13619427783001,188.9435656214273,109.93577907927192,47.664000296282815,231.56771878655024,155.98340375598912,95.31467782716463,210.01405301304902,117.86129614485839,84.57463726793071,143.58461644948233,139.58986400042158,75.71409018892129,121.02737461455631
19,7,0.0,0.0,124.20927616682856,216.4060384276067,58.975358435621686,139.35501767171638,199.0018180298769,77.4844599661894,54.53699403240191,195.3283017288261,152.60235571628476,93.77066211733165,217.64651004543586,65.19035192648013,51.962651995723455,313.87326484108337,270.38827945055516,53.28691888959267,235.79248994849192,191.56308648333166,86.65519417106172,156.48721813342917,108.06897463640271,120.71607399649423,132.32747806940853,103.33261768518244,70.57382717180039,160.97930846396793,129.10158521326508,94.33554427705842,242.47369841866077,180.7054062380863,57.2840310269751,171.90243359843794,149.5106148400697,110.82710146955321,156.40188537250543,120.75540536520165,67.00505002160966,203.076802059502,71.97703280690382,98.2008658664598,172.72666679343763,45.43657914545843,61.76358907117369,183.90592509301092,113.34321917353192,51.0545477807454,89.61266804384127
19,8,0.0,0.0,122.23874298190943,230.23996976340578,58.2620274231831,121.11540588360624,210.67532651123844,111.60021373758781,111.1379919076989,221.2965931423163,153.49391321365013,120.51155397796015,182.2664056681727,85.19937623630794,37.53825864543322,194.58669560618205,187.28369687171318,67.81673063677665,253.85229424883886,138.72126659366765,108.01478510917529,155.9549251874643,88.96047214801803,122.2801141221451,192.13881147282186,105.59058536529854,76.2404124133047,169.3207563035264,105.25751337107594,85.41830450674288,252.1038269361877,174.2463618585947,58.00175120813293,144.9216067031012,154.2469691621545,127.85761351130361,218.42557425399872,115.11732095410126,61.741936380940615,177.68581545915134,116.9451588034837,82.21892281123016,184.37857408048342,115.35609108669954,60.424731476420895,120.77010029725261,99.3778224731099,78.1206794832816,104.72308245819154
19,9,0.0,0.0,101.20647910433931,148.03678554468058,67.12366832224873,114.79396994072196,172.8448748974244,122.54685011806161,95.13115052799392,196.81307993091076,161.14326468249428,111.90183550938946,248.01744481734488,83.93957051266722,46.993190738938196,142.44644071699125,232.88951203689723,57.205893373403214,240.98501704925226,202.92418645879707,50.23238842344132,168.9935672337228,99.06637775370166,109.59377298272531,238.92986667913505,96.56944690883707,55.53925627560614,184.476362405165,145.58982682459134,82.30224764328383,225.29613333386587,167.6371833998569,53.91207468144557,193.81414864587057,203.6645928424187,121.8845279802735,245.32745014842777,73.7880253251607,53.73974805296157,130.48030524324972,135.53523907861472,82.2572311683559,237.4327447743869,88.34276937325122,65.76629208933315,216.07004355213658,156.9967455981444,113.33869772986958,94.02666765905478
19,10,0.0,0.0,119.11575680742422,168.99289065550198,55.613412504818314,123.59777857159892,259.64039176604973,83.51521510785835,65.91578610478263,191.23907909010921,151.30373341674758,114.96784837055826,225.25647783898737,59.13524401099187,48.87397747288401,287.9520557590737,244.7948155293106,62.79565207085458,270.1980900898359,157.2332803767058,79.84351687458957,212.9297717099049,108.83204648590886,110.20962665185519,212.74483820922592,83.46504836557783,63.387124822270856,146.2847938075531,128.44696824199207,72.69847370969816,276.02308425672703,122.5003463981817,41.09073799696438,216.38925318491866,179.33416910422366,96.52999901732585,190.01384780568029,91.73326370057661,71.09583129245232,208.77386978904536,127.9122718069001,103.61965283676821,219.28755340100162,48.742023800728155,69.44346130761774,186.8224178915899,115.57771336586411,75.21510359050636,131.6137908783249
20,1,0.0,0.0,102.26938748515525,465.51789828461807,268.0195462456516,117.41938997017706,453.195857260877,484.3615065461456,58.321363955393416,597.1712597681811,452.7154886795832,78.4720967521992,571.7291161285525,492.8651609124186,96.56715013970626,550.2171082265315,457.3320476727332,113.16192409239906,370.65212285308905,387.3358457369518,98.09897934117556,396.15600562847186,274.15925204655093,46.38528627616025,439.34205483539193,513.0385907558624,139.7902444844088,385.3835242106277,241.55720100484544,63.4725935446976,376.7494403211386,179.81833471206596,35.05392510818187,585.7714983626419,449.5528259391238,114.36747843304659,527.1463655294434,300.5109637997592,120.73423559436762,544.3669479566755,517.6666593719424,107.35919444713015,444.9690695908565,298.72888946687755,110.73428502417272,568.4729124140239,430.1277452385539,135.46179940500124,125.05760050265604
20,2,0.0,0.0,91.07165694404698,427.02533772723905,390.162056016862,104.08984052930552,399.5276531793328,279.6204190788622,63.511086661299025,510.4910029931517,548.1244922853293,58.60036185767296,737.3897594441282,534.6925972454525,127.94804912971985,535.4130742509589,461.49234661487503,130.6706025854737,483.06012271194857,259.1733988132062,110.0408533465918,388.6934673040936,314.52663316926964,49.97133495995256,518.2803446038349,488.1777900680136,151.19238513667173,462.0366723381082,213.98726993121156,65.03174513883737,319.21745704221206,168.5471171639751,39.84370828705173,389.1514903279714,481.708508768617,76.84139146004765,562.8037397630184,343.2580074675351,125.03970751489005,653.8009217291551,540.1189613380278,133.49463509211472,344.6185124501959,228.77825719802985,126.24292135019996,496.2898760932514,348.6809439323547,93.41533748985773,89.22236625260021
20,3,0.0,0.0,97.31036198613603,375.13030578973076,254.56919831222564,102.63422715506209,455.3428278617472,345.24899458077937,65.47717210867779,567.9238599631824,340.5674009709102,75.0967729255733,458.650772278614,429.950466774635,134.94634047594846,469.5560604472419,415.0771022074671,105.62625076701345,308.9881513435206,510.03898943430517,148.56138646906038,353.01613272984224,248.0966537563981,46.28583466211438,485.61011330458996,401.6273221774817,136.78496947664536,414.5540088756505,283.2138023147263,59.77823559263368,361.3943149210093,216.84006982170928,41.835767772959905,452.4462843712784,383.54316725179507,105.59355958996596,477.5954984349902,352.85339984671754,87.36466776343904,587.729391699542,485.37501965101075,211.60406489448775,514.570182307073,346.4587231460121,96.57727891503237,413.9440401663651,459.15868550615636,103.00096825861448,113.59384406459957
20,4,0.0,0.0,81.52627004144253,525.8925894577009,312.5966272049576,85.57845153784743,383.8554658499088,372.66551539460175,58.961276229718614,566.1227227078558,592.5015035541093,61.206342954717265,671.0419710797029,322.2955859578501,142.13083958692118,440.5585203135978,382.130067730104,123.77268408811497,398.8761685135775,460.60758161726534,143.75817581108882,325.17923924201847,336.9376294614304,41.56863861446459,513.3868213065341,329.1024939095749,133.5895060019884,363.91409065182586,213.89378409427542,76.4883351618006,239.25288309304764,170.24075675649715,39.935080554801736,577.5136565771052,358.50913149348605,108.98961159720535,383.04789665555506,399.240154588719,133.86174335009883,786.0992431924024,622.6446834253562,142.2808286582037,498.1211734297083,272.09889301194255,115.69794029687547,668.8663884638461,337.98673239596724,128.95642016999028,121.5274537965926
20,5,0.0,0.0,84.78117822319832,563.3254921038357,374.4926935797811,71.3219408255597,406.46195690782304,369.6433272479311,58.2435719637129,438.5508718414008,482.461772969004,65.12688134606157,532.0879684708317,402.8298297676793,101.32926775145528,531.6281250294783,246.58756594910307,114.38816234913838,455.93663028607483,386.4390381462378,86.87690805368459,468.3786005554851,285.0418923925515,54.68561297445268,500.6845819022584,342.4112509548298,131.98725832964104,524.2665388281704,316.230286036257,61.373158965492976,340.87227392011476,219.72688131837296,46.560359773791646,435.1451316124425,478.31030986305234,143.20111270935547,563.3383227722425,353.62499991717567,147.57706721635432,637.0844677787823,531.0667822877206,150.60427050680482,410.4094488995227,246.27610767182352,126.99477347831214,444.48410680090797,352.88447322205417,105.34772513514942,116.47126566796007
20,6,0.0,0.0,110.36932258214286,290.2795288785839,390.89034037725907,100.70171998871669,265.2563165508376,295.2775934483872,50.53332600582074,408.91746993102413,447.4132775237818,73.77505493217774,585.2956424732292,567.8432089441907,111.28528162626789,464.2977013449339,438.9940817608864,110.24368284535116,525.739809253471,336.9593640412809,146.64945509939415,312.8472626216153,297.71535287300696,44.717506330993615,335.138363203946,462.9591851025392,145.3302328447103,438.98039944734325,198.28906748362868,68.23153048932443,267.5372377314246,219.32721345549004,51.20468162327032,579.2106086596891,392.79776838647166,112.51274028787273,518.880322287848,425.91836147393815,87.37107485145486,601.0182403334829,602.8007243601346,172.03964921621994,496.038039938111,247.95685955021133,98.98985815945329,754.7469957137894,405.21255057435604,134.06949827969248,95.72705850553213
20,7,0.0,0.0,86.85104473278271,435.7228805613798,302.2760532548325,81.30967471381872,418.0647260099675,460.53534552037604,66.84129076163184,420.570189266549,504.4489476671782,62.98405523658737,605.4944594065174,453.90786137263126,103.96213229575363,439.8427310541453,414.57659750263144,98.38876815332017,415.65531866398396,407.22053579831635,145.9812930774837,274.6827655246475,332.23896314125614,48.20017791109364,218.98495077948365,368.50787788763876,116.86234038452767,459.7709550070259,241.5994132259956,73.66723253788471,249.59078327853342,216.43651575132364,36.311695854187114,521.4614444163433,521.1376153540589,90.24665826561692,545.072852531266,313.01158662895,83.58817400215958,718.8784586732288,612.4716773496189,133.82687396984502,286.8331032547752,211.67787654531807,108.60724873403515,605.1949836423336,517.6050386774182,137.78671673181896,75.9014466679556
20,8,0.0,0.0,97.01660098705831,414.44613716136706,410.0286882743123,75.17971340508007,503.4237912034994,323.19863058360846,54.387478343464714,488.7203338530287,470.43474516604715,57.31487497365181,526.5933938167892,500.63000315906004,76.32587349809896,375.89492419531086,362.2071908650563,117.8267907251142,540.06383182388,400.25302000486477,117.2316934676112,502.97417348512215,303.3349739429359,48.06267969722511,551.8050502836579,359.24420851206753,114.45358196975411,464.19568914427214,259.99017724681846,69.12176677344812,376.9946855301983,235.8016832569901,43.935006474829834,438.1351972816112,387.41846614665104,113.51626255702585,402.02551748600234,415.1242112151562,113.81976432824655,578.1988418030826,508.0311385110203,114.38633696524238,397.4482657992271,260.891448043829,128.35553801045597,556.1161937852868,487.9372878108608,106.71261552904333,127.51990979075474
20,9,0.0,0.0,81.61675387182787,387.6860818320416,398.5665002203857,74.2938107111044,294.1781566295703,320.23347348090664,43.50593916840542,597.2749562688678,324.5171256856633,72.42979171751563,494.1259724364578,501.0020216286508,129.9000233146897,518.803740722976,217.54467628006574,114.55864389244287,526.8833064192293,430.50504406121075,136.1400488346503,463.9813555914608,285.5439559704695,48.20642415520318,540.898863090765,425.62171155701185,162.92546382004318,373.47344883185895,311.6015212472944,69.19374175911172,366.73096745792293,171.36912404788958,46.29799098105199,484.2643693116671,491.39092931590494,102.71316513402655,472.2100226755904,353.0466864355861,91.65639094419726,585.5528273612398,514.761705046568,181.3249550585478,480.98988593775186,238.92462062999815,103.84419738555917,485.9893444905887,422.435617518341,123.06680697997479,102.80901762614135
20,10,0.0,0.0,68.84496516237103,446.9774864912653,324.74637520798365,104.87732642740582,522.3959696810315,400.6702870014197,50.407130036623826,490.8571018461331,334.00359914683895,52.62715363165374,489.12910637694995,494.5595777897139,83.14285756441137,377.42319628816136,481.8975962132217,164.020802319636,638.8369001225358,429.9609991268452,110.92105685281048,425.1338752140785,290.64282236833895,39.41316293401902,446.07258331755025,336.5467428106272,124.44490289063224,405.3984186322813,294.4375243605732,60.17537475379242,317.4956470676573,302.0914171323223,41.58900319234644,334.7870368503245,484.6117077438196,120.37918192194944,511.70074161143646,510.84811671273945,97.0724912994831,629.0570394547436,355.1152517111682,133.9920543153483,327.96778899934554,284.4975353833257,122.97386211386078,536.6223962785853,465.3786015283209,136.55545468744646,105.24853275563899
21,1,0.0,0.0,66.11940327207465,331.9976998651671,319.0986538411368,52.0742349361815,214.7302923864196,210.29338358548299,101.80908816247431,285.58311461106007,253.78948373837983,48.2222430661234,239.80457715458283,228.869242540038,93.07474738779871,290.8905868689884,192.72223833985095,156.5014281475142,280.9911366286062,222.01421544031956,67.96271141927433,399.69248098446377,240.9264669308165,66.32592757720984,246.75698189986247,177.51848105068535,88.05268177990493,348.24608370807806,276.7123478710604,103.17367750654662,290.82537951693973,89.13689333522622,100.80379692777812,349.2118564737201,234.77646051567163,83.59044012888512,229.2930255913513,167.5421768626115,88.11481966930282,245.62712801473566,123.88223235668158,60.41512703841237,476.86621061693546,361.7609217609777,71.77681047261547,270.5429638325194,167.53545949759783,133.4989628797607,107.44161336778137
21,2,0.0,0.0,57.16865652470197,321.12528551991295,321.72086321887286,66.70263826431204,290.8941570354028,242.3935812644538,96.85445827340112,357.87602155029896,270.2272664645882,50.32942669478346,284.59455752529175,198.29335177373113,111.81428321006831,294.54325641092026,164.28541952070003,107.70460744676627,336.1585822849744,223.9338864276531,82.43525577150457,401.57091358824283,342.81485912087703,46.09481760100632,222.96860509913193,177.21597583611842,70.37471292591212,349.39718478506495,290.8344343893471,137.10122151917102,249.16798086163496,150.32160041505043,73.52760199874594,335.184424884509,300.9732202913618,87.63994793221758,257.6769993075263,205.34592345423474,75.69166431297204,244.22860848845747,135.1837292032949,79.77929385152355,470.49706889286915,295.5775181919974,74.39316050414246,285.84032390430264,211.8382585554373,95.07982324389636,118.22840065151017
21,3,0.0,0.0,55.88688822723375,357.4211298248116,203.16705228493018,80.1962780813122,216.48051740211477,220.46466866739087,94.46196082587987,369.49945274861057,180.9899278454031,38.01784167731438,263.1117777525202,180.8509025606552,112.37817972215285,257.59189764813885,157.2769673127331,102.29755242969648,281.1508909968323,183.68369555745954,73.57992304404667,351.98268132597485,449.33746891421515,57.02421862886471,241.5964810307113,212.06786847949778,87.51137401560408,280.1191196991948,243.67092294898194,121.98372853585218,276.47167703429125,144.96076416395184,74.8593685689533,281.9106499752112,253.76250514987316,77.54804728742882,259.10371582130017,191.6630377387366,101.19691925795405,230.23304327944243,107.39690029052399,73.4561163870918,441.3762787338586,283.1161797186898,90.62640325465955,265.0187325953379,179.85265056634813,111.25396738855994,135.88310982700008
21,4,0.0,0.0,59.19741677109024,292.8611759993302,248.93659468219147,66.77037631947204,240.322059209864,219.67691822327515,89.46752274782004,369.9362014286223,296.59662190148936,49.51973048003955,266.56134868078715,299.65646277978936,83.80216593871899,247.53427664860263,137.4365241035571,129.72468868299381,395.01079855987075,186.41018816708097,66.50032336601771,403.5147722870106,370.4100358104457,58.70414816271087,252.8171822566544,184.36849076731107,101.52604251650945,321.2284632348182,218.4930547883526,146.54014994142818,250.76577661190737,181.02771041920826,97.84158784733964,424.30839311570264,246.39017423506183,65.38211983074218,297.62063541803406,169.06878517766572,103.55383977957646,187.6723735436055,122.61068053279226,70.52001197130443,440.7164777386094,343.1191210924574,80.3487525676751,243.70432030244353,174.0042812288759,103.78857571964318,51.78232686006747
21,5,0.0,0.0,53.4557436927072,321.3589030875399,260.1020397625333,66.2815074578051,282.5134791720665,268.0619490787177,82.57264896881969,340.03859205392155,252.21696828230947,42.9179300540018,245.93441321771087,181.43584698433975,112.26565592751052,295.1837488049392,193.4612017613702,118.41205554994836,285.5323782244634,226.46086661291616,62.18340419097716,382.33430407577845,319.7796093637218,50.53071678149408,257.6472472528187,226.3322802161871,106.18849616532091,387.2441953239429,198.0165202678103,120.8144229273568,254.2000858255538,171.5064645561565,84.05971600391702,351.8803529953974,346.0871587396628,81.22470677419638,254.5495802583045,200.66137296296876,78.37522430019192,198.55293540374572,103.96245092034283,66.26497669891965,356.1520885916862,254.44155883971598,90.31928829856943,305.1034293418736,229.2520278160253,112.92713544812496,96.90403834166506
21,6,0.0,0.0,58.21404750593796,422.21587589824253,276.101292470361,72.3593782963034,358.0995697709362,238.2117167866208,98.2413399300462,404.5036650793176,245.38274871751076,45.257791531663145,261.7288422090367,138.74842337997376,101.9232170567901,277.20851129440854,192.20566445286494,123.9293974274233,226.8169433107767,162.34065180926382,58.79340203645964,336.0772377835483,297.2314315021364,58.89323075243953,209.6426460610878,231.974774992613,72.40928829329322,369.59529722245054,232.20971359403546,129.1348902912693,207.78930999662145,124.64211576494228,78.99351346777755,378.40842561178977,247.314853191323,56.40732938008449,308.31377420381756,255.35662336682574,85.46404210850362,231.64199476657166,110.88076748273801,61.241030319039794,438.37231945241143,446.5636589086868,79.82432818287815,232.1845791000034,223.98441393306936,122.0095475136858,134.09383116704188
21,7,0.0,0.0,64.99557448858792,263.60675878782257,321.35094348335065,64.72577958346386,318.9598509829801,256.432319820795,87.68476992086042,311.08676118417435,300.2297072669073,57.74661805178958,241.16792393822726,196.76161527032545,117.87896736176707,315.6925512572915,194.4804854478058,125.50639596423476,299.8738008422907,199.7384704990128,72.41620851641301,380.96623820383456,349.9820948046659,58.86827368471411,236.09196111386166,225.05206629401172,77.18182816667024,429.1471689633503,301.6443938061158,131.9794572142882,254.41960236257773,156.6424051736556,81.58310774982829,352.0988041210835,225.6581406281268,96.13865913788908,238.81502668792,168.3564093259998,86.94294318233582,179.83852767901683,126.09905676410092,62.397219114942416,489.981285217911,386.8804028244348,79.06915182959409,268.169871995034,175.02704985794668,111.67380803024685,72.69487466239376
21,8,0.0,0.0,43.555863044713135,277.62239258855755,277.1865118868116,62.8016718853412,334.9286243650822,230.68334745598233,98.44938754899205,325.9406417441674,212.0359461165939,50.49687673685398,231.36504325089032,198.15900427524065,95.80665488032352,242.80483393481495,197.67618206164502,104.20840581346374,357.64306550353405,198.8850614890383,72.15079708736211,316.9969192006987,343.801830507875,57.31040897144994,258.2517838519078,196.98167066035535,105.3960457803472,259.10471610649387,226.45431157515432,118.42941851673784,337.7372712677693,163.71021058211653,75.54460633169283,448.766451526422,215.70271189956316,76.45048935675726,301.40924017984054,191.78975144907972,82.47331535363621,279.65087831966207,110.08188195732389,77.6046664216554,446.69001736511393,271.6293990920917,84.67439318224176,346.30979788775653,166.37851129063276,105.6404477850476,75.45850438262747
21,9,0.0,0.0,63.16523512680252,298.24411339475546,230.02194900085811,75.49405266210712,307.85283942183196,256.7731086629917,86.56667189668352,293.390202083404,233.64052343402633,53.59488793242566,247.7618987917538,196.23137671676122,96.87966882024217,340.1894332107497,195.96560093000937,129.98706363216846,285.23668435987787,202.68407772616183,76.2032124575625,385.34471697491534,356.00772282117106,61.901737613848915,242.18449428220725,218.48929750470032,71.63697273224889,265.2596607154512,269.6835723998032,103.01323637627601,295.8450994093437,143.51383063203073,80.40488612286121,417.41558079069614,245.46708529733806,76.87131593997293,324.51115259243807,179.9056998922105,84.75123332524623,298.62716961616525,115.03826851371295,70.25291265368178,426.4652164246496,310.2037023778902,79.82727857503909,308.6050038443578,168.81132616976572,117.90088455373149,102.97635978957608
21,10,0.0,0.0,48.00512127069751,359.10596973201206,220.4851456329536,49.01991026239913,339.33894006389806,245.5294836075625,117.76208258844588,309.1705014629296,234.52125725703243,55.07415217191834,230.48073418397507,194.333600598376,105.49392033384224,336.875582273022,132.14193355310175,124.99303545315165,357.2831108047965,237.3055877063851,60.12868890850428,404.73138265047754,366.29410448447146,49.637571993745176,255.81968816974145,192.4131377693211,90.36566600823792,343.76800695147324,228.44298460767308,93.79976906420012,215.76822495918142,113.4657860590025,93.66653412857612,377.53209239873314,273.3140915228272,77.7940058684958,341.9539433751127,252.08440084202536,89.04583664343843,246.54332352162595,108.11078993987245,75.02115908127789,495.77086242399804,362.38123589260044,81.40254802802464,317.5969619484595,218.73907372477396,91.39010026362433,99.83726107903946
22,1,0.0,0.0,66.36812171683889,339.04513972620475,313.03702664578236,75.90374048029257,433.4291854958091,455.66329599568866,89.50751186783651,620.9809114692539,318.3129290483165,70.14250350133318,643.5367099505879,443.3956716109669,70.72672429949476,456.3990548773483,350.6939957605252,110.8657706458601,482.4591186220947,407.2794814804064,90.6297111896893,461.6121200674454,489.53151540463494,104.75234700103708,434.15611654415704,381.31396660581964,45.53464462973585,386.1929385259217,418.0693910917421,66.73869895189041,493.088687867422,436.5135637418625,79.80555779738273,196.46006160278884,218.4488714463509,54.30775597450686,698.174789450967,385.72189583040813,102.3958628171688,495.0923951813285,571.1192546555866,55.97727538277037,352.1849822495646,476.37854559926114,57.98327450482132,548.5077834469192,726.6861517765351,83.90605620972819,115.33493931961553
22,2,0.0,0.0,86.91473096279637,454.2450305486266,303.66535404445244,90.19661909050167,443.8544165137453,461.82760333733404,112.48087981603479,712.3460416315024,469.59439357209715,80.3604941013932,405.3949251436203,393.28685232347937,67.34961423234628,477.09100007357875,479.58772023827544,112.69873393436862,358.4794285987149,306.71171446359074,111.08356082357929,412.00332437322714,430.53255872198974,118.15503341704064,462.38857377785826,342.7547527329638,38.52394505317829,423.64803102021307,369.97995515777245,58.27197460230396,436.244058687979,271.12331810592906,78.07082054791677,427.21460834811177,217.18890464636138,39.75603709808878,473.1647082766307,433.72338673728757,78.60198794870034,513.5374302696949,408.5267180821578,50.159122115611254,455.09044861244195,380.5461244161209,76.04384876182485,653.5130549015216,764.9593482976193,93.79293483756655,91.35109232044668
22,3,0.0,0.0,55.51781446743695,501.2985972631014,425.4284297123306,81.9251091755039,496.57831240918864,511.92716277882465,54.665888551447146,609.987130801652,583.3513722159826,87.34867967790218,413.8964136151425,383.9966264015337,79.38867119067896,475.87411217047134,392.61551934092483,76.56817765855368,482.39972461457876,400.22595131753314,100.8011244587228,619.7585952379447,183.42479043241335,105.52247493834253,421.7137382664777,311.25928505314954,49.972290200528754,341.9694566062418,387.5834779727802,47.44303233003899,461.08562386578046,384.81389515204535,85.67037646272786,411.91690256920293,213.05442109652287,67.22535659670658,613.0956345896152,498.8425544835841,107.00444979983925,551.6617356711962,598.3131235990265,48.58470178744104,524.2052431119665,374.1400257739914,104.51019234243276,623.6788691334935,349.3957485307728,100.29398479362354,122.62977158202912
22,4,0.0,0.0,101.02604483113225,520.3042713193493,424.9814018336172,82.70439356431513,385.36469282464816,337.52234598559596,109.14197002848915,510.9768714695571,555.2085182119366,43.79907529096093,550.1344137734718,368.79008057340866,58.98943349047124,564.2385494027917,353.05656907536667,92.96658668966285,300.6123430613725,269.05145118872844,103.87128095789204,567.5445464788628,478.00848222525985,87.74284545727937,316.9717066228635,304.73938962140153,47.53800515533445,348.29794428137427,399.56931742700186,79.85636097107921,507.24880959743314,314.50196144965923,79.31435103392944,264.131294244828,285.35117857644593,57.14583362795613,802.6010027369069,383.9444290618179,89.87611100253454,538.5563326195819,663.6578413594725,45.78806629250793,436.4922437732287,422.82698509029024,116.028049535266,828.4042177439815,741.4571791011599,64.28093286368976,112.5726967204775
22,5,0.0,0.0,105.52223074678396,468.6708496543575,342.76885245249804,64.24615942432746,453.2487030798642,411.16336450275713,146.14726747721883,496.704145490518,491.68574358617764,45.13302637063353,399.11335990026623,472.3011838740169,90.10934688587461,315.87489662689575,347.5306371396016,79.35521486935686,386.52277937492136,351.4191712792638,115.33362087728396,690.6003593926303,423.80473082993757,89.38245296657547,415.3623020349026,358.5816167604833,36.95509619641879,362.0758742166223,445.6559762656082,47.0448823722349,453.04578678584204,322.32745130729325,100.24408282206673,348.9034236475943,310.7042458159641,68.02358725306621,517.7472283738463,377.54630278789637,78.91230182020102,589.5680535482115,545.5530664943211,66.57648630970378,533.4538122618286,403.25347044422074,73.9959793656113,716.1047295926151,512.180184601612,81.46022708898062,99.62562373090022
22,6,0.0,0.0,93.34725570536159,504.98700090306016,457.0347058224828,77.22651042269904,685.9634174434132,383.62894732701545,130.98819451451737,581.8689574601246,362.99974900312685,44.09624891150785,577.274700198546,406.5164803370313,78.9303521074862,499.00408569209304,348.33889144272746,90.43683864059274,313.47463331960034,364.3949857344879,58.70219449370278,397.3660538681049,243.1674605025199,98.12804478960399,426.5238441563545,257.96201048445647,36.2370919671675,623.094656778248,299.508929054949,44.594290075874554,382.29890561859906,298.65754941782427,99.17094430426147,459.0523751868112,251.7991044504135,79.65028595353182,561.6214931089688,545.7922765846919,65.57749996452708,584.122762787104,580.9409985850999,30.3946420740841,652.2261524368575,402.4616862801739,101.38302322580128,785.3234632508221,492.36005730910415,101.66598659183516,89.02372602943116
22,7,0.0,0.0,120.98398366865358,414.93780324582013,434.6382436022566,85.8555308653273,380.6008383334413,492.30704686224453,118.76679993922076,710.1347376726279,590.3468989974804,75.67545771520157,567.2910903557195,472.1569182975515,81.7052745769449,478.15051068652116,354.09147970000566,88.56274870294537,461.6894444407343,374.88705268638324,98.51233974230149,723.6645558026885,387.2616000295589,126.22903004678713,280.23931029298694,303.71051684275767,50.943025976489466,379.2932010158371,368.5694343921735,77.36658402503019,609.8662272752205,347.1064518909718,68.13997618952615,405.57465106757786,312.4314234789719,65.00660595454302,550.5650475401895,485.5091155996243,74.56601985262476,500.84330069885925,622.4389855245021,57.25204061107336,559.9510941069125,409.4973865177832,107.24050616695293,484.3153867609314,697.8156396404897,90.58494253034299,91.6843318318252
22,8,0.0,0.0,119.73232086658587,508.49542865583317,363.5076695272897,110.68792615184509,452.38703529754616,413.59574433309814,119.2602763340793,764.0590394803993,654.8761759552962,54.57678261674958,623.9040017748843,537.0538763950352,93.87051123836073,296.52746812550305,272.08166290228155,45.43785968707008,561.5751442249725,183.3320329560614,120.35695738171813,516.1602078312228,469.5710459886113,104.51051854806454,276.6374411920541,200.8511003135535,30.2077778012265,570.1543986589553,452.3739279816709,57.18966628202665,279.62543473384824,388.3394044225421,79.21242522276974,415.35913751935607,280.64760740190957,45.375992369596005,672.9995512437927,546.4283742820394,54.099239795629764,566.6163602438469,571.6330939576769,51.66377322374014,442.7185840929554,532.2003660362652,88.80863242687082,537.9868122995521,382.70438037930444,83.48897301849783,96.21866140012983
22,9,0.0,0.0,86.5568688933118,418.27393307544423,399.94205407173496,70.58893491861816,483.3447665743691,470.84169314701757,137.05994727200675,395.33949559753785,715.6596960770643,48.70194923723631,592.6734178033958,359.67200878788145,62.75718078248511,472.2628763401919,450.1193686141829,101.0621223744218,524.9438671259919,330.75959803997915,104.30220575528297,340.2025363775502,411.0504679832317,91.25250638712939,417.8905620085479,308.96960947756645,36.0273914813091,429.6135189433194,403.35544099510633,54.071947489455354,281.83772689375576,350.3263192048308,56.52523533940457,319.4297374832017,345.13654083587556,50.83864914501645,809.8942787586036,510.3725007944297,80.36481893893088,541.8076296622588,474.7947986516104,42.835386602938044,673.6369606326041,536.5625528565673,87.18146787513217,794.8027318561026,677.2933921212438,114.4321340161213,95.6777550438656
22,10,0.0,0.0,114.1404708292498,451.2625086032661,313.1369694826067,75.32036972941647,449.01935807462104,344.78737563154345,131.5221185893258,653.2812939430839,544.9241710302446,52.58146687893539,520.6410510853528,453.8195259155027,56.725012067484755,276.72157247612364,445.1934618289246,100.09354721172316,400.9015692947887,467.17288404776923,98.97624495283097,427.3533801167557,277.02475988203423,139.28812864806795,386.76965966177534,256.23443118925024,43.90098089385534,457.63033000961815,313.9993441324676,37.13394439400997,453.5499355252022,465.00394010196584,106.46362471782183,369.8702303623304,253.68601542332354,35.49531542968337,603.7784350651796,523.0543087162185,116.56020702132894,610.2656056575635,500.13258791457946,56.07848221582659,498.5431651312241,317.19063184306617,69.12273297916394,621.6572985021874,495.92223974017725,89.42183843606443,118.14053154080216
23,1,0.0,0.0,107.80751192328681,273.98923351228296,139.19445197492306,118.14072853307877,156.82216783959345,14.107924969050028,114.37269210510652,251.5793844485185,115.91282832106131,85.28123834473402,189.0015420626497,121.69995400440311,104.57350468667009,179.14345955084107,49.00581293281776,53.91702016021704,200.6799000178588,158.28714036187446,93.98826130209903,214.55557972534936,131.91199630770967,77.52819531810007,180.93348886899778,86.1687602817384,95.94647365710678,194.66422160699113,103.42345858166003,74.64436142116305,212.27802600211032,91.30549894003542,108.94857720999921,229.48397205412147,122.12767863002456,105.6062616606504,101.72980700333329,-27.764404839891355,77.74861701009979,143.31697772622192,78.26048462534843,84.06283214414456,192.60208488116754,106.20653427976119,94.45501490742926,219.42822036130082,122.612926668916,143.95418550406131,115.7494968928311
23,2,0.0,0.0,91.83118687713406,260.96459337907237,127.58403782023797,153.22148747409037,151.83127992150435,13.492764776456955,125.85437407359,207.04519203461672,105.30147291446714,87.74012073728734,196.52913374198067,130.7842267654149,103.25253032393611,190.47040314252166,51.76068162910713,50.1041457034091,251.26091919417019,164.65742437734394,101.2091829940585,227.340677779961,114.93110113359907,90.3354992362816,181.95261548348952,76.9559670821351,79.83890166010318,190.16294883538836,120.61944819765309,70.82253017441667,169.0712510271997,94.69768342663957,114.05920136697779,191.02365447103043,113.06516106493831,116.62644855631757,89.81979840424184,-18.990809083980757,74.96044994969725,126.98495623260607,37.73105184561176,80.7432579506239,181.31401574072893,101.1861109978052,100.53825136131785,232.3618608017043,143.3760581466529,133.40167774678181,107.31406482396389
23,3,0.0,0.0,108.97592267395787,236.9081800951539,137.07453882819158,129.74314895783817,138.74952828937202,14.005491276998459,115.91815422568948,234.44207217992363,114.41123119410355,92.63963552142683,196.47991273966048,88.97830937799662,117.2122747596876,147.2732100480081,46.6529503924763,45.32432199410711,226.7945985035676,154.4801990788388,107.4470703941832,246.27086425921374,116.41583049798787,86.58943981545546,209.58353414734864,95.7994082501471,84.3240652656498,130.1492347920637,136.85075790186855,93.25391829652405,189.5969839529408,114.55265246620831,115.86714172216276,223.45123243218399,130.3381500476725,124.82644926337163,77.90468913903665,-23.16658128703765,74.75932279138821,141.41726071095016,75.76794832628417,77.44247816779595,183.45748672466635,101.7293364469381,86.83158699379405,190.48327002350328,102.28633893220497,111.15131172214225,113.84794766723671
23,4,0.0,0.0,93.34411188544173,232.67607295400228,141.53040453518497,146.82204728831795,143.6053352402056,19.14216920480317,100.43380312526344,248.18484263369353,86.32539490081376,85.93869735332737,191.43959172012896,99.95721037510117,105.67668093363444,197.85940366257657,71.19070900323071,37.72662847238698,230.44277275334366,192.41655456410453,111.3555255491841,246.58765247605095,94.53324076991804,89.95470776485475,175.3340007552787,97.45981973593314,87.65312595209652,196.89653588028676,106.56158895815467,89.80632488760611,203.0994077078957,128.35734114986133,111.2798638944225,208.91997864363447,112.91968256835796,116.05664655806385,89.20221369849934,-18.186913179353176,75.09469624484653,148.01548043107067,64.35045579991156,70.99273368514665,200.15053903847885,97.07810963602007,80.28798947731542,224.42088891803402,128.34319164280942,145.61043836788937,106.10414901233668
23,5,0.0,0.0,97.56935439320934,248.48438816616357,144.22516555918077,130.84005946850692,143.73189009788192,16.496846457703032,134.00576366397019,218.9194422539413,95.07358038144905,80.21679785227757,213.68146154500826,97.99642534402375,129.8454651720729,199.09808070073606,43.25657829462182,49.79154907488977,228.0637015548217,127.01061525744804,101.90206450064765,241.21772275009184,110.39224679438686,82.9157334694035,213.13089810109105,85.08486042054236,77.26627635771942,221.51957052571737,100.7792967530851,80.900333291899,206.86361835341904,84.03260851989717,106.31972993332704,181.4691864725202,121.60835230198762,128.1730059646091,99.44211471037356,-19.838282837071834,68.58381798097084,132.16712168326936,71.75616157248804,80.90752166959861,181.0860400774616,102.58468530984223,96.23759820930894,210.16445004514057,122.34717642141466,141.03564743920168,122.69085123415412
23,6,0.0,0.0,88.96762415911502,221.7910208983664,108.53054983738818,148.80188748594458,135.00815101193973,16.438302850216466,130.51997066455314,219.84940197749938,103.28088709439517,87.98188918284367,193.59360796900867,121.72285329020704,129.53038718170637,184.02303864075594,52.44601068833252,53.48589852225054,198.3986328026602,148.13827957153592,117.39933171549447,166.33365852405748,118.28863635566208,98.3867780025743,182.37075947800597,94.20172179870428,93.38779410110114,190.155056463873,121.61740012817988,94.69229635355723,233.41925573608455,90.61377811493304,98.98816724390855,215.66087018943793,114.24534765991167,87.67844116130019,99.88851172903728,-22.616063062639245,61.741620234547135,122.80974129237741,81.76039024381646,91.08781923998437,166.03047275994422,91.66330273789853,80.38861404464268,254.34565519917837,123.50243942015692,116.41909733352757,94.66794565567034
23,7,0.0,0.0,116.44640911759822,185.36146741708043,137.01728390856755,112.47077815634319,134.30499376654333,16.894502177728494,106.26634859476218,243.2158478562264,96.915760581118,81.76556736312855,232.26224032620996,125.009860981679,139.93293792602879,160.81834459404243,50.19016874682689,52.68508565313671,214.6682550106167,169.4705473333402,116.84994395648455,210.53537570923427,98.85073388723421,86.49270588320424,174.49446778965506,107.31617967477956,87.72294450230748,216.92460226634532,127.75305657839232,98.13169814203063,208.64222618021088,112.70900672668122,93.09966004011548,204.87632324726414,139.38378562991815,126.47177473793474,90.10526076404895,-25.112843256307073,68.0506730326058,139.19030254787657,74.60968603419389,68.76269413841254,174.38798619474352,100.15196834803874,93.44018568832261,211.15085848845334,112.04935694164021,146.90630828787437,114.71229929009515
23,8,0.0,0.0,103.4556955835502,239.39933878720345,149.17673279895513,132.08224274120255,152.09614264158697,19.836226060194498,132.54866423863237,211.15135141657012,112.33314006128371,91.05277568505822,222.92209769256235,129.66017067656747,102.29989068885143,167.47732261327678,53.45987805678279,53.63010516197765,203.439174950731,139.33615919349924,104.60102078955066,192.39693065276845,105.49244459349802,82.92310125668953,217.7243597788197,116.26292084719564,66.57097947292634,255.50676576302502,112.8942381653033,87.68056603555574,156.8490751469774,102.64526986880615,118.93748993904117,171.41681536141076,131.8513105250029,95.90777471470662,78.48643979757938,-29.62885105783107,61.418245277748966,165.45793074944828,78.58709841372693,79.51046324338554,172.65202693711697,90.3124012470114,104.04196532674759,212.16415004924534,134.93428063769045,136.97339981775306,107.48883357754161
23,9,0.0,0.0,109.45654078920087,257.0497203348996,131.08631426790075,123.62454417544426,130.97254475790865,18.47062928456037,125.72894165360104,228.72321718636704,117.76632660663333,95.95262073894227,199.7459137981823,106.17421394513828,100.94147588889481,181.0668914222727,42.770074156572946,58.62139367074303,186.46355336973588,171.2859142947432,98.94124411297136,238.34215288446717,103.95150442063594,77.95063326144873,166.00838149316542,115.84195277924222,93.21848714324541,201.8354102377018,103.39365327844513,68.95290235799524,221.18585600879197,97.06359986549094,113.7509879129902,201.65195824915446,118.59195682708814,100.07017100442415,89.57458099943177,-20.543521402958564,70.21416144514534,153.67968549218955,74.65405229906877,82.75116488268743,158.6977919923587,99.33394938571895,91.49487909112773,206.90187067557454,116.15871035627795,134.38032702171895,116.42713087614763
23,10,0.0,0.0,96.67042491825714,256.87229443707747,149.51759609443144,116.92325576789501,152.85317273647732,11.686664873298387,139.97760121079432,252.39331604612232,86.67439834010611,95.35512369279196,206.78709257744578,116.4870532279056,118.05211679845608,174.64821984858838,58.12220013363866,48.04615297836952,205.04729706866,146.46329199588496,92.31075037170905,213.37147858283228,111.33359184958061,91.24942392350819,202.3857420083084,109.49629647222922,84.46789487121232,220.98601991954797,116.60496614478215,77.83829087509514,189.70576270777835,110.17581321623109,104.75879462974687,218.2126293892395,130.45416139688683,98.44765643488083,80.09884853320028,-24.076625325851808,76.20260808719173,156.3542435672228,77.30874200202925,79.66155348709927,165.6690101698597,88.31425627939392,96.51060383836906,214.13476431148598,118.90928782156273,123.99124095969024,99.57886190307485
24,1,0.0,0.0,64.18153383514482,322.0008781394103,316.3274637961207,122.60817649162657,278.32163459290916,177.220280278926,104.4045125080499,196.62866026972642,209.83430753302295,134.35020519319704,415.97341501207296,405.0627356420872,80.846919667622,387.1306644435108,218.77570129964198,74.84861737712295,420.3894979760259,315.2695568436405,113.30836837399727,425.5796473594296,283.15620875955176,90.28072003680646,400.9750372472311,288.7252603055201,141.7004240335068,506.3336497925552,291.39204470709683,82.72189280757473,368.4735182543871,238.94587253365546,99.81055692654559,261.45766650962753,197.70256927555326,81.77899764780311,155.33453058201718,177.1224406276914,106.77515492612642,455.1506978639764,344.6039223621211,91.58217249236074,419.7900023482118,323.0331825764612,73.97345667109187,307.52565143746295,162.90541131595825,53.33618391300066,116.21340191470527
24,2,0.0,0.0,58.66280176132318,300.68652057250114,321.1942000390575,92.24731890398493,341.80864217689566,253.30987819366794,93.59273050687582,326.91730386047766,158.1382682722712,82.51706083972687,496.93509955319803,262.95964373056324,91.84549090689495,273.49135799946157,295.06006182862023,68.33991941331867,352.8058213427829,286.96276109890414,119.83751929339445,313.52324424545105,215.26399150251842,101.14438695025487,438.25259901476113,373.749306621439,148.12984275081484,372.6778948714767,246.20182443145845,57.619469632869496,246.6767077829701,275.4940145633442,104.83852726822319,261.14596007008004,197.13118857651298,122.25125454662876,271.70889079385074,169.8473178134696,101.10375642602082,353.8586566376537,252.46784511654485,92.16838606239799,466.501895084992,344.7712246656248,81.56217688451984,359.1905795011418,170.19145360485814,49.17337193441986,89.8168065121258
24,3,0.0,0.0,63.445867480229026,304.5117012930569,178.52718833619258,140.6421500396313,287.78521762504266,224.24480949827176,101.45288511935308,326.517117117044,213.67202663298752,66.60820734517105,431.7264440193044,451.8189845984539,94.12001181723465,385.0252997442743,329.660825684517,57.165874058725485,419.9992907283429,234.33725145501003,73.79892025697542,436.6536908714407,248.37812694873568,89.17833542386134,468.0450143122858,414.8532886344746,97.90914302766981,353.29638342033394,229.30667233900843,50.223860767480424,263.81658879570455,232.1153572593387,81.28126264894796,286.6011395209843,229.03375734255044,88.35497553584759,244.87841223137485,169.3093255045691,106.9132434538858,386.8559379755985,238.63136535230709,82.04070184974323,313.4431081248083,316.72805103866597,79.73551605280204,312.2409170215189,263.9787089946976,62.1606008780679,101.64764376611224
24,4,0.0,0.0,67.9812031086472,338.89572193342656,216.26305165272169,126.15117402863729,388.9190940610906,188.5728759054112,64.5007892424103,313.04675572813125,167.47860829092895,108.77820299434671,400.7154457315114,382.04110034799737,76.8491315856071,346.60962273418795,173.59493752542613,61.3865736551383,280.14367065429883,163.5117468289216,93.91503695667754,385.32303702558454,264.2278839701379,108.17580601068724,458.78608180784016,295.35169621985517,149.20595615406506,473.7485243197575,134.33287504651557,85.07644375242283,331.15633815937605,301.41674537242704,62.21132695920378,272.4010129997168,236.18549819660558,81.43515622223029,323.9053721505894,96.63605494040887,106.3845123478925,337.76464796240697,185.83777128212597,81.28841288259862,414.1148764385381,296.9016291292537,98.58561912029698,349.4922464374514,294.8883870060719,46.80604918821869,82.59861755509564
24,5,0.0,0.0,65.26756658924684,253.4087064763623,339.84331445776456,113.8026245979255,377.8783389179945,172.81346686038995,111.5396027766819,286.5660099502274,170.0481490272945,129.7385688604617,418.6312597750475,369.8706729443692,88.56585974985536,301.8300836198488,241.4407934850472,45.064736968892745,322.93395504901366,272.3721283981332,94.64167366656102,389.5435892291484,303.8658242707124,114.19120614516625,465.3532104132024,300.6257365745272,116.22293876200804,380.5993782264064,216.3654231454583,60.9144961796937,331.0817109743835,222.202439043485,76.57603996004687,332.71145741503614,251.92189511552195,77.04763659831852,282.37058855273756,175.04372222726636,119.86827174307679,460.2660683489419,274.8323729162728,102.57318878363384,392.0394451373077,287.34888854584693,74.09609277711829,316.8014250858479,211.9160015654946,56.55476564636536,111.40927447561707
24,6,0.0,0.0,66.87217826135894,354.2663964678364,325.9494313187985,117.70846754263408,338.0342469091871,137.74509122635854,81.61865410148337,288.00047402994926,181.55674787240594,80.81197630055382,428.51634765634304,377.2152661194928,90.57695937062503,324.4856033548725,244.9475456374271,64.61128443547433,409.1512092635811,251.84358417855836,88.33235275280579,383.9621755538608,245.57538754482013,88.32724437992076,406.8465672403678,266.536938101255,139.77920443735013,320.50174677894444,235.61081442910543,73.0563350182794,306.4281167787963,202.38178286008178,78.40474474560571,297.45082871250247,223.14289109083052,109.59919254353474,273.20147355271376,174.0100282865658,109.34381226226735,306.28788626607525,291.69695383980377,87.35757282881806,415.2419488618218,228.5478009914001,83.7444861302354,332.70425542390126,248.14781531424725,49.999012130540635,84.6840553764163
24,7,0.0,0.0,68.73083345028125,277.17891791219654,319.29416032973495,112.26549421244401,293.13099716194773,108.91738955465175,90.50432328195146,322.2238529849892,190.13742329822261,88.01694505694506,464.98977041995386,463.90696762004336,92.20758636099048,355.3111806479658,178.23376252152164,61.125755750251685,393.33661848072694,212.05689308304127,82.52933247877468,392.0930701252897,192.17800011857537,82.03044293363936,400.14568570313594,393.13900142617695,132.72037808306655,316.3807555630997,227.24422009784072,67.03533344633368,303.2784150759981,231.68855305833148,68.98523441968732,320.72663781163465,195.2830916169072,94.67208813624863,248.96398886075758,98.77015797933466,120.65397005326625,280.41921397645206,307.234566361926,102.40676522289607,388.06879400997326,294.45436995333904,92.66909631566817,293.16393597129326,284.6416950448566,51.81092601360151,97.69848957223786
24,8,0.0,0.0,69.85571131083383,326.49717004307365,161.4230159541293,112.22847932129103,244.99369848114645,219.9424378477712,83.54537766704644,267.39378338497426,164.6439256228544,108.49642697767251,431.5086737485131,294.91830267514644,71.92694791046884,307.4134803480636,179.90177796226857,46.777651576703846,328.82461197803025,380.94981089539783,92.69755779849369,359.175652256596,317.0556189365244,79.72648277161258,331.3437185745614,240.41838254907753,109.97924700992697,333.14183073903473,266.3977035342847,83.26287406672111,347.26972402189415,203.99350301445708,84.35810940667552,334.3062622434161,180.8960769400196,95.21902210411443,201.21919665915215,130.0821434315537,93.99676632829568,294.93503075932955,170.74495812241997,71.40816086739449,361.4439634313642,414.1345069029438,56.89842620882032,281.2565527338592,179.5747791045152,76.65218960228884,110.6215095091587
24,9,0.0,0.0,83.72254509136215,306.34864756497774,239.3469826059254,138.4208835398927,308.8566116164831,141.15048529221218,96.52699819984996,312.60529874049394,139.38191313722422,150.24013838433603,554.6493631396181,295.80121122817775,88.009398335834,361.88716645748764,198.30570456916695,56.84236335563898,354.7539353798132,323.69824180263436,103.17687707875564,442.37073128416876,234.20704205097312,101.0589981455937,477.6545287184432,413.6511533555273,126.76249664863238,363.26302916978443,209.37212419542442,81.43169435417573,256.4960423391308,171.48212176031012,71.7507817848395,303.9784287287288,213.1050101648207,95.43433841835584,252.45420342234544,196.37147203484432,133.81690530543372,296.62493900080415,272.03399124986913,98.18121373200452,447.4871436452462,289.3234478903003,97.33756245330193,371.27717364627284,276.91379773121355,64.82682134274718,100.54348532684787
24,10,0.0,0.0,85.53905485413445,283.84205925702224,248.04410501137875,109.65900650690944,370.2474586047729,186.38499933548638,78.85387890498134,214.81627803414855,188.94096725212697,118.37259401180799,439.11065940728935,400.2148645084693,61.23121888565454,381.5685364917385,235.63019855577255,84.21589339885871,235.4183683798795,339.54641279305685,105.56383019678266,238.23662897278828,354.76737836980124,87.97913373287196,278.83404660989197,328.16324842507277,125.7576044458705,422.0259971431568,212.7571635384989,66.76297442303121,269.0187702016587,285.9348111862563,76.56820603105325,368.7608520295159,124.32927818625302,81.89288385421571,199.97940504120226,166.4924280361733,94.17242484256532,307.00594651638534,253.02752260559174,71.81659282367131,412.5273557439031,314.69529973999585,92.22974544550563,366.58965418544045,241.95186822724176,73.59007017397624,104.26806013310764
25,1,0.0,0.0,154.27221680980426,210.12967687834177,117.87742774168,58.53277874554726,175.88844806522658,110.24816463768688,73.01541558706306,201.73332172499605,131.61152913037895,80.67290861169003,217.73716010157975,149.31974416373862,119.30399523282234,219.9964672628131,92.22979680770118,51.93762182039489,136.11320081358727,96.28459088286937,98.08394251762121,205.73393648711073,102.17291545449515,90.4927354852296,221.63261009022756,120.85706210415589,92.3863519111233,160.6430685441269,105.99089644933773,69.6601885637093,216.23633599734964,138.24004265600598,81.48219076996311,168.10805795832508,95.6569488841725,55.23281394460225,200.72802045168635,149.6829188873171,122.47867900101905,137.6875435424055,22.490566868379933,87.42921804501081,161.19034585843025,71.64336159039807,86.63719985309172,308.71834962413936,174.55717214437286,103.49590568891365,106.5721513387265
25,2,0.0,0.0,103.45596125974443,164.34003132751795,73.09932029513041,59.8576151418551,186.98477235230362,105.991025366854,96.12131827465893,258.4683329343661,105.05832314051936,64.67243247071622,159.93737359784024,125.66668578468072,111.61597424079987,241.47571822424916,83.11637277592384,61.00226795916387,169.7574551835146,95.3617014355344,83.6647845700892,239.22183808872558,127.21680456081,85.19824711506394,163.6605142362021,116.3962891666232,104.32772937533564,218.01360113190876,89.52652601121629,49.74442157168509,177.17358621101218,108.32749630988076,90.67166371995806,199.85274730947864,106.04027938928189,41.90779665371994,206.88183730206163,127.25227450278717,136.81420245013175,151.26254383969885,24.113683994788342,79.43352272636274,143.64846099421135,85.53103239403002,77.35254689065457,269.65380872610694,125.55183121757517,85.25505026239279,83.7298529632683
25,3,0.0,0.0,88.50635577270978,243.64387047442477,86.39773294911242,69.69728465080875,142.70847491483516,110.72610943634893,83.31033170040838,220.69972810333647,127.22085136719329,73.20755028980206,201.62401308561786,130.9568887625031,118.17673424948656,196.69592110250923,96.68322294088946,60.18140035941546,175.33498517259451,102.32074540390367,94.46821582488893,189.97922578521622,75.75958112419329,91.82733978001217,193.02578620830607,106.58815043963104,94.61826356389118,203.15612904492002,94.77697793982307,61.561489493074596,211.06050545747058,123.11499623361856,72.27091914602983,179.01497840089237,94.16423526674443,54.081443889923136,207.2453067583412,170.4639959484303,140.0761695080536,133.5659300894246,28.926211141953363,95.16538168153197,175.50517997166688,81.8819275598148,81.08950547810612,229.4957903412021,164.03409289292114,102.14301146818896,116.69348993386672
25,4,0.0,0.0,109.87864852256786,213.57378011278323,112.49193511200265,69.71674809496382,224.6534770214332,115.85076993334731,86.67042054891378,239.57632622805923,116.62121892912967,74.54680457707579,200.24906707381697,147.78032417598268,115.41438347765487,225.3456221116692,94.91516622873924,78.77496327661297,152.1412692777099,100.0395863138415,104.9616097443727,192.41471659516924,100.87222101409972,79.41158300220896,211.60124112972386,155.74073266124475,86.22966063188336,188.8924915312913,128.21902485174184,74.05141047082363,175.6885219459518,140.45467224030475,89.53580424354443,179.54716246473998,98.6753779181353,64.83904101889594,200.36691486474226,180.13669934376566,162.1544610350378,153.6822879649849,14.01276147559325,88.92475924355774,165.8526054680188,71.37101206119489,85.37114653466205,265.0505224141201,183.2421555827581,118.48285859225726,99.37331519586134
25,5,0.0,0.0,116.29324944832017,204.7049397916749,85.00592902491435,63.56520952277631,152.519591894753,117.29369936050674,83.2186769173317,257.05960995091124,140.20248952311658,75.59424971811524,225.02740332722246,121.13042184626806,108.78891730015641,211.5093569293068,61.00326841988354,54.00425683285604,143.46116270962426,104.031149652772,104.07188045998647,205.2110755179845,116.12038831284977,95.29406109378989,194.73823682580644,82.08887196673837,81.44637930282641,190.58732571085557,100.90311323579208,85.72361903437731,163.25752615949074,125.45863020886351,93.89765362513424,160.3988918843303,107.02662259542522,66.02440677287349,187.69560041518727,165.4660620992259,131.6228474491546,173.83592607342413,25.946834730982633,82.92043138968461,134.07910121874693,84.0713440516563,65.76338881092784,249.10448034494416,173.63246775007588,101.27535283670011,77.26670660207247
25,6,0.0,0.0,123.87050058629444,180.36556274248414,78.72544428716634,57.5674668069382,202.3390596444538,86.09651164981669,75.51728698353944,195.7530559332453,138.36205399875652,73.45154173052231,222.21861984083262,143.37912744715993,129.92620545811118,169.04914815297113,122.93250567714114,51.51361801457805,130.1366314308516,89.1082221873538,102.39576945480448,220.29192923357692,90.90907479215204,78.83948571603355,238.30572281273407,115.63135318809671,95.6231929393546,209.00661041611187,128.87447554463256,79.48487783632216,204.09619933993696,141.03959365010607,83.35730089541161,168.83870753637532,105.1001022049394,59.21579922443665,181.95725092696884,165.85319216708032,132.74460651680056,162.195918754291,26.7982964867047,87.72936821860816,136.01210767606835,92.97162057974552,69.96990455774443,207.57363606478788,135.19266348835197,118.22293525724244,101.06209794242909
25,7,0.0,0.0,110.17055797225778,226.43007570052114,77.7621024475683,72.09220896506483,138.60267356822146,150.59671402101526,100.30318017388961,216.13074006120965,131.1152993641935,64.0522518215588,185.6482276568791,161.05667987199146,128.70245962064834,174.16978290154384,86.03466225075579,65.96405150695766,181.97165537706624,80.31593246288695,103.3038831173666,209.44993305920065,79.2393477429498,95.25982323091084,174.42701487281593,131.12245412778404,83.54176613042847,156.92045875325488,124.26577798367462,72.32695092859711,172.9788786053507,164.90079660810056,75.16758995030077,179.35831205461267,110.85606629608368,51.038113645661134,246.4781883317683,183.31430402515826,107.6549462070869,180.05559963479087,19.18174288254546,76.73645540755486,146.48814953458213,86.92948547797704,74.1828943458423,227.12173499109477,187.12676752757622,105.39271958879505,102.9946034148326
25,8,0.0,0.0,106.14734606486556,141.69732265019562,82.64653776611073,61.00744363195344,195.61537833922435,104.78703705916992,72.21479856572684,228.47280650176066,153.2768667059459,69.79223244542106,209.90816204500476,116.08098623624785,126.33796164467358,206.11171047581544,99.98285578145564,56.37925800187635,134.10145387608253,106.84692154150612,83.20210531457295,199.72664540889676,80.40518538348732,78.5450514254642,197.22440500475196,105.57141453447154,83.26035204383916,184.5741232090535,108.4592370448796,71.9014142040778,186.072623085475,141.3093932325698,83.06013385031656,204.5084635132939,78.78734588886667,63.76148447312551,218.8550928859371,157.75857489418365,96.46274773213482,120.5935180169725,22.834539083876397,79.54006400034007,136.82713439236602,92.65801189246542,82.3259643436202,232.07963805726595,153.78099105638913,102.46154624333211,106.65560183207519
25,9,0.0,0.0,111.37239912826814,213.45479039736773,89.58054730405182,56.57392374337258,183.3248579704138,139.7218902089267,85.48205767306021,228.77082273685738,132.01469229635904,69.80149330593923,212.8838405010838,167.16920828419546,78.4685342197611,151.76611171450935,86.80401987898729,72.67945001410418,158.6448421128151,101.12235951495165,92.79389417566945,193.86228548928548,125.72911460807896,94.83923235001137,212.86274879968923,110.68713757284725,89.21454892824526,200.4741685863239,126.74303259604761,71.51221988755569,202.51503726128345,118.12413909117774,89.00627002095179,170.59111905181385,96.0296661975712,45.069835444360265,243.17387204781343,190.34427057188486,144.1155452485779,141.87241726244713,18.79869075057541,68.13308472309534,125.4767846527248,95.00747512036102,67.54780489989993,211.23691433446,142.50296832441344,114.66017270533759,88.61572443244363
25,10,0.0,0.0,118.54458992442467,219.8179268068249,88.51503934381375,67.91679375015875,206.74546699666195,115.15685869393883,91.99451066105487,247.4965076450201,131.64293022010833,56.50678927125309,194.9006341571843,153.4900383510491,112.13848092995512,188.12826261862705,87.51927205625942,72.10994524934809,169.60920733931232,105.47437299503115,81.51353889687914,162.38495857037032,78.24400039022848,67.4745037523522,222.34033418752378,131.23997450690288,73.34211293006436,190.45603862563595,108.88434000613509,63.719286093909844,204.12146079719858,121.68099558706807,94.46891533566469,135.82534332902304,72.65282725972563,60.53935785751019,218.97819488046073,167.73839198943227,136.7400192801693,175.59107717514817,25.26154024758375,62.38748106816493,127.18038830382008,83.66240615232869,64.09684579918618,240.03779796571948,202.83192873880674,121.10243449299828,98.85931314577958
26,1,0.0,0.0,85.89564366293303,159.58271562163273,67.7265552864435,145.65177267305884,131.7710729236899,-10.677084647481855,62.33185022639544,121.72759150742677,51.298351926661695,92.26765217938788,180.60309374755383,64.44146414165941,91.4354177350547,166.0367489355663,54.47324658127924,155.12769509585928,150.68255575486717,12.037593658047516,59.02740728314194,135.3961188606385,105.62568976423266,65.82171802046514,134.4847632675185,63.14980258375408,94.34656762653798,137.6655559557719,6.3068055669717715,106.74475676184531,161.69784348899574,41.58255067960548,165.98432548201413,139.91572381577967,52.31250609058792,151.01265177525775,176.33255285552664,21.58835271190373,82.14901388774395,109.11633935940772,35.05037605301061,64.38422386475185,161.72649664084037,109.38539055887843,85.60753342292213,138.67960483820323,69.83765460149397,83.09905284507087,123.05080837585743
26,2,0.0,0.0,82.92851246882337,148.62464603549202,86.86925901208616,116.0018508318835,132.88099872597053,-6.71671197953485,58.671215371298175,101.49735859615319,64.66347811942039,83.5412816466225,160.04098416270676,47.52819690977373,84.97707682524015,208.1473594353821,81.89806733333924,109.4212045712373,133.4789130320361,10.39493643794009,66.10244724313586,132.29647051486003,117.98793672056033,61.72238138991909,109.02683809506449,50.085918391601055,118.45551984544184,98.48424012917701,0.9473971447615126,101.64688060391994,123.9711824341925,35.604714426984536,139.87107230990654,155.0869790046628,76.45534984293545,176.5186311562677,148.06606926013217,16.708888238049482,71.93751408709049,129.54037244676067,40.36298328820136,90.76179908605152,163.08693376925407,113.00564840305648,94.60223729657768,158.88639655207768,71.060869813727,105.89031469664772,106.51490154102113
26,3,0.0,0.0,88.46387052707156,156.49661659507754,89.22630358936154,138.1642978307842,156.00414958574135,-8.209574655334176,72.8704298195731,130.12928399347777,60.1758068536008,82.57595061935915,126.41726565185002,86.64424853324014,78.33948735776218,215.21142460181443,60.44382081183342,103.98986927444938,177.6777386461234,20.39046735008995,46.871515604296405,171.08085418060875,102.3409728660015,60.448272215280596,110.99887099111463,97.14070112412072,96.75474894727127,175.74062447475055,-0.45266876121556177,59.21345407381351,97.0004444190352,37.17745141268151,129.7504766538791,175.88234150203664,49.08018676967979,120.54944926546821,156.0508411192421,23.75078364710935,66.04083469120059,96.48236436791309,39.926925848409645,93.63108024824388,153.57088092341377,95.42585214882382,74.08308056925182,122.49609110425303,72.15577655595766,95.40613014208347,101.76009906395657
26,4,0.0,0.0,101.635654113964,184.72140728484217,56.586082135092624,137.81034335217385,125.57446261016908,-7.186847458619946,61.94004030869803,168.51696790416293,55.08180238049762,90.30671161767755,140.67979143938007,79.12070172438166,95.41734940054029,160.51188849837558,59.429387085991095,95.88192690411188,145.28721176340613,10.35307675579443,74.80843956001557,129.81319404143755,79.19540107336437,72.23735843280346,169.65855060250672,66.78756134873683,135.4418897661987,145.79200727962908,15.514008542857097,94.51382887529968,124.44607055281266,35.6607281686412,86.8265386493635,198.14857963807347,48.90370916302291,142.3800733686959,207.70105587007484,14.685574599112018,64.94084327752513,112.59406134322514,54.332427983741155,57.57854349372301,195.0416133389192,98.63928585589778,73.92844640744701,194.86749137112605,62.599366901583245,106.38260180838346,128.82613783739424
26,5,0.0,0.0,101.44275988092775,146.75206410256484,72.26264359720395,150.50798830057033,152.71182627302048,-8.031331427840561,57.65080739190076,107.81405723285451,71.37056374290056,73.42353325252033,174.60304739026674,43.04650831511515,101.70759677922292,221.95007808229192,76.69734226619371,101.85819448885157,153.81611617065562,6.656801584812829,42.39382015501839,173.48518173107132,81.45822338289432,47.16414239619816,154.09241431825572,92.28877964938421,119.51701428276515,122.58686381261745,-1.7864126922328687,82.14694251373376,123.18398952625725,28.772981876529478,107.33118421245017,182.18543125746885,46.601659211066945,131.53183363029612,180.90650011115355,16.679859197115675,73.38823776672658,109.91839793639838,35.321930170417716,68.75867182169864,153.74994225271303,132.96935725123006,58.501522600849945,116.69562974631995,74.28845726003736,83.52777130502774,136.35177815846527
26,6,0.0,0.0,74.76545997174469,178.96765490310395,76.5364521120866,128.43244449963208,144.73271324499473,-5.615796044874513,76.05870180912349,173.3942484590285,80.69819454280245,74.20322134043006,190.98593702002142,65.19368083729515,85.16887431413728,149.69037934629898,74.43537899878936,138.40637385810382,124.52468045722706,13.056310000865523,57.07485026801975,173.33116623268987,76.89343230819318,59.18134453044696,126.67463185320095,70.7316725458847,103.01261619290851,110.13072639010484,3.4626921042036685,81.6453881129504,138.97291582753843,42.279104184099594,110.5664436150389,129.0339358385702,38.07223390913114,146.65908452735576,134.40293163068455,15.458226766585561,62.23025013762889,94.14645182143948,52.486103822119546,51.57535554998306,221.7289244680423,98.13947586691116,64.07292459492308,149.10166272944087,60.14339598814631,99.29607947206246,91.72128055775329
26,7,0.0,0.0,82.7059159735322,167.34542938685385,69.88252846525435,94.63127350204675,130.62652720284748,-9.710879656829762,68.23365131500951,140.91890086340624,67.5048929623089,93.12130411756058,164.4455205309473,46.188183027013174,91.06036613910399,178.362545367668,62.4272484244232,148.42326082334944,114.13995744295521,29.372431810531804,51.117773963161994,152.10811002090816,97.34072885409654,84.79201466314717,157.48604340171892,65.55027660522032,129.1639648212311,131.8756695476128,-0.36412411089393704,108.13275879059148,132.6511164735059,27.39044653995869,144.51748553481303,171.3034708092647,62.67312543574142,109.2782211264321,161.85060926034404,12.122847756731332,64.1885512442434,107.49412392577672,43.098880119765774,73.40393689905363,213.50465906314136,71.28689141514818,60.14156487843967,147.13774955770762,64.64290682699362,94.48948945645455,80.99911166677538
26,8,0.0,0.0,92.80764988715248,174.6981561758829,78.39646425750487,122.20947145157062,130.22949050432686,-4.42784667873363,65.06341659327428,146.2185884302644,50.9222625589033,81.82066671484515,162.47966136482484,41.10632332074931,121.23774090182036,180.10400316521893,72.57050348288728,144.9943039431046,137.6670480624986,25.59535836213196,62.607529560321524,156.13375667291947,129.50048553088732,62.927154098507884,162.2405791147567,77.9059349810579,161.78239975009973,155.32049671609133,4.287650275582967,81.80934815340643,135.31542367533697,47.77202808976387,87.45321824745653,173.60262827199617,51.93937114820821,102.34456446542887,145.18915070817246,18.599490778014047,71.30583887249746,86.09502762826148,46.69261879720911,84.17613535515454,213.34809817549154,96.38728760879371,58.11114738759494,135.4363377916327,76.12275910504825,96.08546414571097,87.35398667641701
26,9,0.0,0.0,58.45907937935547,180.401534929889,66.62405155437948,95.26915291572834,126.63307342085862,-4.288987829453518,83.14154451899934,120.02612966259349,51.806470840817305,107.4038578980716,129.48682327383875,66.69499404938175,70.14453168756854,128.44890990227765,104.83369507230951,111.96591601134152,137.91683759564773,18.62193255906855,43.522590844143664,161.3149829842827,131.55876038402008,63.32769303808044,95.78414622894488,89.17975440841487,140.7250552175384,108.06750326924183,3.8713392471944914,113.32360262334865,142.72635180832677,37.61860993967332,115.19460391992543,142.69518238123123,51.6312170015272,113.93321730619468,155.39279912108583,26.537257803756127,63.03830671918324,104.27269865150066,36.47764732420865,83.51567505229582,175.82705414203,105.62815719918109,84.05322981407507,150.8883729887416,48.05242802370576,78.39081131867603,69.74931812053322
26,10,0.0,0.0,68.58349609178198,149.05492646408635,46.72224823407829,190.6836283222744,174.5382203050827,-11.057866391935566,77.36077727234864,135.07482599484513,80.20096359858432,84.12680426874394,167.49616430435842,28.176183394636496,97.85841436767825,185.55390190123143,85.01258937931618,84.38614020872336,131.9166584830228,17.92179969017519,62.22217129600103,168.53445792393558,110.15589229976247,69.43147505861423,71.90885167409807,50.07515568140729,153.8917129037772,125.26118109121722,0.478830678146148,116.27156088933306,107.00623760323109,20.29293564968259,101.22134770502282,215.3915211281106,63.12806606786784,134.2127157739429,150.4237576352142,15.822433086667074,66.0723706808662,126.98698655025831,35.24730156014141,78.49868817266152,162.0405940386242,110.59718593553404,87.81698670945337,148.19359890062148,54.62306078976785,97.58547933724563,87.24370613506812
27,1,0.0,0.0,106.55063287827561,140.4387802452381,42.87792890833316,94.72665171989156,157.4307424301903,81.50504864440889,109.4322864400787,188.11473813804733,39.075442213302054,84.66913528382852,113.91636775584826,20.669817298181222,68.67268187799148,138.35679028603474,38.38630869297958,109.51335912762598,154.89846270486638,53.170668147647646,69.55642794833133,194.7767784782653,138.40188891364804,75.90327572348991,152.9109179088498,35.28964734230861,55.74502753087526,175.04860497154002,52.49807769987884,48.92872731736388,87.61087841360592,33.570489398474166,115.0671793994222,122.22197784692582,72.81924250670318,99.1871903895883,161.79187184048678,50.676824970970074,156.90817385374285,150.06191451023528,30.63460277800528,36.30016454857492,115.30413134587208,58.03351328315574,151.13842267810736,133.27307727654403,3.2902468537129326,105.6312467109469,124.62555491136914
27,2,0.0,0.0,121.02966947464259,188.78216208239732,30.68564712080196,71.25061570465066,149.4276282191212,67.57477866448373,112.63147916571255,207.4796684169185,35.06231067183386,114.1718213645826,166.95547802775383,37.92215534524552,93.2609365274266,109.62593796399236,60.19325685818123,151.03815753266804,129.26696755442427,71.2747280932826,49.170113953839696,206.16035997576216,108.18111315150767,93.86951585615519,115.19607129828192,35.09894336304606,90.4089915021583,227.44471815839216,64.99571955917025,62.306854788042244,93.60173912239121,17.823588995395745,121.73645993505195,136.78928114871658,76.88996792028182,99.40549747877564,127.89951291151021,38.48140043456489,126.85638914483864,142.98112632327198,29.926401995062644,61.43046943171063,126.18374951738255,50.49252995489546,146.81426367365412,104.47982831305994,7.6156823670149025,92.34488907851996,78.04097798535086
27,3,0.0,0.0,106.87267966799472,149.4138693716233,40.07689552122866,71.06438188251721,124.06138048713069,47.79957182532047,130.80937899885532,156.04389164096452,29.14016004309777,86.69312476752287,166.19848023505563,36.851339282333264,66.71742448658308,91.16767280785021,43.811600509549756,121.87874606215406,167.88517284202774,77.04215560006725,69.7232606661378,160.2971142232849,141.6494822417157,74.01619543694527,97.40934922782054,38.16301885299411,92.52627512138679,156.28189084237792,98.95381269693443,51.87941969827768,82.26661012550983,22.368485775246988,113.66457993892772,165.97992919313037,55.22812416197761,112.96778208870967,172.4420356221242,37.59315525397168,118.13908227614463,167.37720213716548,27.553974646043862,73.65557928260738,132.3292225138151,67.50467789692271,104.55278638245568,116.10069672052654,7.672668998124308,83.0829329037526,80.08744929568864
27,4,0.0,0.0,100.94900006904064,130.84247305621116,57.24501214432679,91.80274384797228,219.2353559083783,34.51108099634841,99.63556750147943,143.9886750593802,52.04120092037779,106.6530130535209,112.85040576261132,30.87994355850894,68.03157551655896,149.50829576860104,37.349692185418746,89.67416271979101,166.0936744629093,55.07188647354743,65.94414069572167,195.01415143875965,97.89873386884793,71.99498537811951,121.04133778185474,29.98832499420655,103.61716251546322,127.55119307708502,75.3871515607291,62.35600571669816,88.4117856517404,25.449430285779595,156.10684521688103,138.40640610959733,59.803645833723685,111.39387009997566,112.90658104588691,44.36657040727263,102.199067123662,126.91234628344142,34.13490995313366,55.42538961041047,150.02299707056034,56.96673759615179,121.81401527533103,103.31733410669683,9.203927693706612,103.38466370417052,78.0814673880576
27,5,0.0,0.0,102.35369700550135,201.20928867260204,59.92575347174653,57.552815078252536,210.6386348013546,61.30032585029714,113.51603394581052,205.80816946109894,43.89126096326028,115.7079128134416,158.4784943388281,42.144438288299455,68.04059190270472,109.01911151157358,46.90775881306115,90.56629308817651,156.93682519481115,46.4093518606539,67.70185060932543,188.9317446833284,125.06941750674835,80.71027800417043,102.92668833307621,35.32278988845632,84.42483334569283,163.82618854696435,91.9397739032003,57.75865177374173,115.35109312477675,28.57619175021672,95.19286336725759,181.53984214514352,72.3046984653099,92.79215574949576,146.75341409355244,54.841852715599956,133.970351845363,117.33251345841056,32.0718956432748,65.5733460270363,118.46701432438859,76.88126051388002,136.84638275794222,90.33610031236108,5.878201764060279,80.51009573325204,121.75021865088289
27,6,0.0,0.0,100.17567466186318,176.48140862636393,38.96922292704176,86.27492925132805,179.39361446651762,58.68454891753085,152.30615112539945,148.62613862724888,35.84998520681694,100.74076028088452,118.88193972606302,53.290313848120505,94.00538856767581,115.48579265114418,56.34536025929924,115.52155188723805,167.90325500139116,86.93746394586226,77.99297928071107,209.8565949519681,91.79164853456545,75.5934577086029,141.588550509509,25.137217185157233,69.45555691758545,180.01866500511943,68.09550129636395,41.66519063971676,84.76066272849563,31.456951706986825,105.07896859236662,155.71707115570288,67.68601576922948,88.65885048300942,174.4409870351247,52.82209572154107,143.77617449827665,131.66694961392497,42.53498861023635,75.39512075546222,115.15709092586856,43.00490458552486,158.18956728672845,138.48839132700107,2.2938133024672682,75.514672194883,108.77271560797854
27,7,0.0,0.0,100.01877994739156,172.84532843831016,55.08489697544129,75.20081967112652,157.2523790840803,63.09974483044516,140.41125939529036,140.28711922993162,32.56877576405456,89.20618081899207,127.70906284493623,32.12749927212693,62.481785284758004,145.31135842979296,45.783472778333866,98.9966313886277,147.87261955607062,79.34050396370418,67.79499323257451,129.97561400225152,73.49369307813507,89.57780020059263,138.83913662803224,38.12994827214219,91.70656310895885,189.10831077212987,88.43516632516109,70.40317172850962,96.11396822271436,31.43965827092084,119.15290245377855,187.9131785987675,69.14807709243115,77.36084284421376,130.2471400012539,64.50251647044071,116.35182995516598,130.76341295510278,31.006744819744394,55.743804777770535,133.40984302124298,70.20396809485713,95.78411076858293,171.92954840413555,0.4434439908864176,113.84892541879589,129.75074290798366
27,8,0.0,0.0,111.46217806344683,105.5981346147868,30.337061603981255,102.29197247739344,198.918175298353,51.6777069649942,134.6318664363895,188.64324420261033,31.466035331347882,143.30951776433702,132.98671452235553,22.43556734920799,69.24614000649036,96.41509964280769,43.30261118296312,99.49767301642245,182.68993277866372,59.41811882741152,81.989983175176,170.97875606838585,132.61936635768535,113.37191645156376,146.09623964779624,45.99933048931284,83.45681842275279,242.7708085285944,101.1373265967309,67.98159138549502,90.28192374960943,29.771181941581613,75.80637588798946,166.60483138226968,69.83509974302133,86.55194021349922,146.18695261759845,50.79589831235755,102.47624500641706,145.44582284625167,32.62044645288695,54.70500438713954,88.70307976248006,26.110615494840665,136.22293677381012,94.0767202117382,11.498098141988656,117.60330597804453,83.16215797228024
27,9,0.0,0.0,112.65144835062421,136.39251085546218,51.95110358695829,85.05777908302653,161.068644450221,65.07128156867061,130.8475424440738,176.16897335671592,47.1013655155165,133.16159963758122,110.79656184034816,32.84516610743143,80.6338815529814,160.92811608853506,49.683318590071686,109.58324412701766,142.58117690680209,66.65189108358527,63.74834519026472,181.95818916709834,113.5882488629695,102.46733904055729,153.01986903865125,32.381103874406385,92.42526335423244,161.68892035356538,102.78105795145618,52.51489059419445,99.90644339278302,26.357989831406755,82.62288250931215,208.62445986866476,56.32455882390792,109.1417709122938,203.55387391426447,51.93544819524192,117.42845306582862,165.39501864839724,35.40108960492028,50.18903661801643,119.55910931003774,60.54931487351433,134.6936409825763,138.2601251282524,3.811099608877899,113.2804180286907,84.38299042627128
27,10,0.0,0.0,100.96531667697992,143.702868998846,40.71977736528936,93.01243962536202,142.617679462016,68.19702795349957,88.57791858978646,157.47096489355167,43.57033838291321,102.64912615702634,118.65190996757697,39.313426936914496,73.65828905370795,125.91517883626769,47.433144023908625,106.00186729186744,150.5719593309021,51.98290890838609,61.90026409044793,180.84598782860272,106.11658153927036,67.65864018216698,126.35430016087076,39.49068243163714,79.35561145030206,203.46635596249132,87.90436099745354,58.65165456946562,86.59576112987389,23.744033460490627,93.3447815865162,169.65415256507285,95.51208676797012,105.54621294163144,164.26359543576217,32.521470207599776,101.68097630073217,137.67981756910856,31.900199466541107,56.74074242012525,148.40883533638072,65.4936402442453,98.84694160452538,146.1272332278767,0.9214472436442875,136.70203983325376,108.10070394569995
28,1,0.0,0.0,80.24471168742068,190.84385198695514,110.96315559148935,102.1201753300399,123.88655327756351,20.710798754190552,106.29487348553444,176.05406604516867,88.33599868285113,116.46325321371435,192.54676950212595,76.58090941754998,93.08215555062364,207.1038658709418,121.79605011255883,56.85530965238396,219.66847717548833,127.49480194981344,77.10146989957865,231.77408158756498,129.43968205149218,82.49570633813333,146.63188867885088,72.49939193394488,125.06228381434617,100.46767518135673,2.3309812826839345,63.00674361666484,199.81556301491676,92.9727473417568,65.11946477280304,151.1034668189777,58.38482861245906,112.6295425482248,201.31160777566913,83.17111919396197,81.7345279746223,206.5145044915331,94.80598500341601,103.30258183238072,183.49131516058375,68.261561582769,103.93197995235228,141.79338701186697,28.978211665490804,94.96041212034267,92.39546207251234
28,2,0.0,0.0,56.39925425950999,143.50515469297008,97.52486849057577,108.48900341331967,129.91122047438972,26.758605499016898,113.89759078991696,210.67207115348728,110.95820201217097,105.51671251440513,226.70888299157505,86.08322834473368,97.2542362298637,211.87499881957015,84.6389020256325,66.67007543691437,217.8779176049415,133.33988270433264,85.8027729755943,220.70427495720355,129.45199075752717,74.35640619483593,174.9904901438998,64.97445497385668,119.39854995275223,151.52818883578485,8.541053448556509,67.46772703575233,168.7853788999648,105.11764993685182,60.285759392856036,162.24888861174392,88.3533910395051,109.11694555229259,183.07720190017744,65.90576116197244,82.43480164185578,213.04248244493897,90.1223358009886,119.65550987589224,190.44114945437107,70.08309119852956,90.56240334937584,118.60808920955296,20.764486998563996,77.18373423163997,115.92341602723157
28,3,0.0,0.0,61.850386763158404,158.70485982039165,86.61506799395188,109.96365786297415,138.60033857129392,31.0483989657529,104.81747412175427,200.89979455217494,114.88383239593648,105.97011998540782,223.86090995266767,76.94449119238993,78.54936607372015,152.63658035197156,118.7044404479795,56.55930262930538,214.56594384809893,88.20058508502137,76.45149910171038,175.4892665378692,131.43738112470504,79.07722804486002,190.1348418748479,70.22155086690621,105.93290353407406,114.60074818671119,3.953267522253429,69.46263168324784,146.26670762911658,112.10367462697211,58.72981426452073,139.21268461409386,105.22347368808546,111.34530189966787,177.677241017473,76.1357436165919,89.02134784626722,131.85521558089664,100.26155788527282,88.70023612987445,168.3132662917953,51.87170611264825,94.48290253180394,120.21314807763694,32.07150387080611,98.65161496358965,121.27340876561266
28,4,0.0,0.0,85.10951123141447,164.3400631047021,91.83208598885422,104.49748294498382,147.4799068668317,21.324231204875947,97.5760791550625,236.44452884333828,111.41529900195614,108.51264797376282,214.2098026227992,68.4496306639986,102.20594101004907,183.70988828794998,82.24245775817646,44.128242757842116,232.43799432273102,127.15409381417022,69.98867906470208,176.4707332015854,107.00492437385267,109.32642454290625,124.7767819327284,55.02033676273183,125.12633358165402,83.38808715697496,7.562116494958171,79.38284527307641,194.74841682906737,98.23502143305012,74.16462903274201,145.33091248947704,81.91910154691764,116.26898367682827,180.87901065924189,91.10597030063708,109.73054252909205,251.59876226587596,87.76266438050956,111.76376022242796,148.4905361497445,57.729735726935296,106.5026904075919,92.13396465920154,26.48008622333317,79.79099311869464,144.5759791357655
28,5,0.0,0.0,65.97862967123264,171.42914814133314,94.64385485473376,105.24703640211158,149.2988354434347,16.15100153029465,97.78700121681953,139.79095864730706,76.72719528921974,120.00523155267933,176.4391839662866,81.64036865112939,85.00579581501337,177.2881041565199,102.89839305268296,66.19176473993733,170.55827369224934,135.70197091016001,76.80008287439207,213.47202032080395,125.04180032533024,92.28570546289535,210.57340907997926,73.1056313373641,136.2180267212556,138.1222215035187,1.684117921771061,61.38336236501553,205.16268383810652,88.46860260484169,92.38245644665727,130.56178989458712,79.4045438171548,107.26732707207343,190.488780042223,63.068538355068654,101.43247584822119,174.39077073480058,104.88298490233164,104.896411598033,181.62138039349168,65.82906834531713,99.79672973022922,119.83332105900874,26.08843751479919,101.25302724687066,92.9697703688167
28,6,0.0,0.0,73.38013434787447,157.09007884119092,94.75646132095692,141.81954153948342,179.93428213270448,23.66842994123031,110.01224518707474,157.55714803915666,95.20101431051437,112.84414427275719,183.51399749327578,103.17755320360058,85.02615868123557,157.9171969969647,87.93586613823487,66.73061134536135,216.56400980234764,132.75430907919446,86.90343384764029,177.5973060862612,116.68680189540822,113.0847254410287,169.29796878960727,73.58232320982962,146.5405755113366,96.8944683952941,6.9974246778825,63.61804173049772,183.0873083858902,102.96049704675168,90.18515185303438,119.31270250264436,91.85742663964383,107.58926066859303,147.69673467137721,68.04361923494375,115.05749003053727,204.68649296669395,97.68221368972024,110.21992178052679,169.12635787552603,64.68198435755214,92.89151978003824,111.9206165333485,15.007893027202325,71.6638247616568,117.18692597063752
28,7,0.0,0.0,65.61459573335728,134.4976776360582,86.2805493384573,116.61365842409681,165.4832075320824,17.109788181722227,75.675269923017,234.67456983548144,110.26943421794127,113.3711995021837,183.21029006655425,81.72908985357768,102.84078585560871,119.47839570346179,98.01556034380464,56.10458383758176,213.97825270118508,151.7299379419162,80.07382687768846,238.1624232137618,133.53251121012383,110.78717351914783,172.33191871439254,67.86579186262185,104.34383028669507,112.54795352155116,1.6900906577275916,74.8508466644889,194.10445358162588,118.55138103475616,67.14130594606371,121.08881888832808,55.56272881491622,95.51699070433898,202.3904091973525,56.53693930859649,75.36309344511014,171.55216730586903,112.6252055473818,104.62518880024095,138.4585921908655,54.64463886038286,79.10261146779214,124.18903069601468,19.25643305630456,83.64089584124106,84.74314555125076
28,8,0.0,0.0,61.58274212501018,153.3214078347901,69.8076114442517,84.55346286311837,138.32836648114258,19.679052903830947,100.08105532472504,212.61952764942913,76.02394563982148,127.46633405547169,191.2377582135141,100.21776113931855,81.50672869503889,159.95650931987248,97.97701998733228,75.4548655114027,184.74463362691125,135.85161291375246,72.20426515450346,182.35311465408864,109.46437901878262,97.31156475341808,170.99264620204994,62.45619834151428,131.09657245457944,115.06190422370949,-1.399374939879003,66.1618712820781,165.3640745174011,106.28843693660001,63.102049605562875,121.68565867843378,81.38818546265335,95.60446389334021,138.6023735776506,70.78408272317263,104.99299291658211,156.1949823407349,74.66014821367577,102.60301546301706,185.0597142369345,52.653126414710115,78.93514718764004,131.0936909394139,25.408031565195536,74.74683522459023,82.69261490976578
28,9,0.0,0.0,81.26723732250564,132.07130301808905,94.63891590189702,116.40404473150714,103.15957875797093,30.696699792527184,99.40898629310878,182.14686876608545,114.4500625818878,115.33814662851373,193.60737651555553,79.65834571211533,75.01256460207776,202.73363614750983,90.14675401461106,59.80331323453682,221.2480648662676,138.66111328399404,90.75797469363583,170.740928683013,133.41176018705679,108.89496726054429,163.67272731168615,87.08640513684844,120.47845284055293,134.13788008402523,2.8719593075422356,70.33425395762157,168.1142409466836,76.8603981931345,87.30822028235391,178.6626028801589,86.68159060914036,113.58385925615865,171.416925433325,88.70029897446291,80.16914593519047,145.63621442131887,98.43905999480752,118.26645960930796,132.49161732505047,62.05719015300295,87.1738205908737,156.26933258571933,25.787432740563556,91.93476633277811,148.00397522396295
28,10,0.0,0.0,76.74213598413105,174.9433249076119,106.26326636874515,102.71681609827523,113.11152629100876,23.567167959379518,96.80380917553995,189.084701536209,110.93077118941447,105.27524030308805,194.5814084664904,74.40194711304092,99.59020148812726,204.86449227206248,90.91053652925768,59.53568544929931,199.49932671056143,158.59603416754592,80.442512679494,180.92337592505436,116.17092838142251,107.639406617533,157.14708729135066,75.03200484895544,129.02281702131518,119.49086369463834,8.471403893138184,61.03459507711474,199.40288070867217,77.86300709227703,70.86464697193513,156.76354750656188,82.39417876785907,113.00999094025825,182.2817075032241,55.02535823275959,82.0741641175604,204.09855037082488,105.63033114421863,101.40536868273975,172.07404898457645,61.89091575276022,84.6143453690529,125.42726363245167,29.969255445391465,96.67989159080571,115.52055509626601
29,1,0.0,0.0,84.04495662287285,204.08058520256407,199.38130960289982,69.00450384344008,224.12362636138454,87.32792552531205,102.37076532626703,192.97517927704502,78.2067181401448,129.49018662786125,121.79787530528378,44.485901524176285,103.93881660121802,278.40239155374536,147.14642261598607,106.00322570590728,187.7406477417334,125.74672757214093,109.06794042119249,263.8902635261819,103.0490997391643,107.08000966148124,272.36110432223575,124.18788809167204,92.50042427958284,177.51386525041838,87.99683945991805,43.9897807626086,260.2409593273406,243.9855373967905,108.7336434681404,186.58205020002288,133.27549963733466,104.80836648583923,205.73493620643785,90.28318948896366,104.18861360750124,155.4251361540598,100.57012316881341,109.67660366458522,197.7153590046905,184.16752270376264,77.98239051356553,281.18851623220223,181.2637506585796,96.52884679949528,91.2906144343709
29,2,0.0,0.0,71.84501506356594,217.79001130265928,159.97582578961251,56.405382465483825,160.1357090980822,107.5986892399902,100.06167903352754,238.84496836011624,88.76173868595234,77.701705872807,135.29162608984558,26.42683815319574,100.32168949750094,261.65236047660244,124.5991600612465,79.70694110336306,217.0401088187889,143.40293394425305,100.94968378352425,201.4236825142858,121.61672057724086,86.12053140750618,243.59373890872394,170.45224311270573,81.58760688748146,257.8190810528176,172.21357956428093,29.11104298545079,288.9136736686258,227.62459541315113,76.48022681544003,183.85435215377913,138.73362071626303,113.0705467476848,214.1429554615589,110.94707535725651,85.78822462273328,226.77229317935104,95.58804614962199,86.26723333257308,321.7329937581898,146.94209652984117,84.57873922982954,227.6131881251148,134.27605159708244,113.00343937517889,133.36817922280534
29,3,0.0,0.0,74.20013526708061,264.71925158479087,165.95733131452192,80.28945998989792,135.65749796213277,84.38668408669925,137.67929704591046,147.16003008034252,73.24818835794017,89.34870286477897,119.61833878566868,39.026870711114654,85.28079516687392,219.95737873215378,151.64649529173644,79.39925096493909,250.5722289865244,133.54929952893224,141.27835646729153,254.87718530073084,94.10335427555324,101.0996316039845,227.38697472945202,131.46465870917675,63.63535869140236,165.2678869155989,125.49523827661059,38.70543969891707,371.0585655304961,305.8208874233857,115.51692419962558,217.72543297589777,94.12723436743775,93.02343272808527,216.42593869341295,74.76914675925639,84.87170619816631,169.87921371200397,122.95658231379875,75.07183827396099,159.7210210819165,139.65736838938918,92.11429931232121,245.31379838610542,169.2348586381279,94.21996425206376,107.99350573009433
29,4,0.0,0.0,87.34228153471541,277.7949487699249,140.61658521953683,85.36782991954904,154.4365216345044,104.52989008709598,83.88928147340471,179.492812819777,68.4700805072328,67.57351851728164,113.56194288393282,30.425604141795326,75.4563780184521,238.57711750942184,113.28705937046134,78.96702795628529,138.69939877129272,143.9626301854185,152.37094228972728,235.5701712051565,141.07481450095554,100.1733637073808,211.47713522823278,126.16373460239558,78.98976517439172,226.69550090754524,149.94007285792762,34.018491503434404,277.7569304319132,267.91521116792137,84.27624899012727,165.61392257630644,102.91026511924188,99.8582430754973,188.96428548537347,89.56630243471704,102.96590065976274,206.32831186033803,105.3932067855591,97.17752084585727,270.6076110693204,98.5975643028174,99.41561360253586,190.66131686628063,140.28044911960282,109.73504997792588,100.0299617769388
29,5,0.0,0.0,70.87709848804404,258.7075692938834,166.89987822080792,81.97225541674099,167.04199625555754,103.63792351358029,114.59081031987719,201.88692364543255,62.45543370935279,96.5143245253829,107.09961337618743,29.11455553858843,80.02691819590825,245.95198642861658,161.50575847058127,80.3842609886759,189.28114974730022,172.41888833286367,131.16021538750542,251.71494820557558,112.99256454057004,102.40639695290753,181.04495179862465,133.11241240234853,95.47813584955519,199.7976058107888,149.39452960680794,40.66070082803182,277.6550582050295,236.2497482503625,61.02111135909074,306.24131492097246,153.14942426364456,102.39160472857176,181.42972040884507,71.4954910733667,85.95003971591741,221.70404075293703,89.03538681288187,104.67356392474942,284.8372941312332,134.0696941399374,69.06473311268766,260.5484670230622,173.4488715113247,101.36238405351912,97.89888820349043
29,6,0.0,0.0,74.51557067604234,254.02384737670963,78.57313542227133,64.82490429499686,143.10460833510496,103.85776299519608,140.67608465156513,250.8433075052469,63.82762086501039,110.73060117682272,158.5128115662369,35.05036509838242,99.69439762755115,235.89921254605804,119.84824994957191,78.41341587284438,198.60610404458652,157.73461885420824,108.04319264094751,199.4212609124035,126.06895677164891,74.38600725421044,299.8447747912855,151.79702955213915,92.04590840524217,257.095820333361,150.82712495220468,46.38668784949929,237.6184017113214,214.26215610549423,122.46205498771707,187.5907803839362,121.07532233335881,104.77764719137588,213.68585988417047,92.90939738147674,93.418276395912,190.44711672240868,89.34152847109581,69.87251692980308,204.82624055452996,165.27450898276373,86.83232974424227,207.0527328601154,147.34712547175127,117.84455451231022,113.18326810216725
29,7,0.0,0.0,86.31372191334923,226.9899035588603,183.87793727270252,85.45975204347567,148.21615792322115,105.47249614920032,121.76323186746413,146.19892591635625,76.77428356377378,113.04335816331931,108.95550583051966,25.049851774238032,90.83450618927542,243.0104902214219,127.5477079533647,89.51559140909619,205.8732766331324,132.69998981646478,95.26934434308107,199.11445356901731,136.3287023311702,109.86460059859144,242.25777536538376,118.60629327011907,95.89991018644743,287.9083697812238,169.25999474407996,33.57909674995243,277.85891978789476,236.27917634130407,74.14261020142038,275.65383340456486,142.11400500678633,98.95821842911246,186.5552694543253,79.6327189557908,78.23240518678428,202.22455574923492,89.1739183509641,62.58154812507388,236.82260465364533,145.45402275538444,82.96777950466101,254.08254549786227,146.8271143314506,98.73480545115584,111.45049187921569
29,8,0.0,0.0,76.98353050358398,244.97595855857645,169.2154808067219,62.515583185600846,175.17884360496845,122.99540703823354,88.92404751886215,202.61999224997652,52.384169328396084,73.74618953619864,127.24032240265475,31.379977404957977,85.63962541803535,236.1182308457376,141.50130985747472,70.54876549574709,285.5645033855527,154.56812820495932,147.8482788694013,233.352672493842,95.12800067755633,100.24262375398739,256.11530140453766,131.8857479172848,76.85865678704793,258.7873903395112,166.06983780463938,47.33900696879643,325.5286625815504,286.4579792427824,87.40622762949698,212.1603401309141,120.59657630639059,112.10564979469203,157.26630586206772,97.66871240514301,67.8688715570905,206.89772971292518,115.3224986569695,77.97751599375998,212.8402859093287,171.92870880952967,95.22639348533919,292.9945120102088,167.8185565674515,115.42699574992058,59.74466101253825
29,9,0.0,0.0,78.33077916255323,208.6402507865869,155.29816747690495,67.72822513811678,177.93344543396978,112.69363173395111,116.90440701285931,207.01060634803656,63.061801119137094,118.81268713352394,102.40296697528962,43.034317740134505,124.88120367922684,231.03339092515645,184.20733100938452,75.74593716513796,234.63492931245148,154.31587685820384,112.59422413712716,200.82619248304667,94.53864608516167,102.37191016876298,196.45166445647112,112.23261011905358,102.445064265356,230.24608987662012,132.84596873175752,34.27853355644725,330.6141878051769,206.80392214775236,75.67239348677516,244.85800385890246,135.80955756801595,70.43446586558998,224.10880484268054,89.19466594379837,93.97303473245184,202.1573851285597,87.03193702147547,84.22755080210884,206.73147281868242,113.2800340434373,95.29551358231024,266.0654226125589,158.45030291754452,122.44828206338411,110.99968446303586
29,10,0.0,0.0,81.9530621620465,241.25805524221371,123.73947807783708,67.15047481269929,144.99303398872482,107.23365910168728,153.97351440930237,201.5706317062877,58.41966699952506,52.650351186608276,159.22690564996435,23.593858098957426,96.85509508307916,307.98554890431035,158.08099469124292,72.0777640633715,201.85918579740633,157.07420722779517,142.90111280570056,180.7577613380583,126.31048164271286,116.46898649813454,235.24665635260686,133.36990603067323,73.53198296009958,243.92517116127226,128.07167763695028,42.80433801256077,247.7328700858078,259.4683421333196,106.88500332087044,183.87298179263811,135.57294516490964,87.72199593839818,219.9642063131145,84.35102071190828,60.591328867608595,174.85147885341843,93.57415400300755,91.69786983560458,232.65381253595424,114.11572290446387,66.82833205258433,280.6840476469289,132.96465969675322,119.22683184965292,132.2399153755436
30,1,0.0,0.0,77.13181967666222,184.59350689128053,150.19226651788046,103.3013433376894,289.93441790654686,183.4908868113623,68.8889653458678,262.47201956945696,259.4129809048551,123.28337289007096,292.713608351407,160.74345327457962,94.78214376001473,243.68299675806017,239.2493044259063,93.99562691663067,566.3976572981333,362.51820459120876,131.55226255160355,315.70359965866686,195.57222852280833,117.68388835133547,396.27783108647617,366.75784645478336,78.95563977256035,427.69487091106635,280.6743765103187,106.89645726815797,353.0770862878226,255.27559291465874,78.01004562945714,339.5174311832408,266.06951383804653,79.2394008965244,393.2560916785634,265.80561509166654,63.95981770999493,308.77951325212103,300.1422695085999,114.66123818749327,198.73927807197123,250.97876463009388,113.92523141146586,340.1824584613898,327.8244956385332,136.0755862632829,71.01571580191555
30,2,0.0,0.0,87.66341703275788,229.27935763390013,123.23538351992595,81.96414306660972,363.5948847512545,214.17868088565262,83.69658356311184,336.379484485493,213.81114366380092,147.16191810213985,358.33702795440803,185.2981337015272,87.962946761856,353.9151638231109,207.4017151337847,115.22155625733288,402.41904233198545,270.4015466815656,78.76046126418376,351.20984304953635,243.57767882034085,121.41678745689833,402.3432569048159,291.16504149520074,114.7499700485446,501.85224207697127,288.4247773195718,118.9630527065503,279.1531054651681,201.9828203255537,112.65521065256894,340.62484014556117,126.68772780408837,89.07689614929942,316.121697741316,283.6666134280642,75.14151801962296,460.12968187544857,370.9928587897446,79.69717644825658,333.35802721642335,186.03703530980428,115.8787322195225,408.2004668124864,214.65437751671703,81.64741258995656,101.82794598597538
30,3,0.0,0.0,89.06254706536772,225.65956618262857,103.15675058914282,90.99173501580086,330.4683013505173,292.6122518432531,75.93726748974723,375.5972753768558,143.4352213028585,113.28946578545612,256.79831476700156,157.64380051048437,78.70512757164099,336.9276243504234,202.1892001742929,143.62610997748163,441.23585596724627,380.67061619191554,110.0695028218616,304.0345893699882,257.381538259272,99.10976974590277,438.1632481688189,216.2045675077913,110.70732406019495,461.78704133381746,258.1713222206986,118.02168725121743,380.52302961082466,247.44501505911035,120.49465755874448,303.32298699689466,191.5732109160739,63.41474588554459,339.5162097703814,216.71473283914887,50.632586759891936,401.49517148147703,271.3736495086092,93.78213064750051,269.3892260444339,207.05059201560138,75.26785919089679,348.8055946463636,309.0405368382703,123.79868206628629,82.76465465374909
30,4,0.0,0.0,85.65787842255233,213.04886172148403,83.87036701210303,111.2529388533208,316.4307974025711,262.47693842646527,97.69003558210818,354.7881689034573,216.4234943544029,105.23950429616913,268.9114850659351,136.66359838470618,84.99995112320892,347.67049938575883,257.0844305263718,105.16007261100422,346.80968648120745,349.04005662686535,126.49433606165292,317.5454140938828,216.64910857050802,132.07469587045568,411.3218132875109,308.4922436318402,121.39642585471363,460.1804352677502,176.06405020408,106.45856528516413,308.5149752190939,246.9735030529312,76.59785835336476,266.3934452337352,198.1261522333221,76.5309096150499,320.8974283031798,274.06673207766414,59.539609648861045,461.9729610006821,270.73791101381806,86.18523724311696,266.9103419432161,253.31829291896847,90.43735502991026,392.8789535882416,284.34688668780245,86.44791311194491,110.04557979404953
30,5,0.0,0.0,101.96420506460655,142.4446457776818,114.56769400661285,114.88509901769507,379.4820895211511,160.67227695451595,77.73521002996608,373.7250190721789,285.6766783257107,134.61349671146016,289.0880685554174,127.06287908679862,73.96447742359311,407.2562264601079,402.61205955296407,94.57340838021291,428.61929869581957,310.81158127525,119.39160134138224,336.3179593192721,120.3505714993331,115.36387186622864,301.1901020408212,304.2960180833615,91.11547265419875,494.5600539999317,389.3267709909576,86.85631001008564,395.46878852812927,194.3530863488475,91.57972621791224,278.41958242808977,123.75614503097603,90.63541625530954,272.6082879769431,217.48271719323228,56.137019455109055,406.9101510027743,243.91341874776157,88.55772330368198,278.4976211839167,208.59239182886972,111.63319180348246,362.6528565719724,266.1884126469872,95.97700368099123,81.40501319023278
30,6,0.0,0.0,91.05399751684132,239.74141006875388,180.00719333523872,91.64891990104017,268.8364228731997,215.98695889182136,90.65864795722331,242.92779643979873,337.57350353130164,152.7062025902726,290.7279925868979,183.67814139363927,95.89078268705096,406.2896342046429,213.90638571067143,98.43136563460996,425.7711979112423,304.9829631762006,146.12742184763465,239.18843887178957,248.28355904341367,114.09060442873287,434.45679274173455,348.15045617439074,105.16547762082114,522.9520157222352,194.1281606399624,96.98582177662554,340.9189676006906,201.92027996412534,108.7833711497199,379.3539982022726,208.41037632552133,70.91233720575161,337.5093176383383,221.96613385269788,53.70718393543247,367.0482686840363,351.7039058877848,107.43691653890492,297.4678503390338,207.23482631476335,116.62345421383225,465.9320316214009,309.85625130325195,121.82110102932572,105.55076923564889
30,7,0.0,0.0,86.35874076955797,232.64614874533777,114.59090280258289,80.29449051021777,335.2369707342796,299.94818602716765,81.49572686035498,151.013291730084,238.13037576843627,96.01558394842932,316.80217137259723,151.60985566387052,79.71365380784736,360.18882000602406,277.45446643211426,124.92469206607498,414.8461806873919,312.3780222448586,106.95144233971226,379.02199361716976,197.82941531803274,105.03242415234422,481.03908515067695,364.4190723799508,99.28624507361107,449.4758389786221,274.80754484549254,136.65806843248234,326.0382333846151,215.75144446140135,123.15751754161761,311.29226864831236,151.82391794557898,75.8714786975301,378.7100837932051,304.0185607630807,45.25910602811102,496.3042418263657,269.3467028201611,86.09588423567841,327.6758223191441,234.81820398055842,121.97363231332024,459.59283504444716,260.4338469735421,105.74045368860229,117.12074134680205
30,8,0.0,0.0,88.08766708193941,185.69820816529267,181.80882313040442,100.8148307801163,285.98906236062606,234.83762247643318,87.7235558411549,205.0205123226424,278.9220801925005,138.71612518869367,206.7026038606346,166.99897592394134,120.45177099114814,300.28232471784975,250.45161882876295,85.39289743581396,383.59386177268016,355.26222827222296,125.24338977945429,284.70254234764593,242.56931809242718,108.62055149480108,425.79910434379303,298.31879245193164,97.43523761854136,381.6327556663183,255.805088991535,103.23363302765003,255.28596926683488,195.20086737833324,87.13288349436172,388.5443664430086,230.06239095051288,89.96025387843956,273.5169813445443,263.90990746573044,63.881368381964606,297.71170643908675,392.9668345047975,91.30271151726193,326.66600840860974,211.0582422513965,96.73762956580508,450.30945867642595,325.4451475947413,114.55111847733768,87.59934518623574
30,9,0.0,0.0,109.63452090152046,217.22296567158787,123.93765128875503,110.16466931406772,295.2277834149088,220.87956589780276,90.98713697304436,249.9999171299382,163.9143496202231,138.4667556688263,200.95801913012184,223.29199309242662,95.15901189069022,409.64074554445,285.3819872568,107.8071742250447,416.79380485803296,362.7887195002506,107.79780237140619,358.14015374202336,241.06096158987137,92.93364174397723,448.0304839473681,333.5383329623364,105.72194904512696,414.0031661607013,291.71859139616754,126.88044441364715,326.0964353317936,227.69217421130512,105.14768840807294,316.8502581707981,209.73805758742822,95.70100510657475,394.54847589947525,129.44928585529752,52.454255220651646,359.64398683188784,276.6565402030782,89.91934375545952,286.96752966558927,214.9189164518249,92.91003708317055,512.9572535923744,206.05922027175873,131.49013048454935,112.86154063801285
30,10,0.0,0.0,73.57006943053683,217.028512322741,168.51974692197786,98.67336519193262,344.8217873285338,245.4037086031462,83.73624425965583,316.49996056259806,265.5302860105803,115.53391294709918,247.62855062417393,138.44791446252765,85.60069175479792,307.9301010465409,259.03041046176565,117.08340125154082,410.07876635668464,326.6108002904598,103.42221559006977,261.0952362287753,215.3119849384817,117.63133880917356,383.7995815275112,253.50805986696585,89.12639845208288,466.2666141920952,194.4503834646615,101.94855652159877,213.39566177242472,185.23752370499886,113.41069004482009,325.1255439468884,193.06476964541238,54.594207140526635,314.0912831611545,259.20023647072986,40.95698821657777,408.05544842625795,295.99211314561626,76.74778833586842,279.7995640123629,234.4929399503619,115.90836794676285,408.23183957957724,276.8603344628798,85.66838610376382,81.53318538917648
31,1,0.0,0.0,79.85188296543885,157.89404493896555,88.68891488116887,100.04953132445063,240.14372457544061,109.6429416415294,81.4724095318335,183.2000772028469,75.07043539047784,76.36160139784086,108.61114688055463,38.896670691748255,70.53925122542347,144.4599321537279,72.07848446499676,128.62583003231634,156.0267799737476,66.86543997727314,65.4421925916656,161.02564755737154,76.12068024838251,101.72416030986712,229.97651075517854,89.15004512697737,102.86402720986727,164.32767322436868,58.932299008183065,125.31229254597025,152.15055083451904,76.88316046357171,57.88501906442836,174.20302245822228,104.6384836415868,102.5062532194417,121.42813398585561,24.689179139242608,142.3840825881529,181.01006251394082,64.46624658936994,114.0209122909753,117.72654262809775,1.9985864558057411,53.42542015765336,235.28866264153558,163.74108081655305,66.30339031294518,71.25487464775243
31,2,0.0,0.0,72.8994590644612,154.03389805156075,80.35859769597617,98.79827449140596,183.47577798137058,105.10295722161979,82.70832745120573,157.67044209068035,58.9083775296096,62.12540539117359,122.30632252484739,44.9450286434532,63.603631695967664,101.51864241501038,57.994581504756844,113.63529744238053,169.15235076931742,52.841544730203445,77.91416756113514,194.58698192843403,90.06079008534067,73.36518144537875,191.69519046395752,109.91968326761499,95.85872566494032,154.53196831330283,73.00167716357751,98.11583769329958,161.07533115382253,81.30036403646068,86.22476546828558,165.5722830665305,120.37319948538145,115.61693668880672,131.56563597165461,22.720093647674833,102.41565135271452,209.51081775132332,83.98598354670193,105.03718398328478,122.94949252949448,5.0728618714602165,39.380504245508995,203.6760957484513,137.053733667535,68.88830480456498,86.78689202801965
31,3,0.0,0.0,75.51494372540189,184.12511883663927,88.5207450531316,85.61406228919533,224.93493946877334,83.98787534690682,78.85136886730889,157.29442373182434,85.70515682928284,62.877325957006576,121.12215086266225,34.70059715552999,71.50058344884232,112.43275953055455,77.49121632687277,112.9218559467817,162.3932021233409,46.624327180074516,69.13175831209085,172.70274758753072,96.49224064919571,99.7567217259963,195.97288216537171,106.44757057124401,98.48153469659054,170.26310698820907,82.97109545854742,97.41627626420686,160.5973859758541,68.5896915209326,85.10894458359364,205.48709515285015,85.59825649721141,129.98585539187943,140.92190253168226,27.546821648988114,119.79024476080356,188.5193131403521,60.116025866595265,119.10486738591722,97.5877923307477,0.6496982701569397,48.24041770386713,217.8625293411581,179.07388880072082,70.3845752782179,109.61759223907994
31,4,0.0,0.0,64.17184974909566,152.59131966592324,96.91465157143634,90.48805188548502,206.66417197380852,94.41937700003211,78.69795603939275,167.00215655346778,81.14942655779528,68.9120223981081,113.9102238472726,51.71517745843833,78.50557999336192,138.87939679456272,65.74011141725983,104.6003323743786,158.98911960325472,47.56095113216231,82.6525881333156,181.7384515661119,94.1959256918903,93.62800666627354,201.07379700456747,89.28895148899574,121.89679195503179,158.42243389757763,95.2251790147131,78.33733666685671,147.23763774874453,59.19333241265302,87.7152204939255,181.88024064802485,126.1244619312709,110.43576145840345,138.36048452285596,33.09943743200608,105.48621682613536,210.35763775794547,53.816674634047054,115.59744047759214,124.06180641432819,3.1824095388765397,50.87851719434008,224.64554880655191,202.3291539253035,60.153916152736066,119.90110921651231
31,5,0.0,0.0,70.67809999454906,182.93470487767155,92.21208742218862,106.79872367535636,187.88711435102957,90.74556530091598,93.19626583600336,158.56419396835975,69.13299740884266,70.47211376111183,105.334629160758,38.938174360114274,75.71691548564345,120.2847438830828,72.31825152856679,134.80290039590625,154.34608218337627,39.306445261980656,69.63581286284632,164.23633989672757,111.9628349996733,78.82719708424892,195.7705171445772,81.67776191623352,102.166556398996,186.79363770727863,99.75254710066463,107.99630968800219,151.73181790026138,63.555157347978664,73.92685829305867,176.50947140804442,91.87475350119009,96.20253427641019,136.3066043437068,28.41860669643176,132.024854082518,183.22018793513806,69.9003362885223,106.9241756393543,124.7760808524658,2.549837183399257,44.86733735952585,221.9978664876988,166.37240233157974,60.5116445677838,91.76174628377014
31,6,0.0,0.0,53.819783311327,191.87572454040227,85.92074127069239,111.29183651395148,205.38251176188157,83.03006045494098,87.04207724787474,146.1452744804731,58.71829238417015,61.45849226949385,131.1715528989697,51.84229338879923,62.78791948679056,126.38220319252555,63.324859304344244,109.59357294092312,151.50393163633132,53.91949028855409,63.39276190683016,157.88935770773537,89.08056086188611,96.74992624759197,189.17876789703013,99.05295825825434,97.1963705388979,165.18263161890397,72.77440624881277,98.67681869849315,182.87492103611154,54.27258190249886,70.76907298715956,184.85414735146773,126.44350782560613,98.46315411685573,155.22504782060236,37.20586744498366,131.48168529928415,165.67397399322905,78.597686774802,143.0501606142983,102.48800679248274,0.702327997514073,48.20221836402024,229.92075768215065,191.69104695031797,62.479690571286596,113.17826102148986
31,7,0.0,0.0,64.0505089663233,194.92483833891208,83.62323433351847,115.14547583875238,181.28607450414256,87.89321827476367,75.99918372193166,159.87265408188347,70.40536317409466,65.08238460411434,118.1538823160495,40.308786510779356,71.5436046116718,135.2730162385869,55.70516183325194,90.76879598971237,166.7442329354547,31.581632962777164,71.55218475502342,164.01226967881746,101.44485160725559,85.3904545965803,173.13707609495657,86.53216603246008,79.4466400309352,199.5990109043086,85.12604662308073,118.90841990906192,187.16569808309487,57.969356860765174,81.70344614700306,177.99177624149894,122.85747452639592,109.32567431688344,149.97086432067184,20.792540344801946,115.13503318571166,152.50035561989841,50.42169718665196,122.6890063712455,103.95998622341,3.5600024968629507,48.202838130876366,187.4927887113169,175.63996953590024,69.48797280771375,100.46948583438105
31,8,0.0,0.0,49.774956377630915,129.88703809705106,110.3208020213157,123.60219366229887,196.13232895675048,91.13426186747465,92.43721326227936,156.69576779850345,83.00343546709624,64.74988828585617,97.40683737905104,54.00393607820291,63.95394274643931,141.81104061361168,71.68700576214827,107.69986821234248,136.49831808338277,33.122397172438866,65.74357846513354,184.64390001211,89.23343179569464,90.57067642307204,183.7960617401991,107.46988739048173,86.95206420233856,157.27782212133906,78.7685211752333,111.75975788045088,152.91534818208143,62.13295354961247,70.82862823672261,189.5923575128904,100.77841920129441,87.40125424159262,137.65499142340317,38.57226316683176,112.27108909744899,183.02202308274778,73.09138335802677,134.05579148017335,126.95497892201891,1.534373083240611,56.34133302169457,256.79466271999377,143.6196440158974,74.63743879612977,90.31533467285035
31,9,0.0,0.0,84.85738480662582,150.11541310133737,56.49453509013589,86.65931462531088,218.02625798718176,78.67853757420586,92.40294161926792,173.52925450767552,76.65651256851045,75.6910716930842,126.1617188243304,41.05965776422893,62.417865607863575,121.0245980531198,66.98399527258934,119.67229261900194,183.02381192766097,47.0063268209535,68.90027258712568,168.89464739166849,103.76919908065182,97.28001923310632,196.27042137550075,94.57824632369167,106.53336081569431,190.31479541625797,72.57056021510438,104.69578614031109,196.36088694505025,74.25332580780731,66.5269715462534,159.1102594109911,97.09410182314893,96.55396316764389,134.89552017739769,33.004887952761315,116.32854504395766,174.4821316852951,83.6237272241582,139.06737616745653,114.91799147779754,2.3334099242011224,41.47787498737242,175.59623548225036,157.77097412950346,82.65008760370793,102.37621776355763
31,10,0.0,0.0,70.09903595063498,189.04558658095556,95.83160548565283,98.65606140282401,176.096495800514,102.36735788210044,93.29484182315528,147.37742943178628,79.68049052727932,78.838178587916,138.19582254612806,39.23064050222835,79.5360138013842,145.08989296157233,61.71297807541667,132.52699544033194,148.21927777653138,49.47159761418532,79.50443171328637,176.25120127486156,103.25537925286169,85.57210961472359,186.64903988012117,96.75082283220169,104.64578263047254,147.88762038585645,85.69427228572879,102.13987317154597,149.4317205588314,58.540903001781025,78.4098143479324,207.50261591685768,77.43630078866597,86.90642764211668,141.69606442717742,23.378697222821373,112.90215607149243,172.69174749502082,67.02164992349174,122.41233996957766,119.71031647103577,3.3659616876757203,50.28944230387269,254.30974507122568,156.72931407622082,57.630676876533364,112.62058850199044
32,1,0.0,0.0,85.42622605150497,155.84212401007767,64.85648215809012,83.51423897682916,152.46333832553367,88.61402178810876,68.32508097898703,178.13090831461875,111.58561751476708,34.59248614834256,223.05562068665893,154.3857007207708,47.91629628714635,171.09890552844755,83.05425111705352,83.22363258385376,208.08384957611685,94.74378933165004,77.32130594044365,188.21507922829343,132.02892352833274,122.2640318952028,227.07496350581573,128.95049017412322,83.18866697158504,192.32216668719377,122.64768249214504,130.21342796420092,172.81963095204156,35.68095965060884,61.626477976865615,235.95140193680214,116.31642391553497,42.85297647923682,151.21875390150663,154.43683706719474,55.28742390285123,195.8022252742019,146.92375485264262,132.44358321315684,160.7761759836365,10.372643755102384,85.11903721265192,192.0211062393937,81.9529111400289,90.03360686976029,126.87544896044429
32,2,0.0,0.0,91.2871268267682,154.00160614766267,54.08549546183453,77.6944155027195,171.66927907896098,85.71391817582881,80.25702348274316,176.9781304080658,101.6811708352753,40.43674490388278,192.73612320943306,143.00569387466595,54.87131480711359,102.36555111107057,82.48890968331705,113.18183248973594,204.90943687583123,91.53594085969155,62.11692154173845,196.82218192840344,92.94764834802913,94.35508912366522,221.7694391658937,135.70781943728693,74.39018915965788,187.31933223463082,115.22994433986428,127.55628235112312,146.39675452100744,51.52423640657727,65.61740636320336,185.1139136103579,143.13596799181886,42.68402087326747,171.95890346992576,130.24177580764763,51.590481872451285,171.19859551204198,129.27301464095808,135.06201680223515,155.73527293412363,13.039792447021586,95.46649589574368,181.22619934969683,94.80182313613821,66.50478347079789,123.94967419129861
32,3,0.0,0.0,91.65127664330832,149.95983122819806,68.01209195947308,83.30506380652463,164.2617906798917,114.39902679476035,62.4591112001933,177.718298426688,88.18267491147401,40.60354346089753,168.99106048814303,149.78831470697514,41.2304024398666,101.31511458378523,80.39951863754821,93.0333979953914,214.88528866464986,91.7110252012881,65.60611581575964,210.60923314916954,104.19671404820075,110.68190497205467,199.29148828421475,142.90233173890022,62.217398084079186,198.88992650623823,108.25876683616448,126.86806732045221,160.62217627522207,38.87689497282578,62.420204293073574,190.7621710784416,114.62379109209336,45.85944832972217,155.9356427726825,138.02212333454315,60.72644772202435,220.87571154315302,132.79625240883243,128.52273356317426,151.89073781366574,16.49312586769374,100.594277656981,174.336934050694,88.47072353185325,80.85798679184222,121.10151220909712
32,4,0.0,0.0,78.25627269044736,156.0840776601867,61.62749667656673,88.36010154633435,146.53872329510938,64.07284971414985,76.77014916944684,169.26673266184707,131.14845569680077,39.628813384201074,178.68838349804977,145.55912016120254,51.81282848341964,129.23540465847753,89.0376242105696,105.15861852448035,206.24843991706445,86.54313954835439,71.44862104182074,206.60731646500807,110.6018604073573,107.83793258360801,197.84325078598602,138.01660823054658,83.61358097287332,182.64645073504016,124.64864373172935,109.53503308023511,164.10421205263654,51.36958697303328,69.58977960043605,187.96143928303633,145.39500751287844,48.67521338208358,172.62740822513805,148.01281881075008,59.76937435349492,157.17295684847534,117.36907452168053,127.19686365412802,127.53875801445339,13.798510290544504,93.910325182621,166.62677583692744,93.3825647314436,83.61013681571407,99.51239846203423
32,5,0.0,0.0,94.86705608481418,141.59921839325517,64.11525314340315,79.03933309962503,149.96096541357076,81.99270942038383,69.46441658326965,191.97089352935336,106.41734666220617,42.22141987114079,218.33881362616728,151.1436453725767,62.82424311952166,133.5774216049017,98.91133530654399,100.32271125496605,135.46664178483553,103.3043467274594,67.78820912449775,173.41656639617156,108.56575774106432,122.035098006022,238.58491101747413,94.80984537099035,74.7098882909511,190.08477154348418,91.52450185229446,110.32606283987607,155.85279868032057,46.873457145270436,60.269953694671315,172.82565388417262,129.97710742805808,58.04639857678829,179.37845331075522,130.14369980489545,43.9829454227651,200.63803369830816,127.35439662148534,106.69684751650776,152.47012787481597,16.528693088176944,77.20824086138495,200.56643772629485,95.85735341790394,80.61728960569394,98.76721026809895
32,6,0.0,0.0,95.62520160204222,155.21026509426002,60.52013150141871,85.84198665744948,175.86381098553895,99.7097130440391,61.10300757001118,214.66905857771866,94.80684860829145,36.38928618279928,185.9423132523338,168.17233186439887,58.77398063855948,133.91318326593893,75.06766724701382,93.58696320721543,222.11594233956077,93.79835333651975,63.874314244954526,179.6087649430271,94.0972878017874,125.03468163480571,259.28011564966755,151.74907721759283,82.6880973100759,197.00480696374,112.47690568988764,135.0319243290048,185.02795320253026,44.060222305048036,64.89716554259768,165.7824758233478,141.2343795649475,45.78905380032256,182.62330647426006,160.20688418389435,54.10928000779966,182.42070952489476,103.27379927863906,132.20788718946264,140.67884085071387,16.844388162808368,93.0068671774729,165.53097509808936,104.38897492859908,56.01071233298316,83.07074239798037
32,7,0.0,0.0,72.69891914570668,158.7000668863895,65.10103343804559,67.25226453511658,162.73399600699355,56.701589342885725,65.10588614972215,224.9716718813229,108.55719235362231,44.96452134159598,198.76112512905456,147.93480282061415,52.22047619921848,138.48885651576776,88.32618532034377,102.99042676927826,218.5089899942453,98.91800268079837,77.52229431220512,170.54767672830232,138.07240292676101,114.74965629200425,277.15985262181664,128.83810732906807,77.59510420840829,229.38865456538838,104.72675467685738,111.41188155216892,157.22006196637872,42.84968560391467,71.12460678936385,201.9735158215533,122.27556662052896,46.122775861996374,191.2522729909419,162.3520269270161,54.04292964131549,194.92920984690699,126.833899618404,145.64279689768765,145.25134841062481,14.221047858443137,87.87227246690004,190.6477141457196,86.95074724613936,69.67854643262983,74.31964144193512
32,8,0.0,0.0,87.95283143234569,148.12096654363737,51.18291413496015,67.09078175288177,118.19996213753794,95.33666271439718,77.02067362930846,198.4911790580725,103.81273194241624,45.06091849358862,194.52351283187923,124.17328782032581,50.421793356711184,144.0264228001426,96.13880064192216,96.94910113601505,234.84107867528436,94.49884997784933,68.10408136068811,201.9800502198043,99.17975405225373,113.74134333301309,248.78347720741348,155.3441800024741,63.72458509874865,186.81369131215627,113.93612694956252,130.00569036285304,173.44902256370608,48.45036648519691,72.5748030396193,163.3455109256429,110.37907801933275,47.49028634774461,184.4268124695182,143.48199060911583,59.70697725283307,161.692355548587,139.48255610869472,125.36321651269833,142.61222670899517,14.801558185094226,85.27624650328282,166.68850712977795,102.7545350965182,78.08281401037192,99.19846417352007
32,9,0.0,0.0,91.22003601708597,146.4720559973566,59.52679422343023,95.36996902371656,193.8826394616389,70.93368277368775,62.71949716193203,187.48542945981174,101.97006064237122,46.90772738858103,180.19387135334708,141.95090275946424,56.10780111526785,136.02260438503916,86.92323611126533,92.02493785573517,228.0316500018131,89.77075105871177,71.6046309349539,187.8654536116133,107.66846553748522,131.3690940931917,276.9189425056069,134.67700984680607,88.61568907981011,210.12933594194368,125.30494312747359,136.44751724096332,176.96214984348342,53.21864782612116,68.6085996782214,160.7930186777716,123.48844461837717,54.4007904104304,175.71056015252643,125.99966740142041,53.81962406720608,202.634822917011,162.75093259046497,115.33113468006134,143.22929818797252,16.69139186676689,85.69377979415107,193.01642511569244,72.94390165977461,79.16730193335535,89.13064824009118
32,10,0.0,0.0,78.76239175445642,140.4488660970598,70.29688185608283,81.43737397820787,157.43813818308186,76.12846482655841,85.12687836118243,195.59310346037617,121.72453206354591,38.42381794327383,219.5138445434448,148.79898252322207,54.553211659184626,142.53945934229037,86.80454915034996,84.88476109551831,239.8800104122336,105.90554695862335,69.8402486112087,180.35073273066172,136.89584845753845,124.57183817727477,215.94952719319522,111.88758552510758,74.95158348479302,214.1213462253765,105.70442762102103,103.26582086256224,182.5813322512434,46.91397499935416,68.43183805027473,185.25359044126057,141.28645149896144,46.97247152060569,172.28690709382786,139.72514369210677,71.85374614005718,170.42624988203107,115.89252325607114,114.53797974857031,124.19540668439672,11.036610403556347,75.79244419024168,154.61560519340472,84.70341514129315,73.30850024639699,140.70420077532816
33,1,0.0,0.0,66.38423555900523,519.2085174673467,328.3301238725881,127.48536248294063,531.831254087061,398.4170126228952,101.66781209015221,442.2440521403681,303.33547353599766,121.2420547880906,448.47923448251834,254.8926737974952,80.65615501258475,281.937298724035,217.96185562785982,165.93787724857003,440.9426073335882,217.75541258767717,79.21146403290254,467.6325252825954,411.9968906427899,61.33481950373075,388.65804209027385,398.6116417332065,98.00951880531987,521.3074458652745,269.7916978924801,87.42106391943422,542.0740476630015,401.13116842925297,126.83381595191864,309.56913844907496,232.93742875384754,59.494779999909866,371.2895955707214,365.48898531101725,51.26355086691912,508.6958865644293,419.1359318945659,59.60922549170688,438.61518287803347,426.5957430555987,97.92129666551718,220.82594917218077,329.12816803471924,121.54810498199737,131.9721255303522
33,2,0.0,0.0,63.442269050443905,361.4929117205911,293.6534110174297,144.29632260868684,330.8246032110121,311.6677921890169,108.26401769836177,378.8915713322608,330.29957736108986,131.83767773880066,448.1101710096022,193.0622393898887,63.75613120509223,373.0605766979913,264.28272617958936,130.26807964244486,363.6756688785729,168.46568002588378,68.23327790810977,461.87114592241466,322.94297302101484,67.95002038708986,436.5926697995932,254.34695631377446,109.68326299034324,417.09318953558005,329.7571601579146,98.75675547094295,397.8589807524368,462.37563583591873,80.81343161460211,310.91203976269543,211.0209713359096,45.467400855808364,475.4826949225478,437.2891894786871,53.11724956378223,511.16184410185826,403.78728178057753,55.18557487602645,420.55041072705563,317.6841653921554,135.85450469442802,430.68814145238434,402.51018134621603,125.74846087940169,89.1986493148036
33,3,0.0,0.0,59.74690655320047,381.43223480201914,284.3532964696625,145.8258635260973,497.50164089237194,333.95105156320966,82.85323428017114,397.506389067104,332.06262436911794,147.25793395451018,329.60758630477864,280.85612418825775,78.95129343724226,381.0425277616351,256.914730677469,117.47754428250592,379.70785736397266,231.70491663704362,83.53851981229184,537.5272193992781,303.8686211946595,84.64898568404763,299.99353275614885,418.91820693214146,90.62326861449048,296.96098011630613,259.24322730842135,134.36856182136532,500.2509739974961,430.3398236985204,106.08111106290069,286.79406860685714,208.2713682478262,37.32065191122674,537.2174369383487,334.3552730400447,45.08077800709188,397.7252583336817,456.0407227981904,72.35593633682426,292.54994365221364,327.2115570949824,120.10065676766179,433.66632164470275,372.97943705950144,100.26319792879036,92.51587912133718
33,4,0.0,0.0,67.20293090698485,401.4708832899006,376.541856733933,113.62228725472171,375.70854698214004,348.5911395934438,132.44473693433716,651.9585927955711,322.04602612148346,130.0098582641552,258.39840797104716,226.7842771078429,43.845238562428406,396.2749689962946,336.15195911487376,111.37842387984159,384.2442873444155,237.71992678361013,72.54064092048222,492.48725830225845,353.63998605340794,81.3715793118187,390.3052040095421,225.23973056188984,110.16763001053428,483.42639165046927,292.84542223092257,93.0971654012354,675.1771768003555,422.4579858535474,86.05772551803418,299.98200296066193,187.2675753160184,56.200834022456725,553.2378862061447,514.7863172422973,55.02845553870089,522.2294888095684,509.11654763737846,60.059296716987554,518.4513634404084,484.5834986168759,89.53441474812811,388.97720989573,307.4962803266376,86.10022944731034,130.11586122914153
33,5,0.0,0.0,69.80040438863863,476.19206780273646,400.3397343294805,130.09537391872917,368.00707528537873,336.38114480485,113.01306243001852,340.31000268388823,417.5391925429235,133.4717239726522,505.7643366720361,169.612979505797,61.39089499776997,336.95383674304713,292.51779433083453,126.97374308842737,309.9577879072935,223.110248756059,53.6995270716634,447.62765832994535,381.88460328586757,69.07390997009419,531.2039772697171,348.8157417771525,133.51464786101022,512.2948016916479,246.62622567808057,69.61822319300653,500.388897288114,430.33797551214576,112.07719397146842,334.4568346623856,275.53799672504255,53.04613106172626,595.6771163735256,440.35276749640695,64.752116834103,485.66586027571816,360.1963397625232,69.53747410186948,428.1383540329024,351.9395454285926,66.16736094386586,483.0620999098715,264.4413850508249,139.08103129890614,142.35023354208664
33,6,0.0,0.0,76.03690565722653,418.7444568301099,370.5883629986293,120.21188932040184,513.0209393703043,251.9398944462294,93.87828637163128,459.7602238386157,366.0786787323044,91.16237853734137,319.8811252802432,294.5236143943097,68.55077727318522,340.2831661244236,251.43069142750338,131.772832855146,432.1970041575411,213.83743740529724,47.63735214925407,484.6036917626617,373.6190529207305,77.16340229697867,326.86842127652693,372.57503586192865,110.96119558591899,465.8825353324668,264.36370262989595,82.11433565090599,458.9917365765231,433.3512180302506,91.3190926523577,315.37263945196406,231.70040609096998,63.4606901282214,366.86477859808633,379.85996489411355,40.86143878040231,424.85033452794113,427.82552862828743,78.58908858079151,387.03900554261105,344.1035845607244,117.3313496966841,470.16935870146324,297.32867636124286,100.77720091435714,66.41666589334547
33,7,0.0,0.0,68.88428341212519,352.93768224684277,450.2239958798241,101.43360415877834,496.87660115125556,339.2815591155892,93.53389526060647,461.13326167578816,281.0559070963521,141.63866915973995,411.5990834426119,329.52325908550733,65.2741046822489,321.12172096116046,286.15395073057624,155.20050764568842,328.0300083281205,281.2763547068869,83.13726050637652,353.52424976953137,360.07590221238604,99.98101845167916,409.6855120810796,270.2781158970324,115.69975124679087,437.2656639853989,371.678558639287,63.777583240900626,647.4403414068573,556.5141417655144,71.24840752163838,345.8634618680517,288.2148719557588,43.58225325737082,492.88951101976005,257.28837411865004,59.17014001166902,457.71081821116366,378.19760016390177,87.61489672627823,396.6002729228206,381.3988359435304,89.16521001188278,273.53762795333796,320.7471110906248,108.67145984115352,125.75611712410839
33,8,0.0,0.0,57.30637872386444,442.0229388235873,327.44526574692713,151.53436339483954,503.1455045575175,371.5586675355487,78.4620131014787,506.8119885297369,376.6423565812742,128.6739696263075,521.0474500210694,312.7910601884781,70.91952876339049,332.52232662104916,210.93332117068167,166.26439923390103,392.87100991707837,195.42125896883732,90.65683299984522,531.9586811541162,336.55057783786,81.32529569321612,548.6571798936022,329.2822831505055,121.20727496098309,467.7753038430635,262.19431751136756,92.8418084020009,575.3711983974332,472.20264706889003,82.39833418067846,342.68320803224594,193.15851214199085,53.69290330964393,423.7952177095431,498.9602948387325,53.062919928765865,377.7737140402256,427.2533516172922,85.32741548703363,489.33603510862315,286.46488526557124,130.6312115513107,414.03964747012054,301.94084223327485,115.72625762906317,80.88656981296583
33,9,0.0,0.0,78.94860607591737,334.9819236654714,298.3842188279966,135.87067588466442,444.0078883538804,304.75481559033614,107.8682335393681,432.4251989110016,284.08212092475424,110.98280862487468,412.09069369456523,252.5868169607802,85.6036395952622,332.3708776097946,252.98436778355253,111.01244004682326,450.3961755875928,245.3295890148272,100.01932847667703,404.3495766844982,382.9479749310803,81.48089446325169,476.7601187141371,372.63124573139385,114.4469557603736,437.58688204722125,273.031879151761,105.72744244879873,549.0366496944711,426.7116791174657,118.89741647477564,303.03283795960783,259.9258194728444,58.274704685196276,453.6402847426766,425.57106763111426,68.55912175661696,535.4824681211549,447.66943692134817,74.94423975971675,437.1690279224786,380.7555511192706,117.21519603143244,258.9127633003212,275.43720123372304,83.8493586440655,103.53227802062601
33,10,0.0,0.0,51.821600901274884,317.99726935969363,367.8380900515581,165.70375394931358,439.9876284356407,419.80237756943245,120.28244753549215,499.21710463069667,436.3656429914663,118.44305272894596,414.5086226796716,293.9565994960583,64.50648097004387,301.7265400242325,272.9237418390342,104.91000233978167,304.43975481906864,243.24710482855164,45.384558489875516,553.1089434943698,416.0453234559543,70.39390259853974,346.69796365924634,242.19541579748494,133.29468271491945,579.6109620349137,219.96000611083178,95.6522576487677,547.8430714476472,435.34129246445184,111.28067917221651,303.35907769083093,195.8137142543177,70.65910445643709,509.47087027997196,291.2772692853369,47.83313311598132,373.9440151437644,533.2761307862147,86.16154108005753,379.7509524247703,379.48265273790037,96.24888821983272,313.3311325944344,196.48369380421013,106.4316324444632,114.45184104724838
