participant,entry,PP_1,RP_1,HT_1,PP_2,RP_2,HT_2,PP_3,RP_3,HT_3,PP_4,RP_4,HT_4,PP_5,RP_5,HT_5,PP_6,RP_6,HT_6,PP_7,RP_7,HT_7,PP_8,RP_8,HT_8,PP_9,RP_9,HT_9,PP_10,RP_10,HT_10,PP_11,RP_11,HT_11,PP_12,RP_12,HT_12,PP_13,RP_13,HT_13,PP_14,RP_14,HT_14,PP_15,RP_15,HT_15,PP_16,RP_16,HT_16,PP_17,RP_17,HT_17,PP_18,RP_18,HT_18,PP_19,RP_19,HT_19,HT_enter
1,1,0.0,0.0,46.7165853656837,179.5196629027563,157.59013427826505,44.5901244142655,166.7005948980775,158.96537238797546,67.81484181382746,198.90136304460978,99.5358640015439,57.4187534678335,108.87662467075891,47.43163459554071,67.79779456325905,165.82547713760374,75.32599682556297,99.48751009068474,126.41664347348299,28.040861508117374,54.23996839364751,166.87338381529736,109.80287020882294,102.7503675610386,179.8280914403693,43.2600817803812,80.62236439865026,192.07617440499132,102.35842631741065,40.56307188724674,175.78843899105962,125.13071082570602,121.72325835542354,135.4817726961463,45.56685734056829,120.48640811514716,181.01796297870848,69.94829319540028,127.38502160333071,125.75122098506101,25.55568261170443,83.53808100608249,144.13788173388375,59.87940618392605,131.47030479074945,223.42809582586256,78.02070715689521,99.15543684267755,141.2610804531047,44.85683154312296,82.63931616500506,125.24733009687866,101.31743738200755,94.24286303537777,129.10266406987782,45.45425710988734,59.624747532376475,90.61986737199493
1,2,0.0,0.0,52.12836318685025,193.44640179884513,104.47115233209834,33.502707221233806,167.4943427051875,105.60632358319948,72.08232131974361,179.67854411503703,83.31775199507709,60.58128364705514,113.44592250542864,41.121891466168364,72.63870436949237,154.75372113576032,83.27750654473373,92.85979496630965,155.10845145820815,20.13872317739896,54.60756172982765,175.79855249631268,111.85888257803045,97.8365406412658,155.93060382608454,53.07668192874227,81.24149331483122,189.0125568785667,113.9331478556641,53.35278796573825,156.40226024732416,108.79051721381427,115.42807818020515,172.04128909520196,37.2266364619322,115.91149160961305,181.6968462086764,62.856802616499074,90.67231152351013,150.54820040108774,33.21154120084001,77.89905436841836,137.59798624811407,43.24583967837433,118.49555505990689,203.08284217767783,64.09466988871665,82.9910725380843,145.4790271358788,38.64838974126677,75.43349297252738,188.56897838965963,73.84366567073636,92.41117357125704,135.4645285014496,37.95647583357921,51.27676244466636,110.82924622317682
1,3,0.0,0.0,60.80455851424353,187.56731819993013,131.4217275947691,41.13002985280475,176.60928581038425,129.41092672862803,69.71649794964063,196.04929108285847,127.3932558079993,71.74124973342538,122.97169084207837,39.2816666302342,74.39930379415266,151.25071551340875,76.60769780341992,88.31409925672091,143.33742578347585,26.91094075716323,47.078609209990475,169.32021530336084,103.09124492067285,101.33725855148623,155.66395369810306,55.01498058068239,67.78093313955588,157.9416559739245,103.74102973564821,40.522073192070636,166.9682402886393,129.30189780268347,117.24667551525958,155.42852615557763,44.55280015367831,121.62716337087929,197.8213617083676,71.2293154262605,99.94850392540478,124.63227727868605,21.409810202546897,75.36902070329349,138.1604895822822,64.60612145154897,118.45899865435351,186.96214474580106,67.91916897803385,91.03728131234493,131.34936096896502,44.74628007407508,76.55865723470401,149.46579718484676,93.38235173644176,97.28875926547707,119.85670628729262,39.6288120500588,35.81166425718262,75.7207699481291
1,4,0.0,0.0,54.46633615396889,175.73764934550994,136.14219396097855,38.90108898969732,175.20117743965613,125.62857996952495,66.12862239655,161.6783862236572,120.16110095888003,58.720138622737124,122.03338011621362,42.57927121408231,66.62519431201588,162.90925766790662,81.46403801556589,104.8671617906614,140.98950981235262,17.45622057857286,46.42255829375729,160.57301415468848,110.32160444444477,88.08407864018602,133.5845538924708,45.0920269964334,60.1217737987065,174.861347448101,107.43373105366236,43.77892624708716,157.5362224197501,120.68896218739965,121.92939378752784,142.2800112913719,34.4731493546043,105.33079831388899,167.0631860410341,76.81363706784549,114.27160413312973,149.68393588713892,28.163243948471237,94.55487331396085,107.6324888767809,50.91570474188826,132.7529860725057,204.04197120580616,82.8130067116138,104.50983692995304,157.4330054383328,43.676520228537974,77.05330136101325,160.87813557201554,99.02625883878508,87.33166476328651,111.81577949371032,35.491674133451774,47.373903533724686,62.44030695711133
1,5,0.0,0.0,56.400007053548485,169.59711431637163,144.91168737955894,47.62593528188871,161.84407952741762,146.08889766638055,70.17585108227232,201.85997247267306,129.49470260664242,68.80280506827788,104.75117046230713,33.74900524840942,66.04611939155953,133.76526468034425,83.36182177625093,86.4695663621776,137.8459760337658,24.681972404096314,40.04609040638654,167.72621772260203,118.45597057585718,91.9437270329757,155.87972732784328,50.90126860800605,67.8450625922595,205.94286251150677,102.0933786690869,52.247477725480344,176.79025630611017,86.99459162408651,114.9619397118822,129.60388269095554,38.56306222328841,116.03227719653479,195.40108655284612,59.26537489405734,115.04539397403842,113.61678459495393,26.107952630654886,96.24247652287472,145.69002812223235,41.13776944187198,127.49392242359917,168.3381225579734,64.24203644525397,88.05865457447007,138.13716392525092,55.91843097965709,89.93210146477202,184.12892196977398,79.68356020623295,79.2737555744048,135.3682937658241,33.697958233489,50.71791920703464,96.83227838772828
1,6,0.0,0.0,63.504947774144156,185.42452343428542,171.1598549485892,43.166316826586154,162.00323574416092,120.471213488492,74.98781809949814,201.41036477849698,114.716924263086,80.65657715440494,100.61174039500655,46.16704588534906,48.27349189195644,136.04366493589418,78.33186992773392,111.57539268857683,128.85544744261696,22.829425077632035,45.73632532797327,137.81735877990488,121.55674860747972,100.86599496511282,159.19973703549556,44.158410273282584,77.1533655624839,189.98351193012698,95.74816776901763,48.34037466844223,156.27534640573046,86.75094182951149,120.15818784559659,150.9067806301476,44.883596265929704,101.67633543133849,199.81809626563023,69.11215753262168,108.12079216222564,135.80720388041092,29.198994807877504,87.44299221421227,135.56081742692177,58.84008069416993,110.75356579507533,167.7479897629337,67.6255623941445,86.03291803206042,123.54842281656938,58.098421136842234,82.62595084944812,165.56517734761522,98.86667760169733,91.98177782616148,119.66316646872512,40.037375688657306,50.83979757190425,91.97068838035591
1,7,0.0,0.0,51.68606273636499,179.3899299495255,121.61959443913801,43.59358937889635,160.14093112373604,144.38026984323216,77.42394617348069,168.18959288895218,127.4533420240089,65.32817368424779,100.28158156746262,33.73133502710439,71.45055378858623,153.294523959399,94.72876995326091,114.12309832408364,137.0744323963618,21.23252980575883,43.01579625305238,168.20203498648482,122.02093682937075,85.32398879878887,135.34758869401054,44.96906419738179,77.81155266265017,182.73790279132314,94.66947211557815,46.503106826832436,163.4994287857266,117.16646073973953,103.47555012928538,152.79144201322228,48.613239628587245,95.15697480320874,178.45458790890564,66.26451830809556,114.05597515970948,131.19827573709637,29.16514854581092,88.49286466613462,114.13945605268373,59.742774909412105,126.26989441928497,214.4643488607622,71.25966715166858,101.15171849992085,113.67317409102216,42.5955202300706,79.45471475206392,172.53368470451232,97.11591902337933,87.56240536550877,123.66009688764537,34.56025321138075,53.897734359340944,81.77039102471745
1,8,0.0,0.0,55.99728604923526,201.75171881910984,137.44018769327784,41.37289615691192,150.58715109150754,143.2957996253271,76.00080858649545,185.69049529700285,112.1890965573192,72.73371581044329,103.49532030437976,39.97770430807911,71.83658256495711,157.13783472251976,82.24596553242269,108.9269834526476,112.60764154124185,25.374183970837397,39.6579643280433,155.80385028589535,109.51668197308437,92.12183740111917,157.5021274713185,48.044494237213975,74.87465542447504,160.51104376441998,107.22809936912243,40.56675987678386,119.62242188187284,118.33250050583521,86.74218201568546,134.4231228088777,43.46577099590685,113.26199305138249,179.19043242953308,67.71221677091654,105.56044292285723,129.66378853574298,30.608240146905477,95.79855302853866,128.34187596073906,52.41123112380149,109.82025813768439,189.65198599682378,76.02771462089223,97.3017530610051,130.903254445361,56.27662235599902,62.983172558067025,190.2133789148477,76.64912741224501,79.97112501405469,127.83853721077246,36.44059747605261,50.161500231358154,91.11173393140072
1,9,0.0,0.0,53.96936014797635,197.83962367222773,138.6638596130423,38.995586191161046,164.68130156422237,124.36852097326323,68.71425783034466,185.80031261428692,130.29469000313657,72.88894657074256,96.58955521493952,38.95499354127192,57.91903120734751,141.36569855630228,76.15058532221191,108.5461422431514,144.31268426864773,30.172105175996005,52.56255341389542,139.3318634316398,104.24339102961342,84.37000447141114,160.92207863290378,43.5464341217067,81.74442724168384,178.215659709649,99.25855048521524,53.99692694904219,148.4283551907056,100.11662060492606,109.27088689059217,153.3541348770238,41.664295878234114,109.55916602258404,146.17302277728834,69.63087507264855,104.93054005352847,151.65871700954114,20.656773805546095,77.2975928732345,147.1994174798877,61.56225750580825,116.45011797707625,187.0489223176318,76.82050076147591,91.06584132059271,143.37866303205544,43.41647192390478,70.75875358893644,160.77835207823108,90.69587408288095,102.61550098054926,87.0458145907723,29.24170598875992,47.793775732253664,124.21444378314534
1,10,0.0,0.0,54.010662787203614,173.2766547355361,139.9597394808459,36.3012870442188,170.55432452418177,116.99529368523665,71.59149539620637,212.68662291531598,118.40901775441696,64.958729019524,89.15941734800865,37.514677108846406,71.67826929989505,154.35220003309874,86.222456640303,113.1378462465223,138.79506792788973,22.73106215428782,45.1111872747949,169.65937099852334,108.34278003856306,82.40126611303523,170.21356312530983,54.90799480384214,69.92165977041991,183.40193223441918,115.36924361747216,53.096992563330346,152.4809821448258,92.17019870043345,98.7667305095388,164.9781450515146,49.562281514297354,114.44459833065721,189.64811247417185,76.63685090599081,119.4941951044918,131.44526710860313,37.30734182844507,92.1546801862459,132.46263475352026,52.587657157408664,129.11322851885078,208.82832954386558,67.82374811844667,79.09939111572663,149.968088341007,35.29055495985559,81.16747749077133,160.97102759519362,99.47824142998725,84.80055494741451,113.50150873275156,31.57639899032037,46.25597760620686,119.61852128968656
2,1,0.0,0.0,112.67090713624543,225.26819578333956,77.89200051037069,89.72041515797652,178.81146561936288,106.67389823580031,38.429763342152334,224.77459189629508,176.9292342690539,88.05524141242655,199.5573532978175,98.83243540021599,90.38561899564715,178.7954747238036,75.00721275908586,101.8227699383733,226.1354949668965,86.9830254099958,92.4341513757598,155.02246236785757,62.232151830459244,55.288068365909105,231.55112849754934,154.41430740291108,68.23809668942862,195.30340443595273,104.99620665768272,84.73947790451221,153.07322983900733,86.50424816551063,49.44240353820721,140.20036447723052,118.22047512606065,79.57161303038933,160.76588688153393,76.40275916167505,111.50365997285488,146.1290674782244,83.98478077386527,57.10719025152748,235.86686089633488,146.07392714182103,75.22039340474616,210.80323412488855,119.24434562552491,54.462698326023926,199.5909158025531,175.27607816989553,116.09028979797579,169.36324690631525,39.652010787116104,41.84559396982495,114.72689857427925,75.22293633019348,110.36900181043556,104.51438298609449
2,2,0.0,0.0,105.03342304469737,193.39241598181366,68.13677301580924,71.61366159527755,168.51188395108335,120.28600152660962,38.58320238274564,181.7209567115209,174.9178099025535,103.9116419621215,194.21971411233687,114.18724618615322,86.83635365622352,166.37127241260401,94.14314600082963,117.19123092958854,195.82514693338655,72.05561551702992,119.66464613949782,173.34276570031048,83.51385022148347,60.92459848460531,225.54422387252202,176.46648025934684,79.28076171927054,173.6489565917269,102.58652285592802,97.50341511422651,169.09853901297342,84.68353765316932,34.890462965625225,149.7454977623403,90.90558745553814,85.51259529579386,174.46586514070887,92.06382550252168,91.22692807520696,182.70412387541163,87.57670704391964,72.91736586558255,216.8993159963622,165.80520723193018,64.08261140614395,203.6622296816693,129.60050843483234,36.05114693803259,166.0513636307968,172.340035849529,124.34396448369877,167.94071465172038,52.6703098742918,46.52311654523335,98.96578793797659,60.47218777097741,154.70355197441157,115.76089265564526
2,3,0.0,0.0,129.03700982460472,175.7770992066251,71.75290078649908,80.10162903553557,148.23071423811737,101.19278198204329,44.99685678176843,187.998502029058,168.5873329219756,95.44403916753576,210.32042347976474,94.69217891001745,89.26641749065672,195.08387809489972,116.02912639842455,113.80233786050476,177.07441858132742,73.81650300664174,100.71606479293446,176.00394554273538,65.67374761701727,61.31557740660408,235.11901947896857,160.31425492120385,81.2953273748428,205.16792611359415,96.50373293215165,103.40485989897671,170.87929816648693,60.51047715156774,45.226116975946745,166.9900496697557,112.92103158137877,100.73433121355033,165.1710802378899,84.07501885023954,106.57571637172744,173.46059324540514,65.7649014191728,78.62036274938302,190.44387597943359,154.8314258488807,69.60760958607628,215.26475944276802,145.64507811337842,50.39897061852585,205.52893847129792,192.90686427991184,121.24132148534488,182.85406766147543,30.67869667944874,44.532004705363605,146.97907881149476,84.64041819020049,138.07009664376798,86.58064178053728
2,4,0.0,0.0,113.89085817798849,189.087597147385,68.40569767427563,83.1719041461786,175.37748723605534,107.11428085153221,34.79253629266007,235.42589617381884,176.4933993775781,103.39681235461039,208.56985203345243,104.05679875480845,84.27656169183362,186.4471970492546,87.6118342979328,105.32769935704047,173.25454332305068,67.28323327343021,123.9071232300146,139.02559738555328,90.06339480306724,57.23584126259288,246.83110927576197,199.5782302299268,81.52203097136925,190.21796932623644,95.89370459275945,99.83024359067846,192.4024379793217,87.39481716820154,41.397431978081826,171.64931033471146,107.84706661236554,87.90448316764966,194.72314089786545,80.42037370526768,105.02406753810402,202.41052039811532,82.79001390424246,73.46467798430547,246.2220750342273,101.67702902171351,64.5085279263027,216.47614826766602,149.9529227969088,45.070903379897274,203.5303429842831,173.45604542790457,115.54787123603788,190.18999963004953,45.40607203438945,43.70349846838933,111.836006916833,101.48012108195252,96.86729243408486,103.93351710432822
2,5,0.0,0.0,104.22143218349582,221.18191018612475,73.27174291173333,78.44250031413706,177.45088882761826,104.65770863518247,48.920060700991776,204.88885874417704,178.89611546282285,102.14006798136727,212.59409033790814,101.6367959620018,87.12893744732649,157.64378718385416,84.35429595015918,103.5429466270077,186.7616352897218,56.31123198016361,118.80255096893538,176.32853724442865,71.48433936562371,59.7499132272826,215.1196221307721,157.14622573538307,68.49135537298257,189.77355245117803,101.41740563768755,103.51932202001299,176.0410233224955,78.97587375689751,45.67997373775769,166.59548507723406,96.35338573250252,104.08374172822151,174.9115682623473,75.0325117802621,111.60917447966827,181.6087269714914,90.56051907387835,70.25482458648209,208.26178209355842,128.87864886479198,54.798497430506856,226.81244320986633,150.09473624673413,63.01371039193821,226.35439940795467,157.9475001413566,121.50300768987883,154.44993094774088,36.257072396223414,55.70827297651033,122.50889241942058,88.92570604215513,137.97390555163645,116.54770920993539
2,6,0.0,0.0,121.10182754256547,177.60896412397003,66.35485887581768,61.452579114711845,185.0011259495336,93.86039123828753,36.81539310179671,174.89541636954783,155.5256504510288,95.3585741493673,181.61835912521917,52.43353456487668,80.50528812645845,179.08057059863762,72.27112453226471,111.50455510607911,178.84691427257604,64.85933070875441,123.18952652403334,171.39648578067587,72.66991120911074,53.500235315808716,192.44927892331452,182.30660270942963,79.52769776405655,165.20691886335555,118.66406113660831,89.1619489766379,153.65266665822193,85.05311518132682,50.97161614312378,153.58877297879062,94.65593413757216,101.12679399664685,160.1201940011513,90.74496879430748,94.0584089395889,190.81132307292293,78.20944223204769,72.99472146741087,199.5559576930479,142.13511009199263,81.11948994000134,203.75953908175745,156.24705147610626,52.81317752603085,216.8617167067785,177.67270112698745,139.00226597531895,133.0679667950095,53.54495179939552,35.540996436982155,118.06048313404571,89.28239704782104,140.57486626284103,118.3552839989241
2,7,0.0,0.0,95.04123452977788,199.7342018051505,72.69010325708359,79.63550222676906,177.44583128964214,99.0617999476762,37.68695955935849,192.98060134720848,145.36188867299992,92.05289510236793,199.22998474227265,100.08336778200095,78.46119347902004,157.78294988292342,111.51742333664446,104.1752269637397,192.63446164425147,60.16241017564606,111.91226387890961,195.86754046180587,66.27883510979669,55.35014133011141,234.62156793488268,173.23827146605794,82.74228005360355,186.50402304681634,88.41182061479876,85.38821501187822,171.14569020129792,80.12006038649949,51.87345745395976,167.55128334583185,99.94824505640709,88.86006518867134,148.59436666717392,100.21416347740481,99.52124592068088,170.69301314162192,83.71575626902008,60.45008831790443,212.67818095900418,129.10430866335608,79.88225617818487,193.8876526357349,154.92177616412542,48.458144402220796,218.41470912158832,136.13774311831753,136.57808198611963,173.22066394232607,35.000470340053305,50.26580475534236,112.7576807372924,87.24741260111352,130.6265029011994,90.79526490898985
2,8,0.0,0.0,133.6407716841778,166.2842438416918,74.92797681576967,71.42176487351279,173.96885203736218,102.35372668903118,41.144433833142045,213.45568631112698,153.67221891698745,97.33147555213915,199.06140789298993,85.58578611854111,93.03661548392472,196.58898152361402,97.46454630673139,119.98411072953282,172.6902287055803,79.02568746611543,128.13602082568926,187.81834575812178,71.72505197563952,54.71445006705699,213.88507078953552,145.92801781094562,73.27695206059502,146.7932327398426,87.17135510090473,90.09664814533072,168.83614132170518,98.71137710766797,45.583147952383925,156.02858158296738,86.44104212611879,91.29109620808147,174.44917799360917,93.63013489721689,94.65167274006235,134.6979345944451,68.70345815160175,72.46345591973852,219.74942063538145,161.65728652943176,72.94520443225012,234.5927330057291,129.14144156665637,52.453169242669475,209.83920019658123,191.7984823163456,143.8040980548587,203.3430866614499,34.176404722449576,45.65460288326693,118.67924231199821,92.80683523614127,136.48792264621886,84.19269232354718
2,9,0.0,0.0,108.10450263489729,220.9213197920892,74.07592366670293,85.46346969717337,186.31201659311213,100.35497309178767,41.78840004173347,185.0318399771891,168.29572966314427,83.66149235676912,172.8374201314405,89.86959879461054,84.2859768421165,210.93733626584668,84.67603446446654,117.83796915227346,178.87190332012264,65.94554641462268,107.40665640626982,180.13928619057367,79.2770791157128,62.73665076235022,253.49308779255105,156.8627917442433,67.90732898539443,181.61948065682304,109.34844024083176,96.3322802707543,169.89119828449188,81.75700257604947,48.813606572759795,143.13946625619607,124.15693818666816,99.9504272700857,179.94847058061595,96.91031052155981,79.7618225247273,137.26729811907174,87.09225227016874,72.29666472286266,202.18780421472385,158.59005957366247,68.8822004528636,178.90732984049234,143.1285054098053,47.88589928981117,196.6250122095693,151.92787068687898,118.45589651423633,150.4336486426007,47.399639457734885,44.569183396997055,131.29073365931148,81.67931154970064,144.39909716879131,99.10395388224279
2,10,0.0,0.0,122.32171287163735,199.03379770118747,91.52339586089414,86.48515660067353,192.06437970272387,91.7838472610777,40.212732847349415,209.05277505913804,138.14392547070352,96.35161450080697,173.5358365583176,113.7605775497494,94.16438731952725,212.74317996968279,105.30954926970209,100.50886371643989,193.2079034635024,80.12577627715048,125.17559701890757,211.90764093731826,76.18008411705334,64.18851851777018,236.51853314848745,165.54262331320473,65.11757554115263,180.05727774577915,100.19755802422411,106.38069417521534,176.66453502127618,94.43956759354712,46.13957118531172,179.7547303989718,100.58419417377442,107.21156855422316,190.83652645014809,75.72082622297555,98.78005962036082,137.88192683531557,72.23164934776743,66.31320739541007,251.6421489786216,132.0173406703029,72.69454857108768,191.41729797033898,137.24654629605118,40.96698090755187,202.26982721089277,167.50763202176728,115.81718230314438,171.55786466399897,46.288265975068185,53.72322026554856,124.61881851731629,76.00014332051549,147.34649083641386,103.90096109524107
3,1,0.0,0.0,102.26002576731453,139.94082287810977,19.610382629378808,72.63507994584656,140.5114982025887,58.066529040336235,54.22323087695604,145.6380303572659,72.73879280671738,97.38590740606053,129.7142686798869,16.590824965375116,96.67208597993847,192.37316866539152,79.86277377317742,100.39729596352245,135.09776886376363,60.86190901455561,112.60566774652673,126.06125129225082,29.670257044795775,47.68361045594774,152.48954826605814,56.29031402147597,116.93527569592138,127.55774070309566,-13.858139025185968,99.9637817292572,162.63638118759235,41.790347627574135,90.80696641770494,217.69754152388356,111.71291904193171,56.429840201870775,147.84572812539912,132.98107066738822,123.20225792738934,110.68841387837827,21.63143492237537,99.4742410415713,138.18926944942126,61.41643419125448,84.47844755511456,133.13252606378654,65.20019264721542,120.78782676402746,132.96595681677368,33.363591843540966,85.36709961757356,194.8913512720151,70.15765415404418,111.84457666974794,127.05623207363166,37.95570163760392,47.845837817838365,86.74292628427062
3,2,0.0,0.0,114.25330419046223,166.2470892498551,24.522727780938478,78.59874194697362,134.19606999936377,38.92340458891416,51.41534203494824,120.96974266767062,73.06603705048607,86.17677879044237,98.05004038649466,14.209397643080568,84.95810528310503,219.46107114781148,97.12899408810297,64.80362044959102,151.65379525634899,68.42732723465002,83.73439239668662,143.70870652514938,38.1776974727805,48.09827619733682,124.42092075847069,59.15142573315734,119.76028266398191,130.58305544430536,-10.460874270729414,57.856888499224695,126.69435982153684,56.988021758939865,82.07907957410139,186.81568757490066,125.8707034325126,55.0512010986931,148.45254961143613,83.38848828325796,111.02379288962128,145.3706083377426,26.70089952575569,92.13246750031624,106.13922060342395,58.71671812784599,77.27649463311005,170.16040375527712,49.28727107068515,141.78267374998933,159.2330982317133,29.48148075641579,108.44142436951999,150.4261929194395,74.39688604938543,86.69602648258171,143.89612082831354,30.627974961418488,61.346402659898764,113.75828664889944
3,3,0.0,0.0,95.39701936436201,95.56550688613075,18.148990211068178,70.13377735747096,127.80635749715475,48.891332519253666,46.98114825126189,138.74844790099004,61.67721562498182,102.84462334648771,103.860084738474,11.653531963384015,94.50278472014011,177.20585578569708,86.66378236955298,77.59197574563295,136.15308754310456,54.10870678584443,103.79104502946898,142.15905753457216,32.21690826714764,56.29396554033548,122.4759623749889,72.33649312052542,136.7365669748809,144.76743737173723,-14.046037438171776,95.91508303523148,119.53575816347163,53.134749564757065,76.2899136410729,190.94983549868752,127.19852076837503,48.437490316612916,157.7111696184641,98.41762174071167,113.49799474570688,111.99084478316158,14.597379228827633,106.10274573303313,130.88315906633483,65.83655314610473,79.9574868320935,92.34241699672333,59.70885242414672,93.87799671943495,155.04508185744092,22.164453229526643,96.17493180653223,164.25893234885407,63.09750724121231,82.84875915345232,118.7870216992504,27.291360477101392,68.59590949837506,109.27959886853772
3,4,0.0,0.0,124.37763542875982,140.8609755425515,19.121739978723884,58.44087560297939,121.27590717270056,51.08213905255855,48.62971383664391,139.43260819516746,87.26760703331922,101.2500578249849,103.8384584408357,18.396643467597308,103.75290488595492,171.8722288021994,82.67339670046489,102.89594771733404,137.64432797678018,60.38867252168747,103.93902760383702,168.00399017291056,49.58187918256937,53.52093843708024,114.23350543225607,44.08830546850815,83.36232254215565,117.43070987771192,-12.57140988978708,86.07367200750397,142.93417461579003,46.66108081196643,80.06656858467856,214.8875529700129,138.04834702117714,49.03644481459473,123.02000221459492,85.49892481945116,120.20296627635535,169.9609578919045,30.99623759985243,120.39637880742964,170.65432491998322,51.56779622890341,78.10267826668719,127.54610853585785,66.17096010783128,123.6710881186897,153.66190781645443,30.732366373105577,94.82984629804561,142.18739611794862,80.19682111116356,75.96752741407677,108.91983857018461,29.1887375358163,60.860068447555726,92.02431509684894
3,5,0.0,0.0,92.56280132215204,149.3556662976634,20.08613069975005,71.30804886789343,101.19110013379485,54.07657166838108,47.4170194459532,135.12402548827322,70.06947380698097,88.95023374574642,117.47515513801143,9.70498765871471,108.96684233389962,187.83386042837898,85.933274154083,88.65598117621701,166.17124448891116,60.13636875870265,115.09194680736825,171.10128385694642,36.04048411179481,52.23149240978958,102.45229894668125,67.11196601498591,141.70422758915038,113.10444402284965,-9.340545010006412,102.7762704001984,147.7246195871015,55.03809046418808,66.20872672423378,211.98028556693214,119.0575906461962,43.55714026432686,138.86730001583362,81.84054030816839,147.7161374468114,145.8587719562966,22.13144099993168,77.37084153972602,129.44433529508726,55.98995985812366,64.74654072922341,148.486553547912,61.43592010404132,97.46818684496486,141.1350693147432,32.84285930343087,96.14740174090181,184.677856700389,70.81319627054137,80.42401829062541,125.19450989341308,22.59786475794322,64.72043347177168,74.83351485581503
3,6,0.0,0.0,102.25461736499159,125.25777741770054,21.315334096914853,99.99912540756466,116.75781160682196,45.654699648575665,43.523836703512,141.6134050699055,69.11571236208238,94.25570262906281,103.4781531430085,14.441513737949315,101.01474445751239,163.5122116368254,81.18067359644994,102.26135407058544,149.3193029475521,61.357856831750105,108.16262225979344,148.3617696450942,33.27324268352792,41.86599082266999,105.88716665274308,83.5657719888632,117.51570130334166,142.36537330784373,-11.596050359488904,114.91694482735221,147.00166713658123,31.61789823582693,82.71992397722883,173.38355549129335,103.65536452612616,50.49084399218339,137.16884692044314,86.73240252576554,145.5751996935803,116.7047508708657,25.0010164952528,96.44111298608128,143.20774847867088,67.7648471428145,114.57738856128184,119.5525949275732,73.78100090542006,107.03265623705849,177.46667967884792,28.937782927917333,72.13389298603498,150.45901935096006,77.7629513036467,121.5158792803128,121.42908998218527,30.231770693758403,59.2503095936256,86.18352972050064
3,7,0.0,0.0,103.4317912486685,149.9624822437832,23.37659199620863,59.77973526688092,135.10421471444806,43.42984059270487,49.293596448133925,159.32203400991796,71.56208852209986,87.60177847423982,98.26398701520925,12.744938081176722,92.8835513383998,135.64167885898075,89.37672174001817,99.63408182706883,136.804478828177,69.58319847581083,102.74928800770914,168.3126107978801,29.901830640874273,53.398624889234355,122.2886233365077,65.40898175091253,110.92513773742543,115.85305499193056,-13.883193086481153,90.8982837663345,143.9747232213709,42.633600194447816,92.09880180371748,244.5006256106742,142.05215956580633,50.03293337304762,130.65933118227863,98.58744555102228,125.32508233723662,128.8727727494967,24.72626658662525,84.69075703492362,172.8155168279527,66.75679773745792,70.4378941177421,126.76075597820508,46.80339396277428,119.71993645681954,119.63193275424243,38.08265427276374,82.92125438737372,184.17280946700478,71.42313071058788,110.35897613451024,111.9836692948346,29.40966256643147,66.7673214583246,81.5782635559471
3,8,0.0,0.0,118.41157810775236,113.875276680219,15.732687785783984,68.43937665547975,136.95166017304348,49.958854897107955,45.16697836357828,112.1249050798713,89.79657430725172,79.19523905507859,117.57100500063741,14.708493948416253,96.79055936408665,175.8345086100334,85.56073919717849,89.67695028327337,139.61720411768258,65.53241754675247,99.00397234454155,167.89747934806158,41.88655712907746,50.862494254363234,114.02094962228938,60.74794961128446,144.8621471111951,116.2133456379089,-11.533339775872275,91.04298338442545,153.03688018598132,43.33074678676367,69.61507680455156,182.04813682235155,118.15617146889832,40.74058729931043,144.29419801497045,94.8457275651241,107.82041500789525,146.8769574692873,29.55867424495623,76.0794646807362,160.58551297383877,76.25353846269023,69.98984714861595,145.18958867995553,79.45244172858273,143.84085964384298,137.1181617650799,31.578161710501835,98.05257304635784,152.48611815725712,63.63538982812683,97.04514282153474,132.28149894193834,28.987457078431103,65.65282127480208,81.88950569589238
3,9,0.0,0.0,106.64560336999958,95.40040443725502,23.926003959219248,83.15307645597697,134.7619847706031,54.257459962041096,63.222187553009896,123.37231902482804,87.25973584308026,103.37880081813417,111.63141765791386,12.224816063221558,107.7649336866534,185.38460126227096,94.38324923007089,97.4041986060607,173.4520701861452,44.02674370906484,108.888531144231,139.99262786649206,45.96780204837837,67.0609225865738,97.92213092406064,62.1234482894656,114.55411166997867,131.5337310793843,-12.055960371063161,67.86813718421162,109.88519797917185,55.93362922381194,76.89724549670774,191.22235690395937,118.1551118626765,46.11237745672156,110.31316357027063,87.69294691508621,112.13648831811192,150.92521254756963,27.512063679791364,77.38443056402737,127.32449107948312,76.47949047646529,78.49138819564803,116.21755756968412,93.27087470927655,102.88695504861728,197.725980021201,26.505177469799726,104.54157791939463,147.84044729039314,76.49885686530475,109.7288719291148,133.08492251216984,29.4679370303773,54.12253521191707,95.92719267891887
3,10,0.0,0.0,123.79690944022538,139.786042905882,13.23949456678403,82.28500675020238,103.22366483951244,47.14642306015862,39.089925085828554,106.43908837278204,57.133973401860956,73.66992787366857,112.54856015976664,15.644181479710767,87.3134587850059,189.1744661574626,83.05470437698261,109.57476551762923,144.74040673404903,48.20833669715354,98.36670356667891,146.61858463603207,36.86942576831886,56.2366469555199,137.8163356430442,67.99613091320137,116.2985774116464,90.65901025533842,-16.676775164418792,67.21774007807393,94.9830316160569,40.576479657893515,94.97197267418406,172.31046240913017,128.9272883549411,37.8503004421826,157.544972700989,105.38742384988691,99.86395734267309,126.71318572189911,20.831877141895397,86.44225593534986,150.02929235268866,48.42126794798027,89.0175481752546,150.73515360865673,55.915796835392065,138.04926181737648,170.973311399527,37.641567883645436,87.15143103114971,163.909727842117,80.17780254346715,91.5896076376922,115.07499512357556,33.9079001146454,53.46387083220144,102.21583692809185
4,1,0.0,0.0,51.42905504420379,419.4468277889666,352.6491849489746,67.66514127546934,327.80932889666155,316.8113609309287,90.043439230687,407.943949436796,333.7230254314838,83.8693850305212,379.44715238430285,160.59807963664397,82.01407890357201,420.1059556517919,359.3664087841798,95.65321520284223,370.7834676036255,267.7630926116661,140.72938836244967,243.2998324679369,192.71746068837135,65.36451409899335,449.52147804227656,370.50045083073286,91.05673275791584,350.1758592747331,324.5314500260846,99.59917793216023,236.42729885954694,211.38958067768854,94.27919776940523,379.6571837778659,308.9679002844869,101.4084501680897,289.87289048883724,275.13942048807473,81.19895517932564,349.94923266624545,240.86589937340867,141.93464649665137,416.70741509991836,264.0544217247038,105.40630105972943,296.0657339318386,237.59838674893695,89.71477955701276,418.27647513028194,341.1120565463655,110.09425476251691,425.0758001469392,250.6965525340813,69.12720591404124,425.4547812579435,286.12818370212756,111.28337517867284,111.80737991332155
4,2,0.0,0.0,64.86505781289124,485.3783179375164,471.8970254259873,47.57764397043408,379.5972069276398,287.72341248579863,60.805049633761534,395.62366347933,327.8278042716886,88.71691991652439,355.7118712790282,166.7798885253697,72.99489156882096,365.2675843765071,264.4669535864385,86.50741353702122,437.3250322459232,227.53218789155238,109.04168327748927,338.34366278121894,176.146786073128,75.91633998847297,438.93068515313115,355.3348927374137,78.1291318607257,352.04386374518265,216.88950500434674,94.98879836189886,246.44759351181295,218.73270609033526,108.54588503329764,363.37013324613775,315.054879831259,103.77639860232246,337.8458154023215,245.71616396239173,72.18650076058849,333.1019917694292,207.0250165964974,112.07321023296771,371.1755801808044,291.45824531345613,133.62097164119868,440.5123762481326,269.30169958706034,112.43401788675484,381.46983673584975,263.4347243484164,84.37927764619612,320.894490281625,265.8152465570851,70.23797223380944,384.41280170608286,359.3904159971352,127.52669011153716,70.5316735587116
4,3,0.0,0.0,66.61227715261856,516.8110629721199,486.80568931470344,67.82137161815422,406.4016305694375,288.4464484721552,84.01966574949915,404.6388698038573,324.0646633356933,78.57278858684622,292.561639503065,197.56492581601057,79.32016807981334,365.8260080289727,364.11985055347094,106.22584781294336,430.7650250891763,294.2406930266584,116.22189559794087,296.0700421139766,195.7465230972938,77.88163650147412,394.41737356314985,392.19952958402814,93.5710238684589,346.89590264853,231.30725303208152,131.0767315817157,358.0989568142244,201.82307051110948,113.88814289606272,364.9856864932955,253.42819968242065,107.91683346851318,324.35004445012004,227.68298435163476,97.4965629993822,302.9361077238758,197.52569357526627,137.20688432468296,463.98932885785405,324.34771441159927,133.3928549089562,399.46014514521437,283.8107469995581,116.53978981564245,473.5081641565799,341.5138347313353,100.18781788267971,304.6439632133045,342.8721078071909,49.704985513488054,411.97006848610306,434.1558193060255,103.96667635673566,106.13418769778744
4,4,0.0,0.0,62.03787367836681,428.870875203281,362.5594280753078,65.51400678035229,404.54018905050793,345.02121703404697,71.27845546172885,365.8729435374728,231.60938239745275,122.84832808236285,179.83112630492332,218.46524835280502,72.41669172371303,383.3049370796389,308.4014778724784,101.51957485452564,303.7334423052569,234.05207743933946,141.24467365033863,327.2987727325923,159.03116965753242,78.4673164570535,386.0985673249672,358.32836725703237,89.73693382771081,349.09023650122305,219.47329202086314,99.96736262430615,323.07689686448686,240.85133068082612,97.64019555328053,300.3585479864188,235.73058551506278,118.67486357460335,371.47418549819554,266.1987336315088,70.69961170666883,327.71894880588184,196.42198862486728,89.90582020826167,342.38923006798245,322.21158563299934,97.08673852639294,501.45149521570653,282.5433537039645,104.74435676547127,338.98865807772484,303.7850228156886,91.46648583177515,418.24422635237386,324.31539520261987,38.9552357952297,530.8636007751256,293.00312483192573,90.42231205755513,117.43615113235609
4,5,0.0,0.0,63.365238237336015,477.8083449472002,419.0199748588847,50.234476847168466,353.8124317904104,346.76656476493815,68.91461157225464,408.1414124305887,370.7931559891506,84.02479775072976,371.7206605149333,233.4443046748922,90.23986432435073,389.7101896367779,359.84842075408017,103.29971815993174,413.460220445108,220.04635166868525,87.9222153978797,241.22031989010387,173.25850279230053,56.307318162226586,494.6415980428935,358.8988232253294,80.02519171249645,354.135427446005,239.26134643917885,82.12075111100303,222.34522649815906,202.13100723988165,84.18803823697326,452.8791415495934,243.3012233338359,119.10101237275966,389.58632972921225,261.4576188520054,86.33514616636718,377.7528774260574,287.41358163362315,102.52218184787007,427.0445919989571,365.6502155632079,126.04492492989539,364.7840137839931,298.8819467037794,111.31391938622266,391.4811437751903,307.09658350204717,111.06707413673769,319.9376528078264,291.1385065791551,71.83814181575706,408.8024372327626,296.0128123314404,99.58951866163612,113.74000673700608
4,6,0.0,0.0,55.832760952503854,465.5489826620284,377.66685727286296,57.09434689379107,425.0649758879877,377.35967496446244,76.68685408393688,383.73614035586803,329.22831638806764,99.44226837495788,322.4201867383676,281.8837172141291,59.689071560160464,306.58168476081767,343.2209931012721,107.61845611956785,312.6564428402492,258.4797589748323,146.41565999949458,230.5964643106046,190.77003009346677,64.56743577831409,410.9248314306542,312.7510095394431,85.79554604418658,270.50507083062394,223.68025814254088,116.66474195303854,347.7409942321022,225.18517549004733,111.68032151613284,405.2675019260091,290.8178943024712,106.58583830246201,430.80751961005427,281.20085901515534,83.72642265268918,287.6768842457213,193.95845545153,91.96681885606928,415.80219661787504,256.0784617213834,153.0703312764694,390.317772326101,273.34595451238346,113.50924030701017,386.06912194011034,342.38417789186457,96.08953291569709,347.65905857668724,315.2740080706161,87.61790301840688,373.5184460079353,451.14943150662157,92.99634058295452,96.59630012640783
4,7,0.0,0.0,62.2761804261304,506.71625293715067,416.88522133801445,67.40295226350773,461.37202929876537,302.2906298959656,61.47673156843353,360.70042963570467,321.67581533460805,74.96127266709337,281.1998163735016,204.25516112360106,66.84319039590626,367.22742545998665,298.2868819040599,106.516668546895,364.0883433556302,242.64141873739763,130.6856238306721,333.08175524807564,191.1763870921614,84.64802963592334,455.77433594187045,307.917483658401,104.03820081188628,265.6089499249621,196.47802050980053,126.74053331326684,354.20229894419225,228.42549714517202,87.1767945196827,357.2086271675086,384.4487628119198,115.22391246817078,359.22466852053793,199.8870934826469,97.16103133289623,330.51054846072253,185.14252501040983,119.04491091195727,426.4035034267615,354.39305785357675,107.24453604603973,342.47987823575306,309.5696443487467,131.2482848793549,362.4459365501921,324.37917069327676,94.19204914517827,347.1511094614649,301.3139086943355,64.40121331770372,352.6992742359545,348.7084870761054,91.25885598327694,120.75896676213092
4,8,0.0,0.0,67.50697074133572,595.3162284830794,315.824167705463,59.26693196195301,438.1292618344852,251.50647974809092,69.42624392060443,411.6571318174637,288.0347807561372,114.2148852085255,369.75429352704737,230.39783670835624,73.67952820382193,346.8589220042138,331.65628913120617,77.39021285798597,378.06324590081135,166.9754248937173,122.6131160673773,215.77817667974102,155.07278056527178,64.29145541675453,454.16626270069713,343.57118810721056,88.22811454513754,299.80720942059725,179.18710262362507,89.20699997970253,287.4030248108948,177.84794276795418,110.95615843822141,447.81056553240535,234.33491071835317,98.79668802901412,390.56530065467393,245.11502213753334,90.13172225425177,212.06680943651884,254.65106034696532,110.79399321713194,562.0848243254428,303.686103733155,91.36203862878385,364.70521300581544,221.0727273137323,114.08800881231905,434.03627869315324,399.5873963527434,94.54748274788669,383.18503232814925,280.94105904805645,62.56789744920965,392.74619975244315,298.73964641877774,75.01451809515206,86.87794305602051
4,9,0.0,0.0,58.48643927439783,480.72188390409536,419.3535876416942,63.9393510071511,416.6812054886732,406.3228119818251,70.28960773529991,316.70413159242696,288.4904710430558,89.89347718400923,368.4738571431527,226.9464500520196,88.30385268294003,328.21093816046323,325.2566295552309,76.4618674712483,292.77494266033517,283.20218724131973,140.5333167380702,276.20473899626006,167.99630684836242,72.63662446943125,345.95232161941135,264.151849899911,87.16643241415306,272.23082128821267,261.2754693908523,101.38853733378708,298.0579563199515,272.2193961521412,106.67159796791115,434.311814420876,173.0662248571133,101.32220379178999,258.9703354957228,318.6563321981529,92.96766204839636,335.87468409748294,229.41417024687766,111.12424021733783,401.2953173673519,249.4513401877345,106.79576337362089,355.6199041230632,201.42151645743093,117.18072775474543,428.3475609407596,152.92553673763732,107.96150171530742,337.8053671801646,372.54057141319964,66.36722344647562,440.6766993847612,321.9716958168861,106.3808920053552,92.53465644397865
4,10,0.0,0.0,60.72346742701573,590.0254220359968,337.9975833857706,52.97156511549659,335.12918977337506,209.37803617845435,76.84865452288156,344.27927635874016,351.84405418835985,75.81509713932218,296.64071693209775,285.51576199993076,75.72935005932865,399.4785242367771,253.890122880219,108.78474808834477,413.99537199616174,300.2575300921933,146.1812257460415,251.09197796950957,184.12745276910988,83.69578638598671,358.9646124316954,297.23837706021214,96.83751305785933,272.5278238328798,249.32897081924273,107.17678382564603,297.5146411096789,200.95179819547315,111.22848942029081,313.42500459806433,283.82675200167046,106.28245179566441,309.65030083457725,287.0297658797097,107.5497306497451,346.11113395631213,304.00975184217776,106.13958100134514,351.5607766599421,264.44042424240524,112.70953851520383,383.3822129071531,281.7350050504138,98.82868200484035,298.06545900278127,290.9560195016226,81.00144933696811,351.29973792617676,322.16553620153354,81.91821138078991,372.08027259991655,378.30139614064365,99.49065318132153,92.50376394921638
5,1,0.0,0.0,113.67217072084068,199.25967148993433,94.17615762511164,155.8566000189506,318.48853261506923,236.53657610793138,69.40668768304828,306.5331839426168,243.5687071082234,131.47447545276023,291.96692228043554,148.9624052284174,80.1035336064695,355.8308720189147,259.34182132195775,74.50906982424297,369.7298759199778,261.15784390734495,73.75984279969676,351.3030984716693,286.6287857363128,88.90972259034048,272.24503579513777,162.8228955400378,131.67647848814119,305.7821131933705,207.89681517930958,70.9132678221552,285.1396151854814,261.713804692862,100.35292173157698,343.5661832851525,222.09571589679362,105.80596041483626,242.46691233583422,152.33339939528136,68.65194646533052,346.6190330730991,317.11537449408104,59.38900057449741,218.15430910354408,167.88128579486516,93.41811221117204,250.2913845862977,146.76017520277722,114.50025828885227,295.38251724438567,178.04085714507704,115.15849570988583,237.30767778295825,105.8273809571009,85.39491788308118,319.3551879383551,270.46452901415694,83.44260064732053,114.91068010979235
5,2,0.0,0.0,95.69056290609936,216.23961961935458,105.9895356362641,142.26131015454985,352.34907049609706,225.01840077840262,81.01818763131227,278.80875447829305,235.22426991442092,119.61196104527852,252.67923033596344,154.82197428362645,78.46967947237016,363.8350057979656,254.40437469145516,72.52139561799251,386.80219131433387,266.7519010851589,69.94489307213198,400.70098502019084,280.86068763000765,84.02921843126025,299.5097476656013,214.99223069378462,137.77048651545778,316.19090584646057,206.3141484487519,69.08187549104298,322.2354158519942,223.7364793616687,96.33713963089181,345.93018073491044,218.27111945392068,84.37763679951092,269.3928091649909,163.3800847295975,62.52051605781494,398.55477365863953,292.43620455242024,63.48754519828203,201.15448233719042,145.3644142041949,83.81721339557498,267.34032590966126,135.16218509858308,111.88025804587953,245.32161897439354,156.04316582806618,122.26151158695052,248.20442334784983,118.14375509762459,98.00766519217186,321.2420748087595,253.1816287413001,79.06098414324155,105.29868511909956
5,3,0.0,0.0,107.83430068139512,206.99811537301733,93.91638893637968,118.09387875942986,342.5391608107323,248.63208910152824,64.46909495691074,325.02582257681064,227.49451964305442,103.3406787385054,290.28231818512944,159.59130105303535,85.49824204728878,355.6676828988299,268.8628333509703,69.61734994407435,370.755942605508,303.92115453974725,71.90844671764727,346.80844036869973,272.8322894795078,88.03521110598766,276.39036385184517,194.43471366534277,117.80169275035328,319.82811834242636,204.76692307728896,72.84415434384822,286.3172451741001,258.8683519987618,104.35132366334501,324.06295176932815,258.2650507513395,99.75796353822813,209.94376723221905,141.86930532430222,59.717461072454036,397.6426571837845,271.20248954971504,69.97372340167234,216.15619779675865,153.2154858520758,92.85921950006693,245.4988735589707,132.7931969537952,124.51752962186976,261.650603131226,169.09309682310143,125.23056213390268,204.55199423914615,119.96997124019356,80.11306714777777,303.9798428537797,242.39270292361005,77.88546605431233,105.9570385517871
5,4,0.0,0.0,99.42879555544678,202.17123982517668,92.3154942409635,120.20018160247199,337.72073790854006,188.20614678204325,61.73452484577394,336.84070480221,266.65673715643237,123.27819664911063,280.54938367481054,130.81657128758505,86.03810594786914,361.47730320181444,304.5763057614892,80.58793944912459,354.0711896563409,310.1456288289421,79.36467016344854,379.8257592069583,289.0823127710791,96.36513087464279,268.08283302170764,154.8832620973489,107.94993084105711,351.5056224066199,217.38603586774497,57.19165969531393,341.7920057262981,235.0481537905239,105.49755364564693,323.05737394532383,222.23452876754553,77.77660732149346,262.913661873559,168.22509553407875,49.045527234414564,356.0996534871528,247.12110006574017,65.82348096728711,234.54890758933266,139.28330927637592,101.41295812320735,250.77418165131874,129.30526879777685,109.04747357963285,249.41055228397238,156.2213037583972,137.9440535501825,225.73271294038307,123.91802351037404,80.22244538869526,359.77000157491995,232.2992735028901,83.46035603896395,79.70434015549601
5,5,0.0,0.0,106.62138045546764,186.41869851248447,80.10793010651877,126.6639088657033,319.86594997562133,212.60445886676806,56.68087547357725,326.8396046618257,238.8039140787019,126.12032000172732,253.38896110810666,119.15023887795351,73.59062321516579,398.4967190485295,256.6164169588126,68.20804309788709,357.80222326925013,298.30103542126244,81.27384273403158,297.04942918328055,280.64397509235556,88.01466806904789,263.46465837779937,164.19983599750068,123.76834724608852,305.0086830249771,192.93761952219947,64.19578458291471,337.8475581216686,229.547227011698,88.95347379270927,365.7445877505192,260.0794305258235,86.63927949630053,244.70083918218103,177.46461876600202,56.31528361395503,370.50592813907423,286.8112623980878,63.99452232657037,204.64093951774475,130.25331196038124,105.69672088250924,225.75413187885448,146.6651325463438,107.64359274692607,257.73649986464346,167.61360921563536,113.91094304822859,232.92200722067204,112.92488924250921,85.78088680350783,353.91917517067844,240.56483681133764,88.58442354686156,147.92089097425134
5,6,0.0,0.0,105.44458915352118,197.5988359045971,108.47952416043569,107.69567043366438,366.50697209012156,233.56511443605362,68.88248377832721,304.2249805845998,221.02698870188348,114.17479066092031,274.4863399090364,120.794542837648,81.67444200369766,367.9691319746483,335.82629506699925,63.74995880094834,349.8252487514662,284.27035199292897,78.83224042279794,432.81228330822205,320.6626602408609,84.69465500312901,310.8871560836749,215.4143843391681,107.34318288855435,301.61661775642875,153.63750053954004,61.16186503827546,337.3424020908785,247.23495902075038,101.87502204998097,409.08111288400966,206.5943918266336,82.63430861298141,251.95700575929783,164.28300354662588,66.95326373376878,391.34971895995426,254.0080699018322,65.11648391109898,216.92591193655159,149.81951170971595,96.46770670714672,278.9576489181004,131.15452547324156,117.40900278321064,257.1819157357629,161.59166789736548,114.67634736031295,245.9273932922492,129.07390769867382,90.35504874856841,340.3275213373096,219.69406938487657,88.74801368450277,100.55253624453418
5,7,0.0,0.0,113.15848566007996,192.09984677633256,114.47771790069382,115.69959495078581,304.0051862261515,237.624470331723,62.03511805536717,304.6781787970144,244.01006848979546,106.82129037916982,273.4695775483259,158.316557294641,71.22443267586402,320.6423739681669,267.22597449646713,70.75448626234754,387.4633617914514,300.86917947607566,82.06454830601513,419.81612624266916,306.3675847260788,80.32184323776568,268.08969907468173,185.76403277209272,116.19132432386894,278.2334974174505,201.55502885289883,72.59955028196103,301.695916888735,268.990145517829,99.86437069607385,284.6466251851016,245.50439741838719,87.57956455116906,250.39894213894095,170.29383459133658,64.43373502704738,330.8053236290557,244.19958368745014,59.086195712378256,216.12573517720836,164.91188065724043,96.57376557295024,262.75135732979464,149.41968616804533,104.98694216703852,304.2968541210304,154.17383974560016,115.57698435930456,234.84509736486294,111.73245039918297,84.73549592795764,347.9171620270384,274.09335165302224,83.7424516826239,95.82006483833774
5,8,0.0,0.0,107.25973618476489,213.42242100500144,91.53335753179083,111.62668306028117,370.5862126633332,233.0377923448037,55.24844828039369,305.5984557470323,254.4721364240866,112.70643500635292,264.660847493984,159.0339202294026,78.82902390889116,315.0987697111361,283.08320763425087,71.18558734490131,361.2137201496051,309.08676438466864,75.14839992548963,403.76498326134436,335.46621451496765,85.2851724811472,237.53319741369964,166.49049720068288,137.44726773468435,301.50190981691514,173.2082346407565,67.62948075317058,317.19606180457293,232.76524026196572,110.53946882803805,339.4607239390823,269.938275035909,96.18198646467202,251.38282444911073,183.3222530568144,66.02401142856614,290.93482425654236,277.9471834244217,62.50501019168673,222.86791267115288,157.60145507972132,103.00106373221263,278.7622870022447,158.3112859462781,111.24347105291496,247.5118808344328,123.86330567466543,110.82091205086817,254.04717282742155,142.711863115309,85.83507152695259,340.5837647225046,243.02765097081536,81.73331062708104,92.88097448329773
5,9,0.0,0.0,97.18448745280811,222.09216413472615,112.23828263379873,124.4314090375657,392.97705147883084,225.13628238453867,64.72893632883469,335.0128509215547,242.21073815270793,135.67406149616187,273.289304362064,155.1379330359884,73.3903071453298,380.12990277347444,297.0839318203888,79.54106670638588,370.3477218697022,312.8551415567739,82.39213844810548,390.6515887396909,298.3644261299841,93.13385008345607,199.2006600960322,172.69985382245758,131.2173333386023,299.4890200460991,201.75980708282913,68.05539855028638,311.84602456707955,249.18583677173058,106.49363659753638,312.2092628753886,222.88658667414498,97.54199662104058,261.0992852947692,157.66116479900273,64.23874679993462,355.50061637266003,287.6194568636627,58.719410154570525,169.39988367299162,144.52776931951178,81.6616374303486,258.9696614810599,141.8939632392629,116.6043958557698,268.35296178177185,143.62389621665946,115.6880169379836,206.69784979332132,139.13848267121972,93.86259348405856,297.5161009761673,206.0179113184235,83.71147782719972,118.57939194489802
5,10,0.0,0.0,109.48029067915715,205.98937924218185,85.82909329915898,115.19227281740008,329.8358006625484,223.137594509247,57.10821168570746,265.07580456493986,245.46849919109926,115.22072068876028,277.2352694322493,136.591451415643,79.09043605932837,347.1310241973057,270.46152165535676,74.7973952536965,350.25700078842607,325.2237003086288,79.4910508161897,342.36186842564655,287.6547733372309,98.69244572571725,259.1086709796342,227.73763858343145,136.67787020079354,306.6767679724868,224.31158244554092,72.5256583416095,275.84716046526114,265.7925581564487,86.2023415010788,313.15445720720993,216.34798046589867,96.37248429196394,229.58971901253855,139.51853427471414,55.0084416049931,309.1323756901652,251.77712482409194,68.27287449183787,239.83374137948533,181.52247958141697,91.14621672787364,253.30918450152507,152.4114027202199,107.54555487498413,300.5620929988322,162.53811429263402,103.23728142386051,254.35014761410395,122.18970375305558,85.45491507209296,309.7118702664683,252.17120188301269,85.35695789909111,98.92696175815578
6,1,0.0,0.0,82.4685696865493,220.54007244162926,102.3484266185032,100.02668291340521,213.39712363303298,118.32051325407465,87.12014028819705,252.95321168232772,174.98113803957,78.32670949434122,216.0179217031598,142.19620447256563,64.41298343173598,195.9928034128444,116.8003449652389,109.50326835516888,251.80796799741356,126.23869528226555,56.19827131071138,178.4615524481446,131.32744211119964,92.09436044070804,209.57837733279354,114.48792424338708,55.63407904082511,193.35815593036324,125.72658777325239,107.93793463524538,128.71000698305792,59.4589996192727,88.22718109617001,212.08327485883456,152.40504162635972,117.91268169603768,262.82462171716827,140.69058652609388,72.43707009476594,214.15577234762804,154.4740317577469,98.68258347146993,221.03412169187337,127.13393983995196,113.25861167583678,230.70160134886726,172.28261311513705,115.54248776877219,219.2097777323002,114.27869178698802,94.49862968660513,137.1716001138983,80.21496054787187,106.1846871064513,194.2780217838961,75.4905150083639,95.00271043329994,128.20767991660387
6,2,0.0,0.0,120.73249908253884,204.40748851769322,101.79289001782101,103.03434683612856,202.0199428487572,97.09408085343692,87.70976907760736,244.5487071558038,196.39421432566294,85.36023862309084,200.31551933446525,124.9666892138804,62.51276274332917,191.86702749919934,115.56274853159158,119.42408889339227,198.3981273290795,131.79964589519406,48.16482701669325,173.97998898627955,134.40338522142082,92.72226330989058,218.03958189447587,131.84106888713362,64.24717119886316,150.76752352226987,146.8897257796698,101.27281998639272,164.70893136987922,57.5025095955738,98.73830125644585,231.20280303280668,140.81345852686317,116.62363211545922,234.14470265691,147.891419301459,73.60756984472111,196.84696785087453,185.91432833913683,95.12140115925027,232.15050456093982,113.71526264977305,103.56488616433855,239.58281045806834,162.50936068237087,116.9820597733508,232.956092408521,106.82416667114569,95.26876492272316,142.69383393989898,62.887373469316415,126.28649952741829,176.4904996669511,83.78524243099952,96.17043734471405,107.89077570920206
6,3,0.0,0.0,121.2141010097081,237.06781980931348,103.64623262678046,80.2498261044399,183.72233308475285,108.48650749989734,81.96303372450488,253.68218548032786,192.81795524001998,84.20794627226827,209.0891302767285,123.34554026763715,58.979621864036254,179.81660782125522,115.11251387362587,124.23139011133803,231.0332147757313,117.83961804604314,48.98605166073768,196.47857058155302,117.20408749473674,89.82067530941617,203.70217024298762,122.3441982902638,66.62214390740948,186.7159371522149,124.74125371981619,102.89324439372339,159.84184164248418,61.23309243286511,85.04833462433416,221.7689334602173,150.17526348696984,118.11617657972396,249.14930884524125,148.77016834878066,73.08018680762109,224.78344354212734,132.0833112439292,96.94521610617295,173.7626682446793,119.68677296082016,110.78523583072017,238.22250143733297,161.27921802111865,132.70984223403565,234.88624768130927,117.11300125144072,79.24609730602441,165.17454354764038,79.22290139763328,124.01113620294126,200.65235185585573,68.79177862948742,101.55894970072009,97.25778004077881
6,4,0.0,0.0,118.85173140823939,232.06809257610567,99.00194892317609,87.5915098290854,190.5586963678049,106.75066015906805,83.9141218675882,268.49258385844917,211.05143604364193,77.44788030306931,195.03729153159068,117.67861352435493,57.907973801011,176.37086699344067,123.61172176204836,112.31956568965153,224.10884097558753,120.03330705903224,54.75879076835703,162.7759285843814,134.61923089321792,94.54055350118539,229.30575388135833,130.92620211922335,63.55654942137067,225.13593349945185,123.76346746030602,91.7151678741252,148.3674193872015,73.2637785099294,85.5328371087237,230.80650603047332,125.02985067286944,107.89364679625503,280.22124939813256,149.1736116263909,87.25045125141656,225.508929730966,154.9426137045659,94.33904151647708,212.67564779047618,102.32099986651156,97.5665161902819,240.31927828026934,122.18498984013101,124.12094876171929,207.25177786158213,122.22239627303547,90.95037862661678,154.70630791458802,78.89834883131594,134.45774064346728,212.36166788107346,87.8521823293437,90.95193101321402,85.72300775935182
6,5,0.0,0.0,120.67317463702042,227.0434594612404,111.41123069481998,93.41792413982888,213.3866392880364,105.68592450131422,77.8369589698078,279.3277492575913,173.11294617477938,81.9419196414736,231.06346055203383,145.46853102384623,68.05929373734827,216.28009220097815,121.19689977130375,126.85095852961652,244.52740595196133,110.87007593200842,54.691933818019194,180.55508023150293,120.19833074353215,97.84896754707583,208.34527407701833,128.56340833844973,72.14043916705886,179.44685760616903,147.80248472341873,89.92303817728097,159.93241947982037,69.66628595340302,82.26279474411267,198.9636585062211,143.6575523864366,104.80411444215316,242.30755914621366,171.39912102007702,69.6455872475216,210.7533913785809,155.70563385681632,81.47247308604544,230.02774115650703,112.09397397711363,107.08349243115649,240.68816578837408,135.83522679382125,115.57760362383982,261.08403220342484,100.23559326220634,99.85437743457065,149.335800290452,76.40967077468582,110.23567725768409,240.85593878258427,77.63145859470694,103.16059222103148,107.03080377033754
6,6,0.0,0.0,143.43916339001632,200.88028056560864,99.11456888464731,93.43498681660773,230.45657794098776,111.79905844924401,86.69213367661384,262.0713888922936,190.93945971145945,74.8302670965281,214.06048789473746,154.40216125400272,66.33250128057153,176.7251835110627,126.17495972749454,125.26870340784154,184.75503423143778,116.54606677406537,51.16637083973865,175.8036684363479,126.49414219751607,84.24495646052874,177.7111569552781,142.84030543608185,62.58645019336447,198.02951865250006,124.01983242763548,102.19906692966822,149.55557657220297,63.425512024571525,95.05739453823787,256.9269837110571,127.52343614540187,107.5438054217253,270.0474374214077,126.68418760021514,82.59103868506277,215.65414042038202,162.0258685089578,91.37918903873579,190.9515320207356,111.57221384321572,104.71561165327854,246.5582397709922,172.212557810885,130.1913882107501,201.34001293675402,105.94232886258143,86.86117585145641,172.58322973856244,68.70477133342848,126.66720253736052,202.29439588462452,87.30828858157372,99.75958227105309,101.49881494322268
6,7,0.0,0.0,127.42288757534553,237.34152446809293,83.15496938702023,102.48818987953113,191.8784250954979,115.22403878866999,96.04049161798213,236.10578570047772,165.4026449544966,83.27077284549415,222.71306042758826,126.0154263540809,69.88196226014709,186.49987341100163,145.9744822492616,115.38678956138249,258.3807226793346,103.69711032057424,54.40389326862886,193.60812395886705,90.78506268566096,78.48452346155989,187.308839429153,129.92867643232074,65.23933108325272,202.100617315422,111.77036536915668,110.27228300563297,164.0244283641152,75.97165400214513,79.17425876493697,265.049377090275,121.56492225722423,108.6157677436795,221.54858144598808,174.0698857813836,82.0276367058151,225.9436075641957,133.85241317041135,85.8909287300643,214.5251272261984,108.655796949906,100.7083553222244,285.60212522756706,171.8336369767119,115.04279903031662,202.23645856808315,104.57563034014197,75.7369987732588,136.3256096581411,71.30793546291889,134.9599057268321,178.85663169129606,82.91998792643975,85.9555628697118,94.15815292591611
6,8,0.0,0.0,138.8412531981653,222.26295923199444,109.842448673272,99.73579750172166,208.21557509629017,101.40211752360321,83.69243191667475,272.7980083052984,150.59900504030324,93.91187761212684,203.7589083799841,130.45585622913754,59.73150494483464,223.18770606572457,143.6487880757854,125.43640360651858,259.65070473358656,113.00581690429352,58.27890404723626,183.85589499868476,112.42001028814457,90.98524296526989,199.7839616171226,126.09906938963749,62.81325247700939,229.87301433438563,130.26635274010943,96.28849581270357,176.51916118755284,48.092717788062174,71.57590270306424,231.67583913133052,159.2804980021394,101.29051056617084,269.71556264082267,137.1530372574435,76.05120838482718,211.4175286891545,142.0362993672133,94.54958280217933,218.5110533638101,109.68812056861631,97.33262927360562,259.22037750871874,129.10585318761412,125.29529555347023,245.11809103327764,103.36994570172207,87.90721081879916,187.27703093412998,77.85059364323988,118.05314786977974,193.90688758741783,82.62421208863935,101.49353430823939,108.73376914223272
6,9,0.0,0.0,122.47677744532729,236.33289777785205,83.28947528303127,102.41368339448347,219.47951517421282,115.4885006906813,83.0803301007439,244.34956807019628,181.9456905333179,86.22164733020298,224.3138297656859,133.4856076178035,59.2291267895052,195.0616997937614,122.26591637196685,127.84189089432466,284.0035889029942,111.36625407976078,60.570961040198235,175.17402498613276,126.66499465717952,84.87783484859202,197.0404075071541,92.99128761936079,64.91678589763956,202.50990056341178,163.18382787245545,86.25492429225875,169.55651103453854,64.36462916408614,98.01568847158075,238.11811808031834,135.78662060105356,119.87557330289296,235.8943019616374,161.8359310448909,77.0063313582265,202.2255591764297,149.57206235653445,81.56995961428595,208.6176640630751,119.60526061808862,102.67137523044296,226.8826008005743,116.72256215068944,134.57363436536366,205.22600213251565,116.39789423722458,99.37839345421835,150.49441316702476,82.7107184597836,129.00553197140945,213.2346174869192,68.77296911799841,102.37910212822104,59.50320323630401
6,10,0.0,0.0,107.9349403850479,213.0250647666095,100.69086390489622,90.95935436897523,185.2375654660957,104.98052499105007,80.13553589186785,235.42455544379152,185.01283542678053,79.77669588427048,187.1045920787161,155.73926751739435,59.34934186349223,195.12999730103044,126.6582271685578,107.92439958329535,228.33205197524214,92.1395179445409,46.67547587880412,191.40730118311774,93.33851581902927,78.81379174473702,207.0909123064043,112.42321811333832,70.2110119606254,199.39179836998625,146.9066976358943,105.02232024118942,142.8980765814242,69.74239685894314,85.99323576918287,248.18269100256583,116.62287522805346,97.4418319335395,269.9903041055322,165.06284322471146,83.51142331777497,216.52535357650638,143.73360643218314,87.97903669007144,164.3065035158098,107.64981389547043,100.63640711834577,229.28674376461765,144.22966635390645,124.04779171342305,227.1816991204832,98.72297208115629,84.76721321379502,158.9820667134428,92.54294160521661,112.26255807838595,202.43746883827768,86.13979933654107,94.21230892828235,92.19449162593317
7,1,0.0,0.0,74.52590192208584,353.56150505027523,393.4109145043964,77.70561600650163,579.5443758423506,320.7250890092834,115.86210063305312,576.6871725463619,369.9326969742705,83.98850876908278,543.8833140877023,492.7628593091812,118.1305915718136,722.0275836707037,509.35669876834197,94.99696605870429,616.0092494159406,460.5626913423379,97.48592756505059,579.9604371942773,374.1206476355113,68.1780631170179,588.8031404470146,438.5055460330317,117.42116280136608,499.6082100755153,461.7258457889676,73.0523914327919,427.4866803025309,452.5066912971795,34.37514215307712,595.3356573399002,668.4988811752696,64.67140468392037,547.2085915695266,411.96511820951594,43.212374031317395,481.2144766361794,358.7935942969881,106.71261922221527,433.84056348364584,228.24025776109363,111.95366543970138,550.7673922724787,605.4847433467961,49.768207065403224,512.6753355396168,499.8481260536792,86.83284656628892,578.4719700180892,321.68685488005724,66.93918847377662,509.89249204217526,381.87057681851826,74.00609727390318,109.39908116623344
7,2,0.0,0.0,77.8414828709443,320.41326461848564,436.3165613607199,80.4350191018219,481.01707034875517,346.8868684107942,129.17826391082002,509.21766395154344,354.9185830007061,94.4163712644908,581.6157414244274,447.6117963354948,74.80021410796596,599.4466047715107,565.1838609182425,81.5214360316926,562.9187804026147,399.58294242426115,97.64864459799905,535.83079623094,410.6567079848838,57.17707968965807,537.2982493832861,395.57721926068007,106.62361835830966,463.0134644815117,385.4292503401184,92.22526712416644,649.5084136826463,447.31781797615355,50.2895775855277,588.5131484406294,520.7040236492546,87.94768193165551,733.0745146286548,453.4461560073987,57.20086656255544,483.2000093705271,359.0452288645708,108.07198303014323,341.47700071804445,179.21270028317554,99.40142845457915,514.6840601745291,462.68492454211673,76.88268329148197,504.69172508269895,605.3356031893804,80.63349544682174,397.2333479177837,359.49263863148957,98.13672280944775,475.93381483932467,447.7625406033509,79.17059339501397,105.4216697062812
7,3,0.0,0.0,85.23677161799502,427.79005189151553,328.5828952697741,56.06224323085583,602.1263495126514,341.2622671118032,102.17270882160516,523.1423564408818,460.3619030618491,77.0192337625573,468.38294477171473,466.4671740839587,100.85525526392263,727.1147285146913,495.8030085445574,115.05158402634412,370.50995852072765,401.39026079810367,100.86671945853017,472.33705276131167,398.5392219854414,55.82379232601086,364.9203322671726,517.8241721513467,104.3258797044288,509.24744812668723,455.54915906623603,67.30149880315346,599.4007201911086,590.2122364702045,33.46558714558617,591.6958625837522,716.4265782306704,72.24427912199246,593.5342915799893,485.1488962111289,43.05069172314165,676.3356922691395,428.50670354769574,113.93388989486635,351.55731847924767,217.76454792853104,83.25258114600942,778.3553167082114,394.16558816038776,52.500130605783454,404.75707446145543,468.2613270793031,93.2132920067084,598.839196421441,599.4671921542023,94.12555638446862,440.06879711316566,518.404788682932,70.00659733696662,127.79441800300148
7,4,0.0,0.0,76.28809993942194,386.994223243632,268.375932752749,67.62234431735715,536.8222659713358,473.1917196614937,103.04024736625708,445.38551409105884,415.2801310166701,54.73785474847417,438.8426860223972,516.1116879430689,81.64568066577885,562.3948654408389,489.2822800756629,116.5741267792368,477.896533027345,299.8329270792736,87.83677953724326,413.0802878582536,303.9819840007551,34.78919766676161,488.96512199625647,478.40960811569784,121.2897398323909,468.8919120099315,433.3568116780374,103.20104038474095,560.7467683739939,470.9040503237167,21.48531017213894,785.8829444197912,585.7546887756561,55.96531513560951,694.3300860942215,530.7378538711451,47.986871550811266,536.4951550919385,436.9516437223643,104.6565802314455,417.79296922088287,198.57159073181066,124.62766586675937,616.9827614470006,667.3293952155382,88.48395676980454,564.3678008108774,345.7815921058224,97.42631234938396,574.7579525980044,424.0082219678686,73.02299227276298,534.9110935723226,510.57705146308535,70.610948130238,72.76664340712973
7,5,0.0,0.0,104.02496603913181,474.87352873051395,244.8959898369345,79.36352578713623,431.98935721653527,354.60384718819364,134.2748196675213,588.5326775848603,290.4988573903297,85.77770978057461,461.6419883016283,462.2760801435324,102.43024774023553,709.3812695423164,443.0518220809169,107.00830860009786,545.1081929825956,196.887022722849,108.71833795268937,327.6548345513829,397.2747855793182,69.19287902781136,559.2302785972101,509.61916593421614,100.76114959468264,475.0065547019084,294.1224980482908,86.08620237505397,464.3381556515005,530.765864283559,43.76328233880409,614.9880491267513,515.6073196621595,87.7675166890633,794.8882576818373,483.0363121320374,51.73758603224594,594.146346534246,492.07600242773435,113.31021562691627,324.1308266503483,148.46845567507137,119.5852231775631,375.32986307077226,505.20817719239614,67.72983216666618,464.7626244812925,454.4697672935469,101.51137576287435,556.6565738461287,458.12874096955437,110.22067825597568,528.0789124388865,485.9072738421956,51.47332759656292,78.0884309271227
7,6,0.0,0.0,94.60294336987391,303.9194696637783,319.34723382121837,65.04044992911452,487.72617114576235,458.39139618368154,122.95724657704979,300.8442181018918,365.5661420952247,103.3264442351558,682.449939946789,343.1018469989781,87.0212503681125,598.0720578599754,582.0248404792393,103.12240900930563,613.8376305669522,283.7597216112681,75.42985735488162,379.5725827404471,360.1780875906044,67.93942920289977,510.96695816111014,388.68364401028225,83.06690498393704,528.4527996662075,387.3634697351488,111.18714437894073,624.2234096429091,431.3712037150541,38.89035421401156,567.4178276037026,374.54020644693867,81.70974678654083,554.861700800632,546.3977356159148,41.71461137819823,569.9157014917909,508.88899742694707,119.28942063455568,368.9309196116627,214.14660377987008,91.69618606583397,422.31947703053686,670.3303707002062,90.26354676798297,503.19789648085685,562.9608178461048,105.68631500302175,576.4148961865153,385.61830265558206,89.06553001964704,557.4857937912705,407.61217259523846,60.760660608632016,82.22099129716412
7,7,0.0,0.0,67.79592740327246,341.65445754773043,279.391122085357,70.96723017330814,527.1351138741585,430.22702596931197,140.95612792090105,441.35385142544766,317.12233808509814,90.86671691763348,622.1159965678082,406.37039092685757,65.14300564785916,730.7009058340528,347.7922348453201,93.6202057961299,544.108466900759,377.37767035331046,80.15858439050047,436.3074121656653,499.7313861668565,57.80341342019567,507.3175265056626,499.2238483652141,96.74644875984623,472.1831922567278,370.19713125345027,77.89434283999465,643.9898949487547,587.4907543988625,44.33665109658549,504.4863788632283,462.65939219978566,87.13041171688972,649.0984196223055,578.3382896962867,59.486060618622545,557.8778453438764,664.3344234028997,115.27921183185086,247.6260117763951,270.54841170440716,114.03505647551358,637.1055613060706,685.7416350527781,53.339682000514316,484.32554470647005,499.3032538606716,98.49391287225944,550.7374833235832,518.7329590300279,90.10464229576192,611.4582848821575,406.28783273072486,76.78170564348207,119.04909438791638
7,8,0.0,0.0,67.63588827415064,418.9814766903728,291.26734905307376,87.6290591013757,504.8658331131993,406.9131746407996,105.3176523056112,598.6930669767095,529.420907427461,92.98813610987308,669.2056372049419,533.9377270464456,86.37575707123692,463.67327929658944,569.0025825738295,81.23676648333756,541.1244739775287,353.6280679076712,118.82024029232271,438.63643166507256,332.33289788112967,64.54415607430991,507.27026128905374,477.6546768097818,100.81751610007996,504.7702598197649,328.0288504310647,100.9735834096584,530.3770154413778,488.3735339683616,46.34163251757914,710.4062668429569,622.6924625933334,64.75421264242854,666.5521638871378,327.0038314696575,54.95916598944698,490.19648461645266,432.27410934907726,98.44114446116517,289.9525408038878,228.44764672018783,103.34773853389757,393.8280906408577,574.4158400168027,81.07072648690034,509.87362081165014,425.68732591866393,80.91430084089163,518.584016417127,367.61292115535684,97.51277717854227,423.90131045676065,428.714529980259,59.48259939590886,86.50119844498391
7,9,0.0,0.0,61.744711059488736,382.96239828957675,287.6230869831827,84.66200097475551,403.3806194641943,412.9291651644675,106.50451558541944,582.2866407988053,453.1270074734607,89.6086580194932,634.605387753194,285.8374480729834,100.31632803071575,600.1746444643562,520.0458770924773,86.7828918626779,581.3467807005633,265.94839975601803,84.09673320848457,471.2367348500878,376.00399323453865,53.321446555251335,460.86808249549455,473.51640980179565,109.67171829799683,514.2145262616065,440.9594813877974,90.3107791188011,570.4734880940887,443.78672753168854,44.064828603748175,502.01381341508716,490.82220701477377,82.0579856025127,498.13160011992284,451.1703491018675,54.80001893087674,490.80262708870237,611.6733342273528,96.67397179045497,341.26564263460546,177.88761772504182,114.03763559059394,672.1396250200748,365.5679601715465,62.30430798122666,552.9977988931582,474.7673423272427,85.69942292912214,504.86644793757614,506.58514679462985,112.8456559307796,402.3084889096797,408.75868614908677,78.39262887720763,78.03115577808512
7,10,0.0,0.0,80.9206666192084,304.5558034557547,373.09086384468856,68.20247140734392,572.9795286880017,353.00798271120584,95.11326199070979,572.4481626439111,388.62260685968295,87.57604337531953,543.3340149935933,425.8227220595419,83.34958335302349,401.89821991089474,492.2729759050641,100.54347732807855,482.5736052605622,334.34741478109333,83.66439476019922,412.2091382317503,335.46665055774344,44.96358438067012,459.0842598585163,472.01521041609607,108.45891854355297,617.9520172808654,325.9615220297243,117.95648183981035,476.4375118386483,393.7251256793571,39.919668159798114,569.8989902097027,560.7395819854235,85.08304656599239,354.77509804846085,561.3228355951736,48.594756651175715,604.2539958877867,466.436324013456,119.27261731499225,267.40979791157724,234.63284673610275,79.13743725688946,625.3666926647105,457.55773977221696,72.25164924330662,412.5721947309678,402.4118801361325,72.80476127139758,703.5505822811318,472.1670419851877,126.58135225804301,627.6929989709176,529.5425795666897,71.46520045076387,103.78887644429064
8,1,0.0,0.0,90.3798608827045,328.87172984487086,151.21617250351088,134.75298869879117,243.8856611636407,185.1809833783333,140.97203028754373,339.49207850891526,164.25296320513914,96.36017786967886,342.0642386501599,206.29290553781428,42.715288578088675,257.5132457179159,167.39981678137104,114.91932817219586,292.89983237130843,88.8621208222089,109.08928507316185,304.1204105646205,195.00050271249506,74.73042809173641,243.71774528381908,124.33605584180806,52.97618301490522,304.13011403262016,232.03032840894878,116.40001846238968,350.4693573179796,217.1194490531518,64.13368240941338,253.61650366302635,151.1337686992483,76.10119023660512,299.35616153746156,108.153719892964,90.72993235288529,302.98989784116054,158.4617686139137,87.31801109587192,323.66628279657954,227.33268385570662,71.76151134391263,336.66063205517503,221.02308025270395,79.91718428874384,224.9120773023659,219.3042004565001,83.56553039312563,245.5159820359276,200.39247254738243,122.5319158309814,260.7109148056023,133.08408207181003,97.47179591240132,109.98176560708634
8,2,0.0,0.0,115.93173592328827,296.2026472863637,209.63020667071055,143.15007789128705,301.2921847219385,161.15847075067887,109.83547914949173,339.67433529215396,97.045808750394,110.86553767598531,320.97621787241366,234.43913185538815,45.21273463741392,206.97390894112579,242.4149490588408,120.59085771893122,292.84075383100173,205.67874615513884,96.33821883026438,332.3031353877012,176.9561590417719,71.47122995401743,247.18210311427413,127.7305193050562,57.28000954321587,306.4855141801533,230.33526307302176,115.46821980639913,385.62236567258583,172.00263537931002,75.27274300827546,278.21364205098405,191.60407521290173,76.21732084437271,197.41630523979222,162.98826300573407,85.17895022276875,248.74684556728232,207.47958181659797,95.6304384851095,235.06068229121723,186.99050018127426,90.93546318655473,378.59401404755926,284.4712556735344,90.93173850021884,205.06586612773174,127.23857922947546,59.761782910831336,283.2548426474877,236.24529078503596,137.5495417180796,277.7576132535844,160.0192542826633,87.33032252616887,114.56190663314858
8,3,0.0,0.0,92.04210649585923,236.0684763964908,167.9742207406623,145.8961627250099,285.44767610736767,135.00259499530534,121.20949483823395,271.3636665559271,111.86187064343778,71.08653098728311,300.72344339379407,220.40981415462974,44.391301026788454,221.29070086468818,194.17444054440568,96.14075955916553,323.4914460926435,172.59200237443943,95.1083447280896,335.9705478082816,213.31838992732554,93.05274049092907,180.6540154881336,141.84247624124424,46.15775029552761,268.12056940871,203.93228220888386,122.4705380873018,377.1560305270348,225.78282005903736,70.2048173669709,184.83243086367617,186.9342492855999,62.49262730036696,223.2008507773226,166.48570054597658,95.98522962597345,352.00566955605376,182.1133586659459,106.86122569107691,378.10303295952053,294.50178124663915,59.65259873714425,323.6561486733898,278.06906082790437,70.58990249826007,214.16660512558582,128.935781198892,67.53013683034476,285.3256271651931,193.1393722757664,121.3310663047013,226.17722105583584,190.83668329559424,80.43993770507079,111.25883032271292
8,4,0.0,0.0,95.29668812597725,255.38121923378304,231.63968222461017,104.3023927536221,272.88857343005384,115.37911460848315,108.71687877104254,266.83302364088746,205.21791228950696,107.85615943648132,328.7050283585699,159.77018587140412,33.63564364907328,241.03091396513793,210.0307232151563,167.65561375323043,374.3193763407424,162.0987243851559,112.88307989756277,346.86684927570514,219.68251676597356,80.68091434844807,152.93895791622623,119.29263011914769,61.150581755735914,236.71885221895556,271.94277286044235,145.78446981469943,379.10761019682536,249.894995369474,61.600520399673215,250.20668555789254,170.81919534297208,64.22461917636811,216.07244664111892,187.0866377082194,80.85252636962636,321.1195261825701,228.7815645214124,102.93132979258796,310.2111701896109,228.8530599342707,83.31370690248578,307.7064659969009,342.437325193338,85.20743844535541,239.23592223156845,151.1019791738596,75.53311271965231,326.59123686668164,234.6922947959169,104.23976512795508,333.84570069829596,226.45655455380918,100.29945354962989,84.99327886838483
8,5,0.0,0.0,107.16066239564773,253.00889921734762,160.5505948768168,119.93491975386634,290.9067357738728,129.02757449958827,152.314960868678,301.44265713985743,156.13556285347258,112.45786077200678,345.61637228736174,160.75903940883654,38.51116310742691,290.94527832840015,205.84041017818984,117.97467014111837,227.02637666019444,167.85694211532925,95.61870940978929,313.4399891425296,159.0783522728216,76.22772903157151,222.0459030294924,151.1837954950383,52.398937116462136,348.13177650522795,255.1018984115081,147.9634638598891,319.433096053231,234.47371408150283,89.66760570522776,291.99584090456966,211.1966541084328,92.470798290421,219.58837449358293,167.2555606758877,80.4201297764128,221.9328443406979,233.62486723322507,116.38756427848682,402.2766087059048,241.45481892836327,58.53296164127232,363.75419522199957,271.4820069064498,82.10257404393687,202.02156755311964,151.34794928320287,79.56105703283856,260.14865673379165,187.3382909932221,148.99855742478945,254.79639786756007,141.35026205933764,88.61171637593115,108.97338489914866
8,6,0.0,0.0,127.44816819956736,314.81882783022104,181.35478575216746,128.87390749084207,301.35527576549435,142.6130295594006,111.60581392275077,282.92206379768334,171.13284749342355,97.79552051156908,288.92571907717496,144.79950192414947,43.8451623692174,266.29054375992314,218.544416025897,139.51776182891948,275.6865073071608,161.42574388926877,119.63069917124119,282.41307092995766,194.89540927674585,76.45270200384152,269.84551152832375,136.0419552731493,61.396847586746034,202.35416107276956,223.2803827046564,113.71042370905462,418.311493721205,181.0143327727309,71.51959899590125,226.9644708942313,176.1848829546115,78.34149720778302,239.64909939212146,168.40400184320796,85.9338493530567,335.4841106908906,163.1235589694121,96.93911410838562,421.95085910597146,276.27429478437875,67.23535696335975,279.1902112485626,215.75064187164625,74.4486391441612,186.38212539760667,147.49974340948313,52.716342255279265,310.0555911138738,210.97937631570423,115.25408504820234,350.2994134780158,200.31706834870567,95.0494753282067,81.83392004536532
8,7,0.0,0.0,106.95917079302158,293.7926092440402,166.57432357699395,166.73876002534195,342.50269385514645,186.17994613604063,72.6216014758381,265.41529943306114,214.08598193645912,93.96268748164661,274.04145065270495,162.40200504744843,40.32217103721175,167.8356619146987,187.7693828577463,152.330398992271,369.4952358758282,161.043285819527,88.26836354030264,248.73883208463326,195.09845059279309,79.2693755121339,201.67642630633915,179.51704498469093,45.6056949779903,232.9615240693248,223.46795075966565,134.38329713003606,425.7046866804196,183.00023157997762,78.7728258830289,319.4918919917274,160.91509240614226,102.48602959323055,302.1659986546473,179.95559075571865,56.45102041099478,247.7330403579684,204.98627521248798,100.38138289087222,337.0164482017383,242.45873926308977,76.97928215048675,432.5986498774632,279.40880816044506,72.9747715119728,234.99173072231156,131.43127167609077,60.3627310658802,329.961189200247,239.47868233591637,153.07567927419666,349.0281495949021,193.92985825041706,98.66631845957052,96.29547588869363
8,8,0.0,0.0,80.44869006006422,227.49388927340297,205.63468370340613,147.85574985869152,341.36492034351903,167.1540450636844,173.20928300069107,257.6653039469668,184.7395399661071,79.16257767226229,290.5568599116264,200.82517450040362,39.65235777740975,271.2916563516969,206.96221696521025,149.894849605101,239.15820081328263,149.54061294204007,105.17735089558921,254.5884875277228,209.93237282603025,74.32473920290074,238.85405104079274,170.4890913254186,49.65708837920075,304.02465243205097,191.70416852238816,132.5569749262476,276.30909663114926,238.47756637197494,81.15980182753978,291.17079722763833,150.00964844880548,82.57222855987078,236.85236602532572,170.30758740749988,73.73099643209568,305.50240468293816,225.29607295672764,102.0962254623879,318.1579878854939,294.09657223375706,73.56608843196165,307.82540829800956,266.89569680939695,71.18946872601467,273.8544249143844,112.88041370790351,58.8485921094245,310.9281461339454,231.59142419228743,102.55382167716829,270.2457546902254,188.82532329038926,77.80366306183299,91.28243903582552
8,9,0.0,0.0,120.79001647949437,314.9168459478832,165.05850634766543,159.95434778891808,278.91390007085516,146.49506980873568,116.0341833230403,305.12431753151697,176.6045170952051,114.0545231628774,321.25096066339245,224.7651417224605,32.257925164846014,225.1124789325438,198.77997764391574,137.22985428471523,255.16167037285223,129.41763242086265,112.02866713742539,266.7872364349127,181.50284945685783,100.98850457242011,251.08588968207602,132.6326154224302,60.472902369446544,279.75768094172884,156.08992148068376,106.60898659654092,338.4652313262598,151.00889923441542,61.38207660780073,226.65779289145394,173.1616130506394,70.25708901585456,256.7449881383122,195.25461396426368,87.79528269299878,263.4175833976376,160.48250619629755,110.2517642946747,315.8409477155245,255.88647494374055,72.55015682399673,391.80390943619597,380.34718706170975,68.94128964953877,246.3035552772888,159.6900529867509,60.50440457017908,314.35845352272895,166.4457432483511,124.73956133671012,372.0140043555094,186.99280590827846,87.43161051841658,67.77227938434577
8,10,0.0,0.0,96.38635119416955,300.2066558096369,158.95857111568316,165.2172986362916,290.9719613954697,174.42540105298974,155.70085619031119,270.5358715816142,184.20772030242745,93.48153821638033,343.96898743210454,216.69346834645674,44.26899745989465,240.01641988850565,179.4879474101861,174.82490134579717,286.26802986177364,153.5043482526313,129.9730695281349,275.53989854295105,135.6979616589222,113.33054717251761,251.07263851297236,159.25994029983985,68.0485187579234,239.6872406485909,227.8926628400248,128.8177387988285,374.3996847921302,306.54110033118593,64.95278184402886,173.06547553983035,197.83448878051823,109.40540832031544,202.63495215842843,163.80623521771747,103.61114302746348,377.24479693946,186.48634116192545,98.36869428262847,305.07378711388486,164.65427763427004,71.33724246017202,398.735778989556,325.52775351609966,81.77272315653575,218.12155845998788,121.69246408379912,64.77157609230527,219.1357556270918,230.41415608558546,73.85347905040885,211.56414602303988,183.7559885281189,97.9831485231326,120.91863253291424
9,1,0.0,0.0,91.11878800557224,129.67340140484208,43.374345846799876,155.2326425568085,132.53154831260875,-11.325030812663979,35.31249864707833,186.87663398034798,123.27937059943258,87.81293118287013,130.58110814415323,65.54201284498536,44.78555432231755,153.85996003273218,95.22004509912978,73.00312820281297,156.25274970120785,61.72836469175798,96.67838950015764,125.657071586541,24.977647168304635,67.01532325670053,190.1093449242601,94.61771319888867,146.32102832225806,109.26778789702043,-30.003061941481285,121.18482688369886,121.25511848957099,10.65636613887493,122.60192837338131,151.8938778530091,64.15966642721023,121.08660572783444,144.6138081563094,2.9203334757500077,44.109256034646876,190.80190999053931,124.31733568624952,108.6094243493834,191.09415945254125,28.209907043063122,84.75743946126471,169.0169307239992,53.57218452594227,72.88065596816571,165.1545392906507,99.56404450017217,93.46300538452628,137.46386220158556,59.338993964158746,44.77390598482595,158.99184548938578,128.96791687112358,89.40977922133213,105.64442203641062
9,2,0.0,0.0,68.29947995744485,136.5417025343624,34.99431775018644,123.64491866172595,117.31812593918504,-9.251212062062352,43.16630510479825,172.29226477133537,139.86779407937055,95.73395284508823,140.31542245653765,36.24881825848726,41.21725817811779,161.31476389400012,107.23988391699103,77.50243776843146,146.89339891136606,52.185069138128895,101.53313174181642,117.94196074317276,15.424698074555355,87.85873749089251,165.85113032418516,90.53401724036269,160.30204446947357,103.21786040117688,-15.377157554991248,108.97687749944112,127.37051854559192,13.672365561124533,98.815403244987,157.1803748369606,51.586046714019886,112.99092046047376,144.81787731776132,9.211992285498262,61.23767634376651,164.1663019333374,118.52392271789948,134.4662328297052,157.48979906949947,39.36233431032612,87.76965701705963,145.972768229627,63.82524770577915,63.20709480318864,186.39405314530362,106.28560352952911,90.61567058333479,174.31665928388207,81.63519669358747,49.69528125402553,152.52838602465053,89.42307192507599,91.96320091089727,104.65451071446621
9,3,0.0,0.0,69.45332710959786,141.94824907213473,41.295502242403344,86.52025316323187,115.98693379810113,-4.308548050237301,43.83817675283444,128.1420005749345,100.32612613357864,107.36989837151766,190.28790904867625,48.52279622534999,47.84224544487275,135.08950479670483,67.29753394402906,91.16525350802743,122.02601656130857,69.92822665184809,100.81040456273857,111.14951216007248,14.20791095210438,94.21247385387358,156.16207923998587,96.05801821367955,122.34087504849185,95.40742913533437,-23.30418734264797,137.60143887061386,139.3730136645188,5.800907457667095,90.63998945471006,150.0155886896719,69.40768140794343,110.87912113530034,130.9330224180434,5.861602105408605,48.690155710239154,185.75991766442067,107.79533137674767,119.90159156575875,152.15256845520594,26.942729942941437,73.70647849231204,152.56705862198606,77.6005647187868,64.11783377950995,170.93388035552135,107.20054013065396,94.9613373874089,182.9106003186064,70.46680637772708,35.37205064951581,138.28887872358422,82.93476028672778,87.82146484278579,81.05598802116474
9,4,0.0,0.0,63.918507010330764,143.47846139177733,46.94817746090207,96.03953176073344,120.3773749172743,-15.400471970826917,36.89276559065601,161.46861324695524,123.014061318568,122.77411863569876,158.94726679382154,54.03334031840242,44.58254633213379,167.51875841536224,100.2703507238701,64.04773760844965,161.98860761186683,40.9864444063336,106.37717999413717,103.3686476563167,7.396341444791141,75.76536673510923,170.77552879841568,82.7842213168089,149.6787108646094,99.28696089017484,-20.411426066260915,137.0165604509804,126.19866963755214,6.83137949068715,118.08859618298209,148.5411817344737,47.598359177047236,145.51402959982718,134.39505054148594,12.182997252030992,42.18148513728717,153.31593207687015,116.49922423087932,119.56212180280703,146.71368575382184,26.39946815549807,90.5263764963025,161.3417459016917,69.46446807775565,63.65284610199205,180.0483665725956,123.05966340437196,100.87388335515004,144.94951892049525,56.886721561463986,47.454437964935074,172.25405614432108,111.19322956799094,84.26182441492593,91.02968338486863
9,5,0.0,0.0,71.30605831944023,116.81582077826249,51.18558186570692,110.40731857707117,107.69962275626362,-10.272463694846794,30.807038978041902,155.24720948883382,129.97627831140207,71.78165996003844,132.78973313381317,42.58235207347187,57.2842888232195,134.04966518547224,106.090487895216,95.72320346074582,155.60661858769654,54.5964430728817,115.2578243847413,119.21500789165414,12.808711534773824,89.13970438369871,199.24582923238813,104.89570950904714,144.65501336167605,130.68912866623515,-22.269858015975107,112.62572002206066,166.80189447504108,9.711692905047254,86.43992668670111,144.6880247808851,69.15947040493504,129.3857476834935,120.72744190161875,6.971804037357635,46.041621052780066,193.79949938981127,121.3432157577106,128.71329465707225,181.87610760906318,38.63393937889829,86.45843602142591,148.3723272218336,57.03754170246209,73.8057257742339,170.3512597593985,113.3092722837342,94.33946841736567,185.44831236256147,80.17126778310431,39.95008185994288,141.86131241216617,111.53276513763188,87.5158717487731,98.66917575550544
9,6,0.0,0.0,80.1800876920075,123.14449069491907,35.3577735367772,150.1530396224647,100.7566123327103,-7.991073464698136,43.06230971312156,172.7305332068732,139.1678080836226,91.08491273838257,185.29964899393588,32.72890958713809,57.96147092390967,133.01114485513696,100.64675406917257,78.23043026204482,167.05071771833184,56.326019877180514,109.1865633941079,117.32076548207647,11.810425376014763,89.59157403365907,188.27524277247244,57.42954133362083,131.1122464283595,132.57091965588037,-16.228538587873985,144.92491767494457,137.39916090842632,19.202101029770116,81.82420211502881,164.71564960943894,62.992898813086576,144.89574516117418,127.69443269865782,7.257095165499453,36.716260784303074,206.8041939776964,130.56271076951592,106.50229955217003,138.51305871211002,27.499156723472204,93.20085458325545,183.19375397341997,69.05429596023798,57.89364484011423,168.8349253947939,82.36071569946552,91.64133949539826,181.9168512037882,80.40175278376529,42.21856609424387,209.94497394678024,123.29289736397686,99.3149242258551,90.49487639183947
9,7,0.0,0.0,72.71558029823126,140.14561312181007,45.16537086235942,139.2345842353696,129.90118933539267,-11.770259435003965,38.497275129513625,192.82319156748832,134.08662750567467,106.80566523621879,139.45212782297338,56.38258320863868,49.035427073060646,121.45198194824575,100.67215706665344,75.2303735810646,121.45907279432541,58.58527523547528,92.2220900940912,105.10088929124205,6.533373189692513,71.50280249557095,176.84713101422543,80.54653587130505,127.82547611789494,116.7941695092739,-19.25471966359881,159.48984138494103,143.20498540069724,14.952702078354152,95.15539842884309,135.63696299737438,66.90929718719677,132.52847911611644,151.65795079588244,10.001230787080816,55.457282723159715,169.91654726005865,134.36155680373147,132.42452136869855,135.77252565715278,30.639037479523502,80.38891062734702,137.23667743909397,69.32721528471123,69.19136350866106,159.7444340266492,119.20126791546011,85.39569568221317,142.48481335373944,69.17096124011985,49.97525150569112,143.8540400129662,122.95503341596537,97.60264354000053,109.79123316200213
9,8,0.0,0.0,85.28145079744209,163.08429641743288,56.166200005292794,101.65313137528887,103.41340963949278,-5.434530137910691,41.76308457690912,206.35191257415613,120.1221684289098,97.76611884741627,174.796268660373,42.812315823578494,54.115155282632095,143.03722701476985,96.72454436393049,88.6595287468062,137.31849627381587,61.71859458970401,75.86882542740902,104.40934633136449,14.13127676795546,91.81964963136406,155.21240549801297,87.4260248945595,163.14403357477508,99.58662621904828,-17.90404039000891,118.31362487185726,139.20757359565894,12.851227531908275,106.9919273457557,175.62004239063987,82.29381867611946,80.52197020835794,148.87372812966674,2.3311487559740023,29.988581211073658,174.60835839203287,115.65574832645424,123.34608490276473,156.78326675227032,26.5497721175689,77.99612496327421,172.23093156543194,77.4927885893666,55.60464342020053,160.094991489351,101.64620909177083,71.90148801584485,195.18292159798816,72.10226547453013,40.96760088915149,171.54687237538306,148.08534487262693,93.8193757416114,101.99963952942196
9,9,0.0,0.0,73.21247216607429,124.8688642039879,29.634255332435185,141.4976578950655,118.866021732049,-7.169413490508912,39.20025475954922,117.41121663943579,99.01431849973964,98.93321800770904,132.93103408071377,50.953483966897,65.90453161970798,164.3910709742206,115.71408394357678,67.22439230924034,127.66433402085883,56.03299475827507,85.8437577998495,94.0757952457325,13.041373315955667,78.67479962289929,201.02021311306584,73.99109442970718,160.05409855387398,108.1134234617613,-17.086728327044806,147.43263654841127,132.96787417747717,11.507824489247106,95.62117090757243,146.55772710098373,53.40825827952828,113.31399283101874,140.21929129825787,7.24023902415406,45.99420542552129,166.87400082365,136.5740166823436,130.9540854004453,152.2625809602346,34.502170444586376,108.86831061676327,149.8673034699017,50.61252334248504,77.24009018347154,172.35916049673278,112.11833435890371,89.02609162103268,161.58627916157133,68.56918630549288,46.70828571199146,125.77771644000484,133.23519302814339,93.95526726129432,101.70900125298778
9,10,0.0,0.0,74.29681124292999,119.50945444357947,41.44597189734838,121.1314486862283,122.68544401355877,-8.444163640036255,42.449672677886376,160.50462482637062,117.08393935804762,104.23330036291546,135.7383768387615,42.538106034083235,52.44784816671975,130.50901705561773,82.90305407714321,83.05852113894831,124.40842367267376,57.80398950062968,101.92111374312239,92.87013706592495,13.529647781288018,104.1626184000864,188.09596109551538,72.61869968701919,178.53633294148796,92.27336013821167,-9.825896718247492,104.24093962150891,101.30301704633149,14.421239042136072,75.21762752789559,151.75525911832702,47.12489719007981,116.84549227739652,147.3448079895871,4.5294750602616745,49.88548944960295,210.83695100564051,152.15264575254,114.71290942367835,169.19559940469654,32.259721189660716,74.62331015686395,114.85648614979384,69.12358471084268,72.1613969443857,173.78917786473005,85.54593072122871,88.62787955013293,146.4735514597842,62.07890336723399,42.56461449544375,164.39353119244677,104.65672324511569,102.42812802896981,119.82420167978013
10,1,0.0,0.0,101.44826828363522,175.8528950849963,38.493118927275844,108.966155314296,132.45565439457474,21.719807246004788,45.60489208218924,153.51024648547957,141.31971193954098,62.696668267327865,108.06724397894743,48.43168243420706,98.90051840168348,143.103785726458,36.90041243211237,150.50341014574735,178.94501389694815,48.33083577188395,94.4458799345471,145.7292371685747,36.57807728573007,62.509424538166314,130.58783715915524,76.87608592049364,71.16819652280525,158.69183059838963,77.70462376876199,91.56207964683121,118.41231151332764,40.199717933813105,104.94307743646661,219.50724199486342,75.97129528893934,107.81363252507496,146.13922202508346,76.54932532213456,81.9463209896307,153.20649342738858,59.8285009236463,91.50048382000303,154.36949197342125,59.020199674682246,66.04118952255466,165.76259453211313,69.95180106462188,43.67800902808081,180.31598559672784,125.33491378884113,130.57655394790228,223.55571108789326,93.38425437753168,67.7455342413409,155.4587639703225,147.6341108170928,83.51074867474476,109.72383114687881
10,2,0.0,0.0,91.4148936189873,127.37684915856218,49.22635796629229,151.7759543864757,104.26508345822766,14.735448409640735,50.677553940561964,154.87669934591366,119.46288130620673,63.836765002825736,133.33074990815342,43.33899566069154,137.25877514053124,132.33266536660537,41.14567326007628,110.25094849086405,149.7290672395403,43.66464142889013,113.13398355945071,138.82935618566074,42.01714926535322,77.81660064593909,153.39749022756325,98.51771657652334,88.24148642507959,155.93359119250712,68.13147310160895,89.22109940094599,141.55916273038457,46.59676261395388,109.84217859585354,198.83507307395269,91.03270492114274,72.61803483865779,189.60720277464836,83.50097765339291,91.18279481500747,198.78514351787783,76.84987562560396,104.10190444805887,162.2356778919953,71.9198307920415,82.10850344166164,169.14176845737902,84.22198941362522,41.66551360504177,189.99798194825416,126.85880572917343,135.06613036166598,192.860239798583,83.03704474848662,65.06914266758514,140.32816174281237,148.83177779509705,92.83055422572954,83.68845334878651
10,3,0.0,0.0,116.86135029271334,122.50582756774996,37.530411947234455,108.55218607090144,143.91728957778722,18.387371637442037,60.52133403991286,174.92044990242485,143.46088532225428,62.07331895510727,112.78857074379437,48.56709900861609,114.8054811085118,115.83090568234084,46.34811274046433,139.17382437764468,172.0562647919712,45.69265351269671,108.99709066684393,155.8819651937011,30.086814413486998,78.65311075225786,114.08689424188091,58.90891643265921,74.65806774959358,146.67320011436382,84.90566283275166,83.94516482227202,153.68671630731586,61.67597949900825,116.19090508969606,179.89232255116295,70.22556405617958,95.69569995135473,184.41340564146185,69.00621063917933,99.72560232630246,125.8179165325125,52.13505176324833,108.81288273211688,142.443515415724,52.99993003424296,106.41213403942483,157.27927621010534,58.09847353211626,57.08936440713379,180.03747188311647,116.78693837209686,105.61399391428075,209.87477003588347,75.74420641579384,42.92079671489134,162.7659983078149,92.71612111048117,75.77701484854587,138.12891219831192
10,4,0.0,0.0,84.74064100926645,126.50444416593886,43.95471106795682,123.01193768026161,153.26995870358155,9.122866906284214,52.91892413826778,184.0122533460906,149.80774555093402,65.78850065101969,127.00196070294211,56.006134959405074,98.33011056497894,141.76718841267967,37.97515864000117,134.2386676074066,203.66243831448332,25.832489626529636,113.33072893571602,131.32633191707907,35.11098343062711,69.23478023713933,165.65202720341924,82.52698390670493,75.25970753685165,172.829115673027,46.07026028367062,81.82046041116332,95.40823783575834,49.03368983928995,91.81927890917335,193.2438435200929,92.95817696782319,87.73883354143211,193.4221767918918,68.96808077785207,126.66324953100231,165.7952646239635,57.07504860964752,74.734691941591,137.79912033797052,64.16110751669555,76.8816796314594,158.69829036633362,85.9370930537457,39.9477318255937,147.38919729764353,122.3702199974555,98.95009279248588,186.63442005476855,59.014249051223274,54.17270934388835,169.2254281144193,99.8952949290189,97.29965254744812,118.23779464044638
10,5,0.0,0.0,88.82834555586292,120.72531126237509,37.79316879611475,131.8718366637059,145.79909065498717,20.1749286482547,53.95496854453742,202.8944344499798,122.00174895168072,55.196494318608835,92.84752903503721,74.23713938075136,103.72679278011518,144.29672356306003,46.662743150345676,125.48929416666458,169.53966267949548,39.84197664855673,108.60439008224803,159.7199324774132,44.626185725045076,70.91806846893381,195.0034313391559,77.50014681675873,92.35345131923683,158.39634312014564,67.37453489549932,97.48655038478337,120.5424719327853,62.29867332069196,101.80360098387914,169.6245417513241,79.15424947843988,100.81299641791438,158.5252937820223,76.77399545949552,111.80931290518951,182.91452476915845,64.00671225148368,75.8802959569255,155.6020637915591,53.10796720584652,56.72341930565091,144.3549174899741,88.44476604198701,49.53169417146265,149.78271122425224,78.21231816386029,92.27617029221452,168.02718566745745,80.09466866635064,53.228029876896294,201.46789808776748,167.62970594374235,61.62688596551027,95.31304620450467
10,6,0.0,0.0,105.68735175144093,137.9461822692301,54.36581858767521,114.61896810119251,140.98550407054256,7.323314489439214,64.99076697944524,164.39634408838117,141.5906058934776,54.28122792748748,128.8618384755638,67.64239742416996,125.55785601295713,166.51525423942712,47.050058666887324,158.7204767127105,162.88913974462739,25.673544659126208,146.02880857926243,144.64944853511025,35.455279607196985,79.84932367569846,154.89868898185722,81.70096847441707,85.11803940433818,171.9944167060349,77.57383145167942,93.16345178247559,146.27285383415014,56.088461268250406,91.85136407009888,215.77614177474882,54.50571504523361,96.5897334687705,152.1771782437734,81.6764526468491,95.59239838641243,147.91233461112972,54.245072634735436,86.62291409552597,173.4506774866536,60.90366031952626,99.91419734344196,191.49514618895319,86.66820632269591,47.74507509444971,123.92722985735583,124.2910873104302,108.17203899012601,189.91228435053844,75.08963905706321,54.036004483226534,170.14826984191436,124.68770827505858,98.28122445274086,89.36594391929675
10,7,0.0,0.0,92.70643024427106,150.57552446518048,48.4965470959935,125.60686127243393,141.1312338497711,3.316420235753002,39.62293332974278,180.83018765647896,177.7561822131184,60.296955463798525,111.95747927867966,60.902525993947116,112.51659337948927,185.9501743830696,38.709690121296944,134.5467398628836,140.36265343036766,51.94078234236109,105.96771889199444,138.2439632920007,37.25798280626884,53.1252668400937,158.28635488032396,73.61524130324672,83.47803205968528,140.53954797464783,88.66188931133505,107.50280196765105,144.97518301615574,64.97288118151114,94.15147213246237,166.44916466656161,90.6254667275625,92.91401982833058,135.70424151763734,63.432276251753166,95.14926621941693,170.0942105000152,62.88922207505978,92.10125853085358,118.05467200554727,73.79379020816064,89.79215895660666,167.33502017295075,59.058834362316844,45.45375635845453,111.53630181816672,69.74297365010247,97.51499015528489,187.90401998194767,78.65433110190027,63.02016414636826,187.295781920494,101.81378482177827,93.96498758787719,99.90619017744515
10,8,0.0,0.0,93.01992596147817,146.9092871014382,31.53893799150677,117.15121525451934,118.43654073082297,12.406549182383992,48.905729163037996,229.28850287230256,153.63457803498272,54.247160514889636,141.16462973711378,60.48556354030892,110.26044742857535,151.90471527752885,53.47985263233204,129.81052186530601,178.45158632148141,41.86167029621666,115.007228634953,191.80236932439888,32.114162656237895,60.18860547986776,169.96266819490737,80.76628732668186,85.9698739881255,168.73224256329775,77.48533814662245,109.08310886390234,139.84806371573598,52.68493740389236,107.90293188764086,211.29993582404074,71.94729141348994,96.66910179303923,199.0438725868494,76.49651647633952,97.20568056450813,170.21001117331835,76.28325097384008,81.24672067707911,147.24546996880864,38.93778514633611,95.04004742991546,197.69602270590275,66.4023969761661,51.787083651381906,186.46832203335424,137.18247843326031,76.20329039522187,139.63374153311696,44.43860361454927,41.418989721290124,140.9591734561298,115.99937113820172,77.88726111293037,160.92249410514935
10,9,0.0,0.0,91.4638815523805,90.1123380510011,43.63665232596451,166.53391274032566,125.67464555916447,13.704775150310613,51.041960376004624,206.88919623657728,99.64568840265977,62.50840520029935,115.03081804941435,59.38936297010598,128.33833188301404,203.74547485468736,45.4761873399929,170.80632242671493,170.83736482354243,50.91544465630476,110.67705444637859,144.68543705990976,50.41888803632243,63.353729903216966,155.02423075166644,81.58197370513464,78.01728718685752,183.83856953998944,75.35546891611568,78.58465966176804,120.95661451952353,73.28821404518577,86.71750402507708,175.70060181673637,80.76527332007284,110.17595206270478,139.8743092358698,81.09164352186502,104.07896478919218,179.06098514462877,77.43667733047418,77.42421745452714,141.31059718392262,41.28995712630371,94.92680649238171,168.49683508209972,92.83372440792479,50.96544398453403,174.53554923720196,123.90427292613174,76.59704329727222,191.85332390608997,50.45683255563615,54.00552046209353,162.35324301015015,105.77996598546167,75.49634227391655,121.40928940873006
10,10,0.0,0.0,96.49603325117572,168.13045859720427,44.517517409662965,140.07665058803337,119.04676801240981,20.86205596012778,57.69228004648476,172.9916983741369,168.09975660906483,64.50971863686391,152.1748248429259,70.26603554687242,104.900956717367,166.48512601614857,49.65505990990193,107.87515188537688,174.79907554158345,56.478670414473044,137.5791338007093,182.02737014091215,39.48205913675391,54.79348596624502,145.90171041031897,79.58797397884658,89.99245433239592,156.97823223056034,88.84320367844683,83.82702352099291,130.49163217932605,61.925766034088014,106.92761183739445,196.02357785657463,72.71351236551325,78.81122251045255,118.11006522815444,60.63461163324477,99.66250402028234,154.0420211557579,53.69135255558439,86.53168131860697,139.39504391554277,49.00780089668369,90.85211724853008,196.6185974711358,79.98080577189313,42.25813174749956,118.78535331020673,114.1191407643449,96.35690930784455,144.4552733326828,69.89801494614308,66.8731330112307,181.31717883301067,113.05560093180303,99.69904641007591,115.17063442120516
11,1,0.0,0.0,122.23144756124387,385.61712376052253,266.70646097202734,76.7269513730669,220.77048139872315,198.33912929504066,86.50029635161575,371.3115250664323,224.45805584059616,100.5797731610245,303.0532069196735,217.22610919729993,43.864206129833306,271.2019343402612,204.86669333724552,44.49928426212603,255.5259355886323,272.87060994616155,160.90189294031228,278.5765307224717,200.5330370480752,77.78904908222869,220.49118500087002,199.5543156397685,77.72655324877157,373.1500226078847,284.4102174906492,70.64270733189016,259.76094352033846,176.45334887040022,48.73121226137449,308.2263643631492,227.0679594932008,102.06752673971687,357.52619915192906,223.0029129087118,44.74158385607019,239.0869855174255,245.0120225980859,92.63537683048058,304.33445516467617,159.1030163802345,84.22842238490655,289.9974369796401,192.01063457666268,109.72591361031319,264.82705884549745,217.6753805961679,75.5649087324088,365.28075415357364,274.38165025109856,71.93381684231346,345.9700401940755,223.15087836403455,90.71045652040023,91.40837418046183
11,2,0.0,0.0,90.95263420253394,454.79271170386914,319.2493825390147,63.13225787387692,287.03305897996563,211.37109592117596,77.90846047144008,323.4987988640315,221.54457328578377,132.5182816290133,257.60114419044544,162.16892113349135,69.15845573336465,225.46615864590888,243.679388934451,44.54830614856613,288.1443600088407,194.95996092519067,139.81827749898753,307.8515500869379,188.63934606382122,76.88830861392297,293.6514855241025,185.13698254738063,70.30797004055408,319.4836394868253,279.58248441390384,62.75774378460949,190.52609191332255,137.26191738680183,46.132317210824105,220.17164866061194,241.876695155174,120.87727264243128,246.4168448126051,173.46945357855176,55.03641358334491,302.1509334722882,220.47118331271056,117.09118923334849,276.6014667703928,194.20425558860973,100.16759584196633,348.6103463410609,192.2102366486533,118.15377756266435,275.5529632191443,223.6883035440355,87.80906020970116,441.50103992648616,226.95872764026467,60.71681570310459,358.19160175141496,165.5495480410258,100.49306844954167,104.25042969125441
11,3,0.0,0.0,115.42284643785639,367.74795743870357,303.93110254532934,98.37105082541072,207.28278581930346,167.07561996603744,66.62088819527594,218.04188511717882,164.17537216637828,93.95188333897,253.45960850725228,178.0491544397688,57.87087287059325,260.36091388695365,178.5839185800903,49.49724433142397,324.90627378315065,286.85726562784066,135.10974013894784,396.3880894805727,166.56707670146923,62.34642912755179,164.77223231928082,213.5256864710124,60.72399861016465,323.30243402135324,270.362488684697,75.9098528833501,301.85679756258395,208.64674349149834,63.4855822896423,365.4251844499314,253.8629924796626,78.65684241850226,284.9478527310136,203.63327031282535,42.08735708930057,287.3905075422893,188.58342316290705,112.94694318336145,338.9590402549677,183.45778660010822,116.72341097791886,297.0673307251901,228.5268107311672,98.35557390278328,282.1177774444024,212.75057965041617,79.20908769505735,412.7663430285313,300.68143786951345,72.20199342842464,283.02388937551746,216.40633847557405,106.94472439414798,107.13031228068257
11,4,0.0,0.0,116.83953531980735,426.34986467221324,289.05091942102484,105.10815776013851,220.22686927157184,191.92546835429968,89.65856059109299,352.04768087797015,270.2170324236072,82.19630297908229,249.98096352245653,195.27009473536162,98.24251078968476,277.74439164500603,186.59620901492875,61.94842349170776,278.370713136728,263.5014949606849,150.40891915194263,347.0996339751013,179.40931689447055,53.33364103174123,245.1763471722758,209.18224591967632,62.65565617387424,424.1116023057367,267.3743168122425,107.92911891588956,301.17384050994815,231.28228348055322,43.080472956325735,194.77295834068306,182.3906704950248,78.83848006981071,428.4299887338669,182.57088278421813,61.10254181765115,256.8466483523545,236.64085652803547,91.01118283296066,245.0269959064575,124.11989581775195,88.24274799585598,276.36991988989234,249.88232014104113,75.98550353048181,296.1334532797338,163.5412426935509,81.38368009159157,335.8943809243902,251.95323413264566,79.6282065851892,273.8594857126615,211.36199931265614,84.43713007496197,112.6071716863353
11,5,0.0,0.0,98.77030238427002,344.4757462146879,216.74343672828422,97.2270196487408,329.67520719173797,126.50920685353601,78.1709520709481,331.4589532216321,296.4438385958482,77.00084251972689,305.0284323427852,279.44479980971795,78.56085621492431,237.7779537259934,217.67618639788057,55.18186253475166,290.0620183572101,244.71173797292323,110.91582894613894,323.4654384168088,143.34054645096495,65.36831378464981,173.8843232559695,179.69194171676344,73.14024143352866,370.48248958774593,222.18963606796743,89.65682337682411,203.82054460461683,308.05979198154716,51.01513584311197,248.243208270023,148.18185943183016,94.84019360268023,332.04350897121464,253.85604525567715,48.08037511851012,326.89789189884647,214.60476691561655,125.10323354381603,308.18688970496265,205.19602700991894,75.14179966120017,280.9591184062918,230.3436933459591,73.16834447895815,252.07227174275633,178.10718722829012,84.63101812708018,389.8019899757577,315.09344267811224,59.23350830555443,343.60467316156837,192.96818483774842,110.15507906781677,131.8385995862117
11,6,0.0,0.0,138.05035152975017,351.1596052146064,287.9232566284384,105.94515961482516,344.85538068546816,185.9421729553514,65.84538066598185,230.25835043847258,253.59021585360568,58.684266374619064,259.4167095175137,281.6549998675946,70.95225900541583,318.58544891736733,207.39647866074026,58.20709391169812,313.3435310583741,226.00535085320988,152.23632618982853,345.1643767565047,250.28384627985596,63.1992832940182,202.83201053839548,198.8688893255912,65.59662941597492,373.4036921462872,248.7141080565269,69.43967866039462,365.0958131767978,172.65601230817697,55.97593347726274,221.94841158060012,155.74291828352068,77.9813970793125,261.7306351007871,215.122727065864,50.3776869738256,302.35384828022046,180.2758126220569,132.1115449259409,294.5328476895154,200.31693764604162,80.69322521809343,392.3705267320051,120.88019590808138,91.83636328549309,341.23137318169995,237.00702341149696,92.18420912561733,362.6493137900956,318.0919424942319,68.94077497452079,344.20011165975933,150.3394066653206,94.93741484788856,110.05313691510415
11,7,0.0,0.0,94.19620992966833,367.1302148460128,261.82646179373756,98.3615603124158,316.00139975922707,109.28220513143302,74.38683046506515,303.3577012779555,259.84073928369884,96.60741990186503,309.10149572008334,256.6987458592751,89.38010895760816,304.82347850573393,226.14165593377126,56.4409030305105,326.72544469776926,247.24047820997532,109.09273471667507,367.375877777189,241.03978139484363,56.64775396538105,235.335803336702,140.42186911609818,67.45550161464166,328.0207907821187,292.33519371224867,76.0675373802013,260.0184957011324,223.93701522054468,66.79050265795298,296.67869978211,229.43593618907428,82.27366641339522,320.7737297625183,148.1148051076674,42.800057053901746,228.4083046967894,183.15041329262846,132.29420052982908,242.30964481756658,136.78388328870307,126.68095080356181,344.1107991206702,219.30653628184115,92.95644066253779,274.0574082316762,204.60054293291972,101.06921395624693,448.9291160173136,263.65014498746774,66.84067249594877,285.2842382733889,185.59391718627853,117.83664353119644,83.06188110121016
11,8,0.0,0.0,136.6115636255865,311.84439944648005,301.5740945197786,79.42128119121378,369.04651205108524,198.21369081050145,71.67578431045669,276.47547010074794,220.3189255171698,95.34296355124624,332.11573383812333,248.02473621246102,103.55912008210811,260.7643489575171,207.17471146524852,80.33134315722505,292.06417149977347,254.1768191320293,122.50513939280677,327.72668009652,138.54118146738227,60.262931884885234,221.4222830290526,184.686010918189,74.45366883140446,360.8769380965063,246.4316009103194,85.57800553159458,346.25967194548303,216.61694891035566,47.12447229886989,309.05625267125953,272.58789097018905,109.4706209147748,287.8376363770027,171.25850186653864,60.278152306517555,246.20733911291936,244.97364585293593,127.94658805984324,293.764642139307,137.02894009717616,84.96426360080363,370.6671343695862,224.50310587820854,94.2339816505809,358.0114136290498,168.33710313335013,67.64466573734859,446.99848318030416,210.87843754187597,48.36010472909314,263.9663566116153,195.01044050356984,108.45801307492617,106.12455363988578
11,9,0.0,0.0,98.40987545817865,425.0823734292944,221.89106392632567,120.20511389101526,353.66391210657605,209.55583907834443,54.610666146809756,314.0713236735368,238.69134957777158,91.26688207523141,322.12357178727166,272.57396600203975,87.57537259694541,250.43746599898043,222.28193758253113,70.64969130411409,306.2883751978184,221.0223234434319,149.73449954100582,359.30271816861267,231.60693326444868,55.80531888169186,168.89880789352412,203.60622793448118,65.61319127454153,328.746869837179,257.5766267016859,84.34942431260083,309.5177478267126,187.21572934794352,62.82601116156179,278.84596492548565,233.95190168830868,111.6964750650522,268.845347555388,207.89023987849802,51.510689752189975,258.82562468606017,159.97075029549265,98.6001274475692,287.8499517623066,183.6572943707356,118.48963149172158,297.07425168819276,224.87682586310297,61.555036463148916,266.8651265902962,172.78592338879568,82.46589344483968,359.899730336396,319.93481816013093,79.20647327356983,298.7052602380358,124.18056955268752,100.76240149006829,96.26478997237822
11,10,0.0,0.0,111.4674830289762,379.54818844141045,261.3616879863285,82.79009228109666,325.06434486408335,213.52904430287407,81.80186515690775,300.7945732809456,187.8985843430304,104.0520816378499,298.3950115007154,197.37020003151923,55.52497194382191,275.23598198550786,270.5580657096926,79.79639355001184,313.2429788034327,263.37105785049243,117.7814665855804,342.2091152210263,206.05250524608144,52.211344959761306,209.40362818535073,150.68567432997696,74.38345647342267,384.7045578139499,362.9612322982664,82.50890336875425,249.10699137057873,230.98738156600393,58.96144137247287,319.1778307096676,259.14608527571374,92.85178364933816,314.2851337043264,219.0337633705572,61.469304268376156,221.72795293088055,265.8241212567219,120.08426949364447,285.27329563882836,225.92731139032472,69.28157906354285,344.75209900693886,179.89814621613516,73.5444855915433,214.19521488883942,185.0976085783932,108.15928853870491,412.99505019496013,337.9811818584978,77.59229695186731,275.6108161374177,160.5336063067456,117.58473640078041,123.75951428864428
12,1,0.0,0.0,83.84595806094757,170.49798956758647,95.70946294152373,66.07043903796605,145.17298476995506,60.647267726563705,70.9467719101471,131.14045406013497,51.42855009988947,123.2129563926175,188.54135126597532,98.34963459803055,100.79123253079929,158.976382967914,92.68475335418117,91.2292208585636,182.11477399984452,60.52575880783967,58.45255760875139,114.5697067150783,58.02333491503775,112.25008272508066,170.38504837100692,43.97437946932051,120.98497788440757,183.3657873263616,38.166291149146424,100.76342686864356,127.12337560444362,9.405391466931334,93.53084715151095,133.9076774489511,54.46213957326441,71.88979093710994,153.0291974008439,69.68852972409938,66.17914205006585,224.94302301144901,124.40811055622987,45.201070412700304,137.1535431033598,97.72632204471091,97.29269497283802,170.3467761495266,43.87433461928285,86.08142221061739,102.7225802271748,19.51883262910814,91.48950428175168,94.75648260097157,15.847807036495801,92.98752234780319,213.86177264300716,103.6694016761089,84.20630533603665,101.9246159573532
12,2,0.0,0.0,93.91696591524567,226.20042961034093,93.00294359855123,63.06640985701389,98.76313057757693,43.90639833847585,83.53367146646895,142.4012185405026,56.785017802070186,104.35629500343255,225.06759786390634,95.0728692121304,120.95267677988068,200.406466355755,75.05412637861974,104.57838552488798,176.53102631303173,64.43037165932051,55.482958742841674,104.38500445680938,51.418591205688024,110.81795193044398,156.26261378200695,43.76136923393233,121.68546354578798,173.1043193786611,53.881995280143805,137.87453735506526,128.8393409217132,7.0700389913764,109.99958518921511,141.41471325385754,42.89672689894581,83.5974803174872,177.7776014211244,74.71860919771724,66.63779858836268,184.38633060932509,120.79595047486771,47.47656940733491,158.14339224815407,102.18326739547419,95.69567017150615,133.05841663709822,50.27922774974311,95.2054702415471,108.42822054384933,23.820116350250466,65.8599672843041,125.13043564009301,15.099464294230096,80.78250658480519,195.51316746189667,114.22315016372069,75.39100400817452,115.6389850342962
12,3,0.0,0.0,98.15283448163497,174.52762984656937,96.47872770007821,85.298519838015,157.51076406863515,54.61166492810403,70.44917593015677,132.25511094658145,42.01852533929548,137.0695130142797,218.8870635389298,90.39689026211528,127.28019416304328,197.65702713384707,77.66033254269136,117.18335008972011,178.9614352525066,53.305655863544274,70.8270590326526,117.85437129757543,41.24938416200211,128.755576721147,137.68945297907854,38.57179384732233,140.52683523689936,154.68634266397711,40.013413542647704,93.80138218180232,130.12331010302387,8.284883668220745,121.88604900833806,133.7268234669824,42.93261131168597,90.4180571148823,140.76363996180444,76.45968622610316,62.55010219991064,140.21555870073396,101.04423296336509,58.86519756889986,172.4590286661494,102.97010939762771,107.35998718852002,128.1527614190525,39.97278155972314,97.18283262667924,94.4895500400402,17.751740290619967,83.16279973777645,103.3681488896858,11.746836423553503,84.96344619876355,201.53904039395928,110.62301434203742,97.37654438162295,130.51295837067286
12,4,0.0,0.0,83.7890596697712,173.7738174309655,107.19495897648918,77.90732020715848,123.8274678446337,64.54610257634619,79.17301795099412,119.85081078493506,53.24340504398493,130.0697487254333,174.78007885060342,90.37447420671712,102.67669839799984,200.28055659671185,76.16989001542994,79.78167482018645,187.96366178576523,91.71097558408928,57.46429210976063,116.2428649250592,50.05877913963251,118.71775468429882,166.48233150193215,44.37313396574537,129.80910028914596,152.36821062024435,38.907013760482435,109.89718162067552,106.32001569574979,9.112601276331509,104.42444644092969,166.90617457808642,32.68135738166238,82.58528023160596,148.03059030663775,91.00104798077584,73.65543502692657,158.9651258516146,109.76583866623488,52.17681883606593,135.21778266115723,131.87015381043827,116.54793193107028,140.4630930954546,45.531414449698296,89.44444121087916,110.47466079817052,19.09793979526236,81.69646900986324,109.75732888454098,14.3631452033041,77.37881577283314,217.2288615723504,110.29814229863109,71.14241612531691,85.6022541615373
12,5,0.0,0.0,73.4128958107928,159.91119856304564,104.89299891240084,69.65813264141171,118.27131268798638,49.68921727348128,65.86748739227332,144.0687792961999,63.12616722581,125.24909282212967,204.92435582634252,93.86255683551144,100.06473200935275,195.72620684332054,70.35220369313173,107.7272632266656,167.58620578301193,77.97191868833218,63.572307037021,117.23123455875722,45.4839784791696,129.03441596129375,172.4472473684455,32.69926915537378,124.37299036455624,206.98264543919987,45.610583995914716,115.53181442579657,113.95674088039674,10.223858676552808,137.4832025318034,132.6861864552525,30.114813145550727,90.44378801209488,152.56721880017145,67.92523567449611,62.05249416458318,158.51073818240695,130.68130796037093,56.81539394980281,132.54861542954842,105.55349466576745,129.341495736016,139.8668165067799,41.038556997808556,81.88594071203167,112.02658682868662,31.67766149779063,81.89231935183729,101.26951732554072,14.81487349138953,104.92060948459213,179.23545001594744,98.79170914486971,76.0616806603343,94.97590014829342
12,6,0.0,0.0,95.63458117059798,187.14120453155945,100.90832999005909,80.78809302940373,127.27550342128843,68.90774402363122,69.14610554716668,135.58944478716353,71.16899140700417,126.01990652038738,216.61493320624675,104.01654218614675,118.13822700350175,162.9913522932431,90.27282226415156,104.80158645787418,159.7874322345723,87.02150611820629,69.35677232820865,112.57645272674085,61.90955991721195,126.06134111336686,157.93053275838284,30.160268130272694,122.07657278508393,177.55262152330369,28.36922233916166,78.77386061632656,103.72740401871522,10.806131195019574,96.69294931031554,144.05913931525288,39.53139992265328,77.44555853302053,153.61993134772305,86.28801570333253,60.52315225421297,202.66926861398173,111.90675625317905,52.15882115820611,139.49295713229503,77.52898918258248,76.4330623165158,156.11627708217878,42.206165469460664,91.24351846805527,112.2233435542754,20.015015099455574,102.72976754376963,114.03216185762872,23.534830260282696,82.2931901634598,187.60873429977937,116.86769530228747,85.02983566103038,104.58317416254475
12,7,0.0,0.0,105.78374240077706,170.33979984798074,115.815536916017,64.75086007445374,160.04574040912848,76.88406766748713,81.59162488826044,122.52404435077385,64.38993372247396,95.9677537576175,197.49840840991678,70.64907042129173,105.2663553302784,140.375506052638,89.3298831441611,90.13960963096855,165.08172201736815,90.12414649436401,54.9513974918204,116.33919457024973,39.59766530248373,119.05972395923618,143.6064200076185,36.04428831170162,115.18601442037743,167.96365498412052,42.317116555813854,97.76474678068485,108.87330326297761,11.739694946961865,100.32927438683556,166.54254370501204,38.96579335997665,74.22613982936296,158.05695032004746,72.2046738033462,65.27303794363664,180.12519337032205,111.10416259673039,61.19096453605489,160.4910290772675,105.54067536422296,108.61780734114795,130.12794196748803,35.612132456392196,95.6509393255052,98.39714643729884,21.666544633289373,91.21930986554659,101.9130693428864,11.900920498563242,77.99759938413007,142.2875919801013,88.72410924454724,87.95274543284297,104.00700574580668
12,8,0.0,0.0,90.79830536617172,192.73333338931513,113.85562525049455,73.8708300721878,136.31837087442779,61.74834220229907,73.92665247130246,125.4931393555156,50.321462997398285,111.59361770221538,219.34418470316984,86.70434121326811,115.34210399591524,186.4840494046792,63.26284326197823,119.58602792591105,157.43549995903518,80.3645979994977,67.57686972129136,107.28200270464512,55.52736756042413,109.869747080049,159.99487799667529,34.09158719642078,134.68864148631584,171.62811976099738,37.03983460550958,101.43857238504017,125.96986766962853,10.332070612362514,106.6329328026186,168.29389632157964,41.69624557339026,105.06285654816367,166.68229208893067,68.25063389821992,71.85027719992905,191.85885238797928,128.57007033725162,52.621849666660694,174.49765902434538,76.32449359267456,81.53277260556715,146.73266691300734,45.20180288856508,88.7349306811364,85.16308632263696,14.80985397044633,106.9647809298588,95.50073226018013,18.79436444633098,89.13944386997244,201.48969917346793,124.98892972080479,84.10918878774292,114.94147592882395
12,9,0.0,0.0,102.60557952914505,173.2071667058837,90.92065966375189,67.06560596747232,113.7599448990879,50.225761774912115,86.39944605468202,119.35272864542009,65.27865286151554,129.76887906214588,203.91063823999477,108.8140523215994,111.7984753340419,167.49628368380692,79.86596801857152,112.09347021173747,200.1528941380363,84.22033675663891,51.66113550487722,111.28767689524847,38.66856025178142,120.27152212053579,131.2640256138558,45.38400196830372,125.74201400138627,180.13837400822422,51.80439741968432,105.1060545486793,114.05695955495082,13.73524659442684,102.53399390468081,152.56058220449626,49.00358337242967,76.76366886401786,167.11538406231747,59.28942988796729,63.651029793805826,169.23037747089194,138.9181531286373,46.38217458441895,155.2611055726866,89.78641895217194,93.11038793334907,152.82765690806457,41.95300737817262,62.02003975423555,105.97254977636227,18.07673396361463,76.7359593988405,113.24020071807335,20.949022555748076,84.20108584510307,173.3899370692418,107.13370888364742,78.97416243642486,127.07931912384169
12,10,0.0,0.0,93.45690235669646,173.00269800635965,101.53018655650474,68.19194487420324,122.07356436271151,52.997573019125966,85.25040723908177,110.88130888167102,68.10639468423176,107.96440700249074,228.71407042337592,86.86306840260904,129.21908288502445,175.79944607121033,63.36176655099018,80.39906624157068,177.0683323957774,76.54348246091459,62.56618072482963,93.9911577208889,46.866007178874774,106.06001990145549,168.82602032161168,39.27462986928993,140.87013110745636,172.93215433131982,37.36110200422048,121.77169507288787,128.67458926571317,3.7918347308070377,114.89252913505678,167.34557215229765,37.853120540024634,76.47294186222022,166.52156407571684,87.5782203772473,66.35329721097573,175.0195137629801,116.39601177140553,48.692319692217666,171.94389874006998,104.19178638303079,89.69736831996406,150.80021831619842,48.65702516452117,89.96941324470681,87.6153416224509,26.928921016733774,79.58693704570696,100.87669997126834,19.559205538556323,84.78096310573822,186.97876855825805,98.52953750422004,83.12641735011249,113.42832182937673
13,1,0.0,0.0,90.95498510765063,200.60134595140315,140.15659715152833,119.18571551763563,200.05597591219197,88.70080590753753,129.98432392647368,169.28992313735793,49.61644827622318,87.62577406064484,197.85734326012016,104.87545746784974,89.90124870481623,171.4799106889066,87.30355907254511,94.95368452301253,182.38925404156723,104.84956977025281,121.51336885408686,164.16337398235498,60.35489687168175,116.52728904397313,168.03825910340439,44.59009991176214,69.46806345597213,145.00938380065884,87.15311848168075,71.50029769273047,173.61252179444594,68.54569209068887,115.41864611473557,190.1739427769372,77.30734904542076,107.64984131929108,174.02747849893026,72.20549193671401,109.87076648250562,137.62851927098998,46.61454706624402,112.38230576241757,180.1496325949484,60.53436875017752,152.9250975270426,176.8870652885718,25.33594006737047,99.12158473338165,117.30079128945223,28.61689959729309,95.97949491238462,254.8614782939223,99.7618262578173,114.32574527747683,176.36885260215934,91.33492705779156,132.05441473461815,96.7276208778836
13,2,0.0,0.0,85.15651229615467,214.17457657009285,110.42978584554534,102.15012011909495,204.4719506141963,92.48138770159379,133.6865768101771,194.0132948359691,63.94458433182288,94.58341362572345,179.3636027156885,90.58700895245725,89.20724217891437,196.8325926818647,82.17148880192116,95.09449576608597,209.2076246808324,112.83781850053802,120.27502967402712,137.60765426071373,54.99362071306288,149.33362052020334,204.9285789902819,53.06214118483673,62.72528145927933,167.85439388664105,80.6055632204574,75.53508056945056,157.31958884694072,68.13901970023431,117.12276034618299,177.89839760276283,85.01153719258491,105.56970330561414,166.48412609699227,66.15047071361705,118.30631529336083,152.5810836744012,41.958238791351,100.45746943658901,165.2826021659579,56.78674773578177,133.63272394753594,163.39537645118764,19.991621893398534,100.91787271139151,136.23086120681376,24.754178975718773,82.31900996119857,200.53911477426487,119.64617285186308,132.35778962165037,195.78764852807043,69.5007312172008,124.91564308812204,135.6556769359266
13,3,0.0,0.0,84.95750183887125,216.86134943094305,142.14617491545812,107.21631987592691,210.26766846061517,93.91666512913235,131.55865957732829,186.87482987494485,62.781808351387376,82.06425121991498,171.92830987422522,98.80367065747917,83.43869859724533,181.32925173135914,94.49590305858356,82.50153032070703,202.58608196349397,106.55125384525918,106.8718951457636,181.66792325391071,54.86269105085707,134.14651554074769,183.87145682416812,45.59400854138548,66.01195510890471,147.18102685485596,74.3131641310976,81.63285386438135,147.8178110296446,60.23995486666255,132.1144716528433,163.8471361741358,81.27025016282776,126.67024758241001,173.25042286437946,61.10351771329977,119.34986695650903,171.8052101595158,50.27379678423644,92.14417029920017,154.07466801263527,59.79589118939664,148.45521519166616,152.57182245807223,14.836218401535342,110.8383354535125,128.86194028784897,39.83700882701629,97.4370066910888,200.009872681682,139.97762696898317,131.33483943509077,179.91898857083407,74.26734970119902,112.3563814984805,76.41632922567136
13,4,0.0,0.0,88.54875460979088,249.50602011288012,143.62738933482225,113.99948192352075,206.58278947721988,71.4733102337686,130.44310397092036,176.77400187010878,57.276607076153816,87.94743230608448,221.91847203495928,85.07516729638755,91.2496487702354,175.88816911356727,98.19522366082383,91.90631157713652,212.07635182884692,102.00462986794713,105.26603534597672,155.2132478019737,55.33193622898334,129.57244342577806,180.82915625433128,45.61146310637497,70.80915054196026,169.2576623376695,63.68738100824112,85.70814273713964,163.84367182248405,70.50703534841993,124.19869920398133,183.34874070996705,80.5630558661675,94.26811261442691,172.09081098603852,59.94621480284834,106.02549157687898,159.72622785466544,64.00225605738304,92.44031311216337,152.85730031248036,69.46662774013939,150.30001425631713,165.03870024475967,17.658921939512858,90.87411917442947,140.93219877565957,33.73698274619483,94.96242138843124,225.52302118673424,111.68410286789306,119.57812997384487,211.45040269297147,89.99035253140451,131.20115007948044,78.03050777834244
13,5,0.0,0.0,94.73471660518429,209.3135465868351,145.45480784191264,106.78487339261235,187.3107461062109,90.29928860668223,114.34273367065701,198.08199213073803,61.021184459782276,82.8716904488058,191.82467884875138,103.72619616560658,87.46380518807513,199.9656191199229,84.15820185205826,99.10323735077894,187.0709842332445,89.43086735946854,114.25473347235655,150.76631167439837,45.620560947106426,136.39363406027155,178.60307290274653,48.28243888342885,66.16527596439316,147.55928244764846,78.40419342807132,91.40532188494923,157.73466151889912,54.953974739508,123.02760194986418,176.8002499679908,88.05855883831987,105.56634880529738,174.39975825498004,65.91218457558602,98.73487053160187,166.34944659409095,48.89171645721223,108.89409134284462,158.60560212485643,51.55848980552238,141.0418510231785,169.74858171981072,21.228705602227393,97.2658110933195,144.75203556531346,32.50353341515517,88.24439600615355,221.9920301199969,120.25913839335614,118.58061820464982,191.75978265392135,85.30006528206286,116.24067486357659,76.65680858213284
13,6,0.0,0.0,82.08168394526358,239.32412302294497,136.50494815853364,112.87164444839388,204.8080912956702,88.43252424998349,119.1876902011183,158.30815718745953,58.666366444039085,77.10109327024165,178.87086846816126,80.30082407589515,78.98922978745057,191.38522937349086,94.2657375014504,96.2681527570608,167.67302158776414,98.1166544029911,99.47561133791648,149.85548467201653,53.49950037899231,144.61700042819706,177.94116155079442,52.48780270807713,66.61591584803081,151.42711813537477,80.61239087047166,79.91128423495392,150.97524336675838,67.67192590095067,141.29204146362125,156.75105818753406,78.74362298885721,117.45948755329243,155.86158080842026,53.72084510191438,101.63017524964883,152.36876271062286,47.38363430220941,91.62294279185643,149.57196138566005,63.31362122988314,137.3878214941499,184.47980133419418,15.197046785321467,102.54590240895708,127.24675056743328,40.189292403244096,98.60571201416107,203.7988933216963,121.1590552589351,114.21793249123073,183.8923659684445,75.14121171835689,108.92176770280821,122.90155491878303
13,7,0.0,0.0,88.67519125128462,220.42744898223816,126.34039076940019,111.73264673898584,224.00428477354336,91.3299474821745,112.19025825328157,187.43664553101686,50.470902077147485,72.29594083339974,200.28781517715495,93.30758127941974,89.2450538544579,166.6364199175306,94.15439735112922,90.60089175215444,200.60229546161696,100.947804441456,99.94960587290007,182.02913568929674,59.982827484949404,130.16014985947808,144.54077559370586,51.527445565503534,78.29831850915508,186.8588882766473,67.17571236503018,71.83860121416829,130.52311328173184,67.91116079714216,108.31981550985809,164.1304305529849,90.21083297106368,113.10135308407035,177.06266512815077,68.49152754595434,109.94152811447384,153.6748417218441,50.8983626545064,102.74790384923966,177.2073069558969,59.21046352886666,137.9128822762666,176.48376875060737,18.715615694533778,102.80029298510557,137.5878074956771,32.38035262500721,89.85475951281532,206.0596466139158,110.70989727119832,104.36530731510697,199.44320331966483,92.78740952593094,109.11379641397778,67.13124991186564
13,8,0.0,0.0,97.77306142335676,226.24298680186777,146.29615232466162,109.01035238615553,220.8150914525717,99.34849743484538,121.54928743767853,171.6963599929789,55.75875235253308,84.60420180059693,195.72936501391652,104.12191760961193,88.1939462330387,185.79932980170395,101.93285735851893,93.9136689879417,196.8699927953137,116.35014135028989,122.81594024228447,170.44167457863415,52.079953798780814,141.643184513887,167.46893474642508,53.4969447982453,82.03580424927978,161.40424401764355,102.51053622718584,83.87050132975558,151.10557217658456,74.54862269877862,110.28371998324062,191.81006300477543,82.5350088106084,108.79916256268142,157.00436117805333,58.595051204313116,104.50943984996331,151.71220450328,55.503072370430424,110.61692010940925,148.06015116004042,58.29523733648677,131.33877627777036,167.93645568380052,11.053443447034766,110.60911762779223,150.46996803847534,29.514989626572284,101.09305219079134,258.742287072366,113.79590440477783,137.11811548357403,177.74018692869282,78.48660285716066,132.8452849949169,121.50518991193272
13,9,0.0,0.0,90.28390122718055,228.62156985156463,129.4216975447486,105.54061048979477,206.93261826204161,88.46612232108342,112.45970203051706,177.66107444157555,50.63798860556972,65.27285948800372,191.94859034509216,96.73300685486673,87.21892281267618,193.7043106913908,81.11553011231544,78.3505112936949,190.35402343016085,97.57921098685608,108.13966264203604,130.51449573314164,46.15427456297373,142.18853623085812,164.63535627328338,49.45710429882029,74.61876001679259,145.80613605206858,97.7093356158916,70.2264535324484,166.569629438164,79.88494801372559,110.57054520270027,200.82799741025985,77.97222854754517,93.61959781361084,160.78970582225003,59.526392022825306,111.14773309470819,137.5103881730708,63.36092459360013,106.64871659020557,144.9472039277735,62.33759361008797,165.8478731909076,170.72253661874004,9.807148047303729,90.57628259213261,125.26131102633049,31.738984607721203,91.58912771502514,198.21394773194515,117.99317026068708,124.42030452836298,193.2678798961268,74.2887907626043,115.3537392050263,115.34022413170763
13,10,0.0,0.0,92.13649293090222,250.54254263388154,151.87748365451455,116.00913321503653,210.1253856032658,74.75178501132201,143.62338093656066,166.96665927915814,46.942191340386195,101.39981511950221,214.26121474804467,81.58717809835929,103.40888575095865,197.01601196606106,94.63733158248533,86.63235575854657,196.18138337114354,107.59640770373348,112.1930510239652,142.20469322567882,46.964306784095484,125.60838765406561,174.8389477641179,62.07175081969958,68.97969170841112,159.59367749837418,87.70534752534572,71.0452757917742,130.56557462544146,74.96807430955866,115.1545662507856,202.41203427323103,66.86567697222306,96.95415108780145,191.42227842927005,64.89718029297354,104.54888350909606,185.2017811408941,49.87421258421396,98.79659581244275,150.94458443374063,54.83700124908537,142.62147097044738,164.01021120806482,14.113066847712977,84.20973891863854,117.93620636203197,32.84036698098435,95.69032810119252,214.45109324759466,101.77460117465897,109.3091748534081,198.09093501566414,87.90022759580147,120.46106032598212,99.90465764783953
14,1,0.0,0.0,104.31869661142255,211.08147061052597,148.06772448605892,96.27523650617619,199.58381337231302,77.13478306558763,98.83611279276454,204.8702026420726,117.90721778571807,112.37591604362565,214.81196100433354,71.48940880422052,36.831307734865774,159.56804344782321,112.34066623426833,53.65815788626834,128.89502350244067,73.543057948412,84.22774862580056,233.87457030874316,156.69140533853445,88.43897861132496,193.43305069811532,114.15591687103347,94.47622812061984,205.8672679365601,129.3989428075532,72.24593690448667,127.52601558498533,53.9157160059845,54.08163334323635,158.2627540149022,86.01495725534407,81.00149086162938,163.3900452920547,61.56916051382807,113.4011633608239,194.77506140197323,80.04602263906644,102.4399918741143,136.55093607455424,56.713960655331356,75.7455402422658,187.20743409918842,136.10263163148161,140.4677190335741,167.89899648417844,48.21124254965412,88.47458786959844,163.86964308218876,118.39634537519738,88.04202856333026,123.94528652980915,88.23443382980717,53.321409508526415,68.82480384020465
14,2,0.0,0.0,90.83681807366432,248.34780889339876,151.4959166612294,141.1459996642701,185.01115507592968,84.27003440355746,106.75971740468783,232.21305221560817,108.25375791520848,98.9333402835885,212.92734350889685,59.48973068203259,35.94399174155125,168.88005298160996,100.74002381026592,51.58430089439582,110.53681369724717,82.66996682455218,78.80364410065658,224.7803497545273,143.07379061063577,94.19991189467434,213.21496015396315,89.27153563914996,100.34363360232409,210.72451381727814,131.56107953006412,66.99985390618657,107.74300524859304,56.79324025971974,60.46022487225079,197.47073339615892,102.51435934168465,71.79228838309189,131.6626263816447,45.9893717276877,119.11266719582633,226.46743828778318,74.65077788617644,110.30154280749036,190.98366300678765,75.48292886071437,83.5211929679768,213.00299212526252,109.05674682245875,129.6537910100261,170.69812532168314,47.3832185274693,73.28652643697407,160.2453838283518,96.92763490213342,77.49957427622624,165.72801239809635,74.7814642860008,47.13110706833616,112.31232451822157
14,3,0.0,0.0,92.33725900913974,202.9244974936207,118.12982947221222,116.14439475568291,231.65364449650272,71.75836040945056,116.04381695801817,204.7181066938954,124.62041259010425,120.83544826520307,206.82859707403935,91.55600724602176,43.24353199553968,108.91641709455722,101.88549814736571,51.81070584715376,125.80756300900852,65.13903638595967,83.1482295256502,271.91682327627603,181.75944449666707,81.71623185539255,179.621324868725,99.8009857674884,86.43813076284584,200.81767341413084,116.14849078344156,66.63627211868629,132.54297402584302,61.53578974127533,70.02554123976478,192.97683368935986,116.84386761591998,94.83523192519203,116.10321977299083,66.76383957509476,121.09614209606782,186.64973016305785,85.85217585772062,105.10396041690967,197.3270297779692,47.488751371772615,78.84546573088922,190.03629608055903,124.36034901340344,140.2695387680533,190.2292000714748,55.958111783506986,73.49240757916287,186.05312182048067,108.93560044797643,84.87713542275239,162.69169411351774,72.05249474724488,58.35049653083839,82.21972359184042
14,4,0.0,0.0,103.28014126702787,214.9152545697563,136.42253580021637,110.5062309212927,213.65891384498832,80.06426472947095,117.07881414215898,238.20248548719505,125.36934299819336,126.64523061540747,177.94479712103532,74.36337421555821,38.579676733864105,151.60189872301342,104.31031943167781,48.11923796175624,110.84483694551531,71.11932703931721,85.36032512307085,260.1687640782174,146.98716271577675,86.84693046665777,165.8879530569696,80.21415899700654,91.72971387045959,208.76700747765955,148.6968652539659,62.788117680832926,137.53151046078187,83.34714461173722,59.524926940256385,158.31168757981172,107.15872648281297,88.54342282373418,133.89207596085947,59.25530386975081,144.24994265718612,164.42619728698278,74.12990415120278,110.7250289604723,144.76011233537204,73.61509970559138,79.86017592264638,218.45519162994012,124.96377001514418,122.0178668084962,198.4774857282646,39.202895565846646,75.6569558655191,159.32142642608645,107.10201354787492,77.71242153875261,186.22269321843493,66.54736965318897,57.68133416081581,88.09784383019726
14,5,0.0,0.0,84.31968582542596,218.9274689091584,153.45464232866948,118.09645215494866,180.80059408564293,84.49183632448832,109.14524375844532,249.989458510969,123.01489972926422,118.41855436228334,150.27191976138823,79.65112420584022,42.667033875516985,166.20860846854143,99.01925302253638,56.35467907127802,108.16771874402811,77.31761467695787,68.91003381488049,195.62389463080584,186.35287922439758,94.57973492401356,209.61560613161862,129.88501545363107,76.24227950996234,235.87531923469018,165.7999747923513,51.02682779743139,104.83961704347442,49.361766814677274,61.41278005949616,173.37643501626368,87.04669220352409,60.36151296103816,141.06709171018906,38.64167090672504,136.68781372324875,194.3031787419245,72.20363852596823,110.15119627822139,161.9011120049757,79.33364747044608,69.72930369814688,212.2260547642744,129.6749793301621,124.19135525439052,194.52225139186228,60.38616828588712,86.71145632471205,134.26591702780718,88.12296220017274,91.77802213615205,141.7741366058239,72.91836801014279,45.162829079946576,130.96692356020353
14,6,0.0,0.0,93.23092021680637,285.866071432017,119.72722402281295,119.94453308944466,184.00057972824447,93.11910467772014,101.89587256704252,190.36559305661254,131.7478942747084,127.27195403298091,167.13455530288962,84.8706299674171,44.63011961345717,147.39382195122397,127.56201579958714,58.92021343726474,133.70007131352193,66.67594582465222,68.78668331726585,220.06507452408454,172.38660148237813,79.34097523506692,182.03299191307687,108.0573577739896,80.07418363135038,299.1797889983349,145.881203747048,48.60014904952671,124.0210719154266,73.85381236628474,60.121916703362224,186.95040539388455,101.11641623379079,75.02685880693302,128.65033785733084,56.52488743840968,146.9922922031488,153.40252597192148,76.94880524342555,117.63181045383324,189.09175524838767,56.347678376318356,79.17471072985423,171.71004075361066,84.30957391869399,155.3580407037679,187.2503155915699,52.93122242679446,81.42670119070874,189.7547373080193,109.68016879988885,92.31059592945986,134.0806442744912,95.98085139859967,51.45795592091534,81.69588204778655
14,7,0.0,0.0,110.77755197390657,251.21692740867462,155.11211239908855,107.83928407622965,206.49416689987962,75.1912771446636,71.72971306739151,200.10222388756378,120.00070332443352,103.90318787174277,214.6674269011418,67.32204962690612,43.85613988486673,122.98228637502709,117.54384393779162,54.4409963589559,108.72674636873485,56.238203339168024,76.35824343773956,203.87669978079046,164.8170108223563,91.62830421753607,209.69990366602585,79.69530906443599,105.16148102684276,233.65678249974417,134.89425741576542,59.17589953000932,130.5120850819291,64.92079854767908,64.28083085893039,173.10701477475644,94.95718625582816,73.2105591871703,124.12203107231099,56.574910548974955,117.23271454827912,193.925305025207,70.05290720608535,121.62559047933853,172.17052104821437,72.20423984478046,60.39314849834966,183.5771953076966,99.09260057831511,143.2092916848482,187.96741657986968,55.787295888352276,69.52889315319129,193.13551712155214,97.1364038881157,97.84332948224164,163.3970595018174,82.72374565400011,54.350364183547924,115.8338047429191
14,8,0.0,0.0,94.94548606362034,224.63249280203266,118.37677727796867,120.74480754101306,186.89790055241085,74.28870893168613,76.59516135318306,217.53187230750848,127.58598504830942,92.87736330078923,207.3555169971392,76.23030567841933,39.03961759085436,183.596674939194,146.17090644599898,42.62712935859644,117.04643986510656,68.59991949906646,82.68700803095673,242.51945837936563,149.24073039424673,80.56497037163878,191.31608658556164,93.22176404622965,102.94363638385131,257.48111125846646,119.34035078023905,56.890416570572,140.83550079171914,72.0145730096237,69.24080473619169,173.68739970143992,112.16076878489497,68.25938309589563,149.33407199649275,59.34628385916077,122.52961622294245,200.03826733155955,85.45646177272342,100.48148581368343,142.50472983559274,65.12314100681907,80.4816991281526,176.58479394163896,103.73640873076188,114.23234917218034,220.4878370469493,48.79859437075589,79.10562648989824,188.47799237648934,81.2439784132017,85.00667582760198,124.8498223593915,82.78922499038673,54.854291180677095,119.85512796167059
14,9,0.0,0.0,94.58192649569064,208.88847810077064,136.8537206433236,98.98343885789997,212.42648158356306,91.4582169342362,98.68380605575953,247.67876823144707,163.51524069618253,104.11192986663865,174.63812262061427,73.96472077854064,37.16443636239745,138.96922688083134,132.4927672045163,44.37632182422984,113.58684665868329,73.1192999949868,68.20553829207589,210.29199882289333,172.0037893847136,69.07707070383108,203.50749845569854,112.56040625570137,78.62525182826785,230.0032693877614,136.88148544726315,61.55464144009558,140.59177414509512,57.18945640088633,57.40618629582426,180.46096523079143,91.68433610647692,88.95099026226336,127.23879717591475,55.90947286687863,128.1848944934126,179.79927023366383,60.650537725993175,88.95691377472988,193.53938080647987,51.400638015038375,72.18774891047225,194.54730273876484,150.48778631816666,129.78573978486833,215.62602992547644,58.8050644336501,79.04580729432996,156.56156478395255,98.8088055674854,69.53888569984849,171.82013743252736,81.17055807281396,53.68509804292995,89.7742332832639
14,10,0.0,0.0,88.67022870150892,172.4968650949908,122.47480645623772,102.34066802008718,222.658148331157,98.62826977004505,107.52284727596792,212.5725013228843,114.78597868554681,109.38002766240592,220.52985602137394,79.12325109383875,44.2413697066019,195.61830224198218,122.38745005294375,47.11068161047464,140.40901036260107,65.45657406672356,71.97732878412506,178.32270096454272,145.06954472289354,76.69692428325754,193.39616511167475,101.48818185772704,109.44068781929889,263.750064509126,164.16249195981516,62.56079411816391,127.2455584799746,70.83749082501198,72.56959268241222,126.39264879149349,132.04034277040788,98.73445940507403,143.82240147797512,71.06575298514726,112.02828570709903,211.65400580974182,76.85349076075964,101.16782080060054,160.83897374829507,58.3463913502275,63.057953825160524,171.29987584518233,123.82413357388707,134.73162364672945,199.94220188301188,60.4598423328467,86.22789110499686,198.9623909042668,97.3766845959126,87.71405475287683,150.44543012282216,71.76641509586752,54.93728311426537,79.02502817356208
15,1,0.0,0.0,51.22202184331431,186.98602305555855,143.64050720726294,94.92851556490415,91.04759712437232,17.259250412125894,142.88192650888735,178.98479526404464,38.29989663019233,123.72255693023847,161.6419729464699,25.951119048541592,51.62123172385726,144.9527128233542,110.05137006287981,117.13155924318774,116.48244722122371,10.426761829775755,108.72125909964576,147.6882038838259,31.42630547333766,57.13617192815589,199.04825344071332,121.93184882324296,68.29193331204137,178.3638755047036,75.86947329832863,117.45972969224309,130.11271324465716,47.52114337869652,90.86220587294817,148.8925046882062,74.37379635905408,74.96883256875624,130.34911951262114,28.410092650857685,96.01948852112886,97.71923106438358,1.518353010176385,106.29998960662948,136.80568315453615,29.106844478974192,101.53631701075165,164.66826665613746,16.409317207839425,98.11988642852721,153.59184208281303,57.13901490946417,90.80285293659104,127.76201859085604,14.256599143235452,132.92530668763132,167.1708342390307,29.07738364781861,77.4806361413956,118.76517995018837
15,2,0.0,0.0,54.07529359469865,170.0647241272144,142.15261137613655,112.40964142388452,102.37575733211636,9.820388318559726,131.8170151339957,153.57185396061985,27.074060225024176,120.7264036816966,95.88261535391224,43.12449502361,49.08860910826868,175.66885697736322,136.0380513104959,127.63906220567024,134.6009787794354,12.337282696206415,128.89546612193038,115.65020430682827,28.032851248470735,56.030943902205294,176.73719866633516,135.21228282548628,76.44303589828216,147.02835441203126,91.24006554584555,104.00813702160946,160.36831598583655,41.620771134633905,87.98881526734395,148.80824207718783,99.28511976033033,88.96624991825377,129.29720166471668,33.225245337187545,72.56235351905218,113.26850070009576,5.381477044327014,100.29083961719842,117.70868931052593,34.67558511939656,113.11863913062618,144.9257669671445,22.00833318894365,109.388505591445,200.85113714237255,47.52507007486004,103.02406502672929,110.05958804735249,17.34692099435318,156.19638360754556,176.47388001742044,27.234803434776108,81.3431325815673,101.22892117709726
15,3,0.0,0.0,46.83803352042157,227.65414792485788,143.21754897522254,105.93466191306541,106.92106354923652,15.810833765726274,101.19157460215067,127.44159487016913,35.46768827932517,128.8820379291482,146.2928533563134,28.94650728503466,56.1335223905836,194.50527081681264,114.102043149503,98.32426113204613,153.96790467793474,16.369773164962467,107.56315461283765,163.108219446131,32.45029317367469,57.59701729555108,184.77982591212628,149.4660248340428,93.89541714177864,160.1689592156281,74.35475162079345,101.65062516253904,136.7447076740404,38.93319247545892,105.02701349338508,156.14485133855683,86.10092732253423,82.14751874626013,143.1532354322645,35.479240131797035,78.73817598184749,87.69922996318115,4.757787356275856,115.42249811866725,141.2764126652886,33.602132665106105,115.51016556082256,155.44821263769146,24.829399617862737,120.57614536245883,103.1827414332063,54.67990462960428,75.53348329129007,115.20423892584695,22.9639936489311,116.86919899031774,144.8552504676188,24.82435939580693,77.24758835641036,85.1200512044182
15,4,0.0,0.0,45.921394402547456,202.80046761538395,142.2390933306952,99.38570424125116,113.14206672643742,23.371043045453035,118.11501846059119,197.50917955795884,31.945897980479092,113.66821394648524,148.1572335042532,31.693377431528212,49.16409162250206,189.4288240565634,142.34791602424548,126.93683892021983,117.99516876390746,14.734532492371908,137.3498230097581,164.47396515973097,42.97400474429306,58.75550404891046,156.40517765588237,120.90614459831347,58.251548065741076,133.61525979352655,97.6336254923006,95.25653328428955,135.9898770948491,43.79474958622815,82.26877351152636,170.2867694759198,63.90546305021739,91.9176607339276,116.39094496628704,41.32444261222946,91.14001161731838,84.72645841612331,3.1671327224952224,108.65519408040787,125.99550209323135,26.103888774335733,105.70234290050482,126.39033459833408,17.89586182562679,92.34153737445823,149.99425602997238,29.063851640673725,87.35810992071349,95.08958217934774,16.9019584615601,114.7373538177791,151.57437929435784,25.73210683828561,59.124725220324365,106.13893476207339
15,5,0.0,0.0,61.74765947645792,203.97018595559848,150.10738197949843,86.39870803755991,141.6810509353817,15.784086078702247,116.81496232138176,151.91930516166096,34.396347805670416,127.31677879985719,138.2649355302099,38.28301722958118,50.61262412074062,209.43582707625,152.07476751359803,102.64456922590777,128.80198204960715,18.304578426802472,140.4579628208134,151.243832595548,28.030332527386935,48.17927227941898,215.28553207159376,130.88240254696842,54.063811593494705,138.3945922730225,80.88109994683104,119.03670530763665,168.06692062101175,52.41241970312936,80.82316497358896,183.58856184631227,69.56052947520078,98.39449846924094,92.50451343356366,37.05425201240367,82.07313454849631,74.61826193324659,2.559498069019158,95.2142122609742,140.02250686071804,31.55457784235243,101.3236216405892,146.55501669464832,14.291858627107676,105.80609030410236,138.21642696893593,40.153610554131056,89.80407995202782,103.51207195578925,14.271869367984582,124.53725046976491,133.14627155192758,31.936552055174484,63.18018783638259,87.98703592228354
15,6,0.0,0.0,55.869755770840186,198.55188654607554,117.37325214914205,113.65453727851892,131.48799440970365,18.023817842653564,129.15105104800608,129.36311767818253,32.781303551670476,107.7757108821455,173.96329136696193,24.026039570891662,37.38908096980546,203.53785278021377,170.37687621794134,120.75361478902533,106.56336643542552,12.639106036391592,109.96189792783763,164.46027205608843,27.062438551336978,58.542708848689095,167.85291400798056,120.36905561418627,70.34820896471848,187.89472473446736,118.4368405133252,119.07866397499996,143.63984003921655,57.451942822014075,106.72753032801307,176.89099134391608,57.499903983782346,82.5582183472882,125.50626241969756,34.10284237928701,77.94950983673408,90.34011738212887,4.0716967108642175,109.77708252989608,126.56903225623918,25.92042814101743,163.8614551376555,185.76758200868224,24.463832347062382,100.66274940223195,106.78945051081796,47.349182384675224,101.71393322995932,103.02441119606036,16.58506312738857,153.30139722817574,157.8859174774112,33.22784280677102,60.61549739455141,102.71171673696809
15,7,0.0,0.0,49.43898598277955,173.94031275225888,186.9604324039858,91.339921108887,102.33639126251727,12.401220790080446,122.84418417779358,206.24682414565615,27.9093967331027,135.3084737884567,162.41917244801058,22.593141779501558,49.016560359154376,169.56921131178694,150.6361843276557,121.01223392642905,106.5765528542643,14.745777401494555,96.51341243994989,142.53146063472641,35.44973646467067,47.16331218260547,193.69757658581813,121.52410441985191,63.45170523202863,185.60721344292975,92.60115932501782,106.45335398400431,135.4517302711632,16.663065466766547,83.91315118778994,141.41031286423248,72.67465795535571,65.14842635065196,101.50810282542503,39.53604055963002,103.24654147225968,80.97048135375444,7.587425847659589,103.44440829572889,126.25799105454553,21.743871771080972,107.76115380420482,121.4187091933898,24.937637708217217,128.55867064965716,168.08138870281277,40.74885596138823,83.44921057981504,127.9847514743483,15.060625370395702,160.30085830017327,112.49231723371749,27.971898558027885,75.18856935845388,55.862955620902206
15,8,0.0,0.0,44.244631856518396,188.29315948182662,140.9384061027454,83.60100317272045,117.6184744888991,18.85367909660497,149.9040580948319,152.24885911644074,33.4898752917273,137.78917779695286,137.3716562982444,41.324973748342096,50.65583787361455,154.9191659905548,124.2082897231304,83.95358906931466,132.33615571697794,14.406715822270952,114.9811090406167,146.77080527741248,42.900944236812165,47.32858087289042,249.33218413368218,140.01258536338898,66.62724264018355,149.58542983913307,81.84135435061498,116.48325955055184,151.97552212720555,32.243899508019226,80.02236120417162,152.1885221289592,76.19454032773399,90.18031909448338,121.51869745668856,34.24429623104248,97.31513115753589,96.20842055326187,0.9029851340400095,99.95275440811004,145.39358179178475,19.022907828782834,127.75822858421951,135.90156448551681,21.714863568991095,111.4280694068009,122.59018527718483,50.77252177796255,75.70484512467931,105.37619304124374,19.863255323165962,104.30350878512803,170.2288397134863,36.177379837944294,72.50485568211514,77.8079523718597
15,9,0.0,0.0,61.796664856813244,180.70230743856175,139.11844884347963,101.46788808108391,127.94108631897357,16.468146938384045,110.95311333996197,151.1006257978352,31.08321800875279,133.53634605613985,168.11621429819846,20.407912956689955,43.01964840487764,168.26042768977604,124.6459743818652,139.74684883808845,101.6705297857124,15.528172851421722,117.27555951193816,143.09000173292796,31.504512475480276,61.433970601735595,222.46482339720083,139.39855203519255,70.91022444425062,181.30587691539645,89.9330372166527,96.68929494926232,134.0515166400965,43.45299259926934,70.650955245302,159.4244779077504,54.67765598638442,86.60754095384611,144.22684451069944,35.83532940145011,80.00427282177047,80.38000271532832,4.755863790796305,108.94113577957685,165.90204968915754,31.180702153711827,133.5267195449141,149.44701903442166,23.624092295018247,125.72133105038284,142.3915909036869,48.551866809215,99.91345193355453,116.57732164437884,25.500899660617325,128.4431749345252,172.4159541814682,24.726497156852965,61.37992582513653,100.28996612613408
15,10,0.0,0.0,47.022256319147886,177.58432603175086,147.91926112536922,89.87424465241438,103.91224348874663,8.788035630886274,124.95279441427547,145.9947144436354,27.421638658530004,98.3604763674974,177.81600381311904,33.42499778949894,50.31445728426127,147.97066946604411,166.61869668739547,121.6777353586327,174.0168487535447,17.892586734590637,145.30329134648272,180.5374121114412,31.23785776491817,59.49443233985763,174.00606955252474,143.6624189767331,71.91112005905207,154.53156057913696,92.86589192936545,117.56542580763218,151.9059371744418,36.272545343012084,92.84702936142037,143.86740525567797,79.5664789817564,87.02840199107062,106.35177479083937,34.118551286076,89.49111229837493,82.94669853333562,1.4812930033814808,103.25449202309281,154.83470588258504,19.270904705695617,103.0222130556717,139.11485727206025,13.929256153676391,111.47855708291075,173.0040193928089,34.17927902507944,108.10019316610762,90.29935530227263,24.071742416713448,127.36955549721692,175.76651978415464,33.83968777131961,69.48571653869406,134.05670452289564
16,1,0.0,0.0,61.255666844095614,575.6166111173279,355.91749739529934,50.21144852662277,364.9507079515049,346.29370047354854,136.62508404601257,364.0267081936846,235.505228474682,99.75301942880894,275.12152427680667,207.12188305465065,121.1489259251516,389.8094336355914,244.9899369713249,62.175367114487685,468.3598694354102,412.5051099597183,122.383663782942,412.16837056619664,360.85453489329916,81.8719418373285,243.6344849228202,287.21123104494416,68.57885312317522,522.2927000362348,372.18567958834444,94.24860321439574,358.4850783306602,301.5971529845207,138.92150179918247,349.4955664734124,394.11534819786937,93.49138960642513,246.60789690108555,183.50425659072476,89.8498673030423,278.83442902149557,276.60835523295714,93.0331775584545,475.9493653131353,286.4486577111816,62.84390273691912,331.6565394444201,307.77295404526103,122.47758026944024,518.8597761844638,366.1699977998403,63.34684843662427,396.5428523811159,300.00982713760675,103.84729625318262,334.14018730790815,304.268578675107,90.99550627421873,45.616695895537035
16,2,0.0,0.0,92.4673172000286,372.6332816602749,310.89209210444517,47.367314803014175,506.3555835593553,429.19318582000346,115.81878597399208,288.37128105271734,273.70903330843925,100.47058107255792,359.0662319514462,363.63318241147886,140.1105913104449,382.3100640628166,181.01076251620572,45.86675841515333,346.0172945186096,273.33180142789377,90.52130073835995,430.98141921688097,393.3229116565752,75.68467148704673,386.73900222497775,358.89903323717465,77.47523799411047,424.123226545257,281.1891096925032,99.94950672057097,531.3740096831655,327.22426239707033,100.21826601465061,368.97094935089154,249.62487759923755,50.09990123812767,288.34432070024855,251.35660070171306,82.76624470993302,336.83980394464606,240.01534914413116,80.78151387675828,423.11181825946846,380.9931008814731,75.58455437120473,392.8572400180706,327.072652343841,90.87398308026677,333.7888187896425,375.1046647511147,93.88551287121724,307.8106040882196,242.41186910384874,65.08081445759817,405.7982397104334,356.03395348228446,79.82574122353317,64.53543170774688
16,3,0.0,0.0,97.7834182668497,359.3484485812523,375.2428612748602,51.91313603386444,409.60190982841846,392.2812935685819,137.89873810096518,329.14848348456667,242.33020399731595,81.17216668800148,325.35655194479057,188.9781990933668,149.12454217023495,335.44274158530027,230.06636775106367,60.72802796771245,403.72160260232425,268.609336132678,114.74768688075275,438.449291466694,300.2063579523167,76.78473540342543,358.38383519655406,416.5875099000672,67.00377611287101,381.42812742989275,470.5869278106858,98.48005838134851,476.3726690888412,351.4944306085041,116.71222894400714,436.80424341196357,253.74701659813147,65.27171833511977,286.89041339735826,261.8666642324363,73.9066391091261,331.079426416221,322.70248415162865,100.63395711697939,480.3737010010051,296.6581038790076,54.230448719676914,231.62253203268105,290.5416253485638,123.3509867293283,560.7388807640303,427.029835276538,70.90687155102307,281.3250456600893,222.38943990845712,80.19076644067212,231.59472116867835,370.5902525325296,71.93310490423733,74.82558567635137
16,4,0.0,0.0,95.4297075352564,406.1527306048724,367.69470218232,53.05033377964664,367.5974915802517,222.78440047771926,112.33910868913118,248.05422795101867,255.24287134426262,99.67583175309696,261.02279656274254,268.1608348676227,103.68056090535994,350.83202332426174,305.7462208308249,43.71926874672511,358.00177610634825,288.24919760723924,90.27231577609751,316.87004192145474,190.33760171083333,77.37924531524108,323.4746189700261,292.70810661639325,88.33745262092182,568.8327596414473,372.44833941055475,88.2072345025276,502.7110823939307,390.295861642988,112.36094864213871,392.48366380528495,299.2352039824766,69.64345183807461,314.75528977418895,213.9025173553307,66.70503318477563,373.40408336615747,246.1383248352223,81.15285541322027,456.40346904789396,344.50864453325295,48.10778330013634,421.2391264969818,345.3949010135958,114.17032520842568,450.995850461328,327.51512105873223,96.34520896458636,279.24017380409134,264.56771841808353,63.84126993830284,423.65331518392543,315.0448115852527,94.3730221627414,114.37078238764047
16,5,0.0,0.0,86.23357934054455,515.7593696621495,318.30135784569944,49.46024400996387,275.04111990121106,337.9326375927855,108.36831958847529,406.8523422751158,285.7410646635723,108.11290549758924,373.80341984693064,188.67207717823737,104.70642445086396,320.1404292181355,253.05128280722187,51.61524537396475,383.97666312697595,291.293140709428,128.85254968853036,446.56576768218576,174.1168738517525,78.4709140034862,451.6066720944861,386.0946336742935,68.07904328908091,452.6898840190526,441.8986733789926,96.10099281647494,543.419792230504,375.72781868016784,135.77394387216333,461.12265700204915,281.77867679616526,63.819581897365296,322.5576939692922,306.3942952800668,70.21543860466869,350.97470892053997,196.04544090482008,81.5816868908158,313.3586358684224,355.8637334204387,57.88170594264675,477.1511631030709,306.7453943998506,135.98759892009662,480.2334075839192,385.75307807502355,132.56929231171125,354.0947773317718,215.2548512397622,88.33522133135905,427.6779037440811,217.65976690775773,59.439359769000454,79.49349656831401
16,6,0.0,0.0,95.94876085787281,241.04864019306055,345.8189693617851,55.33765387667711,303.7259021099556,421.39358315242066,111.34398532254004,343.4646803856429,210.46187276663485,101.94503445737448,418.9054938942735,267.7218881534487,154.90667491787443,252.67688538395646,196.27143230689637,50.34142273688552,414.6622388582255,382.44186730695543,79.50962124605584,391.1220207422718,325.6364304804376,76.39983944390492,407.553733320683,268.05956720643184,83.06958609207855,436.2822856192036,392.09233609121446,77.23203005212585,325.80394656114703,386.87694316195063,135.12744778470275,318.9748552412967,241.61365061270257,80.36186209970099,392.80395379269305,301.3260232872467,70.09007051845816,326.27315837431297,253.72421136522757,104.96698940270878,427.3467597208154,261.6435545190375,85.9660879103319,466.01481545546665,287.3808550613247,115.04495742853538,542.122279167,336.7963545193838,83.22940590680369,419.8959519057609,177.66662270874912,85.91309195143982,476.41151207638586,259.648632302786,87.94806355140106,88.18860835803316
16,7,0.0,0.0,104.26358385691555,475.5446423048954,284.40265441854217,68.01279174463193,409.52612739834376,343.79834225494034,118.82980445230854,448.70085147699655,150.07695060532927,80.95710882767892,444.59792050739554,256.13181933574475,150.30936813073026,397.4518191566188,198.58160634388355,39.95711326333268,475.69167013007814,305.40149303253764,111.24885443646421,479.0881730073477,311.99057295454,63.267933962009025,351.7908909060227,229.98709631215343,72.8824579117305,393.73678069194244,388.86866143194163,82.52299739452806,435.573858754212,402.8093804084563,131.72634799967102,357.41740829149427,247.42463822831226,91.56425379290144,258.9587804501171,281.7724516351708,77.18273026680197,313.726598274574,141.81806748140653,77.70917503880281,357.6864694027673,323.4967694435878,68.44260239035263,361.2263208806015,407.4895110388385,126.83086606529824,357.8892848085315,272.63305121501133,81.29623757123883,362.4066740473514,159.13277890906687,80.39482036646834,411.1533123624688,241.4085497353447,101.19360978717756,111.43131712242621
16,8,0.0,0.0,82.08135206956146,567.0851258740563,308.7933358295825,70.01840065268237,417.36400830003254,317.17300374075046,114.17204572195268,357.4292300007253,263.9690447457049,63.86484055020607,344.7120134014178,264.85113242184565,129.84425941904897,399.69214867977786,194.71756820080662,37.75333473492235,371.6971477922977,420.43654159711855,127.93653398455685,369.5581386792451,338.1080356181215,90.33202202336842,268.9502346418235,386.8056348287107,92.24401278897535,488.89058690812936,396.41657860721807,97.66080834006681,339.6765308252466,365.99174565240446,106.83482647582747,504.6699340625432,287.362049304036,94.96482084520028,359.3734433611935,244.1668346674611,80.77226870112278,404.48680801959597,227.98024325827532,95.62370383014627,384.21958485145996,298.23849842030285,66.88303945401697,317.91879376370457,296.5010769022882,117.46997041972365,515.6382696264825,272.8311986783252,97.36665187344542,254.3230121906694,217.66617495848203,59.51404631522392,349.48904168535165,339.7530469149962,90.60960207197695,126.09425347162396
16,9,0.0,0.0,65.06670669451836,376.777188507941,305.7690282499207,49.154126353714744,370.87553236537383,376.8063189476318,139.91719979759824,412.65459538685786,250.04955244071203,118.61263764445881,280.19083745289174,310.5715781414705,93.74177865259168,400.4619669237418,172.19863804276443,44.29257965915208,343.7024314334222,321.4894075962334,125.08826941954085,530.3976091419219,244.43678288467737,70.95015371148271,386.68746456811635,364.1288655432431,75.37948384211704,396.46417983235796,432.653446120869,90.83883788469528,332.04877221261313,371.28166705991515,87.77287697789109,423.7888245662009,276.92304929630114,68.49064255284613,275.4465223777352,239.9278099244187,58.11339089275897,313.5925107857668,235.95876034271475,101.72756443856065,380.4143147566918,222.29689780483778,85.982938832453,452.3982916845515,346.1634774429602,112.41384141343576,642.7019951231164,412.3638186006568,121.46699132763231,361.17065468545564,149.65580718723317,97.96167196022573,461.04154076448026,336.5509394326406,80.73466723404538,96.5340788386471
16,10,0.0,0.0,94.13123346146523,548.5693599191079,347.16002214485974,51.341861708564295,598.4956477668406,292.3879712784117,126.11389120806584,386.9294250658896,200.02407776221906,85.18684079023062,408.98619132096724,283.7861574254613,109.6217938558452,253.38843669117534,201.49833705050955,42.33937744770192,435.6100088853159,328.1945885209623,98.40189809629882,416.8106822816764,271.2027169880927,77.38706105028909,260.33025860026765,366.881180856334,61.12540846309333,408.1952137748962,485.0243142040413,96.90437279957995,392.19078873092866,355.532817949566,99.82673152094934,346.5374013725994,243.96244339832265,95.67178069405415,374.25594976155685,260.8152725498823,81.54673726049613,331.157405996599,145.14918786357873,92.96076004305958,390.5684556112216,353.2823928785778,72.23333115530792,430.0253970919531,330.6493760712451,99.55490665046706,456.3331039693629,340.26133564309134,103.46233881357006,374.5940880174654,182.8409631302282,105.43674214686342,386.0319723481132,323.02987772766113,60.93352468316934,143.7167964252509
17,1,0.0,0.0,68.5230772331353,152.1493857962306,39.380311824608796,98.77690582336939,145.91668400914625,30.365849067102822,110.20670283293082,154.42379355955774,101.55098409210578,136.51669539999787,140.82271779653323,5.43112778028621,81.7282635518219,190.0573059505084,59.38083272177351,83.18998087742442,125.44620187803132,40.06597614128962,105.97611555841642,163.70709489897098,81.62299990666791,76.30132317542339,146.32869072176916,146.87166787688662,65.36053509962525,165.59131057634772,85.19981939713976,125.93321245480433,142.29175517745247,29.57226353986488,89.85238071955732,155.2490544536126,77.9065585910237,89.65218662339988,164.97239703619135,77.67867024614712,139.19710112157833,179.08640656577248,22.868563042528258,59.66736603355795,117.62231919101798,58.4163158380064,68.53348472247819,138.06479546003447,46.067371168197454,111.04945816259183,168.6504931385323,71.82276021121925,72.4187078754013,190.91292384068356,64.9739150569992,85.23545881852493,169.31341259245033,49.00281207727469,44.71808985303792,106.56344527129647
17,2,0.0,0.0,58.810754797318,114.67004211872691,51.13173725103138,106.6249371170624,149.25940438611508,39.44206658885318,121.99637806921845,158.82236476412655,102.95595259844376,122.32633004277872,125.95451221465815,11.857524445251359,99.9762969988948,154.2120736209024,61.589738073595164,80.54272471727433,133.84596809233506,43.595053954742994,105.02695206612441,136.80545977104097,70.03269766901627,58.73320409068032,164.95477827543905,121.5325715316083,73.26568305823524,143.9641336389317,63.15841597223397,149.35002907478278,157.98965953266762,33.409496944605145,101.71118838420546,153.48575165319843,72.17901420742018,102.69272407169503,216.26531158929419,71.82985156386468,139.70236507842668,175.85974514584495,26.262194778032754,65.944103716883,90.62048695114181,52.24473489900736,76.14170164096569,127.06570588142381,59.25883591988053,110.42695671264288,175.06344437352652,68.52395920390339,75.5966251764539,116.06811776931902,61.81908914355808,69.5839036004404,176.24906744021837,60.65788920039805,35.08701507397341,113.6598061774231
17,3,0.0,0.0,56.44655956726671,109.09263845471726,43.911539099342455,99.03526157253924,137.41875633285767,50.075552394745394,76.53300988147022,196.68943298381598,62.50170229197589,131.25781971927324,151.92328098018132,14.030128046096591,125.86939420165439,190.52201289978123,63.41620473154146,102.09893314198351,126.2038618764877,42.64453868834733,95.3151709624193,167.9136949236472,70.03742431496174,56.26862876821923,107.54015266165837,95.90764309779361,75.78051980138275,153.55435833104616,85.44271803069951,114.71281838647778,184.43215174950055,44.2588112476814,77.3826977463667,154.51435881596342,69.33185872407422,105.83079579774943,151.34499005267975,49.928273108292366,154.4265193971481,148.16667753993775,30.235218216672468,70.0704409036214,132.9579221498124,75.67458067691469,103.67716562373408,159.62866920600217,67.03022926246109,110.63724668803094,153.79087238287883,57.220680117917084,82.91389001502834,116.0058980736157,68.42165287644092,104.477210272511,192.65159849482626,55.35166370754719,38.10006826183597,82.34035251164613
17,4,0.0,0.0,73.16442312811631,118.50868640603183,48.55968619469127,88.6876080441724,123.91764737921466,37.96609536760295,77.59656026694304,178.6339169563749,104.57846466635863,122.03999601036448,139.5603358049926,8.373958135880159,97.7511109796182,152.26212059263486,64.69678352061375,80.04806106413943,164.7923968447312,38.73924224206625,103.3117716671077,142.09120818996468,70.66230403932632,65.05834471277666,148.25766506648293,71.50632803197766,61.51247494365116,136.86725184718546,93.33447503696294,112.72431178169636,197.6305999196961,47.33098797339828,87.97811768403987,191.38667788602856,65.22239705487782,112.38057616618482,176.54680148297663,65.89626284649383,147.22193360103284,154.50031177221686,25.153358995651548,62.88175169944068,93.21208354960734,57.55977114645139,79.1969186370637,134.09092799542697,58.01870654068402,104.94905206688526,161.66192130005743,65.12059936943446,73.66595368028283,148.600381861148,60.33820730032041,91.59761095468821,163.16179240555283,69.67378899746062,39.056403471308414,118.901687777781
17,5,0.0,0.0,68.31952203450983,122.12817282550257,35.720599393826866,102.7196952054736,147.74661661383595,41.70969977743165,94.45175895051365,210.13256938106602,77.81023237510811,144.9520715743349,141.57728056258694,11.035981459122638,122.53212104519731,174.76320783741355,84.51985284367588,102.46946897833244,138.72037162905306,52.557822377138834,86.08489357090434,169.7290747931823,75.19440389079494,65.55648234871258,180.13780520753812,119.72161098343277,75.10915854708455,148.0147132953187,60.53334476698184,128.42131965661798,203.15900276977652,46.16501395735165,82.48142059164202,121.79561469355482,96.64053938883762,99.74583870076862,137.7159893948069,54.75583344866246,170.52073257324992,177.2338426127953,36.46340395805226,65.8874975704048,122.0295072967007,75.27811737300313,89.08126403898156,126.09759944009652,59.98030117028767,107.3978937550574,118.9368998718216,63.093839384799104,78.71286350404917,180.3437239270814,65.78993177691454,80.82836953834259,181.2374906653942,67.1315136079972,38.70337191585792,97.59459003311751
17,6,0.0,0.0,69.1395395340012,121.39340913243161,56.01821236007307,103.36008404904733,108.29649981272954,49.11399860136389,92.39622113733513,199.9027116947512,87.36588558507094,108.51876629799885,108.64726202002859,9.002888878490916,98.10432395233899,143.1539264866413,79.30455390390335,86.88115750787045,151.4349960490629,31.447947841256095,100.91599689416803,175.01195613532093,58.78251972389896,73.78513585244647,165.92031038836376,108.65461450005591,61.463932630987344,120.73815962830876,96.05386973329617,153.7317414154932,185.73644856156207,33.6079032444024,93.22316021001151,129.88474086207123,72.1583621222356,105.87470390917058,183.83340288238855,71.97668792573737,136.45335663739417,175.57472135322053,27.583051176696774,57.32371094347545,109.71016855112507,73.36720693435022,86.6691055986467,98.81850736693605,53.109673750278745,106.6198261616413,179.41256615811972,65.84215619497019,70.62892046019775,146.4846912364213,105.94640475851476,82.5244545785718,178.60281893710533,56.529671477015086,41.81292460047046,97.49308318734715
17,7,0.0,0.0,78.9683897617331,142.55804438370984,46.59125136575161,105.42911853135249,132.37072232157752,46.939335135083134,99.47346461931159,222.51836527891086,68.47223761557166,145.9561336166467,140.56524003157378,8.761589431766259,109.26076990995963,207.29638907836676,93.72327597598046,98.75086720547584,130.20586307184126,46.32354148714729,113.29030793142346,183.1218522904567,76.97237913114186,72.12209943443732,191.42561314260857,93.74133905451865,75.40649124329863,160.35344407945783,69.98688345548585,125.69782787810071,169.9643083318036,39.5968114605007,81.50024364163279,145.57684951854486,106.83774471893801,94.87506981660754,144.87667100558085,71.7565883040521,134.26377810111626,162.59246689007168,32.92875741944889,69.2238746950041,124.87055480604,86.12182288500776,78.07463292195429,142.8983607627667,44.8764513010594,101.28197598588311,187.34196201876296,58.36705124922895,69.55614412463994,129.86582395404886,91.25524946216467,99.3479647734636,171.42781537679414,68.6673122793524,42.49033995136482,131.57126547111355
17,8,0.0,0.0,67.56288362975886,105.11580703087657,47.10308579305402,95.43129680670273,133.27559484211676,45.797109782409024,94.64094776201176,182.4061424356304,93.06830155877003,133.93943410863267,146.9502610756618,10.233606396499642,92.21050530820831,174.90682959867476,71.38189302365808,92.41501451804757,112.41745014327208,37.834494841957515,118.4977025842771,180.62380832316052,63.002552693241654,60.76588341532504,135.95465042733983,100.42470984143532,67.50890054363823,146.13573689271132,91.11512328767463,145.41996690840492,167.55809504597266,39.00578010034065,88.8826503041301,155.33341359387663,90.76486217686279,103.68530378892248,179.15487461695284,61.55056147961009,159.70430392637982,195.54413330261113,23.452750214590147,54.11142426156345,136.78035258427573,75.6930060646389,97.97353517196595,154.00008075633102,49.155807513217354,84.6598641076977,129.9948709365542,52.89092003554511,76.59746173450651,148.47745566258416,91.9711889942524,90.79389563719012,171.6488287781841,64.98875132515298,30.271504144420078,114.57108925285058
17,9,0.0,0.0,78.29618038998768,146.23908380056972,50.1038581367802,93.41331683341586,144.11077948385054,55.02843958042952,115.91599093896058,213.14974457576096,76.19316651497216,94.3502859863541,153.2503436903333,9.002524599177457,91.1144344471509,181.4445333965967,68.82478853314443,92.64992912421953,141.28187686473493,43.190592258604696,96.88715377581366,179.48172108920167,54.53424560184734,73.1187731580581,192.6001613423395,97.37381206055844,61.892939211778554,106.37782449933225,94.99634826652832,133.37163497657755,161.66430042341,39.368118190524484,99.98493295006551,157.95689450393672,81.30129059323161,113.41745950263604,127.4875102136229,68.09046813960096,143.38629437315356,177.89117955634262,29.15719585638399,64.21669387781867,117.25275817191493,69.54454555174442,71.06103205657587,143.02295085923885,73.50255405166152,94.57517055199763,219.7482298136064,40.53984353497499,76.9711599113453,156.25377980577787,74.47302403993311,90.867426963058,162.25439973760544,54.18309728532499,48.05100070967234,120.55420837177934
17,10,0.0,0.0,74.1645723780576,105.5664762889021,57.5290077706713,93.0168161950774,118.09995028766531,54.15996598196794,123.4398183075554,179.41182428483884,91.41326017059785,129.01172746318352,144.77674184086095,5.182803890885699,107.20038534131344,163.6590642052563,69.7357453985516,92.33930904909982,123.86218349386307,46.99769696552564,91.32781873223203,193.89934742355098,79.66891661925797,68.46892343826987,211.07617933384688,107.73059892797077,62.35396482821852,155.69163976582615,74.38500930730008,146.45899418090136,170.24818677794013,35.29706764609282,80.38365555744964,173.1624440432883,82.40950767298403,94.80893643995492,150.94623806360931,57.65736874332873,140.46991732058655,150.04162289402723,35.85720663039833,54.80209116843659,123.34149230572454,60.81827652123184,84.83846213992116,148.51215180919115,56.367862787408704,109.43859183286247,155.09332165434705,61.83272422023988,96.23554174136052,173.46527365792693,82.07274416238775,97.11853129051579,181.6871770073026,55.90770320167457,46.1887703581688,118.24471274386144
18,1,0.0,0.0,103.34206068606024,164.67953332425654,61.34022946716297,72.37206384201801,173.7025784344297,72.81861717884254,118.98033254390073,158.8528730055081,11.701553587208,73.94820903383199,170.15445418259827,76.13717294904167,87.44552893795048,140.22778233829567,46.024586263306325,103.34646873027526,130.19247105871665,20.111018134483423,72.88389606918994,182.70727851809087,71.07580408586368,62.14917566951137,110.03216446450384,100.68011990581772,123.41188165841552,225.07739254855898,104.82496677283541,63.27764392572526,171.39650306681193,95.22574309949887,97.92963816689159,147.4348507100326,78.5748438066387,98.10664769441199,133.6558977337775,37.261039252817156,60.82043351323009,184.11263119232586,104.25270353645685,46.30797658317766,193.57220287403086,177.15320108198995,106.0923108467219,173.38735861371597,79.53937170456851,126.85103420664053,147.51151191207123,27.74974287319879,73.46964172232752,152.37469146858027,101.55887498279776,39.39533115112338,180.88679179208944,127.51367414685149,65.18558729417303,72.67025761762943
18,2,0.0,0.0,120.51925963103946,170.2424606460471,43.9222522213417,67.55748759938089,155.49908666179127,86.87889956394972,125.74834939053011,140.3518775342772,24.691189866244493,77.83252469754086,155.80324665919312,61.86347457048017,109.97916579117673,153.20911823004906,36.74140207885698,117.0235088489286,128.6275402943627,24.89980667498327,90.83034030692826,168.23154161115275,113.35527294419664,44.236817060204366,164.36460437787517,108.61226813776055,132.34922747007593,208.11934616614758,125.62586721217812,60.40065709261234,160.92624701922202,92.00716940817043,75.89367811743367,148.01267063183693,76.91167824754518,120.96240580606758,154.24822153840748,51.076344544836374,76.31381332023284,177.61048950274645,119.18092620905249,52.52860604483299,236.26072146918625,192.33727323921258,78.9889822462054,165.24736242534001,68.12558491577909,138.88554884368978,144.31347971500287,15.718475813798365,78.64992278923197,155.58913681929866,81.89994284652157,43.16295214530672,165.24831962927223,131.3832870444357,74.17354859052634,109.36504362696965
18,3,0.0,0.0,118.90626745307672,147.04693751269198,56.02522122554566,74.4104615816464,222.94876142604025,78.38952510564859,120.26102874080819,136.44238959577703,24.756294150298462,78.76817290277002,154.5268732657774,75.29454241714225,120.4803695613381,127.97873102270171,41.90272872869939,114.77866300224971,136.15910265042007,20.614676510488234,77.35803873683936,165.90774529107412,119.78495586465087,39.85393342956442,135.7734081811883,103.31837479254807,137.43150308228465,231.91170516761144,93.83856277510786,73.74687175778072,177.92637812257604,126.58553312774052,79.59190839613012,154.7965220619844,83.83680080870924,89.97051644316115,166.98505263327417,43.35887669743029,70.11604712192084,164.63806614674183,103.04951659868718,47.78434687650235,201.51053220668803,123.6006888707985,83.60147795617287,180.30168617704697,78.32376694356198,111.32823295287197,144.37845696345764,26.54282505764985,66.4486974294741,136.07570767161008,110.15884215600565,39.447963716307875,183.7075587402881,139.8109934139845,56.21296646463444,94.60182224408373
18,4,0.0,0.0,102.85417043780937,152.3600565456478,56.13235245137303,60.68325378520776,152.38780066628465,91.43620492615038,113.38184456740646,124.22171467434308,32.3035779653259,75.14219522505569,140.3705911239817,68.63036876704602,94.67752509716641,98.98399919949489,35.89935516952917,100.21209058154687,131.74125241705403,22.26418804759902,100.46610982085657,185.92281402741037,108.66949712494501,51.573287093695214,153.4394654691811,106.15560482019862,125.8179922801265,233.12693729882258,95.13763428363079,76.41850843013718,162.67189000107706,98.58444478531757,84.67332881715178,135.85935821698442,64.76186129871326,80.84484890435571,135.92461174124585,69.0535697414062,77.15946249888991,200.7099247802525,87.3925189301504,40.86679433391599,160.47643749010018,160.68110073405896,67.4577199245646,157.91533338939635,74.00540368944247,97.66362056935765,183.71626182220749,16.945855828218704,67.55098837753832,157.09706036023402,96.78442844934614,42.069848328003324,157.09270803341641,154.02363683095373,65.13701980570515,100.58871445774808
18,5,0.0,0.0,108.72588453201499,146.42779412179985,56.73110615122039,61.708195117353206,176.64798618402676,93.11946353299365,118.43642566947489,143.52205837538455,18.96164803005701,75.60437319756038,119.30948243892973,81.57830459665803,92.34682849683718,157.5345647466899,49.11639635201558,93.79889653020602,116.10037524533193,25.7342528473419,81.8406868538309,179.65023261413526,121.10938222293984,44.39296403916406,162.92428480130224,88.33621188465945,120.55549158527757,245.51408867191125,118.27267558661764,58.42932384742657,143.35144453945875,85.0429328378125,69.97511779315491,115.4968671542718,81.76782463830375,94.91685835909527,152.69752447506636,37.55822135306986,81.8010061863431,172.78382665798978,138.39373817640063,47.81950644095164,251.604039567999,145.32595326655124,86.65311211992974,146.68786537476527,73.44719046858384,138.47135403908786,149.59302907490624,26.364533493714706,76.20189299191027,121.4936195637568,81.44007033011994,41.70332245231429,186.95533620820214,120.48646681938287,74.65830869068677,111.02332147228415
18,6,0.0,0.0,109.8469784189747,160.36705556480263,67.78947195574877,71.02417156717786,179.5635222734093,94.48008705207434,105.01006022215468,127.32309173860497,21.6654983345745,65.69972712050856,174.9883413080032,81.87398791649544,88.31111772554046,136.12587375094463,43.575470114954875,95.77236005665065,113.42182667674905,16.308545268740897,93.09027075198397,226.67202218412154,89.16438534265933,58.119311535207814,132.49642845517604,101.90553359383304,140.6329324888323,227.95360349751874,91.29547779947802,67.82749162990785,176.23352470178355,99.2019960760499,71.43019050114052,130.0552847827799,73.53726382504063,95.80144409996257,150.30102276401033,56.4283665029305,76.62394057375631,198.96207820926702,112.52480883280776,43.44233239058228,250.3576196667584,196.25286225576946,101.94744819658128,173.5911938610684,71.25708503264143,119.82713820920594,145.79026441467627,31.507457023412133,58.48672777655259,164.82679194338465,89.89380806052958,45.789672728879374,182.14323406833165,147.03203179623847,65.68702388027535,88.57651046530842
18,7,0.0,0.0,112.05311978685036,136.54046117528847,65.2584734287135,74.81726604926361,173.14197247947396,90.49211927556821,133.5434818167124,156.21743082655996,18.653722735754933,67.54549082956314,149.6063465261213,78.88757764798368,85.32122198349268,140.1633512019837,34.379740664454985,108.37366347421556,117.24279554450098,21.416819570175488,90.8353498616812,209.1502810721297,131.69708825695477,51.97985490845388,153.08693472021625,125.21436032051767,111.27057999493587,228.2574910587889,100.80368254943977,67.19768602085486,174.7520498271963,82.61566784342584,77.94874813564748,165.24774501740268,72.06930429578394,93.42868309724498,164.19116293816083,43.812614701119344,83.06872533351324,144.7767074667193,98.77054537076467,48.879082910295,223.11464826978448,172.2874932924958,83.50549597888467,179.07056234613069,80.99936957278905,109.02196132056616,138.81759932092456,19.308162816800746,75.80061112399042,174.57223616360196,98.01568978815713,39.00834685134617,150.2378465409051,132.27314579936916,69.37247105839677,97.50177792522479
18,8,0.0,0.0,90.75489359573574,129.64412730021246,44.1101992877749,61.273520375842025,165.55214453623051,83.70075325837784,108.1463555113883,121.43506322317434,30.013440634655915,78.58335165026199,140.66070549453997,75.11581246031062,107.91407068515166,132.69067262396015,44.95577495461439,100.4524121766118,131.08886268053413,22.25109478728906,83.31796943320015,177.4416426020675,100.24594667815215,46.41495259203246,151.42429551750485,91.54157645050152,130.8921296167987,266.53511349360326,93.78081240861727,73.88861648528149,165.3284414581543,96.70195005155547,76.31357875511449,154.8675661886225,62.18292600961059,100.56056996801473,140.48028855627362,44.750573482218115,90.41556522361306,172.2160688203581,86.75049023232573,51.1294157809303,163.11367301691723,170.34068776923658,71.71081101333627,181.5692506117373,95.7740613282686,120.80316795869462,153.2709375146557,18.63370361959636,66.50386134078276,185.23869883666464,66.65846930678876,40.73905566251637,176.70359400231462,125.10178734167204,77.7948571212736,89.44915342188588
18,9,0.0,0.0,102.38649504194956,152.11155242965165,57.271784515760665,68.81080765835911,130.65963788307204,124.0823614905859,102.7564470249261,133.43165716721737,19.58104636380972,75.98776232176192,162.56034903934426,75.42543489769308,88.66021855767501,126.85442930961642,48.184987085723535,99.56287463581641,99.97755113451518,25.93710723917594,65.4815097450356,201.00873698838916,130.57579966770294,45.96381688358511,169.10296677068854,98.8298924049048,112.02939367709521,216.90426869299736,86.2563112045054,70.10850936501868,170.00659567579078,101.33730245643086,62.407712767623245,133.36308876238957,71.71616379391313,103.98507424704185,168.27000659644784,56.584056686167585,66.88351008944662,156.01837331740552,135.41417619041667,57.1114380511695,206.7160697292895,152.51768537946958,88.1332546460726,153.80930329837824,54.11331134189062,116.82236294515312,136.70278594216413,22.804841222588905,81.16272325809257,178.40695956724642,85.51575776354815,31.83779536171022,175.30834760266671,128.4365979558659,70.29920163170794,87.82293864256138
18,10,0.0,0.0,111.64607373203125,142.7549034399638,46.23906272936764,74.85893459333413,157.00614591099958,85.31765506387892,123.12406782972857,144.45091481714815,24.976583388507752,66.05158400998263,120.83202289802617,61.206676159356775,98.0556367990327,152.80786701041725,39.21573504493334,93.62369690020272,101.2898106658715,15.141211060221803,75.4469159997847,179.45274559712638,93.08717652157719,52.40502238642539,153.33143961780988,107.63775773355758,113.84359869776873,242.1670185165207,113.81006582521272,66.86851487990724,159.06351772757628,75.14187063190288,83.95696158601814,148.95826553927262,64.67995510992128,92.35350058999477,143.26083007233308,57.23960406483799,83.8557845165625,179.79143287286382,93.81800605637602,53.8566398908692,162.6033137745654,171.05495188639577,63.52438915478066,151.17276194248652,45.21220960904585,129.52374700840488,124.45086711144546,21.434259022527314,63.76881732968543,147.6424361471825,94.51423222480854,42.33420811740995,170.22372921652993,146.23473159111805,72.05271106229044,77.0352874693248
19,1,0.0,0.0,90.88523783956109,271.0665904833094,158.34554081683166,76.92614484518049,227.78074015067807,85.76024004760963,77.66056015352808,251.0669810008353,253.23046441213432,110.95349379709926,173.76101109215375,157.454613060843,65.25028587912644,265.1203431694356,229.27820710084004,128.49448228996965,223.7313199120349,115.63593947393315,53.53676664213721,202.9583729179441,178.32435513866955,123.26397008291694,180.06136087920387,70.3060800372436,116.67247217146486,150.13160707791258,125.93442671952961,99.52353107407315,231.21326620329032,184.75924497927545,62.60813125350156,195.3409831948022,89.88444313759686,66.98042499630827,173.90993010384514,154.3141852144,123.98638366767469,196.42765840255817,105.99358457572033,61.756454120511265,233.6286410445582,68.83905971941951,59.93904750120204,222.13906448269466,225.54344985244074,74.72245810020337,243.79690789443063,172.52271904569062,95.87177890863681,213.27613492995013,115.92597321512397,60.268672454440306,230.69604233680343,238.81098236644266,113.7286719320276,113.98862364839333
19,2,0.0,0.0,107.51964214885311,327.9436278897874,128.72023499181708,77.0070403818193,214.12444655456147,133.46035203639104,76.86883327316643,316.778660293685,332.7957369208814,116.3900576449985,230.03780544351883,139.71853452970356,60.67106405045162,325.1717485860843,235.20311373868032,88.28224964953954,169.8623714651732,107.41112730766795,63.352879156585246,202.2044520800159,210.4622272090385,127.19927357349246,188.37160233169422,61.25009588643999,151.49860586525955,285.3166110517975,122.7501613436999,121.17645947715722,186.64113014040174,199.64197518846177,68.64349615727195,200.75722337236445,69.45832525834707,68.01662630665106,192.43432984915552,224.5401684116249,117.5541600858098,229.18395106682937,97.93024739975586,91.17321135986005,223.9647280965136,110.50103538171072,60.61417048068189,268.5264559055289,167.63588357391538,95.840915370512,242.98630595548838,182.46352627258824,85.30405767268442,165.03581578447938,130.68076322877403,52.90776920790775,311.83779850574354,228.0038679679294,117.88293529447532,67.37543666684321
19,3,0.0,0.0,121.8537295724606,214.46382019120472,141.7476614823923,69.61544979765004,254.0630762248499,126.63546856831736,72.87416938742274,328.53189394393763,223.429088747082,107.15248001179557,258.89800081000055,145.04064452868525,52.042760604963924,242.21765904735832,243.23357980063682,87.47387681466572,243.72168424039725,103.04179443197592,72.7868554571986,262.14929060282543,162.75577365957693,140.41088045520144,267.4262395819875,105.70384756961337,103.41845407177412,245.7349933746515,113.24440800093225,63.73089427933196,256.6761917920914,138.4461527315434,69.50964926713789,190.66030416994238,107.23082586642991,68.44063655898222,227.06357761816784,142.3469946949652,95.34476479467196,198.68902001964963,73.43746453181792,111.40475331361618,157.30306618033373,115.57738745404053,58.19042596937341,251.94486162500735,251.3679551425879,84.1886424749235,285.2144327851455,193.77792895737255,79.77686555161941,233.74265738134508,91.55427895651337,69.36119460567383,273.7010173482977,191.2989761416671,139.03200589395172,128.71009696636136
19,4,0.0,0.0,85.8072524095809,235.71623249056967,121.12308454831458,105.08545520297986,213.66812304081708,97.95181452750091,71.53211573024967,306.93834484292285,281.323554250625,98.43262069829946,251.49669198471105,143.23513790473558,49.39684375073738,318.69400881558846,207.8667370562757,92.59426130314749,165.0784404651638,92.31239101943534,75.23005308439534,201.68216000898585,204.21630114483696,117.8979498445035,200.39464900306547,87.61313570624482,97.77425666127257,270.78931744377144,142.43267332485874,105.04261495341528,279.47839157791174,166.05250270791507,71.7889688440619,164.9942848612468,140.95494468833255,74.92136744931123,194.8363912343139,191.20059898386384,104.84995616848155,179.821293371266,76.75225302314666,102.34503489583307,184.86779330201514,116.7702869452771,57.13770891721981,275.20744365259105,189.25111743663973,58.26703861120602,211.73499050883623,205.4313963028072,79.5980731640509,229.7059486210007,145.11392797130202,63.0071807601323,242.00028826587194,211.0150906186289,109.62660180063119,59.386221143211834
19,5,0.0,0.0,95.41452688330142,231.72297194906864,162.32984422053545,83.92454507916415,227.81843253336336,114.35860922477046,84.15551017794577,358.1364250256795,208.9057579991639,103.55415893166085,259.1799476720418,184.22188186846432,73.41290388639564,274.75844957265616,181.09922678622928,86.25734236666867,221.65493052000375,89.96144849754575,56.484891508419196,219.7385091952333,160.36926150073975,123.93578113569569,166.20380847838229,102.6731192271179,82.22431946246519,260.40662916371383,154.23827300828844,57.31364816605678,251.9536732996303,140.72557963409608,72.26038553128429,186.43127526638912,95.53835260675704,68.98755458842369,234.5836574439452,187.9627864165675,94.32852767075096,221.78906612618908,94.95642934918374,123.49804919630537,215.18409746443797,92.63019838906136,50.90996228326955,256.62310943415764,184.02376912312567,112.05880979718258,245.17695482663453,216.20501464690136,80.67993240990346,238.6971285607596,128.70826269267957,72.42422526068322,243.5095411527913,197.7268459091964,120.20965998575929,90.76363361258723
19,6,0.0,0.0,140.76201952922509,251.08474199093988,157.863734033301,83.74163010000545,216.01464186309755,112.54929879860765,70.34342980380019,371.7701649476493,258.9927103029149,83.11226709653711,205.70418863054704,164.79299690406216,59.204417330833664,377.632411679248,310.3788725427924,99.23310513400726,238.2166243109732,113.77983283703303,56.30748222467523,247.62048093969904,164.60649518638613,154.1046570873304,185.1974816472479,81.77963758993373,136.13550868809753,228.237742874182,118.76767962554818,65.90750286970305,250.56261346152237,139.81887313155838,94.93646037303918,132.4283994997638,78.71744067209202,76.66608914822044,237.45289761532916,138.69810018990302,115.97768647283148,190.3085293733438,98.93056730577541,83.29333970131376,236.9024871275003,124.07557799981113,69.1654552407784,268.418659091481,168.72447706660319,94.92801373467023,214.5984968453572,171.68119039567216,82.8088325798373,244.94690998111867,93.56338373207655,63.74090948792013,318.69474208976413,242.7307947203764,110.622900523304,123.82509890788823
19,7,0.0,0.0,118.67228522249032,235.39890510304608,137.68235577550192,107.74745795807445,198.15665975794812,98.26560391514914,75.96779793859781,320.0927423522423,283.81194465551147,103.15219940528664,250.21283010044067,151.168096471245,51.65972275317058,242.81584993460325,238.30285929989807,105.0743692802434,225.5594272832929,106.83840139396382,67.69246363485124,242.63053156034152,176.14096318958175,160.85587268695096,232.83010476289948,86.29358098094963,141.8044678096759,209.27872569658376,150.41863218547925,80.78447343388689,252.37305762066813,162.12249051283823,89.44901130170626,184.40039283562103,99.17332063733872,69.48178548192543,210.42301748426635,171.2522832973636,108.83306592604254,233.66517416798203,119.05604278365843,84.50144712122672,133.3325397699547,131.6433922822896,64.02799238601689,188.69693154948672,170.6385881929158,67.83048724938372,242.32301892122203,181.51293671100433,92.85798856545688,210.5316064577852,144.3881113561287,68.41394363443328,270.807396948765,150.71319058120315,111.86434369854213,72.56746382886732
19,8,0.0,0.0,119.65635423357263,228.21507973000547,148.54986421914788,106.02928964293835,275.68468873193495,110.3077737357458,74.83248115864545,330.65379462646047,314.5299968718032,101.04222646799376,284.113505437812,126.10397050996055,52.01325624610249,321.88482650970514,216.35195774410616,129.12901716598742,241.6763745630965,98.53585649416968,58.37512345855903,269.01785497408935,187.3412088497903,119.13280314385005,210.9871437532344,97.57136762427895,97.20848639589998,194.58263788910884,107.07697424030778,107.27127359489938,262.72458384893764,164.38849647593486,83.04525992555499,157.7074036740025,85.62324692196361,66.51819564641883,245.34006251517164,213.8913912128121,111.66018091568172,239.61849802199944,105.26214541384563,86.02677594525618,205.49694612244656,78.44245369888142,59.03023441620469,329.12162225347487,217.4297957520737,98.05412490185321,165.99320421515165,125.34683571377747,110.44411734769753,194.35741741815588,110.4437690492426,66.99295536955216,343.5406629158126,261.7610342632614,138.54577834456063,91.84279639910356
19,9,0.0,0.0,117.16428164244118,217.6243762822877,176.75327514701002,95.04229960916464,193.9322845821229,147.27818450385138,77.46110591167337,347.60482754300926,220.23046095556606,108.30415967880634,250.90129416921354,158.02827900761065,56.78378150106103,304.58314696265387,245.74672723979614,74.95932991094122,234.149708080508,82.64750298167594,50.60764577216243,204.3781050778166,147.2346963635065,120.96648155971788,252.87069776813797,104.91045356502738,106.26227587312931,237.79340023999973,101.10698479047494,79.64771764317554,264.41120869952715,201.62332407049803,88.70184705804013,169.85560868906555,112.34387629309896,74.54757807625397,193.63162445751874,180.2913368183078,89.34934747384185,240.75794729372194,134.25902238952932,59.36889571612568,230.32501434862075,141.19768638082107,77.4265724540551,297.46704311645624,169.25224883865582,81.59271354209514,284.09433649361546,132.49405593169212,97.18535607788434,220.04795345983828,101.45772545250796,61.60038119888298,279.5009823960154,243.44681419815174,141.4576685528698,95.6738195180847
19,10,0.0,0.0,117.63537559240928,240.7693771525229,130.02498727084014,81.90057235017002,177.94113599011501,137.54257023366807,69.21665184050237,359.11638395681445,177.74346375208808,100.37769796018094,246.80892107143734,183.22216651918342,71.85536659822779,291.61439456215766,304.72932975651594,104.02991368052774,205.16978578563686,91.85853997835753,61.30121392750155,289.425058941568,193.03452555835003,152.91376596607836,225.21466308748754,83.89676159341316,132.41232286764964,243.1283113900926,147.65556568549047,87.009065440533,249.05759696031828,173.1209133055341,85.61758014323598,213.89104047284508,99.0135866633213,71.95688659712471,222.75385726548205,170.6468723477618,103.17311925062828,218.49213820676277,128.48467169230574,79.84759762712984,198.5847286321342,126.09144672718963,36.50695810779132,274.06126438895416,261.41749127159,83.85732149598189,271.53896734018633,169.0626184019494,101.1495635923207,151.82427079085687,149.2983485055433,91.97922613678216,227.01242223131638,216.52463316666146,122.51060682955803,80.79335603289015
20,1,0.0,0.0,65.05004359445766,146.07695552453183,78.29360695455567,92.691043104406,142.21006211339525,47.467777996778096,98.33767501308195,161.98430424007682,71.00920568551027,56.859622405051894,179.04001422026747,135.14094749668132,81.50994339843476,141.96654329531805,63.62676962645092,93.70489235080693,161.74316773508951,57.98928006998894,66.95719215370616,149.02218341536212,108.19106754537147,80.46115080497911,190.2936165707652,83.65023703628746,92.88670680779569,140.16245696468525,56.6753906857771,69.15140154715452,148.1592822306176,47.567672731425574,89.23125112718327,141.32778044260044,33.97349671753472,66.35358095447717,125.482790264067,80.5457261434594,129.31064972907706,186.89407820158118,41.46657974343401,113.97696718470253,221.30758892903935,97.5689765593832,101.19294097517054,173.99490697485152,76.30825556645539,88.11499230284373,129.18724827066572,57.879653481625205,80.28505092866439,125.84159046120068,35.82647580670867,68.66856584469724,163.13458500525377,88.11869111199668,100.781802138764,85.21719544244617
20,2,0.0,0.0,65.36414628338999,139.4165207313621,80.21748353850556,101.58158363208325,130.77034059416357,54.71233820547536,90.85840951177055,165.12592948286886,76.10785973056937,58.609111877394504,160.96764881746975,111.79285010506653,78.74529453930185,122.56729364618359,43.33081404893078,98.61294965009321,146.476474121867,91.51941675934196,69.78720562414124,145.23138502496923,84.9630046311311,92.70368151620337,171.1910706695411,78.43821687661003,96.2097273008346,147.65499567900864,48.92355511446648,65.12487070620253,121.84971335698916,63.94755014305982,101.62424868235496,140.67243168192115,39.77697284776619,74.6606197741647,123.90853565196896,68.56573398913089,145.43372460107187,161.45259004984342,54.443288076563135,104.34656259790884,215.28241121648495,91.79194518315856,102.51431524929988,186.72421122474879,90.90543469677776,81.58093034652356,141.4477746153106,39.1444743856863,87.76483395337684,110.58392210338013,44.99816956473789,62.753925739155676,128.20001845463088,87.34425210381754,115.8492471779412,102.28125586356062
20,3,0.0,0.0,59.19103447483924,104.57403105888882,60.89546615822782,92.46063562795952,137.66121860315687,60.81623096651383,86.94039434068189,204.93914502132117,82.51267532298671,57.35210752607851,184.60794240271062,108.64634836287676,106.59324685163307,126.48403791703396,48.48709740255599,85.46829512771342,209.43237666072534,81.7627953866328,74.76390953458899,165.31043374667655,85.20090021141763,101.6761312885989,171.87949064778272,78.33319524177817,65.89903546366511,155.65678309060354,58.28791354982644,59.16431923799733,148.4728718178361,63.24359375028668,118.70247316448771,146.71072119891699,34.29574608392747,69.92411345000048,141.54295895076996,67.92925196222413,106.5675454751196,145.91463122624373,49.04173695388709,110.23478433600914,179.3145457266682,82.80913910315644,103.86318824671437,192.89307230479136,77.23480809053841,76.3280662358892,129.08341105517866,69.18212002464698,91.741696419216,126.59422127498401,43.575451135494255,59.57070699004428,158.6741245801532,91.44000565643584,105.69711470644755,79.15993796013746
20,4,0.0,0.0,68.15207969199119,140.4874973597429,66.83520733883225,92.55213953996193,140.86060184274328,49.53473960587124,97.86499598470971,198.45535924827283,73.9334124810376,55.621745876644425,165.32615368807822,135.82096625968973,91.68262872339164,129.64522716985886,46.73884715242336,90.28391176922926,159.10015971688847,72.61702485168526,72.31376100624462,175.8646802797896,95.51464132500048,92.21208346257801,145.84634566847964,90.7338132218921,83.9640980368247,132.07785195608247,56.331402671094274,72.13730872908069,117.45621350339884,59.407299792522274,104.12491828671527,147.22503019908746,38.06057582926594,75.12507818155824,130.55322506707572,70.01155897701442,136.06707312862508,166.60948777855205,41.385622643685686,94.45751605690266,195.28159776099554,109.27094988646563,110.41187469221254,167.15480562806292,80.1690960381374,68.32799918583962,136.67035984468208,57.08940256774494,88.93393279060867,150.20184519276197,51.12541394203802,58.148268957524756,154.48883702797664,110.74904604119025,98.73639586641438,133.84248425872102
20,5,0.0,0.0,66.19430074945649,131.33281058266545,58.12937443179681,93.00224355051617,149.83751348830677,56.06361146463843,84.72611736172463,159.2217753627135,60.54989305727191,59.74085776360093,179.1406388762323,117.1205697949628,79.0368910066937,150.3237874490315,47.81024165028444,97.35893346587895,181.27204288883877,75.54305104102234,49.42331739277761,145.42196872634548,101.57622657349664,84.05241455084742,176.05772963086895,93.77947259588387,101.92406421208344,140.67328939365404,65.20077417908041,61.41023504616662,126.47820030025707,62.20662573616646,98.54411549575434,155.36908743732155,37.56098211797884,66.75306468253285,131.5198086560197,82.97905333111902,126.67743740742057,191.01767510567558,48.48032529253733,91.98187995935872,171.2542280543359,87.24134252949877,92.73292668761954,207.4840023995644,93.09235085251524,76.59696124835367,138.42829379879785,57.175024297646175,79.94647338523897,118.92000898935157,36.518181847132965,63.8730189556578,153.35779881797183,121.65522279611457,87.28579073020266,68.72195331180703
20,6,0.0,0.0,70.8146765298692,126.41224815014938,75.45006223664235,85.1703327210118,136.8354118046755,43.02966220903946,87.26594050563598,158.19723411041883,66.19919121585147,53.23530887004859,173.59151077470847,113.64186279713509,85.34921478971953,120.60065064309632,46.14087084478955,94.0050343904444,153.89658802795813,82.41354765880271,87.25514294821424,132.7160951207339,102.0728947113658,93.41262661483297,194.40004443723797,92.48410646190372,69.07539608607408,144.90281620709777,57.52882673227209,67.69071114383095,113.82399156487902,60.05547151619959,87.99810215495724,132.41200621081282,31.27321740559766,72.62017438200697,151.7873862385073,67.05119662966379,146.86311774669645,168.08342837582586,43.32714615391774,97.37185564540907,197.3189639117437,91.86541457303208,92.94956159053092,187.85577087154093,96.08686438843957,82.52927972648548,136.39555770928837,68.5872375833965,77.07586847871255,114.63585204502253,33.93729215606158,72.03418819653533,170.7220209990243,92.77180629043151,102.9434022555062,103.14942461114632
20,7,0.0,0.0,64.51578442253353,134.79922511447452,65.60901641802879,69.11526372853899,145.08610233706887,56.90716607430295,91.43773605614979,138.77436501825193,67.12938408966512,57.4133687354809,192.03912137144454,148.47671839821538,99.27046147244138,128.75209498463235,49.97547468855808,89.764645132142,138.13142689201746,75.5244575401515,64.42437015272918,164.80264090811482,109.1436741208532,87.11498564840787,164.5056751523874,66.7074697173837,80.17574042348055,116.60392000422425,47.887944704936274,68.90329039518888,118.29006263025046,62.261481092695995,105.70605856780267,128.4414538826234,35.99155653883218,70.62469954090939,144.42905343420722,81.37865698168616,131.30287034966597,170.76331112360103,40.121328327733465,97.48743126475775,224.88822045949894,85.73319747899282,128.25459721473035,188.41870554552168,92.20903755344757,86.11909627794208,156.68370934472534,61.728181075065976,70.82802437168692,133.3813474474975,52.806762434889535,51.8140553786464,147.2108099534026,94.27597194445033,86.83592196122923,104.34877844820545
20,8,0.0,0.0,51.9471803293933,147.7168402895149,68.50806180644916,80.71128856988813,148.43698403569778,53.89768472001415,90.7064661432873,183.92317767618556,75.76534433017433,49.273976228272176,185.27048597915947,113.03420794333145,82.80056061602131,143.61065138221431,50.48377369913782,90.59602975915593,180.0371136865768,84.8525625036214,72.21532784006712,162.2813922422353,117.22052839679367,81.39865199507092,203.95522679780717,84.17889814625198,94.97555473219593,135.43479956254595,56.64721350657458,75.92130153589291,130.17758684391225,66.83692901755893,111.08932876599114,145.2020136419453,33.94158132808275,72.80791263543671,122.4034429561938,64.43131784308272,128.30821132848737,183.54240465160808,38.42557969369503,107.57356699344345,175.15229511400614,102.35451763100754,98.28283902009179,198.38463185596223,81.09812417673689,78.95222428306707,143.65836875656964,61.001740879204014,77.50946185922041,146.05880464289973,48.50423887064498,64.10513116662531,157.76465780180988,90.31652966749031,83.20678182582787,95.81118072125959
20,9,0.0,0.0,56.23185098268631,141.46229846028885,77.21226007827684,85.12503273933021,155.2950296788849,63.41020178565981,84.53211446809073,193.23280556940279,64.58505171245582,65.63594970405384,177.0077314288225,92.62782584500312,90.67075597378043,131.02396761889312,41.66088571783733,93.17487013421541,161.2792203436577,80.44541977520062,68.15909155319814,171.12816364777035,97.39623865532653,88.58659408998012,184.805571452839,86.90055830176689,79.90217585779173,134.2270816901337,47.702634387968416,74.34976742008719,126.52772270819217,57.09261802760049,110.26136099143078,144.74416813181801,44.72844609424209,63.65600837864087,125.47644882122134,71.84070141943431,135.376108458398,188.10378726906765,46.23467555506064,113.51952741234271,206.14418210889028,89.00970691062146,84.56099185065399,169.0475377759584,87.19591208198005,87.28811546123777,145.9161614209573,66.14500822449388,88.51438526365861,133.71617319422873,50.88059718480521,62.91360524517814,167.31747379703353,107.33415196763487,86.28631389431686,64.06168941080239
20,10,0.0,0.0,60.1558971821689,138.5890516636791,89.72096861905676,80.1732225363384,150.93446902455548,59.51665571445745,119.62175814032554,146.35940992397684,72.88540024217312,58.17028028832894,184.6455740256726,104.45449348589653,81.99632424884918,128.45404648896553,47.14549367214819,85.98928237278544,141.08553578226463,78.6332315612342,65.00968682550126,169.15242159986437,94.64657749762408,87.53866936855516,177.39360545198852,93.94344677743898,89.1381486269523,110.51852934036256,42.16173957020948,65.2850842552321,151.0319778012486,63.50640184165056,91.98386428416431,142.2447939123916,41.710054959184,64.30896979847249,130.6618024906452,74.1226464500407,132.34714502681496,172.36989391852202,48.9833440514235,120.88105984908323,222.75755565972574,102.19409053390646,93.59021652906006,159.7441714294287,74.62873391868587,92.05105558186888,136.96144134637422,54.59538392196897,77.46516219346256,117.58223038591537,44.7452768016174,66.83212608684343,167.0213937722906,89.3951911858005,111.13076880510677,92.04175451616132
21,1,0.0,0.0,46.54833296956803,182.84230760506495,163.41844354727618,78.09297554143608,191.79816052887386,112.32842481665168,120.71988196389552,243.11966523926841,100.96484997676804,123.35376262632859,155.0420540742149,33.855932461482205,103.29194887927736,157.13181743056663,45.31193084126077,49.63037336968145,160.24431265477838,155.7979940294113,73.59012944567631,186.834382455045,146.84175734152154,85.88753279817497,248.18287103928307,167.44076775595863,94.45798599273753,183.45430161123764,69.44758017812491,120.07347419491204,170.15630744817466,109.36034041337692,54.3026766048836,162.60203498996918,107.66511034983871,86.78807334271194,158.75535642225623,98.79508205846255,78.91648243285209,109.16681626343399,46.897648879423706,98.71102201578898,179.83723445999496,92.2349940193127,115.86308613782512,201.13973306382027,69.33969525276383,132.40642220476985,220.3702588578725,79.48389618422344,67.88796356261865,210.6574356664173,87.02113700314203,79.65845203031371,178.08101183100567,55.58705991554265,44.665415723457315,69.29387933435204
21,2,0.0,0.0,53.07381249068449,187.05860135555457,130.75450133666953,92.52875494435767,183.25319220795106,105.95036644538318,86.12665960944146,247.524653627897,110.51909110138843,127.99024135459935,163.23518892231345,44.05733878632782,113.56845316094682,157.98311759760222,45.13499430153956,53.98359505598444,210.5372142438358,147.61885442200617,66.19872819812215,237.37321557104286,147.28724125285527,83.13568919858032,261.9728630821603,196.11736999496472,103.07850355818118,156.17567675237876,68.67746442899428,130.869822048533,220.4907361803199,76.20920025356813,59.38801960058088,199.81082145650538,113.62797998394511,66.23056711684852,151.51004555218054,119.64396914381358,63.31546500166984,100.87886373292162,50.289164045165926,92.96826256045209,211.69369007355962,103.21568534354881,106.53879346861991,133.47592811318276,79.83139279483905,114.84549635444085,197.31281245471763,68.37443977963292,65.13705130544425,170.61666116737663,113.5568372561459,91.49300111238938,131.8948437178492,60.64056026974045,46.562804486700635,94.95219764345926
21,3,0.0,0.0,46.15562894188116,223.2415941529207,188.3068358727186,90.74337977219108,190.41652234003797,97.00289958640313,105.19036376393449,197.4955258244323,118.73595588089074,137.7207584533505,183.1284968555797,43.29715736650434,103.64652902905189,128.00756420744074,57.4113668275892,51.858928149232455,191.33080793110466,155.30019426783488,73.83051975107364,171.61348400250733,164.43816490840436,91.09075764680225,240.6250774781487,147.82485107891674,97.91880105852056,146.0161068886451,63.248578427476396,108.88368049662628,252.8349376038097,100.75401476798189,73.2218247887569,188.68071013152775,94.71514103150933,65.92866224901796,129.88953030403923,113.50391736438763,79.36633511259816,99.33930893780126,46.44472045155687,92.16804828278552,182.5600016745022,51.27860631223167,131.55773523586294,199.1921157058375,56.343723926902875,107.19620419121038,199.18887075912525,81.00379640980287,67.54152669359533,169.9486680305554,108.84480477049073,88.10850714388256,166.8909904515773,56.89712754156638,31.513471240606975,120.00530453070587
21,4,0.0,0.0,46.71411406881432,192.36038250128084,169.91221798344415,74.40395599414538,164.6875634285325,96.37342573908555,90.27610335536185,198.87664949277575,86.46226640966198,119.30404573830894,167.66612055872204,36.79162282276245,96.44604003174094,164.55938653242734,52.72497415108966,42.07816778114107,226.8153547449169,144.87690168889236,82.01256523541039,230.99741827310194,123.98193390431216,101.97124547318866,226.12177416902566,164.98937100435495,93.64159979323743,156.63376002916178,70.12528992874007,111.30455969754497,210.85659621045625,89.47761258020981,61.75009117450748,159.3672365282633,130.3832970807079,81.98365954789428,190.183498318978,106.536306160103,65.99250649102324,112.02421441721717,43.35292248812428,93.29252416481573,213.80041675329704,106.4057646668076,101.65319282776186,215.12628137298736,69.90384833598837,123.16325400072691,191.8467147403136,72.03085327024563,77.01078843364014,175.85079113310647,101.01581989645469,98.95408506377537,151.67898388650784,43.52131422227241,39.61665181173536,83.98993317272968
21,5,0.0,0.0,40.09890061888075,183.98636355999307,167.908099461875,90.0296311662312,173.9582672281726,72.19307941642862,96.19671303460366,221.6922406718996,113.64649949057785,101.47399290140358,141.47208040069768,45.22079567657077,100.73304187325014,175.9677762902167,54.745830430291846,62.25086627921929,177.96644248067324,149.35441469510863,74.52235460884668,195.13315061667728,132.94931193141414,88.08083427124313,237.52832925861074,104.71691471508146,94.59677999056711,150.5585390997908,80.74744700102839,109.09768483649883,178.91475793570112,83.46107137608924,65.80190580892226,151.7522431488543,113.49748860446732,73.20587523291623,202.10384304006493,98.17201596137619,79.65819551223221,115.51066515052796,46.62655099035569,98.05205105248004,186.0491871113427,92.91673845935712,127.93387718020819,160.36952757262938,62.48952920235014,121.22970568395874,175.48194796294015,72.60131802378042,58.37807977770381,179.09103114213934,121.63811666526182,114.85640870380311,137.95307382662423,49.41684473528922,44.02336091221625,144.8874347944929
21,6,0.0,0.0,48.253778781453164,198.9840650829178,168.02294626398938,66.62689911670383,210.9103709228045,75.45244011816867,114.40305156813967,248.83377834203424,129.9071531965011,129.622702971473,142.826500406743,38.816421410679155,91.75973711316466,162.91177449095292,44.528845011865165,57.421730451297556,170.52486078064754,134.02692086449423,56.92927781252147,211.0036359793323,158.40364846939147,77.82290222569378,181.777627953771,151.9601963865593,104.49368795176149,190.2330934642516,48.44282927352265,126.28289964717341,192.663432489233,92.24912647350004,71.62821731317965,188.78773867233025,108.96765792149192,68.01706410928573,198.31719495465157,111.5206372729772,81.18531515299665,135.64454833989672,50.82329642110108,91.18287473847302,190.97548144372306,94.29425441336346,100.93954067711084,216.3025828686977,55.22780671982297,119.15402618385758,157.06332802361308,86.47308528973595,81.51193852548145,166.31713069164792,118.53780649836091,103.38049511036965,137.74532861380288,58.90204095379722,40.25170391106201,115.73271254759783
21,7,0.0,0.0,48.653597450638,247.48782637207074,177.7351025705852,90.93893389171946,176.70310048262516,85.08497804235385,120.63855574909331,230.06984635979208,101.03945854929331,119.02294436546782,207.94667828808616,44.373603291448354,74.72465970729156,160.70559572744602,54.03043579607877,51.51709056339608,182.3453647176077,182.2722582039678,75.74581583476663,190.20121096625488,153.8243658866961,94.56353960442466,283.6667084558338,184.4688016502928,88.97187458720721,163.42258660130182,72.90235392154186,91.23550416532079,230.52377054588118,108.26264490580904,60.85316277416899,237.3868560730349,126.54700171597437,73.24395360870288,204.76169507212433,113.0843025614331,82.30436873150974,140.5614023277463,47.97742054764448,101.88508202149825,197.63504839116607,140.81649858563026,118.41240591993675,198.385536170921,75.13425333225474,106.15701338028904,192.13726878070244,74.18652710942202,75.27529343472324,169.69664715164842,84.2302438289881,77.53351828929875,173.60470718210894,61.60994378924602,37.991458259776756,96.70126542032975
21,8,0.0,0.0,48.567170208316696,195.86928019691487,147.06306438665393,80.78568986572141,139.0864086086871,80.18261001409304,94.50152324605887,196.353630156471,120.56021240247273,112.7340173234726,155.40662596889433,36.33810868232543,132.51558618764895,150.17452279795347,45.31817955653967,54.53367754336987,196.06010871617517,151.7521702820912,83.3147068534021,230.3144295438286,159.23658401865592,83.36988817554274,177.99793255871725,160.06541141501415,84.23568184456086,149.25032950384667,60.90736369169693,95.36255118092429,168.91138460750682,83.7043083607438,59.89756844676388,205.95496384161902,98.82534922959675,72.24944146584005,223.659717272514,109.65310456358311,67.0996686994867,117.69198074042502,41.470257732363926,83.55839188964676,160.25174917708978,106.57632667535515,120.26102142993055,179.4657656233563,65.20237905537095,117.50588330939149,193.56084299126184,88.02060788655564,91.1498672111567,172.66775313874254,101.52311099568735,88.74052116858688,120.20347560551963,36.8170416028355,40.72104912551372,117.77303915901139
21,9,0.0,0.0,48.93318136888572,197.59895755296367,123.5772110731711,89.95979250791517,132.45309852308836,76.37633131763116,97.78092985530105,205.69871138922687,88.41052575330616,134.1258906230504,200.24345965017326,42.96827516948968,92.26426154339782,146.34880324422608,42.38973462365737,46.094037440137456,198.30478116821544,152.27582570591304,63.376785535239065,195.830227661618,144.62869075370728,96.18872272757302,253.88334957355158,152.89396960556675,85.370211085145,135.03479083152888,61.699745287963,108.91117792379129,212.970512062749,105.40536094765281,73.12602713873241,173.7311311581019,95.26064996217842,76.40376326818199,173.13627654650563,112.29101077073865,68.99324816674128,115.01851810035488,52.568229621202036,92.2808935063653,176.11680621886748,108.43416059780941,110.46809410759657,140.58213316298833,66.12821794525999,117.41285593435879,195.88454584378007,79.49059511809202,68.59560088205055,138.1396563660562,99.18820127633221,86.41597436741938,127.03214198278948,52.8333142527732,41.436542156809665,94.7610004469236
21,10,0.0,0.0,41.2143700757032,183.20644776383187,166.57076586993418,95.47027915187209,201.08258114196312,90.53526818263748,97.0149408895557,169.9085718937004,132.59476921434415,137.32602600419762,142.63453524648247,47.447902130578925,122.46287830511535,139.9794975826694,47.92362355147071,58.619386921788106,194.48928227827798,156.1196717650639,64.88318177342721,227.7826523698805,168.37462199872522,83.10991241766247,326.38402502065804,179.68573851165615,82.70933027957932,149.7459239470342,64.57212334998711,144.14414015282898,172.62778378555598,92.09357341083772,67.89075476134144,154.52018790422878,117.83063243796985,80.63173676429842,154.21531484744014,123.71964098906375,69.680126805305,125.39936995846645,49.15648179033521,85.34378168140518,223.1474923055109,77.68330810903959,124.57824754054182,130.8491431305222,65.45504483617766,106.94201304859975,191.95425810431385,93.6830870173379,76.62508874672024,175.9807416669372,117.29401531301266,92.85498813338681,144.80635474842026,58.26905769190722,41.663796248528165,117.63830308546297
22,1,0.0,0.0,86.44575087442999,303.2476129150738,156.18247309367547,80.18575378496763,263.9797944044449,209.07337221666302,106.90838307337073,328.3555446199515,259.64589972195574,61.50936529792597,259.3463095357089,252.84808739776986,77.94941570565226,201.95584375634007,167.98981987303753,100.66946670035395,289.875521354275,153.1451552113298,136.46340435841645,223.05834176820719,100.69544805727462,158.30408844706608,203.00760427681763,117.10033847354352,79.48446281052817,327.2806195738103,244.58691797131334,79.4872823142914,251.34479913126125,179.62831018918754,140.3306453616848,315.9355697330475,165.83177904539914,99.23259561819322,261.51589624886714,167.1640092865738,97.96616703335278,288.7736227779555,190.00842986251686,88.90577085107044,278.5821592155856,217.9758857765815,155.51147144897286,289.7783932677823,134.18988621694706,69.51364201016203,250.08708076524763,168.75786272555786,87.51086054808115,197.97715674223318,146.69210527175505,69.85777925282656,204.44447589043304,128.99884588667652,61.091911243782704,102.46657914766992
22,2,0.0,0.0,81.55295413902091,261.4951707063106,155.33268454464977,87.42638991042892,307.9812619796701,242.9940474240317,122.01158231341687,328.39622922198413,209.19302520013335,54.60814558041015,315.5863303846819,266.3763828569747,73.57864846794976,237.88271029232192,202.8739022119344,85.69098231381338,312.4986056652204,156.95530922021973,131.19028350055729,245.76628586550126,128.10605755243736,148.22695484060247,229.95992157405408,140.00316763003252,77.8089159572387,332.82619651067415,267.84319334596563,76.01534925919542,225.26584932726752,162.716719719522,143.54476590022355,259.7095302100116,170.2628590144986,87.21091168005155,320.1506229550637,159.73310799096748,93.54196079685843,251.1969384928704,196.83091882880015,83.46308952342699,269.1222954208633,174.9152123533483,187.39537018477637,253.0150745767315,127.9552381453548,72.69696802171546,288.09846117894534,176.7030549404106,97.52666111225756,278.7096382333377,177.9600826632866,71.96351712157394,178.29391439306247,140.39818640693144,74.38808943708094,109.34138878145473
22,3,0.0,0.0,91.6160360864821,301.9201428028305,135.58909398891578,91.54597886296764,279.94766213606005,245.16222567634208,119.09915028181118,346.6255848605829,291.220438198219,69.80072126582509,328.36151502435126,210.38685335251725,80.86219940767506,249.77200966030242,169.16982421404603,85.36440764712485,254.91318837704924,172.6148613571854,127.48986726605628,223.25397183893827,105.44851621882488,126.40988265422203,227.02957496655992,141.66238461263526,73.06486862194582,262.37013408718536,202.1183344199871,81.7291973841905,315.5364185614508,158.58217533250885,119.17460989499787,264.02252262021864,181.01800789212825,99.43357807174853,287.4918324502193,173.36549003818428,74.34098513213857,266.43899364287637,203.65980913705997,82.63294577726595,278.5204731857376,179.4650653207552,162.47154949843673,284.731577715844,175.84019597974782,73.21170827275742,203.33709599708493,165.50581153802096,75.45843373988333,221.38655283316854,181.07960532416706,77.67873374364724,246.5215511689085,151.14457455260518,64.58532859836129,82.58304682441936
22,4,0.0,0.0,96.48038228679668,252.21374549002095,170.6240903004801,83.44330660029104,302.98668683475273,214.83397882836,104.62160635508954,335.49255598002486,226.4671790140516,54.48968175844581,302.9295677282655,221.44287763939084,80.20416353761084,242.91490118168952,163.8646912565949,114.25013487363552,247.00249884242822,168.83177979634894,108.67972123832087,229.74122931195237,107.29874001996899,118.34763390462302,267.06839780157367,108.15121499543667,73.88845736494011,311.0887332833142,197.29649379923856,84.77333632831859,240.68977104260543,159.48563450899434,135.41229419006328,300.24956998693887,176.8827219800711,117.54634024643337,253.69240867431077,151.41788414776696,85.64608019337567,253.55413253046655,204.9376172539686,83.20930268550866,231.2611572679689,182.27253322067145,151.43589901891818,302.3542403298354,140.94151574337712,64.26971154296695,255.68613732134074,158.89968133251045,94.95724963945516,267.8800474851543,203.547662913382,77.61096539588992,210.76552082567963,133.7369787737123,70.98949186705941,65.09218363123921
22,5,0.0,0.0,82.74834161928474,214.10811664413282,167.81635194475072,90.25718302141622,308.69421215708667,152.27847507418613,97.82988232667519,353.90322240561335,231.59878307844846,47.869240185562504,258.1185241227037,231.441865683939,69.31184565999743,252.68398761364955,219.2030826487813,98.37985251898009,259.11618339315896,157.17700674102204,101.56053961867266,241.78764605874403,96.39911804969755,138.71316780852257,310.62375538609854,134.7320779645971,64.92766382229529,258.0157581734267,158.5822459098099,63.630597078839216,227.57572705051177,186.43114590183177,135.4513572889561,283.6130017769677,149.75949147223687,88.26395673705454,270.6666190328713,168.83063611005912,94.98472129755946,305.742699754892,217.89961950290825,85.92979790449718,259.78324808369587,191.16452671137142,168.91271793535194,293.5394560019474,178.66015551056353,70.84532615717966,235.222124309785,167.20905898700866,80.59626703528912,274.88039887282923,197.10637626927252,68.86182508988483,234.08858228789614,158.01885109146718,66.77832985242065,92.64293511542776
22,6,0.0,0.0,83.57024177180637,268.28329660698563,168.88284100241742,64.03085699391474,239.7216164929167,216.89365772665855,112.24580239832582,315.98757120830516,255.4138405042321,62.08998342221553,229.47758410399354,267.0279447146382,78.77705364923612,260.3518540115371,163.24077622839891,99.85728858644762,300.0533338951899,176.61248166710956,120.59362085317036,242.47217415554678,113.46129202427082,140.11382642994127,260.13077098724557,136.6681845735902,59.831546029336366,297.071172622729,212.02080336969985,77.05408310915463,235.87120623384894,153.9163753036009,128.57604763702113,270.7404781584125,183.81529300458539,118.3653308504559,286.2269045117141,143.44814607270143,90.146748830695,264.7507663513856,186.62554104186532,87.63801883718006,268.2272580010474,228.20221970426326,153.23486606573178,373.1980559227574,164.10536957967386,78.4932954132457,280.5438099746901,194.1349939900627,77.89496545898949,224.14268187844334,152.1134058645079,78.88574520500676,222.6498911093576,138.67713996649397,69.61085237870152,118.40094549320305
22,7,0.0,0.0,91.1376442068411,282.9980439867519,172.92988349873136,79.74010537266271,242.05512021882294,218.5787072880382,93.02640149836418,379.5306837388903,242.8747035766045,54.46656873029738,365.13623780064705,244.016089680997,67.47537623361421,276.6748700846916,193.4083761549296,96.27648327478107,281.03903013317426,139.6892370307108,119.36192948645541,202.27213481226366,129.2683678990629,147.00905763609444,280.34062475039553,139.70884043284218,60.72070615359134,315.1050606548811,218.76913648458205,70.90076424390143,197.14428383564254,131.8662025459662,121.42577859420442,276.85303568137635,145.3447977550293,106.49118640120844,282.603098186567,197.8117104649146,92.90122718549856,274.1772572605225,175.98610786065456,78.56183931421712,292.3437708572315,168.91256609802508,140.56560740197037,342.24741915444395,141.50442938315106,69.56112058273389,269.5797154637082,184.18805522599607,86.97228458384298,248.5188888737933,173.12203461845004,78.93432096699573,245.31495650944495,161.80351611003422,65.78290131496433,138.59522132517372
22,8,0.0,0.0,91.7690082981284,229.32603521940408,156.6152204269068,77.13439066959624,246.8007869501029,196.91208775674542,106.54851366947712,298.15062808498385,220.6613266594451,61.0426734934653,315.4104579243194,279.11549400682475,75.18417613898676,271.6795783785885,174.6897952745352,92.1369013412739,258.0358259371616,173.3707310552289,127.04653616896404,222.17981738011042,123.7139564529744,138.4477579699656,248.83289872893062,116.72903927082486,70.44496662975727,240.68251653119222,217.01370634159582,83.92283422820913,258.089122792603,145.08366863383793,101.14157507379147,290.24106119628067,132.18771248187466,88.00569541754771,251.9053658724999,157.61270916710106,99.27142306460071,224.22840239780356,196.47230499806628,94.90763175898982,297.24925412222376,162.31996683069096,168.2964677128256,266.24328631518387,137.1472092388666,74.59850696655447,268.8598782903146,164.44468922302042,95.77754289434137,299.8196876816751,177.09204638908128,66.13508656484926,205.26566868825714,174.53141567337278,81.964871950437,73.64710152734054
22,9,0.0,0.0,72.62657489547104,269.34899436423376,182.28605304994812,89.17575950247482,237.01872877800872,171.63398327270426,92.66357913908192,326.6867484392143,284.4380922144303,44.36560487774745,271.5829552096755,233.52899413654137,79.64785047071966,236.45030968698583,171.4563257765048,80.79664608120717,260.1828085455167,142.02763959828417,116.60764373842783,192.0014823094783,123.49244754092729,158.06288542622872,292.8480846821536,147.0781231417385,66.10055620933667,341.73730944632007,298.7283406367388,92.68505163983819,220.73054109039967,158.6001353073808,111.84782556323897,283.02503288413203,149.43484182753267,114.58367232134746,266.36114601513367,129.28541100604252,98.2468453951041,292.0566156695964,177.73303151328247,97.02860976670982,248.05898420432368,196.39084394250503,141.056907467756,281.4967183546949,139.97182370656972,75.81671936695211,272.7184677576497,168.39775562977883,100.39076919262553,271.72578600230264,175.93027644674424,62.09920768001176,217.0564092594552,161.88540435292103,61.652612852613295,118.15318897593119
22,10,0.0,0.0,79.80764508697835,225.32433232641947,182.38194656667994,87.21723960526307,332.67087258557353,196.9450241724488,118.95604367362944,304.10925627326617,210.59585309193758,58.91328408828468,248.13410002938116,261.7244294232864,70.17457105166771,224.08496007236272,186.57031762290148,76.49837159588778,307.6904000882695,197.02725777986487,141.28337311456855,213.82710926803458,94.21881775051592,144.4694460864953,255.50014766456627,129.87957382623222,58.311133494775476,209.75109574040906,207.86630764114065,84.78445651200319,270.5365004372852,154.28980011549783,114.98280104846015,313.84532737200004,185.93824279616197,103.40296746607096,287.25618607621675,165.30183714453815,90.22550918017033,196.06845976599573,195.7187520142392,96.68160791455638,284.35725102589737,165.28767185198723,160.64285531945308,326.95194540048783,152.241858440159,73.08625154677974,213.61264809475585,153.03736391247782,93.20805336356385,276.36113518465623,188.9594791517804,66.05040154938216,203.53987652651938,167.97485367458694,73.43507359882479,116.2805369272391
23,1,0.0,0.0,110.31728088931024,360.27930890968486,241.80479616459215,95.040437693945,347.70951236867757,268.2739330792128,86.55848662236788,259.6529956230957,157.55515659002083,110.80475767840585,461.64391904240176,270.7140854668793,110.73932813907791,290.3422168787152,221.28585648434685,85.86935706627376,229.76350281286884,148.89075538802533,122.57035885453999,428.4257398224861,290.87953512045925,67.90215614279558,282.95493904741977,261.93302800667556,94.19519645721923,355.7082016235822,326.3641192905292,87.4283851365112,242.17537952214735,195.54243892684903,129.6963140708794,267.52374621291733,182.30612336839985,95.83761694871426,264.4168445257877,184.37231414585636,69.67535149105596,369.0311205970213,248.59088182606013,111.0125509612711,309.98792077934644,182.9786941857916,108.23713393055341,252.59417388114196,141.5541618615458,98.58020459197843,357.7854172414684,238.40597539085874,98.24743296283377,264.9383002396211,160.40742643355756,52.576119076089924,358.08721455555485,339.6517001533348,92.954799651836,119.20035948264578
23,2,0.0,0.0,107.83959893282426,306.16017432331563,267.71416629880156,83.14997499458737,375.1482203074822,285.5819371669141,106.99354335261187,248.29543419367175,127.27805693279561,105.35365795077612,372.4824377497209,211.69193564509777,104.119413308651,302.3239210427817,173.9088811467866,81.21597184397086,205.9639976308324,121.31130113473301,133.5467468653653,436.2174360248376,209.01799223375227,61.38317325029882,355.2888645549601,247.13263673563088,88.49991992177351,323.90724399125554,261.2650781464602,82.96474421603907,295.2776668885556,210.99009885642607,132.7229507618901,327.89084476701174,209.64514030070563,96.32476668651921,297.3552580121033,172.01871320451684,68.16820437216444,352.9458486697922,284.9056994942629,87.28876404284851,271.9237608702316,185.73745545747616,92.34370234759173,249.2531430805651,132.3693466742259,90.08362202952627,290.4321584710193,228.69493103369282,73.52483407424506,236.01175374430613,170.92478313923255,55.50743948469996,390.78696175813485,361.6356038471613,71.40679591024205,99.0780397512471
23,3,0.0,0.0,120.23981561227428,301.45748359169386,244.69363734727438,74.9265794605299,330.5062285554934,273.6034253463505,120.42956649858061,254.88982621136324,172.61333143804418,93.78625175945612,359.0998451640834,270.598303156521,105.54171654704828,306.4197061359265,195.64209358811138,69.31115483306108,211.79724031495556,155.94775100105207,122.79469241104549,384.7537821754579,256.5841000204695,70.45169123787417,350.1813062056401,199.9091173583294,107.13859061736791,292.5256110300072,261.10513553326643,94.52716336609521,330.6257911232178,210.82786666267359,126.61172827392585,297.9727752954507,187.02744314273673,91.52588385517672,246.72964674253782,173.9785964702962,65.66268186361229,334.65692900789844,286.52828387745484,86.3528300892279,331.6000077118839,150.0931456962146,123.76365404164963,255.44279491205384,105.4992146557895,94.30131348404545,373.4897178434534,197.96708847997994,68.3971093760621,231.35057521525283,186.3679633790681,54.91325782960595,344.0285883387006,397.6686444368019,65.30765175695757,71.54392067521002
23,4,0.0,0.0,102.12601856303249,325.36779004321113,249.3179527474719,84.18468751407919,379.56612100084095,313.4809450301001,109.80607260819575,292.5360383666573,184.7621939059464,121.74913597916027,383.3553035339262,238.10837704373125,112.45147473283728,305.67716606105427,154.05379948606753,78.07270108559423,204.77292458851568,145.40736998943834,122.31254690952473,356.00222870871977,288.0283260308153,65.32730076599239,372.66724401935653,273.71804424402654,119.26255595600023,398.4794212410414,303.70571096455535,75.64259181473204,312.2006189424754,215.90381162616134,98.86116221804593,303.7702199749814,155.07649750557917,101.62107750438243,252.7619307967328,207.8101462751092,66.35796832602401,397.0886008615093,282.2449004412313,63.17968332486235,253.08899093237545,188.431189910502,100.35973679380909,249.7649660915798,157.9641163702337,101.36586725622445,390.96617062242706,285.3620249004302,91.65755142527016,272.62626312628436,172.3816480394387,61.96862919554401,367.14364958420833,301.799788239123,59.217487314239534,127.45444312053203
23,5,0.0,0.0,93.66130577827593,376.441420145871,240.1505649107262,71.37017307169798,415.0623302734752,296.82366000557187,102.89358101096744,292.06336962429225,158.02765810321603,112.99139845322559,411.639856070713,256.4173769986959,110.0369177363294,358.9488310042487,203.2491080762992,81.5148049195422,204.31503881459014,124.01521084412784,121.52767952128426,445.30000591829327,321.9389271762724,66.61747304328034,314.0527812772492,229.06783312766277,109.05740221954848,368.56115264785007,287.4750047315458,94.51607245914028,307.06852633248553,210.51961976670205,104.22786903242562,338.11411975876626,183.8816823749507,89.00993618958768,270.6352519986221,191.95019710515305,67.07861037208201,335.96233914713315,305.45335093284905,89.27459415113809,306.3565557242801,144.60657077904222,111.6551745901989,244.70386012567195,131.69258934838697,79.6594932585493,351.8997065822898,289.65825671390905,99.09960999227992,251.59355865851984,200.6014366531374,61.73299063830512,387.9179244561994,310.32606032765426,63.51751280395857,111.31863759516487
23,6,0.0,0.0,97.91451417604463,334.26988359488445,245.8007022023006,91.76507625146631,388.2156904573354,310.37284155852683,104.988080765707,311.4149758908013,168.6206445889883,110.34287680883199,424.5451505197363,262.4807351457192,110.84468747836699,335.6401059380244,204.46456797438762,87.58537913815465,213.2035622954853,140.4046166354075,133.539772637952,442.5206394060988,258.9856120847816,79.26403387020997,340.47990717147195,252.53110849671847,105.30212049344468,334.0227146150959,308.4210022460228,95.35372982078948,309.1045987075726,198.592165216784,109.46898507915868,324.42580858911305,204.18903435035844,91.91754860122744,302.987870714047,181.27584861577185,79.17795194421828,349.5221153891753,287.82755609819674,95.15653499212192,259.5196105776767,212.4269016260829,122.3331823814656,252.43289762004326,148.42072662821363,78.37454785789164,339.70224763628164,243.34122395363548,88.82480875416312,237.13666250963965,183.74618070717656,52.217298160374014,469.47963421448003,311.62820815491574,68.27455806496822,99.4499736155965
23,7,0.0,0.0,120.1763371734259,336.4582661259226,221.03956787612591,76.05453080956035,376.59983410997467,332.8940675546337,122.8350046800692,291.63983919078777,139.65083502363524,100.40149568075043,390.6273736210642,264.2611617047996,127.6257387210924,296.1771767985555,171.34583898753027,89.43997816674505,201.67939108251937,145.67120250927323,111.00864266406641,395.7008202103302,286.25990336819217,71.03424946060356,364.9164209686526,259.18642452461205,88.99053531180252,426.78712507722804,280.9853274426161,88.24674062551975,330.9653915748622,192.6008718628523,129.17584417581824,284.4284966892842,215.03507555751855,95.29004740163276,275.2754335032889,183.71550868676346,62.72103196509217,352.02478756595434,287.63477808179937,85.24010922674351,263.212973815922,175.22371534228535,112.11210813306853,234.052057599818,152.32707017209103,80.44978810043796,303.573826124749,274.3000374621661,72.2727307992805,233.93560338764567,163.1022741270328,52.29954178734283,331.6953103420569,354.6925012318599,66.23995307224675,118.2942239549759
23,8,0.0,0.0,109.63279671251048,367.83175227661144,243.3704264735201,77.06816023174031,365.9181873963994,284.0710027590693,101.81379486179824,295.7553458702456,166.22038367386335,89.01190381438458,461.3834682789932,346.26447002811204,114.74026022286768,282.5223605549323,229.62269839070677,75.33847093027344,213.21915797016445,94.33830328265412,114.43739345215263,482.792960498427,308.3519903307955,80.83532545741785,288.15386805013793,244.4517092891101,97.17970464213569,348.58241602125486,293.04680651383444,94.87078586208244,273.07753571750624,156.81952129652132,127.82684855533068,347.12867812395183,175.48995976957795,88.76110382328174,230.4653981988585,162.08999324360502,74.23970956002441,356.01333399005176,293.1428612909633,81.34586254329213,301.17367663594916,196.4161492468489,124.69310256905649,262.08710588560683,128.15142940340098,81.08409208416765,301.4854442827362,225.65627788872732,87.63785158650947,267.63785041703204,156.0417234564297,61.16320505599646,462.0210230403675,355.16157085018534,83.89886818988765,133.89777539405466
23,9,0.0,0.0,115.28823556817203,292.1869085524921,251.44331456306412,77.17109138886127,372.56814680701484,244.719882449258,103.62638530318803,234.42081613840503,144.96858609349565,114.2617231166479,390.4528603263382,341.21520896042335,114.21379296537734,266.1752127061243,213.55303521073398,90.63092448776332,215.98930507761906,158.45550085370766,121.43612106243518,402.06677328003883,289.98272307017606,61.82324120785235,342.5794941204985,304.96847767224483,119.54287043629603,347.4017818378705,282.1790232077525,84.49932792183095,271.258184503077,204.11519203328595,114.626078195306,344.9164220568264,229.66305109715196,91.09097161437785,289.27628113384066,208.96972135683762,59.90265980559325,371.88659710660636,317.5261219842187,88.0806955548504,275.7425255918974,172.71254838428789,107.66175881246399,240.2737661542971,123.57153027382867,95.42659866702753,372.3257931462347,260.11914176345545,79.22417901534993,214.03589908733707,183.84258235400443,52.10312717865975,388.6638838729873,335.1216666587839,68.98925174917494,110.10802195734641
23,10,0.0,0.0,85.06233769782555,328.97088193040605,228.19524777307797,81.25988080082458,426.10298579044763,235.80778819896466,95.46440917711105,254.24554261092186,142.3032696677148,125.39764241619783,397.09368309893165,250.19780518776724,117.85612503987731,305.3320964131423,179.31797362258615,86.08223732884572,215.13858767066864,147.02178732433734,130.0663537914824,410.2525013573342,259.1377564003497,84.11288896943704,289.82528335911525,276.8991900798011,75.0311685963796,351.7428845872164,285.6492090520424,77.36899392573152,335.57569475931416,191.78419730056194,112.0650963209901,357.14812641706186,208.23881479659298,87.7957653727353,281.0796315792067,171.94831923920657,62.83395608982392,384.3037044042914,293.7482987249828,90.62843882667171,270.14811004766915,159.43624734355356,102.44169485679163,273.4111324597082,153.97004553331482,93.33076162798173,335.42842091292727,226.26683450367295,86.88300741024071,225.4612864971385,176.18092322957597,56.27061401535677,419.4277811771505,295.5792518843627,68.63236760354756,84.9299969218566
24,1,0.0,0.0,62.784154142891396,148.64647189089106,78.89023836988903,113.73203530357121,180.14765996712467,84.57981427686985,84.2550505708925,193.5446256029136,108.5021604856369,92.72096734345872,170.16383384399805,76.09664891921715,44.09019690868932,248.96027770915197,220.2909268014553,50.6137474657408,190.6369326039131,84.47886212227803,100.25732347066301,195.91765682622614,104.20621749812281,112.09076111384817,268.51558251480384,121.22735315011057,94.23507803086942,136.48535093895114,57.986790651886764,90.38947890247914,200.6880745073166,129.42614012763482,150.67236917230153,206.4566463216312,49.50605168716116,64.64119712180462,150.83508483081414,119.75046970841208,38.06558416215707,251.1213153793185,176.78271270060125,123.13098089711893,202.65229370796496,66.26247271888239,131.9745588743054,176.8252396557549,41.71870183433258,61.95552773827554,134.71769436555675,81.9163943574248,79.01675047074548,190.32616613661918,146.4635608923993,96.77305758625768,229.64345503848364,126.18837014338338,91.06307496324371,95.32089591917321
24,2,0.0,0.0,63.41537990982357,188.8029517960376,78.96298860584996,114.975402818116,213.98294437872693,67.74741482034246,83.16605754716102,156.28652619152774,140.06573255207405,91.75399421207199,220.4738037449104,108.31442654887229,46.55674022920123,236.17170853121397,168.59018540543087,60.45124476533361,167.3605583309317,102.70218423363148,129.53450173942207,248.28833546812982,114.3077609630189,120.19458153275825,282.2887727272234,151.6616836057804,72.86593007531081,149.6766184819498,74.82182443593454,83.47029283641454,200.87246387737258,99.57082894907745,110.95632941277313,198.51576177419605,63.33806580408607,50.13352010215431,164.68240407539042,113.68436140592192,40.53477497545996,266.5761027575245,215.6457142753959,156.48501217832967,224.02282042731895,76.09964028570403,112.60746984376152,156.04432720066617,31.452460111938734,81.87296036812609,187.9636439090042,78.61088559883336,76.74482358554702,221.58355905654454,132.0834064940648,95.87555206617603,215.7491207502997,92.54633163820695,79.12949708061379,105.16833051416421
24,3,0.0,0.0,51.7504798776178,158.3494802112822,84.93009834697591,136.86539743290143,235.69205708730965,86.93569382108139,72.73187334571158,171.12787568198,91.30630502218057,80.98311324559322,155.93658247349427,94.99081153246493,42.86236561813054,265.12966717547204,150.5564431146407,77.49827873814002,183.77281601513954,78.49411319880936,99.99033313620502,231.55435928389306,103.69327355560301,119.00539404481646,273.0811835840862,130.57962650549817,98.96064444477845,149.03051053485925,64.90155990747587,93.6399276270961,184.34879173335247,106.75514192091333,90.79008508359053,165.39717605225908,45.47008171167159,51.51890756793416,138.72567242597935,107.45382188885768,49.08259040036841,224.9221319571067,146.19744440714345,123.0147020335959,189.30904589396138,74.0724141137755,136.19444589381237,157.70169126714885,36.59803665397255,76.82647256801135,164.52863543775294,102.52432108536786,80.15386903662967,206.0575550413088,161.75134269230028,84.89717918969797,207.52739700441475,125.22969735045325,82.58102443006415,130.6598530685675
24,4,0.0,0.0,65.31396517545673,182.6108683933602,66.93681376878101,139.8151241680063,191.31574704493426,80.94909028687456,96.30830126779819,185.77362879529593,124.78022597870303,82.32301420633814,197.68856977971768,89.90953243671531,38.93353518252222,232.69306499787024,206.300883179882,74.33888106781787,152.62117457263045,84.76541282106363,113.27658349167486,254.3571370912012,127.27874525604747,111.57178316936475,222.40244646443915,136.46413024884288,86.82431526835815,163.5213927339097,79.01726920015615,114.2864904485438,183.2255874573984,106.9003170026444,135.86471096472144,186.00626104021126,54.114990875416,51.660313859437835,149.9124579972734,88.6795850245295,37.1250938544004,246.37797852033592,223.21679415814327,120.06658052752726,167.10816079862911,57.56091146393325,137.31476802692066,149.3116240385147,40.892552704096595,67.91569443940216,143.52064684184802,98.66244075512768,83.9338399088625,236.61203087504845,113.89561126737084,91.53979828284221,172.00694624311643,101.52226987596036,72.66081066709513,67.44273113906753
24,5,0.0,0.0,68.38233266378629,131.97905387976863,76.57072184123273,158.98305002622033,221.42416713334646,71.82267426703301,67.93069575886612,184.17268500222207,130.75120609165018,89.99396798984647,186.21963597777193,87.8143206178371,30.56139100844456,281.2386614393263,202.49279467920863,66.53905966991829,184.44343143018077,94.84953515117078,104.96104274135293,232.2962839961557,129.3979728966985,116.96246368472832,211.08045194161963,132.23912422597576,82.4602027564197,174.53059005588239,75.84064242438849,123.23647788290843,198.1991027619841,95.19394124979496,98.4066614824696,187.25460274550062,54.1497164808056,46.170869490624746,164.6143096678663,106.54058945610356,49.252099562159835,254.33878078549867,250.5104607384128,123.24503461429518,168.16367797724476,78.16601412029686,138.821557571668,164.14232718426408,40.155750552659434,83.49897700872353,188.042559704175,83.37062800352078,74.29868896036572,181.30020283084468,113.22544740747034,101.59178541474311,205.24619443779238,124.07491035686114,76.48035045441395,107.10629795675142
24,6,0.0,0.0,66.47440604064533,171.43848570395207,108.54062771384284,109.95281125661288,192.28462176477993,57.222554506726674,77.74836387083083,180.00742422591833,102.88621749600415,97.37341746511922,185.62653503041074,118.39841463741512,40.93347170443062,264.75575143630215,235.09961525207817,64.73135267323873,174.4818934728846,91.52686366100401,121.23200138521355,240.95772087153992,120.2940222670445,94.9177140630633,211.3101401678331,116.25572700127321,86.09761478566273,180.648181004667,74.01481625521349,99.06837694601279,200.11790173695263,98.34044390254996,136.95855988659883,192.9246761726045,36.844703085349494,50.86417846012282,172.66251204050073,93.4820089678702,41.36947232908972,241.18878612236617,191.49565453887718,127.03106401231054,178.75362174002447,62.62755079479625,151.49998969329823,148.16334718267723,33.89912881615415,61.10197711621957,146.37514840088028,72.88107617903633,81.7956847141708,249.9960664610697,121.53267957063302,102.38493695160994,257.31026662262707,89.6191121768885,74.82603929189186,68.13714421243162
24,7,0.0,0.0,62.20835765299603,213.57674158188098,73.32358176352598,99.93784736008749,190.81102910603508,50.11763562259284,63.9539857475396,206.81779371527216,120.18591303775872,96.28894007302435,195.53241980788061,114.40983658181129,32.59326500756865,239.31909066035678,172.4863979887381,59.70512187424241,186.2448797159608,91.89822164740868,103.10661368713573,204.70770143006223,105.09323744268792,113.94412675805927,256.3625929024087,147.73331194692335,78.83702716557706,150.22566763705004,72.63626002555844,107.15041483503813,187.78762565574652,96.17131429755129,132.55579911613896,189.26557793261568,36.130100111701495,35.12627948098783,177.79357499625235,90.97125886756257,36.22272746531568,243.95320388491575,193.9734748006648,121.99030046646915,164.89466876073607,62.27713479164475,100.817961834752,154.1271035013918,39.272368621489456,68.5986971656365,124.0953242033865,80.31062226302272,84.04038860108545,230.98043888472463,144.2400261646352,92.6100154775685,172.0549113991176,138.67442118370164,75.83326454881947,107.2283503142521
24,8,0.0,0.0,67.50063440542938,162.60099171079128,88.91328569953811,120.22675984793803,194.05320663634882,74.90521231075165,67.32257645744298,171.24720708479143,112.60018995636607,91.29228860971261,157.17827344623268,87.2096390723189,37.752793679326494,236.14130320637545,221.55847955584844,76.53249006043151,204.05145498839266,101.84930016680703,108.68232160229041,217.68005008140716,75.45604786773707,102.29262451514555,262.4188457910208,134.66834541692143,104.54653389130213,147.80977557389875,87.6860697065778,85.46588284264132,172.63518550177923,78.22159959978453,138.66509570302136,159.0189696893427,37.06346974250321,47.277217937814186,163.70497602334757,80.12622826639048,39.7427701161683,192.14523868251595,166.0477846819224,122.49987842123815,158.76223348929685,70.2024226429068,129.73673441137456,194.92571372745098,46.849598431888836,55.48767060227845,139.11669033067722,91.59651114308741,72.65493814948151,194.23339413390758,129.46011270686932,88.77237731915965,163.44747630747284,126.18819185181255,95.86164494140326,110.23494134620054
24,9,0.0,0.0,66.22115223863682,134.35668551195013,78.90378731332356,97.92973339428042,203.77021759346079,93.37491844527032,70.42887331906307,176.95200380326833,111.4223152372729,103.94434174884454,160.87487801303274,99.81456707132601,41.60148241208915,284.1867975773694,209.11040145101356,96.30745992457007,187.35480409848205,84.39768971956461,103.28743210074627,214.70544933401135,134.4934620577602,101.70517210684422,255.5670756399317,122.39594193654388,102.74465620247412,177.83299980418974,80.19535882305986,85.46417182589586,168.60902542904776,105.6268286319235,138.00407752139486,186.48010476116946,60.98700123462772,63.2799836429803,158.74345920621525,112.06912871417855,46.163457777023616,228.37699055475392,171.46354137141648,100.76458834190841,177.48909104394025,63.86868936291665,126.38765430799363,153.82908083441123,25.479257506900943,66.32737102265548,163.09483899145113,83.3142599199936,84.17995804838372,201.25429133671418,127.21912771606365,101.58469740162371,219.62834729644845,88.52880025970296,79.16030434902068,121.13894583900027
24,10,0.0,0.0,69.40405996302503,123.31703765839384,97.07789504598746,126.16518798202861,240.8368011389419,76.05629781762734,73.69548899365878,236.6034552071771,106.51085138596426,104.98941320138879,184.050404575562,78.82813240561211,36.26441280783858,277.9183191862775,205.20928580062517,67.10037969601449,152.59295951155764,93.93939914369524,104.92525423425317,228.5381812741348,110.05493325056283,114.47363258050352,270.732863113641,136.5974561694173,71.29943959814125,175.90114819295678,69.64164032332263,67.33296413961722,162.95644489539256,94.85272121427715,112.66387995603377,167.22718996311184,43.26256337804105,44.339200044578206,178.1408019333754,97.62080853946584,44.61181698793593,273.20107897437896,206.76523503209515,90.14177051112196,186.8620075521043,82.97875370761858,103.70642667212883,193.84041292928973,40.56309507143814,78.49136623310602,181.14581557383497,81.14357959470212,72.33450610416809,242.93135349625845,116.48600124058778,115.24348445288567,203.7205092916315,110.21145882506214,75.200350272261,84.07275159461076
25,1,0.0,0.0,83.78243597805321,239.68631985468153,153.92635149891285,144.51831756734924,265.036018779261,113.5253097434485,127.12902852992072,220.69980964942837,106.97446323950211,128.9123635897062,234.8967744308523,93.38609027039851,76.29075684599496,183.136810232401,90.67066852840226,123.2751197470907,282.49470012953805,113.86318065318349,63.121860616817116,204.56122174591007,156.87213612908948,92.81298375321315,289.4480613696931,121.49006689021488,67.29316563441849,258.8666197994828,123.31034531152943,75.59452081054967,287.6641211942729,165.67859314825967,155.51252032606683,320.67264021686947,126.47954672733056,88.7816182238643,274.23772234614296,175.6634403347813,140.7606931187601,139.0589969448212,29.689722663973935,76.97627641468122,165.04883623037958,98.09762220024825,76.71097434667045,161.62142163853332,89.88959492350588,103.05220638971774,252.4002709693736,112.25478166458004,117.20362508148,208.6091917820176,145.93398905473111,148.8354280300753,215.01987701537976,82.29744113107374,67.36974544081488,111.47985438248728
25,2,0.0,0.0,76.84679713750134,213.23648301254622,186.37305418860646,120.31275048510587,243.33281318589812,92.00932614428747,144.34705001430933,244.41352055201668,90.36535302895415,93.65201988343466,217.03175728148926,62.870966100160096,84.9247459206708,241.20866807076956,108.16580110565432,144.72257464867644,226.61719499980805,113.2939248376857,89.97021604341172,198.65330181995276,127.69495236987214,105.48143994233632,232.7388452246959,117.59607641568431,93.67738442572836,288.34942133609485,145.35206290544008,63.08425322443975,246.92289526098943,134.86304302066094,76.50610141176284,201.86384608754355,176.4695515426572,89.59805735828199,217.92418647514006,172.5591557969131,129.4248267632167,163.80300010062965,45.340877813129424,91.95051440182006,169.58044456940578,90.61696723633649,100.38237949954865,231.8096501172689,105.7624444249064,89.86202851266086,199.32754314879142,99.67308047695289,123.29360414266456,201.92155730010884,112.21357535905068,115.8696032893584,280.998846189909,119.0189610418459,87.48269948228668,104.31205207257
25,3,0.0,0.0,83.83886855686443,224.56965685499543,154.88610081681378,110.90032219963798,227.8308598376658,104.83434726297882,96.2063168091409,211.03148830754546,113.10013039321422,58.15578827420373,173.915751996815,97.84677207776724,94.64667073003012,193.41019932206675,96.34528186681372,88.89032669593756,274.2969434630892,143.29943684325397,93.01805999588271,228.93677733635687,139.77872120019822,82.19813688202514,209.79503816793996,185.065682373781,67.07335194240376,294.4103770502186,149.13419434332897,105.90120991807558,231.914778772513,184.55915907437122,100.4015128482776,213.30558947910185,118.17626046688707,110.24551328695846,224.47883145631303,187.35326082799608,172.93509488561662,189.6990757186901,37.11636752490519,113.59701115705448,200.89010720926686,99.57179081990311,117.47756108148334,221.7503183356453,80.47360055090232,116.58233715093152,270.76041880469546,132.78232539247847,134.17279999580293,219.2198186024397,147.26094706295757,146.50626463380036,207.51251501785248,96.01876718264782,85.54574676520666,79.98047555201336
25,4,0.0,0.0,83.0516295648012,230.44530834291638,151.2365721921293,90.65753572924763,162.87676921322932,95.19875719775466,92.37067698389491,226.87611755068494,133.38653436367488,100.4195214530965,219.07679482312807,61.4257781787948,78.3533209071758,175.27118669426935,59.72186723757545,144.86219697763363,241.06131185409765,115.10483686256698,97.49262887708426,236.36592510756236,115.16845960880727,78.07814021949724,229.81093793639513,155.33563544492344,86.03758613740396,207.0304682248684,123.8955173194231,65.51983761557497,292.5287190886992,227.45955514881035,94.84048247226013,220.84374052387372,91.2639508864066,111.48389188985328,282.5433433968735,159.95083679697885,164.39241989272625,228.5866111811706,25.302579014129762,100.9741558089956,200.2778288676573,84.69311515184864,93.8335005083836,209.10516478500426,86.43272364394586,103.09227804509086,238.3306567635434,129.17192707880764,117.66131181262509,167.1625767657821,130.84829078484813,141.50127136626256,234.31089953369974,74.33820137074552,136.75022844919013,44.87227304511882
25,5,0.0,0.0,107.14236988636222,239.46639703850994,142.32498463282008,115.68278474360439,187.33071593047018,65.54778986044997,115.00608819355634,232.78107114502166,107.18825162153037,75.05362253517836,231.48637123888633,96.31821213990935,96.43319491282308,202.47907206739748,97.20261006338909,112.11677679525525,221.26998030863862,121.89314654089196,92.9136295822411,200.24989098594023,98.77630386627266,85.66980863713069,196.84675568646566,124.69826029336322,69.604544830889,182.86207951383253,145.89731580375468,81.89400754884745,313.8085580724896,162.53924931408142,120.05870824652474,317.48793687692773,116.6473528635098,115.45773808930919,236.8175297044921,173.6904240722473,188.83797813273836,223.31933845535804,36.02711393943547,101.99262243853086,181.76727660946764,103.25785517766965,107.01990391449726,225.6099313340952,110.2460899594156,95.03603353181583,202.43638889644348,138.83361205258078,111.52847432217158,180.5111852712021,145.69521595853288,108.18190625828593,252.21911179805772,106.93123964882463,98.26109472238511,77.01999360984357
25,6,0.0,0.0,86.07733315347623,236.78463368236962,180.91848237509527,148.32996093280718,200.57003476526876,92.5399799852031,130.97802399651266,196.46578031034824,101.30941339087046,93.41176624125819,179.8657089731715,107.32324033975506,69.92673635994737,231.46724827268525,110.15418403609475,93.0341248261197,223.1972831864159,104.35439303980722,89.88720360069398,214.5152564726309,125.01524075375302,77.0131004400634,196.06133474296144,160.0498420983666,88.0555817482837,203.023692883576,137.17708032739753,97.8481806991918,285.631332481396,161.6297754693699,122.51188062541176,346.2206346969192,124.9616357158591,92.62554250911455,270.6329671715914,160.1070675457216,166.14383891766235,156.40118650057155,38.59616245183489,84.28134102156503,189.57717242573068,74.69573834488436,131.15567103750277,241.14910743634275,113.4475642125316,123.91449460934327,255.3531611401234,115.11692170111081,127.84660495485488,218.74440827305847,141.23784698869858,150.92593391045907,222.22381574059264,122.10182605189654,94.79893601263161,108.10433852595395
25,7,0.0,0.0,79.17903314867172,236.7331521054445,177.2307500701312,118.15361100024174,210.39783024502745,88.78969925791102,130.20530711952384,192.29095690705194,115.29194318886533,105.8791647877178,163.3155386769213,98.53965379034285,103.10549490307926,185.3568096522185,74.31899537441693,119.57476884546764,293.99968032261745,165.59531014612057,63.09800138285665,131.690632912495,101.53997377022206,83.78531988430875,246.49643280716873,151.36192907325625,57.60045311212973,252.9529095009296,80.26123158589209,61.377013806693924,256.97903336468124,224.91425833583932,124.28830082071438,190.117159376497,157.15197089819,109.37557409661571,262.1353051826118,132.20495532190014,125.51386336672901,190.63398226583652,38.42723364972858,118.00443148546047,163.74396072294888,79.431535938376,114.79053302256877,139.3487810934904,91.38672741603823,103.34693307291735,228.32222821064062,116.85321504188853,143.09432886771924,273.0616903812245,104.91959308969066,151.87738200299702,220.87350790841847,98.45943179469107,121.65243536236841,94.96210820633438
25,8,0.0,0.0,83.777760966228,254.72060081768498,147.50044792965423,101.03421012626849,146.61057498884804,97.3480262697275,105.04433419657937,217.86557273593374,82.04121404624328,96.1883450676224,212.78032348918768,95.94886903697123,102.73740938570542,205.86789939708723,105.2149793705731,136.21051964933537,222.93978178983338,112.72849496142707,86.66660572571078,256.98785713004395,163.97502875410365,94.25412758993441,244.84635907048133,181.8845668000551,99.92226952288371,194.63525963657654,173.00774046061045,89.91626132181929,312.1117170973583,186.09142679780217,110.88321251273508,294.5973152854172,195.2088322474441,101.91819571697955,253.1916295926083,157.4053450612797,146.5744768627026,152.05294554696923,51.43311443152464,124.58915643124689,140.76061656016563,84.54240714323262,108.38682459069517,213.36598119130636,119.93796319117777,115.04477161558547,264.54355726434846,153.78021503862618,157.73250447209216,231.6113710019939,138.30981415916608,151.05107270072483,279.67392180582823,111.47174310384898,112.09636844662839,118.68771005013758
25,9,0.0,0.0,81.97385085320713,209.9135474721773,156.16744070040008,117.17470008731945,241.1054204405447,129.59809787282236,121.2725203212262,228.76251339012498,126.95834986053357,74.32764478819709,156.04919318870265,97.25599997419648,88.56604836404209,190.16963979017433,109.54542583242183,128.1248138514456,252.9796650606291,157.3214346794929,80.40712722709287,225.18916458133862,158.36782417697978,84.01826916604645,148.2806879869347,113.07714760900761,76.32081163041595,195.62834664295133,183.14103058311298,88.12166233716029,254.73331019371213,136.8186174892113,83.52052578782377,302.48683027872073,123.44669943969626,70.17839575294589,277.39695622948346,66.4584216496432,128.52600528754542,201.7326292395723,30.867069628843044,94.89988774658454,183.25095397349963,80.0903910485358,115.60883192784081,275.94583238645345,70.4775009983806,111.10329601850862,203.7480031463627,124.6248389036559,135.65737432805057,199.1030764455714,141.23916699721886,89.25923953503309,243.79589070764388,62.575894870327794,98.24675399713685,112.61306427487516
25,10,0.0,0.0,79.25046473857891,216.54701523120187,122.62505004227152,135.12737978440262,146.04916022005187,91.99245588186521,135.64853232707992,258.22125242097974,142.38441995586,113.56508756903256,193.22172018519885,84.66068141738685,108.94030332916397,242.33311382083446,63.0782762830446,137.26693854889325,280.57449684877145,139.1810057437349,72.67981346366781,266.6465007973262,113.21171244615562,92.31285788729666,258.44766972048086,143.07264894049143,90.50836470109805,292.3769492669248,121.01273417089035,77.75151775235871,222.6868505599682,208.19738800289468,160.68611729131317,295.33176675302764,144.84178788596336,62.715082971026334,226.30252154989492,148.23317290796078,133.2818532720185,141.62662571705624,43.607471089519734,97.71540251199998,205.39079826829118,87.72493051682288,129.20408286227325,150.64688899362127,84.24275667460012,117.9817643174659,196.15246416313514,127.85250003167876,122.43884170364383,271.3737180317177,60.69606609242872,103.36393953479549,206.73958200719596,77.69712987820604,105.87643361872156,80.48624103078774
26,1,0.0,0.0,71.51845691921542,98.37916248071319,170.75017265689502,113.34742866955366,250.4737975933901,135.67164635911078,67.49660266449092,309.0960764852749,194.43495875717795,145.47327807165422,288.41840218237814,110.10613560174887,87.45683213347995,167.31204587775997,149.2784640903312,100.01889595473918,226.9205059797571,77.4825779175905,70.78847461864625,226.89824825465524,187.17226373417083,39.11656470960202,243.74705345652208,195.5427667333876,96.10717702871192,246.46781154389205,194.82144614067732,103.16121430994568,281.9456508770143,107.60633204529562,96.0558374319105,266.87659481006887,113.25845219674714,45.63062132530489,241.86877491106122,128.72121032026325,143.6126617685286,213.01512022411967,56.94620530004217,91.08791947415025,193.2386300895365,128.14671211396,114.92118424344125,244.81926991323996,142.52677045573208,64.50314461010436,197.11853283939524,112.59763447419232,99.33021682569687,256.7127651374823,77.51232070100559,76.04857932567906,222.81520284156977,169.7309660565007,66.3405042253384,123.15128387749796
26,2,0.0,0.0,88.39959399990856,214.79074604798225,141.1617393016804,93.70254250497995,232.26433876591867,155.80885136966248,65.27823245685013,340.4118550573393,213.13294290671217,86.4120501171204,314.3277622563329,133.0087765768377,91.6096934321317,149.760472221819,131.73575847412874,131.94611629028935,204.38527985963253,151.0662391023534,82.25175550481683,226.84848451733146,170.94688536850623,49.41600453072641,374.15178548709906,256.078937542799,91.3005389721398,248.06798690167793,232.5231040417226,114.43080432397441,303.15817321551515,110.65324775404753,71.42394971054641,236.58815518315433,177.9402882889861,56.05507442384497,202.0582808332997,146.68136885861472,124.19572683093782,172.24273397562,87.0439016103777,118.0784794837461,188.17553098399435,132.9187678081158,109.33900981239411,173.7936708795781,160.0999247890667,70.5914437273619,281.3569102307161,136.70733765717264,108.1119483390601,241.43965312987012,115.73716538750323,116.4481626408097,190.86531430400782,172.00712638625632,28.553486831206776,100.62431889320435
26,3,0.0,0.0,72.0466745672019,178.72222290678252,139.18876057008606,107.06400953695534,250.74547169291407,132.770809831661,52.54931579105307,200.82854476098424,214.95632573346512,123.42175314982256,248.5282625358612,124.38459718969759,70.39742901564182,241.18357519770592,117.88794484556058,104.31570703249146,254.94436478989095,139.0106504249269,57.5153370912613,259.5065686705012,134.29566494620326,44.771302788837346,182.38727780411443,295.115729471327,82.23731557018739,317.70947768377334,193.7601899061983,116.97429146805113,217.32576945661924,118.9729995970354,87.5201394376764,196.3178318757446,171.5687039511197,57.74679640287975,190.50306572835717,175.0666020846985,103.07794435667363,243.94979578045644,97.35113894332429,83.13491246588814,284.34732761541227,128.83712065388113,119.33325515636388,194.7041115171844,184.7052825993196,79.38859285731222,245.10536971284412,145.11571998277677,118.35940429582942,296.2463761372128,125.48910878742406,115.44870959044303,241.54087272708085,179.6670575032766,54.726632429990374,114.00727480338752
26,4,0.0,0.0,76.65845130717831,235.52342423429377,138.48307488347285,119.37446640830278,251.430529454294,192.89951031788598,84.01858915477362,303.2263768373628,194.57421513036385,122.8933125315251,236.83681367813838,116.71136045656942,68.90974642041186,211.94978244685424,118.5785924370052,124.4785657932531,288.1180974797407,89.42996543059412,66.81147166384623,206.3564695957807,177.0276133261058,41.4341844706174,268.8616100280291,173.1443458699372,108.59176609750017,289.0725797242249,125.39024010283268,146.90844355871232,225.7145839220993,76.59674041623391,98.39559484212798,220.4530938043581,113.70657421458228,90.82310585140937,203.87721674814247,117.08972632217527,136.24810720112478,177.64349672602256,82.43361717448234,93.60675411515105,258.1078441033694,149.3306479771614,141.644807840057,274.911707578825,148.68464837945703,104.07951141273361,269.1974352542817,154.27185097908827,89.14055034840636,248.33290318138532,144.3622112268063,97.8514446697781,271.53019459135567,146.11153519699135,49.92552481018851,74.28227527057842
26,5,0.0,0.0,71.70897012802857,172.43696314937108,125.48496849369636,103.11204752765741,239.00961608675897,131.03032252633142,70.11449002360682,207.2264656641374,224.43487185809238,92.2727257637304,277.5145658752837,155.7100053413057,48.43236816948821,170.8491632614081,110.84908025284649,103.97111678760261,224.19519364970887,140.60150996953675,53.23903015479595,246.91845088938885,180.76014818010583,42.279399776031454,313.9487775600359,181.64473215516733,119.29056055336072,260.02688019182216,184.49014218327005,144.1379074285291,263.2628180346698,122.73371278404126,49.6816812463378,254.0293687705256,137.9017445669492,64.22889882388162,147.03858377995226,135.09362430206033,127.2696600237897,232.047749758632,93.77251053183427,105.39381947958923,264.7653659053406,114.24968847401466,162.84294296328906,253.19746191034926,86.13727174295467,69.6156512499995,244.33619766722137,135.8735931806349,129.3894399156036,254.61215659319618,116.8449775570431,92.77435158179682,212.62670397497823,162.4663352466532,55.657024268204864,96.4533461518919
26,6,0.0,0.0,93.24655859154737,253.107743983262,167.58752032687013,117.72131683234274,253.16898629783915,102.84001878757059,64.85344286227455,255.37290096812353,174.72029294537145,122.60453355946339,316.8700422750817,151.4923552935407,79.71586134958226,227.73382897199198,97.37993175475825,90.35870042681447,209.5194160909978,134.8971918307656,81.04063445276688,239.8467682769809,142.0512017349245,34.92874858080738,316.871245406734,223.82294557305437,78.95199408590115,359.8869738116699,170.95220291586688,138.19265521012392,239.05766544087604,75.51786202062898,61.918418192592,234.69360224120604,165.71590661416252,58.31899703521209,189.70340959442154,114.5752439206675,122.45241637428043,157.9203329601349,73.74350715872886,120.39496576596189,239.03721168445006,121.77129543675599,142.23143833825827,264.58658879276345,126.7459350576448,102.37962299633202,186.96476722945266,202.6799337072251,119.27627077788179,263.70325987150375,164.06889292437725,94.93674098301985,205.41973317909287,134.49866251182576,47.22056990450694,115.7129083644698
26,7,0.0,0.0,94.72797410964277,172.90600858548737,131.9536717168435,84.19007292694492,192.43430302018893,150.87579323590316,61.39495940577998,234.902513897168,244.51890080809875,144.0262681806825,307.5880844975524,136.94900219662264,59.68763011355057,155.17608205965587,163.29682083350968,83.10739482244759,207.46423040220805,115.71002675211527,61.612874693406155,240.30457509353278,127.73290170152482,41.37138141953989,248.06157797091703,231.28243814236004,79.15970845675683,254.81087561723453,208.6736470146722,124.92995186285427,267.978312015803,78.61503495045777,99.27603441693623,183.10368899505733,159.98058293716417,69.09675422679415,196.48542192919314,131.68362160490037,107.4532012732025,233.72598158334233,81.48717853372827,96.12960177875712,278.37884573857144,147.1596744695153,104.06553117717199,208.2663044382357,178.59416107878405,92.94127240703692,251.58158394791292,173.35623401801328,108.75745136988665,199.93624856370698,143.59531872376226,92.19345481106842,252.04680414788075,163.23962793994397,64.15917979016014,101.09729891244395
26,8,0.0,0.0,82.34468947018223,189.5799387700696,97.77221611683825,104.6734756505879,245.75916763618568,149.30740755377448,76.74995588568002,289.885053135348,242.89251922693225,96.03728209683432,152.6009404773777,129.93270543528791,55.321635606959774,153.1348503747316,114.93470654078145,103.4240509035584,237.52248181064394,153.16115682516323,89.42525839916371,250.81695269276582,173.82956591830023,45.0431836849431,324.94460500188427,191.35794897733913,81.42410981411736,321.8210269207148,188.29280206443033,73.05580211140145,288.97774936193065,94.20771131379418,118.08122852658718,211.85799919290668,122.06573882857981,76.09563426299982,223.1412295887876,131.21130739971358,69.51022624082377,142.90774054098597,94.51181894254641,124.50082907054438,220.22480182905903,109.67186862857713,137.8183867628561,320.9332138513912,125.6099475760082,89.28852744536339,231.52573933455167,135.70666948386798,124.344197642802,215.258738767599,124.21933109153306,63.74255559264387,225.25649561754955,157.46050959135528,45.21803992569468,123.85031173374969
26,9,0.0,0.0,51.832522518244474,158.12622894774415,122.11396471588883,103.27863765782605,244.33135427263213,137.41541074068823,67.63985264523042,279.92160443161066,236.28151731400388,119.38412347614886,247.16526965896094,113.88033968681508,82.53859911389651,216.023598258309,131.84566493277663,83.55284025648739,186.17121405026677,165.44378208567048,60.77979000846476,241.4257840328837,134.74949361964113,48.31383472452234,258.25073073261945,197.98230282501657,77.73756054703489,265.97389671636756,133.25399581649356,117.1314827480278,252.54849911307247,116.11162421250468,101.69683438908359,230.62586682574292,163.53603882249266,77.29988364323711,211.10159578162438,136.90244978758753,74.63170363960148,202.87552185922428,96.24211086869728,125.34699762741101,223.24387208040193,149.93548105692375,132.71265486495204,244.9792905849638,148.66769729569035,65.00678843963452,219.72195270278735,196.8781744504736,126.06055029034133,276.6678630791431,125.62161524574118,113.79958003878997,254.1141989606081,118.34227806903331,57.07027182371047,111.78492866694735
26,10,0.0,0.0,63.105994716123554,204.76559130887475,198.81089928008595,114.88505913033167,232.88324750589308,112.10273048960855,46.25864440421648,229.57376805498697,161.43465373006396,146.4919513648299,372.2486880008812,214.6753633605903,50.09147929509865,179.25002160094988,110.58885096711346,92.09774450438972,143.65473886022542,148.06509604662529,73.12223654915195,265.45419048666764,151.1641174988443,39.200782477438075,221.3855889057313,241.1879595008827,112.77836674068516,258.6126265960961,161.90532421225615,110.57873979798775,183.68606842584276,95.47659689788782,88.87842865461077,227.4534724815487,166.0004115434053,76.626079238414,220.6077180009309,112.23748598849274,97.23111854946978,223.77804581328462,93.6877428161398,119.53144498391897,208.3547659154163,148.42921217701615,105.33044218938396,278.88585816830977,131.96738093489193,88.33832856827749,255.18109602261796,73.14744141810141,129.5240526800543,248.27710147174338,111.52209761556212,66.6741170517407,273.60452902568045,195.3278377791863,62.38767990413676,83.53299274017925
27,1,0.0,0.0,77.39678348179993,146.78390791344265,48.822587858563864,40.97541153439132,136.91792622173662,106.85486681255287,93.51499693497685,135.2201742443739,31.347235954878883,85.70948959174467,163.38370359795547,72.38488911447607,66.48470282292129,189.1999375284699,101.93981378639978,56.99515898945318,97.65310437191486,36.836830259938644,105.36252518073033,178.75455189177117,25.4784332889459,109.36544993138189,153.13213364802792,42.90854965597413,106.00622363513726,124.36943999592145,40.23590292304645,70.98013747888811,154.28851970993594,72.24357350002315,62.56258284593499,130.4753393921172,77.47966280832358,47.91970502235172,192.39702949902062,143.03900050349947,81.99513649957261,111.94383299594672,28.931631641662204,128.9491537607125,136.75530461986818,22.12918166000993,73.46874045320556,158.66727708880418,113.34741064945328,66.41835308183424,197.76537970425488,131.85692175914573,58.561313841733586,163.0461397941721,47.11831801272489,106.82978177076029,171.86065515152833,48.69810532607471,59.22909640325471,87.2504255683625
27,2,0.0,0.0,77.7663161200418,125.46033284677817,51.90424207271913,44.18067266167938,142.78431449705553,105.99353850899622,99.32147570864707,157.50056616097217,36.348772453269305,67.98265805419463,166.44594650164606,68.71069278180639,72.74391048669033,193.81124620779286,115.54105592239297,72.51764749702323,102.91438607130871,32.8654434553123,96.2469606958599,137.77315658662235,39.65618922741731,86.04576662033395,136.52456887926766,56.00457307722954,107.95853842580912,173.27482615934207,50.97589639713305,69.67898277716638,120.49025809703838,80.9180173466763,68.27961893059101,155.0003054297434,93.84906256782453,49.65589977290585,174.54453038021785,95.57921367082514,93.32061326868572,123.1670607379299,29.20730058260536,108.48545358744991,153.7868581276729,22.403203634973302,84.25895374084392,140.26362407873208,114.02880640394997,78.39503909131336,181.650856161548,115.29459986664698,85.11243625245652,115.74019614124325,59.883541117097565,91.25756447506744,155.9817676697814,82.19904058442866,50.685724529856046,133.87539514558003
27,3,0.0,0.0,67.8197254175273,129.33758647009026,53.7275555971249,42.40042176271656,133.99316095871959,79.06058989056808,107.32440905608897,147.14004078889766,29.74403736748648,82.34491357235451,207.11531383735087,73.87583869220279,80.35228653040862,164.7681660242958,119.58083121120423,58.956998590347354,106.50540120141396,35.14305825752903,126.55955971938933,171.4785230143172,36.50584142000892,118.8988415776618,121.09397582833319,41.94212377132287,112.43872523645372,136.53784839768798,57.11620461410767,82.20729011246611,156.87069010663907,52.78967512837644,59.93827329228795,110.01785644642075,83.19550678776659,40.32931664422148,230.89454600731997,98.42831249507438,80.10870383093214,127.7542685725357,38.938566596910235,122.11459489044898,172.94291735565383,23.441352325027975,57.88414259290924,169.87953342133977,129.55356119742174,82.34658500151679,174.7657724182031,127.3139756739397,80.59073064817356,108.98586569989662,46.72112437694305,108.27351969573938,175.01652161918366,48.197630777635766,47.61263493593549,119.52411788278556
27,4,0.0,0.0,78.16658069237278,157.81490244210798,59.501283230817954,47.881010766807,137.78490702356117,94.97343945196515,117.69935663574026,147.80441072972857,36.14278635062956,89.21575497377401,184.53652951692501,86.42337186541388,79.30679274802667,188.94860489803875,126.81233539186104,74.33932451378723,98.2967630241521,22.023913308362232,125.92624675015355,137.44799771287597,35.18094588885256,103.42932181738294,149.24605272777328,38.69045581020404,102.71855578190707,166.5808987126298,49.612496767965766,74.10278719502348,144.41627710739266,68.03603116082078,60.11069791502389,160.23713587830076,74.51775523345343,41.55052786799173,174.00114034021234,126.98113566473683,113.28308782244713,123.89771646822649,28.64461920772779,114.19754473511689,163.51190627417137,27.287530634608242,60.555153009409054,195.83635139689602,92.09466313129015,68.1608401841398,192.19818825282127,109.26627242949363,71.12424144672319,146.05895669445607,63.07640009117158,96.50044356787298,173.0723011725962,52.761095561233645,44.43996527991521,88.93978773971
27,5,0.0,0.0,81.19243169438442,92.31495854679858,64.18583238149904,47.54961437541201,135.74945514361954,87.12246156542406,99.66298651862192,139.86494990986424,28.1275524826277,83.30356534432491,182.97652906281576,95.99707219925176,79.13408454593885,161.9578235736493,134.05815569677162,68.12502478822222,81.88236048775762,39.23930841879878,83.03120882732688,141.74946937102027,39.85115773197139,111.10300835199524,136.6741401760098,32.53243423379527,104.09723084818786,178.2483303033692,58.53625248635303,105.21257083337119,130.76283905128318,69.99944943431208,65.32296712761297,160.99985626502914,72.16893209727046,37.21282614034626,171.09970170785064,117.98893715008832,102.55552685063795,111.8092096466627,21.407019857041377,126.81282012638084,122.9528592120769,20.19304618267966,65.84087453706724,177.54655588007088,96.94870884049979,68.7613989865589,164.61971914467776,88.29207908746903,85.68580442853329,112.5113852639567,41.42582346972092,103.38040861896002,174.04437262246344,74.71520180823585,56.75057639509275,123.76145080090788
27,6,0.0,0.0,80.33095063470923,156.90110788605156,52.75046393928247,46.278942130807415,147.85790029000177,84.20959350160331,82.60041733459252,145.81353457026256,43.061649202222554,90.32183037587963,156.46349620138102,97.53875535977133,76.25882719753741,159.24877534528503,99.40870727057616,67.1145756351374,88.7016459781598,39.11960136213222,116.91141037258328,143.71341760489014,22.26215431858016,127.72295808095424,151.36410890842893,32.4793518484499,91.77552368799395,165.8117238616176,53.19590628627239,63.007501998454984,92.31129345835551,69.94133737388645,62.340691710804826,146.1307852351746,83.8833807543868,37.241385830572376,185.53353021423752,142.3336765219054,98.3781712100629,113.42280854702713,27.327023768086296,133.85624479107838,163.86228741753013,25.2172961353121,56.27841286366642,163.88590987650485,100.27067294682648,81.46371643542399,191.76442322870798,126.39496663856768,90.65644267381967,158.27109047379335,41.62026462420802,122.3186186536789,193.35968489279915,63.412727175172236,53.90508944453257,115.82759279540007
27,7,0.0,0.0,79.29204495810036,121.50044640177674,40.26745816109535,46.442012187123424,134.11807960648775,103.94351125559493,86.59031286970502,148.747472379649,30.551492601266226,84.9021893390421,184.1025819324337,84.61100482157357,88.36723190114556,195.56066901569,84.85099296194126,79.24126522769647,96.13449655432319,38.01877862655785,112.40421868771155,147.28475593468744,43.8699936371824,108.06017954658415,139.32285160156573,33.22386455663195,85.88737274228632,164.3283188320072,67.92836190268159,74.72269163118806,156.15373074405233,67.24191562576732,50.91853647241076,141.14535650866378,59.57399421585299,35.99821779236632,185.0527473787982,130.93773650258152,103.3796825023649,129.922554004309,31.325945910091047,91.81446582715382,104.47728474218155,19.300731786241236,69.82871764661391,183.53830859747703,117.92523794909415,75.8975929265216,170.78148200401165,91.33541885959264,73.0591538156768,154.80733432526634,48.807330439316026,103.96324662026407,133.03791154963514,76.37730567850706,54.764284655020575,144.20710026046993
27,8,0.0,0.0,75.72656155318812,146.59505286944105,53.838248504227934,40.822450066720485,128.7132755230131,88.33294590440183,93.74471032075097,143.228923418846,45.086757696919896,108.73631595672718,161.76618773720742,72.71973930970341,72.32215933018857,155.04371858612495,104.98225494235317,66.60536124900682,136.6740642011782,41.17539808162904,92.57650991842628,163.66556013188588,28.47044195234983,110.101831290063,139.6050722352071,44.664113124647166,110.33317619841092,127.19070458735425,48.3306414073004,66.99890674456691,158.0183226522196,64.54398196127495,68.13942907346998,137.29018560319136,89.01822183907093,48.227365862189146,194.4266500575632,107.80750857330722,113.29670262146236,127.81767915081305,39.209224909399936,129.48092078075857,140.63670403077336,24.408688428286663,61.525073503610386,160.85112594305224,92.28407939467209,63.90726549261876,205.89756839928367,105.98717194376688,68.86792848730603,129.17872341757524,57.94879917498662,125.4354563076456,145.57460295819013,45.85193000838104,55.72783581210217,89.89527814898135
27,9,0.0,0.0,74.95968780191288,135.97630383999743,53.541056805961205,43.3683769566437,154.5857914262599,74.36250974261664,91.85988778788206,117.97010460891597,33.789730474112304,95.35041382392828,191.2776678774693,72.15956953949014,80.57295593200126,148.55639672063535,88.31686940859947,63.512718744734265,104.67142912715676,34.44268842468924,112.3761885332718,109.2328615802333,38.269768825106254,89.44031495772103,112.80524134264513,33.48918136929543,98.00464188137255,136.69359810942885,51.17451935539137,76.28966493819281,135.6630914224944,78.09968712784982,64.59878272448914,125.29122533313591,90.47445322792805,53.327275289966586,200.65651044052674,146.50933455676358,81.02513248823112,134.16336550722815,26.060332789466674,121.83452225584197,146.4292980410922,20.986605226500902,56.200899490647586,164.77940948149308,110.50435087511329,69.86960952748505,156.07821016336376,132.98966116022464,91.41770744187852,169.94163788241968,59.223495615208385,107.97586597850636,168.801391516242,63.84278858237236,46.86664465195396,70.098858947595
27,10,0.0,0.0,78.02579542579966,119.311015403794,61.349573554114414,43.57591115859541,120.07674303997247,102.56591657086909,85.83498673842637,141.49836603879086,41.51554451878655,81.08153310239997,163.42300186741153,77.83370311548988,81.52526335618617,140.36688245338138,103.21625891928494,73.98010667730021,100.42102298162416,29.492231774485074,106.2297581526224,167.43261449128735,43.26143992920322,113.66994153747781,147.75972833766465,52.49791381770755,98.32316213014626,146.64770532286218,66.2161417070983,94.25533825808998,147.97124291341498,64.11307579239542,63.89587846978996,176.4594720652342,67.69898824864335,48.78857292199952,164.78289886393878,146.06347594438927,115.78344824492916,152.96358444130067,36.41519376451814,119.97444390059746,146.4219552124713,18.117696959270024,72.38018367150167,151.46536338422635,133.57828364889343,74.68735999701194,167.7953572622618,101.84889253712684,100.46543703687841,135.68123894290446,47.49636314771923,103.23824298814414,153.2019020344764,46.80681371331957,63.217548016402475,104.3473277127886
28,1,0.0,0.0,69.39564577174667,212.24557733906167,150.4032054671147,87.02827763106487,328.76738996554775,251.14277975858062,78.05874373026992,189.38609355677713,110.56606300042843,109.59321473228125,279.8610080336066,141.14137342041943,90.28709610681518,214.54956114491952,83.87857987809235,61.99501544949055,311.4892988741367,221.6409162269734,90.27337144539568,294.8768319854569,110.63402610603178,132.9332328746391,279.4619213508929,127.15559510733152,111.10033382342922,272.8715689047029,232.0143783354973,85.80270107042386,378.1657961994095,259.8866886497823,81.221382839628,296.4497059543648,154.54509990633088,80.06941419207156,147.49852253421852,49.612013243091745,62.781099233876105,302.32034664780787,319.0717189061096,123.31199330924981,278.92734687489025,81.98723017191853,94.1393412132817,217.36897224183946,141.6059635765466,97.53939420093461,182.34632492294045,134.09649110007075,92.25954928687611,259.8680668433239,114.16997458293288,77.95124817559646,145.08975905890728,120.86686841756537,51.58364687911521,142.65193732860928
28,2,0.0,0.0,66.74405488604444,264.67910844643535,153.61186094448084,67.51217699970285,396.29766721529245,248.77126684299662,114.97709257070278,190.79450447978058,124.61091009215079,127.05260732920382,279.44666978021434,100.05112524694043,115.42314948950022,244.48715667693943,139.13252736242214,62.57638314107255,278.54974360468793,269.4809376110969,87.5715300113073,287.56698760972864,190.34713209408997,115.36221147035835,417.3348970322276,181.93722178928454,87.03148797580452,390.5813134201801,201.5993230644413,100.44220351994099,282.148161159555,216.42390487213322,123.56485222361673,290.040402657384,215.54781063739733,96.0250330862107,187.03330945114624,63.696913859859826,68.61959977732238,310.38429851013746,249.90335985183108,116.46519851145699,209.7097563478722,91.09905164717878,126.85088709831889,232.25169787009978,93.9892152602702,85.69093064177017,236.21676939355444,169.68459046976056,92.01752036893133,219.3033579110696,124.88296909643873,63.46733810696479,157.0022808996283,82.09278227267801,41.73454835931777,102.55431257183061
28,3,0.0,0.0,60.584611639004876,184.7452971091745,129.45838862231082,70.06146532412353,381.4708721732185,285.52435958880494,125.23874220748206,213.12044461603801,100.67855083459739,145.634311053236,243.04909418169984,115.84725169091834,145.1261698060353,257.5428259374702,82.36860753233567,65.63256091482579,296.49418529107356,222.54826255903376,79.20721203285424,284.02601426292694,177.50746804351724,151.77664406732626,418.624904653933,262.1661100958408,109.82015592869236,392.0945412373384,170.74346373375073,105.11901968100587,379.0110377607675,257.3367329967397,118.37766778583385,263.55663035310965,149.70209988701842,49.526203126644276,154.49138465834898,47.21350476082428,75.94008953691709,209.2454850042311,281.5499703465664,115.49751392665033,241.54762679162835,110.36288066017352,104.5682075774884,224.3044862839295,134.92619686414668,91.01061093785285,255.41832275526804,131.46479012026805,86.58694466636186,244.66248876258902,159.09626338503006,90.38369235892286,200.60561999416925,97.07958983491335,54.77477565998782,99.9775437572161
28,4,0.0,0.0,72.06559572213536,203.8697284181206,100.81910290895014,65.44593540354778,363.3385042983821,291.5182902894025,94.82137352820672,236.19407702451633,134.80499046047106,112.8207154304047,283.52127107995693,133.21387787059166,136.24636287984737,215.02102540323241,115.62708305966959,76.63050617905427,231.35801856205774,200.1205268441557,66.83016103151809,286.2863662041001,205.18396503233046,88.00258644234823,294.68321123250234,142.6807119518602,141.01016186207443,346.29171711248296,210.1380698393012,107.5212289730951,404.2194960793008,247.3783187968748,120.13002332331641,292.0394334845707,156.3347632289206,96.18566854487221,97.95512975603557,91.19280655241202,60.82803994791722,342.99198485191096,230.12417177370216,129.76659730580243,258.9939314922542,144.19575280421964,113.30851369077922,286.5165162706945,103.5719803888239,83.4787266391779,235.78357828064114,122.27199497014188,94.22338205828412,252.62979272476147,180.7797715759911,87.16540041836961,190.94996418216644,133.9628364469853,51.19078682647071,110.36330845005027
28,5,0.0,0.0,68.2133657953959,287.4943200158097,130.41158225381773,88.25075216678412,362.99053236221016,326.21165273380456,101.13746615235148,194.417570273418,144.05254206197023,140.53507251154747,296.7675386190204,97.45969655326275,112.36858649627158,247.29306622458168,99.07215632010275,75.22037740256818,259.0348486640421,244.8073361584957,62.94137915241609,327.45011437363945,173.45664234781304,131.6741662402346,346.36012290302585,234.66098318226764,105.56949330864676,355.2117266470784,187.93938816989873,92.55301144883956,372.15416173420454,222.61662394022463,149.65637692780007,331.5365948025393,143.1972994357272,125.74035905279862,121.42130963066705,46.84202219688605,64.8297413725902,312.11322087332337,273.83532783912796,98.03080145635406,274.8983203131131,157.01996077218354,123.92960631457588,267.1802608093601,124.82736775001777,92.66872972601209,258.49959062111697,122.29783508871378,96.58572921609297,268.8414485091772,146.794638784972,70.26579913734838,202.0095584983835,106.09633109333424,60.62125084850841,107.39644175673503
28,6,0.0,0.0,60.00053936660327,274.75800890265896,186.2055764160907,99.50148557954404,359.34739045655516,271.24025941395666,105.21705640495365,187.72244001786729,116.98988088148239,105.42962822824205,196.67974797456853,105.02902913355851,128.42262524834726,253.30719810534782,114.47374453615782,61.781552477522624,267.2303318065035,279.9996576984913,110.53348348571265,325.9886729238929,253.39750873283583,143.19503273442322,388.4086497185773,148.2607239485916,78.65438903361787,234.84921155944932,240.5592655922835,98.36518090086236,383.2212245220195,257.5878451440676,105.40493169124076,308.79004877239174,193.76127715040943,91.30249518997189,117.51113985396441,46.15501224540098,57.22841903301827,217.0021475620034,229.5399893089385,141.67790552841655,225.60987180048838,167.35560719856585,87.098908922124,196.99337586999604,143.4480494045431,86.97827209949567,190.94319069242044,205.8703577294549,133.0293866877424,222.5328935827056,144.67524985852077,52.82107488779869,231.02194724451644,87.75457014290828,52.4017493526609,147.957683173291
28,7,0.0,0.0,64.584626480081,245.6040425171816,151.03604541984797,73.21078671477909,397.82890443807787,238.48656534084952,132.2557104843916,213.0911079365345,129.4669036645253,136.74511631111633,236.1735470515244,78.5154564530003,117.32991831464192,217.50292094089139,90.71378642486657,76.83540348341032,236.24580920652258,253.95929088374436,84.33095161085485,285.43314409583894,237.96506857972636,107.17050848134517,269.29361190019404,224.0950209724703,122.69618138651387,301.10060771358525,215.30739435635027,76.952308279135,282.4115709165792,267.7502322953891,61.68352573752445,327.91797195720767,147.74073388206165,91.99603326745674,130.20420294597315,89.1315229450186,71.78927124875909,311.9692018909128,348.6917197569335,83.3951965236082,165.6639233182088,129.4816628642271,168.79162194972625,221.8000630637469,182.71952234527046,97.19063491712151,197.35701264635193,179.61666731969459,86.20682394656775,219.02079878994545,142.8593803025204,71.1020982759411,176.59827931732482,85.48528236427055,47.34880538324264,93.71041565685577
28,8,0.0,0.0,89.51471182734609,273.6869268148989,141.83268551416387,72.9583292712212,338.45001419397437,293.8536572683411,93.80110262158718,275.19770068149575,139.2888509180697,122.36090685549406,177.3989555675612,132.17489434749564,119.68764241592798,262.4963669033351,95.26635275388682,45.84590920170475,283.24771713128735,205.86093584686495,106.74753545780075,277.2419331744062,180.39454338840994,85.36019213263356,294.2623279422193,257.6951586917277,94.68817343432491,353.68166631525384,144.07815648041458,119.20409468447191,330.69318094597463,234.37829138494456,111.53693204531196,227.98871861169044,165.29024889699738,55.59313708036636,146.44995330045955,69.24614972626189,63.7826501937606,422.3869762062543,272.1641481844927,121.68132797053886,208.2776894323588,86.1136926539308,123.8849825517377,280.35429657901665,159.27040823887864,76.10659353971566,203.35865173309608,155.96171304529312,95.23392639698588,199.4934435337696,126.7772125609773,91.2699768235313,158.14390068496948,98.70919959425352,50.00697612229094,103.78914963287451
28,9,0.0,0.0,80.53045675844665,202.56508521486955,172.63902894602245,50.468475806182674,386.5926193050906,249.32987527537176,98.92590540111206,245.6141689765361,110.26852870442286,93.82014106494145,231.90076820682268,104.23583401909383,136.1066743104502,168.74116228456987,107.3390398338311,75.89440568823736,425.59067852726014,291.54992821030635,95.89571822303142,275.1166827403961,154.23250100040522,89.31140780363823,367.90017271757034,204.13117379745813,107.30621425681062,325.5444819142616,227.66238350780407,102.49091478493088,400.15950403187423,177.12664663087958,130.69007500112198,227.72565221573365,114.22822149919946,79.99351942936275,165.22709875609988,48.146422999998265,79.38783149443567,271.7569578911857,281.1848556807107,105.09364747287303,200.81130806230937,113.29991879513095,116.64490915083668,223.1568134589873,132.86900605805843,91.16080855044818,264.8232517030334,172.64409682842017,102.16103663791273,287.39990060392637,107.63365131499734,74.05568689330214,166.53964825999998,101.69579890205145,52.655753121453365,103.49539607819425
28,10,0.0,0.0,84.46552620701004,308.7962497315476,112.42154936731829,85.79423547418827,256.3435146241773,235.37653994190305,70.50773301686252,205.36063136235967,92.8868771959904,136.57116516963777,158.80738067606964,100.4888974556114,116.04929812089225,286.8651996819895,151.71982867812957,82.35485199122486,322.74703336131984,286.6312034352799,61.696945155611616,334.56050991531635,188.05504411874733,108.16682014538198,333.03618401590745,213.336277320997,117.33204138212513,298.4903205028411,110.79426431902084,69.88725530569164,348.5779480690613,211.56379119591472,102.58091354857906,320.143206091203,190.96453367096004,96.61777217953902,113.6823114423573,50.77251384402344,50.60158837587138,342.21052408922,262.1358634730542,90.42576890934981,275.92350913286066,109.58555608383321,125.60724485038894,206.25787861972913,161.22474967222448,97.36744092580466,338.53254835820434,199.1348169639296,92.91410632146517,229.61533500661403,184.40724033771863,80.13067312236423,213.38908298489173,104.86456805096756,59.821072814741925,108.0152728779254
29,1,0.0,0.0,101.29919900317212,123.34669721501328,3.7305125707767477,103.71267823815766,120.68653107300568,69.30554363726849,82.05527123165628,84.90092612815175,43.44695152123272,117.3048735248138,188.00097296021448,35.094245098709614,137.88947833044776,162.16543026969418,-0.2258035274675798,91.53658470262576,168.00049367023323,38.51804206895666,118.35154938870384,218.20623478618498,100.79115228258493,80.3671498216475,162.59739745616307,72.27737364579342,96.0681597013974,117.47500212310567,34.24575113503551,60.40196271892148,160.30473851352536,81.24994804712028,138.83807101542376,174.72711520781746,37.293771607485766,62.728713718044,135.0538155287231,44.94470289468233,131.82930271366828,187.34109512520644,28.10199991936757,117.30203492677836,243.76161283805885,64.59860786038666,132.8042155241729,106.84125947099379,33.47920057846715,59.436221943519264,146.7226196415666,43.91388719212255,111.28256197817308,162.45096366834514,77.23090752918378,85.86933702731321,123.42723008938162,70.08966834896768,127.10942112575954,62.36982762703751
29,2,0.0,0.0,119.8052593616697,135.47594646770384,5.35760883280982,111.29280539144487,209.77132802189126,56.83581040846039,86.82948548927902,107.62812885657831,31.639044608537407,107.09859989127685,161.66529102596596,31.54997128150498,170.3416609769807,140.23668538559107,7.663377903468305,112.90032178519155,202.50553037212697,26.721642323153798,97.74975395533211,218.89656479398468,102.43836200520767,81.09211661482541,189.95623485662676,62.033225423038296,120.65490111543923,128.22305997194337,53.11230355443492,44.258540387614914,120.01744433898672,117.01874414745785,94.3956367402876,146.93320471889322,24.936275364074824,107.74558572225232,122.72369667156053,42.56964756331743,107.76867941233408,156.9284072881243,24.401538840429346,116.87545385693662,217.07614509754657,43.013793289930646,98.11925034224878,141.6845079567771,24.857367644092825,59.453550718624946,112.63058576633802,33.9805560547477,108.49681739761598,166.36859042667865,83.37956707080548,76.43799170218087,161.8053240789643,68.80690376843233,106.07005442694594,85.4501050844697
29,3,0.0,0.0,158.0093732096062,128.5719799180169,5.929956199671661,86.27450069877256,150.30920116903076,67.13385042871379,88.39763622125638,172.49891843943573,43.192747947195684,158.36224874327496,143.20614015344756,55.30460240740594,157.57635356033626,142.84739450436714,-0.7088997951429782,104.33740143067955,161.16231828019878,56.75209749115879,97.89881559864311,257.62792643466605,124.85999986511278,77.46361358441581,207.28206313487152,72.85538800351323,114.01217344831646,128.43317125287876,38.74405539786328,63.35384795727279,150.04448024998766,75.4071266656376,150.3376414154935,164.6550701961167,27.040798096662673,90.53149559374208,145.62809516305902,43.87725469504533,113.91931562777883,169.68240020278745,18.04918147684796,94.33259396419882,179.70697834441629,57.68690476125204,137.72140639693748,133.69486008391792,38.838481516869514,66.68750536344818,92.14739654073645,49.768389671775545,121.55982542428391,221.79577608273235,43.74846148963235,74.11415447242035,139.56273352451592,47.31551721707274,143.52259469843563,72.75478896118038
29,4,0.0,0.0,136.22675428049533,74.46942650747863,-2.7418607971140103,123.08736220297016,171.15604959120665,67.54944223194845,97.72650677124194,142.61180042790835,44.939411329467056,88.51658778504056,114.47065836804319,32.62678067621356,179.33930526227783,106.91208421603297,-0.8244897194628666,152.0429339475722,142.88434197935456,57.94326404294698,122.12132522278434,119.7703000367575,89.98103062030998,102.45046468908973,186.8119056521333,68.27543328037669,121.19946313006997,202.71419193530588,39.33354134503508,52.70665974078682,157.6325343481614,117.35355982082841,111.42168844335077,156.1388630734393,28.966592328100575,94.49812385964935,118.1385693695881,34.8528653793081,142.51768129057461,159.94932560044367,38.25494044556803,127.18254429196324,235.12761170587888,63.216904086476646,115.42987294243794,124.69359453684474,30.583147031357793,68.20298735286677,110.19194433402164,45.009919112290326,134.56847322863365,168.36238212094656,74.10687093082888,97.21921337112246,164.80713155848892,45.56877510435183,118.1974140182707,87.88680539931583
29,5,0.0,0.0,120.59553416248782,112.57499104138148,-0.3142249121008662,135.00974613716713,178.78413211747088,65.88670020297039,110.0465146473119,130.72291535925856,40.369167180043554,87.87953067942257,161.18091611401692,34.72626708553249,157.12951811331143,157.70177102210337,-3.0802930913918347,130.7599118487728,175.85116105979253,48.30301165362284,103.55304609624027,181.74533405459403,89.60090755371532,84.77665143179118,156.1155866613436,81.3685982856229,109.53922296362256,182.48400298348372,43.7475610380877,47.87411451355958,131.6243424897886,117.46040521741413,164.50966016646657,138.34806925751673,24.025199498904566,90.18311801310035,151.64020877489597,50.791064568255166,123.25191641129267,157.35343601909696,28.80352960852525,138.3120412871139,170.5361967013766,69.10911777906921,108.24749455357531,149.47796509060598,23.653273741873534,51.07694426117932,116.15990987261543,45.78360920106685,102.94932536987041,165.44455102068065,89.57137001070299,81.66910777665666,172.8298787119515,57.77696870459504,133.21277296930154,68.53510222263328
29,6,0.0,0.0,123.64895615385886,97.79143492181686,1.628026478422878,129.4319999976886,202.97004721672687,56.67969333313531,103.33008511750508,123.69662119250262,34.61663497420199,102.91859814133088,123.75350367757781,37.46812553520111,156.79290564490657,180.7529806148812,5.374351267716402,116.55481868674647,158.4972338735088,38.26928558851391,88.03754553218896,225.5739897515335,92.66738989606534,113.67017218774649,173.4132287189948,85.46503582854824,90.6088829657262,166.97822385793233,52.38621773045094,60.953033205762665,121.57954163588627,79.14083216076838,113.48402009137627,131.63500445771734,26.823936513054893,80.47003542137332,160.74456488429206,26.73770709328984,117.85681841577882,161.1291993732537,31.595274586811357,138.50089516545054,159.76989062683924,63.51572432986235,119.04539813439594,188.10341036852836,44.052064803441105,66.45275118645328,127.74036775485757,38.03118113324849,125.73209819814377,173.06204607789078,95.65905599135985,100.19732612770807,164.60145488431615,49.35148704703337,132.0560151134168,83.62105024637921
29,7,0.0,0.0,111.76595883100696,136.1401567706342,-4.334307451728595,83.75492903629956,176.0631736848776,51.17166618916324,113.03612180382935,145.27731614006595,39.391474289210464,106.40683090418936,151.16948006437443,42.01835808848209,128.88632543481935,184.42726320065054,-0.5750533619696666,143.77835152802393,134.4361397237377,43.43353112340689,104.63157842089683,227.50374864961447,115.52984079800231,114.33565106327765,187.71065612830006,68.47119826646045,109.74731351048543,156.43239234295297,30.568726171708235,46.03409606014191,168.23943271361273,126.95477318921422,105.10903237470491,156.4317042495254,36.448133471125146,90.10525283518032,112.16542959514189,30.164348009943907,112.6209303581452,172.80650987574865,30.3625449597991,109.05080612726547,196.76196867298043,76.06667811738154,74.79258310247579,165.35205129424918,38.93181699487515,66.25766504515572,107.88502531841516,32.55332645784384,162.814948820827,183.4652783833425,68.31338348276658,98.43956156680707,126.61114339995531,59.44752993188208,139.7054484243749,127.64314084688885
29,8,0.0,0.0,107.1045647673835,125.70569123431733,4.677206033772729,116.48165400150666,191.9416885236442,38.619208233448006,61.462782500582094,91.2948632847731,33.56326415090661,112.74221157079299,137.69409248958434,39.338750759277666,115.47485558172764,152.2925261473951,1.1388956245933972,126.67739615760082,153.4672887852341,56.06759990908846,111.33356992018369,251.31429119616058,89.84720927304654,105.52924918591698,127.56599948131837,78.73565491388186,112.42580015720716,169.10416913322786,44.84813167507899,64.3286245553579,102.35415448560437,108.21733114434497,133.1475709859971,200.5972803269213,32.65015418774927,86.2871323996026,65.78591768812393,41.382032622553126,116.51287675472946,141.29497637452798,40.213289816303515,117.65549322590302,234.89938091668802,67.42517253072845,96.28825542010446,131.50017584241655,36.989200005072256,67.95739421252212,124.083462551908,32.97479674811041,131.9017550259234,218.46195310021554,72.01274336747535,76.98364659105093,109.64175860734645,54.89483800663258,97.79583977558313,104.77827406505594
29,9,0.0,0.0,115.2617978475234,120.73657095330726,1.8089190748518158,112.31122193671385,205.51510167325387,56.05472684106323,89.53683078432142,122.94866426116428,32.4069433441271,106.54928535477264,148.1582240871603,39.756110945694644,135.20847812146314,101.01101340236886,-1.0916548418742005,107.83966248201838,183.5672663001985,48.07727328037185,132.4476252146613,211.55418952713964,80.57838866524217,97.28355792199142,166.04051489126695,74.26669623905198,113.36573002266381,169.39156191722225,30.397432283762747,63.13060154449177,133.75449694755875,108.36414130984029,148.96834913873164,200.91200011003787,30.27759480089704,94.52522471126379,114.36455518387308,41.59944507713078,114.35169247295525,161.7936187133498,30.792366963397875,108.92510004581673,145.00291967120467,82.37462182206046,113.13363429104164,136.0635771400395,28.52360020225426,60.05340178430018,119.47503172127993,35.14038533377068,117.90353823533373,204.81047475374623,95.2716429928922,85.93488727125147,137.75093609144827,68.28394409363295,110.66795481447294,119.9195629820719
29,10,0.0,0.0,115.05831774795593,119.44223262508315,-1.5259860539032162,91.54733702976915,142.10726612788181,54.85842720381536,80.93531783604872,161.91198814019484,43.429145650789586,96.8854547362238,150.93915195867643,45.38462191157803,109.64678179730497,152.43691478060313,-4.4117682969000365,104.27525660721858,163.32700725144036,56.926825679598096,100.51374194579499,156.9647028895033,76.0798913747602,113.90659904285707,131.98705655712507,63.51165538708733,145.16898159663938,140.68898422211498,28.264833626161433,47.53986385221744,161.9844789114343,103.91866516898652,118.87029101151569,167.64305794112673,29.917203764383036,70.41188046921512,118.05686800094921,20.079642859180773,107.14742813318466,188.22566695066735,21.967214999924632,124.02738944022667,217.84471540806328,48.005961181044846,97.14354394037176,166.45138500599782,36.288529166445244,88.97594787106372,110.02493577428957,30.74472911785835,123.02968002101895,190.6220518602458,60.013937665421956,82.2293306324293,107.06310312978363,49.65482222416366,129.89362179814827,100.89815054241738
30,1,0.0,0.0,77.76245894175374,332.2494571918703,259.08971229697977,154.80852862169937,232.42111945612587,126.50686460481216,87.5705539632754,407.75197753257845,389.25504371643297,69.32080228141781,370.6529470224857,231.34168600667488,148.52791062590921,391.1036779639087,135.67625536750205,113.73668658126778,362.32162819229023,212.2628405246519,52.39222338377166,290.2247812044031,293.54692900866473,97.1702925324267,380.88775839772836,219.55421565837074,89.52094530937845,355.07006315509716,224.58308882580351,149.36641261754045,267.2546396487164,141.92313301116252,37.52224021020525,271.72252506599716,317.0701062863376,49.87957387222813,345.4576049934399,240.632940265387,41.49232162362253,311.39202905298475,223.73843246176187,92.09357856143345,391.14984854964496,198.39899826658925,63.02692568373981,343.5325135837429,323.86705324110005,62.979858479766314,259.8724659338648,193.63523350111078,46.869822738329454,324.1102658671204,222.75140364019697,113.60923575774751,360.0280178131213,309.4848683297057,133.73771866607964,69.827600139206
30,2,0.0,0.0,53.870449616253595,423.2544328218303,288.9626078805314,140.11139172561576,306.2773141760321,76.49685810747768,69.6301952507136,300.0733113421716,245.48609625648672,67.65633236762883,245.55384640393666,265.3341092826304,131.68685078127123,399.1490202919554,149.0733733142336,139.80062445622568,357.02481642681056,222.24651393621642,45.82264965460813,307.07759578628674,244.60218841130867,158.76735362969185,352.8555722758682,87.2510574989862,81.38892398582124,386.65124488959776,281.01177400175175,114.17063538871145,318.61541454780485,226.88110254343783,42.292789564220016,341.70312515505776,226.0184074258342,41.11326924600528,275.4279585147675,276.84398793007256,38.28031971222518,337.9603206032983,271.61519691901896,103.50387987190636,403.78023960226716,156.43288973502064,68.07522427823106,290.71037139785426,214.83734821129087,72.05944785179031,226.24558497943107,215.5420930373172,47.508886241628566,386.3883235347714,308.82503402393354,137.4594438930163,241.61760066840765,259.28511448966935,148.76679287419728,129.52501312686107
30,3,0.0,0.0,65.99711513855054,391.89388084321104,291.79044996483566,157.0950977757137,260.07628146893563,114.00010530772278,87.16935726388776,367.01671141474867,317.3141228575128,51.55076047268466,235.78974536636454,230.52675477992827,118.3449351337724,300.9643153402497,220.97766429334396,112.46258879342642,321.70286592542817,222.5237981543092,32.768037339816495,287.6909258365781,266.18127718523886,146.28678546819677,344.2887592968217,172.2079947963821,67.09024993860727,261.84752769967685,167.62152940145617,97.01033614826672,352.5554523294029,233.46214682751776,45.43371650923211,346.03267107555655,275.7046447788748,52.64675210880945,370.7230629103532,311.1214961638022,47.485124084023354,309.0983182289922,191.38275458732488,125.57302335096442,395.7998308022101,132.7513607748725,69.77905593982601,338.18277500506537,322.6843256872613,48.91497390056601,297.79890165365384,190.9458648151678,38.82735126285354,375.67692182427356,273.8911482437782,109.80975660652761,325.93590840274777,317.48957884048906,134.3451038795238,144.00264034737012
30,4,0.0,0.0,86.14192052785317,395.5562128441587,196.45711593572645,96.0598761258243,226.00254253603867,108.0245850368989,79.20778972429149,422.6220235984252,299.0624310097163,50.19289366474507,310.4074114651663,237.8337074669485,128.23746445771414,336.39711861191415,174.4166332605519,116.74434484248572,314.20131012377317,163.7803174029775,40.718530602815235,325.193153493513,182.7516600050281,111.54192763009138,360.5823576353,179.60295803913985,48.693954531578996,291.05546464929614,254.04335031443622,91.49176787951089,309.03398462908694,175.8218595251268,41.44539785121213,426.57035082875814,248.93356260173707,42.46978834257765,340.2329758098665,323.125932005305,36.656280398078536,297.0170053660747,233.16250437346918,133.8128496372169,337.90167739164673,290.51744794106037,67.08027008913251,399.93231293221424,287.4030016341893,67.28848712123443,260.5855634001734,257.23501846670194,43.82744550359715,266.6497261170989,243.64533749704904,89.50562132340528,332.28582228569013,287.3100262592028,144.4022998006267,101.02061004681542
30,5,0.0,0.0,97.68779717769763,338.44748018195565,272.77705337592727,162.64685450672425,319.86351346628555,121.59453452396448,72.16446719600155,462.75755443078026,358.3807363400531,75.28192107750314,247.15679057370602,298.4719013385967,136.16797127448996,267.3480267498342,225.97002400040748,123.4028618758181,226.2953496787676,228.2534976901867,36.95242372174702,235.1633722215733,270.19683073975807,107.95627996599362,342.4785653052757,184.1451079081818,65.29689056876481,338.711679958392,279.6136102863816,88.86345570009034,397.65122515882564,142.64258366098386,49.968694320622234,320.3226709319638,278.7777265591356,57.67071949791399,360.9004978501375,357.2175295033819,35.95598290293771,270.27240270846863,286.6966920975293,148.67420516503358,461.562040405043,249.04000525210537,63.52018573599586,295.1296553587378,364.4573175485283,60.79719130543818,301.36583305742096,153.25321205559993,50.09490450691118,356.49132927145985,353.23988430414306,83.66946218112052,362.29704983481264,250.40595809213804,98.63858690132739,114.81709044389214
30,6,0.0,0.0,78.305317200614,451.51526144668065,289.9015714695368,133.31104600490676,282.64099523279594,137.7712607359804,65.49495232670823,393.3304866374246,290.06709046824034,61.43348572075638,346.2357724254818,260.35125481577876,152.0837492612388,403.9107704669033,194.4522034567681,102.14825935198671,354.0521305904298,262.14069635538993,39.82495917100098,283.5086439664284,288.49459032964387,118.1571276902106,408.58194384830966,173.60444523785844,94.32993800974431,302.6243087186252,233.75251858502435,100.1550777504975,351.6820516003845,301.064228941446,52.295199744396974,361.95555757072884,264.42531395229344,27.994107764182242,302.116138851262,248.15630893198647,35.682915414738204,268.32927534328104,248.8715327493818,115.26041177125708,285.6638371664559,226.69683870914446,76.99842247828953,380.23127422777554,323.9024457783367,70.01639284791078,224.22695806824103,197.5760956253747,52.47696876294303,305.54740614045534,265.3932239119696,88.94071306603354,399.6844759460397,227.52424537810754,144.38403008688078,108.99071491098755
30,7,0.0,0.0,63.152127663177595,264.7770954091112,302.0485280120988,116.89866159931127,286.14481905353216,119.72779196794586,91.35588566232875,443.5322018483587,351.37735083551496,58.96800312210539,343.0696950765576,210.3440616981751,159.59377604464902,414.1836594603136,217.63072887575584,102.13730805168444,338.6649697212223,218.51248279089288,42.48312473595835,236.12620679788785,194.25341741283484,129.39327942390088,288.1721252497124,220.72200600677746,80.92657997365677,265.0219098573393,298.5636355516673,112.18899627239406,347.0124255103516,183.60644975847188,44.93909292658408,254.92969067453365,233.2204005784792,39.109513199520045,411.39489866578174,322.6119612188471,33.15327254267049,354.8497245464867,201.52278612926958,114.39957275408702,381.5456921722953,294.43133640193696,74.40026957174197,300.39979848460746,327.7747993213985,80.14509529356783,255.17231744015453,195.64329276610468,46.69643389810197,353.743715352657,324.1688191925008,105.31466293694525,362.68498598225585,184.44995532612023,163.0536617522258,79.41565009389575
30,8,0.0,0.0,92.63114540338324,338.70066548699594,356.0554872012984,112.12328816447634,173.34568211800917,135.51872505386345,74.54019136470359,389.22092574562595,269.5221528955526,59.102225396937605,321.26379753856173,271.08986134411685,116.70690589852072,265.1703697482173,202.45758043399402,114.40318434987047,329.5265778447095,182.665502927612,39.103993293019045,336.7753729189726,272.7731021428529,121.13604762412533,329.7522707934995,202.25607503569373,50.70896310036899,253.89378923889535,274.70178805530077,102.30633146297096,335.5382943495663,167.053087194439,32.08354160839393,334.2223449310857,274.41174791669386,41.00442803159372,401.35446363787037,257.02835068589445,39.74359902613086,242.54483365386528,268.1280508614163,116.00517406936764,355.8840373699432,185.78126521389223,56.48594542428965,327.19891490076776,259.42975920409043,62.06599061619157,277.6059560692178,164.3730869297373,39.03014941872149,201.65870508613864,272.44359126953884,95.53456153699787,422.926781615972,234.7465815177547,171.12380761937249,98.16105042550619
30,9,0.0,0.0,87.89257713337213,308.2969286699364,302.9251103483122,142.52569873787195,285.27701379436814,150.88210359082242,106.98756862297057,529.4996558474215,313.1975314607853,50.53314965081438,258.32864501567366,300.95607636183115,136.89156890197785,453.4698292849371,229.58586447448548,93.6285873118129,321.2657611915673,219.41236044767,47.932202655946554,283.52889347333684,218.35201027074913,167.55364453594495,335.624990845716,244.4623007553698,69.78691855598744,335.3438204861143,259.2092781954606,99.63632469789044,376.0884973611396,194.36428242547643,36.176509001958685,307.8743324635531,329.6267270615109,39.63035862468289,404.96574962384335,334.08092710951115,38.458966564740145,271.3008509611866,270.1431193575252,114.76691707090585,395.81764216556326,253.50360515687456,54.48128068765047,349.67818866606115,241.4873351057093,55.61173001312832,191.1035674323496,227.64824991485187,38.093676500372,291.78161222588744,168.59352775219145,70.6213949432101,462.43112925174114,272.42932806334574,154.83676643690518,82.78540594813656
30,10,0.0,0.0,88.55583696318882,334.9529619075003,333.33517900946526,141.79586844043536,263.9492895337678,157.6146821670242,78.13855073682738,293.3210518389662,374.4029872702121,56.828403459102965,287.4492662614327,315.1497359454719,126.36442770736133,292.8165000226572,200.80510406557204,90.55451870623813,323.2083442003008,255.36992211447344,44.11058730834611,299.47815489919594,335.9075636825942,127.19340216162468,333.6179923377022,235.0993447632854,70.90042264364484,295.86892727401494,281.51386558716166,105.380502269858,319.71408057213785,162.0602152361231,34.943024866479384,330.7187200931598,182.9596001436084,39.22150111225544,310.9032793923659,294.82565389455596,28.722937960397168,250.5124950588391,274.35813395415164,111.61726356558404,343.2268426939365,183.87298548956872,71.42888380486436,369.50715746622467,349.661504798917,58.586839284142215,325.1119210516386,157.68524599014617,44.67150121970227,320.3306744569354,257.72912114082504,90.61921444396803,289.87453430639874,262.59868012873426,168.1666509525716,110.42524616892864
31,1,0.0,0.0,68.56685393723835,183.32979326128483,144.34171228465763,84.08061383416205,168.72127398505023,203.44865244072344,64.62353017159026,276.2841613951105,146.58378478159815,108.81492817276985,304.44864723181547,176.47695663249073,119.86684336331005,244.8583356361309,130.18986098105594,84.09667921078713,179.26882939282368,112.99206026342864,83.83074359617345,151.57054158709903,67.70555753132369,95.65633335147635,434.4168935400737,208.51297534625002,141.3324377487139,274.2690228269814,154.60250746549025,83.95166356097779,310.24390668480345,178.57143646479818,74.84585789362454,143.94158577325132,153.72427972759078,81.8282105407609,261.54963735165984,171.43020895723646,81.18578869492725,234.86660233685438,157.88382420102042,49.23656944481627,266.8597373401133,222.97864254396927,100.92173764358257,261.49254478047254,115.02967498739692,74.99738986899592,300.43911678073744,197.38762078477853,102.43178504394871,329.400016445637,124.90696256784132,102.13646856725858,246.0571570461367,147.00083025670642,39.65857010367645,102.814445080584
31,2,0.0,0.0,76.40314197575059,144.61180660491775,145.87435201979957,72.77258215398399,264.07291560255413,139.8952903038564,89.13865619030476,205.3339719161398,220.0266084594894,122.79818537072812,263.9502666580466,112.81522012664769,123.73795257768533,236.20017950392943,157.52771683723063,86.2318208064387,163.8831217281736,67.0690824612326,93.08573867064598,182.0750094986577,62.124828931228485,74.84120826836734,377.7913142303629,184.49321217838894,135.70965198018695,263.52857876862265,143.72203030733195,69.99735139348286,269.4879429039424,227.4941180061879,85.49134402894343,254.28081884653338,109.3826507435177,78.31316891972502,263.34146826675885,157.24953312668782,87.48902204556114,171.95455770808206,117.33531170851995,39.89021349032907,313.2389637708101,238.45893915817365,120.71263318262989,283.97399593933864,114.54676842537341,83.29705114900982,321.2004967076757,182.96398597129374,109.68860323577157,328.29569686829484,182.65210064874617,90.34155477870443,266.1841971021108,148.67646929732877,58.416204202046075,122.12275436153413
31,3,0.0,0.0,62.054352712386766,141.80226612437824,123.62019099598064,92.17110770738608,320.6825854807634,150.62807742900026,77.08606231396412,375.4612696876085,169.6283393558412,87.5297240220406,302.4742879211662,101.43989018118471,96.67662393603499,200.7129047605213,184.06062581282913,81.32187170213915,219.94495030053218,149.89402257391077,72.22738301024866,101.23323345410559,88.98579421463005,90.30979500530061,427.80280553976104,272.3296370712458,58.4826847062865,162.9999957251421,114.57935541897285,66.51811960267742,312.7662605574535,168.67156541701013,85.38488226766421,290.7548113463258,154.50787373888213,51.96204472922144,242.91234143538188,132.10320560130634,82.76107709243038,234.71081430421816,194.6349113051544,87.09363426626516,252.28901516645757,155.81480645092282,113.28251520060297,225.6867290867553,141.4397743407034,83.46739118571365,325.2302039701575,191.96515875251905,100.12845328042668,334.7584809378892,169.1587538115677,76.5511978243059,160.24890215205937,142.23319304888463,43.072545310942296,125.01401996730333
31,4,0.0,0.0,65.54945289695922,195.3510497491965,90.85376818460901,97.47791662781546,261.25029413725684,180.96804988380433,87.94363876335697,291.739369878078,189.97599186452663,76.87998046272904,236.2772504295021,208.22441067553748,122.7797591277559,215.8760911330321,152.55109492198477,88.67957225069094,196.22586737210116,144.78133009100873,78.26044496236906,136.06554097711435,54.05570920519554,75.16080449189141,366.52993531329,310.43017145900285,108.09541361362358,421.7702393449147,166.09178888613718,98.73501184015817,171.86068857159597,166.2130940146816,86.52087975889027,254.24462360641522,174.52720050173906,82.97077983069701,236.50955466166687,128.42310048905625,96.02558302039735,167.04583398387763,122.92622073077716,70.68119076742438,331.8485283895157,201.62545623033716,108.97534936285413,205.86616394965586,151.47275593352316,64.63383473728639,356.98399753745224,133.1083346086265,90.71284059022085,266.264351197329,231.7526344770679,111.50466264699202,230.92977804384398,150.48613338621567,53.3016798109993,95.46478923373672
31,5,0.0,0.0,87.35409911916216,189.64942586766162,146.3444534875885,113.49649003151825,252.51292376750877,152.01664424250055,99.7030385235793,296.4887535323286,169.8055473594024,100.03053099225949,261.7949417070078,191.38840914153212,101.65457156218044,329.9094929022777,176.52485836117873,70.06894402460728,225.2665384708305,107.77979926539925,78.57154572376366,121.24372524709432,66.02017063539485,83.3700261566467,339.0587050190367,194.87351384273848,96.96522247614219,246.12804676773263,181.4951274849126,39.691831658676655,299.27259397688135,192.64823706460876,71.79534889530802,226.92187217265348,130.863838591169,63.87941438435402,311.81482708074,132.49469707305997,90.05471070900951,262.7916140689215,136.3750425333382,62.31485365053433,240.09203480393114,174.35660228167941,75.99557277582733,227.57991828053235,138.96541933446838,68.02458087877372,333.71091320579654,191.84293544647568,94.61504971960426,290.4461217758572,96.60000079420462,108.04097399999182,222.53445536323878,116.78978812759485,56.52899495786236,142.38772426369792
31,6,0.0,0.0,70.65518021962768,186.04963267262022,86.41880788329226,85.37687335659024,210.08210253884994,225.20047696788646,71.22729645806837,232.77209051496894,172.25309214887866,86.09672948099816,328.5143914059832,139.29494483987492,89.02217922139062,292.14237011294813,90.50331203494011,66.59778621155223,166.9891411009641,111.64067569845957,65.48670435162192,181.52752869052625,67.13425240283122,94.78220273536587,243.14161723562327,218.27990221905134,118.46426829314908,262.9477029901008,121.83631190788584,78.66847387048887,219.88544470099043,164.69099664578744,92.0415689592767,244.65197383967038,151.25556811662187,83.8283184634177,196.8505383466275,137.68387856687977,84.99989310304878,255.91719769387151,113.50268713213802,68.71013605446785,218.912074176492,249.7369334583684,104.31229299221127,169.16608305150817,110.63869892833169,62.24480616363964,232.9254111935882,184.42088369306595,117.05467630179521,358.11969974044,206.76212385209155,111.26433060864706,234.75078176555522,178.75584313131654,45.431843787670175,120.1277653166218
31,7,0.0,0.0,88.83154641977042,243.60347721244958,121.81651035102104,60.14551939972332,257.57919354546243,213.44852589118136,79.95317897901155,280.5539005378941,186.6472717071773,94.18098173856484,384.2467763615066,139.95695699926262,124.03071045363522,314.33240423571664,200.6275925435745,70.89767529167645,205.02615015946924,137.15316535701766,53.20093095408038,152.47694106235494,56.86203062865519,82.45540126270804,288.88814963065744,182.90244319627786,99.74612603667529,338.00831678628117,151.58295384349964,57.158611358345595,219.12321696586386,205.29412878205997,58.19788533711603,293.52794177424227,157.57866111141422,88.97913953653779,208.9463726303118,146.9805822686156,105.92910821694954,111.17306459250092,134.45386491037777,87.35738788859275,306.07560158635164,222.4028454423272,68.17402279992532,239.03334479237878,106.84148195135413,78.91632231167807,282.78685914753595,234.92987202467867,103.88470641446773,257.43330093827115,244.54086581096738,109.16933619608957,228.4729602277734,158.0947848705536,61.55762724619878,100.16178889746351
31,8,0.0,0.0,50.60308270496371,225.92986236127558,148.53498345193088,92.05738358038421,357.4534974174966,138.3430028890199,76.96531927026683,248.2253993852003,205.84585069817015,94.94336663267437,237.81857062771357,222.5938296624021,120.00567387897725,214.58006568806096,132.04061379124107,67.49750323529449,145.59502918453222,114.65896347594277,70.43672959545962,161.47936896741243,76.18930358728461,101.13669353154933,436.8805246943025,243.60429493614043,117.97197295657595,293.04141883894783,118.30955027345803,74.89684355261247,327.87204408134954,176.1113119058907,87.35784332666852,280.71650459241175,123.62797657251672,94.38610463824931,265.1946664247995,166.07943505160975,69.78658623000362,238.27873192268365,112.7043339143459,73.07975214416852,178.98343973486163,160.311002704257,110.58987063851932,139.40219042668213,101.97312290907826,95.6379278637322,328.3262491467956,244.24586508016534,84.86501172411778,278.1612142538976,195.83180964296594,93.60893494821488,238.15721480769147,147.25952442140223,42.30765919950584,128.1823535697241
31,9,0.0,0.0,59.99757086446825,182.62584061719852,149.08759148688478,99.47871156243936,248.37093336202878,241.1333017962337,73.87251197059182,257.23364647058065,217.6100786336185,100.21982802132099,281.76509443579107,191.95568872257545,121.68192555927698,269.5911931422801,125.83896721701973,102.30616768341137,179.04025810863993,102.89394729737803,67.72913351640452,129.5892162863447,43.86049606066776,86.86898033931574,346.3408430089074,174.80401528692005,107.68695349022711,288.86244474076597,150.9847441134064,84.43850375627434,285.45217559786533,179.1844788223782,72.07878753784276,291.6022681081999,162.55335176698557,93.01946862844413,204.32303739021518,132.0389020758392,128.22487643867862,230.06856522889092,137.65297745829088,53.48812046202066,274.3076313995229,282.79337159041876,62.73026039021557,216.20896184972312,135.734903846416,90.06519943389267,275.45712516036866,244.3644799234197,99.73515445133697,236.05887502252787,194.819111922699,70.34711430021855,266.19521423063236,114.29987953389755,47.53037985192566,114.54461598033832
31,10,0.0,0.0,55.74187368136756,203.24594173312644,156.41239334137583,97.17872975876567,259.75988040761234,147.94515858820728,94.59575295409826,252.35688156285644,226.21595297068166,86.24249130689617,308.25511089581767,138.72442579488313,102.62256977807834,262.66568312169295,136.51209676696155,119.80367884741358,166.17529677218175,138.98811161480927,82.63618366207108,147.76063360076705,55.12999692310789,56.53441036999918,309.60605130433464,287.8240818814776,145.51391090130716,242.7224836117268,124.17805146247814,40.73647130276019,308.4247574072424,185.31908609495886,104.25932240441597,285.1096546519339,82.33925654787491,107.34762761005504,294.3534368052976,159.84863332404683,69.42521390068406,209.6211491319296,138.27532496755944,61.19312376705986,250.23688910731167,178.8935849366033,87.10353967379211,259.842220730274,120.45244324942506,84.89395435221611,295.9661776627361,183.15200275947973,120.9585707766289,301.0005319120487,171.01156394840766,77.11751920577596,190.7668013200026,127.81305439306045,55.175235840195406,142.6097406691295
32,1,0.0,0.0,64.19782473671029,182.4073346313968,149.04153982530224,100.76697542006049,167.0415438744585,79.12400711297782,71.01323968311063,274.78177750463055,186.98112652506657,79.03895775548014,310.1979344302566,192.4826903756579,80.39246915550497,308.75875247878463,195.80091173355356,119.15262953541132,230.57743328695256,76.8183556907241,65.78691721899641,279.8637472446561,172.72307527997984,90.894642999195,242.73432487363957,197.0453312149256,55.877685291003964,234.1830219566455,157.80539500280872,112.87571654070953,246.92555521065978,132.7244265099272,96.57775957095761,222.99621691241023,120.23990931658422,86.26513195638175,243.87309632884688,140.13816300461158,104.79531376766931,206.60916467431042,109.81213724159264,86.81200148194921,257.5752806149198,137.61211539039013,61.27552630823548,215.70982823144152,161.76674482268842,117.28381824485729,181.24033061930854,67.0601576353921,92.42710247630455,279.3306082371629,163.76299733425856,62.019841144633965,291.38665343565333,206.13841510615876,98.49222210702254,85.25321074275568
32,2,0.0,0.0,61.99092882967884,217.82794587533502,116.85610228989631,92.7734582162634,169.86900308062292,72.51538739644961,72.90878767859293,213.73985238901852,170.28821589263197,74.22763074563625,282.1518165294822,197.8730631353262,90.52848267310796,287.07275462850436,174.074771905954,126.5053676727567,224.44677533493854,80.55617083572326,66.91616225606313,219.12220863366042,198.4598480433254,81.81216545036827,323.9264928901399,154.71759766384153,77.76905209227141,205.89106388130367,175.00209104342463,106.01499921767054,252.5136964663283,150.40897700309964,95.83556292552765,218.86654565729302,121.5304138169402,76.722916337131,244.1585197395957,153.04861040074474,113.97780971573026,196.14808066863145,98.21736453185875,77.2120525204875,204.54500610546287,148.08995141316768,55.16067775915712,159.14458306706211,160.7065059862869,110.5959653164106,208.01767087003975,72.78782478734419,76.7939315344659,295.27375620860374,147.0043178913571,71.9739334138884,284.54573501935533,191.70476338296191,108.0805856126667,88.18772301127139
32,3,0.0,0.0,67.25315409509459,204.20691305784374,124.78176545119312,107.25113729558551,190.4800072854613,82.32453825712435,56.6805028307568,189.5435401931826,129.70638478604047,74.43055540653265,255.5416674665591,255.93203861770147,71.53390963042924,280.2129237283844,174.74877227826227,109.36254312524429,192.66865539701976,98.51638303687665,70.24734304129653,239.71074228946836,189.605735518434,78.18732153311255,282.8186368709361,193.07852790204575,78.80921720246587,234.26930712751738,144.09934677707474,118.0838902298628,220.2413810091313,143.6497403045804,87.07677612200928,210.7788979686761,101.95248214094988,67.01288900703551,184.86996041676736,154.58356320474266,118.13980141558612,226.47542573711624,114.31414157812226,81.42659574306644,210.07318303258305,141.73762719909166,61.05059020439896,222.16397224093822,139.23274874895898,108.60840963984427,169.0761456658502,71.57663435428297,78.88202321851992,214.4732792266921,156.80645580863145,63.22757196045464,331.0920871084991,240.40058410519043,111.52080724103888,99.87840697766553
32,4,0.0,0.0,54.07864159231723,179.27557844020154,130.10094489201907,106.00209356127392,188.8008154027135,86.21863442497832,73.99480291735279,216.35878232239716,140.8402898498524,90.13654788926235,269.30635466276595,242.7614486701375,86.18900682698818,236.8031223185413,227.4799056043882,109.35059904814612,207.62138911494313,93.82593719185724,63.66722312805796,229.89916895235203,154.77405227701178,77.9462019910306,251.65101035029713,169.46423411664537,87.51314427673103,255.32535465476204,159.4337099406178,113.41737975321534,238.59177173764306,105.02638590483906,86.7395988544148,213.05751568896534,146.33031841822077,88.8485834084675,234.30925067014778,148.2582839305407,110.99475880592087,249.671982680788,124.46444192782991,89.81522806107508,252.74029973103552,126.49661019088728,62.386876750969,170.4114408417316,142.59975160115968,122.73949202354409,176.9560293262942,67.53018188750698,88.14048668337423,259.6662031974437,164.46320132811846,71.49609188117246,265.92814668014563,189.5172347934105,110.85095542470629,116.5298887678535
32,5,0.0,0.0,55.998161376355895,200.075589714567,145.8962975357576,97.11978478299679,208.88070975572353,96.92584511087105,74.74212159868736,224.79294885411485,146.77093156246383,77.58800115660709,291.9077931846417,198.36944013933737,83.28901695292994,269.19042586955595,225.272300755996,126.00256681422708,205.5661645132675,94.27769576260923,66.84567420830844,275.1913918364353,160.31765502249192,81.12326665516258,274.03854978979484,147.24844096518714,66.77129943515658,249.43971539056582,179.6712577566386,104.9947868835686,188.90940452571334,136.6740779491117,118.11810806242305,207.56290707133581,134.80004562457688,75.35046184752105,219.90601462609715,126.3492665027785,118.425551133084,235.8407302042426,95.75690466457853,67.2414602531596,223.18322612624428,132.05284584747622,58.187100020943895,191.96316637142363,153.5231812433416,122.76989294750767,209.1451271456847,68.88778131943967,82.19975333829387,249.81189912060887,149.30574545414532,66.35517342889568,260.46631671335916,207.80389389473228,100.9203367154452,69.02955821111566
32,6,0.0,0.0,62.957297183529974,205.89081770313126,118.32980906757739,96.30027943524483,166.34152842738104,90.56067698128683,69.32357324511054,177.7964115915304,157.3308853626841,76.30861594096156,311.07412162139974,232.02444391390497,94.43001085933693,261.0670605644233,168.70165170889794,124.09366035462293,188.69183708712404,100.7111265919987,69.67093621812428,206.0656419374246,170.23665449506066,83.30112722119601,236.17484058222962,177.2206133038322,72.05601957563273,246.4300959215437,170.22036581711984,105.207543952766,220.83559528084058,145.40201061565958,98.61421741299164,201.74987165407455,108.6881475998842,78.58605710762627,245.25595848587903,162.6428299558658,111.71902195225759,217.79596858384906,107.59463714471858,83.92587360863153,204.75909971700216,153.53622937527854,62.19812658211712,203.0400272698857,169.9160773909204,118.21612547375909,179.13680613989217,67.1544421499872,105.4714481927808,231.4658324015341,155.09820489618966,67.03818732728412,267.5999038750837,237.49902441814055,130.32024946824905,85.72573986426471
32,7,0.0,0.0,60.420793611808115,198.91152988928374,147.32826756708377,112.6631630172786,167.77761290676682,79.27378652780841,79.76543413972021,189.32523894010774,163.0147257352095,72.73538267317906,274.8628139090551,237.02640019574065,99.30027959456211,328.36727745345127,215.27068874364994,123.38777421713033,203.73509835811305,84.66571209871994,57.7451279176682,227.45545229539587,160.8646526911615,84.2562909644873,207.34532708329644,187.27404900260112,83.88471042667175,209.19746154047846,167.1405278078852,101.24586216619436,251.81789251138306,133.17656268404858,97.72368685961764,229.15062900943803,128.253689939182,86.89687428658296,245.1620264521966,153.69982504900477,104.98248154777144,189.7786656725343,99.67997178372221,71.45982447232534,209.06474241804708,151.80896902746616,57.72233074377433,206.23825913901652,148.1538300870151,111.22547397168184,155.12735264937194,58.22770846196232,74.80984837404729,238.68036210237477,147.20876831476127,73.76684885294668,274.0329073886136,226.83414901338776,112.17950430295836,114.27732005653041
32,8,0.0,0.0,64.58345328701355,187.47789351659938,117.15556453185954,107.38071290565455,216.47110840905123,89.06186106273397,84.17103010145233,224.9401122878135,165.92878730561722,81.8219349670114,296.4053823516211,241.38126922504534,99.53271970496388,328.89782736600364,174.39388859627627,111.28087202252927,177.86735793993694,86.7129472151625,56.73992066332569,259.79139927035897,170.28499391038667,89.90365363238158,232.47291668199935,187.04230232371572,72.99952653285494,214.52651523126536,166.3798363088161,100.8880849902116,237.79092090094517,139.78482912887208,102.65749163860824,236.0288291729142,117.89278006946316,69.95095786633834,268.92634096309575,134.45112283385748,102.39571336145994,261.4602197569181,112.94105333656904,70.79315111410284,229.76459351553288,150.06318028052576,64.65711855235834,176.77890467985958,174.15846346203998,105.04561361682569,196.0009467493198,68.96088200860657,86.60456896738215,258.2224176242936,163.28835695163653,70.48433527759217,303.6190360789306,199.03639542223442,105.05106542698441,87.13407670142259
32,9,0.0,0.0,59.93696639042534,214.08870318001934,129.06128553431407,103.35715019768345,130.20839947678198,71.00156965381304,82.56714949844785,233.21368858313434,160.65357601154716,88.59547739771288,309.1642048493085,220.52192517714894,90.99561988916926,298.2754620009604,219.6851642795165,119.66185398759227,212.83838170277076,83.1351462036583,66.8401897779659,196.28761970082667,190.48536830175973,88.11233089853576,265.7955745198741,188.49147598222933,76.97450285938119,205.20736723459936,138.7221525817128,91.49548406542594,208.42999070007897,130.28720156190224,99.2646377071278,204.75263876695632,129.32951430269816,80.44463690406782,223.21059250752862,141.9616591741944,119.96390509225967,195.36854119837622,96.96656510546248,82.9569862671599,221.23582211689185,165.75119530117632,54.540231938327565,202.88801747494992,129.612700673004,107.24811882659954,185.22720775351675,76.98540193990236,91.56428616585971,260.48116801384936,162.98003896924968,77.7938652499561,270.67539811963115,196.05616375860032,107.97934837015673,92.05801103493314
32,10,0.0,0.0,61.91135866286748,171.06760652651835,103.76425797275051,94.94824564291866,178.2827719768072,84.80525833982274,67.00444766986654,234.78483323321777,156.03499673048879,77.69787490614017,277.6888137229686,217.25333514647733,84.28997799796285,258.3113516873284,225.41282539348083,129.11951391481048,198.86869958489112,73.74193061249778,54.15759433326986,267.03981176517783,192.6484554481533,80.10655823184462,264.56090261481916,209.5809542266351,69.02904861930696,259.49247002171677,156.26007374826398,94.46744923763534,209.08913935838774,128.53582091299592,107.40629710777213,233.48907845936094,110.30365953439549,68.88739977878559,270.5856999647048,179.1731059746644,115.88026999060989,187.07364398481104,112.74028537536547,87.90508951017935,230.44814748278722,128.72307060726294,69.8483884332024,236.7382243036743,140.2881441298222,120.38365754764921,193.83884006367262,64.92189755911491,95.37297266877906,281.7023328273013,136.54563316200722,66.74774278997475,257.30420578696015,228.4518047217143,110.75928537105099,110.75780857988282
33,1,0.0,0.0,96.14087902735524,198.5122335972256,128.75553943920258,104.87335188663127,181.39872658210072,64.25755096536349,78.09625939943679,209.9773853141373,132.77753728657288,87.70861182764095,153.4646334823088,55.581054153591,114.56081515052419,187.16999266501827,69.82193796757156,87.40746862014929,166.70672675657437,102.13356970974796,70.05601002559847,175.15279741804926,85.2833725842878,96.13979490942576,205.93908609659044,73.08965464510648,105.7280954490096,180.13440047308245,89.4180322778884,144.8521271143653,140.64509209772896,10.131118795653292,34.139901207567874,168.44840829190505,187.327993443502,88.94420112633196,154.0294009152112,63.32475011319642,109.66140120633452,177.29726007365255,65.12085496742169,82.13389648731679,172.39653029368236,99.01290084044668,60.349410660900226,185.66024190425608,99.83289971740318,111.82567631511112,117.0045518871994,33.004799117873006,96.67347136928984,208.18790438446996,92.28408897274694,58.42952734626332,126.90016365020142,74.20820920838703,97.4009525578218,91.53550817943764
33,2,0.0,0.0,90.6185169763834,195.81741664282674,102.36235781838505,109.46737359006548,176.5504866578424,72.53455941025187,84.79243292272197,224.72436054573902,95.56884034840043,137.11585452218299,156.6249135132741,60.4752077927853,110.32047684880769,221.11420940200486,72.43927499674795,74.2926239476545,162.1181959086124,83.213823170629,67.73900121232421,183.98374048358812,86.1962455608506,105.4167969193195,194.13160668058634,82.19688145976502,98.1303987094132,184.47116090744737,95.27785775310744,133.87686139906788,140.0708323200557,12.919040287964426,38.04612269202356,175.34997070007807,131.2845262533101,96.86831723156591,151.9408104264931,47.16596620047317,100.8022378553737,189.6310661613195,72.17089980910076,94.55479327014419,172.69503271506284,89.60413307075629,60.157864809846274,157.91047768196614,102.9699769837471,103.45130812363699,128.54830627559082,40.19764449317005,93.47607988613976,148.74952962229327,77.54629944678182,64.59434965797598,135.2727846466491,53.54754637582031,103.88629427506294,107.65516701814566
33,3,0.0,0.0,80.76631405458235,216.8277047628713,118.62068901884506,91.00416159532655,177.38139854145516,60.71319691093958,91.2179391202564,195.39579840501224,121.35098172080258,97.63211869029396,161.45605717764832,48.68726824996784,106.749761367011,197.86493105041694,81.69332829111372,81.97259521978108,178.04716056878203,89.34829497913502,78.7478985728151,171.708252040377,97.19707395329007,97.41372107591481,150.6624399575541,73.95328343747562,89.55795026310763,197.550384555629,92.20579874244801,125.03990036987425,149.53838630561683,7.238044248811978,39.95245783804655,203.136870188266,164.16582731993375,101.63062993052215,124.44664762639432,51.00316300682897,100.5790445534524,187.69747176971083,75.75891859848879,89.2342659532665,176.08162652261308,79.68749488369143,63.81188267636194,186.37812938398653,88.16490790918914,99.25309938095751,148.60984105324425,40.44623168634346,84.8913646422748,188.45781497699593,93.93593444323182,59.60647777762371,138.17860277708266,71.7594556523115,103.0963074524511,94.90564193313314
33,4,0.0,0.0,102.51548075657875,230.8751559571531,121.24267227213373,99.2762100043622,172.48534866275432,37.159220392335,105.95381248356367,177.5489629481561,120.40896839175797,110.22549524757711,171.69806566012062,52.950075255819854,105.7371025302671,185.8805005913965,91.46027133315742,89.32374846614519,161.91425991532125,96.40522617639357,79.12589035971405,173.304266283667,106.95322167538315,89.77650529139906,177.40332140636977,70.72434878299222,91.8281529059793,172.2832111930101,113.25624393106182,121.03285080660511,150.2817177890859,13.378100742937498,34.148732529854676,174.51910244795533,158.41208464786536,85.4012079951778,152.0512477750212,42.37424714933971,129.07927978880537,189.47560547252812,84.88933114048004,78.5074308196292,199.90309427968927,84.69239591729945,63.43460574498976,161.17643901005448,120.95774860297587,108.4028719160281,152.61505379249948,44.12977265523768,105.02468137532951,189.97805228435658,101.58406160388157,70.31760958256518,127.04804141818953,67.26214726493308,81.76803346195905,90.37564976131232
33,5,0.0,0.0,106.52718313159092,187.6680375110315,102.23009686610796,98.03672881149564,155.9633099620262,66.03715507996279,94.79372516604431,204.86818157976973,105.23355877245696,106.63068875795187,182.4789541246612,51.35906696979386,104.93588377309356,191.77792305765723,75.74791380661534,83.20752485984647,148.8084532526745,92.59166998485324,87.33744713306281,189.49444044161257,86.74716635086448,99.01354033292854,187.51750216879543,81.61442513086253,99.79493434879991,201.8569353883478,108.86574431160285,106.67638345093955,123.65121422495574,10.644043409407901,43.32460001047415,212.60313784892605,173.1314728953537,102.29824120424985,155.85315847811142,59.50206090100919,106.01369163530083,187.21516128362495,78.02992649006303,86.18429608675704,180.87939372387515,126.75498822214861,69.35186375754292,159.61319873321497,102.87666818190486,95.48208123347757,136.11390302691927,31.69985536277375,100.65401876574103,188.03580911765533,84.71710196917155,61.09915607112346,122.21313020087767,84.3267054524404,87.50729472383989,97.66151355100436
33,6,0.0,0.0,79.86004177718486,189.0889444892842,127.08264501465389,109.71681887309407,164.48516192221197,65.78836449825877,90.65582693905519,197.24956933099818,103.02689172693002,111.2077462478655,160.54441027425364,54.074776022726795,113.04001933576146,157.7106066183158,84.0098055828361,71.00738900415539,165.52967701607497,103.69295804897506,81.48041990989455,152.0859077633568,81.49247003859024,102.02074118940595,183.33947342875618,84.55876849346352,86.34501471871069,186.79945350055823,86.74306281052876,137.56211664175964,157.77916990106394,7.839218689661545,38.62584192182539,211.97190084163336,178.74538043310787,100.9656431913522,165.17481936016048,53.4738590157741,107.34371932276638,199.84579756532963,70.04251036803485,71.80568678700355,166.9308682716314,92.46972042709291,63.26852050767575,162.1742425596989,103.90728255749293,112.3482058978362,123.1877471867987,26.10568926373211,105.79433793604747,191.8350129320371,85.26638503458761,73.49885485057808,144.23024752555256,69.23468769737562,94.61726401092841,52.641994653177534
33,7,0.0,0.0,98.62074882844676,212.49719273168841,115.49796516640929,109.1895445491729,157.9380067269322,76.38624933523623,89.73115112053286,222.53548947655244,100.52303538815232,114.0861380399192,194.95398703152065,61.69419224546227,122.05674097781726,194.05983821556012,96.72222065353913,72.05664155313895,151.28671417185427,91.51752803295031,76.45425267376358,169.92219105611358,84.84655496664004,88.51513438872085,154.64062314205395,73.97724720525437,86.37586177410421,178.31759690006882,102.35503126184764,130.21776772277914,145.4763156951043,9.503166873203451,42.21040509228543,212.21725981193424,167.07970914075585,113.6521596312765,151.29168570608698,53.07420285291456,93.95533461092319,164.00570992483773,81.28334820741739,88.2461275666088,194.89813266846096,112.11336319030822,68.39385210532475,171.39412784349136,112.57795614621882,104.81224556465021,150.2586582789061,37.35745555248874,108.36733643431431,197.0078013924398,116.8019147366582,59.85978449697524,139.43435799755576,63.947195417789224,99.61513901384906,111.29245828709038
33,8,0.0,0.0,95.14477451873321,202.10283440994118,116.7709491007031,107.3365152800688,184.93085132926632,62.934205814641516,87.06235726773583,201.9944713128038,102.63467087724663,112.60689998736116,163.58426953668814,53.18909791512418,114.39017072965395,200.7781441135141,73.59075617695788,82.81028824669409,145.50279076559445,88.5279590350414,99.11525558809325,194.6685215385998,84.40343476848834,101.27841199067018,169.68525285794772,86.48813060130666,91.81698322886795,183.23634040351038,110.75060842652071,134.96412926715632,147.86510599678917,12.70607591679819,41.58555091771512,198.5940672176384,186.42822473377439,98.42813365330586,159.1299989430253,48.24894329681976,109.53715068840036,169.5443460146475,69.87583377124876,81.24794306817563,174.77297438892003,109.92250517230504,69.86083384531061,170.95473185717069,112.58143719461307,99.32158221293332,138.60835094608404,39.57691663674275,96.39235643417885,188.996787619916,103.32435250509788,73.07484196212712,129.9733363585054,70.4760041937292,93.12152010949038,88.11420435012688
33,9,0.0,0.0,108.80477854247489,212.29879663632983,101.69172786221883,105.08107645869215,135.56896495089177,57.86978153509101,98.89971391437436,205.9201548378388,98.64041825503774,100.56025575826531,165.209905601023,48.91375961885559,100.73946137181493,192.7531595271167,95.81167427357273,84.84053688802418,163.23091561377495,67.88542641711904,77.04571766324719,177.07066897760654,88.98409700137421,100.08282535928637,211.74010750603583,87.63420977562109,85.52191760422912,172.78759253501923,87.11483991785404,124.12168039517334,131.71091698293995,15.184775916657234,42.08327391294044,222.3215950541125,144.55285555741222,77.14439219806127,135.6406023032262,55.74369619083225,125.68664148731894,198.26004704782014,56.52099736151432,81.09922616843349,160.83990592550458,102.13980260057521,70.3543340332832,185.97630526564276,112.60184511952824,103.69252117736698,140.50795935305862,27.700624349359067,101.07328280283892,178.4058270621345,97.79861881913195,62.73334807854637,164.5046309514148,61.49477865206886,93.25465064136475,69.93698514605859
33,10,0.0,0.0,93.55812601662733,191.65297239105908,106.85637351473301,99.72016804246802,157.10270440235675,63.219868285852606,84.9997611757359,224.29725937263356,105.94393621444387,119.77180490314969,158.4527505941148,65.08325461305061,105.16213367438769,189.72982988742794,70.61447511533521,78.57720517681965,167.0275782859201,94.92245489016767,89.44085004881309,192.0769020306266,76.52605441605954,94.86044911247738,190.047529621685,71.37825068048323,94.8643618772201,184.62520693233617,68.07627287720086,119.25201389165335,129.64062119729823,15.765942936606166,33.99298424241789,231.3897585252493,153.0644130129927,91.76123565317342,128.19889165078584,53.88654682328081,111.25758797118934,159.70173995985834,51.52339530417029,83.92059081705415,169.57235674467967,94.39399747444624,63.959545252013896,177.24651559700638,113.50624724878426,101.94964569901333,144.3157660419112,32.83482159744591,95.0999422646595,200.57099553466958,89.0005743750983,58.213678363824165,133.90681158517768,66.55698688890483,83.13976011226822,83.54956876534835
