participant,entry,PP_1,RP_1,HT_1,PP_2,RP_2,HT_2,PP_3,RP_3,HT_3,PP_4,RP_4,HT_4,PP_5,RP_5,HT_5,PP_6,RP_6,HT_6,PP_7,RP_7,HT_7,PP_8,RP_8,HT_8,HT_enter
1,1,0.0,0.0,110.68132492864574,208.6901448724982,123.55224450850183,70.79088185354892,151.91227189223312,92.87064416321209,78.89162508817365,107.01793928735927,20.342862458322244,115.16460208048069,157.28884702557252,64.0775218559353,122.09280294784224,165.4553164358868,20.71990819846937,96.77125029613961,170.85248994447107,59.80846644043818,91.76322600437443,128.00754180328056,77.65647315187462,45.14244990973778,88.26075178993385
1,2,0.0,0.0,77.39829768482042,242.43622936473216,107.73201326766576,83.40837218354869,169.68342678984723,146.0683648781338,69.22093278339375,69.5661112476384,17.741016312642806,89.70670494085932,186.38192894730955,78.95743405389405,83.59599129834852,162.99342687798412,25.86822508536718,93.81731210954258,173.77052949771127,81.22958629592003,74.36697843450337,160.0868514670983,84.9454036330368,80.23116492064787,87.91191716113805
1,3,0.0,0.0,106.62954564960566,200.91636125378022,125.97422395134672,74.4816942838697,184.15289338895698,106.69718362634742,79.43969475526657,79.37604823203147,21.80425607223506,87.01824830498452,243.843073356483,91.28331399225672,94.55198308675511,106.58160127305601,32.11352797222747,83.5012487879792,140.2312233292604,59.55907526272197,63.418086120344555,152.8280905122096,76.78853515683562,61.59557234462319,134.28173219381668
1,4,0.0,0.0,83.52120049142627,231.290330594424,111.07835601601609,73.92130148529466,200.4715724219276,136.4216134241481,63.96286601239047,88.56755607265211,19.804344735512025,101.80316094411641,142.86362308278848,112.87528105510366,117.95337781971747,162.86634533172224,39.21472274208311,72.57078022228798,169.67562852186194,81.01683539217647,80.64333113823051,174.03224947634624,88.97438114445185,47.40179018085318,97.0722978725831
1,5,0.0,0.0,100.12779590640315,224.8141844806541,90.41977600092905,74.95839715055192,184.00677745851422,137.69874312812948,92.29775893679499,89.74416772901216,8.657710090120345,85.03882711583296,192.0943055385578,59.322907207335575,93.17117253014332,143.13451869101957,24.89522505027636,99.45013733679463,143.41646278388944,51.62615096571858,37.59641076622536,175.40222113539298,84.92847362848826,57.1460258256751,93.85252275531367
1,6,0.0,0.0,71.28233566739546,265.6072394860304,123.2133749255216,62.78232904865558,167.45135122011703,152.04697840200492,69.82032725687452,79.37120255297847,9.750751076506678,99.34031713146975,176.43679894964583,90.67594316710479,131.31651642649487,181.5338523939289,28.799981038122272,109.39264449040128,167.14838098924767,65.54696389587207,76.8507124594847,186.96721902329585,86.27992868207343,63.060435397766575,57.23452979348467
1,7,0.0,0.0,83.19880777867485,194.76684281114746,99.35104098400642,80.97664604274792,274.94291024438354,88.74381759742175,70.05229505029057,95.19940874072789,9.907021600980014,91.18474534939732,194.37083796326942,76.93436016485104,106.66473223267204,140.27175433328904,20.855928149724956,110.58217009598037,174.79642918887282,54.64531626039833,87.58518880385988,138.5860008731674,80.59351553574135,68.96434559604505,132.8865433337857
1,8,0.0,0.0,102.8769955659971,175.28103804728107,109.72505549411224,57.38759449455137,143.3391999103919,115.10637280431901,77.27081923611821,78.02583407892286,23.440804039013685,94.8747930602807,148.1203195213426,94.38533455899486,102.12333019960259,150.42453650695003,23.488362247092468,79.95210119085735,142.2220180549573,56.40197209081716,71.07880702549042,173.51240235399683,91.6526772916069,66.51456340072177,101.35917939676175
1,9,0.0,0.0,103.55681547526552,148.1351522068916,103.90756606275025,85.24004820717913,179.8787121020746,122.26652260652911,58.29270657714484,99.22895853821989,16.323927023242266,109.08637229944534,207.9233185534503,97.16275023175464,107.0090628072655,122.27457243599736,18.869871184363845,82.44358860519984,135.95257406906114,82.40799908503612,72.11217647278858,136.36802713037412,79.59818108103364,62.786861600395206,96.68098738072624
1,10,0.0,0.0,88.64701990301296,239.92579354052702,139.87413789956364,87.64540542047057,211.42232409367296,99.43342001129143,74.70324163949897,75.77606011079021,25.243982948736317,113.16550502377783,216.53399294960897,83.87668810377446,131.58486745555115,113.3644344407166,23.245828381920305,87.87372697334003,171.88164418557105,66.26024333610926,74.34710475046936,170.44134738463106,75.71847705328014,63.06009095853721,96.97465129913842
2,1,0.0,0.0,87.39812326382936,166.91566788214072,86.67513434465081,99.4555953854305,179.61166503862842,101.48342251412147,113.66632607357002,129.99413238953952,37.42565599999463,70.4028557280389,169.08736279249703,131.2246144849068,90.81430310061589,153.21513129300556,62.610028279860884,65.09095041274253,154.89454083368102,112.10979495019907,78.5771907516449,128.4305759123949,90.90832764165364,90.71249605012856,60.531807468087436
2,2,0.0,0.0,66.68161696239162,162.00455258343484,73.7955520627915,104.844001980523,151.01925017415664,76.84321659013247,104.82224555012044,141.92956955249045,36.03402772541872,60.78775710984219,171.76487631091805,135.60598185910197,90.43652600672934,185.81960325217437,50.67845857550441,66.65417488696062,168.69945286095952,114.7819008709717,57.04525784006065,117.58070249367847,68.34347789980383,105.46683969534521,110.58724412588614
2,3,0.0,0.0,86.0324705981399,176.54416079327007,76.05377741597488,102.17157024004695,207.63588488273138,86.07523908330471,85.57959287111315,158.16504975057987,28.53755119445703,71.85881335066715,260.694634766419,153.77807300910771,97.57157746433097,150.7433120106023,60.883042527446726,56.638117397493296,187.40292317678043,132.41638610735006,54.1936460136849,134.7994815232902,72.5364704906933,74.30553117449,80.8709060727227
2,4,0.0,0.0,77.28417111245571,193.95681752029603,77.47760237416098,119.08944809808233,171.42833673125645,84.68456996838901,88.5810292489067,121.69291284565722,26.391975437002014,59.96683133129498,206.85803843812982,133.43196081749576,100.79938629596101,168.48171664002373,59.82403989748455,58.85211597248676,150.4672394060037,128.24674973562162,68.00203621640128,163.88169383747154,82.30869735144033,92.48752328119406,120.49221921182993
2,5,0.0,0.0,68.78015889600421,169.54040993503256,87.34984976803462,90.69700817509772,189.3658197748083,93.95980869667578,73.61935046490865,118.25989764364985,22.61497600173378,73.18660490949362,203.89807413573894,147.31433473022196,86.23877569787251,161.21057476275845,64.44705998324007,82.95890154246588,200.107736899403,112.98084430654002,68.22384703832621,155.0375198149553,69.01357768447212,94.63366182744366,104.15500353250744
2,6,0.0,0.0,85.14086253714166,183.9278058647056,83.46180342551402,110.5001094202898,207.93257783970353,86.27739635906875,81.11136066327771,128.10838054460385,26.61643533184122,78.33444764309546,182.45497688604593,116.30865934565747,92.79139930894205,159.55321028777422,64.47968933493487,67.30095557453717,184.84635032918055,101.58969593027692,63.53558102101766,129.17716248686995,75.16253050984149,91.91763551668329,132.8264789586499
2,7,0.0,0.0,88.291059890191,148.65314118508326,78.83777707755641,101.17965331240177,177.558792139576,73.10430156140455,84.73924081501023,124.56912489037255,35.06463347072898,64.63531768558244,195.37731508697152,119.88055199245683,102.58996469055647,143.3897717870447,62.72361386017903,70.1557919306261,194.17637767049223,113.78441927014542,59.42608433247971,129.3329280931802,82.36496809800019,70.88230181499532,120.52232258766007
2,8,0.0,0.0,101.25925574627794,141.31798579313232,63.2968396553394,106.33929983742362,209.51519395111245,87.68623245182602,87.43085055477682,129.67740434578894,32.823427626887835,71.77667796902061,233.02038430964296,122.62722118360712,108.3782193740008,160.62121046106975,82.97159756168335,63.47343048362684,194.76638828368365,122.58617933300576,68.11770770210804,140.71637577416968,79.47799064093586,82.58303042408063,111.07000569149733
2,9,0.0,0.0,82.22409668821822,146.52213067525858,93.97564150163241,111.727391741089,168.43865252163909,79.79430973046874,113.99330988627287,121.88646576151588,36.971068402056225,79.63193496903529,211.82979898663424,120.70771561094793,96.16307970306647,191.26103476609856,67.6720703923249,69.04475090702473,155.35312248832545,121.63616880665275,57.93218637399698,147.25989542234018,77.03311017288837,86.07194595501566,98.08261842694246
2,10,0.0,0.0,94.1552486005238,161.5939618997944,87.27226392245974,81.64104554782418,174.6652715663055,88.51851395263812,107.62012444675344,120.62401863255845,22.14515541701512,53.18942843786378,228.01586589912566,149.2270146860894,105.17268711213116,185.1562194199611,70.5579773858189,69.531440523009,137.12240195559656,112.12602880547499,75.99174488567178,147.53714060196089,80.60664461619082,84.72151215677884,74.45091416457174
3,1,0.0,0.0,74.96096761327657,154.32630370819143,63.5479504868002,82.08887228254571,96.71890241302278,31.61609617846942,61.84117574646166,111.94837349419308,30.858231715102505,81.69733818388771,189.5638931869223,90.67382319147262,77.26967495549728,203.5156937827132,118.60892155702415,86.43782326199177,198.79559421944734,97.0853680381262,44.652197036129884,139.67933988529597,118.79599238357432,65.62439666939655,94.65577919401844
3,2,0.0,0.0,99.32449485472388,128.68871349921776,36.04920762792531,91.34210296577615,152.40597516089122,29.48032545974612,79.5001825067174,95.08208385608278,31.97369611892371,68.19574224484302,180.3455021736405,99.86039525480052,85.62605758251091,158.42857893021304,95.70397790963516,91.87613186575656,164.19340926299517,102.93331010418046,33.55615164678095,165.3641917901054,125.69796543951895,90.2705941912293,78.13351392365271
3,3,0.0,0.0,94.43588975898466,132.15477938201553,62.608187418974744,103.45506233935137,141.9711117094748,25.14684373862288,70.15071138326252,121.10771453509275,33.32892833872044,81.61858442262312,160.53142306214642,111.17970191719922,79.25836721376389,185.79658062485123,83.59787311451105,83.718433615618,130.02892068903193,76.72285011947939,43.4069245055582,131.16505877712007,112.52520506394141,79.27682139394351,126.05931962996314
3,4,0.0,0.0,103.7470479319511,142.354044943063,65.67464777148409,100.11224080232533,112.36673328839186,32.70424713705346,79.57619727624747,126.76520613741613,20.464481766576927,81.03856319494761,160.28833479267448,96.22347416972599,78.85922254492165,150.73847979055523,108.2527319359737,113.58065997542505,190.50613718297384,95.23924488547782,45.36834176157548,147.292835061418,94.38828266528715,74.59452258837337,109.56799679097887
3,5,0.0,0.0,76.74876120085206,137.82776640988882,62.12266119408129,98.53463615954222,101.17888247374499,16.29318681364188,87.8182505860787,87.66356257010199,45.7915335988055,70.53097432353948,188.2880396291065,87.76509876824883,77.4436189438451,163.10027783376543,90.81664254135974,97.0167284656545,201.28521446752384,98.2987263514574,39.31175183036864,120.18728459699486,115.13396049985238,74.70320202111208,105.4353120462129
3,6,0.0,0.0,101.22545440165905,116.93103161158928,54.884214506330245,79.30201246493657,123.47992297347,32.02875598759459,88.29955644262353,99.56887804324143,34.36622410952496,61.92963962143624,188.126627759315,80.39388032604595,72.48716384146715,155.82029204395263,79.88446279127571,95.28816347760139,208.6656356892753,101.84165485586676,45.00028595918814,133.20513988690755,83.31328771743395,92.7495963580663,104.47280158052911
3,7,0.0,0.0,85.03562320069895,141.09681229349846,56.724269961168794,93.04977002950281,130.15507941897562,28.683190157527594,85.17555023962241,112.70525366577128,33.06645376412946,87.86765417783829,190.58005562354808,89.71522429737351,79.72450235698153,206.467855045677,102.89075271867209,79.33993267281599,151.14800609451567,103.31831829278141,37.859568346101824,168.4689285040572,92.4112052794851,87.50802338656122,71.21850049307561
3,8,0.0,0.0,64.14656975948617,142.491245334392,66.19024330090865,100.91640169632761,118.74891228477368,28.99548038577009,68.79981952705329,99.04561722401738,26.772544595687926,86.60654107568979,173.72864639633744,96.65325592396375,85.5957598532127,197.48177481581106,113.96486710656465,87.37997698633583,172.12158186881553,66.30181869354362,37.29002039243062,150.8068710505216,119.26038318032596,82.86231682083474,89.26131767036136
3,9,0.0,0.0,86.3155696524167,167.0811783551941,73.6074278028694,117.91252388648617,117.25695958293622,30.907587891128546,78.43514011146694,118.82170429096738,35.79731432027365,67.1325603469946,159.75037343960085,74.597286672962,89.15430455093106,150.48399724018924,103.94925237853298,85.9177246207508,173.9979240066079,98.32758660858715,39.397953288745704,136.0712200499839,109.42381130160497,78.88571519273711,111.1875502873935
3,10,0.0,0.0,86.25005879443893,138.80038551598932,52.89763092987552,112.85362153313936,120.98742987583915,22.02049564789196,80.13333086346991,112.47928929798941,22.019019449765455,73.2543748870715,166.93716335886225,76.58391700896229,69.16350074289826,174.84461100004737,107.86677727302217,89.35088606261317,123.2766364446721,90.13418189366072,43.324708090136916,122.33084187324417,100.31839921935499,91.01063407067663,63.42950515405248
4,1,0.0,0.0,87.1976615566202,168.126148383027,71.42911757427447,101.88135242472235,142.24459858875645,44.1472129691551,87.15561152245316,143.5188417682506,43.70428374503542,106.6122498088113,110.48876792162432,32.48169265991478,81.03484653593509,103.94928162032338,15.771770324789752,89.54783081380795,122.73568046573074,58.50654448022847,131.04186877802354,139.29444630513586,13.622104704749889,72.29582775867466,54.73742296476601
4,2,0.0,0.0,101.34595772382578,157.74355182999847,39.88173910143499,86.82171971976109,143.8804020994824,54.2929391885624,99.99573600443948,154.95591677549288,41.824663454487634,104.49657434815177,158.19958421543885,47.050591768022834,92.81001616392436,116.63083379540018,17.121660015187548,78.59901039320094,122.27227261910667,40.32706365841371,115.48450192195446,123.39213437098306,15.455197473593886,74.52583955291487,111.38673519319367
4,3,0.0,0.0,85.16373901462967,156.51720441456976,75.90710185069845,102.22366613731086,142.13365853215709,43.43848961886482,107.04221974357505,139.79214707268383,28.48692888479434,82.13227927115284,166.56034659005383,38.35946610823512,88.48043132032257,107.05112086934824,11.710904254388797,82.76395156763313,127.55879045526696,79.4999603157778,132.48742604174535,131.53693528381936,14.517993907743397,74.91898679817366,73.60363117278031
4,4,0.0,0.0,106.95334721569867,159.42889902575348,50.1942420421331,96.34990839633642,128.5506935784873,45.46051510708485,92.2958553055006,145.25648441163955,33.47174108074113,80.29809393734526,139.11986676069222,30.3166736799487,90.11764515234174,120.05380797935464,18.76200959250414,83.97282951694008,131.87810020325634,59.4263046932435,161.18923129233076,146.07289008514806,14.629465863121629,62.02370522206659,107.489163416144
4,5,0.0,0.0,108.44603863846345,159.81245009398353,76.4479097113874,99.96305727936996,128.96382131740478,53.29808421442311,94.02619672432772,155.67671220856943,37.30141332909912,101.6393331691894,140.79802632135684,37.255199587385775,90.60126830487421,106.77238115319605,18.953430515673233,70.6931491517603,128.13568255129942,61.132840414890886,137.11690518230662,124.91576807502152,13.80723311135904,64.81797530163135,136.88742215594644
4,6,0.0,0.0,99.05840592137935,178.616238809008,60.695714745959705,93.87903602920487,135.77803532430215,46.69509667324552,94.32479427989645,135.51213033359093,45.88776595239677,103.94487717789326,142.14273954086948,52.01817676942972,113.3991360952329,125.8846352136951,21.10877797318338,74.43402440909576,154.47492059304548,72.64324466860359,123.00262301926152,123.11221531968961,12.345150857433985,68.060316612816,106.20290436132404
4,7,0.0,0.0,116.62046121363566,180.60514007566465,65.84390801682297,100.68376068611113,137.65956958595237,36.847343827784314,92.81302261466456,140.66269708198894,39.69949775088157,103.77525348783392,148.35872996525976,44.24598970406379,91.93722623489664,119.4946358501423,22.861951401933506,68.40289831622134,131.46197888583833,65.89582514167145,117.17860240310257,151.56031951831622,13.202412041016443,80.70386862748505,111.76585887999583
4,8,0.0,0.0,100.4264541502716,139.07340937850307,76.19456648667705,90.11626165677067,118.48798107529832,45.60374632063723,105.54938308474748,110.6896912897215,32.95868165571797,108.42203562457556,111.58792051152633,44.88575805424164,98.06734228912991,117.90974447692065,18.59052879533712,67.45264748622765,124.14972748714625,51.80371288514856,125.7965473834406,142.26485204665846,13.102216320486203,58.75130407093393,118.03272988156614
4,9,0.0,0.0,81.23288302478926,170.05515162638756,68.2504562339146,80.1856785543267,131.42907614628993,56.44594000798283,97.77737019733738,162.96945615684473,38.0466009391641,108.67645670632199,154.03612852916604,40.321671464189485,107.49982532308037,123.53989004239367,13.922945873339785,70.5345051633798,122.41923934829713,62.405225457108145,129.97904783050654,175.413749953705,6.020465587156174,60.317144743451614,120.54846017859681
4,10,0.0,0.0,104.6064842749771,155.21257523957098,61.977526209417114,92.75620181935395,143.39813695626958,42.30975765767082,95.51448352958185,121.92899568947786,47.17627035632401,115.71209905328894,174.75620835547514,42.85136187570207,108.5552908556055,102.9633632313043,13.732138959747576,84.16962081047,139.05667075688882,53.450697535013575,121.37747216692972,143.3372600964796,18.175849187802015,63.8117979184167,126.40825959517123
5,1,0.0,0.0,92.80729622154615,285.67235742547894,155.15172956918553,80.48215143062379,285.3624723771719,277.8864582563594,62.687221948517156,269.0490892486659,220.61623955251682,64.5561727347669,301.4955676605945,207.61935378440393,104.99348274829063,309.1263252748846,237.90617786268731,107.83956219782863,427.05638402613596,206.08925134265786,60.35528076085908,225.81942283707272,203.81229850672403,65.36351449097585,83.85599641861458
5,2,0.0,0.0,141.81743035604657,241.03288725229157,149.97179736366735,94.45701282155011,444.6272209255978,374.61758560380935,38.61366650562351,380.3096429179092,368.24487623086475,80.14738295232979,236.53621051530706,221.4737924728357,79.26446003587965,359.85208379425893,346.0986371161881,110.71768807325971,276.3680040000834,204.5594791830326,109.42566886782507,255.15926703359807,153.4672379104618,67.68845986249143,100.37270834663
5,3,0.0,0.0,79.22095004341195,260.73595973391326,182.20123598802456,76.74100838870717,454.6179272385022,453.0745232655944,45.08939650238513,478.35033071668283,306.84371907286754,125.35769141311093,266.7241166152103,150.52966236373777,110.63250690100068,389.739998067043,270.6498588531029,109.00758745729826,401.8814245132588,242.24935723178575,101.40172758936293,292.6827306256222,163.0346646819003,63.67852791534573,78.84664726753188
5,4,0.0,0.0,130.1802361737315,281.9332205853922,157.67186958415272,85.96564430700732,397.17078249159556,284.2261163818088,68.98934359785673,453.7099368276879,284.2562318295228,84.14528908217108,339.88288748898333,202.69127811221676,99.27199785657673,321.8133967226831,165.47857420770194,90.00235308892934,250.98066190347203,246.50200188787414,111.48492780887234,273.5687212759109,142.73026733024338,59.84840010014126,80.42141394147559
5,5,0.0,0.0,107.82358286212428,343.3954568869008,223.34636781166762,88.34501729308019,333.49308577194165,351.22547282241925,40.78314895715141,253.36511896090184,268.680913928059,94.79229054141749,246.67413294769452,184.19606882180014,91.63937533882032,321.6192403783857,330.58669877265805,126.93787454678423,373.1349071280662,248.52894886440563,107.23881898972206,219.01427811008972,175.36948701900928,65.390793437376,133.79148953105263
5,6,0.0,0.0,107.29008301115017,282.04451059617594,186.21122949577304,69.15115372865269,469.5346478728112,367.2594437494286,54.744703703720425,268.4655658020872,367.00524753384235,115.35403408125833,286.4921835458005,158.77153948703022,91.31339025802932,220.66998153098962,234.49765386800607,84.70685031722117,388.8193709137312,267.73907988393324,86.67533379664467,238.60537175890983,131.25871267742193,54.72227263787483,126.75371007665902
5,7,0.0,0.0,119.53504170506125,257.85776838421765,215.6982530065646,73.73191142524374,177.24499845788782,392.00707911612153,51.03040792904948,353.3369205299307,323.6260569388291,89.91403782859443,289.35080769686397,182.0595052945374,75.63034697774214,339.0177060732025,311.69586475423205,76.87927300238727,300.07935036406184,255.60113357251808,119.06669909266381,256.0609713841386,140.2679009395289,60.670290693961235,109.43523625648136
5,8,0.0,0.0,99.15526813177911,268.17787092843133,157.93208696447556,84.29598077384256,421.1796029917141,253.17491882479965,51.1953550109528,421.0751683883762,204.22556182930566,103.11426295208764,216.09582260071582,185.9595783027325,60.958030437305354,382.9545279854868,292.9593909997074,140.62760607280916,386.2089959742287,254.0684461857252,102.59517765332491,222.5160663006168,119.93328429452934,30.199619077392736,123.58396398900372
5,9,0.0,0.0,95.77707742394567,264.49053083909945,202.22660453279747,67.84261980282342,386.0482556185163,322.42299251435634,49.97499316985922,383.9821702370746,316.43915108047446,106.25688093510445,301.66760470931945,191.46943087685756,99.86835062185415,442.3590800380004,389.5462798974519,82.88127577501326,340.8992682005508,263.57196855907785,69.6000021161111,258.8231305031222,138.71243183439694,46.02641581933967,116.61059442299205
5,10,0.0,0.0,111.76586686199377,321.47968489564306,238.4706643016005,87.99949662347406,441.4841046898914,365.9958318631072,73.926405891413,409.702949362546,341.82966809585116,76.8029610380726,273.68475943525567,193.54853917154082,101.25351408055333,443.5236048555897,263.8960069624251,112.90754270313211,279.20749052259424,333.79946945974507,71.02307380564446,327.46564413508156,132.98056693284843,42.44902628656867,89.70006431565083
6,1,0.0,0.0,75.03353974685247,179.88146718519687,146.04017662934004,81.83234326408474,213.6339206982032,128.33967006672816,63.60540401038615,192.89982296599297,89.27936780905296,99.27840363746012,235.57679973749137,160.16725228252096,87.1357594247889,200.6810679667349,127.90234402492707,79.2378097024239,127.6948493954886,58.87659102750137,94.8544120732221,244.734785584902,151.3946708479939,86.64924736015476,98.51021761383926
6,2,0.0,0.0,79.13717562301713,230.6552206086361,104.05660059552211,66.702045331788,267.96427355402795,158.96841029571712,67.12839542218133,171.02817362658928,105.4727743404217,104.41869068607592,228.86118548606444,155.40965044200524,90.27343676002677,244.0318846204761,114.22965093623954,71.76673941395559,110.1363479226836,61.75432333442902,90.75230044137056,251.02473899086428,162.2441382793348,94.60401992194865,95.97604267031315
6,3,0.0,0.0,79.36017755871794,186.48724113468433,129.720002968362,84.74975249847571,201.8850226710494,149.50754819138453,63.2126033032348,193.5168386424832,124.65632503988908,101.1740316331707,240.02082508354357,119.77312780653529,70.2406221472271,198.7452336469139,86.18268794937305,73.66200165191157,103.32565716048116,41.53898232833995,95.14996130193676,248.39681368280193,132.44276158332417,88.09035152181302,102.78943572678126
6,4,0.0,0.0,66.97778214829339,209.9080762410515,127.98237218578544,86.44402502341063,295.84549441084636,181.14402723327532,55.578007310765074,177.00904555570952,118.18157379795062,68.90621274223165,262.51079268625904,155.2172517159353,95.88100764195163,227.23236210679306,136.53000950487652,75.21141211833246,122.95358097563884,56.87998036983742,100.43199521344638,254.8558288590089,164.6577563168833,95.3691946533166,84.78624062459797
6,5,0.0,0.0,80.86643195743237,211.16935995177315,132.69683070829822,78.11225460416003,211.2496456396715,149.61448668364656,64.00235377877178,186.77595198781677,91.25598319518397,86.70667332960517,220.40103463001304,155.85437346883717,85.26619011757937,197.60269045540954,93.94891452434149,80.57184685434308,118.67272248613304,64.23094090732162,72.67920046153671,249.87606047719694,152.4481517054389,79.37491004324251,63.392645491800195
6,6,0.0,0.0,78.81096936917544,215.21845948888352,120.43628932327844,65.46916549437938,196.14017689354645,197.3008434758894,68.21301903265108,192.37520097575384,96.82792435316267,93.49624126917476,254.81573151412493,130.293903485812,83.6609813229058,228.32430498300639,116.39664117446206,81.11343068460974,123.92157533910117,51.273700356411766,84.72753474189822,228.46445180256242,145.6629565026541,84.41452599098373,97.20700680895986
6,7,0.0,0.0,74.40955609849951,213.8161217729938,138.00105301663672,78.19722684272344,226.21641304851644,142.93617734007893,60.059714956368545,177.71729822545547,99.18454949361771,86.54789876228399,216.6112020841697,148.068540611036,71.48077416191568,210.73186994002407,99.87656334397644,74.1153399681588,100.81742011199584,45.85263777678937,88.80368825280361,228.5837470355833,160.35751102474637,107.6471278192405,112.83789976525841
6,8,0.0,0.0,84.08658416373416,215.53249098863216,89.6934492623082,79.69491240775028,259.5427580217963,176.7508335611554,64.80394432924174,181.86054604295714,96.48245770809653,86.35261818043277,176.00726280450235,137.10637531506728,89.78238338171812,196.16625131044026,106.15868904612307,81.09945891506578,126.36946960669901,45.50005834616035,99.94433118017287,249.23645368869336,140.70083855585048,99.5119055334552,94.54756400793937
6,9,0.0,0.0,76.80702800415472,198.11034711309392,133.13773708291723,80.379891421895,239.03957721449598,173.68058469256616,69.31887427933526,185.23446525568576,121.5621548642233,94.52945245495005,246.32326133243475,142.75580299773188,93.2446716329605,236.2356983916796,120.10861275001639,80.81505333676483,108.85460286689981,51.98708608282939,99.0556717269974,242.8287719835016,152.58902875856202,99.37405931836035,123.18466185796068
6,10,0.0,0.0,79.79052649009633,220.47002676582179,136.38741916490966,89.32884835618098,238.2953919468769,166.0420264518774,63.486571942444044,169.37665757179255,108.05700067218226,126.38718422831433,226.96650680962824,131.14593960896238,82.22993474195535,174.79793971037162,105.64726550274194,71.7747278046108,110.28099772206326,36.232884401433665,99.59860653995065,210.49534179744816,138.91847626556822,102.73488117287549,106.85377042147894
7,1,0.0,0.0,59.999592265821185,530.3476117347545,384.1075545205175,134.42391514349757,500.5143505638469,379.74422933139084,114.2774752035186,461.7363185404388,351.3243360654065,89.70940299672448,468.1660448806755,333.7695548994502,77.75584451832452,288.08889018431853,218.63035042676853,143.74109077317092,320.5273704325053,233.23551187211766,87.40196094345781,357.99647426807957,512.6825211399465,158.7877069585525,117.3781103005886
7,2,0.0,0.0,76.0502482884151,551.9373621050257,383.18668766233327,117.933122030381,471.2832744148599,325.0359310111219,79.53385878311104,370.6875523327054,319.2258129157602,69.29220008067767,530.3246167000433,346.46796506955945,103.56675419644702,309.12421930908755,243.0581418562454,158.02991701690058,426.5129847987698,236.76290749146818,66.03909617275417,507.0073514308307,429.0744672384403,110.39162843087897,102.09014544803158
7,3,0.0,0.0,68.98917941163154,524.8300346782742,272.87656423282317,121.38011213337568,487.55007541123666,341.0801760680761,84.17258777413758,445.90019243279016,268.4173709562955,86.97039650672126,421.17480431650176,354.4425614033836,96.47971965356447,386.6332509432141,214.78997678762687,192.42017575786474,420.25405504939056,188.68556927035826,94.42876430388662,493.9065158443204,393.42515511510726,137.22400404583792,106.02954857730741
7,4,0.0,0.0,73.95395322695059,436.2724998487022,342.12240640903906,119.49071615805562,426.8607273677883,306.6072731481787,91.4216441899946,461.2149897793868,254.8445259449865,93.72217432095674,425.38993016930766,226.32827873767002,77.90321154623405,314.0755983677423,184.8352965923337,180.06488885608968,307.8007160088275,205.8896149806411,83.5798534712839,487.7209643313371,383.3545994068062,96.76438024599008,130.92789510534513
7,5,0.0,0.0,50.135058816515766,444.1499962972005,343.71386006598294,94.64746828649974,389.7631303250137,267.5303185788511,105.20026934996672,500.14143838840204,270.5425561310193,69.74576204502776,480.3951311628885,359.60368135423175,80.01739276876845,331.85895209792085,256.5334003671354,169.55308112504989,420.2385747724851,264.92573160593804,74.27366289922523,470.6527860103009,363.43779550665647,107.18030697065227,89.1227016709826
7,6,0.0,0.0,52.23603735023183,409.48567252871027,393.59520486404335,106.08729323787462,534.2586649056371,384.7963172401645,110.65464822979328,475.36114843419807,303.04115719575856,56.942942036508796,527.2822304715353,361.7304790455527,114.15011956777153,335.38265268626947,147.5777628644156,159.65848312327856,244.9988516059911,217.69465898682688,87.39892716809143,568.2932758693801,436.30968384679846,131.87648017419704,83.4019501758743
7,7,0.0,0.0,56.703723743358076,431.3242506693072,364.08383516903416,117.13897938541707,385.35568163830476,311.3443530332649,127.31166953974292,363.2860677839136,318.6091662026716,58.831094411432844,455.1395148118628,362.62880243160816,82.93611093583856,267.5253177227942,246.0597764646604,135.36846103062686,352.68939213462284,248.1616188847607,95.44740227552968,517.8097628417896,428.4519178969001,116.98210344231127,108.23139642394968
7,8,0.0,0.0,55.89001293628331,438.75364827618813,373.313610816055,104.76830101848849,411.26972348788075,330.9646651260778,90.73738351546469,416.94840806443847,263.7414174762245,101.32807640039766,490.21437399069885,424.7174255293555,96.87484351402566,379.95510785066074,236.80815242712586,125.77801923734472,438.93950894481804,318.63799995549704,98.32420992460409,497.22190017788506,528.0618777093586,124.90911176339874,108.61810833845283
7,9,0.0,0.0,65.1887510221392,382.1643139804643,349.41509421960893,117.47152962433235,411.16184425758763,387.78972968469816,98.53173637084076,374.4631068085431,280.3585162426019,102.85085147449487,538.4498789903837,320.82229229315726,95.16306829077466,374.9345220984606,201.3750458355424,167.22454235472338,277.738693167807,222.1856654592192,82.13565812095126,592.6361557706099,417.6235691050738,125.79523693289877,101.31030212011221
7,10,0.0,0.0,61.31151825600419,508.74104768538837,513.7271805949824,89.75936476870334,317.0276678552404,262.69401735844986,101.86885528457266,440.08326210346604,240.46864201146025,70.33433317248468,532.369381413164,332.73066285969844,94.29412716799952,350.9564533095418,267.73291216410183,133.5708552346342,300.37078857690324,262.15735942995707,73.23092462347455,500.8673355865051,459.2074900454787,136.96730626158936,104.15113164957114
8,1,0.0,0.0,86.17412360443767,172.79772120318208,51.93537945634945,89.3650877050248,158.5852989502604,85.91280877804166,79.51051811090905,93.75159377406364,98.01852526796159,76.40151531074955,200.1102287646033,79.76500346561177,85.82343982120997,134.00703671334063,62.221875983413724,89.83929265641983,116.57011531643789,35.88247023206974,115.38086834595153,156.9564326945467,-10.746856430179363,131.57100285351737,104.19139436932149
8,2,0.0,0.0,102.45220307010939,145.21880999903274,52.23943552928926,81.03207693585684,137.73399125211978,94.64051758037628,104.0575652830218,115.75787020049654,82.80538406107524,98.59847095942341,178.30774557325742,71.93470946480511,80.8097451027429,130.94194184167466,65.13851041277046,56.99105593016488,153.03770338480783,60.84469708147188,181.69314519759672,145.3286475576786,-11.371272145836892,103.08000595735305,90.9049441528133
8,3,0.0,0.0,111.18013576091587,110.47703083453445,59.87950053507656,79.73593641756031,172.33959975405944,110.03920439671639,98.1681648847501,132.5921023504759,45.58922458695526,96.1098627520981,165.8891469744182,77.28687772009683,86.63731724629893,122.59728514620183,37.860483972790256,76.2013058858539,93.36994009488008,54.10534090387675,162.23723946665814,121.7649321918059,-11.778656327099622,77.95518777345904,95.51451047894814
8,4,0.0,0.0,83.28072514012499,178.40859240784533,52.63096300357742,77.19326253551819,149.0629641139322,67.19158506924411,60.599860202423194,116.11533708591149,82.66404086222205,73.58149195831965,175.40428402093747,85.0378251678381,94.23776525536962,146.78776160147652,65.91491710785789,81.7926153039614,127.9360948598367,55.06903889534415,83.35591826941119,153.7646725606519,-13.809842325779233,112.24821351094688,127.07390689645564
8,5,0.0,0.0,72.38138464727035,157.82108275042216,71.0567972572952,61.93465348551011,185.0042864323852,82.01038456076493,97.72109697028228,138.6371536275977,98.8160224284812,96.87298867408677,155.7194527343909,60.08647314113998,81.9280758963589,166.5932727668408,62.67561095386337,49.81048866730204,96.45836969727901,47.14016691160989,127.95344062842277,171.7485252322205,-10.07815185104575,96.0292675091621,98.65465493414867
8,6,0.0,0.0,68.79599095837334,179.3439538513126,44.91548831594699,108.87301385691785,122.680534308532,84.7203623397862,80.19075364964137,175.17150440361578,60.899852712348014,100.35903376738649,179.55263056322806,64.9872540504382,78.19770076221211,143.91534901453065,53.606447415070264,77.67196089879164,128.6061871190863,47.93720597345661,187.14368501514258,144.44842229359625,-11.673035787856492,129.65729037626332,85.11012119217433
8,7,0.0,0.0,99.17558927860686,132.33493205837283,62.81822843373439,94.11180660781415,191.4801968504807,65.63420021337677,68.17873232953754,191.14631832882498,49.32633638108152,81.85591609669758,144.47275062265842,61.25282033102303,88.06562832832489,205.37600360143463,45.78236254487398,72.73071082593633,124.9199014129431,45.88508142686164,140.0580121940516,139.03703406177775,-11.57333383799979,125.08392655814825,101.39300880395014
8,8,0.0,0.0,91.38134952461425,163.22833664714202,57.05005484348433,65.23774596361406,144.20463898067038,54.62024732487579,94.4440466153881,154.56408547950113,62.820634492557254,80.25708133823642,162.5150470616953,71.65329412839554,116.58058617775725,88.23625136205261,67.91655646967939,78.12770141337333,131.60097743149228,46.74287742117575,125.6889222867715,111.95364034821799,-14.334683404414697,76.7473499554844,99.39795404110178
8,9,0.0,0.0,57.09021188994693,168.04388069189187,47.451926700867276,85.76729600531665,170.7913395892037,88.40441446447204,90.59259215791127,218.67953974512085,75.88471851217307,96.78378336344831,197.73034463383487,90.22365901499545,96.29142957208815,133.2748050994934,60.20681458939971,77.92473823261942,133.2943652884934,66.93039333185878,175.80030361848492,116.7457455133981,-18.101264812144294,105.72558304230795,119.88937723403818
8,10,0.0,0.0,99.9504746315867,186.9791254195884,60.52389177593795,110.89405524505683,159.53699486351468,79.8746800606552,105.17620243954173,179.08451534984061,66.18466669329541,85.72821925122419,150.35940495964118,65.54560503560185,95.16209616846402,132.1004453222261,60.17483687960567,80.32659449089721,143.54956345079202,49.052662843104784,166.96631806098446,132.1751771921709,-11.40553022950035,87.21448302217672,86.4792354164391
9,1,0.0,0.0,64.59867608938198,344.6983181067316,265.58563260492616,103.47498549781918,384.4399903063384,296.8322212140765,90.46756401593338,485.9604358372813,324.6964256847028,67.10770399298308,388.07688742960283,246.67017936514085,101.98326690057159,285.1079675727041,163.04092792448094,90.40685863605971,483.08960802263107,325.5237858857778,114.02800797061175,316.80565982651376,195.28896624336954,66.23951015904409,102.33682387821605
9,2,0.0,0.0,75.87350677457546,278.76647444895883,277.6852605711134,97.55223607596375,360.15865907716676,284.62325451096564,100.87569110226863,495.61779411179646,343.5514599357981,80.82296604824967,382.30935279495276,262.943658459615,130.247719214813,293.8711248082182,179.1900444392715,79.3935665853383,430.5988799788617,263.5433005836023,100.2999585412292,361.406679194181,226.12756694648778,40.77333932708011,69.31279485670562
9,3,0.0,0.0,87.95987572433866,321.4111792103774,211.65855199776135,100.6006691356438,399.88617512248715,252.9466054616349,92.2081436813003,360.6288268590155,350.9037867894533,87.52757390951042,350.4520687012314,316.37254418354837,98.77695828626463,339.72811288464857,179.2362179552902,96.60001188528634,349.52912943208634,325.2615295693641,87.32089500173379,303.44327468428816,247.9337748601091,60.554667442385586,99.41221097011629
9,4,0.0,0.0,85.30461701148927,305.2346401985411,233.34017498710816,84.76395897910038,353.1093439165099,315.84105762617753,98.85448541533667,445.6950549392512,324.9835133513331,82.05053267811091,315.34394010999716,301.9233650423628,133.06537800403885,299.6335562412478,164.64171343542247,111.95828125780045,372.2585155444818,323.07216107101857,97.2396972160935,360.09115507162176,245.62582659245265,60.75599885094179,108.48580897772021
9,5,0.0,0.0,79.18261304326693,285.41432918723956,234.47775469544322,95.23995757159479,343.71873738760524,277.4656156363025,90.31338849817507,440.7383806568635,339.5990769756848,83.40946181403262,385.06665946486834,248.77620092511145,130.58908993016703,293.7195214777722,191.9093602444915,86.72154179522943,396.5391878316162,323.3882057282057,97.35968247069425,323.18213364120624,219.52689683820128,58.036205087739646,100.70514786628677
9,6,0.0,0.0,86.94593104323178,343.33552235750193,228.866095474934,108.50258452469285,357.2851998620984,279.57065217430267,87.85136440309557,402.70107470260336,377.71009575900246,87.32000681334273,376.0303392631994,263.545243404953,121.48146234273742,342.2065082820859,174.65504117754443,105.29403297563707,469.71018996988795,322.78270811779424,91.84903307569817,360.7368862032898,170.7769356853842,56.9551520962696,95.45554676914217
9,7,0.0,0.0,82.91551917388482,274.33026739531954,226.8265897471878,94.34871351993458,318.0322800880788,271.74355050914875,89.50922938718958,424.7696165017606,353.86077175321503,83.86498561497355,394.71999096500343,269.83308984074074,92.89585684010859,288.62000547414146,147.22279617102862,107.75310818082266,385.91267252784576,357.3969583648436,115.34695368443363,271.34869043796965,202.10952643998442,58.322648423111275,113.33979909883305
9,8,0.0,0.0,79.78395245621171,364.5811959119885,254.16337451848634,94.48217053904013,383.757682229652,275.1838650990638,105.31251452880986,366.52884031297896,339.6767412226957,81.71899779636453,364.261085784325,318.8409653077967,139.8160548774381,265.5207572626887,172.36427319427236,90.7181068143851,403.6951453532219,323.9962724056126,121.37218756021105,297.80258503561055,257.5109364531355,56.6649820287255,88.42743708616177
9,9,0.0,0.0,86.74926147659647,334.2978769223081,264.8818870823014,93.32685419362873,358.1666932863153,257.7138230951008,110.22710394731064,462.04484479489304,390.7085948247143,78.18406459866735,343.19289762221575,271.78825509563507,116.37812692273327,293.9135169755454,151.24223041928147,111.55056229202116,439.0017348858885,314.58801997526757,96.71229739555606,295.60266889869666,204.79178988756536,50.286130693469545,103.85692510024353
9,10,0.0,0.0,85.79693143259382,356.4897443802769,270.7690975901147,86.6545050121844,407.78512970472127,247.55906297372346,96.33720804517215,420.4975495497276,380.5399054763478,82.38747914892248,320.13571879430083,301.6389713150529,129.18851515025995,318.0691606669095,211.18982090813736,87.57687435416744,385.04976330474875,293.58698712493305,96.87741430702575,372.2305858782165,221.03927382187055,60.357124898278585,129.23203371874789
10,1,0.0,0.0,97.60585517751443,488.6479069514329,448.50273041545773,107.98202849060134,563.6715906997357,405.45708443277806,93.29335355972347,339.19727963285624,300.5869490657332,44.43187380976404,401.303482750413,301.5622670670593,121.4441014541929,646.0340401184134,420.64087146497155,63.4983880090138,414.37365180398706,443.70879069032424,102.56556723073098,477.36322739028617,424.6619158833609,69.54003777303089,77.19628432842481
10,2,0.0,0.0,137.5858064954369,512.233674582295,399.66091639674664,115.07337151660141,733.7227653676168,443.26796178050313,94.6258166092549,447.8584697572259,354.63866348651266,45.876970444617406,406.7504270282605,360.1600783180054,101.28610394906512,591.3545540891913,455.05558876568494,79.84990424305917,489.2458739659051,380.1129598433437,94.3462319231158,433.9765672576329,443.70224263212356,81.15465527970846,93.71349603022493
10,3,0.0,0.0,147.84020642493059,483.08372297529115,438.2373249098998,105.51148968958307,514.3348243130338,504.02163236210293,84.22691208304585,438.25642920761845,262.90738506442773,44.803404033941014,411.09666163153776,438.0999914976726,97.7748769323449,494.81437353767154,485.9007066903664,78.03915571524516,403.6278124299416,416.46700118312066,93.12143009176347,415.37573613527996,411.81357755867106,84.13587210324283,120.01079492312732
10,4,0.0,0.0,123.63028615552739,529.0455571400707,378.120449846415,114.38259691306385,572.1447273116923,446.63429811497105,76.86507808721849,461.966245860754,369.13296554442,42.68757225754088,416.4984369387594,369.6996304839136,83.75469441741282,424.490431003269,404.48983446191494,76.08594667790896,457.05185591772124,427.6867588381311,81.53592529012984,573.8918214504507,362.8036973763002,68.30091513740075,82.31328495719106
10,5,0.0,0.0,143.5805935871288,482.41962228266425,456.403318311435,98.06342174051555,520.095661513313,479.8776318506431,81.77202069631385,386.25306611287755,370.787884393491,53.600226410781346,398.78849008383196,318.60370256975506,99.91891076638207,550.2734934063374,404.02313967620995,51.541574688651664,418.1161633311417,408.98054723598386,62.8339886629379,452.1682757747874,312.4913900688932,76.10013620106007,61.57785093085871
10,6,0.0,0.0,133.408555679507,501.8642377274014,335.614346336181,106.17291860956139,579.3282945817654,408.9241943167833,56.631066051181136,456.9917536714304,353.33207040153394,48.84875368914672,417.82546787790534,354.41728751471834,84.59298863632995,678.3042127554471,456.762580618571,87.87712193888356,467.2884185894924,336.83778831841437,82.20302712095332,412.022560092581,359.97248402048433,83.91618191297985,106.9006815369432
10,7,0.0,0.0,117.32631780052226,513.9911955789978,338.662668418317,92.40018315502876,634.0914376714251,447.7319278201037,96.35552513639183,429.27701357186675,368.3103647296305,36.35201788116242,362.9926239601649,375.6738347930825,110.71867707879713,529.3351637446063,425.4126220769017,64.54614808921156,487.5458799168647,375.6482685843552,79.14073116469321,451.619548667623,454.04054173964465,77.09583665972434,96.34272498617787
10,8,0.0,0.0,110.31108524473348,528.4378056519479,392.9028756416366,105.05523142261721,470.51208698512494,490.5739622254109,85.51955130418393,363.52036729695544,318.12250163037993,52.51715802764857,341.86972796448623,340.7714882393346,82.10992211446984,585.7960056328978,429.4520404678332,83.96815761422904,484.40722282812334,329.6484176733302,90.32967103277714,495.9966468582832,371.06737164051293,81.14179022244522,95.58997176529506
10,9,0.0,0.0,111.37119163088151,469.69426399364954,415.95987214761624,91.32921524139248,564.6629937373074,433.8723956427219,89.3895670507286,356.45930975941025,288.65626473124837,54.42967553371033,474.37358195509296,321.6105359637731,111.84475558423385,699.6547752888664,524.6889107922926,68.4900446196628,408.8359264934668,433.5383532898276,87.9924025241828,438.99584935110266,363.5630981865967,74.05902754142762,86.25864019126573
10,10,0.0,0.0,144.73305368168806,563.5615131014598,327.8997031742632,108.35576566280122,478.9856656141883,399.4118194580292,94.24173454484938,448.61481236134784,345.7095072874582,51.240412866641556,467.0460771632232,357.39119303641513,102.22815481055768,505.5168952434525,327.90111948559195,61.72087475587054,420.08828409479827,411.4161613433064,97.99321980290613,405.2429852801019,335.7917421932722,70.72413881393241,137.38369123246238
11,1,0.0,0.0,116.67457298781414,555.9566335230489,549.6870805286558,107.89318592920488,576.7667894496437,489.4093117321494,110.14365636435336,549.7606230105504,409.1609594976309,108.16995841006663,526.6956113650015,313.0078978490227,25.162981558480922,456.9579545020339,636.7268232483868,110.02517557553753,552.5880627002339,559.9833678257511,131.1111624583402,640.1653661062869,427.4091830492159,83.04527234449664,122.33585252302373
11,2,0.0,0.0,105.16491897360945,510.78659390034204,585.3642319953921,119.74300258762642,484.9023531542105,334.57418905615737,73.81539312405404,511.27183261425137,465.9038188705648,133.85565392377822,531.0086879716715,382.2196467851888,32.40740298105037,564.5700003246911,525.038849004941,99.20526863808647,562.5902845727746,541.3446463236825,93.0889891927261,359.1541139734393,446.20827991385846,90.91267971270725,85.6177717113883
11,3,0.0,0.0,82.29177052103145,398.03880899544123,402.3218288044918,88.3458487417162,488.9621286961301,488.9998916729943,74.6888632922394,470.6001815877675,357.2634808972481,117.68644848345347,492.28861496767627,566.5090492200388,45.928092419888344,612.1592489774994,411.46172347288876,97.7073951684576,705.7319548334309,367.779678903631,122.06156266635607,436.48516925730524,373.5402805087226,67.80659544891097,99.33642885794531
11,4,0.0,0.0,86.32070502891622,577.7129385761028,527.4185091793238,89.27727644642421,403.0150848366177,410.43958789176526,107.31545917702756,657.4419535933619,298.3386980593759,119.8320493280078,445.788595556015,523.3119013632142,40.780878042693494,592.1720442766601,718.3161621689848,94.52618257455863,532.8234495908654,576.9399070308824,105.43610743475733,612.9667302096561,370.29056178883314,57.528568038221295,69.73932423798551
11,5,0.0,0.0,75.64425338814982,656.1883501288435,467.58677977472985,123.24960952655586,488.1418871232452,398.238096413386,109.99776134421369,620.7566848247019,408.54808902191166,76.56932854310152,367.5418644715461,377.4133706291552,33.93212661965702,448.3992380465709,395.5983214549888,132.81903297278959,589.0581244047626,412.894395191774,84.95943516533211,542.6118124505279,347.1186505305471,53.8115275799823,77.20893480453161
11,6,0.0,0.0,102.66882197354003,733.0405566057655,544.6722285120605,84.38793422216946,551.3817540099507,380.50874620094584,113.87324021420928,517.3072353528726,431.10868009613915,117.87479315162713,595.0318636819572,349.7665763694066,49.88272746472278,629.5739171702581,411.6253109652741,128.43940032894284,551.550305305344,391.6673385921546,157.62157113741583,576.5095732546238,559.4456440362165,68.89461138601835,82.39947934190789
11,7,0.0,0.0,86.36405530804203,488.33284532893015,577.8407327276834,115.63821336893834,462.69908795705834,385.1845749352969,79.23038161817212,714.1112704927084,316.4308364954801,118.26645640217248,463.0588119693741,471.4435612478493,39.215654762069725,601.0824729302947,347.631280857771,103.61750501249556,636.4276060557289,573.4934399291151,126.16811690457615,490.966938402728,398.55965629703246,75.9595792163975,80.76090574792363
11,8,0.0,0.0,112.47251427555,459.9564785763784,366.4807887288497,79.58147731928759,457.91588348888683,364.0682968993793,77.575225355118,349.4219565543592,472.04999924137445,120.2697407292571,549.1291734689695,473.8110465246151,42.78220371319267,437.06002661178826,530.1074328588418,175.76541190869025,397.81959424411554,472.2695306678608,106.63960588821519,526.2588921021741,569.2390312515244,64.48988583967379,109.44195322365854
11,9,0.0,0.0,57.865689809613265,600.8944958214126,463.52303491917166,100.53534948225001,456.9118054184183,364.1058983336923,90.5124211603462,582.3394515951991,404.0083593967757,119.21313334337195,544.7808186774138,399.3287574514607,36.99910443102239,627.2601650126074,694.1577947768242,114.9477010740713,551.4650882030923,425.111240361698,95.9846751231407,647.5743420490373,591.0113425213738,74.40280247867,96.82333515679902
11,10,0.0,0.0,103.05055686923488,553.0227354605912,480.0415693639126,71.81370321099841,574.7554696972485,366.3680809692387,84.65457878086002,518.8726026784444,388.67907901122226,113.55102740537643,516.4039886364635,392.85418828450776,40.65309861250374,504.1365066946033,554.6735047897232,137.96515469683362,753.9044970779914,525.0339764195589,62.84645392300789,416.24551972733263,419.6639362949377,86.96158676647926,107.85785006788471
12,1,0.0,0.0,65.27125233780025,282.2621190963181,199.45840908060848,61.40521003347851,313.2290885967762,194.53811493257913,85.5279487537385,228.87667203875503,163.26811255146012,52.885519658582076,233.19184657013125,168.05420069229302,43.18125794617864,247.22711229148535,242.81240575493223,115.9385447790808,200.95331067154623,231.44054546545678,139.6452161184384,199.11707720991197,73.0838881831984,69.53574980485553,130.1451045184332
12,2,0.0,0.0,64.93267584862508,265.157359940599,146.80725945494692,52.70920092381873,341.4137490527504,192.1994108896988,106.98976531481763,218.37087656650343,156.14923937905638,53.859003308425734,201.4458061020507,184.5972490468066,55.2733180064849,298.1569800554767,214.52719027561622,131.11579176568569,245.14862285244715,197.75566611421777,137.31923415643976,246.02168340642078,58.43485585427301,65.72858861302005,89.52749764194296
12,3,0.0,0.0,54.1779515820179,206.7979551236758,118.88398181363317,50.21965065772831,319.8729303559145,169.70577595755833,114.71480045260904,240.9739646952732,125.08931300038091,55.11170060378296,208.3271728009655,158.39782003049913,44.184697697973235,288.00750027803497,240.57529843360777,132.5967769537578,221.696662455423,216.9210019275554,125.58362047446978,193.07347235849315,55.47991976847503,59.89940872892052,154.64228266537515
12,4,0.0,0.0,69.83071678728777,268.4911026199528,172.35880986511364,52.314402864705606,208.55459904706166,234.88744255845646,109.31173755011736,252.2897335981135,181.48194979086472,64.53350916306174,271.05616082608515,180.60108593128837,61.88647696870371,245.76253156473402,216.30200799851977,108.40510585150143,293.8783103347971,192.27099053288998,116.0074276705752,164.96340437728364,55.01790213533932,68.48700506821442,142.93404088743853
12,5,0.0,0.0,53.8658255197939,242.86292830892984,175.98769614261266,53.33009135224927,291.61237328932464,175.02196312144684,77.50371530527042,241.3186811783457,139.9151335281708,75.26961294199492,222.90598911584573,156.55405746899416,56.286067408162786,281.39951487979533,217.57635112007432,94.09266163734229,321.592259146767,209.06149325556936,94.70902791328544,244.57344238389828,61.378044591136884,66.91293387890494,115.10066125179824
12,6,0.0,0.0,57.27055243810503,300.7177846888484,195.69699791720447,67.91484507363963,186.09554495051466,223.76105393629615,99.65732991182557,286.4697218181717,167.97757487326047,54.637849295892686,231.47514732738117,198.86586978782677,37.95560447066531,259.620121967967,210.44064498954793,76.09402958537083,330.5259803880285,213.8081240555598,116.40998299354801,154.7103968543657,85.06669854941885,61.49449815739435,68.74450857154271
12,7,0.0,0.0,71.70960932015811,255.80359594820905,194.86788839693597,54.054929767379,240.67186416293265,223.35149831323514,102.11990595614564,233.359268917993,170.7701813723026,53.764966391405444,283.3725521043722,198.88934962444986,65.87812664502306,206.1866805420911,157.67299167703447,64.82140521753946,359.41077185350616,293.1396285036502,127.91439002557841,228.51833299589973,42.23118845643957,71.17172853445301,119.66878463844371
12,8,0.0,0.0,41.83518016320909,276.06888688362386,193.63940714775512,51.139011827974784,258.3806489622376,221.8212740693642,76.74268005814018,230.8694385766546,146.21048652849885,58.18726169373439,248.56852515218344,162.36208418694898,61.857915457788025,242.40001060876136,265.74525130205905,131.48765917881408,313.12479123529533,173.94933866282324,120.65760042338286,166.80351212896593,78.44215541205047,63.886680195653035,102.12317242777148
12,9,0.0,0.0,56.23891598317423,241.31042454683163,138.2118695462173,49.303969262913284,248.66308075811898,222.45267526986268,110.5962518730685,266.8615753017621,166.15938278712056,64.34950507144134,241.1745918384622,189.28119812788654,61.55813702360225,213.04812943822387,226.48552905140534,100.3756962641437,284.43431502920316,212.48827347680032,120.41610926558107,184.56885229774062,73.4023963004543,63.007682382638244,117.44911542482214
12,10,0.0,0.0,56.597959655135696,219.56697957964914,190.7989739193035,56.559745371496284,247.34179301845384,213.75709760403444,87.38602874725267,271.62099941055044,148.31612935914308,56.72583845608732,258.8693758870217,143.52562739872732,51.82308237135887,208.5219356349465,209.4150778463523,92.71411563522658,259.4165289664272,192.8017573898603,115.84934498893985,158.2482270039168,74.06598657233742,56.372355868073825,81.38535502550482
13,1,0.0,0.0,87.71083940939594,228.2377913712389,150.97665179951696,62.41356340880185,216.3944840836773,135.12386517193076,94.23210317761037,166.62326894325383,39.79992974573656,95.94856136890638,148.66663074747729,50.4702082659425,83.92343564293927,193.20859059933278,102.45110813776583,88.1588897020656,252.28637094920308,117.68621028963543,76.93972623284678,195.65228637225073,133.16454783168535,84.48969137042877,121.00135330221471
13,2,0.0,0.0,63.26724382879863,224.3549312011242,132.08847242025763,71.61051760989272,233.83266837245753,196.79215612888817,102.64279248828609,158.3062898507471,50.02848571959861,85.89807926344601,135.17452380961512,57.22833779154594,74.37642554344379,180.05091440516628,118.46858799499388,80.77351351811404,225.21777199221896,127.53787680762434,83.1664377891168,199.8247545846607,121.58875529186113,108.72624808464047,97.47151468972693
13,3,0.0,0.0,58.77834156829741,243.28686418727239,131.31125302491273,67.78503842638051,253.27391511720396,169.51852448208675,93.01175544049535,179.83695346051366,42.94748941469805,96.90510731789234,131.35190190619502,75.80101743904342,63.124164241996915,179.89561247199063,142.59453492240607,87.23476206036258,256.7946211007141,147.74307581243116,81.50290544764147,180.50072500087353,102.1054837422181,111.30990598808415,139.14226316460122
13,4,0.0,0.0,69.98963563683475,192.97888327367627,135.89534169220536,67.31684359011452,223.891643988095,166.1411590993697,91.40422334772828,153.49985435981543,44.32408956827056,80.55521579348208,178.64928858449184,41.03004706765619,63.75201096474621,188.0567715048307,149.70555809972944,76.51253351965578,245.5061864352263,146.05093851028317,57.698649869473705,194.24811693390626,78.53068711646317,115.94534437243348,91.05352659085827
13,5,0.0,0.0,70.58733207894694,180.65470972195237,133.56192697035814,69.22011816187657,190.5932488058929,167.4767540776712,95.97804901112363,137.4007710211171,55.39966208980585,85.6831362515524,148.47008210667374,57.69554977304118,68.51848479144722,201.80251337302215,146.7286953514507,89.49200289184265,242.8202402530758,147.147336815845,63.15300778887219,196.94769557791173,101.84629131037771,114.59545275810179,104.81653574693095
13,6,0.0,0.0,76.73370721326171,141.07748081748758,144.47440838138613,70.22661012937233,234.74071942692103,134.62463170843776,83.46108693069641,178.79859957846648,46.839981406854065,82.06267263624446,136.76642452593288,64.28015264064402,66.5799057241069,239.45097188109486,137.2614979340888,104.4893547906201,276.792375133268,154.9533259570693,75.53958730662609,201.1268729701035,119.92236995550759,107.01074628651844,134.30112717817042
13,7,0.0,0.0,63.87869050986483,170.25588469721436,133.0494722473477,73.29910880647752,219.51404122717082,151.94468337844248,119.00677603504727,153.53906590723517,50.30003722755203,103.21628887614764,132.3575981441075,69.47855507407856,65.52783130696727,195.14057137518267,143.48834856684974,110.88121328530654,242.557077686658,153.83041727333895,76.30235719509754,182.09895301600528,129.58690619334988,107.88182411995332,125.99550490166011
13,8,0.0,0.0,72.91947037945236,163.77418166092028,113.1127004660915,50.46170584452067,217.26304295389292,160.03100200653859,130.1697329797305,118.16301535517192,43.339858386930366,89.43714776151803,147.48216711171642,48.33451497693652,64.66531152959907,211.42991527328272,114.67431392354925,86.2409880304549,190.81156132656284,170.7494221068049,65.66080107466667,186.46666864199457,102.35268433730482,113.29363636984544,101.5450726653602
13,9,0.0,0.0,65.11778779831121,224.01614778657586,138.50504491532877,70.86781712270117,220.06712604415742,133.08515419807836,97.31523326090189,140.34040201626544,41.4885271130176,83.34156267542353,122.22297584347344,50.15202157192408,74.60855958217935,205.24936252864768,127.11476876805379,97.31931751352133,242.78591073579764,147.46857256817566,81.72265531575377,202.92024416236157,130.08607015569626,113.86808455492118,129.8005547457463
13,10,0.0,0.0,78.31268788377045,209.4625558220701,142.1769583715964,60.232577838869545,206.74995783923237,162.09603988943059,112.49046130369952,164.06758573438066,36.526301454608,90.36940324834246,136.50132000284216,47.389565741433415,69.49557558478904,186.2284246569776,104.15997091456632,94.28537624674624,230.4824406384633,164.3540559994389,74.66480119018496,169.26519961258717,116.86743414844125,95.17005774788821,108.79509665611303
14,1,0.0,0.0,85.22884855815542,168.63436701381445,82.9055574896984,125.62911830060337,188.93404476217407,62.317065108273326,96.92693820972163,199.33880096835415,135.58492981204432,49.54241413430315,158.6366159855978,120.92809900542217,49.48291709614299,269.0548417937996,180.16835740010006,73.69121357887587,174.79053191975424,70.97059244814348,64.02933633946763,162.73566928841734,98.19335916396396,42.39443933296927,112.23347108940821
14,2,0.0,0.0,88.1717674847512,161.15975399984112,97.13502414308546,110.46355624533477,142.1872059136314,46.43005644899308,98.10569225623162,250.58855716928394,126.56938940546262,56.96612705480395,162.7912704551902,142.01273028532952,49.43327044714036,228.80891598177755,212.7155637788514,91.14493111252004,177.44150559835705,81.98879290074159,65.97820227466005,148.48076122083228,92.92461850282062,38.4708837051654,138.36483929096326
14,3,0.0,0.0,106.5441360451423,159.825039089941,113.48291895472731,112.085957495113,170.6311809122412,43.764957810105344,105.6174740313817,233.31040030914815,117.69890888990602,53.93124908270773,164.69689611035827,122.9692014603522,54.63183963772374,267.55770046454853,196.88727537594076,83.1610275172909,153.89226889055925,93.99968247469742,67.3518811246012,188.10938548694827,89.5459214398635,34.53309780211384,115.96458757131848
14,4,0.0,0.0,90.4286408236526,172.45586901617014,87.57790308237068,105.89478665191905,173.14733095275648,50.730978176733004,90.33983840732084,164.6094138855242,146.42055414625884,51.60117605996682,160.178365040472,84.95422662267598,51.03200837736408,221.32827411690718,194.3135929836256,77.37174912508178,175.27846247912268,120.83894553031772,81.70607019957622,202.53296071459116,113.43258546663772,39.80151551687296,139.28600901213025
14,5,0.0,0.0,83.98449007278585,175.3693172165032,77.20756787329235,68.50038378884929,164.9702774980834,45.18999632927517,100.65333783002295,224.79552422250964,130.63727554439748,56.93508851961597,145.59380389611584,122.78406823400924,57.660332697331455,225.77686384804224,208.95677755026782,75.82926474500934,193.26334211347665,95.41942579166216,82.81018449609083,184.7352743517026,98.52488358959404,28.150562926504684,76.67530375844457
14,6,0.0,0.0,91.89909373468235,220.78786330648367,86.62658455368043,88.12698879482082,138.88200695227104,38.68789078653141,112.44211090740282,252.49588253562598,123.53462924490734,50.90833951206126,172.2472294835568,112.46288314798993,56.416516727584224,273.6607228046645,228.27485930488982,84.50748322865624,157.8350349874437,89.9829702699978,65.35858902466907,203.3983160532039,126.67931531274081,39.33970931464924,99.82767559932083
14,7,0.0,0.0,87.395927451172,205.7666056850297,96.55632056052453,103.44358813292064,186.91382015200514,52.98271693565073,104.74904845371327,285.3941046740442,145.8247773211925,46.44794718132056,200.33964286976223,134.12334830033052,61.44035349546669,229.62718639681148,188.03949082366964,67.73284570503475,196.60022290496275,109.39180202249085,60.35733295306472,183.56889205758992,100.54757030827982,36.88088525309041,106.19958655012533
14,8,0.0,0.0,106.23462256354652,228.00762001271778,102.28485393055757,124.89326853486135,174.29030850176784,45.77725476363851,94.568533242049,212.78939702974685,121.48615990118103,58.03944198301848,153.96768204869107,115.5612673691805,45.183626467507935,246.74302108758155,168.8572322779969,76.55950779385637,177.5899494186887,82.81995010959972,66.8131824848057,187.51892113967745,100.46512991402184,35.208132419501744,83.22311458578903
14,9,0.0,0.0,79.30177318686296,188.54654615798964,93.67729961152659,104.986869876744,154.24203505911265,69.34032000304612,92.29981450055332,203.0226051075154,126.30830965971197,50.98888528024799,146.31179603385283,99.73196397319778,56.48924774393677,219.02345446274137,191.01741115776304,98.46387015643148,172.82942575147533,94.74631979297746,64.04819186452929,154.33890599225305,96.76369478110561,40.54409860364693,98.64738368358533
14,10,0.0,0.0,105.09912882441293,195.24738981124239,84.6987399926322,115.71316248469287,181.04543023657382,53.60049923584332,90.01420085821786,245.347366527794,116.75944737393449,52.55911590295849,193.85939863077436,135.61559467510287,55.37785919951656,254.61719887069745,183.47963046344597,86.39239070919848,189.82504284124875,82.28641244302304,64.14638711921529,155.06082743870311,94.18815115716163,36.9274913134863,65.50200974445329
15,1,0.0,0.0,94.6984533766551,294.6750137879899,245.52071235978232,113.95350597225364,320.81811795472163,247.14887118709282,103.31736498992395,307.40235948110825,177.40108124389656,117.97838929747363,222.5157449282866,102.39579137841137,105.12725350438107,256.59584097931537,198.02251268655792,109.54342187683618,231.8938462732627,104.5513003634436,53.58645544398385,267.5621656187119,245.88675593842135,94.89374594666464,89.0977146666194
15,2,0.0,0.0,65.92263492630943,223.85263062013541,213.53389187364496,144.82314089487878,389.7551475009137,141.94383200906177,124.34374127830196,281.53401293611614,179.39195389041083,120.74791863372282,283.20517340881634,102.06009509422071,126.56258754799912,313.5476016732975,241.95021075155063,110.77779393676735,210.77590245947212,122.13006261451672,54.50181671994068,221.92249143033132,330.5152854813149,115.79689393690735,97.16530418404973
15,3,0.0,0.0,76.6258414817184,294.23206346984443,210.02446294833112,79.16093169510529,275.33965346452163,214.28681818691368,141.52237414411604,266.12368147562347,200.5380609703448,131.11906950687867,234.23304834122385,151.84460128297377,123.26802876868703,356.14942779468936,234.37494123886123,94.0915069656945,207.34179946516878,122.03433934382193,58.05678691177701,344.05487789773133,286.6457355651218,99.50126180976815,73.08552926461194
15,4,0.0,0.0,108.4519270196698,277.38991652159046,189.47347132929931,103.26953068967711,335.9779049869261,170.52745985105568,130.34492600758793,332.2514761573074,168.67981450606808,113.55258683365572,183.05451244674543,118.31901715279679,85.17338257417983,274.4987334053994,195.48118548074717,117.80698503934198,234.69746579124003,117.67091037265253,68.23604602186228,271.2763358897383,165.17441254564966,104.41744694294628,79.15559308758353
15,5,0.0,0.0,87.4389931367018,331.92265878802283,165.6734856702433,119.07956068719271,316.52400661263164,205.89602147712333,131.1698670573021,360.7211399801379,146.8165924220528,157.24284069464477,163.9397235619715,94.1786298269091,110.07019615554046,393.2322047594525,202.78487847298953,82.47015520847337,254.12389918788546,107.2650379677287,58.38016478927131,297.6878376141202,289.26758620662656,132.26779188434034,140.31920152515613
15,6,0.0,0.0,86.83108690126231,285.274671822724,159.21448467551232,108.72405171428987,329.9126792033446,182.6725942051523,124.57960976597776,270.45741231971436,231.44253500753982,146.89890456576353,201.13002123859675,104.83816854723747,131.09989976783262,314.2120512601558,219.02838562353006,82.86413025562874,184.95564586950132,146.06071833906333,58.63205363935815,312.9728667363086,285.4264726129139,146.46323994331067,89.0684966752402
15,7,0.0,0.0,111.7041010457619,222.52754212458188,244.5120091365912,111.27764059709497,315.3094720362566,234.42288446859934,122.6866576042185,307.8131654669186,175.65021281770805,141.33840413367437,236.13835710900793,100.41620740926336,89.82555286293479,356.88155171751765,162.90598875647748,118.75499324577842,242.2279456628504,100.6810939523092,57.025955700930986,319.13613203065177,247.9698776369111,103.92600420452925,80.9860990564035
15,8,0.0,0.0,90.04958485169914,235.09376278859207,221.51233084424007,112.57353778812191,270.88382095120085,187.28514577285583,108.15115209688952,324.05228055019126,243.91997198244275,139.40527405033959,219.2581633780822,87.90221086556586,109.90098781635865,337.4171434346703,260.28915451533715,75.74307181007417,197.16971033099097,139.25724210413682,57.962944399498795,375.33231193638994,188.846392379431,110.29263294205268,121.82263068324707
15,9,0.0,0.0,80.81390746190375,273.0093215187216,282.1198245154761,105.45606936162407,359.1665448979633,231.89868305144714,111.20819222057447,300.1462892899145,198.70976850076647,126.77536103417121,256.24829288762413,107.5737056292735,117.79861177991573,316.77916629444275,170.85157695476875,98.23203168962065,211.65235841892095,145.86636255950475,62.686605598252,348.4304435428456,236.15676088451025,138.2818427665797,136.03226804525386
15,10,0.0,0.0,83.35266646971839,337.7849523111892,261.4481544180187,113.83193738563754,377.19530189512335,217.05050636910224,125.60220676498543,328.2366698495964,213.4300662038179,108.85060179784314,195.06898544802584,88.68223498475561,126.35746855285655,294.53796316742404,234.99230664401438,117.99975835152483,203.12160131368123,142.40791512439952,53.33101945066488,290.15555533344116,298.7431437240813,112.47767540241345,117.25411676785716
16,1,0.0,0.0,71.1359778761835,122.18982230907235,54.06418607979087,111.1632294851305,185.91775001884074,75.17393057426906,95.00151945532687,132.6189236648274,27.77847533452579,85.47403792949214,117.46257029462609,43.9735188371919,142.72167460059995,220.72684779341628,72.74708056003827,59.8821243780561,114.52262570937779,43.07650353151193,80.99790945616928,148.80780750735568,96.11523588881913,70.5501889912212,97.7447702537826
16,2,0.0,0.0,78.51685961928769,135.69273968298253,66.39637279280774,92.88812574545886,153.46489768355218,77.24299041243309,99.95205223809896,113.216878996346,37.5337993769593,107.1368231498178,123.6625932276369,56.725171499688194,119.621288896313,163.48427454980646,54.33981114137936,60.92233668462193,137.0742322090072,51.77333954051809,54.477460010858984,156.31691847200864,75.45113372185183,69.98072669056677,116.99156673295255
16,3,0.0,0.0,54.85296479776453,139.8696171278348,74.04595321079495,100.54290768363073,155.84708976434857,85.23042157375113,99.12294167536369,143.59457301336988,22.064354012952318,113.074943533724,165.61436178876681,56.88484101709788,104.67301240614907,206.75328822917515,80.78247737766812,60.992148837322844,100.23699317294248,39.486957513361205,59.08064937986627,133.35006080891264,123.49916329934607,103.77978479369439,71.44907303987083
16,4,0.0,0.0,90.24726440088897,127.03520375025619,81.44839598174714,115.99101089159272,180.17411403514146,113.94350055889552,98.84185998486963,126.796393160621,29.84233543616783,121.03395933466541,108.615229954031,63.267107883557024,126.41958090507833,229.11637237209465,58.957378615410526,70.06851642740445,151.83615418601624,62.76195902547117,53.77287674637546,113.56450619283612,111.23769855520884,73.79312039814208,79.93955112978426
16,5,0.0,0.0,67.56361251831841,104.928585852743,49.84995958283827,119.08018539473953,223.41101128322578,63.193095901851976,102.77374971937677,141.451735063778,24.323323356502996,95.01766634990578,104.494457127488,57.76969256111507,117.54892732911901,212.29495456023284,64.06608996051742,63.61074658557922,138.4694197246345,40.451375049667696,62.81752334301452,173.8756769790925,96.31058814994226,61.12800688167838,73.31299486970231
16,6,0.0,0.0,67.91634539881157,139.74610572085246,64.4016190976883,85.50631129209849,182.54375438086626,78.6423586367289,92.54415227202696,123.8000228710599,29.174516224300653,85.49615903844246,108.63002187851936,43.43107034330613,114.27590665446489,184.67396964679585,78.70461931314158,92.67353204601703,134.00893575948962,48.71634877259076,83.24357081589244,198.06053599937627,128.23878080546433,69.72795086099684,116.9557297597654
16,7,0.0,0.0,95.29730601305866,132.81712946717994,85.25361972745353,107.4458862346875,195.07049726492227,78.32156365748571,121.03653299809551,143.0772241988912,20.541908551270765,107.20812052071886,134.87876821186615,69.52147656381268,107.22717698116519,210.6897763460622,47.54455588718643,60.15989245722877,119.45109146530064,69.64757330723613,55.00619275148191,199.83271416587667,125.27902319671863,84.18200244861117,118.40038608566697
16,8,0.0,0.0,89.41209750706969,159.35312247320383,53.25979070101981,110.89838277356245,162.98502568864453,57.80863198465872,105.00877675016442,114.12359275534824,16.70582330439116,94.10580599094116,173.17968209306878,51.41613246411787,124.48495818845637,211.54514102809966,78.50597441053044,91.60948542216258,145.25676257240238,72.37049788615676,59.028280645785934,169.39422498663228,109.17148293364043,60.48554468871736,61.45956799859857
16,9,0.0,0.0,57.001476651076054,168.66124848391038,68.74775624889094,102.39148506782153,158.22590894532638,83.75385251310489,109.21767941416572,109.60093275290228,27.074453683434403,92.23557504565635,171.0703175904042,56.83919643937107,116.35991640569223,167.91364141920718,70.46114442856901,86.8975422797428,120.7711059492552,65.93260712485355,79.31620994697296,161.07685244199013,116.08642839071113,78.6022085688422,90.73471300662378
16,10,0.0,0.0,69.5402661562006,153.5137427104639,102.86703913395239,114.84013811638394,198.76964250225217,69.51916716775747,102.21499739929412,140.59693518839418,10.6369630713608,92.09464158154142,170.2345323086677,43.07780717306691,106.69907305650257,133.24085666876417,80.01846760511833,53.82571989222777,123.29663743240044,73.46455179992816,79.2425567377833,159.66365827032365,106.90982568052593,92.61871598562453,112.24105652566759
17,1,0.0,0.0,45.42563344717795,268.2285998279615,146.65640160674775,109.21332110147323,163.19851204968208,25.478264446465598,100.04340074984577,204.1326948342032,101.48632726918709,63.02115001754201,189.60927420455664,119.00358871739174,50.824724086036944,154.45418764871437,128.05636235989783,86.14738342093636,169.1415972778057,77.51536425500521,75.12937970988891,247.51829115228844,137.1518412895362,102.3417299023001,76.51325588678095
17,2,0.0,0.0,44.5839822164747,196.54265538156938,174.26891681186046,113.730605234623,143.80977404773432,19.587026908120315,108.42377757855097,193.85780567974578,90.29358174978739,61.90290826188242,176.702825959282,117.34438023273712,49.2513695444426,139.7553056656327,157.9473073894489,112.05088426652374,200.07313505036566,94.95028703147122,65.79775165578947,165.10158541698434,140.23526043627785,107.61798119298292,68.9689392142927
17,3,0.0,0.0,37.648415789182636,226.21449653301076,182.47021491909683,118.34756081694299,135.52240124922798,19.48706879867111,88.71440749658365,133.93387464260928,52.5331790522632,68.78679164787206,209.07688936028822,110.54397085178633,56.065605688372564,166.14352191090123,126.36054479246849,93.40996048558799,143.1503908233457,88.33862439156131,73.43089910253973,231.42750581490498,132.8209022395442,87.48472681205384,113.22055843068904
17,4,0.0,0.0,48.18292334029544,124.09912212577616,202.34454508730093,106.30556154152848,141.3624498171494,31.807402597669796,86.15794884317435,227.3197950069294,94.05388231803559,73.7766311523228,197.86532933331364,138.46511151387062,48.50431274395797,212.56360994493843,125.47140885464187,83.25235315545535,155.250892636407,60.69461936863098,76.08953214603356,230.36185573150107,138.160582795889,98.0833901038269,80.27790680044242
17,5,0.0,0.0,48.29566096273407,242.5774560213398,226.01196749947255,134.26396776297918,146.3859980899359,26.38685232167387,106.53565847453156,189.4375764687445,86.4721887897538,71.90319687234765,174.5980928459561,157.95207807493617,46.04432514506638,156.66285196602763,85.24995221090039,83.53199886082211,165.64117004628133,82.20393143771928,69.08896488947407,189.3556917481674,124.33043758050442,125.24300280114323,62.119426567433244
17,6,0.0,0.0,32.313944482506486,207.64210990687616,155.8021244569202,155.7899576873863,151.34375650888586,16.523527233861103,101.79984322856626,194.46138477514424,88.61799567596664,66.99042721931916,180.9677514921135,97.68623300827468,48.82669400618233,214.7691252938969,113.02328331703305,117.7344594186886,144.71469481020023,77.07660939043939,70.15912023222914,198.4220599066589,94.95150624641255,117.91720040473675,79.6346063745176
17,7,0.0,0.0,40.430596411046565,210.76833109339006,149.42067912876584,125.60279459246026,199.02245606053347,20.59099282893073,120.42179475110554,201.71376022517492,73.5385833165264,53.814446495605424,178.73412641353787,147.19054480145664,57.86495798251982,180.7076244744771,120.32016206460608,60.52661632331897,159.99241003641185,82.32753479780354,69.58325994182299,174.72549848953122,170.7067142076545,104.69003988723385,106.2109564477573
17,8,0.0,0.0,41.34843153983677,179.8915412427174,165.6075097351373,105.19519361367162,120.02304316837176,23.124887529843427,103.89341590598774,179.84676379248523,72.1027076920763,78.32893670952767,198.66715763982117,144.71732747706602,47.86211687748369,173.2690542753457,165.81978330633964,109.66973239222337,139.1336670702632,67.98065696690757,63.07825031241205,201.9956642151931,109.9248877555572,104.65805414838667,115.05764379831167
17,9,0.0,0.0,39.70666458769018,238.1879844683973,205.15242556281373,112.4063879899747,116.94329812459173,24.29631317874883,103.5015757146935,170.76839079109976,75.81379297119008,58.41606348757199,224.48934249751835,111.9859623617293,51.66827597435392,194.45967212586032,130.68845644032808,91.08070414415074,207.85705108753348,84.42657667546588,66.3816572002928,194.77374520480086,124.7246089028481,137.1307823810077,102.4940324540581
17,10,0.0,0.0,43.00841937682621,247.71696591214365,164.96874474520934,109.29770318335002,164.28477408651796,23.943074897039388,120.4531618611714,167.26576330870145,92.97095044788179,87.4387734741353,158.1317137600956,136.44622983696752,62.426128424471656,145.69940934460715,134.90408451099535,100.18181802764,129.98103725116044,68.86183851804306,64.07755501833977,174.61959344282008,127.30790421020484,100.49031406958575,130.2160325146392
18,1,0.0,0.0,43.02017450614778,177.711178842754,131.0746579408138,116.682398850805,107.29034823803501,18.927603036517358,121.11276702626114,195.02377274017664,31.0939750901367,54.358847522630825,144.15104392967007,71.14454657125347,106.04052082362549,153.60506764163247,41.507401663796976,84.99676903149026,173.9117869360736,55.43804760408131,74.93068425815072,130.77582745031737,39.215761283230826,65.16424679241779,117.96557891908621
18,2,0.0,0.0,51.24366636399243,140.31122851543208,104.8080414817337,105.3240147950454,111.5070113763421,8.430416215728053,140.0444361497853,172.89885676894278,21.426888212875625,87.66945222587727,110.45975512293198,85.24903620613154,99.51496749931486,117.09517550745174,28.131375389220928,115.92980765883716,120.96632759471254,39.10282036501059,49.98325135883347,120.13424773257876,44.43012536243861,97.55933121009826,99.17322393691178
18,3,0.0,0.0,43.8415970236589,115.49151153343058,81.42348411265118,115.73474094553691,99.24362178863012,12.784501145602917,120.40746205431206,173.21683194102476,30.34479514338876,59.49920227793948,152.1117675450638,88.76160640785096,87.525271589527,147.1957050216132,35.5489386843443,74.91090988128104,141.5020054348402,55.7048604810127,79.18191696514764,107.59912777839827,45.16812020486686,89.67899094720197,113.30715228934935
18,4,0.0,0.0,58.92194718640645,138.62103078934067,82.64502635088631,94.73494007569758,116.88480807176563,15.90524130513737,109.27611677949268,181.31727510482654,22.255411886027346,74.07050057774539,174.29817863823948,93.68083843052932,91.91043415682195,132.57807479799743,25.976635374763504,107.33984745142295,170.34106038918983,55.279648502164726,77.70190599134988,100.96638088229254,39.70020545252165,86.86284412216024,99.06930793448662
18,5,0.0,0.0,50.88019670137352,142.4463487831823,99.35907259831252,96.70026916503534,103.64603022370802,24.35852009369964,89.78379427225514,117.52805642118325,29.20105594986164,67.78630841484286,184.09015689990787,91.4797872494475,94.47367904846332,120.82260694716147,42.556110364449836,103.13709502491598,149.07225190162097,50.13499391726206,79.6740186071534,129.4244548857771,35.51998534816953,89.15758081050718,131.65641319537966
18,6,0.0,0.0,42.004932517483084,95.56034546368639,79.36712780372183,130.03925718215723,117.30893551082171,17.790907665525722,130.70434135061407,134.70448639272996,27.315555542862587,97.6576236518793,169.81701105444412,54.03482302029316,92.3010457235088,156.775020090745,33.77207337755111,103.15828295965929,170.93545924783922,62.01554085200339,99.28104894349536,100.00631158983585,49.86458810988727,64.32137074002893,109.2900419489829
18,7,0.0,0.0,57.492757700124926,153.66449822102888,87.25680077220176,94.87069999256583,98.68443131971642,16.953592754555753,127.17500569976163,172.55357037775957,22.430129067557644,65.05962409949431,144.94303382836773,83.34948866347423,102.82750228572428,135.72129909175112,39.75589946580426,66.85638218741096,148.7107511030748,67.09146527857108,79.22849473754371,102.29354159787997,50.872580633496135,69.9789780343214,86.19936969678582
18,8,0.0,0.0,59.2780701224167,170.08924713911023,69.8874275987553,86.9508401415409,120.16698971809136,17.444065201750714,152.0030858654431,161.84468231087897,45.26141553447107,75.31161911487138,150.71602610334864,78.34246648772942,120.56193735025748,147.65183208654236,37.381103869397016,91.02156121576233,139.01148797533898,64.83445321646761,84.46273605385763,123.84332143874163,39.597620197993464,99.1567469767723,122.8181223722307
18,9,0.0,0.0,65.67427633144513,145.94638699017042,104.43826457389783,97.92791690605905,105.04551393983967,16.655063996445676,80.6484310385095,139.24210665842415,27.99139828796993,79.74517822763632,109.52742092380427,64.08458590062088,130.37816647730438,180.7898250631685,25.715634055187834,95.01967007290926,158.88460173413543,41.50995933855418,60.7001631438268,109.32123293134173,37.95711622159422,82.31628662129309,76.51636159230378
18,10,0.0,0.0,67.19558533859664,149.5447165406446,108.24187051114816,106.29569994004817,129.89396769875356,7.7798091587514335,112.01251014719031,87.73374576759045,33.03961524274261,53.92357748776429,140.53760827016802,53.53142785395216,118.78672602099752,207.5954526679095,30.59823563484918,127.75120662264987,173.6854349753345,46.426897656130215,83.45329165986384,139.87446956478195,39.368906994786464,91.37086173098172,109.87083775198305
19,1,0.0,0.0,74.80260240588801,414.49390644985436,345.0841838511328,105.80625738498622,444.03340261536283,290.13400173996155,51.19505713100913,416.0646362874312,303.1299632097664,37.891449913283154,616.9491371107817,569.860925809316,82.96318385120458,243.36745507602862,224.11305810752492,114.96240515004338,405.61687441844407,309.7580802488742,152.4114526489288,400.6930400909763,298.1089293529793,101.2527763782384,89.30470113802848
19,2,0.0,0.0,57.48191728750493,350.7399280949649,299.3766888641376,112.84667926271584,388.67722727395994,240.42740250254496,85.24182853982089,306.4645006816612,310.58347171032017,53.92421065470774,452.25451836310424,434.72232438127884,114.44537246503624,286.23352032635444,190.77015283316697,122.80852528689782,464.40349705711276,285.82588981943667,101.97305471346802,470.0960892746876,310.0873460973942,80.3070141563695,108.03349365751014
19,3,0.0,0.0,64.70789516533571,367.6838569303453,353.8865161381112,108.28977055938519,369.5654185435017,321.5912988746613,81.02665898181078,362.9670681954348,288.25947417978625,41.03388542351575,665.3477530886079,580.6772819934857,120.52429764958478,349.710475415645,217.0244308392177,128.7340253115416,476.49899511058584,373.82614082839456,128.1866769135273,415.38249501788295,272.1111269460339,81.71665906080955,102.49609331797613
19,4,0.0,0.0,58.18125809028626,168.0036373857764,233.20657163935658,137.17020799652394,418.0606930618556,308.45900892329985,59.79309370433556,418.88168541997254,283.9906633297133,60.33370253609697,548.3679829633279,548.6610083606706,91.11933719700981,282.35751580828656,215.50426531842726,98.48260878650612,548.4112166407938,313.1978996024447,108.32762979066382,350.60567154207956,336.7274652324153,86.95932124773164,103.33921722719508
19,5,0.0,0.0,75.90468399535631,329.8227807855723,365.14643247269913,138.6828093582094,350.39850377975455,320.90185504734086,66.77922941509166,360.7776665279348,252.03916519811645,54.725432191262314,576.9438267850556,617.9093557328033,100.92831155606503,423.188364103717,241.13952706838967,129.12018651558213,460.50992465092577,255.45269670347284,148.42214808815606,404.23901052593874,350.0131957163446,112.18320462782502,98.11959626144076
19,6,0.0,0.0,63.439983726447686,351.6065092396006,325.67406104494745,116.04809493418108,304.45482969128545,307.78662696082637,57.94009201742632,467.4270203975227,370.322276781484,59.89083585678459,617.606032772295,412.80602334068544,90.02724679522942,315.48084604650825,278.1522013284397,119.85167661370572,375.218649443256,213.36221875440577,143.62712177720553,523.0837376727125,348.2264913780802,99.21581298202119,94.24382921375931
19,7,0.0,0.0,66.79540399579543,511.90786807537086,285.39158499958563,94.74769808146505,375.2872869074795,287.30911757953606,52.338996954325204,342.7792786173617,328.9863043303409,34.47910402268006,658.6318057324156,457.7478540308621,86.55372317121105,313.46597082646286,237.81342678195193,133.4820776289671,371.527312822457,252.77564278020944,115.99327764860584,335.01465079580424,218.29313973034186,86.16184937760082,132.51814427961548
19,8,0.0,0.0,67.42597564799114,331.6551372680565,290.0069641925076,124.66665278819252,352.30753184728894,336.3253328697194,84.30231798380701,343.96221412027626,205.01047339740876,50.3279986546463,549.0825705684051,478.36218182525056,111.74502370205157,300.2399658943768,209.761924099359,110.95232549967437,386.85920046086886,233.0229121520171,146.09611889226846,450.4141624294897,286.1673588708047,72.68478129793496,96.45923425317555
19,9,0.0,0.0,78.8147560139283,308.47371684736777,387.5683210022113,102.10955275056308,455.3406301049001,401.1936358676771,65.8656743970436,290.8749999311217,306.5226566280528,46.16004900989902,634.3212481199015,618.4664664508189,80.05590652832862,368.3539250093667,161.25172151617048,59.331451635601354,386.24165943850136,386.4303029884878,125.58014772427646,434.24064874991274,353.01408757826744,91.30548557266131,94.44949575869921
19,10,0.0,0.0,64.2574217842838,294.4051397365911,269.7234295063443,104.39880797461834,418.0340085829629,329.3613346274055,80.2978180289461,280.9668713596226,398.9041792106634,43.357122967859056,667.6717402279312,573.0482274467232,106.21910426992841,362.9184193766129,264.17549222411805,86.34479395774555,364.7569643536346,269.16688177948595,105.54475797397741,484.2284977455057,246.37168168663106,65.95320741005074,55.44659752685645
20,1,0.0,0.0,100.00825329930174,150.77687062799782,61.69235099054574,111.3922126273388,208.02624532542475,118.99608281603182,110.55114646576013,214.2840502335512,134.71745765383093,81.82655369715596,139.78254032373079,64.50429890521337,105.35288139827055,139.21883756490814,17.61907628374693,116.62728250531967,213.98333391349652,74.5161109470314,99.27534432006372,283.17729200539173,184.2556250978229,83.40087225211154,102.56866132852575
20,2,0.0,0.0,122.53208058613008,167.88363396028467,69.00149817194789,110.69380363108623,181.95324083330138,114.95474510452107,114.31648474984665,223.6533026479433,114.46274657923236,104.01806686467782,123.09448389700023,80.88870738436808,81.76674541416403,153.78250250231287,8.552766490711884,120.79487554767469,160.3497625008514,60.46715378107641,99.5867489711301,252.04598960227307,135.11009474342086,81.58433759501176,77.10482454666091
20,3,0.0,0.0,106.13318134955149,166.66539673054868,69.412404904527,96.46541642790739,196.23644325597746,75.04329757029961,135.76970729327184,243.76306562367364,139.70236382975804,98.95813801988274,192.01101871621609,61.935000900461375,98.36847404074076,117.82053307997892,15.24332870726291,105.34465246257687,149.0803593743667,80.82104318071501,96.49352436797602,210.38550580830824,129.71091237265261,69.6664726998668,107.66509697689258
20,4,0.0,0.0,98.89486247666339,189.39143269422172,55.13387950838843,88.14201105882894,163.1773558353784,78.10701844648253,120.8871880712601,251.17574454218666,119.85732092131529,119.4131873067039,175.72096384091643,77.07527407862467,86.95981485165271,111.10213657478754,11.374135373630857,88.65036894120061,187.34335981304378,94.87733679475436,89.0184721695088,259.75474810261295,106.25660574621288,71.27373082728826,92.8886744692808
20,5,0.0,0.0,102.60825882588955,158.69816902488,58.15417923210676,94.98229773633065,216.23187692109497,99.00073792234141,116.58008176366525,227.2650484161573,124.90412858148153,81.93945564159718,222.46167331924502,93.75196077018833,107.23597528230306,113.09085769096019,14.058128879830836,113.49234915420516,200.46939514397448,91.15314485479473,62.454208463191854,221.04564153892775,125.84160065582395,73.49437028446958,104.01341694405019
20,6,0.0,0.0,133.34987374432833,171.13074218052952,75.56239486392656,99.94113903500117,186.01526207388156,119.61578020294041,93.46869403669274,260.13317248679977,90.32425467848311,100.9596524764312,127.59193212088394,55.991554623065824,83.27626761352815,124.72708693091522,15.13423157108517,113.43975821290809,183.16650200067338,76.3090702923581,101.78317823017352,221.0044042168688,125.02729683078519,59.4586642270728,64.55629340014639
20,7,0.0,0.0,132.04710983230754,215.0739823791211,51.75380172447358,83.95176794304903,133.7112026638523,103.08987951469373,121.1117913870477,211.7667158473156,101.90552384928569,84.6574820596633,213.27595204296335,75.08327376257547,91.1860002217271,122.78626893218537,18.394029133257494,142.9498033759801,176.42637061130014,100.11211460034937,84.86132857047399,300.59246514997415,118.66538879609848,75.97449047087154,135.97153680034774
20,8,0.0,0.0,154.3148492828222,141.22148724134922,57.14253181349945,102.90465109110008,222.18854422674448,80.44747417680836,118.71137148608186,145.26997868250828,113.07977998860007,122.25335686822811,223.943830814637,60.95452920848901,91.70045631237703,122.62107694597066,13.262234726333377,127.94361141148218,223.2518210848143,90.02570005476451,114.57112519904334,229.50484367866184,150.2786281679979,82.49800129940469,107.0012339057526
20,9,0.0,0.0,125.31626463065723,209.80533344499077,52.88943332734769,87.06484233672937,173.5741032842566,108.95917798108063,132.80429962805385,202.69580736991506,103.32680606901451,117.62019140158293,194.9814725265978,70.19268917585828,89.96145882752614,124.59191476227826,8.69917725595205,164.3792248446366,225.5775023188239,72.559741516319,102.6332585181256,207.11835313642453,119.07708568554266,59.074303062422224,86.09075278202383
20,10,0.0,0.0,141.24382409198154,181.50243502626148,56.06625638073991,99.25976768437425,220.59332010503047,112.84166508536265,99.0047912766072,195.31931472239836,117.64072034556222,116.99710205986766,184.32870349314345,89.96296079850609,71.23177514381463,100.7716146006876,18.510908470693987,121.42559835399724,227.5787278277057,85.87158749330932,85.83009874883282,200.29910375630985,148.15089627840254,74.29456352125757,63.893885611889715
21,1,0.0,0.0,129.63729920159915,317.53386294545936,193.20592209963237,101.69562041495269,276.58450156162206,137.379714848802,150.84233454420212,150.3332048507088,16.67227991644569,51.64468970666769,208.5113796196652,172.16124292925969,133.86297171657017,205.57832167950443,70.68024510148854,85.9976800924886,207.7488537558241,152.17059188791995,87.66135199421682,212.82633280885508,163.80382217471998,105.83514082289456,86.88231063432985
21,2,0.0,0.0,121.56588869586894,322.6041303808414,181.66882583372097,110.86402926312847,216.5793366066148,98.13128344789891,144.58650850311875,159.6638138214343,18.100349136819187,51.758995033601195,243.38857875695246,154.72158536203574,144.18204347113573,220.14279863823822,61.727270014503965,85.46475881587708,254.5590389423916,144.35841713504203,90.67564685992613,225.26345203048032,118.33449599327294,89.66682776676205,114.11291158966598
21,3,0.0,0.0,116.06857018991298,337.4506620641143,157.86499069189924,122.89823943976165,272.7806291475222,159.75122483748905,140.1580752368137,150.41996596761714,13.207544173402766,52.56879299526894,217.06443772083352,157.62978123267885,133.02319790806172,202.25162277637108,67.75443751342314,72.67833219563819,224.27167401469993,162.9398753938559,80.0160669303495,213.54372074993475,138.60599714957903,102.12432713621472,117.25021653825034
21,4,0.0,0.0,113.53729881325793,258.9286664084375,179.4316507917163,126.1689246865235,269.6891547484075,119.64881971161245,139.79226185868157,174.05499018385754,18.430497233218063,52.513538285923275,250.0099022009148,188.98988899233063,138.11542321098187,251.29683715447607,64.31557503595013,77.88480384702068,246.41240002082745,136.72371437662525,78.74734488106948,217.05493221337323,136.2741294067685,109.42878236337883,126.30355943609973
21,5,0.0,0.0,109.36287657286614,323.498130938225,193.6378074449918,124.43211762529175,282.1417152595652,110.85508762023136,125.22133375131284,152.0886892381971,16.46108318734167,53.34706798554841,248.5862624066085,189.6825516968466,152.57730780192415,180.7918436421039,66.70040297778742,76.39922109150282,198.17518668210616,146.62473702878916,67.3163827180745,184.5491663499455,133.1348337840215,101.17276571004048,112.10600969381017
21,6,0.0,0.0,134.74112785021114,257.2561135423776,138.90434757033492,109.87215905958612,260.52651567476175,133.2305920414935,151.93295162948706,148.6918995565961,17.57119033733142,66.53743276862778,218.10895964931368,196.38485298096413,135.89751583812784,223.06523477012672,56.92147342903551,78.13643662521403,199.81375392681142,136.49543560421358,86.7612186238441,208.7808475077627,124.9592378386349,106.11857267610189,95.65522721177123
21,7,0.0,0.0,120.33891989415996,288.82280139492104,161.2614135805196,124.00690221012896,266.78502947923533,151.82292429360186,135.46952558711618,144.64953357245213,13.816852601365683,49.78946020203164,233.11138562066617,210.7591510298726,150.8910248631902,167.14829404259547,59.38683334272671,79.9286163468661,227.9743467426175,157.379477647107,86.88731112611079,245.00404849144743,131.16504530024187,111.55435269177828,117.74743299576744
21,8,0.0,0.0,136.46763411668482,301.16674667089694,170.25769558009821,127.78429387301324,250.46714726183075,129.9480064092695,133.57508406701763,140.1350201521124,21.35050397285288,50.3383743307697,211.7821012637797,150.3996324438133,134.21203079947452,215.10417687400343,59.78679766180302,72.64892349361418,197.387828028333,144.59148575251126,80.558882729209,222.9566820022365,130.77292077525524,106.70651949345631,76.55862563460654
21,9,0.0,0.0,119.79073932178916,314.919504872129,169.18664105733149,129.88751777635142,210.52460719744747,127.84747886106719,129.4434734617044,166.65939999490246,11.47250086428965,57.155080083387666,259.9508658793589,203.82073810513552,167.77076439293924,195.28898047093585,65.75746524077542,86.15850006895482,190.05562313955855,143.6143475863925,78.4815684004732,220.17750080708754,126.1083122116248,106.24770106270726,97.39749734633793
21,10,0.0,0.0,113.46918874672328,279.99014241022144,198.84257812094216,118.99022248506682,251.0774519715787,120.92120678144488,136.26280155955905,161.6128895521016,17.820658233724775,52.43671727016975,269.21685404049947,201.16264212987576,148.51891126200985,224.10617894452932,62.37952311342689,87.24277501278229,227.6018378335954,143.45656815318006,90.10295834548522,252.43131405225117,131.31344647322177,112.7690548679651,108.56271097422857
22,1,0.0,0.0,73.18313255193165,347.9620395507612,221.38396790465026,94.47014920887092,328.8683824031221,243.84599977625314,130.18561551119072,266.87631048774847,124.98744126810207,41.80605097715397,288.8804651785087,222.90887653284548,131.53443065749272,324.8122846041237,156.25576589350703,75.2147036049785,267.89376299219936,132.61950290927396,139.15818523422695,314.5648689012619,233.11229434717222,118.95019667603715,140.75189238016847
22,2,0.0,0.0,75.60130226845209,303.29301069758685,200.8874770322597,101.45133105088712,314.9451897910643,209.79989487238188,120.31155812779254,219.64713446584904,131.98972407140565,35.800172263554686,333.91947186596997,242.23326258418817,128.49900378546403,349.02665099821763,127.16223755010476,80.47644049338422,250.26126031836543,176.87602266367514,131.96149710955842,372.6809745711648,216.4389322475368,115.23974940768744,96.12393743830147
22,3,0.0,0.0,68.2941041990825,262.6370984210636,215.60625754330025,100.23615485851501,292.9569487905129,222.4207157309613,114.41174149679962,259.4508045860932,149.805974130753,42.61613079014312,247.05442249766645,255.56643418807496,129.04480168362807,325.23119623291706,195.94295935794534,73.89222300195205,301.6260469807922,179.08941744978756,133.62590066888774,408.1900720724869,253.16306326814592,137.49857463845953,99.4968451491572
22,4,0.0,0.0,69.62083500389834,291.84375441963186,224.41168980109822,97.25917800973514,311.60348006069773,229.61453356456394,117.97056494494623,226.51332222788466,139.18623805406858,44.395151202926456,240.02780565440327,233.98537059130453,139.3485393443196,270.6092362095587,146.0371888313493,70.53907053931091,271.11365221319545,192.66919480377928,138.7317247071851,368.8355531895031,235.32775541928368,134.3601532900287,106.89423770789863
22,5,0.0,0.0,74.63151686616483,312.28777109439557,216.88119672161375,85.1095698510431,331.6197793279698,228.6688799204881,104.82079314430881,258.57977690050063,140.31252452015462,40.56347864593546,267.6576289288826,234.3451973608276,127.81937110906007,292.3819971075036,156.05208774432836,85.60747711373442,259.82133465439796,187.0240327562738,138.12017072045757,318.3933719737704,239.7295597886853,127.827831095007,102.60500945900668
22,6,0.0,0.0,70.41953395669931,279.78676905904877,286.2106940374463,94.12358537724721,322.09030463032025,222.57622828619938,103.98769992763975,297.5748889818497,137.72333278906927,42.45256365490107,274.47326357173307,279.6780217515862,127.50591416275395,305.10283768117114,167.58094389369717,79.2311684913856,260.4888702579035,174.78672821829701,133.08838811941064,380.7295260003785,252.46298768039603,117.49904018158954,98.18944791244962
22,7,0.0,0.0,70.67282667126405,347.0327415609853,228.49770433834252,99.52109777628351,282.9757647233327,194.0293125027893,104.16040439691211,257.05725828257044,139.66215717363073,43.658319820263564,263.818922673809,215.6824452265124,123.05417423457476,283.3610075804803,142.53222695616267,80.77302142247994,265.9216484022565,212.5790631819346,134.3005098212353,356.87009861277795,230.6466877285028,132.2441369162033,109.72114843268608
22,8,0.0,0.0,76.17663695899572,284.71639660960363,184.3920326008873,87.31736481256745,332.74660330202494,221.1593164705623,119.96130744658842,248.12328293034705,128.75397122450866,46.61048369416631,295.31726643826767,228.49387450947341,130.75507297550294,302.6890032507849,155.41510247704997,65.7730762279298,263.25516642098484,175.16250173450473,151.86344551598174,319.7618505551715,193.9477922878043,125.15892932000472,138.74337642175718
22,9,0.0,0.0,78.27600911678428,239.7820556236386,209.24698269871786,102.19700702738307,334.52408360314075,213.5332130629951,122.10797924008142,249.41416356137609,136.24287839749752,45.53212807559253,281.1747585849872,219.07942161617086,146.06891073240917,237.85545477114803,129.5604756850135,86.03160749405103,252.2942672635923,191.8108181647996,147.59146092989565,348.379803836354,238.3157204133444,148.95306946456105,83.73111451942475
22,10,0.0,0.0,83.94199246962287,262.2750115167026,240.30356080429416,92.7208868039458,323.81393640564505,210.76323415615718,114.41556211730841,246.95364066120828,122.05785906686077,40.12031063124856,281.6656662884639,185.1311048876501,138.5493259806527,300.88878762193167,182.74694621289404,87.32249507449512,223.85649647713421,159.07595568690965,127.72969562673423,377.8641493448646,203.0045620787425,126.8715362222968,123.02271992773015
23,1,0.0,0.0,39.09154840800186,203.4096627434817,138.31522435943938,66.62197052066857,183.39140474865442,130.6026932248386,138.05933884081546,201.83430519027334,84.45397336743491,61.228543365747996,184.14857312399027,83.39242593040402,107.74476766296208,197.03970877556313,53.8692589953035,95.41147729035148,231.4564884193572,122.00045754546929,107.6459512250387,113.89286443198095,5.5406735703855094,96.71509824648997,88.40343886411122
23,2,0.0,0.0,44.89002018222147,198.8864035405955,178.80761616750016,65.97306150993928,177.65971949814053,146.94635505930984,98.83407114703462,204.68479672154658,73.52782815513424,67.22284587806183,175.68942961792172,149.79657469204733,103.80071755480755,170.63754823487594,36.846881110661506,127.84347632988431,209.37055933294306,83.34154669516977,92.90423031280226,132.59646030727131,4.954104598424094,93.77787095769627,104.41449440165148
23,3,0.0,0.0,37.3443574874262,225.29839223603676,172.33304332752064,59.81496531895112,227.4313671050658,135.68294582222325,114.82141643566521,205.2969751880414,94.34284949623547,53.511063079231725,195.6684967175612,122.4039076487914,133.46746578777092,160.33019442529562,52.04797904690522,103.68323070670237,229.6140726314637,101.44916485122579,90.48463980923181,118.08745381181485,13.19036068492476,114.48362056775971,77.64092390852646
23,4,0.0,0.0,32.36444991350683,195.838833466853,197.8149603847886,71.89335150274127,175.64911040704413,145.3532828695398,102.25595172427609,171.63871371699975,86.41557193051065,59.41969111596703,181.05169464679273,104.4711367274145,103.03310281691073,191.00773717282678,66.31517240527691,100.33673933135282,251.3034995896092,71.6634564969431,115.96714756478363,144.49086453042395,9.474956830083636,131.202020892212,115.25641703771468
23,5,0.0,0.0,38.05003816765993,203.25737814794812,153.2335902942978,65.77590893373572,201.63622521931737,154.736321100447,130.20135226358707,227.01305935019667,90.60053001702322,64.2626223164523,140.2401900849801,126.74891326154903,101.84137808313595,182.62030809098096,47.42881920964206,98.90516595300178,215.24142550210368,127.77337977114067,119.72841314884319,115.70815563756503,6.403421807223989,130.49415418411795,104.26777570587677
23,6,0.0,0.0,44.639937276171416,194.7688487840294,134.16799795920988,69.95569160254027,226.6817082373027,152.76278892428803,97.5074681590923,207.98528204067313,87.11608337485876,56.660223062922384,171.7323376187271,115.7389498886505,105.22498243825943,187.2918258983674,48.32014313579785,91.7503179936418,229.286490073833,95.47312889775196,110.6543057263883,108.35797736230926,8.007516428083179,102.96918096092905,58.65876487983603
23,7,0.0,0.0,38.52409434960274,224.6319005088114,139.51227631609314,49.27857008610678,220.04715422150633,155.3363526418575,105.55100623602635,153.73289302811247,70.59483157425186,62.35172840017787,194.65296808469992,93.98386691883493,134.42368097471316,161.9472493818443,48.44231034331281,95.94045088466076,157.32230566810458,101.42540351354481,120.12194331622457,147.84818350899997,13.183514186804882,129.67687396269912,103.82763468652824
23,8,0.0,0.0,38.54650171059333,213.43558258827858,202.94977240828734,72.72595080970038,205.63546064086017,131.39973579496672,109.83598157233823,191.1082573465311,85.37015212062002,79.74103240545432,157.28955813143835,109.35620569241568,97.37343567379472,157.3470361484452,54.32332304707582,86.08507403412287,174.11954644400512,89.44550938805764,123.07012793008067,135.07748487130903,6.221689001647125,106.13034942829519,121.34530090523765
23,9,0.0,0.0,45.00542940788083,241.17622245339803,155.40934645616758,62.87199199272534,218.97742422397553,148.94868835692117,103.58086654120252,213.08646309483197,82.56679034949636,48.58571388581266,170.52239599404425,74.82798954387505,114.68978382110843,163.6305692942632,54.24475658261619,127.4276465154557,176.45601593114077,97.7368499273154,89.50150316646317,155.9172672898855,9.972302608109906,106.98862944057865,99.61544492633216
23,10,0.0,0.0,39.24538540367488,245.4255994529547,198.3418599148897,53.83342529920657,224.31142524005375,170.55050955884366,101.47841169182514,190.18662740499985,78.9574507202727,64.16517595579406,180.02337502546084,73.84108086083042,101.01550034392518,206.73397379430338,59.85965987943321,88.63392822897468,219.39088943873446,104.0472042283406,105.14582416781633,102.61719800623209,8.405290155310412,130.98881942168353,44.02259041062465
24,1,0.0,0.0,117.42385194833685,441.79830224612454,302.68751471537934,135.86128765418079,370.0791933304691,179.06666814762073,135.21535327129365,249.5068919395376,136.41525055666017,116.5636107918407,257.71526252694787,122.40627307996668,110.10880813884565,185.54879775947418,145.35797489586892,52.75514040631133,312.9546410940321,233.7495252195784,62.86288337886503,247.38095823515835,234.8139124303464,66.9782770510057,110.15715002339319
24,2,0.0,0.0,102.58538142624606,383.17112700389896,291.2998523063337,111.42388913242297,339.63476780586296,166.27239622042447,121.63820834755974,238.94013495205695,144.57153284401846,106.86326065455054,222.06048239417237,127.15607429739354,96.57524457229087,218.70529124708278,139.57830748539186,53.18068313057946,311.47801694329706,214.72056857861193,70.1636865958697,280.8788865540203,264.7773114456686,78.93992319802925,85.06722594406867
24,3,0.0,0.0,111.63951071790363,339.56668457804983,296.36692779213075,128.43527404151757,285.6634541263731,199.78189554657092,124.90279008145558,300.46481386948653,168.77098560832604,104.26385867059241,250.14537173426496,149.82486695348177,98.81652150799032,280.33868833637536,104.56398324976978,51.75958489500357,309.1012730105496,223.53936321717123,47.72808733339046,300.97465452646696,266.5770943521662,83.22598181957,77.40906722395032
24,4,0.0,0.0,123.69056378393631,407.3384370255584,302.4337472120181,123.88397799383164,297.59128505218865,174.5951053283473,127.76636010069284,285.46879075825586,104.03632540553448,104.5496599026927,241.06732105388693,139.292161297469,83.57794737983869,219.96842847367515,144.62837658827863,52.20227106812166,287.36336302935683,271.9059823944794,57.73680517483842,253.43866056580745,167.76650168567966,80.99620051157025,137.5804956545861
24,5,0.0,0.0,109.17598103184653,378.66691897614976,284.13669460929486,115.18341194626652,277.3828738413157,164.91205394698798,121.78790259511243,229.08420784486833,152.96058654664034,110.42022316389617,229.54477020078784,165.2630473543284,116.6605861088638,234.5274332899371,107.7923825512622,54.21623186268869,310.9778341041876,189.3519582110266,60.074298132175215,309.7226764541922,202.37155443804198,67.91538727646596,93.8511478182899
24,6,0.0,0.0,111.07480887899582,376.364190906876,319.37146145136853,131.39422394182418,254.84843652395148,162.662431097295,125.95225666220291,240.34467236657227,145.80077269889856,104.79766105042238,222.68035696187783,119.30091674912984,91.08392296428424,246.4894101645866,136.51222421592595,56.61916501939426,257.80749608782054,248.11408858352428,58.093941288487414,306.6966314797124,206.55900958171972,82.5030227310542,79.3581608498554
24,7,0.0,0.0,100.24698719037839,410.0920792554111,310.34663849740974,104.86877976191565,292.2349561435939,180.14197125666502,124.65383142700813,261.0775279347016,119.43463680725746,115.95894312469702,239.14254264416675,127.86907500450155,96.33385229175863,197.2007956526942,103.39999772501868,56.39996182522098,313.80052265796223,225.63329490275788,66.4166918160844,306.8228674652568,228.8356729596573,94.25350763167889,95.28622753358648
24,8,0.0,0.0,96.77498671497757,411.7008023660495,327.1941188817796,125.69516420391307,318.49818981487283,198.82673567202917,102.72724788888559,246.73298288216208,137.43935886281398,101.22379236999488,190.37806119457792,119.5761651279516,100.74774400969646,218.01463523205933,139.6589482832477,57.052720561859616,267.57418453083164,247.11821090795044,60.80361955693416,292.3669116003746,266.9582748289111,75.21351294344285,116.3440520407178
24,9,0.0,0.0,119.91650709035609,392.21582409673147,299.2820560096377,109.0722809265358,282.67845578338506,155.76301498019242,88.35156128046519,278.4166445059493,142.03515677044967,87.28367363348644,221.64513609245762,152.10366356639486,88.13940241903794,221.20124568199526,151.52962200025712,55.61928988593941,265.4597793107468,228.1522585831001,59.499046814289265,283.34814497514526,233.79414774312073,82.13476372447053,123.99482949863443
24,10,0.0,0.0,104.44251936478312,428.63134020745696,282.6208945504559,135.58558462724818,289.2178668544572,173.5490808706277,122.08748146011062,253.6549911112064,128.32711918018975,89.46740275489914,233.45158533263537,155.88972326863484,90.15546974412008,201.30894763117558,163.98276147233503,48.176911151204095,266.2322131728686,216.07312925845665,73.30108529455791,306.95735081666436,220.42060178310265,80.92175823216616,134.7495117232284
25,1,0.0,0.0,75.34078877441522,198.6633236098808,102.28934899072426,77.39308697802133,109.49889322509318,62.487473002797394,93.79114104526748,187.25496372565698,100.58435960034168,112.3201929334082,162.81190384437065,72.90649182203421,113.28176129919726,184.80617719786147,50.50562998575601,66.73231159330669,149.63481831810535,115.43575707279425,90.4579097129178,218.1501962790084,131.56405536050983,120.82046681442718,107.91022408836547
25,2,0.0,0.0,66.08883928925866,166.38084768668284,71.18158486769624,66.65914991123834,132.44857843928418,94.55353330516338,105.94570154181959,237.31876646918244,103.27625704417011,70.34179860013673,138.92587125582995,64.80883897015816,102.14987589478352,170.773719581007,36.5827198565194,69.28203553599741,182.6973983309837,64.5468509922247,85.31285427548895,184.18471623450614,145.88886571379996,95.43289695553233,90.16569524085774
25,3,0.0,0.0,67.18797898533067,146.2651157555843,88.44367891540836,74.21858752798768,155.67121597035788,83.33382361744574,83.62235970073151,223.0959991544667,80.30889527748472,77.04539843040266,197.02113920164595,80.72945440415982,104.56346484843176,172.6654317899215,31.722381543210616,78.60275565385476,157.39789471615336,102.17847113429983,92.25302553579533,223.6801885316036,135.33535501275907,119.71807361111021,115.34630022299083
25,4,0.0,0.0,71.72457533080413,154.1827558317509,85.51316507533059,79.07470494884785,160.53929807215468,74.81301674912838,99.92812560250363,202.34634165935535,101.81164397431283,76.37556656911282,147.62480274144616,78.38338018587733,123.93175359514225,163.65223646252258,53.81729571021619,75.72430847888674,167.64231607195867,90.33410597856648,87.49889061557555,240.96470811301913,108.37972042606631,120.63757409798119,103.8684714025818
25,5,0.0,0.0,70.78050013479628,182.52211058293503,98.13259802980772,51.721881202832066,142.09090162227756,70.3029148521855,111.56056499199909,201.8089517223219,87.21681462786238,79.43756223737456,176.16004348960533,68.06012487196404,130.2053839081978,157.51052146828172,45.323838450202764,77.16887916816265,179.27441040292265,98.22684568634556,86.23159496851318,185.6245967612449,119.48889547350136,118.8724670051994,85.65696662991937
25,6,0.0,0.0,58.830041346220945,168.25560207628203,116.08913403944585,71.19353455253318,153.31161612578643,81.90678529722425,97.12302286789608,211.0833963788827,93.81362709174728,87.01486834161234,149.792688299426,78.71224533732385,132.8271420813812,166.7119749552218,44.609754887104124,69.73117795253953,142.03188392610437,97.0280441931065,109.2192802626262,274.8472249627921,111.57469697876348,104.87269975181226,100.719124414722
25,7,0.0,0.0,64.02026343143058,206.9071580401716,120.16951322464669,72.7649194505463,138.44547955142306,90.04377571205785,86.48471455203274,248.43729557057202,126.43861018018852,61.24714322585028,145.606946513635,75.03831007803869,115.55178428976043,155.01064796738729,42.4035363528651,76.94652047588501,185.41926165978782,80.31171630867502,104.95935923535652,255.993353187561,123.05231275694777,111.61323174079943,52.447270311730634
25,8,0.0,0.0,82.07715888362277,177.8074529967785,78.35137271111786,81.76739842197178,106.6287910253399,87.22581330840623,111.62543486611173,238.17125527787712,86.76877596949858,83.36779905640667,144.5962248868191,72.91938847248076,128.04374415069876,167.53538101751607,40.21295126442047,74.17137952976144,154.360897074436,102.77935621630027,94.41088256938043,282.07114438321963,115.20946357854272,126.96769303606278,140.29646503032717
25,9,0.0,0.0,70.60188531434403,131.10511254512807,105.01936989253605,76.55449521545543,163.3082034230927,69.47031718934487,108.89823983158382,221.22355456158868,125.26500010223832,60.11934918019,164.0341039337878,102.48644671679064,103.18629754400882,117.17340892509853,44.40066264292009,60.040240899839354,172.84652144111666,66.16240293412034,75.70060625441448,233.69868711448657,146.61393923699836,113.68830084560966,81.10068628181436
25,10,0.0,0.0,74.91820808585851,163.45663681070963,81.56285182239937,77.04313997182973,137.0300352072056,66.70526443550453,107.90902147045661,158.8290616274209,94.90177414291303,85.60507700859111,178.84809857559003,85.84758630914895,105.63813972583253,182.93819033470496,44.10161583481141,70.82318819277636,199.03153073948465,117.09993792371098,82.05853508239692,284.3155443698539,135.34830288377782,142.34617846152295,99.34064048553448
26,1,0.0,0.0,91.5261426245586,128.7183650396509,77.95934880873152,127.56193695496275,151.57443862794693,23.115363154002438,59.92970811189729,134.75447034608118,101.07082664220052,69.84681758329445,181.04327735237982,86.62017123721854,82.21920876182804,172.57746440088184,132.95413508301849,48.76919151326594,86.69695762264536,83.02305650950795,71.40947212797575,111.6534967513887,43.568711221081536,104.76521222450778,103.13741780308206
26,2,0.0,0.0,74.54821695202205,147.32457417300063,69.84543908518934,131.3262189327183,144.0084528492257,26.469240345611205,45.15762724815294,155.30826144608332,112.49132643539656,65.41904591791717,138.1548613152459,91.34710057863664,74.49773229865798,221.90361742526,113.0488650721402,62.723837835229794,104.94657368311613,78.46421783928798,74.81490638043589,107.32677322475277,43.18638113615249,101.85689686393684,80.37698332140968
26,3,0.0,0.0,83.45886671703363,170.10313790609828,90.69484791716499,105.20450243533693,164.9833698931386,28.686314486236427,46.88127840637694,162.05582740748633,128.0571885648432,60.14898360733906,155.1291838972337,111.0574235247141,90.2537986032829,181.46480421062216,113.47939252435646,55.042024178850745,131.96313760157872,74.57185887358459,78.6292374515191,109.42739438694677,52.347582947455464,131.82247392274508,108.06085363432743
26,4,0.0,0.0,67.92742256194902,175.4203353868153,73.36743305870375,113.63560037742204,179.8230042180109,26.248048010513443,47.72059024433233,176.4066142530706,118.28427767124904,67.05978537809771,109.38600570950842,84.19609162403935,68.40807042479199,158.71956932420625,89.42398990035225,52.30390682996278,91.21394368733931,80.2023864092858,95.91615380353348,126.80715223983835,41.79783996574504,132.4964874514624,108.63819557912626
26,5,0.0,0.0,82.36057328239916,183.5885549717565,82.97722412309301,110.88812256421645,152.50462399068797,28.460917782424623,48.01897450128101,153.85737397809757,99.81736131054915,52.49684635286356,198.41016369488895,93.16401437828912,80.62030548224406,241.58045757229013,122.86319280179474,64.45294212000806,103.26409307944498,58.362928525796946,91.23726528007826,142.18945501888243,42.43052573968402,108.47505533650848,81.9480006720651
26,6,0.0,0.0,63.18976543921593,138.7448997392289,67.39742180935076,180.4998932935517,138.64368845115857,21.0622075784123,43.293228121491765,133.11199474320796,96.45386946509979,57.13520882602023,163.79457316201967,85.09868364505515,85.89311151755219,180.06397029600038,96.74785708274916,64.59292890793817,162.27415593060996,81.11766740101865,85.55980046355494,112.03442348775674,40.6602364639131,117.26444610184764,71.54451764696276
26,7,0.0,0.0,79.12559319478885,157.40403134432324,52.97969498776662,115.28698799049748,158.05504872923106,28.777759844153707,47.617599916518046,160.115711186825,113.67880553798302,70.05655500304064,175.09729013900701,74.8574505157836,89.82703579786757,182.34647865502185,107.66190676459848,58.44968832794353,130.8712633678015,55.733834171337094,86.440502412007,117.96510188606084,29.37233926134318,113.60470084691536,115.36048290741601
26,8,0.0,0.0,93.4616367184122,128.069883881279,96.04767099008203,115.27110390007002,162.90128321896765,29.97622039702175,50.8840655816174,165.38581740597573,120.83928967535151,64.27264952896083,105.79445046802243,106.23789944579792,80.4528433218924,157.65277641394354,94.91240092549612,58.01578078142358,142.89819474606077,86.99326803070701,70.07957682599994,110.41513619766417,37.242650590851625,153.71997332603019,86.9036658224491
26,9,0.0,0.0,64.11878993994748,228.6932915964154,91.54475558215705,125.71992684884411,191.16071366784195,24.308143587566967,48.983566660986526,171.96442892950387,112.53886468833097,67.03843945083656,153.00953260416478,115.6308455811965,67.76603985428946,189.175090959131,120.68421470714675,54.54150997959559,106.52206468276381,80.1322963736588,84.60064724701199,97.15107273768399,36.46785005807248,119.86262201872822,91.70573078518831
26,10,0.0,0.0,80.01703493264303,148.52476474012727,65.93172993410556,100.46006962372275,157.03940798923517,26.580316398079386,44.02727268206616,141.390697918088,133.81510903298795,55.12777354185061,140.09714510915677,86.75886310481891,81.01052878289146,250.2515307877662,133.8077966756124,47.71706906646257,142.9582063845565,68.94201895735625,57.96900243547874,123.2317703775301,46.62147511861714,102.93892378486417,118.6440516142104
27,1,0.0,0.0,85.94579511982948,212.8759026265545,168.64279305026943,67.27245314721269,214.73009040729283,145.29993682408062,93.57439945485729,267.60875641487775,167.29904410923476,88.41651010177483,259.47229634985433,171.97716355452445,102.31234677895472,242.93535531769248,117.81561630925037,95.21595305242816,222.37879504879217,87.80306543125714,87.82433287388045,292.60957331911175,117.46043919788528,75.1144487963379,91.0164064961973
27,2,0.0,0.0,103.73585166300884,233.65961489421895,107.42812131323882,88.82580897277062,214.26299116696953,137.68865616321781,96.08154236468305,276.42697430821437,189.56406793445967,69.85381180077331,211.10635545846938,198.9146308559873,135.53393967707126,227.15570105546357,109.73038744014912,96.67029823619897,218.63124728477527,76.82965761740857,90.60724114105248,292.7421023556307,186.53178741968537,66.41753665805759,134.1657392201809
27,3,0.0,0.0,72.93903548889182,215.993305136456,184.82288790671626,87.63684961061726,214.1463645914556,174.4350121853387,106.2357746748522,278.8328802818672,192.65983363172293,69.78098573727381,283.60567205326686,168.27435466271183,98.44868200671306,190.56674072756095,66.25700064570044,76.37959196417034,187.3687659500906,102.8274702900681,88.39316089836082,258.508848212974,154.7260000812829,65.18576695430704,105.92361001985697
27,4,0.0,0.0,86.36595473109186,291.9582120099606,184.0344406122409,84.23420588040658,220.70177663913358,137.6747900688739,110.90105629017786,236.86450071100376,154.91402997948776,81.01788985066317,228.37201736241997,155.17592506138587,132.59929767680765,198.8970616544251,92.7425012475197,75.00487534847443,243.99942310203267,111.75199272850821,97.88205560553249,260.101385231692,153.91785396812932,85.29649616959962,95.06893240975202
27,5,0.0,0.0,84.6669513251188,228.64439907129355,140.65569796430827,65.91424370740667,213.32279163082433,131.28026920232233,107.13449914219888,285.7519426122926,141.80626932488013,72.26789663276462,268.2137949738336,190.1776228059934,119.39172645671624,209.83172181321333,91.39744112736773,110.1660902764948,237.49483868844666,106.2756131131839,88.92639838465192,267.3202353934137,232.77086097612664,71.28900344906071,93.85217818635306
27,6,0.0,0.0,79.1893834234815,201.99365167835245,178.573014120041,86.32532019699073,202.28822254068217,155.26239662106286,111.93256919324912,293.9511628034977,181.2724044224115,67.91506080421614,264.24013981237255,172.50283286191356,142.1663382411034,177.3205509610553,96.16503737996295,80.01116522747863,196.88227041967932,95.09190875034615,104.02005200692855,251.3639284217328,164.53777609620863,73.59893701961913,72.94757203218427
27,7,0.0,0.0,79.58964511481827,276.28391310819086,149.8654059765236,77.96432908185473,265.1611875528608,157.98766569153725,117.22198897776315,325.1201718282369,155.67194599310073,65.67864927081528,210.78371041895167,162.0635462123118,141.8664965987319,213.68461909468974,85.42759636191032,99.76240908491435,214.9082960492977,96.1853608233152,113.51332931434457,289.9331674652711,173.408470578914,76.06610001948377,77.59041475303894
27,8,0.0,0.0,86.04194573813278,226.38088212352082,154.01276815986387,101.8225499788781,232.0793783169439,136.11074115032653,124.56838744784686,286.92629693344156,169.30571216530038,63.88888849093716,343.0189975610294,166.30243175051672,149.1543686222079,215.54315581765894,99.0527078353635,107.07456089498093,177.33207197260285,112.18136284057994,99.72344304098613,304.8169787266987,150.57329592375476,76.66246629723446,89.81810702404228
27,9,0.0,0.0,85.28349424328226,193.45205757944657,139.55348291591548,93.8368567746461,222.01607025530362,118.67827758146697,101.94110715442311,283.6373504801512,176.18554235870732,82.69234172596262,298.9882103529819,196.66090027033346,116.90713259090543,228.12553555242548,73.42804092269468,74.4441860807027,226.84034136447522,126.38766758005522,107.01370956000855,290.13052124452344,198.52479506937345,73.69774103724463,118.43932781594054
27,10,0.0,0.0,86.38399587635652,177.44100587458843,179.0665177919023,91.91675928668859,234.81192281863895,120.3155488542773,103.43899452962701,201.7510192445824,167.0060187111891,77.470366071526,253.78854607433863,163.54903055367828,122.2854815359124,203.4419954140003,76.31114413406407,85.03201456038454,217.01926814425272,86.91594806842089,94.25748801823346,292.6929732818472,183.35803024255918,57.931775681314335,63.36254978124379
28,1,0.0,0.0,82.27648269246045,170.33032114408368,92.60274718042339,126.10663079857859,130.11397995854009,11.106974572532781,82.79785570397284,150.54553778423482,47.84414013356338,77.33003830130798,198.85051623183907,92.46438235336774,62.647498783667196,168.33187949426883,64.63802818825009,100.8632859838586,136.87972355886677,39.645140709629175,108.6683250861962,108.37418751997156,30.981411441777773,108.60521112461026,94.0520204243774
28,2,0.0,0.0,85.80704859752186,187.33229329320028,68.97719584440561,105.10929949919154,123.91010705468341,10.0546688583645,87.79305572305634,142.7274582025622,67.30569401699478,72.94885988549876,141.84716999254675,77.6297119662902,77.12329472938563,122.933497590076,91.05721352153712,83.55841770883943,129.60760537606106,42.63943676340748,114.20563504721872,115.6085056771937,22.19759560921217,131.95408340152233,122.74067546231424
28,3,0.0,0.0,79.30156750396054,167.3920801562496,80.8223485628337,146.67428611291083,133.6945493305625,13.247322578525893,90.13314174923478,176.5240075041276,53.036816457215025,51.789561248265805,154.999920530521,76.70352761530022,78.22119131910654,143.64188399048487,99.91878240895636,87.09991256786049,119.14027577034413,37.812727241491174,101.39826812560538,115.48001870740444,24.828803686139036,146.29369962985902,99.08784107124903
28,4,0.0,0.0,75.47352675116439,175.07696726910058,98.25312865021672,165.85209831413147,165.45179699016975,8.736479462331651,86.64223982962845,158.02380888452018,67.81148360731927,73.65648357209953,178.87487156479466,88.48626973620682,71.31803269622202,161.9740570764817,64.6815603629235,85.08348228494349,112.18835696410041,33.92693865629242,97.9192992035947,112.30317948023617,28.01447038513275,118.87362377142716,79.83822318909814
28,5,0.0,0.0,73.80781159033944,159.15492543494958,72.15671150664878,124.59889110024318,174.46364781008828,15.718130315255314,106.48950638451127,163.70495227975027,63.14825356345132,60.20197770360861,166.52774401571466,93.71519286516192,62.2227010287273,146.70777079300572,88.62642718968922,77.8219033126498,124.30556046212644,36.28362116969385,123.24656555813905,135.09351637259292,20.383257203894257,125.94699408058909,92.63500648719523
28,6,0.0,0.0,85.09303011411927,169.59355347868666,89.20560771149647,124.99570495365847,157.04098007096562,15.13861941132736,77.4136746290108,159.43600114077194,63.399332136942434,60.84940233840187,160.86094414905048,93.00485520083872,65.44366633287413,188.36967942339612,83.9574057586368,74.55376690000679,130.05940118821275,34.54497484969825,113.81176797744843,128.0725228512813,23.155768358572264,128.4042387059107,61.34543552659182
28,7,0.0,0.0,78.67987308330044,206.56186300910124,100.42539364075799,137.58393087373096,142.72259704537723,8.694584907203438,93.90662897311452,111.48518555660033,62.744787462787144,56.8930210634954,178.2103193996433,52.290755175662525,59.03238119951409,134.16246508382517,78.7963750123426,83.70513957013166,143.51627611500757,31.962953131700207,105.12489552485219,129.30075081692166,22.088503822698478,129.96011134902818,115.98052052577
28,8,0.0,0.0,74.3353054188061,189.7755350120032,94.61669986562973,145.94689307581547,154.48577213883783,8.057810428251758,82.56589609478907,158.38283479696602,64.82659842839868,75.49727859780702,169.30746709841333,101.11472218349672,66.62496569827289,177.82416350235505,96.65323062309785,92.60430374313844,93.44871186182024,34.467830845766905,94.64446162899927,133.6563198325939,30.52566732131564,163.9748484467317,86.79896173734036
28,9,0.0,0.0,82.61955399961161,174.61553832285827,92.07683649820676,127.77402433242833,178.40163463195503,11.687089994501001,72.8902506749538,144.6210047829423,56.2926882041647,63.47073966513522,154.10002674312736,75.84780818906518,75.5737046743417,162.04193392638714,90.6161217996794,76.47395016771682,140.6174999198488,34.12412050448502,118.10520318134618,114.98241832682834,21.848704942693914,155.4703116380162,109.56003129515639
28,10,0.0,0.0,81.71559531624902,166.92795905691364,83.7209422387055,121.57629325528077,169.41186652800494,13.919930552326766,106.01490128375984,170.80197885398653,76.88948878233516,63.993142003455496,172.87092907304867,66.28350399345774,74.65462462149308,118.46023592847865,88.14754173455793,104.16458101741517,127.96975611912364,33.855149638723745,102.60760409709447,137.51906929339648,18.38658058995601,143.81795244386313,82.86670299133013
29,1,0.0,0.0,37.41761862621777,238.20840672814893,143.45127096889894,51.41796916843238,245.0047297675037,221.4006238892099,130.81576884154097,198.11056448238816,116.70761446168912,113.06145029705459,171.34164597109577,120.54497579664519,65.90515698647573,257.86607160786934,204.87612241656646,97.3475857434051,243.84902834248226,87.69127792004471,81.53973534135025,198.4541097350597,55.12082323356069,83.18649732020488,109.46064050921672
29,2,0.0,0.0,38.52094304319907,172.0971143266172,170.64212319540127,50.321972985293044,289.8571388143578,226.40706103508933,115.80353750977014,184.40690541658856,107.79112046376149,114.1034738079722,187.91624306330903,79.90210521700158,65.3310815241102,211.532766875042,238.96387686827148,129.69200858372906,201.1134760554471,91.26610121007016,115.1881834402984,178.6058073628642,52.07387757789701,107.55349378708013,103.4806744355923
29,3,0.0,0.0,38.41936230708387,146.59030175137087,141.2804936146224,36.24823258753632,292.67090549134696,221.2376195643038,75.60278763616317,207.6709432058646,78.567898674666,102.596435369729,191.6556547621479,104.21465059778566,79.58238947918697,299.0399438150981,178.93011886400691,132.89809475647752,225.14374172867755,78.20805943885898,116.33595476305689,201.3226777036408,46.73136576991189,80.77857177898869,113.27423965069049
29,4,0.0,0.0,43.85347045793767,239.2751294430078,163.46361040842012,43.257248134613654,339.9480641917098,244.55448476550816,103.93361507048625,215.85864345199008,117.75830491083798,115.782879212514,243.08739401074595,111.34852515353803,75.10927428353432,281.1068994275121,171.05253589675397,116.77946872699384,198.66203683785784,116.69684683052199,107.46123861415936,147.02137259037707,74.46845509950008,131.69189669497953,135.48747475892648
29,5,0.0,0.0,44.59672838300919,184.63247099351992,127.37665672273624,40.050252718801936,249.04932860147073,205.55309347656663,98.44567114508547,202.0739795886918,124.45327670503298,96.08232447166417,213.17971232054913,96.83582713287517,58.299479236508056,192.0163646915214,189.91550191701856,138.85696785395703,227.82111130401466,94.90606563611183,108.04664228474368,168.746346227138,44.414920864976665,117.16516201425037,67.79591710063771
29,6,0.0,0.0,38.88706562287952,173.05154962297587,181.36039302008885,42.695165974496724,312.60256325107434,271.91727267587663,110.84486954908951,137.47322128391573,103.90695954045087,94.25657910127595,250.0770219462849,131.1665601165572,65.7850065537761,248.80927717375596,201.93741466326514,153.59722005646782,247.6655441122805,107.76522898459444,116.52835673554173,167.14780800172053,64.34533822398753,99.11389978392026,104.38249693681762
29,7,0.0,0.0,42.83175413441907,187.43927526693403,138.76778654321924,42.224451660185984,234.32583466453468,200.87091587778875,102.05824529207031,148.72053257075564,118.37294066858111,82.70717329069466,233.83846325927905,104.42330681169477,70.45316497793648,194.8947371723579,187.38341055072456,132.34164415812242,243.2495721324933,113.59151252020638,135.9776196175151,184.4885180020883,72.18933036256054,103.47498227391523,79.11760159940343
29,8,0.0,0.0,45.8050994422619,180.86627473944256,87.54123667724015,60.276927559600196,273.3796268333976,233.05107603606615,104.39540243573761,176.64884586157834,99.32520998402325,133.81330650098843,173.85223597265022,89.69552478565612,75.13099395031438,349.16753384533655,182.86809605694643,133.60871056221225,195.45891411384963,83.50477053591041,125.11542735984455,250.57454278131092,90.7428766064862,64.96083281984535,115.2151640382901
29,9,0.0,0.0,32.70646528784082,193.25956788306644,165.69465633756798,47.72931751080538,252.60260728459545,190.9815712351589,117.6197748728246,215.7985169515727,105.79573560796922,120.23942317559695,206.57556379782525,102.5824874572645,51.20350771580591,298.5113609374386,170.80203596523327,162.71135558322732,231.07783654854188,116.69852110573423,85.76068157277365,166.78162153950677,56.06007019281094,70.90773809337688,102.4787520936305
29,10,0.0,0.0,33.541498702090394,205.36663765511932,170.4473188050411,52.91811283317043,188.60921848658143,234.1922817551368,104.69569760738665,232.82218607938103,100.52713957463834,129.41454183134155,212.02706680814833,89.0641397997946,92.16713431548425,236.20901123305052,216.37578617063727,131.3281249190919,166.16470967498088,102.751553774105,96.9219863832394,213.33451338582628,86.20406972313887,98.93343067531245,110.51164821720789
30,1,0.0,0.0,102.33176742658611,214.9551497940222,123.90510902418735,71.97101042625866,248.2760623702793,127.05223539102329,43.08761488020641,230.5494128945029,197.18394199713273,115.51353210401841,124.45616055436122,63.78173040636347,90.71411488691224,157.47881923334333,72.00807168445237,103.9788715143676,213.43713607248802,93.4503153070406,89.79806173127669,232.27792824149705,126.59439169908684,68.59648996748015,91.43793597535594
30,2,0.0,0.0,98.90206245999515,231.34958744959297,148.142848204941,68.78801445280831,206.67842553909477,82.21724437382723,52.72964009298552,282.413611814071,198.7034152317105,136.44041045317275,186.20393337585693,78.42783050544458,102.23527831903985,126.79295833021688,71.49088786919977,94.76990339385178,189.97035531371247,105.48044076767258,76.24239554423025,210.97178359457263,156.09550897789836,76.32825305509648,88.95563522805276
30,3,0.0,0.0,86.78927905926699,180.31380836780056,133.0155176878173,92.00137211787037,196.9707618180503,116.52579016702994,35.242996527706374,282.58406958976616,194.12864456098742,123.197270262548,192.18331486308952,65.42676599027952,64.93289265447406,186.6834929976885,71.20598409824758,76.86501251823886,140.41418677051516,94.22750713305592,77.75725137196007,244.13560681198084,135.76286846390238,90.9680460919659,115.74210922645408
30,4,0.0,0.0,85.27646628732573,208.50758386782363,104.5646864238,53.28948071354178,200.50261761075322,137.02775323158494,46.95845845248372,230.97412143128076,220.50060904091006,113.10123880377516,178.61299409102082,74.1424233625828,91.18064932331731,166.2111688034516,77.99842671688495,106.90507165694444,183.68223667630824,78.95539769010792,56.31644977470748,160.24437920954315,158.6855574213463,64.58422270366643,83.22312534143089
30,5,0.0,0.0,87.9172831260928,191.453760380288,137.76088319763167,81.38335642397203,212.30011711705566,126.25840275450363,50.074050841412465,243.89901321867703,220.5174823646585,117.03869635579422,153.8686760343927,71.2436017243049,102.5521073206638,166.6268144055627,47.17044931972222,77.9260885835065,185.33300950699626,87.48848864452631,71.40774647244749,199.20837993896214,151.85854315092917,70.9700405856479,132.3809463242605
30,6,0.0,0.0,77.39969427957581,169.59231861878473,95.65674665717442,75.35123632500671,200.97674583115997,148.08934475435757,46.76613461272628,337.8051024993009,181.74754174126596,91.55303361504465,174.37788049879381,72.5971477077044,78.99274554114238,154.78030404645978,90.55312939611758,101.96606916718787,136.69493614905562,71.08027650905379,76.84102323645904,194.4658275359473,135.34946244230633,88.49794174262725,96.44388498642452
30,7,0.0,0.0,128.08125090150736,139.35369030353547,133.3775721856485,76.14160532472877,196.62763317106524,144.70681858185475,49.347904707935164,238.36535132475336,206.76823487639177,110.64119998949026,162.29160393565414,59.24425030595654,77.81912962279429,141.5699279264686,73.10059141418463,108.31776675190261,172.5285618520743,68.51677089244652,73.14836306195942,201.27465465960165,108.5048707423571,80.45607330401424,45.184586737169056
30,8,0.0,0.0,99.45159950776349,148.96164799720535,164.25360739570655,87.0388370063204,216.3888095262762,151.83546413060256,40.98534930363302,251.0440033619541,219.0573075238316,120.39711220019042,208.55336421176287,65.52112524349089,107.34008449707656,142.39366604939778,80.08520902797873,98.37474757109099,180.3393302301691,46.36336246345864,95.58744701691,204.70940910267484,137.71460908611974,82.42363605985125,78.4920251862985
30,9,0.0,0.0,98.909093863344,256.881722428066,124.06465813329831,92.76742672863338,219.02716696756738,172.0605995949512,43.97486347066522,245.02344843941182,203.41803116385063,136.08810549439227,147.0568234089698,59.20331689334808,105.03692458845171,133.68248081373238,57.35229768265062,106.22962570047292,210.75895019677316,59.488921931101174,61.67460449102478,167.011301767016,120.24109314224368,90.98134526912168,123.54570845876128
30,10,0.0,0.0,124.54554644061767,158.67540230990997,131.41542375506862,71.29574256534306,228.12481954211378,118.47486597820378,38.1509817764592,261.0473966992829,209.50164272741577,95.52453508794804,192.40154516910653,57.591232672789424,103.06486345493641,210.08418468600638,80.20439532756532,107.39592857301636,158.9028326224492,63.09000103882096,82.29375434946492,232.13587716888875,101.498585837007,90.25554835924466,102.03314220201788
31,1,0.0,0.0,161.7895707058677,129.77033761438275,-1.4813182660569348,68.8032889994787,143.70576480738708,84.30963138247458,53.236637630625744,148.25278360090525,96.72350528429064,121.91287308675294,160.2449259367747,34.2957958495356,87.54143870851753,85.27257049168333,37.43056610069937,119.12501894440766,183.41081067929343,75.95242869606345,106.95285042913154,105.25679106094715,8.239883606273402,127.79404358774099,85.15270862972714
31,2,0.0,0.0,92.63777393641779,119.42719453603168,-0.569964297599336,85.26281620627879,161.44560844276504,100.05597709709393,52.152284726251935,189.7578533749877,80.18329285235671,114.17169757336046,126.95737665444187,44.417136052477765,107.45467553079287,86.54302308881003,31.419998630375733,93.37660958768845,155.22639185577071,54.24899421659942,136.93059150769523,116.66328718266546,3.6083649320514772,103.6620182850951,85.60531931013347
31,3,0.0,0.0,92.49980753894587,100.87562125311256,-0.17573882403270252,66.02091973612411,181.06861008142724,80.11391823310741,61.32689542566697,158.58035468392433,58.17663618591433,146.4054148918781,164.35329698656602,24.94673269674112,79.18459808230044,110.7606537264141,12.060845874248901,89.38789048279115,191.00495951126118,63.125662054588034,128.08021737291023,125.4861950393407,6.7796639264308505,112.89448389407221,113.20656316876641
31,4,0.0,0.0,103.70456914535265,127.43801953573656,1.1179031294062562,71.70430796404378,160.22320665819885,97.79498007583892,61.44344801735683,104.33666308993878,101.4084457659933,124.39987503301091,204.89114974478545,43.00878632152181,93.57940470714935,129.3216069896756,30.19489772512926,68.54207556883293,194.05493548913674,81.58871888760265,132.4410006529779,110.0519518237952,5.770527512659657,94.75211992846052,107.77443481383389
31,5,0.0,0.0,136.55032989242557,135.65672195220455,-5.190340869170775,77.2157006509611,158.70824533557288,81.38844756680422,58.71288954006275,170.89099253741918,104.44269462950726,104.05354262201537,136.43392268461952,40.71744244817053,87.29114592666605,82.9555577777117,36.57185595074962,93.52518210904313,199.48883883035916,68.22264640224843,119.29238450899828,125.23169576616321,2.831695354811428,127.52635814812615,76.30468047553231
31,6,0.0,0.0,132.00455644051675,107.58438650039427,3.1763052675668186,81.37892846090898,168.4710739953596,102.22276738255081,53.90382097040079,184.21901672563948,65.06453027722772,117.89122683439713,138.1380502166775,21.265162982077726,81.1931746861809,148.3103659023251,27.909873934420503,82.22857186801906,140.0147092146811,83.59358621578156,90.58124924258794,128.43828670566268,3.8051999654485953,100.7389336214155,96.34959885107148
31,7,0.0,0.0,154.47736558123222,127.30142696036658,-1.0402041704473985,53.37635000150992,199.02690327641017,84.98457221598508,48.366247394939485,129.65327104534725,82.59659702484436,106.1019903505391,162.7975561120988,46.487147738109755,81.68342159081746,89.32272176121585,36.6683832145855,100.89934418304506,194.34052108970573,110.93198140917411,67.722968919999,131.34939118170882,7.464391721577828,95.27742261923666,110.89487608292268
31,8,0.0,0.0,106.65192053500876,134.01289077820257,3.5345228070149015,66.52428330530503,141.82873344028107,75.31224842881315,37.5084575466155,182.94861371350987,126.10323589071567,115.26758849442854,154.09960661491405,47.364412143220214,63.6797161256973,106.94676508871984,17.797930968542577,75.20393361707428,136.38827514576658,91.0861497023734,107.77567051583864,111.34574543249217,0.7656612757056651,108.74037039590783,111.54434834024126
31,9,0.0,0.0,118.78216673647978,144.16011115130433,-2.664065349007932,58.14112390493183,192.400371427915,90.6970426890367,44.41742986343236,150.06308732613567,138.36771060386275,95.53120724649874,102.18261365746912,23.10887599922175,104.49208575108418,125.97933304841587,25.308957294808963,43.00566123345496,207.90861307881875,84.62449966598601,107.19131818241725,129.38710515108133,2.002744053055904,97.96766209069894,134.945748479655
31,10,0.0,0.0,121.58018889829248,78.04237530101074,-2.4956616424924345,72.44472852237823,147.7030133854594,93.3225397643922,50.33839165106852,135.04831846446916,88.95523865404606,155.49158772963958,154.89194328306928,39.15459383529851,77.494484707744,116.69268028982093,27.832806473839767,89.01193506008045,163.56476064537068,113.20148484071554,118.37320893373202,96.4717070196573,7.349571583647592,97.38337258363457,81.19150306793478
32,1,0.0,0.0,34.11654507927474,259.8570805251662,137.82381094194278,112.85404476908423,308.1163276520414,144.76182063852957,110.88939844437928,238.3188794468384,96.2683525813972,113.41318718510612,188.7958307419193,68.1975925428098,91.41130722005664,207.66751166417708,109.96273551494205,127.50894022795997,250.1773298911619,61.04787632844804,111.59091914593907,216.00736030045653,80.1554427367046,56.03360078380789,75.20971360859212
32,2,0.0,0.0,45.82044882300455,240.6553708875657,170.41591283142162,96.33078025894594,251.87703189084306,180.34272696043723,91.68458865450727,206.01944978819773,101.93143525109573,111.58711140428547,163.680082165471,79.20621032400439,78.8214268259707,217.40117954352044,89.59303372401052,132.38308787646608,210.14649803879618,54.58273510667214,117.15235011270335,174.3374594319922,91.57143940698698,51.50209656241902,90.76293921247503
32,3,0.0,0.0,41.58010284305503,228.12890325012503,208.26386428957494,112.99297226923377,298.31236631263005,141.19300607272208,105.01339472314565,206.9917199139649,129.3733402602047,103.75660544830764,178.21461845904946,71.96071562318879,84.88022552822626,170.67364495627692,113.22935775533016,145.56614995179456,222.53760026881034,57.998855486875826,116.66035170043287,162.89601408042765,89.30250275017508,49.533605710562696,106.28503688587135
32,4,0.0,0.0,43.258997070805094,257.2930921064235,197.601844266609,90.40156703117636,300.608971935374,157.46672060205506,94.29094510858366,197.80601402772473,108.33206708678125,104.16333426157804,180.5662201607558,52.44052788710356,102.62864879778115,171.66184372611363,117.17746671897856,143.6046726813366,189.6479785392552,68.79373236516172,107.31690238605222,235.6080627999417,77.23991829287031,57.01060685681974,101.33896553394221
32,5,0.0,0.0,42.03936001964112,233.3526040389514,148.01604957942993,108.00824253199663,240.47583990492407,159.78995235230693,101.9947003455808,225.85951574732127,145.11891467445687,107.89525721462853,182.28959731218308,53.96030093406105,83.74560645870882,188.53545499783397,87.74454342984563,142.0115923471295,194.97756935473595,54.684837886337604,104.31342187496806,192.56389688197987,69.8302837903186,54.62616512193799,129.66400857359778
32,6,0.0,0.0,44.13515945392088,237.79561103454088,195.63560708412408,84.12725841132792,297.79776879935855,140.02549498732682,89.81181026499713,261.1075510638951,106.18894139856212,103.75425047788774,204.98074258206776,59.815264498088325,70.7574194014612,176.99889650951172,119.4265941889129,179.63724500328587,168.25319430378354,57.42290996969421,102.73248884421041,219.5465000923523,86.20650162301983,57.42403690144161,91.25293866052029
32,7,0.0,0.0,39.08658603267354,214.65015104225847,175.88333621420185,102.47653096452537,314.67045972473585,164.492313279832,88.90333416815056,221.89385505356103,104.02952468353672,95.95590049750885,206.76772608464356,63.90933759835328,71.66147279037258,157.5601193151772,119.91963595186766,155.24747351971092,237.43962725152915,72.60745479873904,106.4141997400279,199.34330412723457,61.055223936442914,49.52781766511523,108.22691231496478
32,8,0.0,0.0,36.72382773728379,234.69506476464088,205.81170716007486,126.71793494737014,285.1973762186256,161.8632022092056,93.63696681403387,252.37150055446986,118.02453303440836,108.3105164266719,178.97371128865615,57.74004498255857,60.592119989426934,193.00042976025114,109.27086212578767,150.94980028093264,261.88374760235376,61.16945945654631,106.07936045420658,177.80944431232007,78.88088629497841,63.65188779770063,112.46957465991535
32,9,0.0,0.0,44.441635612431725,184.54355460178922,190.27176982698404,97.2127960874889,215.34267328810444,133.20139932973524,92.02302881356762,192.09423602521113,117.37861201271593,91.09450186572555,132.861067055577,55.57832326113449,74.33329351543269,189.61262851532996,68.52955741873322,154.08898906092548,180.31967873835893,60.87628992428644,94.92746513719703,174.57413528093386,81.56655126079994,57.6665037940276,88.19659650945694
32,10,0.0,0.0,34.20870778634135,255.18126294858757,179.20169348755005,93.49191113672569,245.49232556744656,193.38742958968265,85.56372239789196,196.56758677845235,96.57875824530618,102.56988790462736,195.5123328761699,52.083232401440625,52.59113599028147,190.69322195419872,124.84267618836031,149.02967275300915,225.9439432196408,65.18659910139124,105.81129293774511,203.04898354896937,103.31424560385112,53.771741956230954,77.90355534461645
33,1,0.0,0.0,48.91757098219498,168.2418408968914,96.46748174828633,110.01844031040402,150.96259751281525,46.93642656234301,67.32201161831519,112.33495587630979,59.50281110010872,71.58073367031635,131.14630808179515,124.59268257904097,63.70804094098111,144.28443412716368,100.64204961524393,129.88653928994327,161.9910060485742,28.338402709222354,110.31539958883764,146.26072694921848,5.627332068797131,61.84705780925959,72.10376025939875
33,2,0.0,0.0,40.27238736478472,157.36957989605597,86.65127846495236,110.26301037128766,130.73382017427684,39.71253361518151,83.3885979750426,136.08688711914954,64.99319248670881,95.54572895418524,110.24921690785642,90.02609401527512,52.58544212359802,198.54257896022034,107.93675696016253,127.14156746265773,134.6942844760503,36.685211183014495,132.9390247030692,127.63727895276264,11.28669619672038,61.39676825172564,106.93240846773026
33,3,0.0,0.0,33.514046617542206,153.36059711448564,92.6339505930019,98.55698705554914,128.73559699819566,47.527366467244974,74.45256693692698,163.24341542355614,81.15521521097706,80.59723463890428,161.55309145356853,108.3205913075983,46.888787340712824,131.1113022424663,114.40260233283342,138.54606311627145,151.6582061481265,20.08706072741093,119.0272400250925,123.22829036620934,5.238216554253813,54.89992152570604,93.5107143873405
33,4,0.0,0.0,41.51226916878281,136.0761286869777,103.9910354071557,100.42789542548786,135.963456957874,49.75315210673448,63.713461982066946,159.0485907859513,86.57774676627069,81.43212243407721,152.34405923535613,100.03303666488199,50.48673044560957,141.86908273840024,108.79088886791575,99.34314647292963,156.25241650486825,31.91010034532675,113.95699552901391,123.34562848193754,5.709582074471632,60.33673815734847,97.01380873916519
33,5,0.0,0.0,43.89376761807125,155.57340247865076,88.1831384507751,91.9359083653799,143.1236608144008,55.23372409984806,65.14820170374038,122.64707979031164,67.77076677796873,86.32858625565233,203.75653847412082,89.50443155558315,48.49753033556251,115.23778392827757,118.36548822282704,139.90499358899723,121.04803631153797,21.113053341684385,143.97843056958638,146.38790004572695,19.162942446742534,51.4354977593972,73.31627426075791
33,6,0.0,0.0,40.88981489310389,160.93338413990395,86.56936044611513,78.87385230121721,161.1004920304266,54.815987978518216,60.61987765947862,128.859165781166,65.48860399129804,79.90368536790909,161.35276623634593,96.24706778217154,57.591645212278195,197.90754437644136,113.5374933993493,114.76657121584196,182.92693857258467,27.778696554700804,122.24326475753804,142.12658442374374,7.384698896653284,55.65531706459459,109.79751891203858
33,7,0.0,0.0,39.497243666725865,140.351771604244,132.31700182163115,93.67149998025613,155.54918426827294,47.48881059164017,65.72490175428221,169.7667019351397,83.31517699209411,81.2263596072547,172.15989699163913,106.56515241530808,40.434991134703935,168.9527638573547,126.49931894220072,125.04761074764394,178.97851338205413,24.234858346436766,121.70476359335527,146.31889865191485,7.336947823816505,57.45529735555514,113.40363239474789
33,8,0.0,0.0,39.13843877220784,148.73079313613704,99.71422862890712,83.66643293503454,150.2219738959151,42.998634350174285,71.42687427537112,154.7478258224558,76.91196783442965,85.88686454411817,182.38373194687227,78.70680366592791,41.53324218231583,192.71940231507807,112.81205746491635,120.27985217897725,147.81478666817776,38.083211720388675,157.11013130558945,130.2051450285191,9.732834870013203,56.53699108214242,105.60092467453633
33,9,0.0,0.0,41.30962204649986,149.62614651412332,127.49953556952372,86.26969301522507,129.50221749662094,43.192914599801256,61.630535423201444,131.27289490221762,58.50479297712297,73.37411805071646,165.7478279489703,104.01899277737363,59.28306999372147,160.68580363707258,103.87590810193278,118.49115302596003,133.11269420853225,26.280472224616382,141.1873631663178,143.64993704815,9.873976925938909,56.00499954402324,79.78811417252342
33,10,0.0,0.0,32.96472957937713,147.10722778301152,86.4871136364547,100.2406477244965,130.19820590197673,54.03044573194803,67.61902833513302,163.15034177699974,68.40203061675825,78.31174886213415,195.7993251069783,100.37116058611116,50.07597694266733,165.09875778934583,112.97870778442909,134.75815073720685,147.70297094924626,30.228370151904997,116.10250576491438,150.09731160779782,7.96650086859046,54.499073572887575,96.03020842634308
