participant,entry,PP_1,RP_1,HT_1,PP_2,RP_2,HT_2,PP_3,RP_3,HT_3,PP_4,RP_4,HT_4,PP_5,RP_5,HT_5,PP_6,RP_6,HT_6,PP_7,RP_7,HT_7,PP_8,RP_8,HT_8,PP_9,RP_9,HT_9,PP_10,RP_10,HT_10,PP_11,RP_11,HT_11,PP_12,RP_12,HT_12,PP_13,RP_13,HT_13,PP_14,RP_14,HT_14,PP_15,RP_15,HT_15,PP_16,RP_16,HT_16,PP_17,RP_17,HT_17,PP_18,RP_18,HT_18,PP_19,RP_19,HT_19,PP_20,RP_20,HT_20,PP_21,RP_21,HT_21,PP_22,RP_22,HT_22,PP_23,RP_23,HT_23,PP_24,RP_24,HT_24,PP_25,RP_25,HT_25,PP_26,RP_26,HT_26,PP_27,RP_27,HT_27,PP_28,RP_28,HT_28,PP_29,RP_29,HT_29,PP_30,RP_30,HT_30,PP_31,RP_31,HT_31,PP_32,RP_32,HT_32,HT_enter
1,1,0.0,0.0,49.79940018890721,211.27833814706096,180.2365232210033,65.05690745582373,234.6619394631905,140.2567861085398,76.9298011667977,221.32144377686063,144.76294652660826,146.9668878076959,323.7515853194272,172.06307704990635,58.325576226776114,234.36290811434554,199.98501366429923,88.83936529990615,237.86002623334804,133.66588333908322,59.24750186969294,205.94708315270765,138.04455419756405,76.1699466053058,284.39233666190154,169.37785200726947,85.94565347284524,250.13742409632803,183.24868069068233,87.08591493987772,244.88123307202315,113.33593867864148,45.21234549549484,220.34217632672295,164.09639910426984,81.07720314025718,259.5147369564495,204.35361919573438,74.51687343608272,108.308864838675,57.068632095420384,64.77518010328993,158.3231033644594,139.7540975807919,102.98619151533768,211.31634829604837,112.00845725459118,59.41934529490608,325.9947155519038,149.92270276495324,85.23163519238463,203.2718287540348,151.95207586512402,86.13568558094249,156.15165411074483,118.98710027996381,44.36065207633159,206.48561215030114,118.22349550286184,92.20622376966271,233.9885417550247,140.47233911761725,112.15402600629177,271.5749279206885,86.16755152600662,134.68861911954355,176.76527090299567,101.60668408752426,65.19115902313652,205.21141114785152,163.6188201938474,87.8601821151026,255.8360222632615,214.2254353190609,105.31972391637701,211.9584183596337,123.04212851731734,57.5873647762076,298.98160471039193,194.65452433218348,123.51356307484309,313.00437618924497,94.477367127967,88.26908606660163,203.32146952265498,250.44435795858288,70.82782322960878,227.14913307687115,137.39488219750191,94.17585933511886,248.34517993670156,149.62779984780948,110.92186382563993,261.5953015541759,160.56431656393414,95.78448085405164,67.78537574523796
1,2,0.0,0.0,46.42934204096054,222.9087638119275,206.35078811099416,91.03764574791647,259.40707646677606,209.62103225606776,64.70926390603725,194.06033096061537,139.7734115557524,131.28946072949907,267.38031816959096,136.69330166451567,60.02275077560007,270.7705447117858,177.06813783630122,108.21549230434161,289.26489675793266,135.67540833540647,85.51612798226802,232.5334199497504,121.95255767129754,65.80499609527656,234.27854711875221,146.6857364808681,89.33341378952672,259.85647056600357,211.76913820684626,98.54221203182301,188.52767390045412,115.1631180325277,51.233922415431174,165.38326062128115,164.27769613884868,89.19616391428751,317.00862922502455,198.27688205951677,83.63492336480489,131.63814665578445,58.31026370837686,59.80732009308063,178.12719235259684,168.94100330125553,126.8962740324565,310.8688681087023,104.36043312383069,51.272032528643365,258.38636958434256,174.04440944766543,79.42397019387184,199.6700697802178,130.90856855779614,82.25789419273,153.8973695688053,107.72184445627977,100.41295838738672,161.07557758688114,110.79776458135734,78.22629520407966,161.77196581147226,137.06885753264064,112.10562729671219,204.9781377556156,104.48151709606377,104.57451848639786,212.60077543535397,74.16635231446818,94.74014892798124,201.48558086903142,92.42488860348843,60.11743587052644,283.138647251508,192.13066273153916,86.8560245829166,198.48961596810932,79.92819795445965,54.240374773545334,299.5165832541376,192.4711419550829,122.62397934443594,247.79921521193828,120.11517835424486,73.7807721028921,285.07938791998663,169.13314975507072,81.77440657363488,201.0836266229251,167.85632733710113,96.53656218172196,180.3647959899297,104.45270644378306,75.23684260187014,175.0737327643077,204.5185281219305,96.66549200608311,107.57954615957544
1,3,0.0,0.0,62.5813984279859,245.79029295527866,147.2374021974245,79.57778337275275,170.7998220842324,155.87059304642491,77.01501521979156,233.61511325333197,163.05344244047998,137.70227999390477,253.4925872653064,112.35629171950185,56.39925469266095,284.84936051017223,164.0460752252239,78.89624801764768,249.7425165595095,161.8838743928972,59.15853627264914,201.0696086372928,173.16971656736476,80.50478929814065,247.93148306924184,146.5633235590758,65.25317602838514,267.6036958850011,212.97920492859527,112.41094396873358,202.826840383805,79.73756763263569,56.8442782325969,177.56851717587415,141.93070001928524,87.34027068641494,251.86298028910133,197.763929209671,67.83532800972006,134.2103097612675,58.616704629222426,59.892760279211444,241.36804113438814,150.20489072730308,122.53991888475338,226.29276104323446,150.22912620888272,55.902476733521134,203.4410406302786,218.87764382654927,80.34329867931035,181.9534943835727,105.35513604629585,87.94848104500157,197.37063026359624,96.62887727919953,93.87919611731165,213.8964488282361,148.21374891617856,87.15093399111355,249.6879817538478,145.97013665303913,137.54170030721534,205.49988276126194,101.08571152004707,131.09360175459088,230.76331642860765,93.77436336878755,67.20890611251359,201.5130889996202,141.3432600495804,80.63229881175668,198.40763776639136,172.35791559550364,122.49249507342753,173.32887508831502,103.42444501659665,57.322960524841704,265.72759372681975,227.80186506532337,95.41630878359967,323.0412970577404,124.76403527945845,66.1484031651979,197.28851607868347,191.30665375312583,77.90397504284843,275.00738309878045,149.40426332176924,73.76412858510348,273.5841998896869,166.49250631610178,106.55781762521471,250.06688559199324,148.7815446942013,75.98416912461438,158.65388678888652
1,4,0.0,0.0,59.76141226008404,170.04300284347025,125.67147004178946,44.36312790086254,233.2480790677192,150.58025839207684,84.04731747592562,227.4826264529534,152.03418651713957,127.1925525037931,285.0926659223709,149.39768638743118,65.56252377415396,269.4130459863709,217.6338003626007,113.85890155754258,268.47712740768407,128.14531333373642,70.28591506401894,299.91253046211864,201.298210266407,63.99312454131394,229.76892731108194,146.15935366618925,81.37799550575573,275.912288549874,180.5322234917822,93.60279287402852,243.06828988556674,100.91405015326384,50.300891041408015,176.50095757866367,136.63612151655775,108.45531196359808,263.7815329591324,184.9057879094158,87.94683698041564,150.64264598162072,52.54281540287706,57.09639320865136,173.19202820182613,155.13752927485592,118.26300121157678,234.844322179328,104.66058030148044,63.528702150178816,328.6919049904023,209.07979261136063,123.67889974389206,173.81926730549947,95.97715910992568,72.8626331852772,137.7075196289153,118.29480606673721,67.78684125544464,170.2093284768983,115.6430885957458,105.36438232968334,173.43793294561976,92.14046716368233,142.15667211955696,212.45897245812216,106.25297881416583,106.83597620737406,202.9293194839115,63.72356525056521,105.5533217848698,205.67215559476762,136.69291306623586,110.58104446080065,233.16059378909165,144.10358327225023,124.84668284269036,280.0623242196675,96.3567708554006,49.70657112577112,223.70872513052657,204.2796587239585,135.94958855184532,174.25265348862104,135.77860781070703,77.91720292484462,215.71854423605393,205.77391107119044,67.7278794887628,262.8792861932117,150.2420792832441,83.92324272699823,269.318663814597,166.09463587842995,86.8540104184991,258.74247755515097,149.4531301255853,96.82957488120832,106.37869194183469
1,5,0.0,0.0,53.34548116091098,275.06117479794705,163.42590305842936,92.11364323453597,208.79442208038444,147.30158874665372,58.83519128807413,220.94749249909506,154.10810579339645,136.6322893855586,186.09460460793494,116.8016388488243,65.10848145160072,295.76345526797996,234.249215095392,101.37577928228244,306.60288843133037,134.4666584493812,80.76895071060513,264.31303341977616,157.9717741508508,61.45375495840583,170.70746868177667,160.3714515137299,88.76223228784325,239.99433644874182,153.97905192231937,105.23428593382698,262.1867072220666,127.29265236640661,41.481068819051,194.02074502738932,153.22652210236262,84.02482998626037,251.78416742614795,160.69909403816652,84.46711329578449,141.2705061722908,47.64188844584292,49.47130120029202,227.95813252484783,148.31840745917484,140.81366597397655,333.59178280733033,167.5026261518991,45.48952764334216,243.54808309711655,137.1451853977021,83.49852230900835,219.20756786695847,101.2085742548144,70.44568434827829,158.49615188898798,111.63000843538539,104.08061699944594,235.68678566925104,122.93347750297904,86.5307491915477,245.90335133263076,143.65870416432645,125.58281858974942,323.09661431190443,94.74334254878848,151.59909693456964,220.33552839636852,78.54877910275688,91.2784928255787,207.94859439237956,94.77306451367676,82.04511077232851,200.1694241107177,230.82605964564442,141.6093670264622,224.16477695300122,92.36583092264486,65.608031566729,244.14135034146798,263.8479340536992,129.60036808703055,258.0637895333579,113.57012693759786,73.30397835943283,262.961671065157,203.5075511397971,82.01665866835503,222.80305445914567,152.97034553312648,123.15051008920742,213.88295974079307,114.26833082097838,102.51832914209544,257.0215778888076,126.49149371886531,101.14286003207273,89.51261618939398
1,6,0.0,0.0,64.91613317351911,216.14012114386819,182.31082820739618,66.41716395676903,235.64013353164276,86.84389285019611,88.69701012640998,239.41167441798092,157.0512491531015,114.22135434154652,287.5103976536128,152.52442770964578,71.23316661764584,182.75688136121195,226.5218402954873,103.29516695878854,287.2168583908756,124.3298239567396,59.549512535236616,284.6018023878412,187.43569960721504,76.04104137281357,245.0168378190992,164.81038435665215,114.99247673011843,247.73304571415738,231.3326140062748,100.73633394803188,195.48649184646692,113.12598390708172,36.3774823590716,241.26522491429182,117.74687734352693,86.84644569039753,193.80438969335717,186.71077258266152,80.78198619578414,125.45246256133872,58.356186004381506,41.02849305819048,231.71097819322424,175.01688244820912,131.67253832172725,286.98161331239095,157.45535760176074,39.73567327095395,249.8695615877451,196.66599652115028,110.65207154462354,220.87633352578933,77.81241235481482,70.93324177838234,196.48638948935047,117.54206616270895,108.08811018893152,184.6313178260263,108.10036419546809,74.56601824608717,197.79520636299424,113.32384993242435,112.26207889776303,230.9137556600294,118.07201877536414,132.51808056220284,214.2098829012841,77.1802210731727,74.41710224094372,270.5298625149088,147.9029208789439,61.519684067244526,265.971861009197,187.9141505140018,142.48583556247684,247.70352727083116,133.16044544903565,56.53408950672151,302.4493264711594,184.84226129698547,156.76300351664983,249.2081486810841,171.21473845864617,89.28271034436574,274.4303343471916,171.58538062026417,81.60018613052533,283.7189282478542,160.04639449907486,69.73427425265328,269.10546132772606,123.57464124469045,120.87484701236708,267.2499556677785,166.5674890783166,95.00714294033313,93.52326297129703
1,7,0.0,0.0,60.21468711400625,229.88882150671944,174.89757530201825,74.95042577173385,315.1324301850966,175.06143328261788,65.30631660093205,163.1882635425183,164.66059240658376,163.8946785856158,270.2014991808024,151.90691640686424,59.16643260925704,271.6879203946989,191.30696947081688,95.86473935386402,247.81875923226224,128.48390738474055,68.18988822342945,211.53942315501052,203.94111208462547,67.17782501219605,174.77388446192597,145.84589647956972,86.6458125768047,296.71189056120807,192.21831486637623,115.5530139287238,154.63372509223842,133.58536348892693,44.255016320359644,198.43742840730206,136.39659994893606,76.04381634827149,275.06117595725954,203.29031993985885,75.03209737261726,140.38391630377933,57.13582034949069,61.158092025422604,236.27339264810084,126.39424408834088,123.94816696260175,247.2979460020855,125.95232116215797,52.37263631971767,269.91547697279213,194.81668876815803,85.14364659668607,194.98302808296205,92.94272847864909,85.84635757746004,204.02305023128363,125.1266830405809,77.4576185089541,222.4326181565113,158.16635706081078,91.7976711043625,291.67019208973977,130.55737182820482,119.03299847492784,248.16380030335137,99.51542092412933,181.27689085813557,226.15532841374602,68.74440245965928,83.09689828221252,224.63647694658815,164.8820509776142,98.40506136630341,202.1183581260527,197.7013367754299,124.07758909287557,274.02295393823897,122.85290874851935,55.72196107627818,253.50283893235988,222.80917628689645,111.95320795371157,275.33777243326216,139.7955072153481,67.81576676354408,264.3231907273901,118.48860782180212,83.12887262899237,256.9130606454531,210.67569230700792,95.53574642514424,263.0458648974036,145.8612329102939,91.63327667892571,268.0720553690146,172.56124989157,111.00359320164202,99.30703279457859
1,8,0.0,0.0,46.44947228214235,186.290028833644,127.31533475629809,75.18868627514951,273.40319886731123,174.6021520020712,83.20595230810753,194.02623059706357,186.06880140460817,129.13567138043473,264.87466219572633,134.39699419830038,59.77662119196876,250.65210102458104,223.84482751824518,82.86392116183708,247.0580100485771,165.49885255044626,84.75470068070852,245.40982278438332,171.90805398713619,60.59222128497118,249.88400894071174,127.37870484464145,112.68494626990106,315.18632033045293,204.7956133289288,91.18061867688668,178.3362572492536,109.82631941908089,57.4625490517227,178.84562893253536,128.4149470963863,88.58912352904133,267.9461073386109,136.7496058009516,66.22984165069226,139.77447625652715,57.71287691797053,54.89619721944561,156.60552022535992,150.35367714454085,152.32253405112382,224.85336942822008,139.50877884206048,50.313885472558326,224.88686780800623,194.85212205397096,103.27991202825578,194.58119682217657,149.28137833023186,79.53308742043005,212.65770335420402,128.84422531906745,68.45835748168814,209.71121784845687,94.48626594449112,75.75152556843167,267.24978218652467,125.41290163571676,117.25128890945555,227.6547922585151,96.47639410585326,128.54613148953294,209.9075641811328,78.7447228273571,75.8570147729868,224.82402199996818,158.22197576922505,62.26908548115102,269.31278834848393,190.23294411778255,106.21154529094612,181.374734812697,79.10624444758412,63.997737626505085,267.1585011405121,175.88874008781556,133.66959319482513,241.7758814463823,123.7438761599145,75.04269482659865,200.04667310318422,159.57623978487632,84.65259839636394,240.5299550499849,190.8457090686329,89.27899886149663,233.79170677495873,170.3640857052019,78.33916995361271,304.7540908724457,185.9708453173235,111.76805733555446,95.82148550959263
1,9,0.0,0.0,44.12383622829401,282.19395129172995,95.22815930331498,74.42521869671856,221.94637817699586,129.28716601166192,99.19387523332888,237.170720399225,186.5154220667169,119.11966382628728,248.07345974394636,124.62183257722094,87.31924438302794,230.64893768747703,161.42014576012173,76.51733594592588,181.71787477613006,142.9243886775058,75.52913346297346,263.15101996572395,144.96112119437223,64.77707251816678,219.53237280323688,134.64362418511365,74.73041761227134,287.2064225456103,217.16767570464873,91.35400083916112,198.46248032234215,99.96800157972513,49.86587913674066,151.25780907734594,164.8710599147861,65.22732147524061,199.03552722922393,226.06227632156748,95.59020725846834,136.729778711765,75.99395953032044,50.345189104504435,194.87268748637504,116.52121884033679,141.6916521934682,202.03935315229035,113.34687716929591,41.54434125524693,230.3546770610618,213.31646513231422,99.7349960822259,246.0548214146272,124.31195772661354,88.10560830402837,203.90816544214712,107.86124223833157,89.68346370391582,161.62498051824753,114.53558105730582,86.8468015523649,234.46180473046812,130.1239738197314,139.18871177429955,218.06290516964404,115.82642544118085,132.0132767254405,219.3184901500297,67.82744679949694,54.145407925089955,223.42470163810938,124.83332193177836,93.71904107761651,266.8577843850899,144.03977834127573,155.92384280448536,241.95358956288757,89.6345269880573,48.44279604278318,243.32279732783758,227.88030817417098,176.3805252694567,301.45596780142455,140.2902287715673,70.9810683497171,229.65396740243293,254.26759515141285,78.84255082745558,244.21394300562122,109.55186605552065,105.21171747978926,319.9723667397601,132.29571035547409,123.545776114137,277.85499047456153,159.58979547904187,87.51100763453344,69.48019275906168
1,10,0.0,0.0,65.13471104392657,182.90274108888948,190.90913530496076,65.30865569588329,219.40834119127305,158.29080928026528,89.33837243673773,260.48623963371745,107.29915327912116,159.58482985577388,307.9546675275026,108.46044725247808,56.482939078149975,246.91161339458114,171.09886896840135,113.98426313171858,237.60565078499368,123.00447947801466,70.97879426680615,259.8228425395252,165.35621486886922,70.17273885289919,221.24633279883898,154.44732043954517,82.32840686212832,366.40748234694695,163.2622449491368,101.14630378900226,174.23061044902886,136.44747553952686,45.370329857385066,187.3602555933316,138.96181039461314,87.06914206734835,334.5366366332423,235.4796454291791,76.39125010195086,129.12148060616695,63.3718906326247,55.955868078538806,235.67569103016103,180.23030230118567,139.32739050008558,272.0870049446304,139.7136819097668,50.32966033830915,213.85956853704923,142.90366776535694,93.17183861015643,227.5573876024616,108.3931038559358,77.33464310213793,196.93633568944045,85.96808598309511,64.4380163749904,235.759233986708,143.9684012133686,97.21270612165908,284.7074964243658,120.78185059175304,127.77571180719877,235.64126339117684,118.63541377096975,105.02729774369485,270.58502808170084,88.75271492591048,79.46470019631366,256.78073293058316,121.74449046261829,69.52282052037616,240.47584767912014,161.45498166248848,145.62183772390918,177.18089652410856,110.50604903477172,60.026561525230214,257.708054404881,141.74868808880424,126.98214587773677,264.6402146826414,165.0835525746902,66.66947440066785,298.96686243198013,196.05943682525108,92.76253757975884,249.04962945893416,197.38614608436032,95.93626021331386,244.65905754980682,198.2425022481071,95.42332512218704,266.52204716664835,158.08007237359217,104.71535461358029,92.19656938358163
2,1,0.0,0.0,82.85149965901881,230.8875790762389,158.25917305709723,110.10301948914345,202.47211782597344,91.23457823218308,104.4154800150806,203.9765010639845,174.7682099479093,78.44617653551569,207.29813737409668,120.01965032540697,46.658466537217514,203.87719914258005,167.79664347447195,79.05614025582274,241.85366829930354,134.9433355690041,63.1535328564094,208.09858869366082,197.55573120297365,97.87898498500064,185.88661420990698,77.91641549659349,98.24923983085556,236.10510613261843,116.84751968641541,66.11246089296681,162.83041427530168,79.55167655569316,105.14000886176265,251.93377964725022,140.9673316991186,135.53826327213187,203.5072805131151,107.71015623209291,94.17619157907694,194.27786461389837,122.30146149766075,91.9772208323797,197.83279936368473,102.55099944461696,118.32327596311643,201.50130229705508,98.02945917471187,118.49259464110794,183.10967999604398,112.22985809830853,152.24156363699365,202.857681451535,69.19672526029845,101.40737025080062,221.1650417554074,110.98329838557036,96.5719424165564,243.65433480004924,92.28629824105812,140.11617033288465,251.8043622744153,98.46779253374098,119.12114452612312,232.75609836956164,159.16904293894328,90.00405699021113,197.67438238072367,125.9981775150905,88.51844293882442,213.691385860802,188.0124040640607,80.71423086544338,224.20016782095792,147.74946078213728,71.20133084544082,220.58875411212992,142.48944055645458,56.32848002631774,248.8171148031839,168.91487080321536,84.17190402319197,291.2236296672643,196.2448666781733,73.94975525556394,239.51858974347604,143.57785075948206,81.94624205766213,222.91312302432064,158.77136076773147,101.38611890668437,241.07148012424406,133.6896819716785,78.918065524499,188.4116046811253,126.78224058789827,90.76157368745389,158.63539685623724
2,2,0.0,0.0,80.38245476566658,199.64528887598053,123.05313797439251,108.72195425402218,185.9744263358589,66.73744348386629,95.64827761501654,284.0810834649875,184.47415947913416,84.97757378925148,190.70313414008652,118.49650025420176,51.205274147774475,167.37665570269192,174.7518771145457,88.31120262415759,228.2066060401893,155.572225912841,65.62172830533692,228.5780606346082,166.44054231799768,101.4336562890613,202.42897306299153,89.86307023028937,125.76797759561755,271.3948767336126,90.36591211050941,81.95896008630554,200.194644637839,87.840907992175,84.2659729019852,238.56360281405338,130.36369313498307,139.78778038842995,222.86119579393187,69.09079094073799,80.71487982193295,207.9110568288499,138.09074919310967,92.45932614476774,178.3410792371392,114.44530224637415,113.74252281220767,193.78404208808894,87.54308896746797,103.6569533963444,182.88286998923974,118.54223054986306,105.38309572940254,182.16025628122568,70.32329839393987,99.23591623637077,193.49511773276296,97.45599382342954,86.88501862376405,218.25302770596858,118.793216471192,115.26530933765974,211.0785727549669,98.3011919486788,117.9430143414119,271.5155937240594,136.8789167756734,78.14860584631556,198.09188927286195,114.24996871397191,101.42391727114618,211.84564794421777,156.02166443208583,106.30022283767504,247.70956254713735,145.9277283051855,64.19111752847604,223.34022721295673,133.0913628040667,52.14133279147806,233.54791921646816,183.17004401046464,70.08823707561214,258.3300169725954,195.38198245320874,76.8112412193467,231.21193574385728,174.41824232065406,74.32578198531976,222.14818714811645,139.2757001040629,90.38981686698904,270.8120912117819,161.0791220877973,70.23247638735853,219.08128485929453,132.3315258816019,85.66596972798494,79.1504103546899
2,3,0.0,0.0,87.26917264563932,251.52058840786367,121.88467132700576,114.77311362750218,169.86632592104084,74.419565578337,92.19257527298626,256.00989776393874,176.83897889470563,81.10290577057286,214.08228204693663,115.43595077596342,56.790001068261596,206.76200556391655,182.4384510019576,82.15926412937347,219.70027107567142,165.5335574886258,73.19961768394434,220.73427334763772,174.12367889415827,111.94799295303545,203.31297220966383,95.31228635756304,139.6741652367176,255.6412602716367,127.43707396836935,88.62478314154737,172.53208451160899,93.2467959383967,96.71207385584452,226.4428970591314,158.77543187292704,125.4564801321782,253.40916646297273,92.89985858637314,74.03315912660983,204.20071380369032,133.37244001871687,111.15259477408244,204.20362383895082,120.11046741876959,131.05240431765256,213.33966702617585,113.79933937670842,106.65401445996655,233.28134487891737,113.38735196031413,125.72846648437903,178.404933826659,89.07691590366726,114.41745628897515,207.92997043993094,91.17439999408828,88.04416062304306,216.4501332555772,98.42193104929044,117.72248110932934,187.43023167248316,103.59875073737729,112.72363727579842,243.33866065647132,154.73456329156485,84.23433898415632,206.8688850915828,139.114406630069,85.08198930086255,261.0005506116923,163.20535082322994,99.3965593629361,265.56502855418603,160.20432931439814,82.18987205895017,241.1985680260269,162.49423155609202,51.51819009340632,244.3678799794592,202.33342339192575,75.35199170136399,276.7480775912979,197.61536150384813,76.95440233207175,215.59241502466418,152.45402818695462,76.89743857496539,199.80236515645976,149.36579654831652,99.99092102496154,269.52173897735236,142.2976360998104,81.04527899150793,202.35010391985116,124.73371483638451,80.23000205379934,92.19332101328787
2,4,0.0,0.0,81.59191823906403,197.39763312265552,143.24160205178143,137.3208397126271,186.79615939682745,80.12904539332732,98.23728638706736,269.6279492199582,220.14352346021406,81.79153442827662,203.61674680764014,122.03254976130299,43.82040417886024,219.82273038609148,172.12678225436514,95.38911195346076,228.37821587256667,155.6007100774969,66.87372292874196,254.46408996558395,177.87071094678683,112.67369654474487,195.17839402216458,91.19933665376954,116.18172690947596,247.26711814121387,117.0575885632896,74.74588769833869,189.78596225371308,117.44301222284803,96.57253048318789,233.7295772005634,167.5201516622751,130.30638334522862,214.9864670799867,80.18044249233985,80.88481695387377,201.1160693637196,105.49777181854289,106.93307652162866,188.89767061129535,98.00080925898335,146.5912602451229,249.82605338887268,87.01640648410358,92.74441923608319,177.9541798916757,101.83180934811013,146.54946600354572,208.0601788367685,82.03229379878798,108.86445140048751,203.54779657433093,123.98687629731009,100.1490195410178,201.77489239539955,103.08202702937899,128.22262743492126,202.30111499899786,86.65626889689918,118.74479525129802,236.68051950533334,136.5984103607559,93.64597763413961,212.49345681885137,120.17678215032781,91.17280588615179,277.250576349831,144.44737387282424,102.9027491872232,226.6348139498468,142.6536488147546,84.25576174540468,220.87442664002143,146.22562638692148,50.71197939945877,237.1744599160805,180.213437043471,78.73931586315197,261.6378173828614,172.53784837528866,76.17403180211582,214.370453299649,156.05636202664607,82.07393414107588,217.6873156028578,156.1309542048209,89.34696491486017,219.48416107074084,159.27670012980082,89.57615823715516,191.4844983025661,106.38128533897309,94.41958485149203,132.31326980957238
2,5,0.0,0.0,81.9578496323822,219.05798126288008,136.1035566430355,96.9048367746816,195.13195505335028,74.29665279383117,86.81758241246429,237.714198957359,200.08028905102935,86.73165809257056,217.4968467537309,106.83302471563063,40.2809362605052,195.5849069549234,130.52936842765675,78.2948557200177,218.24488382399235,150.05770775663328,70.59058545901705,244.55405398978178,166.86584111946948,100.15569941722191,178.17480963820915,93.94971707427834,135.17454374419492,220.72762216596888,137.4076668080185,79.05486595195364,216.56952883477223,101.05040379033075,97.30443119686828,282.04919727769516,142.94775519475596,136.54109182306308,211.5353436471051,111.50874921240232,81.8417951390416,178.94880291656585,136.08128707697136,90.59913309410764,189.83875236671258,102.87545578346817,128.00271709385368,194.23217631224355,96.6350452579351,108.45570305650544,194.75527841339982,77.04787984099845,115.1211462632877,214.09270443343522,72.85008721952651,109.95603510161146,213.49676950689457,100.35767432824558,84.74799369066548,229.22947058574746,107.02032748691421,120.99414457203153,232.4888667753116,79.44499471468177,114.02313809421067,248.9377139284935,112.34597721932607,83.24492985726367,164.95900489116028,139.26155476170882,101.55600884396965,250.27134636830698,141.0564430432035,101.73881306094488,220.80782918686026,157.49874030359908,79.75810408332495,233.67481047055168,154.33950320633934,45.21980546670093,222.93455451236844,172.51455434424736,66.68776477987062,306.60949265895204,195.0387349758133,80.54311385458941,247.2940870893451,171.6253265545911,82.7545143559165,212.26975356768065,143.71191622828863,83.18433646580294,203.53374660654455,156.18399310352663,88.37586183804632,231.4669551884857,114.64679749480952,90.01742632813384,106.34903509056511
2,6,0.0,0.0,85.19351015381882,243.5400088993339,133.69502306998558,114.0289833822695,189.7923211261522,75.44809532122807,101.08556627822604,243.59327410039933,182.39933773560688,65.90395095676547,176.31537446717525,105.29209452209514,49.16772957040743,221.2779195254937,174.84687767142282,83.07178117896245,182.99081505809158,136.47359892773753,66.69448228717845,220.44528697653328,147.2926325769237,105.38592295115883,199.34999214693175,96.69947205439983,105.61874342043566,261.41855993811185,116.48990275581076,68.10725009351316,203.12196363540576,122.48587522796169,94.26960755989936,194.55131768199305,154.72256504707218,142.8948265176033,233.39412409354907,95.05210774047636,72.33472619175912,218.1864848548306,102.18033478770546,112.08789624753632,237.86993341819777,117.00852422658589,157.66921955566932,205.98340015356055,103.91680153923556,112.03737259362124,221.4188435479496,107.08276449768054,125.94783034842112,218.10862292988256,84.79381441207408,121.26734873487072,209.33600851151763,104.98238760342338,94.60664466870595,201.09472482297406,115.69845215381955,135.25877416889801,210.2638682140053,86.42787208593292,104.52519437973231,240.8991035174658,147.0194744128184,83.64591944501953,203.9300555169532,145.0847808038983,83.2630421554295,261.96366392037805,182.65339091460444,110.28870777623139,251.643348743588,153.8676071326988,74.64999056968368,224.58311298765472,181.522517539479,50.84899764141568,227.29367521095608,197.6461696382205,68.67660974569752,264.8534174277838,145.77236367868832,84.34928397312424,237.864436893454,186.73120418767326,91.78442704960501,252.33482611091296,119.82158083834115,102.31541570374634,211.11122780723196,155.1394409162306,81.35719811634856,174.15230882026322,123.82620323122076,90.38925754372663,121.99457532018297
2,7,0.0,0.0,87.18646008154624,213.46940416582248,142.77450643966776,101.49799825579427,195.63913296462934,61.54729557108067,85.91201484602819,267.6455648106155,192.30346820340955,88.5353021484039,164.11778520592787,131.12300233681185,51.25603678836811,207.10992067015724,190.31381328232268,76.2783948163715,203.33456867842352,191.2834186332626,64.09335476346251,241.0112843772977,160.3138714443206,93.96978505654295,205.56901671461597,93.21691626242098,128.04773751949685,251.5744034148638,125.15214118321467,70.14448962263201,184.27545787921403,124.20766721244254,103.49658146666272,262.1010263770201,148.1217145352638,134.4193154073601,207.5051980125909,82.74114541187905,77.952950379556,215.18749088171114,121.85667959434159,91.24635167699256,203.64738344071296,132.98315372009392,126.82137332074913,218.10765620000925,85.89089614804676,115.75112545963252,225.59526278970696,105.81100459322903,116.88425228461838,196.78390619129124,62.686766924541665,98.15105134814065,195.38703658709872,99.82622244986848,97.53134894922825,219.24258211001583,107.42192017142943,116.88127786955833,206.8732454962474,110.38763125393216,110.42721739981165,260.14404206684833,155.3100029888788,95.34942543337955,212.4676164173651,131.10924746909362,80.18509148064443,245.9210140053525,152.8287417177444,106.20844417966056,251.76008455672908,131.15636020832716,90.07572185656556,223.78759765507618,175.7476322085477,56.8206436427338,246.8600062831395,180.61316147290887,74.139576844436,286.69920542114926,180.2250164941665,84.04153285322927,233.19508680966027,156.13239176754124,80.86867895181719,211.54427596576195,129.18021565118232,110.12214487142556,231.19157060436766,168.27355105860053,92.80093912352496,227.12453566020483,120.092483530052,90.35781608590784,127.71523739732359
2,8,0.0,0.0,76.65134455279308,212.84084351687721,129.63828640098112,124.99702028059569,209.48819107668277,78.20076719056817,79.98094986095438,294.9243219882267,152.387269787803,89.44989061196334,210.9218615941533,120.48998396786561,53.11519084542294,197.77261891701067,186.828618716882,84.38514028717458,249.98073371941686,137.7193037037818,60.49444637432782,227.5644441032416,184.49509047254574,108.1508727240741,207.68866754896362,83.56866757077374,118.10544140513737,219.41741851910677,87.89759854163532,66.77508362191057,189.19789262401247,105.56641823882842,108.94442699156828,244.30036049379348,140.48387585546647,134.84770470440426,224.387935782926,97.03831819921125,68.86724304469874,200.55637996545914,130.42866967882236,113.11441477525186,229.46594643725322,109.38978522961338,130.14750071278294,264.0388096097605,93.86067486959524,111.41303515216751,188.41278258763938,104.97905648157172,106.35765812997073,222.54860200163657,74.51360911203054,101.81950904629021,187.04417980174006,98.79344485866744,94.47929962627825,228.48233588598194,136.67094493099245,126.39388088925573,231.54250128753947,86.34547092595561,131.97080506383972,245.17832577967766,141.04364573929496,73.87365600051548,202.20926730720637,112.08959639258218,87.70375050648366,263.04561814641164,165.74268405532501,91.57621765057421,246.8607415498403,160.94300408379772,81.3232455726618,254.50468547940895,162.04834614879,44.64232894473278,225.84875786608762,197.98739004581074,76.74088492008072,216.19259001278508,182.3971542148607,66.76918323323996,244.23049989401682,157.06293087883853,91.4153057957158,203.40118992999908,155.78674076381603,99.98575091607069,226.27478862313012,157.0904766103412,83.81826915849794,233.8842064133639,106.361707215389,98.97504719901633,113.91636520350448
2,9,0.0,0.0,90.20783784320243,216.343158413904,125.41565643000894,108.49672372304788,197.0102461924481,85.05198522478645,109.6552057785443,258.03145167889033,184.50304396936713,79.73352374997144,234.08768962979292,94.84886871303593,47.158240057856005,255.35450732791583,172.25280031031818,81.74743254843528,251.43061980415754,153.82981703206914,66.2965570977413,216.1947764666066,170.4731038487449,125.98878568366831,190.74494527656702,85.86035418675013,136.7740658041661,244.22454829759383,127.62382191393228,65.29798703549446,160.7834757269727,95.596290359766,81.40341525682743,212.71221262766377,129.78091703951003,127.93215005331855,203.7448955752222,107.41819133666644,81.75941219371114,185.28737719151923,137.5173926362561,93.8365377104247,234.87267962554307,99.95951454185352,127.43477804183466,221.12929145792054,85.77687592822464,120.5156725713759,229.42973115661803,94.00550962671448,120.87600618944745,189.68931105135349,71.38002133670489,106.57358618071918,222.42762715814447,101.23617670363718,93.6247886024157,203.4198002328675,118.89697596695248,111.04536891138603,240.38778500359797,112.36338148437615,122.23794557036878,282.071650080909,140.38979065964563,82.59902056709896,200.18231168439266,131.2431898748186,106.44532031941004,273.2829896311971,194.6699865721856,100.95197926457526,227.03666514078773,149.10698634425123,89.88384564784623,231.7323110495178,152.97503018517776,60.419477114431764,282.5820406321023,179.18792588904108,70.96447179000944,276.5539642794044,203.8200328101562,79.374776929524,250.8319106671422,160.0019861061161,78.28454427830059,231.05969706770676,136.61123922817796,85.33875039759411,251.21736832504564,129.84269086305005,81.27313483767367,207.00857552014418,139.80537958237323,93.4117707566183,78.04759610043062
2,10,0.0,0.0,82.5429102135111,229.7045050930133,131.97664625251906,119.44224060359154,186.37100682311504,72.54857139760007,92.54120423466003,254.0514719319267,178.98463251759745,85.80248738247414,233.19780765117136,147.9112908423753,42.743432193594295,226.25377421272543,154.09113754060783,96.12996586367575,227.47883717879188,171.55812556949883,65.72060101204188,232.59171977565651,139.71810200267865,111.99118653572593,196.83583366124333,84.7035494091821,124.61784020864933,245.8741598787101,94.79961005519145,71.59023153417814,174.94996529668296,96.68400889225907,101.60849784847046,229.74199546219447,163.66621801063616,129.50792900199718,256.17518178142666,110.33037230764388,67.11780527673935,193.0990771261452,106.24183879520035,109.74810388200757,217.2781954554804,115.04911280440338,141.4439125868459,245.95100855065553,110.07645248631178,113.5645465909511,217.93580969920512,93.02052084839153,135.2226347558836,191.08448176969642,68.5737412104758,96.7810297541047,220.91726128283324,93.20066858529542,112.63896789008186,246.40424809817515,123.06569437955291,122.83341543071572,228.34018335137756,98.89829421264622,118.17774065417923,262.5526739626335,142.92791086738885,82.38338971913069,194.07810364144632,122.34313836448784,93.23027340950259,255.29748405437834,157.24461789290507,93.01577036100805,300.79485150975586,130.63269370534243,82.51848384572726,248.3180925092286,171.3954877206997,52.18217449936064,249.85959513563066,202.89248899801493,74.45758721875215,272.40382947907915,185.24718159225162,65.54865206312266,231.84867695052938,144.0827033359032,73.40457011332944,219.21789874440364,135.32350348654617,87.59540157324099,248.7912507922265,147.14647638877764,88.53916142064163,172.4779005969876,115.4694721114412,103.71709797663988,77.05815748493704
3,1,0.0,0.0,95.1327532497708,452.9124080182,300.9897688932559,103.94579211636645,438.59467802452093,378.4264273434819,40.02407550584642,468.1051084863548,362.28920404152376,63.95381059866355,340.58021968022024,276.4606996122922,85.81815012872464,579.6937996883274,435.76714555341346,61.06602902033634,602.4132014741804,416.1831701313157,52.44697432940865,415.45679171538984,270.7340259246564,51.370347702188866,411.31904587882923,338.4683744871341,55.03911608602788,392.6394898617624,273.4355839723437,132.11670197680638,417.04727111566694,268.23035314830076,53.990624775174716,462.86141582549715,443.4666179560326,90.20703713219955,413.38456254142625,290.6455830615774,61.91408545070077,460.1424770569333,543.137880341488,90.67358534326043,488.4806244491832,381.6008489347383,66.15363787843764,443.023879680046,427.654879040759,88.41730434247621,707.4120632879562,530.1206877452939,109.89579991680047,483.0030595742361,453.3640796940703,97.85394881518147,328.7102121117812,321.9636453346234,98.66170324994484,493.4800665962114,395.60942536744693,99.92451570669095,547.83841646832,395.49901840398746,60.241608669568066,386.4732788121479,425.8805261120212,69.45711636585654,477.75834117506963,418.3723887541236,136.76320704230355,418.4815817549235,395.00951937561445,111.1378677037848,346.0528583826374,344.51521587653224,89.81514203557397,542.8930260940092,506.333452858382,71.33618673722188,546.2902260729425,510.89164894062174,109.37379718300548,434.2212133211528,241.3065801604109,113.95749300975669,359.12291149305895,266.0000399728947,36.446897068281785,410.4564694777009,359.3023264237106,72.08735422214302,316.32676361921267,326.30411587499896,83.57712566148952,409.69031636917134,305.69870423312767,132.6538218739103,92.31718369628011
3,2,0.0,0.0,118.67151676854485,434.41407791150147,367.6712063362984,159.60002521140035,462.6480983692463,292.6196703389541,42.08691491234604,429.5172970121587,297.80349068904445,59.02379238356991,278.970499485311,358.8748280415194,84.53760067211228,577.9781046475513,356.33110873678584,60.72770256477379,422.6833989114242,356.4984625387592,53.680108713566966,347.98010723711957,343.8435441367763,48.71570382626284,431.0646943807105,470.11078855667915,90.59844442110716,449.12709180850686,227.35894419013164,126.52596095363654,495.2892371949471,290.8268844013423,60.78666903265288,519.1280833170853,399.588034653264,91.81839542714668,428.02961285830963,287.20457929511235,61.04444872974786,481.6148584126482,403.5178770826712,59.16378723641746,431.8558421677262,390.0477918260823,65.35917701059341,423.28584769566623,498.6348876578152,101.72743308362818,412.55178089278957,517.2000036723817,100.30741177702242,493.5802169043303,464.44411149546005,82.06970285447278,494.3533754993561,309.40211466483026,103.39661368232828,400.64843248981776,324.6345603967549,77.19620050531799,509.2429429901499,423.4970276329967,77.25632500373591,286.9427415363965,324.98573139357154,66.83612335561223,419.1022573764973,392.07721276027036,96.79192552305373,429.9338028773852,398.11792604237183,130.2622956168741,431.64391039501015,437.32988894905105,67.575362785588,563.4937467167869,344.3578017082077,63.136730069018775,558.7540370054304,423.0602735836907,96.59523026980224,429.49928650714486,332.1905147098378,121.8814653116207,452.81193386337316,328.69779164610986,50.35065234253594,390.43390424824537,351.49949350360976,70.55056333100067,417.784529259191,298.5494866834631,94.07269392898182,309.4854457514811,334.9158769833209,107.04226396975903,101.63922833879133
3,3,0.0,0.0,130.39802264451916,596.7591700969509,373.59050414433204,160.18029779454037,415.63842707376534,331.74950674850504,52.68437388341118,373.8725283242418,379.6412967744464,72.03945939420883,431.60788993019395,252.57795153453947,87.94710380606043,565.5054804836379,466.3944642000343,73.85036011642487,478.6709357293556,505.2539332548861,62.62159797945468,471.38515871320084,198.01468854967592,69.66057119110936,498.0920288137145,470.20721384475524,72.72349915331226,508.4493056306913,344.8524444557274,144.32204126971567,432.25684614496726,323.98771252712044,68.62556238926132,475.3962027106483,344.8798014688034,113.1502971836028,513.3848702143093,287.278940070891,61.62972239798033,434.77490951054557,367.3799902761952,87.3397542498903,292.616331377004,333.34674609259207,56.57630495017323,315.72001816524676,553.0765082018563,64.80610269730367,632.3150757475908,401.3336429287866,102.05332061084621,611.1542257108464,335.7819297685006,83.18402080525803,475.65740336360597,335.96285453778194,101.5859126787133,458.12478579129953,507.8413353528048,123.55121495849016,570.8448460734872,300.40859783314033,40.20466023929477,345.86620498538383,336.5140492747839,74.55869605753615,476.1927174733732,497.0307374445407,100.46189267297778,469.34706583481056,405.833647232808,138.59722088196705,418.97153299157276,273.30716964732267,94.32355268425414,570.5106067946989,404.65968921001195,79.94936501042014,426.3615023640846,470.43072823721434,98.06518556155989,316.6334599579318,263.99374170727657,103.23879170240527,433.9024794433179,313.9797218179812,37.111462756246056,219.60067296229602,373.3103106137852,70.01059804095593,317.2878394560415,404.79530294221786,76.75067221790331,457.8203002596266,419.8390128153459,169.1884385404322,74.19358634720538
3,4,0.0,0.0,104.84405399651705,525.2069941244121,402.94445317006534,129.58983793931577,426.5814162484285,354.4241075916393,52.29826219245791,390.5728878491928,377.80311955068964,68.21877880068882,489.94063222899,254.51473208808198,77.28454605188462,366.96829325857414,439.80615620109523,63.16180844893294,502.4072708461522,368.13874020382724,76.71118651026703,427.93228866444906,356.76791994395325,49.33235758823605,374.0938693444965,435.44809803565795,80.94271159584346,328.39834381590583,331.2439945699579,130.9776597165537,401.52804144729106,244.27448982316247,72.67985595378825,590.020894366097,388.6279689507012,99.84295839710931,310.9730132888457,386.9856287564915,59.616553302596564,377.19909465666206,295.59841885881286,78.60585044641834,437.7752984319764,456.0099233729037,70.86146898956514,419.05241360610245,327.6044663670723,106.80867237962912,650.4405381060095,451.3989771600754,86.62381233782025,604.6498898442617,531.5864144846255,68.17761103412008,427.6940199404378,281.561741808855,111.36332747482635,571.0157129190885,422.6536748750035,108.10896337194339,420.79450724911095,389.0692107029715,46.551850529962145,434.87646868604463,330.42230788174106,53.88657180748903,521.1814353492596,431.9996947180446,111.10572805855907,466.4765403509974,306.71942804366864,142.4884803083632,415.8027099727357,340.7914520537108,85.19036387201416,343.7184913281701,495.4236258110452,71.33502617625602,443.36540375090397,431.78279398138716,100.64913877671756,413.49618006982854,324.4429125973162,146.97026303957085,446.90923863780034,319.71954684657413,43.93442934807485,397.539492508447,328.6941986841825,75.19478210740223,469.0391710469127,350.465708977855,82.56194060790307,407.1567192621369,358.6929630047278,208.74050732298429,104.09694233011723
3,5,0.0,0.0,122.25292641669276,481.86267285713984,374.5573088781854,139.50785106200914,381.2849998350255,300.7480064562515,36.05216462852255,489.2920104195057,379.32245974843056,75.03162155412858,416.0806772256205,245.920949961785,87.32222911346412,512.7969122670529,462.5833748246042,72.50081815693567,536.2933995213323,392.6891316939807,79.89345578325027,416.2678652559862,423.9304221809566,66.85799991550887,438.38315642311477,484.85256089395017,81.62168926675767,427.22474630532946,314.8930434184769,135.0602153539625,425.72649156210963,304.5996186904401,68.10983248137205,446.3317049713305,373.63688575466006,118.49795929212874,514.3020233604426,337.80555997151316,46.75344544215474,353.5333230319225,350.92758935975235,81.94823976383245,274.35899389215376,330.5966877747475,80.42697547190039,401.56246112601104,363.53799408632864,95.914277473588,549.9847061972727,490.3791688479456,76.77463377321493,624.6852110812939,431.497801848285,75.59834819099812,392.57920208191075,287.8697296627032,112.84617182284217,365.96104649103773,384.6060702555448,90.84603695387007,598.2166252371211,471.20653318748754,56.384338939923374,356.49366880319064,307.3557644355692,77.1284685544881,462.50871045698227,411.0138349920782,92.0357594658552,446.0291356458901,319.3820332858212,109.83614952432882,370.95754408214805,312.56996876898774,84.78084762423964,435.6714268672481,421.11604404215484,47.86473963959712,698.1540084331858,404.6911119898411,61.56877404284795,350.48654260981965,244.3040957318931,115.5182144395672,489.07723696811166,389.65861979892617,48.79308889332743,402.0816456219296,357.78644087286284,60.185648231424324,306.97908741268435,354.8263384574713,85.22282663531735,377.5532506953299,232.82094124624422,135.35547207990123,96.894887357199
3,6,0.0,0.0,112.62156016281087,391.0911271463754,448.08755806154977,139.68748363652597,451.87231176450297,265.8009955822452,45.583899844137,494.74990647903604,349.6173850885929,70.3747580991514,339.99629246528224,313.89089458748623,91.9900471386312,542.3882440237949,470.2746383241558,88.88290275979298,473.60446173482575,342.7114354325033,80.50452117519572,374.9475617306852,289.2131900763178,51.682715244656684,483.39585285231175,381.26739428212187,91.13584181679732,398.0633179411864,342.9453119083871,97.25494688204193,585.8329137078402,287.11212055427563,72.8635575700262,499.6467956301296,422.17997498110174,100.03251768662946,455.0650230371504,344.82119711436496,59.248614539187535,394.7213258199706,353.26157758209854,57.391327622793675,467.22931729486305,355.7157403473491,65.31260053751812,536.303976883631,513.3890306466128,53.03421878649116,387.3098543706249,437.50027176522184,106.90492232131851,376.1677732431296,526.8667714757942,79.53724122190289,303.87175176970914,344.8085516270585,93.60260930991362,528.5679566615476,471.9402713980165,73.52525213956798,354.4582997124228,474.50453516918066,58.1648501033378,340.22377579010947,320.2876058164457,61.333190040682496,415.83002214839706,386.30884583334154,102.73966330706338,549.535315406749,356.4122932530654,125.20349934593725,414.10477858035136,284.8274692654675,81.55490445158327,417.304651892995,433.05251095378594,77.84371542307906,496.29338851610055,531.5385065451538,78.30957120332991,363.39531539383,295.98105273504217,120.46406271448936,518.702684191939,290.47283787235244,54.04377739370092,313.9815801895145,364.284760841397,76.60560599254995,383.81840406821556,424.3736022304059,87.34024073010895,362.99742424878843,240.23616901491238,94.24128851720603,137.66729089279318
3,7,0.0,0.0,102.49504713511818,554.2266737465864,376.98650036010156,170.63674525194088,377.0989620225231,384.8340806918226,36.15908398998757,501.61204876792857,333.41029275476984,61.50673137885939,356.27937786217007,332.53124778991963,88.80890668724948,458.3045058286357,400.7513865067518,65.01548938585148,519.2889446645078,356.7138642245713,63.322153125466706,304.10109091656534,344.18497357433426,55.23953204077442,485.8125331352693,506.74192448434724,54.70281129936765,438.07299938767267,348.55817338123506,111.25784107821897,500.1094824019911,326.4912137887408,78.21117449448059,425.37245633034667,423.19594388823896,100.94163625521277,352.4684630639158,344.5353359585006,53.18146625774144,519.054084988692,358.2208946196915,81.30607038144281,441.1279204010649,393.46543750060624,50.00238733016405,285.7677446743004,465.706850846699,121.29230247418309,573.2592284037839,329.4004889410059,72.56411447163049,632.1647548382058,332.4167013967942,74.28408818540032,351.2658837687225,246.4312492282769,95.34834585388414,410.4133797572207,484.86152313813807,108.37764347165371,481.4070212453089,481.63332942795057,66.03605038286976,428.1404123278178,308.6713130783619,63.70451430407186,419.5087425738951,438.8127757027622,106.85989396805688,461.14265049027966,395.22878935600966,119.45348743093935,364.9143203204985,273.80861553110776,62.309319059025476,508.27469088829577,435.0411596670888,79.22997869403797,551.711783881905,469.8284298552283,83.81429152268673,357.85135347709104,169.23680228563796,117.66568863089853,454.73327382280615,318.10885002586906,47.5352625017467,351.8638761560035,322.79211470539894,67.60776827060509,378.892502476943,296.6922025116364,71.20595805534796,460.2417665432142,338.5925040201631,171.5258875577568,81.78913153979957
3,8,0.0,0.0,98.56025013340235,537.3453827756323,388.4580773515613,98.77141311734121,365.2096530882674,306.14887692386367,36.347136945223326,410.700975463522,441.4045771964344,51.4144064247762,300.2517659542239,309.9402279271805,92.30114122047976,597.5122957998688,378.0999039384136,52.274030623197305,395.85160497827565,530.1515979990638,75.47878803555939,322.57026928925075,408.0247470912477,66.24619252893302,416.10578508930945,486.53334630540735,81.03410046923622,371.0745669691646,382.5488285774335,120.3512012312677,434.52443377613986,306.6278976904178,40.28894879200632,434.4686342116828,358.2959942936202,140.21402986816483,350.5690024360514,344.09322091904335,68.4028275407816,426.9373113391363,456.041177677917,69.14631012268458,384.02824309642097,395.6134247230085,57.55777115365598,425.5017252230783,333.9862913322588,91.65601022645049,481.75553326109804,533.4626959286497,102.25990527625488,545.8578976677737,457.1800418410915,53.12185167916002,384.94058872021805,231.29503440489793,96.53766128429523,352.6380111159037,321.6234100354423,88.12016875417393,496.43720585213345,558.7762392659561,45.05005267054613,444.9355556346801,360.69034633501195,58.33274041275643,511.5249133483135,438.6687996893823,98.21956362128768,404.98210380118235,381.9556401392767,145.44707090361237,471.07486723968753,370.62694638954457,88.9830813363822,475.10119185855297,511.4071363755836,83.96401253820959,585.6684697544097,401.36506768987306,87.58471074618512,408.457119594481,314.6227469788169,92.39864192779888,558.095128342948,294.3486805362227,40.74289610564688,487.3808662792018,353.6316505469403,68.07743628220376,484.207535747617,458.0752853391981,113.41402523965522,554.5984790097971,400.58195883532255,156.8898738065618,104.24001373568265
3,9,0.0,0.0,124.34784852555154,486.6513487385125,302.77424861556995,148.85339894861332,453.5067618536759,287.7563916070421,51.66913504399911,478.3536342935464,488.19970298531166,72.82598476289006,373.0305896940498,245.38534720839237,65.59233078369198,602.3401749744035,418.0958144162713,62.94536915930078,414.77346507599947,364.7667135417751,71.03496521488289,329.25055560073054,322.85388582904227,70.10060705772852,523.6511425085662,482.4224187261653,65.8464612422282,400.8277730455058,259.15054350770373,117.42623763680866,451.91205911126696,405.7051348408385,78.0300458669294,424.85794881910476,449.8966738398548,118.23483720285284,386.60606130098336,282.7150099493159,62.27506461567198,438.51117714618636,291.3348991449644,76.60285556230382,458.326483277291,359.0859282177274,66.6207578665538,297.13021863008953,258.84679786033746,137.98218357523146,648.9981720758549,414.42622258004957,105.12436488321748,595.258644906266,405.5356661358512,77.91715287444437,397.083107174167,331.9993272416906,112.99933759663439,471.1806844943533,314.9830892201355,98.44890432029808,707.3639134191425,359.6287298201,51.599958682807156,481.0315593909079,337.1303404172337,66.45067487548283,323.6130522446907,486.22302616492414,71.31687742422396,465.657128312798,402.6147329211485,116.82950188548183,502.53509411705096,366.4465134599625,91.02545866650497,546.9035845748372,488.5364339600289,59.62943011629608,450.7008072244595,493.30666543319876,87.54501071625586,353.67224126735704,246.45859780577672,118.06888057125424,377.22673094494644,351.87315497462,41.654207238153504,273.9725650288863,294.75370885444266,66.9440285475762,581.8126796359691,431.7542381106662,91.2663169340416,412.5842602595644,352.1846928015605,154.14563238819642,101.50066480751833
3,10,0.0,0.0,90.23864586258006,500.3029008839641,417.92651807715544,139.34264762066508,457.86216244987565,320.8620935373129,41.960308320597306,502.04663631960807,392.78426127205813,79.07196815639236,343.64067118529357,296.93576334264094,92.49554739556555,418.69423850425494,402.00532376576143,90.14182972149145,474.01542149818647,267.0737754999643,66.20163124610444,346.38472676423567,320.8665949131061,50.41660588221185,308.8617451476797,292.6405523156299,80.988871675983,451.164213986558,262.27884063822654,104.14173926449097,429.2302470700217,282.69237245181165,65.22330661143668,472.58064760885605,470.29171327511904,147.12059463042647,427.84019854196305,213.06025570025804,55.9608259870435,396.2995878011991,314.65498723933086,71.43822436040656,540.1617978544765,397.4361716405689,69.92612557259507,499.8742803899957,373.43494253308234,119.37448731557075,655.3933524738445,552.0949309996116,96.64236884920119,444.972849348403,404.0693703847462,84.08227411437404,349.857371805004,295.9740019935813,107.16496346172364,659.8180395975763,315.6061082225374,79.51718262488586,723.6917658976087,411.19373047279055,51.55801653597132,399.94119685683836,372.2776275930218,65.10153617063928,428.75509612514253,383.0270849745552,124.60875230399351,470.36708993665206,413.44690842510664,128.50336170562392,417.6055983610933,348.50631489080433,80.360770576022,729.1624281325367,608.4599954849552,75.91423196360859,499.3928406744223,550.6723551866742,119.16323426579666,414.8575346464466,279.14243967748274,111.40635943878749,467.3982442781619,287.4983860337684,44.57757237626881,320.0003625992193,297.9956220101811,53.81882803760526,422.58513809839684,356.2386495852217,83.24045794560288,432.8031907698287,310.78572670985574,156.73504798548353,116.03703375868491
4,1,0.0,0.0,68.07414751914078,225.94052675504545,118.88208147342286,83.37178846402517,220.38179435852706,86.99913097653939,96.23803052431613,206.04508949588993,141.1149303717564,76.48566073622051,242.67451541810564,165.9167916445889,97.52371657372994,199.55381032681936,101.7113624547284,90.65120686474545,301.72828870527945,194.73640662562033,122.97119634619361,309.5492530072258,166.1889282477442,105.76743764556502,212.63122972322103,134.8543007723263,109.0061305462725,256.40175611215346,118.43620052002396,61.46506448910859,189.30354351310078,148.83226101379915,77.75255282574487,267.76975542969353,147.4218133662681,90.2961614747846,215.72347285319748,161.72070807437657,116.8413401506964,321.88290670439227,246.55295693957794,68.1983742049684,254.47625152100971,239.6117163555178,132.26956587412684,143.08882829310974,34.41549323330853,83.28099536145417,265.66868443623713,199.28574304163598,91.06534507255517,208.47433673366882,134.3123217078294,98.10115477291936,253.91036000765826,158.9226835209787,103.18378967749145,290.5583257067951,197.33211601545466,95.14378503949868,223.48629616657576,170.54820756537595,65.27199595813438,296.89681795203535,211.42136188787515,103.48678500249167,265.0490573962253,130.71269256937595,108.44393911106617,278.5876688552948,105.96212272176267,58.18437386979192,245.8732396162946,198.63390057076978,60.02257363494123,259.77736481453957,185.26390190400596,75.80557647532962,229.9945013535817,148.9770683097913,51.61089489802655,256.91853055799214,177.88478916274588,76.1853337609289,203.4385617191254,143.38118524791628,82.97861605421652,248.44872880071722,154.10213148246405,85.20290842442341,253.03760484454057,179.47664288150423,66.8475919921361,150.55233680213288,93.52162691403568,36.55640003274418,135.90826852801186
4,2,0.0,0.0,92.45775018363159,272.58077186839074,175.7651587801278,90.53605234033772,153.28573740047725,82.80411234079446,99.03498360292298,238.01379562812926,105.65557974758354,65.7623576169,246.18693668993248,196.41861460724547,105.6895775572716,147.21447381496634,122.69332241806222,86.6645793168645,318.99785213946683,204.2038676950944,126.71710846280214,377.8929924613235,182.95489887532742,104.16498311108371,271.84623150939115,137.11083250931452,107.5789603441073,237.01179947487896,134.6440713685464,74.27647731544221,217.99766284222798,136.42512970982614,88.06270283104568,244.99774028066784,150.90629556843228,91.37355537341519,282.60067117764106,109.99997195135654,122.25150772958949,348.3161134641131,202.12844276978115,55.424530481191695,279.83927625041815,205.11715062838928,119.54237112401466,158.02855596614907,38.590025431565294,70.79062815504584,266.69231102351824,202.91349157641915,106.55818631385529,240.52987067349662,162.85360251737652,81.23266886868396,219.3595353289741,191.5224023848991,127.17297237136903,356.5526832652215,196.75254451047118,94.80633732909014,221.94939858966396,154.35536753549005,63.54357638233227,224.59501952756023,223.93421724910155,103.32743159103994,214.55232322449567,124.83252857761546,106.04217645798957,203.2132133193133,99.21601305688489,59.27518064378208,230.66605212914857,224.45719133355263,52.130084737244914,261.61226726213374,171.87632870776872,70.83915728526982,196.17331582026247,140.65036772156935,44.34284847791689,281.92176138988617,185.98171920887847,79.15182611906947,227.70352205293557,147.5422371009579,93.7363337864839,226.5807511881803,152.1141752344592,67.46905465081845,236.5333778904301,211.52062396761835,68.55620242893086,180.1114935649294,101.22239261318808,41.241101945242576,73.84743434906571
4,3,0.0,0.0,73.96044123734228,220.71357986246215,139.96956436420305,87.98802863296487,164.66824323890535,84.55470694244036,88.4538967070863,205.66068272540258,132.02847488975223,76.32179006742459,257.1157683658536,157.14092177066445,107.59619646428501,252.84390231410123,123.37907471268065,93.77936143217927,295.11749113754735,176.67660596935326,133.3331838877637,323.0644549032367,188.32813299244543,87.7134955409349,253.44386037765935,112.92705286196764,107.87988624659802,280.85942400315884,129.5361499957336,91.136405788805,241.50598517866618,129.09591874566763,113.55860750077487,260.17364926031166,162.4301867059714,88.88070567479392,233.54514698380265,110.53455633367147,88.7322543812678,349.32651310090074,222.92073953937089,69.42357254270632,301.3636072501756,220.17264139791524,116.32006598297733,192.58394080395476,28.424640357210336,82.43106536674043,296.6829295476276,164.74099915775489,96.05057284825972,243.52695770323663,138.5440089424489,79.96965921126245,270.95192751248123,141.30615837386844,118.5718171196939,270.6499934848814,169.6085381316294,86.16942877252461,234.04199648829112,172.13775765850343,65.3923665063722,266.00625636013484,200.09057827077487,88.1640325349593,221.3184162987005,119.42135302021246,99.41597018285087,242.00374166813367,123.99914520437015,60.466054412372564,256.16731407787205,222.63015907808875,51.527662086827846,250.35936552412142,177.69405315232902,65.49847583701677,234.2484509604215,198.0469004952173,56.75532401580267,299.16866709981747,201.842956829678,66.62648810845357,218.41556018029095,143.36437018049892,82.23294753612005,202.97240292975218,155.39587949686108,79.56068131520892,290.1434341977746,151.21018451245948,69.99201088445079,180.9124028669956,112.19818242708135,41.392046989180415,86.88163205835473
4,4,0.0,0.0,84.16784531611836,263.18893075897796,163.74601709229194,80.19344659736069,216.22840311317705,91.25950167837806,89.54521819160917,229.7354119357408,131.36839669070415,66.60292192720686,246.09663969544562,152.83851632840458,99.93434905093713,217.87736900775252,114.43745290093969,85.6826227928112,317.5024159992436,215.49930695219177,124.61302798696421,294.13092907068426,175.93316975195418,108.35411522397305,190.58937853512768,129.16654236497334,91.7508023051254,263.6412592382716,136.53748138840382,91.18517672942203,253.5436714609288,128.03858942923887,90.12701902996352,285.77659678845635,189.46803921150195,93.37052752142631,243.63014054417795,127.43435943241326,107.25554810204417,337.71890144778683,205.4295752279174,55.26778905918934,278.89024495534704,189.54554051637152,114.99106765357716,149.03690307054737,38.428272387545626,74.71222846698001,285.5675797134246,175.42195735046317,84.08475179966351,272.8761459460036,132.03777972184355,86.83034052564388,247.81168720684354,154.08435874111686,98.38894374344217,262.21988663393586,203.3127626668927,88.25959620909806,204.2345672418246,128.41362600714794,60.15130082162602,241.4969439855313,167.72749418081713,89.40154591978435,224.42093387919255,109.37815028891096,98.4483638252634,261.7008075162847,113.49931348132836,56.361725306324004,252.2897478647005,194.07963935342616,58.876721078943255,266.5200768436362,215.42649877588912,56.95709201858065,257.19529433856155,162.18221566434238,61.18595991558335,264.087685976584,193.71053077368745,76.43331500794928,251.7070758406121,147.9015289506418,83.07162672165974,231.30952954867396,122.5540203414821,76.25890307975125,308.40132241966546,171.29459471939234,68.4070553425075,175.66878531564723,102.32623627447211,38.37200083266125,115.90465035621953
4,5,0.0,0.0,68.7989342582742,247.7822910739859,163.89484895106136,93.15087368475373,160.01341450433517,93.63108378843265,108.22808702180794,208.47527152502616,112.97784438029582,87.337929407111,257.7684547408229,148.89583945199422,105.01725914925996,260.2519559802149,134.53654443727947,89.09987038049411,284.1094177107839,224.08669268817394,130.2124929323047,315.531648143833,237.62593224942626,102.49386334426633,242.81978065629895,133.59326422980484,97.17945320565418,177.27725233700477,112.28290166830521,80.74792665560848,222.32717521869395,145.30497041716538,110.51283416259744,250.1542952429153,146.3579706664289,95.93533132023305,215.27076191597592,160.76102008717322,111.17306402761604,303.1055422489457,227.34444475177312,68.00231211756929,301.5852584760767,189.88341330648134,121.99499884820165,151.35250881320096,35.73580167028922,82.1208889127514,214.34666485649956,148.61810076800268,98.69412402443604,218.3318594790301,140.48206567772806,85.42744333008126,233.23750854193747,164.94194965828527,108.26993175051622,314.9130089383492,181.56183654992688,85.99832888235713,247.9205302555268,177.49696594077383,56.84381674065369,292.1643924737828,227.8386754423429,107.15777307713722,288.23877897774497,135.76153942447942,100.55966075636518,233.20397729747432,123.73680019260357,63.96416401957528,266.3814945895825,165.40915086864237,59.76598544458829,212.55905795212863,166.85539289951953,62.60369309648643,199.9459206064316,188.48705761643498,50.133579343470906,278.1782403200409,179.90318383367298,69.18801534571676,248.37805146496385,140.32266450063494,96.38943665417365,239.8902612406152,135.68928953961864,75.66196820477013,281.2751671045038,198.58294894093922,69.87949229415293,163.6536988241857,87.72034461331346,46.01509653306744,113.0723776650749
4,6,0.0,0.0,83.92221397763987,211.75533335015322,129.84908859998387,82.87613353685585,178.9201269273982,96.32919644670625,92.49289389084196,224.1861486743575,132.88924849278192,65.41547881646272,208.48641436444473,179.23828776780246,118.99958477917626,245.08959541342102,113.79255280490025,101.31813582346675,309.5179239274175,208.59112978878628,125.82426253527731,317.05751927289805,167.7837536362672,87.00293412144916,214.92811835152705,131.783796132222,115.78616550505464,259.5154131319741,159.01113746371453,71.57747753445899,240.05474205271761,147.88736214096275,96.76250071633679,271.7447593270372,185.6289760324692,86.68105405665366,234.58327861134393,133.98715379114884,93.85985720534164,358.653543629531,223.9829171126036,68.5292853784926,266.41060547462064,203.8763616218739,111.8957396055057,147.13424051753708,33.72556061673983,76.553707198679,265.6551209168616,205.06547321855362,106.17409290770097,240.42556422123613,138.32104897438825,91.78365141906143,211.2993642699247,124.6149803400327,116.44160915193943,325.92478573616273,159.60851784143026,112.84589565521506,245.89794735267725,188.4374906543469,69.84008811716618,231.4258810573269,171.61366899936309,111.3445959296458,235.52903606726753,114.53944124185111,122.65478414761877,234.5619715338495,98.70657870628949,55.63573320777157,238.21004126261874,177.56264506111899,66.10452117894333,277.87125012745287,172.23153035461604,75.1995087226618,221.03790580861494,180.7522632675236,57.87789012469982,256.4020670707616,214.3860666478134,71.97003266605466,225.1368432941552,133.92106641316238,80.94134391844744,250.4413235045542,149.53287145620092,87.83875866886943,308.6600390635989,194.3937889698635,70.50245691531394,154.71966044253537,111.56346057448977,37.62301015156328,84.46076075046597
4,7,0.0,0.0,74.29626578785668,212.2845773014388,157.03483437330317,84.63948729392007,162.38404590720447,82.1642083343161,104.6789240787391,231.76611687177706,97.52772739964686,66.46120034921908,227.42159614015745,169.97976809329518,105.30816947090864,255.21999782742324,140.87102959112624,110.03833063508932,319.9445805229853,160.05611166863227,122.13743152107513,281.241061108967,176.07623915336353,101.09785553638085,249.200089552176,117.75178321463025,129.39988240280013,245.349952193407,140.7659011721526,93.47113873297474,238.86462888343664,150.47917754797075,102.74785763480067,236.25161669897358,165.43081405332714,85.5116063837837,269.2003747194513,147.66126829890348,110.15066804860899,295.087509693243,232.57330072705207,73.64147442751904,238.46202052763255,198.94030261334578,128.48290773011854,174.04554627072622,42.082900678335164,81.69888442173006,362.8414039917555,230.62952862196906,96.17481352628609,226.15186331710652,105.66220752331213,76.9388782816057,266.17450496761785,178.25085905037645,118.20267211652394,266.4325246586138,153.67308290220623,95.61141656366368,264.0080075742292,148.4618350696067,71.01733953972663,270.522208724923,186.9040608740442,93.74106322333486,255.71816850367748,104.53954642115903,112.78286778608,245.98743948611298,111.6210211547548,60.66688934389923,274.62825532877673,195.65463539195397,61.374822007153924,303.00305869093324,183.06351384000604,65.71011952107322,227.48426034184047,186.06252684468467,59.6488133532459,251.38704452831308,216.9369603063118,71.84455660691084,232.85739223855165,160.7165504785918,84.58117400123855,220.80224222425525,143.11327585078098,82.50097468890192,289.271979638002,166.32758472006802,73.15062110241678,152.1395663287332,102.24018112538455,35.28120634590907,94.72123834471871
4,8,0.0,0.0,86.97200558233736,194.40827256964778,146.8155430989853,97.13418440145563,163.4078916080579,78.9947306876409,108.05423133344375,243.038327578139,136.2342920053468,66.16356961415602,220.39388683604932,145.37311748252537,106.44171909516346,232.9399990253387,128.42091375945117,77.72972477544894,296.6685257151336,193.17800282293263,132.94400500871185,272.60033170868,166.6168543513919,106.06568997924572,224.44775179677112,114.70078489899159,124.8734656475889,201.27617844086143,136.08938705691335,78.7970906492938,188.18871268533042,141.82122548800652,103.38583643108933,265.66627958867076,122.06698658859784,95.65643066713172,251.2746530846435,119.51520498413687,97.75043881156071,264.8666369358357,226.57955753541222,61.39825567657149,244.2216332952903,201.74732571869998,115.129475473531,170.99144083628133,29.3123441487011,84.03777770967919,290.3357050609715,214.93184117068571,99.70771479758658,182.457568108959,143.88157690258464,67.87851183463198,277.24607396165123,164.24745759325347,120.11587044348923,267.28164795175405,197.08229737101422,75.77087746361182,270.30010828355705,187.73573307018773,71.75758074354113,240.86476710879367,206.0362604196014,99.42538898971388,245.57658185301702,135.81675377203868,112.85120420963112,214.93420592040587,113.33830230281083,52.671738873542026,245.92281799040035,172.3252173612389,61.32301722178566,237.26639945968643,179.47255200670696,71.79592343668445,214.08890196219883,187.01390760194766,48.086061216041465,272.0398824826148,232.71126610942076,75.45198051900418,212.02099248250227,139.53813058536798,87.05314871720586,198.4549349078032,135.6998696751607,80.41706036011162,287.25243056182285,193.86706409353388,75.92499214154255,148.5661261607264,92.88355904530151,41.609771872970384,69.71113829084068
4,9,0.0,0.0,90.28660567660597,231.41398508203787,171.74219726874708,86.0863168312413,151.52483275895037,91.23980259637142,98.6302736040565,212.2081773651659,128.15323872199045,73.38431753869817,249.63487049405012,156.19563717684753,98.28426589741152,209.3171940527401,138.38895620333687,102.4610971547547,271.2272496382338,252.46275283099692,134.3975795807069,276.4306177083933,159.28251948785936,121.25078368692299,192.70780529870004,119.6728004851734,117.49832058886815,239.34780181666233,115.4812406727303,74.97279242180878,249.25914449276303,168.945631769236,101.05254911047213,257.6601877433555,147.81110340300287,117.31829646702433,232.99328296964413,160.45409680210437,103.10728641337377,326.70297981521736,186.0457038642811,68.94132557659832,293.5866099100915,209.12751515688262,132.97205711663003,169.47516266431947,42.86330888520781,77.7894809884536,307.48990524723706,211.798391706464,97.58553025218998,222.3759507219196,126.98714607211151,79.99400018839636,311.20768649074574,157.6364869821979,106.88055865993817,260.05915519590457,151.97561631740513,75.66393699627449,263.2262897645195,196.3799312003394,57.74328267315609,261.38394065938684,210.23969911232516,92.7517430078891,215.4171076913372,130.78100058617892,102.17532132087175,224.54106156573377,109.79083115195374,61.544943469625714,263.56085830391487,189.88109215317724,59.183569608056864,291.3950328652179,214.058245440669,63.41098474485716,209.2187536021418,173.66607047776628,53.5271895010053,236.653747327575,169.61673693354248,73.01311399914208,201.67292236550176,124.40067285385676,64.34619948529641,231.62273380968472,153.39652003224631,74.97930731378638,278.8607100305005,156.66939982269082,71.09084894542826,176.2137807045235,106.36699566180705,42.39393280080823,75.18570620427681
4,10,0.0,0.0,87.71049184155969,236.52826068603,158.58652810897408,86.95978186635634,156.8411695408058,87.25195795488591,96.00100837460914,221.272792263377,111.19460493728006,69.14516351971304,240.94924378716206,176.64998532249712,116.39272739963447,272.4481815415108,120.91092949300759,98.31444146928362,306.7848369800836,240.80620323960656,139.74086733111153,308.5541265861049,199.37670088658106,124.59273554642301,185.93736411359552,124.22220381737117,137.39064458259122,255.7854375341061,125.71389883263113,84.06514891581413,214.63098354367156,170.23415270075765,114.9376194370366,249.55962919248753,183.05807347952768,89.70075048626742,215.54931878812081,135.91075130330213,109.59520676635104,343.4166411165169,197.0055201353657,72.6128316421651,275.20479411439595,196.75312606000045,147.16494305316638,149.67888307188176,36.39831000271315,73.61958542597912,227.43610273700696,212.34311909908925,113.89554123402148,225.1876786796023,148.55068843395588,83.90148115370785,222.25837076820847,157.20629827451913,104.50679909921638,315.1578989841953,158.35350760422756,113.25861470998083,274.07797469075814,175.78914197283456,62.477348458127096,214.28344602341284,202.2416587951898,99.5054271817771,213.72180521474988,130.69863709378146,110.23705619258138,220.23331519981892,115.8732103713322,58.59499440748606,256.5392915872264,180.82388982296445,65.6863699181529,281.2057395242704,231.18052610137556,62.71917949693337,219.94563763287027,173.3142333731554,63.43373897589388,233.03576659185808,218.71772340637654,69.91466701897093,204.02424956247938,147.66069538533017,85.95170742698228,198.7477083196521,171.5067683125086,72.60648388600863,268.12488590120194,160.37576446371858,67.27950395012213,171.18964891598932,96.01883787465636,47.56209154315,86.64725278585155
5,1,0.0,0.0,140.39114928896356,253.87413509319606,100.64912030937182,65.0724259555191,204.33069845518054,93.46513608920297,66.61858499553135,256.41718982028135,97.4669911159148,125.58514514466187,128.5833325461522,22.501723368145342,91.16490901203686,213.66045220386968,108.11795982065303,116.55374742355329,198.07143027454043,79.43912103647841,110.72259255241664,194.56555690716522,97.5241335769796,70.47614313061487,190.85664295384495,135.04850672626657,110.12221876099309,223.16733118036555,78.39594642369194,80.1386508380661,324.51406740368793,233.14565591894967,104.80113933122774,212.47397344715802,128.80806218363267,127.89013541914986,160.64974671206713,17.717429271464084,44.973307087210415,228.26844910886615,165.60441531558888,54.97148624740665,186.88002253643862,194.42820039679506,164.14716730392752,171.63802688869254,51.31004726178209,70.83594880890203,180.41815337799272,63.15272235844722,159.61309027412065,208.26244621013984,56.52287005200341,76.74057703370404,239.5592718380795,112.60261894915892,106.84990241845915,201.1711735895908,96.19603225591344,79.6988909143202,285.7490273160541,198.24220409717108,101.07997023757657,251.99774243393986,117.84468186504448,73.30638232830931,129.95946264023803,90.33886176105533,64.0238402451663,283.21887559540426,172.0832057239847,100.12475537645014,159.58088903960055,92.20228755196366,106.18853541726773,163.21327253006044,58.14016866952316,90.36567708009692,156.14498325422252,70.94133289717388,100.27975478029565,203.10216978861726,81.49968505254704,75.0968680309009,188.03269886975443,110.2232859557998,109.98645506092106,187.23203874944937,143.17780910047955,60.99900065328321,223.32707777709675,176.57723701542645,97.86731147803836,197.32189872411507,132.35987954109683,99.66129038384918,94.7424439643066
5,2,0.0,0.0,129.490832300327,217.45274434699522,114.35917885121216,60.1621732340824,185.1847250024948,91.81887821734524,82.56044453242026,226.45021201272175,123.9408067986496,113.56350231692146,136.65913513242594,25.560512403112245,84.42113118484376,169.65400414765853,99.91731371018619,122.20292953413609,177.46224900171705,69.31366310608279,137.63810632509103,193.58140448273016,89.1865615939522,74.41112931174716,215.028400766117,130.22731095666686,90.27317597275363,149.3064891396304,68.8794791304471,84.54207430454872,273.71153190348906,214.67239547988072,126.01079077906107,235.5034734123094,113.59876893494086,124.04219546966867,154.86734328397765,15.99199330443156,49.72964707170137,196.774899337587,171.29697378276697,49.48822674180727,333.3285776365314,220.18132207801193,119.57276432293433,218.197569741355,41.846235074975084,74.84616833750438,156.43092887847953,72.80022299285847,150.8550073681243,168.4428018105674,46.46402178226887,90.4041016675937,223.48338862684477,141.4082457619159,99.80967896106984,173.0263426964136,65.83915077470586,93.06657731450875,255.48968940485184,154.51912581605578,102.39025781431219,238.17027137643052,111.23946743901492,71.75607455582885,161.39755801152296,72.43987154173445,68.01472269711286,270.3490929792614,181.87734219077677,94.45583916061209,173.14847465305746,101.64512472533883,131.29320747758916,167.92732575466732,89.40014780300704,97.7381543640282,174.66512602823013,72.60315758293285,135.03043028195344,238.65574636281488,106.13397450734814,96.31875785978262,150.55958550801347,131.3169953861535,87.48382393340475,294.4354955484045,97.99745134660509,56.6549969146163,230.38428201368018,154.79692931749753,112.75978540649174,231.5433830992019,169.045424169719,97.92175645686339,94.76706568939919
5,3,0.0,0.0,102.28565600791175,212.75776273915193,110.42648218736375,65.68694550455513,187.71443685722377,84.94524969447104,80.30291767267546,236.9581949661046,169.27354348028362,120.1113787262534,128.70868688884698,27.2034933261488,87.42224977739377,195.5233788909471,93.13476617708208,97.26104263169721,142.6057832279296,104.252874909235,116.97045650000884,187.60965003827383,98.41596240971872,67.31133810174722,190.36573457187166,105.21701508327752,107.56343485374406,194.82809477485824,69.77750187095705,99.02762457519826,303.6608894702979,196.97175695626134,91.0899111274136,241.63029369043733,103.03429817111821,151.20073344812874,175.61236965102853,31.868247605809913,42.1462255195756,285.12749527871495,185.09123509003072,55.07234475776144,259.2379457211782,291.71445800660763,136.8294808809672,216.928875650343,40.52143765129512,68.87239951939691,151.0027398245114,87.38304189307922,192.1532777367501,179.95643548613077,34.96335476786345,84.69465365657868,204.73396481550526,121.1198507713737,109.30352372896297,148.33890613623376,104.96315585788649,90.24191799471498,235.11213426749939,176.53278593768604,130.098950536624,222.25213873005404,115.85531994353647,66.22548897530086,155.31899815203943,119.0020567985037,69.99495323911547,270.551503541918,178.70914166908392,83.88298011204506,177.75830903003586,100.58554342835885,95.66391830040544,178.03690998851866,67.97834709767642,124.62945071602097,137.29557601418978,59.555472412195435,120.89877398562906,267.5715718547188,113.25270490735647,80.76873891549137,230.50766847884512,105.40303176613295,129.60835456757425,222.18038753192567,123.02487048196895,50.863413909580714,271.3330531976534,131.11031916448508,95.32487301193741,177.13472611231032,130.31817918585054,80.3950124173029,138.90424152749722
5,4,0.0,0.0,119.68698559467661,222.5544446998466,84.42716125770502,54.55309850202721,167.69729876615057,104.19950647200652,86.67010464561731,189.63331753699623,137.47155690602037,108.13175258346244,125.05827541123031,26.155595855702163,87.14815324676975,186.4881096494928,103.8684328374265,108.62135304523031,184.2989931838959,85.27394027917434,78.51298490901485,209.806471593463,95.94930199412984,82.00535112658467,170.6946754192118,101.77744957059072,100.00307965825807,152.80767114258964,101.51459161303195,89.523595773971,277.6562480681626,212.82126539962218,136.13959994795158,236.75085660659693,114.02370648072744,105.13813535588991,172.4856648524151,19.4978923882757,48.42017939988069,274.6067087830562,190.21974142323853,56.217537347814385,267.703688739513,197.75125319824758,173.74659872457406,209.04875366913933,36.45176121946494,50.04841551763832,162.19657233445562,78.09492389932942,145.50258133675518,204.36599949895236,46.0214070171179,97.32948621846036,236.9642519151855,99.30682705118501,91.87248561648295,122.34405743173593,117.78060166852586,78.7557295709284,228.11460310472683,164.20090658445963,105.81537759558842,234.4446655110899,116.61158766538287,63.44111172056453,175.45926825506155,81.92507767344796,72.66456510993343,265.7227140359237,199.20192695631278,88.79320223476915,172.27686045605438,77.03451153349953,101.02943755591208,177.65402531146907,81.1231123545042,133.56495449558497,158.50961925345902,63.947396813810826,138.62620197231738,191.2194638072114,98.835725316025,93.45630437007132,219.8159528550362,108.06724290641272,92.36541609667131,261.3028225780731,108.73762227654476,57.59184520401605,227.0231719936796,162.88267316658806,91.51751290183881,199.48113029575362,153.3688473788326,87.0342332293034,99.28457364770503
5,5,0.0,0.0,97.28241739002351,217.1051721117436,85.59925424453293,82.01598514569388,180.95868370668504,94.41213850213474,76.83122601855288,175.72806634769688,146.0575177102901,106.22452480239507,107.36483425402403,25.350947331048225,87.2257318582548,221.33188486399092,98.66197850420036,105.46265558798024,224.9136006482617,91.49606213385,107.422442110335,159.45899045945248,92.31613472001021,81.80550533174112,215.4875438342033,96.7512538248407,100.96220369501155,212.13814388922748,83.78180507210047,98.32927674572586,271.0323613161133,175.5590107412561,142.93280907161926,259.61342345549934,122.00686280097445,114.81885649823023,145.16679668648362,20.824639021330118,52.43840444367287,195.8834929632939,207.5916447063973,48.14820322398882,267.4347283931974,186.21846316495828,159.29156869218286,236.881462596941,36.66186819815846,86.16339735607382,151.24321445514823,62.33375581167424,132.78862578057397,182.0343288985092,35.917812233015944,85.49247550315525,196.54374588497632,129.1821817299397,73.26648821814948,216.24235457971068,77.03017847438512,73.61803463234327,193.8141213498982,150.18831303212733,122.1504320130565,219.069849384438,115.65243070351238,76.23120597357827,161.55056605058158,94.67781177901409,60.55302465630822,263.72051739609594,189.73864383408747,78.88948394768013,184.69034201878884,97.29119863627615,75.92884150817224,197.27192229708854,94.04137457572433,118.20458905684559,203.06488629215553,69.3155304616822,90.48745046861566,188.70516158749717,82.5496015846125,89.13068109088749,198.65449248105912,88.00848945289023,120.03167708476327,207.15367645191532,113.38167608939649,42.256246188178544,276.4192002390769,138.61724529962925,92.16466810451743,268.18319810486037,156.68273162913647,82.9290392746209,130.61179455991356
5,6,0.0,0.0,110.20935897165228,262.70897416779235,94.54722801164748,67.27559023686264,188.16854098202947,90.47763571777487,72.03075084827677,226.89295002033668,118.78724294591993,121.02698323538219,110.09223875984651,26.613417954066254,71.94299012047675,167.32780058750146,94.8128280206815,90.25903834642057,207.63143504915834,86.5057345702876,111.64505179826195,200.14889673645143,69.99822497304608,77.04108001847644,213.35016538570983,90.47196075971496,108.94804362693037,204.58126128416558,100.3235491672235,81.6259044584903,269.4062980991569,176.51346601463254,115.57005969543152,244.04024073205562,137.41295156938546,126.85892648241833,152.8519585851626,14.164525568020142,66.24012128083005,241.7229891792386,218.67044866779284,46.40837446021448,281.23251002228216,212.63138344848397,171.94713839076863,161.99934340647013,44.2435898127636,87.11273282168854,144.2070669510335,78.34893726551394,140.6209333236845,222.37876946328825,46.425070593819854,82.3018520538862,159.00744703247506,116.61290782930419,74.82778388873626,192.3725722534617,80.92884737468323,75.86620438157246,246.42681315032974,114.06224552322175,100.8079204459329,247.1682441979739,81.70066177590452,75.48400945026788,176.55681723059575,70.46083936110917,75.57631806406785,293.24828538777444,235.51657711056515,70.27041640080827,208.10760338939693,97.79999170082651,90.37759162718069,182.04207322143398,76.46194540392733,132.82910318003013,168.46864508086557,71.0326595612052,96.2816601785905,215.05121539489693,114.5451290688648,86.2473493035204,198.23099056493373,92.93975382893306,94.27469150678151,285.4393943720703,114.14083957817375,53.75976737463071,256.68983333316555,169.06071603424488,93.98903795126422,229.19910413615142,113.68648815155765,106.67729197901052,96.0100487232954
5,7,0.0,0.0,102.7677511878965,216.30381938482688,93.00483454895576,60.70851805039744,228.47690910803774,85.87542967110019,78.98028066769443,148.40340136712507,167.1149483238811,123.04130647144089,167.08922758133627,21.825947102881806,85.43810525459425,176.58670537384427,87.54229521757385,97.36485147750392,177.25669225301337,74.97060540823429,96.72376887681537,165.09414360057184,65.33271540744934,67.14177548183186,185.51521624349297,114.03450398077335,130.10562048720413,172.74058631082121,64.82579352372768,95.4625752619528,279.09028015369006,143.18674666871243,115.26872248473057,232.26575602121898,96.63535433841352,141.17397822049446,120.89519119889562,30.55231439581317,68.44935766189407,204.44358066438122,190.62685317435802,46.993476253629076,261.16443235852597,262.3452795951767,179.50526064066958,194.8242596718175,42.18052017606084,63.98987083346264,162.5530023158981,76.81865151492921,167.84473538754233,169.10506842203114,45.47758543593088,70.80272798124493,268.14466837080926,75.66076462333194,77.94665390807981,212.6134407343363,86.708102625577,95.23418398574556,218.64506369835968,120.34489594372832,97.77246208505714,241.06560886171715,120.55837261118367,81.02800419948159,137.26119068406075,88.6613791250647,65.25234702903232,295.28239030319395,142.5523446663355,83.84737473321105,182.05462822700622,79.21513915117342,106.40251996210898,195.2560529768204,59.48161795216927,128.49082645951924,161.81430904406338,73.10352478515601,147.84160925554366,241.25741875043968,104.39164991250942,90.35011675806972,131.52996271340612,136.5479835743774,120.20354097355597,163.4445444123437,143.37858640676933,55.85494170987435,212.23931333612728,135.99181920054644,100.79736138896915,272.24767973125716,151.92470245652873,113.79894527953705,131.622809464027
5,8,0.0,0.0,126.56126846473353,171.82968360811196,106.10082687553036,72.5200153923702,198.64110453699365,140.8024733502041,84.33291993371824,203.0511905755646,97.59092011497384,129.4909810829301,147.22914179009416,24.730121470937263,84.84526947313972,206.8234173804241,75.08454361719303,85.39604114415354,152.56233170416044,62.06222055588296,108.86228947377671,203.01947854294642,86.28424267400707,79.59799137646537,196.4661420411653,158.68496288376042,98.76563621337588,188.87634753250944,86.3990204504333,90.75350021494621,216.7731530847525,157.11424288812947,114.10368170984454,240.42221516016292,114.31612427866618,124.71456032627397,104.8493233669153,24.584406866695478,62.32240376568817,286.661452504547,226.7445534709493,41.53579486744402,270.1783800886432,187.34481891378312,132.88997595285102,181.5448659456062,33.79405427084324,79.36534701633154,144.41868323300912,71.20085438439189,175.2405045747765,193.79880025627847,38.2016089543644,96.14525434635243,210.58134442058915,144.74558874674852,87.82821412664293,155.3562316911179,83.82572436117283,79.2557369583961,239.92571445071476,148.10594189122517,94.776408256178,258.9421102038289,98.97883393081455,70.19516292318451,125.15570625928824,88.5601882287853,67.58157402230238,321.9347289321884,176.67789051758604,98.82780363380795,151.936939952334,83.69959303396729,109.82503085065065,206.3615041855968,68.02097852991542,121.95882596460451,168.50833327611485,66.29766523403865,116.70965924962518,182.88664114598222,108.96106429632232,77.1794414620248,218.32361688717958,100.27475872287735,92.71381024842609,251.71040263664122,110.78473868044064,55.07510405436987,240.81377665695692,169.02699851488245,75.61370335715846,188.92075041439153,101.73483795423401,85.77590270073877,131.83281777772524
5,9,0.0,0.0,136.1376422486259,224.96472368659346,82.18967243943587,63.99159278164117,145.6432345371887,96.34122082358745,75.23182540379652,220.83042265032117,138.78517089354932,122.7761559154998,162.56719759933847,26.012531034605615,91.50499773360686,194.0745462424662,110.33029243086553,126.71605282947718,190.61697177578398,81.04912021672628,126.0505447360026,194.61217191005798,71.41923918894022,82.95866248354963,234.83995353004133,146.60682483628517,80.04427357019314,185.75128026093245,96.13673609331681,88.90237588889491,243.4497952143988,201.90129359255587,143.01782522664058,225.377057191872,134.2244113387612,135.87942692292287,145.83224403785266,29.954426847501168,41.168251892504756,212.16614256252456,193.71838565943216,45.361748212668275,271.587975082848,256.6565599569389,142.55872942343805,164.67866674457042,46.318594566681774,88.5356121663793,177.61816103652558,73.34395348238294,139.8386197309724,240.5771771483565,39.68282128242218,98.42122309177363,192.23629650683364,129.52094721165003,106.30985342481992,182.44131368469652,88.84229058271528,89.27472667491948,227.7088498716579,153.6897929362218,92.93108339409001,237.26415827573672,114.77149663072849,76.1067905662935,120.58389481947079,94.58172816278059,61.51518873411842,282.70562226834636,208.1542888494101,72.62023488177154,165.16294902895405,118.01507032365006,107.27155902578644,170.30656704809795,87.06090669578748,126.51802469496529,190.34909883336982,76.92433093820297,119.509129240343,180.98483351362557,124.03143429620806,76.12691088205054,183.42793533195115,101.40468930868312,89.64772658072914,271.43590420478955,167.2224575624995,50.94661534821525,199.02462384893437,187.48768028324452,94.185083651008,200.2247485368775,150.91427569002053,82.75012863580525,60.72268178956642
5,10,0.0,0.0,88.53208191448864,203.35318453930483,69.96771488850939,73.47153062185248,173.6318778862298,102.94006664639836,74.97500169169855,221.21081711745967,127.94089876149756,112.16397989946502,109.71788109243145,13.355486962121386,104.60524561237828,196.86545505892843,103.0479165637445,109.00733949351654,202.86015705779383,86.45177757930925,121.5826091851836,191.45042332946147,80.44481153179771,67.95487851152447,199.74523467146517,103.88851077708856,93.32499331191285,200.8995954693919,78.40554162624471,73.20278542473832,314.8831630712644,189.9709248444252,114.34447218874885,208.11843755835608,100.98862434015885,137.0593983046906,164.4047067928003,22.08891785174761,56.007165120091464,212.020249201894,164.60950134489033,52.442583480615575,329.9447671677384,205.73122697957578,146.46984286534288,208.08862267307958,39.05618445226718,76.46915722038851,184.89494631516277,53.01976326095654,151.78762508554837,205.98452127653914,46.80634854568028,90.94166081639678,220.91112150945327,109.46374952516783,96.39944701058683,156.57907707492362,100.64212018518685,92.96086228970823,206.42304271473492,121.62881292766681,102.20065331161324,210.75227236054482,119.90026554894062,70.75759374626986,170.62822190173446,90.24011402268282,72.92745144694649,243.91657017133892,168.4670415167088,87.15417536003872,157.82166880175208,83.49308664123393,104.13116482788902,174.48561435217522,74.94787252959179,121.26324843255412,149.06120021799188,75.88188658204864,91.38598018949448,219.47760738902156,111.35922208095121,75.13734933948373,155.59348143167801,129.65663239823175,118.53342519572965,275.52355813845213,139.99208608916598,51.36695613740936,265.5595327725617,163.5919235993497,102.37474582962271,236.76522694567498,126.50384751198206,72.58117491502102,97.04368690334287
6,1,0.0,0.0,79.07684553376829,272.1462792718535,183.60431513173583,56.98432406160559,233.60761540632743,163.41452166446467,93.8010596417177,172.05314919215647,75.02925542840907,68.55640598073565,318.2244048206242,163.93120853816274,50.45743282231969,205.44428018869428,225.8560910395081,104.8321971163814,187.81202981000035,92.11940962763929,127.15247068020331,220.55083237574053,108.75981187166155,123.54261044457617,185.07146113737167,62.43102259095413,102.42391094335264,220.67786402264787,177.3803611582716,48.76562737131711,154.09548942446432,158.74976932710462,81.91745406863683,239.55462763485758,109.95251416699482,144.75598643851714,195.85501091530193,93.39114948183733,93.65583825076548,324.6492289111526,143.31326678411807,82.13745627676789,233.76602314323753,154.66930492859186,130.34704336118463,187.12580288715864,138.23849330849134,141.38098558353892,183.62831674789032,93.46811029257182,74.6828485330684,131.73214883801728,56.61750131716355,89.48400455535953,250.8840829440471,152.6348448328807,46.275562686164164,280.63375938706133,249.40955672200195,93.7822668742353,150.37923563952518,65.55521995903925,72.14323398110153,249.38992796781795,173.16739585735857,91.38432363208342,178.8237327469319,129.77708164678236,58.24584485519552,208.92498952776498,108.88827912206642,110.92627859481013,208.4398293116443,177.65329255762651,119.39874831413935,188.8960086748714,63.393911393137756,41.349521604482604,286.70619402406953,203.6223071757212,129.0262925408307,263.1878371986901,108.415703395976,70.15624645444768,188.53493650111642,107.37055521487528,105.7341899442074,189.4857426182157,100.14874721065269,55.06085078561842,223.07627194144388,125.00423351935851,87.75785190390204,180.1634031849355,69.28631691338097,79.53529431819489,116.95558293384131
6,2,0.0,0.0,98.96953403960248,277.4046920841147,156.16249306352327,78.4183945121706,195.2986506405819,193.3969580018706,110.29737746076805,169.73691970379758,87.10332354553972,79.6649270690159,279.34335675367896,154.69064410712625,45.607804039945805,257.67493076355476,209.36041736209665,94.58676137767432,177.5144275775486,134.41057934084108,76.6590524928501,174.87498900375886,121.84866145590021,114.97609437395418,149.53474104742776,68.32159855070947,102.49042066015055,192.83098648458622,164.2699633444604,53.61027592742958,201.2874030852112,148.59977403664686,80.47002554544265,247.1097916011381,142.36377661145053,132.0614990086284,201.69425463851016,103.63903424322217,66.76234364476241,269.5713000367331,148.64686330922677,84.19250929309034,274.0062742310792,193.63959738634648,102.33251613392257,195.89195174241016,151.81746971608382,146.7873524673376,265.3626428917864,94.53614541313416,77.59151781561539,116.26978350503646,53.152280004588114,109.07637760074341,266.3719115595293,149.15306656944207,35.71525378601275,244.28458972898585,202.21422447052504,93.53976336863991,179.67272607234824,94.14432904660316,69.77638606139287,271.0420123957213,188.25694438935375,84.06432027634607,173.95595726439663,145.46163822134204,37.73546248821553,156.5935414510243,115.48675139313725,108.65050690583284,213.73059197375338,107.11874989366409,179.7041938655222,222.50467950002738,58.55903477992324,50.466369756231316,204.27973428244732,170.82821484958063,105.25847296231537,145.48039669662,139.90186717184963,67.08325647938516,164.1998668946196,124.188387895119,118.91627667775586,168.6435022754778,81.2540614023556,44.48954369129241,223.24603511345327,175.8381462124097,118.86488755543111,188.32057264738293,97.25050684457115,117.86426310081318,130.55290437004047
6,3,0.0,0.0,104.67897412122909,213.37901553818205,182.49812545806333,79.00059955239286,242.8430559702408,193.98156875587614,87.44995066792333,185.02831025225944,77.57495400500035,107.83867330786197,245.33180873103754,186.38580931914177,41.24530045976918,209.85379228368515,222.39454273781016,123.73591460537449,173.7892822276726,140.20272303960286,82.71318145359444,173.10300534126677,103.14204101193278,139.73929905668288,174.5749788923835,80.49189219861165,121.1267989477375,254.18360632930748,130.6392450439886,38.65185539448621,160.54765938626073,127.65054267036237,87.39947032907946,201.82971981993197,120.16597487284807,129.4887435620067,164.84514312207432,72.8516169347159,81.94512889640274,210.10796021602357,171.3411204530117,101.02872550057333,206.27386841442927,160.6505463205181,112.62243817156018,142.55368418244387,147.14766283687908,117.50514631234363,209.16917733503973,77.16044712763556,76.07846751966417,106.19624702080183,50.64121093728388,145.77036076753137,327.2483340733779,137.50124046146686,44.38913468733381,239.05712001215295,196.0717241369694,109.07180537057052,187.57133885970842,99.26329634697622,101.6232850595184,213.01498001010776,138.48973873792085,107.29753193879446,226.84570703905422,131.23335896921105,79.43381742826227,261.67624966504644,120.39110735323392,93.63488960813467,281.42498695951093,171.66617575150931,124.85231975903022,204.59326720490202,84.91300800864643,52.68105726514623,226.08507503253088,152.91986070551644,99.26770174735974,209.13010720584012,121.60254151429228,74.40083724862099,227.81782106048288,114.0033733757673,111.71201812781479,198.04162130718348,97.35437839327756,58.351507002088354,188.00092286498443,117.34925485685152,76.3206714590018,158.90552149663145,93.39855688807533,108.13915835840955,97.39792780865304
6,4,0.0,0.0,79.79245505573132,236.46016471391556,114.18296956201735,76.64233906623919,250.69928783125897,153.70752818506762,126.01606752731995,187.0457774703584,73.21886094293465,62.79509462752026,194.72055850757107,162.43344469324254,38.636416920590236,245.13250988606197,187.8830429312761,118.01953093078517,229.97157320220472,150.4212057291183,79.22800334674926,216.47826476118607,121.85352232365892,83.10709477174699,168.0000819413764,74.79929535402599,74.67872897657898,306.9567205950457,193.28299600844798,46.36888748697453,193.2927532563058,137.47675544232382,74.60928259359896,221.19596343597405,119.9532021521637,138.03167130698088,209.02900135804177,67.23213677550044,112.37538781980734,237.30802077679945,148.99088030651322,112.4681515589579,276.5494535437162,190.82324289331254,78.3526896477496,239.81341755185926,127.32519084603095,131.79912491229385,243.31685761949504,96.89589816661399,63.17725306031568,127.84997791829694,46.70682948188254,131.47527030910388,319.9567383764348,132.72209853062213,40.70275602041522,344.32481465458864,186.28100266588456,87.34854634433736,198.75203418345833,79.84901286124817,96.29635983960009,239.58493056284425,161.03834813869582,109.44830305647996,248.46997639124902,99.16007600104268,87.34989195308141,187.84632760421752,104.27282322154653,95.57328137861691,240.55410971380113,198.43616825132662,163.69001631425718,174.05677713282887,94.88026922810715,59.34180246788806,215.96818650107582,192.41404312142146,116.49310235788593,228.8221844634096,120.80195140212378,75.76881325420537,134.567122916808,79.59819316313323,84.22423260729144,125.73985668559112,112.17514047413798,57.78939777823189,207.66866410099746,137.8212348592662,114.7361670548856,176.76009258300834,109.58796441108183,150.1886570930462,112.27583966669843
6,5,0.0,0.0,131.42050807969005,214.6479443749522,162.13203253947626,66.94619557596994,310.3632426662599,156.81496360558754,102.43501433925748,129.12802608043035,69.40573824044512,68.02231730496061,268.2612686646329,172.8937953102527,37.68827114256529,247.0520124739831,208.0533256801521,119.43847311656458,205.7766437803545,140.026952339964,72.48086634149261,142.85429902579614,117.87196516846316,154.83967358602698,177.6863969123476,74.58952775809658,92.6429330536175,191.7442277647262,146.64515530308142,42.820237111039056,170.70165752783316,69.65793212830837,86.8178275834174,232.69972551781814,105.98121642880943,117.7178462679087,277.0332448401782,91.64175194441958,131.0135940297768,262.29696744556884,140.6561258653192,74.55552596362656,337.0173060238769,156.39222005983223,104.55917235038521,149.5447136098481,138.19899782504157,103.9168587305933,199.52667244915733,94.57787586996753,56.05705870723965,122.4506293964862,39.101674689651134,107.3953253861735,336.0622694631904,168.75742995600405,32.2164909540391,295.2719663703017,212.4650164148353,102.06885016492605,185.5362307098996,85.44816064517306,86.48879220838222,209.60153441937655,127.23201008316052,108.49184462065351,210.8960536075519,108.10009903516821,79.5877930660231,219.11094838205753,129.26205797026793,86.3608396415411,293.5273275078997,186.4009342765218,157.68942987483294,278.1721683225218,65.04196477227228,53.48639355326688,204.5874836672476,157.13977394836195,78.27065058768973,242.4953990940083,136.25386552828434,85.65431878450508,162.3960121309356,66.4678213578353,83.73292401139973,223.89033670888105,102.9108026052773,66.24909995668375,198.80847848426035,212.458477841744,109.23415116111869,162.62678467203807,63.99212751958679,101.63652981101261,81.28846965004252
6,6,0.0,0.0,80.567386491711,328.8003755853044,179.03611456500977,40.32450638102661,244.18050958628277,166.88753578552368,104.20887656674866,143.9583209816965,95.30973640529606,78.90145311174689,278.8337699093464,171.67739964127423,38.99875364535926,308.08466375597453,258.1515273328872,104.40252094495702,258.74150207656027,115.16202499821631,111.23094073887944,167.22220870756314,134.00753290050827,146.06073573208022,183.2690278552852,50.94479469094401,84.89214725082363,245.3793599102288,150.31625974766845,28.869718056018883,203.7177142032989,131.26544754107437,92.60018866315632,219.73699946486866,153.59198316366133,182.17662587642863,249.37715192057274,121.77270225910064,89.66454826117682,210.40469627047548,103.2939665340077,93.0748684011985,236.61750060272405,179.53132162468913,110.45890747319758,234.3676039203303,127.39273199367986,123.85781530675315,211.94661369387052,106.73892253967622,49.87224316377633,131.98994815579022,44.742331759752915,93.06716376870942,276.3667123736124,134.33092289749152,57.990289403637966,243.88184814521273,168.61702205204793,95.09089977919118,142.26867244298188,82.80442337173861,74.40136935212406,234.5145339904421,151.56656314319795,100.00681813618377,267.1687659206205,135.8608518313991,61.25534900314938,206.77195737769,103.91044054534248,83.48709831708159,225.91138511707834,204.09640789991937,143.73347747940073,181.93238235178268,113.52338744218477,58.24234033146741,210.1773558841323,156.4547597128615,112.92299681507072,227.5924456173862,120.71975219009295,94.57998490006884,150.01276439174407,79.69278699503022,92.36362990599267,164.02842604038074,64.6061856956562,61.904829197138596,261.837574893574,148.67113324464438,97.71473790504862,206.39631743131383,69.44432001016096,131.4373206541689,97.65387195851535
6,7,0.0,0.0,107.31935611944046,319.6436227522452,96.14277559991245,55.805622012686236,218.286009923799,171.71802770353455,108.53755555423336,183.49007506739088,71.35764944521712,78.96364518380187,226.16691295573375,191.67393311082398,43.36689050237156,279.7418719049019,187.67277943051238,107.98898921122641,307.23201981514177,131.61807451257184,99.67830995043715,222.95124873533896,78.37043160164501,90.45552466467441,173.7083342129077,77.11262456557769,93.06406173409295,270.86522757951263,142.9388820338726,43.1680604034218,225.6463245122447,150.0808837665001,70.37366882426294,222.72915546901262,128.7783813429911,131.64713803266466,263.42346942690057,106.44119096125267,81.43306911517024,230.88546040816712,138.7134920990001,91.98374605791774,272.11867386389235,160.52206583139534,116.21013179093492,196.41196508658822,112.87568527085966,126.75648987946794,244.96493876364508,57.93738488596527,64.24392921891055,136.8292972821418,50.249507000424316,115.73334495390795,358.82983993711196,205.6022344761871,46.764922881964466,238.30437375167187,183.63325559107557,104.31664961803675,149.31798414111722,91.79708109181396,95.06333147834967,260.8646162184806,109.75545995944212,89.62854226554319,213.9852005767003,122.35430708760144,96.46854206956223,190.77489995002443,148.08135154754305,113.75959711128542,240.16485042782386,135.03622802908393,130.7740541859942,217.73063455811644,71.9518129568329,41.52687455802704,227.85608657960898,163.80558880660558,101.64057411004103,202.33631895759748,110.52913710534627,67.50248718267235,202.911433732242,79.06822141061501,113.52125197340114,215.38527186753103,106.08430980197443,51.59948837277374,185.98366883549312,142.79128613180401,138.96460906333004,214.45069082366473,80.1737882130841,136.8359849219343,122.29102349598031
6,8,0.0,0.0,96.88188543542863,267.066874858266,129.9899820117717,66.80965620343403,282.9020024721789,186.78237152929358,105.28493689051251,183.61117460827177,70.90356469976885,76.32092836160717,240.39745696761187,145.02731323188848,34.44250776225307,234.36692465047128,238.20778612519746,97.29271542415033,238.00613874281004,88.67796065780138,96.4181818908589,254.18312321063547,117.65651561802964,113.59830217851459,202.50053234839316,83.15900764307145,120.81608649226925,239.55977270717383,133.96917308566503,48.996025158168074,181.64236661018072,156.229281066569,61.12227905628096,223.41742753903262,144.32974251092426,114.12892502489736,239.0388982976525,102.32682373594533,80.4417522488432,177.2159677549774,112.77352337291578,66.2013100898053,197.42337473641592,142.76182553984918,115.22810956097548,247.2049821685182,109.77771966318576,159.54728453116397,244.13716573145635,94.08494085345991,75.59377535415506,118.45943495417863,27.615431864962662,85.28346409591911,295.6763426413451,166.51546805102694,53.360983126701754,215.30355870555553,225.58849357183354,94.98563789251989,144.83379048078118,58.01390848859546,75.77147546373607,260.0717485789537,203.24633380443848,112.18226708875778,210.68087870641514,99.9223768272185,73.27385061555155,188.75878144743908,117.49533911967939,67.4536376097802,252.6786194605951,168.93012845520607,162.32878783312879,282.0480320635831,90.26315573791868,49.75332556153388,210.01490756021755,152.85138491999584,98.67698883761562,204.22122451819246,95.77668263328488,79.92240363304813,181.96238042327158,112.53030371363114,119.22351543069854,221.65093984278894,91.02487897674062,75.36968616825932,203.4940504148301,162.19096722866115,94.85117207047725,202.56763893231386,84.77640831213195,87.4492703778748,88.02995629626147
6,9,0.0,0.0,62.9233985686742,258.92165592474475,191.78152754336995,54.37431967881429,322.90651192905244,176.10414193645016,103.80387000878241,208.844052736163,65.90612233171416,91.49272267248281,278.3731705767149,159.58369824776213,47.125818910998994,333.83823973176777,226.25274061982537,104.0766376065992,318.4895968266454,140.97192404722895,84.05587696450999,216.5743607715128,109.77503552200378,112.5396910537016,213.87897211219547,73.59678406826134,85.2899689943863,253.52125804780223,103.97907069804933,48.959823416252945,161.6943980837229,146.11562204583956,66.96906871348784,159.22215221932044,131.45494360831523,158.16933087527687,213.84508459641526,88.89252161738096,91.38231519250515,318.7853110211828,164.93002177189987,119.80236085523597,283.2224289729775,195.21716787435057,124.53029344048056,150.05530820266856,122.29704766839228,162.86499933957697,258.1205829938596,81.14348619378812,82.92453897728015,124.69938840391882,55.44082150859709,91.70464888157495,198.66940777307445,171.9944808002218,53.616284442970866,175.55850657305226,200.72551596508615,58.87066873046776,176.3051563324229,45.54586624089848,73.12424627515233,172.7598283824317,178.3350182052689,104.82979621135647,242.4584151824562,113.45776432100479,81.5516760135292,266.1916830254013,107.05225993113987,102.44448868405613,265.4605854400981,109.6844131946298,132.6058347341575,212.06713087257015,58.98356471749861,51.02475163997471,233.15362127788381,219.4815275605032,82.34951582883588,246.0031262424741,86.70745992271479,77.04972829594723,236.871877544887,75.67026902410485,81.66616991512514,198.44279261977167,113.32655491195843,49.79026555911171,246.47228843508532,137.2542310082758,98.90762027671381,247.15832069099548,87.1752009441206,114.5095557082272,78.23533138022673
6,10,0.0,0.0,112.34772273298142,263.5490341381751,168.5686314710117,77.362185296213,284.132107141843,162.59415657567655,94.90167000839746,169.95130725908763,95.0332344341633,49.33223768383418,213.19755174302892,176.65184474645923,43.135671621474025,268.9564888757257,210.71449472899826,117.16517194868014,231.98383065552707,121.00459207721553,132.63604792021903,218.30825053713843,124.9504045930399,107.44724533880074,203.0026323066362,72.1678721120908,111.57427006152984,281.52574853848563,131.06919595507134,52.85578936944236,148.28564361549283,131.85995928683627,83.03461157314896,209.38885839942685,97.15540387825386,166.64964181499275,212.82909633974765,68.31840396935189,106.66291372729336,213.92304946180593,192.6594976537098,94.3215897340946,216.19057096103606,162.2391835573242,95.7640395925232,215.80298538425387,131.13994913530163,91.06280602196372,248.6203597172612,77.218129551869,64.7922707167063,133.53198346706088,53.470213833676496,108.36083315225306,293.98339127986804,171.84199712444723,61.140553116690924,265.84199579046174,183.3699078923425,81.45953745218509,157.6298414432079,79.33376294082399,98.21854289755127,231.3843625535955,186.61003610709787,94.84701252858984,195.52246351950512,143.73684512506787,60.84009031645616,250.31515566798964,140.96832376570035,106.73806205191151,363.8102870926946,215.40339755797115,208.30938718398488,235.71471122438416,65.11014902552631,48.15576239641658,227.49050401868104,166.32055687402305,81.77456589529484,137.50120656521136,158.92826483488463,64.32045191784117,163.23528024163173,106.58921408560347,79.05746564351445,206.77353362461352,109.13780102350039,76.14012311569476,234.05986415752758,183.03709470286742,97.94975977533193,148.88674462807356,64.07073820860832,119.24827636621555,115.35161830591494
7,1,0.0,0.0,116.97831248111089,220.83256879974064,106.36260856197444,54.705007775582075,124.53898691849318,78.34903976840904,87.50639271929151,296.66632040928897,192.82117881319772,87.17514581933678,214.87945285558146,120.95074066474525,72.66777156450907,290.3157420099603,157.37770967508308,93.68212813870184,266.6156345747527,177.323325888253,31.743319711223393,237.23993596035095,191.63058829877215,106.5817285351161,182.99416725223855,78.65762138866562,90.56236160747856,169.37423723058342,104.69555095891377,118.67565345245441,220.02286560231673,120.23058700946878,41.8503953500145,222.13225797811853,141.53615078610613,93.37987636944337,116.4709124586008,1.997439249177305,91.31963363383281,201.4365944345078,92.65276257286766,113.36560709849735,163.20377617634955,66.51807793254943,96.35273471622183,263.44370155358763,158.42222448597656,58.71968539876488,241.80358078476516,121.43347359013833,126.90164059454716,163.46192356109628,80.081631753773,53.373735033125975,212.29191470424095,176.57132469174866,59.60674285754541,183.87196201948467,155.48368659143213,69.50181815057402,237.64756652076713,120.53059597235388,71.34193738146828,211.7781798169181,144.5506116874733,128.61705658321534,204.0051629608865,106.38559198320905,96.17304486101118,171.21064076044763,94.8740964551374,126.69216699790438,172.77546544436504,57.19550372503188,109.01703758055343,247.19054419121113,167.06049441946294,100.59993703406262,190.9055959446883,70.15287139296973,69.70181712081255,160.98307824650533,72.54462894057936,57.66035100097017,209.77971188556276,102.61600729425422,125.98812798861887,231.48929141507432,69.26099666442124,44.78057408209508,233.9311724918137,199.91047649809065,130.61366588800206,357.88045240256145,185.13195332241816,103.51188068146422,141.12170741102304
7,2,0.0,0.0,92.44974706847387,299.02369218145066,103.82472541066952,52.788681151969946,130.78814694056206,82.77061855975468,114.43044170105861,371.2051090999631,195.78321326946943,105.83682454244256,253.0556911016093,119.7079753323506,91.47206241269929,244.95508921768652,146.97747400356678,87.11417363679644,246.36905947637575,187.88662440345323,27.33906939479987,248.59850272491835,208.7140555595306,137.98145867387504,182.15226111958117,86.64833843879876,106.0842015295456,169.66820542274937,63.65491362824436,79.97385172907181,198.09886884621548,102.8807291236403,43.19434852301471,249.9515952285741,195.6116956069965,106.57345413473818,147.54804123480355,2.623941636930203,105.42377857849078,161.78950616722756,97.04933077786339,120.42141422958727,172.49668931394598,79.54784145128338,99.63280029076836,259.035150057415,155.91660183602906,58.9957454017284,157.84108667935436,160.007322744736,133.02764654695568,221.351158413566,91.29996448576898,60.00604093668443,156.5034054921996,163.82165636680355,49.04890295654072,212.5099125552811,154.2450988129566,82.12287819856425,228.1317280524853,144.51975807287465,55.48730739984279,213.76572608564186,146.15242554215592,115.03656314443262,165.46762203091419,124.48981722850604,101.11134396640014,207.50745441055454,114.46889001032353,107.32941506943288,192.87235621145015,79.64264126638004,95.93565475819908,181.07340104204755,123.1064347126754,101.45811825847979,213.0160189349399,69.91348388651411,81.59140807751794,121.56744713484528,77.68404098719877,49.67675707764677,176.72662027782886,95.40554809283286,121.2410501283497,162.21654997782417,65.4013851965111,37.45629881949083,225.9766214040821,139.78851422797365,102.05080974497317,278.00574924000745,189.1929340017908,95.81463966290293,99.04181441245913
7,3,0.0,0.0,94.59125077823437,198.85612157194979,126.44434483839892,55.57183371676148,152.22509927176992,70.58072280549337,118.2149665896685,277.50784505519965,207.53840359119502,101.20330883178232,214.56211420196678,124.00499139182874,83.64489595480951,279.12006025166846,158.8291676585261,84.42966789831885,253.75937157023333,203.2044455195549,45.404238413241394,230.60179565406378,146.73316076225325,144.40589533839088,110.76244484527498,92.5993461706424,80.53234815972752,149.53408826311258,78.27116984069326,99.76829986319784,221.8638294128085,108.93613394460247,42.232782528277276,176.49428120873603,144.49544464926558,124.75271668102596,134.4253718806261,2.7919121554909805,92.37048474532072,161.73074137126986,132.99110880921663,94.26775396285163,181.28903370504793,58.066076172877615,101.27590644836937,235.17444390327225,135.23932442042417,59.25087626826611,200.7352212528708,139.6436343120023,102.58519781224862,191.2811433039632,86.47886956753769,61.20658251097402,196.04508704887257,130.8008473305593,47.53459778059072,212.00925701230014,177.4702900483188,80.20000157257391,209.4130950717673,125.34990123576142,56.12845818535299,256.24810897515226,204.85088342612457,118.92385101410429,233.38074690101874,129.2783768024504,82.58293824794717,204.5776835750758,141.55655439215195,100.15360272251988,172.91883525634802,62.25494446208254,98.97938347431273,194.22068740817733,114.89145966216927,112.89208986686268,224.39761690775074,65.41686635883245,63.79472909844775,118.60287953197627,63.25216812435298,72.84373351567173,191.85812232164565,137.57162027878397,148.41418270722403,214.8903195561544,83.43634181414296,29.886694703362178,212.51492620049038,165.17943459913258,121.69406662205412,191.7910330311176,156.88238288930262,114.26116294862257,93.49738647667503
7,4,0.0,0.0,120.20473761530947,258.73830081043997,95.34618227565922,50.25068709677203,129.24655750324825,73.17777597528331,107.82525985447883,380.37361747660475,213.69328903098773,94.84812489663754,205.33114788826492,114.90219752532323,90.1745277874774,251.59267824933463,200.75027855658686,51.76496868304903,221.0698398926023,164.4686897811366,40.28203766019074,253.08380860687183,181.36096526444987,138.3857225458289,203.19769893708795,82.67046711713905,94.40247748424163,148.8255234116413,114.62071042591606,65.8625229266422,220.94763602993945,138.03744963306886,48.909597947464384,218.8029332172494,158.00103763926776,105.61846210990883,108.73653575625184,2.087656364332018,88.07559084757739,207.2060558559669,96.1701417781678,95.94951431417505,145.15710033270605,65.35917954009336,122.37278727924247,204.9703014544402,149.9551468567675,46.80818786670222,210.51303474865244,198.6100490333556,115.81722398207098,205.5398718245843,89.85619180282315,63.630409716433945,206.9411339261176,140.95570986456232,49.97652575954402,183.68834565211924,169.21667879237148,83.85852951737921,229.69411153912728,142.5862416886299,59.156501633367725,249.72573690484484,168.44971853300018,123.04286888194646,211.09984755416806,121.77080160620618,97.43801450391263,222.7837407771215,97.23371157009007,107.57058263321893,182.201375943161,74.56400617945651,109.48358663716175,249.02552594646693,120.22955494446414,101.75576765240187,185.7242914525725,78.2807793429641,65.9263325831176,131.59690092286462,70.55939136725557,78.90586253053633,221.29861364986968,135.71083828390098,108.95947312271451,194.7827162839128,67.13143934360133,40.33277593117157,163.1015168190783,161.96822334347576,106.19658662826251,316.7067561920661,159.27151199479994,88.32701557614722,155.9996212324795
7,5,0.0,0.0,102.92981468941862,224.40825087089047,91.89275817709706,55.48151880694613,125.82777518355431,67.86656986823684,93.17227408830341,272.23081477921767,237.81608959877357,106.24117106482989,281.43745537499393,122.84630089879644,89.60904797268749,252.76463001692645,146.3175966745946,74.32890083685643,297.0493268929604,161.0742252973699,41.00676669757457,196.17015961308527,209.0300832526557,138.72183421598965,199.2769506860821,76.63445157243035,97.03872950427782,166.8763123365511,98.25967813629094,117.8949295203744,247.05829747160425,116.89300390403272,41.45813713161376,240.08378674175248,139.4481991074588,121.38498483714238,119.45738930231417,6.013994866198456,91.76348329627305,201.75143540894973,128.89076298264513,92.46106073938212,172.4677410764709,74.69078295351993,93.72557529675706,239.90367740376388,179.30321024765394,56.80224526005386,209.00523615930584,146.7482840241578,148.46842341104207,190.46958233402583,87.76652231602921,53.538429232963566,220.4879120493911,155.64818094504946,45.93082461248329,194.28194384201097,124.80250200154961,68.08898294739515,236.64202667776294,103.988462844819,60.55601687540898,195.92747499646995,181.49276410057382,102.40127231020415,256.93264591383064,126.83196968290481,104.73528239653882,222.23487975701946,114.95370583883953,113.53574021065387,170.56527622872815,59.73565402644057,75.07955808339815,154.29019129500455,117.92455019366604,94.74706444328893,180.11702537192323,61.08121964177593,69.42652525337289,126.80598199869293,72.47916569553654,66.86769538625087,184.2674890399759,145.22555493815312,127.04771493435355,185.20264913340245,51.430902877065776,54.604582412189465,203.9509547523422,173.69811095322143,116.6530469345474,241.61017261923615,169.07830656107353,104.94102787088245,131.8748541389864
7,6,0.0,0.0,102.51499428670473,194.53164075810736,121.55607292917706,60.59794557728138,122.8776462792047,73.74347342423759,105.25981386668263,301.6037369117645,211.94154304439894,109.25375511333023,180.01464265243558,107.02140655441919,79.58800410779898,269.9210887878989,181.02463370145168,79.18528980455186,221.72533164153123,179.55717868605845,38.13451763620617,229.57279088960772,230.4548282941259,134.02892386999625,217.84441145722937,98.93423263459634,67.34864131177005,225.06002163938388,98.33291189208813,114.51671061408885,196.2265143196217,121.30949455868728,36.222892843306575,206.9955508399795,169.3368530688428,124.60752082113626,96.54379620619385,2.4938052277046663,102.83421362468555,229.06733828651176,83.69355930148717,93.14218300532072,205.79778987889634,96.31892517873553,111.14988929930726,288.36680687278954,166.93625917030883,48.79760307126062,179.548891910961,157.39211290523394,110.27222933490448,201.70703392018714,90.85923761995988,75.85310797147137,218.04650550425038,148.39800032238045,53.277569279862334,229.53254910374042,179.4670279589855,110.65805818177822,242.618055489446,117.77391501060171,56.374600225957465,213.1362825415444,128.17787309069567,91.52280936939596,207.9217783866277,87.70611404962426,83.47804788788034,254.13591451410258,140.33586020441413,108.72970739252912,176.84456751546153,65.91423418845935,71.19598924852426,207.73767111419676,131.47423799394306,115.46017590681018,208.31755777846848,82.74431661750535,79.62386226041335,129.40439830616972,55.426351645760924,60.805594691541586,152.84347061172184,131.17825814341484,131.05548692779706,157.75298387601245,86.23080656185371,40.04277648851391,210.4406749325758,162.95842772288273,110.86008341391124,258.5457404137931,177.65628285581053,86.59106926177745,100.59816041764105
7,7,0.0,0.0,118.04476498795248,215.94567547240655,112.61717536872462,51.18276720483719,144.94997394142416,92.31170660625376,117.4701415214063,327.91776610782296,206.07865702549475,97.89460187214559,185.48114819376693,91.52426931177013,93.74493230050871,246.1169181614703,176.7124526887065,72.42214094848585,211.21513337189884,216.2753958397381,33.64488836029407,161.70487708465083,183.6978291634584,140.2720212532887,187.4959369625633,68.77531539684068,77.92044293298343,171.03469452487727,102.60456606272956,99.39051958612248,164.52405835070863,129.00102240003582,50.20926408513824,229.5719220014549,110.48609708348235,103.98474354360916,92.42784578485158,8.835182944095802,85.93842820613995,219.26749949801828,133.09005450168863,109.05512935442783,163.31181173900154,77.42945105397311,122.65415970337622,242.78212225100478,183.19379417730158,50.10247849248379,146.04378449427162,148.4231586813899,131.46659220870538,222.01846688202968,69.61438096104165,47.47828242544364,191.98027550463053,118.71828818351236,45.96594634470555,213.14282707810364,189.57594835583618,77.89083862040897,188.64610817593183,104.74069188825817,64.9749961182957,182.28054198031083,125.49032884075513,112.79720651526226,229.27229404498453,79.99176528571253,81.37631387459113,207.18944635791505,118.16352541103778,104.92150167255562,180.30611153859576,69.5638623806294,85.15327761171469,239.87133563153316,112.15855963066727,89.66233812615368,174.14819363266622,80.85602247593941,78.55167123306177,115.7865089313399,66.38894004803956,66.50899984909232,188.1954764866604,142.90463686325384,132.4288142997772,186.81526140560197,58.80524276220417,35.44289238689663,177.75662797622883,182.88426978356844,133.53533347135712,244.58951670458038,139.32631752501607,72.80639027931431,100.8536049825127
7,8,0.0,0.0,117.35594150161116,197.4496498908536,121.71555994816127,51.355753106165196,148.26949927707466,77.75918929988073,73.39263658877186,317.9747511469419,172.8212542346035,83.57133885316186,246.2801864051212,158.024550765502,100.01987370050729,308.5212678148718,170.40834577970026,77.72403423477114,296.75650616788306,184.07872201517338,35.033030078752056,181.01205039130295,196.6478168979823,141.3418672086554,195.43137440513226,77.77333092605386,88.066624957182,194.96582473568836,100.66980811186336,109.60532411421404,196.90993056942713,133.46899753909645,48.474233175947006,195.8993897000084,150.73500584493272,101.07760102784029,121.48118446739133,1.2095635439455381,99.05740264204347,213.40691245457086,114.92839583856993,105.15758616237882,190.55912739090547,65.98539829021664,102.3202624398591,339.51559583476165,112.91983097750844,47.10599815998487,188.94184855419533,165.13409323980275,115.23827422824748,196.64763535962467,90.21628846931429,68.18588228228067,152.59351409725622,148.99841949482197,45.0801252530652,177.02551906701348,154.7272637062871,98.37841209442288,244.2563558731463,177.80244250626868,58.80101921064668,221.35797316801518,145.28292171877632,125.6031018745535,215.17365131511522,73.26292785043928,101.46888152422473,212.69208467920274,121.18618896665885,97.37634974012622,166.2944730135793,70.5414168450171,85.16982346985574,234.30281667903012,113.41434605720744,109.02849439847907,199.56869971550898,56.29787518261081,60.16526033190169,116.71102367736243,50.61040654194912,56.97752884139261,157.41730366138734,134.67058826804345,144.67754485878658,178.1827237541052,58.46012391612443,40.65927787151701,194.65112664256043,199.9922233791578,110.26933600964774,268.4826420601373,163.1082887120824,92.9800702683466,127.9747401085728
7,9,0.0,0.0,95.35675505995192,261.0675722838904,145.02856066787626,51.70598736508181,142.06456849745848,92.32295990644744,94.77990435609044,296.0100154698913,197.23933406493765,71.54396582461351,210.9466266662474,134.40991743614296,112.45665780742287,252.77478765698436,193.65412834429472,87.1257864902914,243.17219512823044,171.15551288463104,51.65698578659746,181.24463544523653,169.09797881683565,134.11862015961253,244.39203232786474,74.43286161100808,69.59211221930651,210.97481998574472,104.6353986516294,116.57905232210761,208.16200617830427,107.5930602363145,44.984216866660155,208.5246393889161,127.80097083838594,125.22775482199867,99.40492768147143,4.549636816944153,97.21734654136402,191.83762985648534,108.57622244673482,114.67528283738567,192.37350730463828,77.605162338099,90.86537354516238,222.08878680988448,133.98112428332516,66.3729183773929,219.4618470164677,157.77682595654554,137.6838301679662,184.1568311263378,87.29016244867503,68.61691901291877,251.55501086828247,159.2310490548387,56.14952557263487,213.08334241180347,156.6026870782623,100.0932811938092,196.79171220330178,119.82676700535535,55.36731289265697,207.54646363487575,152.06474459160978,131.03367852558725,231.7661841575251,93.60198205499852,80.78053590589371,234.47121623871058,87.10611294275378,85.71925889287937,140.26687547864034,60.84063876314781,106.57032294069703,255.08766021713998,116.46937893469321,102.48559023736729,134.28585998242477,55.724430532194944,69.60550800170158,112.77804292018659,65.02882049139913,68.03639666958411,147.33228010598282,112.46621089616008,135.49314266393813,218.22703617851062,68.28558762726678,39.929794171364456,190.815691357187,173.31840024710087,120.92617926670829,316.51583367106264,151.75436028094518,85.09707661542163,110.59735592208911
7,10,0.0,0.0,90.33744455108088,216.43345820681017,82.45016303230196,51.69913529728014,118.66925341050168,86.7561819656644,94.59249497795771,334.94643215853347,216.6433673857904,75.2208939212725,240.32691895474548,147.10099467564234,105.71034046256923,215.8261375787589,154.7016500017673,74.50636297316602,252.97216482708149,194.0298040249865,37.80506131964333,196.3986144250386,208.5072701723753,107.1107099885136,204.51956639254482,58.58140840374798,79.86714225864353,157.7235152473633,101.86681311629633,94.66075609840863,190.23583233410736,114.5151788990856,48.120416260883374,219.9090836262949,162.8198904109797,112.79533300151661,117.53608770442129,5.195678597454323,87.48918006803642,191.92622231822594,125.26630138147856,106.2033284164078,260.80867317006147,50.64386782573902,75.05646401444125,175.4110320042574,141.90478327401993,62.36440760874453,206.18772403143387,154.62830052257414,114.2690126955223,218.4378980045084,82.75411077746098,68.08485554507412,236.23551938609015,154.8378752197105,50.26512993429762,210.83354478732917,161.38602085520355,65.38430947329158,238.0474466346592,123.84720501565361,65.46008159110825,178.54919704210033,158.20577105712118,128.03146664629122,241.94968114055774,100.91436346670764,82.15050379806948,203.9513950901549,136.25993530027998,107.76775977089217,183.49206079382188,47.15369100375011,82.28295492276567,234.31097428288584,121.89671008117885,109.46661637234693,193.34185000106694,82.05453680597654,70.59254789070313,129.41068295403738,62.18013564390268,61.490004921426944,217.2311600368314,136.10176326257545,111.71435896793047,180.53411929684546,72.61826037364423,48.26379187930365,206.7620303566023,194.26204867458023,113.68999285617922,269.5975271225032,177.05374280648704,122.36803822242788,112.24447233831523
8,1,0.0,0.0,95.80171843065754,158.67409040048963,101.9551879714929,145.84297546939953,194.78584483600153,95.72768346269527,85.5238009848316,274.83464850819695,156.7948145021713,97.04057639581076,152.89206357857472,65.69632973370322,109.41341161998967,221.1987692085302,112.598784814831,96.00541437934936,189.05448302578475,60.999703346832106,98.89361024876247,127.19905626166948,43.3626759005147,47.67271700275478,174.2258038243381,183.93632891822188,97.622136120813,186.00686561892874,120.99904054345328,66.17656231421005,218.80447933465885,123.60714336292006,86.53839096078194,150.04414331436487,109.34571920438566,94.28809768678676,173.9880781248397,80.3310581608291,72.25749668093954,159.99680666539047,138.60502874138803,54.711599955119276,225.94009951984947,92.46563678647142,91.98761554832443,191.45676274865104,126.33466056649911,116.70626949806932,255.00990813965416,76.42126254235205,92.7164216899071,168.49744642395092,79.42625683263856,48.77702332645323,232.55721225741942,180.58541165203795,99.85846930278251,195.52305257036696,97.05348036777103,36.16148396372065,149.87952909935998,81.5193347251081,65.64622193298682,177.9668508857675,128.44337939023768,56.378434682249335,214.25822893948035,179.55205193701738,64.70421145081214,149.9030375846162,120.91744907386344,101.76805105708235,230.15195381721566,68.31713940724364,67.20678899171904,226.05631265775128,119.5074067691749,69.93334876528932,286.7336942093628,111.4551915827094,66.57679175702503,258.37461836408187,122.06477713381314,102.6341072180893,241.60393755790074,169.6128823438849,61.47509490108256,200.0710929191735,117.73377623431098,71.26064622612915,213.30189986630535,71.16738580464637,84.08579416092795,173.56423012313297,69.14190906320457,72.61471557154614,81.0620962177878
8,2,0.0,0.0,104.41319196349467,197.3272648926362,88.25877927615582,136.07635252530767,222.1957276835108,115.73845091473902,87.09745882886133,299.27277241380307,164.0455516839627,83.8524992087899,182.71545076272145,84.51181456113436,83.3088606398552,210.12707127455388,114.62647694255249,58.465589957751696,185.06465475065622,77.82401967664535,114.25132889815612,174.40957869076024,48.12296756151725,31.139575180063822,178.65673521380324,125.03512731859978,115.92702678004206,212.4383411886813,97.16542828435553,69.37155480276893,160.1274379311107,136.413976740588,135.07985971643575,219.39285368128142,90.13636421147766,116.4539386817469,185.03947554745614,107.6390921152295,70.01718590246456,206.6721767319259,141.09240843183142,66.04642523829082,212.05340429032077,123.96360010071815,105.02098685641323,175.42088553670942,120.19117061687011,117.74673656001377,211.93736150899733,76.54801867737338,85.97950790884936,134.77005386637364,91.41440066328835,50.751707551522735,170.00722159791823,180.69214836898948,89.49852560549682,223.12015876043256,107.1888248050002,37.424936449762264,158.00327834109726,116.9232319281348,76.19427014528999,161.48494800867596,121.19493348204387,54.137343245085404,286.3375421630053,143.75901297707784,48.88991078736738,170.20089552354412,114.6596289078805,119.65330139856033,202.83870974688287,97.54554341745855,60.787091638258985,195.8451019108362,110.57559548065346,44.02734399579403,231.50454004454147,171.01445638693963,59.82246878112557,219.4443002854,146.03631368533664,107.93252036502001,245.5986365557421,155.22867521253232,75.08795076296607,149.6041960868153,96.20812664607044,94.00147074577349,201.46038353834993,82.94720096801268,109.8106651863449,259.89904487772446,61.04634365960245,80.4056237300203,106.06736914631075
8,3,0.0,0.0,79.27297224948808,243.39335130168598,96.32797919042719,118.53285093638988,186.72144858351817,111.62270379351197,81.86348956690529,165.5683980057455,131.47847167994954,58.60530656107426,174.67043173157316,94.58032166863686,105.91082884615025,156.66903100293274,155.74218444888942,88.14564602270005,137.427782555745,76.63435479090697,134.04622068826052,145.77628047243817,49.47661246735031,48.60329518705727,132.97969544310502,110.72827810216629,95.10554391696333,242.7961005680499,129.43041973215597,74.67591910792711,208.87741723956293,126.5595980028668,116.319386558853,163.92295565944977,143.79933126695272,92.84033712914837,195.30231220129562,69.67360185358902,84.58341835158481,164.56876854293554,125.38258180875341,64.14537739422482,183.0124142670714,130.72683034913413,104.84290408890409,232.1771775102914,128.8769228406477,67.72794604538383,214.0887481945562,57.9706294829912,75.90352836198892,163.01519303720556,100.58937505141293,57.26825048169643,197.19208818039093,196.55645427282235,52.32898187572036,234.5006386239761,102.80072142651166,42.04184776815224,119.51353621555862,153.76240776073698,71.96040604055428,164.63790886919466,78.18632127819,64.83794993982399,186.69059330150566,163.37903549433227,57.585864324825096,182.8633015176555,112.04346875212774,138.35138081752928,88.31705832386443,97.91032797430366,45.629923677739335,177.78307185998386,118.1603416875779,84.18506851507375,216.66266555698556,171.32390546061302,79.55641559326634,170.53791345728712,142.1910214371354,82.81641435829582,239.24462379082271,138.62378776650402,64.19044185875941,125.12980759191215,71.14563615937651,109.31219528003008,120.69288783021709,73.32023985960971,145.70432740350708,145.88622867790892,52.558340284146446,77.65852750210595,124.74641775912644
8,4,0.0,0.0,84.88509367867803,158.50616569356055,137.89177841531978,142.01196733842983,206.25008429420734,88.34219546712872,66.27214587093138,237.584806349531,130.11023634598376,100.53894228934334,183.45266402406014,65.32284933701655,96.79230739344867,192.05383234981178,160.1625406790969,73.24360099544882,149.42057920114937,50.27736727628751,98.67463891717429,180.52360678754457,47.33531465923355,44.0074017357231,168.3080847675843,145.36677376150018,98.35918987137632,145.78896936441038,88.29640959110365,54.041557904738816,173.3097647717491,146.65960741660464,101.48759376882552,181.47772029396327,130.40424045575273,74.16297035711872,187.92300961941487,75.67374412034319,89.61144103769706,198.9718443594557,110.6481458539142,59.53708538035052,187.4986079207619,122.6607018059178,79.8742072504699,259.7701896158868,113.89907231366219,120.88183324293168,225.63357993797555,111.38925447882404,85.01520249701494,175.8322735660662,93.01815154292066,72.45303611958582,185.78102125951222,152.4671982997778,81.6839921132221,163.4682816980607,111.56076274299147,38.56341164409002,197.1737061191334,120.298935130202,70.25086850862775,191.491893167461,96.61719048433145,52.93206935208235,208.08643795701286,147.47734742473386,46.14221981418163,211.36253376275477,108.92680983974685,81.07739585109701,226.05839518992383,104.28955819607164,57.029622779033,138.7671378191361,115.59097376314928,79.11108456757654,130.46360390593287,178.67979526318618,87.22392697263767,165.09324601862102,123.9178780924378,117.69300208668301,301.9812915150442,106.23374177901509,88.58436741908774,192.25411717920286,70.83305435199883,106.88670990480892,163.36005625860355,58.608953042936704,121.34444100706924,153.4233005010975,63.80306617385327,60.31769078618912,83.0228655334188
8,5,0.0,0.0,105.29371025386831,211.01807474134912,170.8688823559393,124.35894559813936,201.0663003267532,72.72586814459372,63.55078712659792,240.48862946711975,125.54707493463647,94.59080186056518,119.828500539343,89.40372929453962,113.5631592782637,241.4216030748052,148.035989089626,83.8893442378633,164.195718028874,64.95868680387547,136.59838860866878,244.08023015027356,53.35843773080808,43.147604338062024,148.44011905130793,156.95853066049946,88.04241973968743,197.70097810921573,117.99242178528552,50.12494306793657,180.11595274751085,126.73971497366298,105.87625970596703,248.3691350857943,94.84136553438994,73.65015241904274,174.3856829892419,106.36033846506403,80.47508475400431,270.13409224626736,124.38255724225937,52.382329683874204,195.25287192512923,107.82247607698825,103.33789620774927,190.50030059999438,122.56880909046438,128.45809671746585,229.0984180951195,93.98997389774794,91.21291791499183,184.47939166502744,97.43680359234533,39.75759878509471,229.08110114243806,101.21095696194354,95.71091916108662,171.08886006033322,106.52371873727773,53.58371025242714,169.83789055918254,116.40752801409964,63.617077567048035,149.05708839843416,77.56795649511949,73.51055706665917,240.35212839514875,214.87558277551454,74.22377671439502,194.7311809798417,128.718515213916,109.54909091175786,197.31210130596628,120.64654088446603,58.50805413787689,172.49285148748123,130.08627573779032,67.47030079388082,264.33597016569195,208.19572329061143,88.20901562341888,189.72133210749143,184.9512232560612,126.26705420384562,263.0357596722247,121.62024521611222,61.45978344562574,147.82089971286032,46.27443748935332,140.81250478266384,157.6872005419205,71.61497960037802,145.8927354040232,202.57878642269074,83.65579928572389,56.354872050854425,95.32868773233827
8,6,0.0,0.0,94.63639852882797,205.0269846132725,179.5603294866275,105.49862368498893,244.41296939972202,72.41014559752891,63.493649364595726,171.23934685903677,132.09912664025066,84.57667692121092,194.0226977846396,78.9213953139822,76.76413504361939,188.80421151586032,132.81798228892433,78.73607914976533,172.79710991533653,36.628379955551395,125.78949505649531,152.0124356882785,32.72956285588752,38.42122669463414,220.5670739195478,122.93741641419531,102.69499661164753,265.3529076496066,113.47026416153156,71.69348380183459,181.2943191493848,129.66054301476726,103.21883388318992,200.79041979758753,113.26387168270797,105.30338389511559,151.41126914836798,79.18154449180264,84.21907950414763,182.58889699669692,142.1624102614439,53.891896956326526,210.03308113789717,117.37019676551814,84.24101363480894,209.48034171436626,140.2131875934568,116.54441457426556,225.0591691332109,69.33299410663442,106.13144031843896,144.2516015551878,95.98657620474042,58.3687083071248,101.23378024928898,161.97213489766526,118.71469810098299,186.59154956625073,109.12282389743231,31.610523414524724,180.35076931301316,113.22718798335261,63.88062573739157,161.32395579754817,84.48108356409402,52.05617456610482,208.74190608056412,180.48876231522425,62.98352054381524,166.6328269544144,129.95516205241074,129.1699192994559,183.52046525420243,83.48461002115641,49.81220575709667,205.09136630982687,114.07432838943521,58.25865540561429,240.9601969474379,115.72355571198656,67.43658867817106,183.57486342948573,106.59564328488266,113.18710829390106,246.56096759523717,154.9395399453418,102.07422819092879,148.79296321413446,72.11600369332842,88.44151429790463,194.71915736346963,88.39417090931728,116.11724249742818,140.21231481553556,91.4910546327667,54.9651809641086,104.65225716060826
8,7,0.0,0.0,92.69666885219199,196.6159537503557,134.48192008706374,103.07610151049397,234.97462763948937,108.88604345750909,83.92722851297216,228.04525808869343,149.10762202500698,98.33537111161901,174.69002003696502,93.20448224909347,94.94526124110254,204.29592187140057,140.53191087603196,73.22471742176826,183.51842711394204,77.38898139151378,93.2842080493572,161.76961506351208,48.87129270596133,47.25751635355176,175.77854191251578,127.63554931342553,99.11820804258186,215.86593448880697,73.26445263953885,73.03489307981496,144.97483626333195,149.16827108905676,104.77506900100194,249.0351817801154,137.2768671055494,88.46778584727545,217.2105678799266,105.25464987535139,84.32042232989001,188.9677418022395,127.27707058638825,56.1876744300763,205.26429971854944,141.5873900252074,88.73122208706751,237.8849896785674,146.67460614497463,139.23466450639845,194.7655667153352,87.47542061350487,115.4149137022765,176.42298552823405,126.69252015583915,38.67354871781738,224.02133181001957,170.23556644419253,116.58773226949023,137.64267427173974,91.32368239249979,39.55603679934105,168.40263465142766,115.8196711643554,77.65148005250795,225.81104377033515,110.63653903313443,49.89257316612698,233.13694996729993,139.17654393231493,63.67896623376958,180.21716410599362,135.33025485639226,137.60463899603144,186.5520386886332,148.72439964786236,57.60931868085204,163.6369347752515,105.74376411450874,65.42732969379512,219.24108207428006,167.62560308320136,63.804407729774006,247.03497537693715,127.93920405425786,81.30739901895525,284.3907787580416,132.69192934778582,96.24786147518599,226.38992634025584,82.02654609329235,116.06959690684779,201.07872415796714,65.37742206145496,111.81819222596178,166.53583498149845,73.55202052226646,81.36559290887806,134.84013721148762
8,8,0.0,0.0,110.32491920019993,148.98820115790681,126.79063702583007,159.47069248394385,230.44208382609023,77.48279675586332,91.96789619359703,192.15930146070963,88.76553859765141,116.30495511824424,187.58909957034396,75.13048991276898,88.16154650405785,225.74270611455594,98.01030669371957,78.85827113360232,173.87083092089603,69.08874863811795,126.46922734797485,168.18292674524085,43.32430821168966,34.744012582045514,203.73897125983942,154.1528571602867,72.21465086181067,229.1172399503149,81.4493869505246,52.36837636174985,215.42891470485165,139.37304051503358,106.85515665406946,211.14913268067113,92.83757146492849,82.90775620446925,165.1535884558501,87.35816171863354,73.29827685786383,195.23897144993353,148.70065257805726,69.51190716349531,192.35886240592984,154.407014701114,109.9293301514022,224.3652768545357,102.98079201460925,105.94341075017793,206.33586040448958,66.49192942197138,103.88973875137006,199.82023477550038,99.1104576388648,74.33025226065797,229.46829383425666,168.76283559824086,91.97534046910495,183.53521475256804,84.61433774141827,27.978820658225864,150.74299699963152,105.03451602835011,65.97079798467173,156.41855661678588,98.42057554312538,62.423969442625896,262.65237304354326,153.65732290949876,59.97165415895853,160.3769480731794,96.3560696956612,88.00499314002953,180.06130055315796,70.99129588371164,60.13121324092907,158.22994137847144,125.02962408290738,84.05403557524909,204.34634174802287,188.50297149558642,67.79030025404359,254.86908534954802,131.79255561305513,71.92249805099821,143.60338658625892,114.82102700966944,80.52793088903542,176.39786076351942,107.72298663996042,93.53696279031216,201.38871986763345,100.33566793871154,90.48713510284269,154.17429744615495,77.08540451656017,49.73018451229534,137.95474793392538
8,9,0.0,0.0,82.75861987697104,306.58558288360825,77.88330074002756,120.79092660351134,222.36990719689504,99.88335855580883,61.96097809577063,234.10307719356808,156.2318103959134,101.23383794837733,195.55359695603283,76.20866980266739,87.45255481369759,287.3233669369828,123.24328076361918,80.44160359637107,101.15926679698052,93.48325482498643,145.86913630628374,208.15345560987072,54.44366500735656,41.331140875825334,130.5502816931396,148.21316118249285,91.47498279382556,201.00230488094326,106.61288225466268,81.12580126308652,226.52336302112886,158.06345395410435,85.68004935902786,254.70478370962323,90.62021471159422,91.7153930485244,166.21101960072426,83.55415084721616,90.01253309322568,277.30161058285535,128.15455661491143,67.78856594584312,201.96659236663763,92.05723730678724,93.6793785256596,219.4275549104274,120.56550157953053,122.19201749642262,193.65420972546417,72.00418077310765,87.5594533685307,155.12350593439754,110.2758922703373,43.07886867717694,180.37744316623008,151.56488720994903,90.63401190725195,196.28209450462523,105.44408490098283,39.1259953988819,175.56646156868902,99.87144074366314,70.64540001781732,160.4760462634388,94.63538934299613,72.3238569948217,242.85116139064266,193.19480213172494,48.008066375812966,202.38145982341922,114.1703086925769,70.8464560143631,210.66415003740664,85.55743100457215,56.601793058072424,190.64280055864936,106.87098462160716,52.414867509492325,252.34739479325202,111.65094175101565,58.55975867847836,156.01731784058524,150.55978582891237,90.71796875595008,244.9255766889448,121.70529182928829,72.64402698479968,122.6684511657261,91.6662122026859,74.08758401936053,130.14317342222859,69.75577027014677,103.33698533657767,205.552299202991,85.31795789906167,69.94149745975854,78.89419607683303
8,10,0.0,0.0,118.66767975262104,217.55988375366942,129.51639531442825,116.50559275620067,209.89985888674394,66.94527553991057,83.93968864111751,152.9630864436107,147.88534230903196,119.35799791324278,137.3037038324343,76.26655303320938,101.07760739465407,243.0777174702446,80.69298175454347,88.82675866530423,136.00250330789777,88.63716737001393,135.36274105228063,152.0484728488839,37.905684968245886,36.79876726287522,151.47688622452807,130.92567509656917,133.19785105507563,126.544176391935,77.47781497898968,68.1511927548353,224.1472265119721,108.47929251632938,90.50868594015645,235.8485085049038,79.97539968625756,73.36425936013288,150.783908534244,80.08212432480036,82.99215261475412,249.4514060494215,127.36942633089589,62.45738421604613,148.15205537995328,155.8548500507136,121.94043513373747,193.35239723125372,90.71462163895245,114.89534571352043,152.11100738815253,97.61768933028301,71.64123342373104,202.66822320486068,107.07432874227784,45.724379382976124,280.37865969413247,175.8167842848294,99.5344827141824,185.92018487107626,116.61669085691456,40.15510999541113,106.87325092254106,83.8983352634096,69.88152934888726,169.0662374784457,111.75730385398262,48.33851849998076,222.6276021969077,157.53137691800978,62.94383592917722,163.1959984331669,124.35339129416184,89.6697216691339,157.2044071443053,71.92607436716241,57.59136223520857,173.25520497529016,133.43031973040394,60.58662937377429,233.98973342535126,128.42825503645082,71.41296102897222,283.85850258530223,127.94681590212673,100.82225665061418,228.6057263701929,169.66007022696158,55.786072813124264,188.56888560187215,52.68145707346286,85.63151059886788,194.75970023939382,83.81628644375633,125.62359304366217,166.74644282996047,96.37254978226926,58.61996686301545,121.25903516437856
9,1,0.0,0.0,105.82317855355352,247.18583035109037,102.49016436667686,100.4242426478434,278.62048695086565,174.7265663171575,65.1301166472697,252.4752839888934,143.5470442002008,79.40301623928616,317.70262079467204,166.0661840731375,55.112791132205416,299.1426020891411,209.45979249257493,82.97916755702077,245.91914561550996,195.52965491893858,72.88991390406626,309.37110637785696,232.73993156546445,109.9593699827026,274.24407804768913,110.30212851412517,87.1692368899095,220.38716568631853,135.95341834693144,71.58374856642106,311.3949876869852,195.47673212889515,112.20463624768442,311.32353244377526,170.48758616795152,53.95189578349155,285.24484631227284,195.7351665940432,57.64541901554259,162.67197955083438,144.39093283532637,70.2050395649066,196.31891748866988,85.59845015122892,24.718892366889413,249.3392256585,216.58383799095265,89.79321658600888,279.820299863,164.19282955153085,102.5785671285699,189.816260076277,86.78965608668878,65.38903571495392,335.080304505022,290.12395105877005,67.41407239503705,308.8599550744464,261.6154170684754,115.95575627977348,272.5454191617045,194.02998914855218,84.41290048671175,307.7776241811122,216.99333281439934,82.41863268493702,337.10205841613424,192.33048808227161,97.40837801720743,314.43748620758413,168.27343688331132,49.56687924702132,249.31414066861896,210.47004957442394,91.92331677769667,274.08576798484205,149.40190041836928,140.73664202102634,267.56038288761704,107.03338030029559,82.68047779310275,191.00751701350748,230.32777297507255,74.20980230928348,221.32817051537842,180.1587217335003,99.34021008742923,283.21247470476686,133.13123030070682,42.744486599790775,246.59949938119993,190.07350233055837,132.1340801625323,248.06239041020743,95.91333892394888,83.29681618783034,94.70665488235827
9,2,0.0,0.0,142.38191201304997,451.5187232788295,242.79536858882403,126.28100568355829,253.5258892037528,154.96177687301451,65.25618113973577,244.30563685141612,129.52782306756166,113.34703354951418,329.8818867487278,172.03521097296064,60.07778373098216,251.4738891182423,121.65815121400225,106.51479512575887,299.6648835119583,112.72358263815255,73.02627649027006,317.81815318677286,222.09329573866728,93.9882322507587,255.49375856890526,150.6560748773348,88.41069039237732,230.46746574881175,109.8881253118927,114.75055146197387,269.81919349416927,174.05203448693524,57.586060474563226,272.4725519276468,132.0012485796592,36.27047855139203,221.9480359360391,169.96642538851842,41.0326897947032,265.8205837054582,242.60580699933308,140.23070846777475,181.98980868884632,122.41757971175998,35.52398666055092,229.54614966013125,230.93958713456126,80.04968232078033,246.38158496792505,215.85729312387323,150.92394056895304,209.7325896567122,108.66942734299457,44.895482374827154,338.2648093894209,267.0254670763509,64.20266617644576,344.69921735744055,263.34102791555966,100.3519115340093,213.4473146784302,249.41768072278072,80.77018587611803,309.758617175903,152.82722414027396,99.1142018324534,284.0752665930217,268.6705694177093,75.39301669315174,180.75903965678566,194.2761148109996,45.60806423689176,267.80921172284326,173.50046894394487,99.0764116641285,277.4853739331203,182.47285771134162,91.59447828438704,250.67503161864022,128.5454221689379,61.10839544935044,290.5388106654773,205.49415596504707,106.08170268185486,320.5290525694903,128.4509254457491,118.79266792265204,259.28975906147684,111.82337983792475,49.42511465074712,286.0557419496458,238.7678930553018,119.31798659278914,268.05632938614593,181.16065906640978,84.34618114146245,114.34459286712146
9,3,0.0,0.0,125.7143369403994,398.37032396463513,224.36336359639634,74.30497298528093,337.48238981003516,227.6044316124701,95.15626136262668,233.06167918890785,207.9278868362301,118.10333933333943,259.10634018603764,177.3346064378498,56.39570852103156,244.4884300065741,223.328020826961,103.33813374845542,232.10889768053443,143.01270727851073,91.75993209570528,302.456477139739,237.08805479877,105.62703227507374,183.61257956236125,134.61007878035926,81.52514513602326,161.0099985889063,137.8885804103491,92.88846088153363,323.15016343531954,192.36161452449912,67.45587090091178,322.3172676918775,164.26228213023344,49.779108742959366,249.49239903773508,168.31795046619555,38.23725919799978,275.7296026517864,193.31447250521515,109.29592938615106,144.83128475605466,107.14550951098306,33.98079492118972,199.371584923947,256.9239560727979,87.57986642251764,318.8766047107052,198.40937460040476,87.20596660894269,237.32797130790289,113.54880010741748,47.35094161052135,343.3742318199487,264.4139519619768,80.9160120329538,285.1566471494543,326.5718137202988,91.94060577117048,264.33555900759956,238.616906772482,71.66550401030443,344.4413973675604,177.80663999718277,93.31493793160936,322.36604147309777,188.05549630200943,110.24445076475351,265.5845185448262,89.77252152423084,54.38758310275975,196.9019583140506,123.99261007232545,73.20059494053024,271.9301481005275,147.18435272851775,79.8336954734292,197.11411260739746,120.05809711312789,72.6653783250518,312.66094376615706,196.26380313623878,85.43334456035531,253.0353349063253,115.13599544020664,105.05315271873,282.9353828208269,105.20823167153894,64.4237382103436,289.0015784005054,160.8524345845808,103.26079585419656,248.19560602367162,145.11115957259165,91.75517116084838,113.80537857667326
9,4,0.0,0.0,146.90924881955914,364.3187848722292,185.83270648907305,84.22445828159657,299.62400402655663,275.01475459546475,72.57638685519582,235.4739467777961,160.12836959199345,128.0531468922854,303.97816813861914,171.62529910345776,54.37009755039138,270.5964412306771,180.18848472109335,104.30792399808503,177.95402433139714,153.89283980154016,106.71876578736855,291.1498744077593,320.7027604176849,90.91275787536304,192.69082781805744,164.64710668061684,91.33923039295743,211.924288289305,124.12278061963531,96.34908643584045,244.94913558625248,188.07476861494428,83.60572861079416,284.01260769325154,239.68965336720132,53.77319189336161,305.46102134383233,132.9250907437918,45.40731490693369,276.7619381082572,199.79909776096733,101.3509659326897,278.310334821154,138.88835155019646,42.431695328190735,285.1238019442908,139.81897526511966,110.84321200847778,324.691479675256,150.08548660688732,126.74952916231315,285.3001593005441,78.79713237597393,64.44681118758834,308.7806171750324,258.4828204166344,55.46830623370715,262.145919653283,188.8429515701861,73.9036791836019,327.1050348306517,185.3653266275245,73.93543619624826,286.80473445762635,208.39631950441802,72.27525210175132,323.40769308741216,223.23390854568908,70.05587141974941,212.18026306265352,175.0906114811057,34.203994228130924,186.79441865492643,186.7816688819397,65.24205283965051,268.695858811277,165.38225521296604,95.976948125937,193.69414609563978,122.44784187579023,61.04901285315645,292.59807094056964,168.6444953752898,126.32735141221383,330.74657904470695,105.23908458167143,85.91461840132447,194.66511639615877,119.64703008443273,54.579833935891685,271.43804294158247,158.741204423746,84.79518552464143,252.71317608746037,176.70484137234334,97.85952048579803,66.01664551276258
9,5,0.0,0.0,157.8724969704535,305.0689275680292,230.801027364667,105.06550507290135,269.3815024177769,128.3085940178634,71.06836154622404,235.99179178167896,152.29101051757328,163.82474710657578,341.6059062950452,127.23523507832701,63.8880691734015,256.5454477295158,186.63455329060443,76.84374053414349,289.9099934153318,161.0364757582007,81.56086860816234,356.56095183226,246.10280095686798,87.2629185420013,204.78526815278016,97.42566848401438,121.38016672186443,232.58499989451875,142.1119519438849,79.08924122189984,275.9668427209658,178.23602623561175,80.94982868661906,290.4405416916019,164.59273898261046,38.68577671089155,287.4733011902574,144.76720482785478,55.43763245795226,201.37192068703547,195.1828396769994,117.82171156765216,197.7492103586552,131.83420706033564,36.839725156539956,241.69065760880062,196.91448956488304,86.7235781514388,259.22444290496406,176.8426143112054,135.0621219621669,225.4360851031902,75.24726626385717,71.32343030253483,333.6099894580113,181.96337511903823,64.12285676382736,336.0845232075114,227.08696442528895,94.76627838965993,217.12898769074803,203.42619383294706,83.23166949140195,229.60035729479551,200.05416039235882,111.21131854259363,180.0704906419022,215.7381157129573,83.9328323367993,263.3578310070579,212.18988716931844,49.5485869097697,248.3552666985544,193.41900789362023,85.89579552686371,229.09531389213737,118.47868357936652,96.57670041847467,244.65577468506018,159.2036051127944,88.9034516132275,295.33956598820123,260.58713814993376,111.31616689437547,259.09301981000164,149.79890632296764,92.21638645957057,220.27358601329772,103.18529782604674,55.83657881580785,270.7348667568244,244.5785120166567,104.20958940545475,286.61971723880094,135.77957098074808,99.77355106943816,83.75703510298646
9,6,0.0,0.0,146.0655556526845,245.36515806107755,210.32144746666867,91.06170618178295,257.79458642398424,263.98158484377484,66.48081600867746,294.56076899462147,167.2268735707337,124.7093701447131,308.4929422918755,223.135035006026,60.093510728069646,266.85783794950623,229.07085299673514,85.41582578894119,190.6535598757297,182.71375969164097,81.6024416358922,285.392887912504,249.60985201942407,119.59510492908312,267.65171939240014,166.32928770396123,80.2738691343644,164.93369275454404,172.12556662838168,100.16779675961564,278.9460682775179,173.53099046191704,96.45580166510678,250.9340822018412,159.60984357778102,60.01934964216018,323.9084417249046,187.03861590663632,64.94802922421313,254.3564339149466,190.5946951468249,104.27857860375595,231.00186615800774,106.565969511075,38.50324956215242,245.9065037549966,182.8892477034604,81.88750253698745,224.39476498219992,187.3719424391077,144.59034912346843,187.73300129989917,115.47768886199042,57.839768405229236,269.60767689188935,252.53164842856103,68.72842393370503,242.70557282525502,298.0288317118272,84.69987187380899,355.4199306393572,194.83323244371542,75.69839992182952,227.75002264629836,192.51516733761477,84.86883134043856,310.92391247544134,213.72321982453806,76.64951597238503,266.95896871594493,180.76091481676366,59.746828421723514,170.61648795882616,156.90758185818643,81.54149207003496,264.97789061508513,191.05780300947478,76.37971342227078,229.96482440793136,111.24214440814468,74.17855251368127,308.5832753263957,257.93388393262194,109.96944860174088,279.49266661667394,163.53444584751264,98.2664753697465,173.4836952529488,168.9994889042103,57.09525448999109,265.0690215025243,217.3932603120059,95.4325579786005,286.3890715527558,131.30274399425917,100.74966759214297,103.0041805782464
9,7,0.0,0.0,127.43420418259856,419.0623174447239,207.50967873918833,131.67497178197823,325.77047911683604,128.28876367372607,81.88586958893302,310.01916512073484,237.0777936798373,117.57889522655887,321.5704566933459,110.62388276605847,37.715437675742294,261.18355170179007,178.6259580581513,103.0538361507871,226.3638385013001,94.3414867376878,78.2880356341749,250.6700628704725,216.81013523417278,90.31430918482069,278.2275077522537,164.34628100034018,100.72062635824417,187.93909860921073,99.36824518356642,55.784139588378075,330.8785968343043,207.08998643619066,80.82230130445116,270.5714105857399,210.6969080128536,54.96478338088415,261.5951158448786,189.2585823193299,47.05225430435261,229.37221224964378,143.48527584887142,95.61198983130873,270.4484801046748,81.69795426755162,40.6252959226179,265.82279870062666,144.05800636267554,104.6395203985006,221.21925728745703,182.03914169008127,143.26475601773163,204.12424304793558,82.6352426759591,57.172396615678466,338.5552502377575,264.91276423418066,50.81291911761835,359.6354589982057,215.03986873715724,92.40182953013398,349.07245854696714,236.16979069706974,99.61807087248208,317.40745102607605,236.57128586028531,92.9983241839267,346.0263891140582,242.29927943744678,95.33889191644113,235.04081412466056,194.08511138602893,49.7453305184823,242.8047159211404,191.2252637643299,83.02945781919979,207.60264246803365,182.555604165712,129.65353647206183,166.7478681269177,115.22256434113989,52.587518787436295,265.95047378618176,250.97189386439067,131.70278956051908,254.17782534122284,109.11204351806091,95.94016476964173,219.07205954993617,95.52812079152676,62.060283299562954,238.20769991731794,202.41953215260693,89.41463846373188,183.92404535270467,119.14495345094014,93.33933261989354,90.95959890158703
9,8,0.0,0.0,165.67732103776805,418.5458711950826,206.98116436057202,109.49434346218278,361.828895090628,234.91441314343058,104.09564664728853,265.9476991465722,208.51676215090401,163.51509448455818,306.6405069189972,194.41580500776638,67.638371413859,191.6265136605606,159.03629485971055,94.14763272368933,273.60483566954076,144.8094275995331,94.24239724062835,252.86578980202782,228.62083040355174,99.98548683519101,245.8036760602751,145.62191091071014,103.02877151618762,215.32533612055607,138.8518177500976,109.26356508700442,312.4020959951277,204.11678706258235,104.23003500159652,190.00868938836447,183.51756207943072,64.8803337602962,293.68037821516987,245.24239946987186,55.74670770462414,297.0599566641979,166.22449322048246,94.39120626677655,203.96356949138516,89.05944671808801,27.638325959688466,181.84327744691876,210.1208621553591,72.55716138865243,236.49610274693262,165.1831420235083,104.20459199783656,189.8878825115096,70.50001562133552,75.25203068784407,288.78372381335134,223.36248910580449,87.18654444897375,333.3781335595248,275.6478996643609,93.91541997174578,331.49892149041546,228.98779795026067,60.85221936590506,265.11045867963753,187.63001862458952,122.54504007692125,299.788954730139,207.426917932894,129.24542493684618,233.6869233452333,219.63987021562346,41.81217121706826,190.4565379923113,200.25972883872424,102.67331743575008,355.8782960967366,179.43744192484777,104.35025939731445,232.0655241964233,103.97811042118258,71.47534990412437,225.71106030975474,189.1564786016827,88.19085859962811,201.38535039212846,149.16751218523348,76.73904583741421,189.1320880654883,152.50204763569877,63.742135750963804,213.24288666804293,205.120440874426,119.3007778756804,214.0952381706074,147.03375353396913,89.46666034701093,113.41696839848957
9,9,0.0,0.0,100.37130687873403,246.16730130545423,181.8058697735427,109.06222823989125,333.31932301122094,166.60231393112093,76.06000647532181,318.1461339933776,205.8219059599324,92.54566874287312,367.97390315891187,183.51584766267825,50.85139975327813,154.76120045102408,176.15743476792147,116.48591529112628,174.23056489089694,134.24632700078485,71.14334072310288,314.03960125785335,148.0357590343071,90.2738196471688,187.8749321751328,137.07286469228916,91.31697058629446,193.8160991425059,79.11894237621595,88.9370267304833,303.671379495265,246.39414448764012,87.34572410156382,357.37223077745637,133.43572529246853,37.55261173604426,335.41896217675946,270.9924614388151,43.651906170080736,197.30635773662416,191.6696678155632,130.6750798336575,211.5883460403107,128.37068458391684,37.812924000836745,229.81802527906956,234.4085910843736,101.91170687830802,244.4373802362531,169.71155896716095,130.17328292006363,205.17285441048017,80.11989403423728,56.22143950336641,393.4994621118933,240.80050439355068,71.16382121390056,436.96007494631556,283.2340579540329,96.36479477585569,264.90983529622395,234.79890550317828,66.55240751202734,351.57481708658,216.49520933618723,111.23804593480286,252.59375552525037,223.27692351970367,61.68430947418891,257.4596680849758,205.75702018220085,54.72310680818366,248.65948231303383,168.28540528039105,76.67142218522844,194.34973089329327,229.82520723540844,108.70706903750077,230.61798257278852,95.2293718442955,79.57670108824894,302.65669569502063,262.5468564332213,107.73152503929441,202.95936710834516,103.20644778898331,118.48062363476033,190.36405655982202,151.71166894765787,51.20568476755473,253.1121151976177,206.15026522600894,108.24348791606148,225.768276103171,135.14405182069422,66.86838776307187,80.23940973608092
9,10,0.0,0.0,119.6160982612842,420.03564701329515,173.0039009669597,106.68351700165809,342.42991173205166,214.71780027435304,74.35164823103909,377.7190449641731,151.26026838148803,166.7826456345722,246.35086164241915,213.15738711030156,53.163399983892766,202.49092584494858,204.35081404142613,91.69257279329895,261.87755401273233,200.06407460024437,56.59212487108895,284.84575131335157,201.10198559120164,117.23243266400738,258.0148479377418,118.63181189819622,106.55998914633625,195.79257133444813,131.36632240362798,114.17918564025783,328.786591431926,125.25205659835345,119.27809424771903,285.2134237876399,205.41427651069964,51.298863096312544,230.21700970999473,211.058166624598,44.0096174618488,199.61064759978933,210.1521111761962,127.39176137415922,271.5552084493502,106.06526895380182,41.14174942816179,191.84500526875217,185.7472742779036,81.54835283167442,196.49217915742028,153.69107760173932,161.02774893186682,194.23283203135875,83.10229870685441,47.86432601066585,297.8230913546684,265.96730279233634,83.79665201373632,319.9873776726736,181.72654147249636,95.2585694535148,302.22919581259504,237.36922956693957,72.06489049781061,238.63602250782117,261.75122708633955,110.49888993921108,294.08521229581396,149.2658069898273,95.17468541961323,236.5807616930369,203.4688939476275,48.667673995103684,216.97466787069186,152.77312570991535,92.91495178920992,300.2274702980353,153.28402823603733,124.57541974277112,222.46081812419348,155.66403495969328,76.36689183310018,243.28212208775,235.13340150710235,92.66041002066865,334.1411779379538,134.632668420075,90.61016040927505,252.46110665943206,71.66730050238121,59.95772747399985,324.2185739709816,245.20188298044343,116.33149125372829,363.22117919822995,143.19653801542293,111.00299566820347,87.03987346591056
10,1,0.0,0.0,107.11967659543942,96.94282269379485,120.62323699093302,132.8582570046,157.47129961639612,24.655310266017334,97.1175240648571,154.10249622653677,39.772501211766986,126.26704691958834,183.17794434940475,49.01989440967134,76.0321993771237,138.4472005299071,88.66914467284172,81.50043055749329,129.21741243453476,79.9898166158955,37.42330359945717,148.85528419295017,128.99524145940842,121.03296633389965,159.8262640346203,45.40728643289649,101.44486943066852,208.95513326794148,48.91099795069897,98.3974190157381,165.06725074778774,63.45247402235591,172.83165389496475,146.55811968610567,13.48616767764828,135.08894465595512,137.772021035831,16.31096867110107,115.9403904324896,162.76958511449817,40.1867496453381,63.05568930786905,155.9912806425377,63.43489237901823,110.55280387411753,157.04875311296286,63.68266683087157,89.11061898444768,159.98992124413436,76.35994505320902,65.90798343379605,154.15223700432503,97.07792803102049,72.90826934131697,130.45348564261522,38.125451405250416,128.13659723105872,202.8117726756645,95.735790424723,123.4148567997492,111.37721912279599,53.29240272833767,53.18698909448059,132.62812585153154,77.53998334041712,76.26422812273226,135.20085686046173,55.17197131586158,105.42111946732763,227.72489334647648,52.4172769410036,92.35686155908223,128.55880114146757,36.95438849217274,71.56533165521715,146.22289491695707,57.95738693657406,106.5590142835258,164.12832167123491,69.43760166195074,83.49579138206407,123.76620561928586,24.483619953803004,62.63037103589372,230.88300304008746,116.23129192815354,68.76960740375941,128.4250825222948,81.05054482249074,56.316747436906994,207.00512981656343,134.83748690744156,80.60453666566889,133.1067154477114,54.612191573054986,64.77983460783672,90.84917808803563
10,2,0.0,0.0,102.44426757930988,198.58481204463519,84.7209908233258,133.49392501452235,110.72969485675452,4.6039374326844715,71.45035342609327,93.75622416306001,24.353370111533778,80.86774139473262,139.7671608248303,34.39967718734743,79.75875872936436,141.43272532834223,71.72561060385277,59.1019734241222,139.63305249889572,68.1824866523688,53.96707465876558,158.37116891852145,105.288359856743,83.7827474922409,160.058464024723,59.7155737942532,118.01612808678577,154.91351684994996,51.65151759658522,79.45203611692162,133.78752741427522,61.91167961053708,123.03169583690395,146.02254126953235,8.697471357928478,120.86159442288707,112.56439344393651,16.721874158243015,83.98803122735097,138.5417201570491,46.373856207240685,47.13181538752414,155.62516214121231,102.53104580544228,84.03498497142601,126.5787528067462,59.10615422465142,82.01667376057301,148.1956520399198,61.99334343151723,65.77608626019571,199.17132446455182,76.97959709850643,103.46814771086179,152.12620506337103,28.416620870578075,119.13050243332727,181.90212403040658,90.77385391198256,82.10232641260274,117.91813100090933,50.34467476555644,33.883292374132814,123.99552129941443,127.84351902668266,72.06090397317436,139.4815964704456,46.54470627503563,88.97730359220316,181.43534408891037,65.25821793264831,99.12273242975908,147.34713539836312,29.672580503854523,83.13452300027507,113.93251820200308,40.571968176214185,115.23835795100504,122.44085527910511,60.81414581544455,123.36392328200584,109.03138163049087,29.119254384961025,54.873888074654545,150.58857390598638,96.58098547852475,56.71780530786821,173.36697961480593,125.73100694801447,70.76557675256954,244.81863145291493,117.79067008398181,83.09983836382698,131.67985382862443,48.24324658635624,82.31250053090606,104.841499195324
10,3,0.0,0.0,103.65081350674282,113.46700562605176,74.5412328741216,144.72963383857802,139.7537429403856,12.569776858191945,123.11028576369196,153.9871250287358,37.279385079348565,114.55759086253452,186.80003485051012,48.44964741262651,75.03538990568894,169.2619436474668,80.0618815078012,70.93401348993277,170.50190643390653,74.6706804075063,55.59011337592623,168.0585759877536,61.07677614231958,66.51853166672353,160.9142666506974,46.45967905417689,100.01217028776438,131.55321840190854,60.829818386394045,75.08734046030462,121.57907717063458,95.7589517462337,128.37814156836484,142.5675527415972,10.659040779623687,139.72202975019647,135.64826595386873,16.780576742766243,76.55034181388876,129.53757657565853,66.02464080893441,53.561791138047724,200.24672407537062,115.10721614961261,54.85365417839432,140.5571612536825,56.1702656125657,86.23929865149084,170.53300919418862,74.25577367435963,59.81672068905174,105.84301343269566,115.84054141567728,64.55773981644631,113.71070895372665,32.1850756669537,118.7383233185943,197.6257063428467,50.29198912986255,79.11541600639953,135.45877119547671,56.90633171782268,44.509651273796976,148.3850425210647,128.07733281602376,97.14879327848348,139.52726876440644,66.45335820025299,77.94161283627928,152.3410610029338,63.74857787133321,113.79935581237498,145.5591797934257,27.51117499024602,80.60687844047925,130.47130858759581,65.90878449275264,96.95544757070994,218.04173727250105,49.724739605499494,128.5344463906537,130.14005145419682,22.702124117348216,58.58254272040334,212.9597550916345,83.42615327946066,56.614572886129054,207.7061820236287,68.19234008854448,46.92734216528977,237.2504408142712,198.5124755110109,112.99535420957638,148.94822889735275,58.01888167644089,80.68834614296529,101.68844215102958
10,4,0.0,0.0,75.51268594492312,196.53044056356435,81.74936470396119,152.26862282656296,170.4557990126384,10.465884588119234,103.70782345238653,161.81100625226406,37.09656466258289,102.3904793811101,127.46158349453765,43.42615543769229,71.46295627350624,147.49251096991753,67.86206667900522,81.43856561351404,162.3068381093957,71.05197670205025,33.829964721703575,177.76645735582287,117.83463365236848,87.73845437649166,96.67722890553887,31.408600278204126,112.8433380375236,137.8583874950564,62.214893205849805,75.14124404604414,131.13790330240377,82.36979755184515,91.10796026816607,148.65436132577076,14.019794693270924,110.00350807303508,121.1174009232613,16.545217124083155,103.45500709430839,122.71944065362511,41.7720800816191,71.89992068165608,156.48611674102932,95.00340441460979,76.34150881468832,156.57775569459895,59.75165886941958,90.34014595354483,108.45241078380383,100.85151137171977,76.43022668978736,162.47331902028984,105.90219602790349,90.43749126152993,91.82064969745656,32.776872907795045,121.85171268344945,250.73306648607388,95.07607024851559,79.56314510843549,133.85400197532522,46.2306206943856,35.236713564182566,118.23695532198299,92.00482371064979,78.98815891138045,107.45204795268046,54.91277662613166,111.74153122205186,187.6889839523705,35.684565688100335,88.97057299130263,159.523325175971,36.85785502290725,80.3609863772771,128.27959189319787,69.56677173855252,121.5917102413377,170.34547535376896,57.7005051042959,108.95928723532127,167.40989036369888,23.25033285441728,71.99660404079597,144.0523912451955,140.1468551144918,50.43481828158073,204.55126588198337,110.89387908354419,62.2534860373935,155.0844589481997,161.28140745738483,79.04782419544361,119.0516837565329,42.4485024789221,49.76399758520691,97.82019887270444
10,5,0.0,0.0,72.18369285213015,127.4289941164817,78.37456882478578,146.60712618745683,160.41272699748762,18.505842924658694,103.130749409914,152.30533438763572,27.852544134366752,95.63604459752653,149.7238766973193,28.694493571454252,57.971161624883884,174.69168024195477,61.668714984139996,75.55141226120006,148.31751596940484,117.95588062696663,41.695263689141726,156.4103235100797,142.9461238705884,112.24015950904646,199.29106873066627,33.38191646076046,76.42116784078304,191.52360012503948,58.30235325161335,85.09337822989076,151.54783808771046,96.07266719906723,133.54151450079073,143.98265406027272,12.703245767896895,123.75436548250187,60.26592420654161,9.915446131272404,74.49114787899659,162.75906111515874,48.22610799806226,49.0307641593503,115.31778909379983,81.00945834838033,86.5790972970882,180.72795455199187,76.91772548040852,42.76443556343353,148.47097159114284,68.19279538168297,55.24095516453669,176.9828322576404,85.5189745755144,83.54952799875909,138.7022732564444,25.694110997533272,135.30604089373887,142.36388710044585,82.58004594597976,74.31129351211212,138.01659510735075,41.07501888687454,53.89450125656039,160.599360747793,120.56875610018598,76.9226567292859,147.48910602253474,78.90248490432079,97.1981038284202,215.99596557833428,40.11944832033945,116.0334270921708,128.95020843204983,34.37146053194567,89.00241979318149,133.25210948967995,82.42656965391893,142.51899410291097,194.88345138382132,56.926442166121696,99.96541102141816,131.1710539913189,34.04653677144895,58.489837160784035,199.1736514456546,93.53038295715277,78.46510824667668,201.37378052819003,123.12562115754534,62.59516019970335,233.5253449330767,79.98793394203327,84.53102586718522,156.85920223008088,51.459488124974996,74.96858936108706,74.15066619473686
10,6,0.0,0.0,106.97693029390979,151.41053668363088,81.87841159883698,125.88165029321308,164.56700533700877,20.890969219737872,69.69811262804338,156.64782377244404,47.786957001847625,117.54068856818297,174.55222573963135,41.310101884728766,61.95541181485413,135.569098446117,95.29231986325838,49.47052181624738,184.2236726107941,70.45387274854764,45.932354964991625,161.92867855694578,116.21471202314713,123.63877993029084,154.82399027243517,67.73986132709886,88.65749348415534,175.93829819989486,71.97248284798002,76.608881639154,192.12281977537464,74.15053202144593,143.76198556344553,134.36930210267414,17.768560333910216,107.77800248498629,112.70134162636948,7.561018165740604,83.00515882875958,122.50622479697341,59.34686866454675,52.53319140204843,145.31508395117064,116.23035677391745,89.02852592570201,117.5192270234384,70.1430456019653,65.10215449019766,103.12591980281704,91.59238175050997,59.64602187917027,183.16266827992828,59.24714116933672,92.26095350178463,145.63881964023128,40.932824322172735,109.0330179914803,164.39593840323275,107.29419125651098,62.43156256635753,112.44590994739572,57.43138641268183,34.568894215847244,122.52858171510654,104.54395380378126,87.71326734775107,120.74275887082707,47.62757191571106,95.5264248624067,161.28708756999316,50.08673121032366,75.27883508680011,108.81300213736269,38.69655792393811,77.05691443804884,166.52856463272033,45.60021181598236,100.7390664263786,178.08845347130207,77.9902619895253,107.63839944305717,162.21472404012118,35.17662145859294,60.835196357314224,186.60553950809725,120.29561735448478,49.43414236373192,167.27167254879276,135.87568532165278,63.52758931344884,201.0319993079216,206.14928861435993,79.80756574150435,185.30415663149523,56.24279156926636,81.80253807421752,112.48899545476492
10,7,0.0,0.0,69.57507632617853,172.1342294735045,67.64649075533421,122.68967527279443,152.52496103754757,14.271875675287697,82.64976785114361,91.44516302284373,25.995359699874733,108.52904141198354,191.3368345506903,46.87709925745491,78.31381641667288,114.23086550194185,56.8128691395959,74.96388039506743,147.66195442318974,60.98844640480582,48.3607564957331,135.17897491548607,138.00028077862618,104.4654179725578,153.14446658785056,26.158962132961147,106.24488934941057,200.6045126727564,57.05473223150922,76.83055114145063,132.95919815034827,76.09423583700365,160.31273083441275,141.4763183137077,10.785241767661907,144.23715511293022,109.92727531959571,21.662716326180306,97.45264714546933,123.27828375761104,55.93416713445088,48.0603134949148,153.69494692417274,73.94703079531224,79.69170117572249,148.96957422814143,93.538106946912,71.92324270904068,168.442542678106,65.43029430669654,78.67503784231744,147.35217214961278,110.63062884096247,86.58263002681676,132.01538021609286,23.47119989601319,104.85310326905623,206.03752248882296,96.20878068242165,90.67211221168711,172.40730943064057,34.26859216488832,48.08535426814272,162.68614470575997,75.46391587584384,80.81768288021162,166.69273724019112,59.553114130402236,118.61423954919756,181.90740299771244,62.07751717922373,76.44409146465759,124.47174178159854,37.171129407680006,81.90438358588231,134.18184667112834,58.731010381318455,83.14175446616949,201.23626215504066,59.07101838684717,112.68784129897031,125.4913787732494,28.252784075273347,64.24421201542646,177.31568645622193,115.19976647689234,47.59044273427767,215.6473788125137,93.86025177075163,54.48666001066729,225.41145450271515,172.50321537686074,94.29282586243963,126.11520262722736,51.468848624798916,81.15703905467676,92.92578116843625
10,8,0.0,0.0,104.18509280591651,140.49396309239705,98.46300589400532,130.09906313568652,127.73433062051262,7.437299340063774,66.78468347754534,156.27851971308922,35.97670649773929,133.79355339049795,136.05040595852785,39.44582785567688,64.61498741513972,186.15589628832697,75.58155257277491,75.79085885174888,162.28402614172487,76.1537303902279,50.912422400826614,169.92394712211586,129.91109851654767,94.97542404503795,106.46576580842157,49.490558740105,99.35963398557553,203.8880519403267,54.677488635093454,85.91628684203711,153.2022521896107,66.09172995828281,159.20763795999608,172.5368370288292,6.523418287621534,97.87271269226775,108.47818601401933,15.545418481332597,89.54561356430146,133.29804462822472,60.80802475476117,60.01443202449281,182.1438886403546,112.7114464591182,64.35931514371667,130.33608601176635,52.886568186903915,60.19690110198727,185.77198300645074,72.80581632235918,68.87483535247188,171.16010020894473,87.62961568886107,95.29141660721815,106.95717309016929,40.20400341182915,97.32448011099157,146.6238393252024,94.33724675948166,94.0664452774819,179.18425743737723,39.579157634311024,39.66359333336278,168.1358419404952,96.81759573460579,89.98438733995948,144.50958786823287,40.54911014780585,87.93775875956993,178.4074728011648,70.3518233655418,85.04610937647143,90.67827520438115,49.87275629917418,74.05056445094269,166.52711467423626,68.85009784912826,78.67136029596378,188.56682854348867,61.17484007570574,119.64700328642883,145.5224559057271,28.776429958695434,78.52599982015904,216.41169542166972,98.31809430962652,46.07412373478907,200.44192298794482,118.36147197050202,72.46355885423554,182.89306713933235,177.95980382768977,115.86061658910909,129.2104133852658,55.9289855776717,92.45061243961537,72.67094396927554
10,9,0.0,0.0,99.07212578218346,184.98475234859376,103.48782152943788,95.39825023708254,116.4622517403925,11.108396770509561,92.89225112997886,120.8208159428075,34.481476754227,140.93044863432192,146.16963316428448,38.28610201600308,81.69860193799906,168.9637311573573,107.30315776209845,79.40496118490783,137.96229634953812,74.78590551234174,51.12238538987532,173.9365080523687,171.2735428020102,74.79403687575794,125.45056478181296,27.96676846091351,124.05398188559386,152.34012985016628,79.46056182536718,102.50500431556289,188.08214024229915,91.1760450280754,159.34900180314992,172.23623001653758,10.805834694931292,97.99285206082138,130.58445002201506,14.546441390741226,82.4381275461339,147.48789278887457,61.385162643716576,68.15336553115858,119.73131489465037,86.5286389556059,55.894699204018835,142.91086032056802,83.14469903556686,67.99458327784167,147.43293181362765,98.60681824717697,58.58104942594793,105.70625417671685,68.9200441406217,88.67339198847222,119.56612747628287,33.657222747974195,102.25375704915542,194.9191133554722,111.0893294650995,58.96980242431511,125.91058111504636,44.18289147094976,36.040732222653595,165.81930267324847,109.39353908066505,73.19701915221746,158.7212022962711,52.71854299744214,120.12379358195555,164.1004391353684,54.23411252211599,109.15108672199403,127.51613155897114,32.072666624960505,80.0947214397087,164.1650949288901,53.696085430179174,125.17877316716479,172.67902005119075,63.451033338118435,108.29505983297976,143.90883583837004,26.93642475268666,78.33572246579674,194.31054094141373,118.42236378315374,50.2881823390104,161.47411973501164,135.22494050617138,68.17200838817578,271.74143342759606,190.1722885878151,117.41511383913775,173.382066368682,52.7712754351004,74.37166906263057,97.77538419673233
10,10,0.0,0.0,86.79333978508879,174.89446456169665,85.06384638982234,151.4156660910213,140.64714829696197,9.79865091527756,96.85258054632122,115.03695463526621,35.82296732700082,148.1876275071122,131.1760283036628,41.677874669631,56.13272824304056,183.3189162786148,83.53522919516452,57.357019804180666,169.62467820871464,74.47746023510116,53.24680562658976,145.69672599684245,91.29037855330074,99.821221871314,107.24526290402162,45.90989357488611,92.06153804054026,146.01581360728346,63.7232307979982,79.33287800417138,163.45785523698797,59.652205227822094,105.01184835042696,148.43389318489727,6.5116436861179965,138.59261480931127,109.16944418412999,14.31454349497366,92.60262581134639,155.00781578502145,63.507190839144,56.850692767439,168.11565206497286,116.49884967000033,85.97995506007355,141.4274705177322,84.18410831751277,51.21444241043566,151.16332720406348,80.22128898143475,79.82220169128392,176.10693727402463,104.583456822711,98.1966319485229,131.38095954179255,40.305387099261864,127.84322542706666,188.00876808924383,79.05180590848502,92.08818454623082,144.91977826671786,55.42521695078992,32.47235976544424,169.5450041772931,145.496610790522,81.77425127627363,150.4769370877814,62.783161685585775,113.74839067554997,128.02460833128265,58.577991893712905,87.88254948240504,112.25675860088674,51.116286442577575,69.6490019247125,146.3102293297031,71.60173252871967,82.83171923095966,176.34174716247617,60.447056617866785,125.26193270156219,151.03936924303713,36.51546160663654,79.06755473655532,199.66772028883554,85.06979568882032,62.688272708736655,143.65719401205425,113.5871021106663,65.5303071107345,201.03027211036698,167.85589590291684,96.98153934804418,166.11280767389422,40.369894966878896,87.74154717084201,105.54689334662257
11,1,0.0,0.0,70.81901841069553,165.97283376482895,110.58136460094289,82.41963605758147,89.61186775941391,20.0836821963151,113.68048240108448,190.71165870567444,63.51229196921107,104.59042186320268,165.27828839808458,68.5732302260856,60.11680642175575,138.29093059044558,67.60629365830269,68.52753084344135,144.36529272881043,113.1311997006523,137.6181063601848,218.58595365121374,53.38863761855763,86.3198811881199,148.37194405896525,44.634284994053004,78.56282508041176,122.64318410152292,69.6777036508723,79.77023820062244,183.26085907077322,96.35345813191776,99.28731043327002,146.16176119927175,36.21868838455235,93.89366140906394,190.92576937255376,90.9529048231214,79.48305698355605,157.47093033598856,69.50955502260527,103.83572014257527,103.18404319529111,-7.1441790325109364,96.7116930412939,198.10747883818388,62.44562063753569,98.46253766890324,129.6803374183606,22.04359893030996,61.03765671768734,130.66544065915076,94.70401603675127,94.74839983872388,153.65986501227084,61.99458657695952,113.81828327339537,139.99999765880594,33.4404696629797,116.34874582734825,158.47224249177717,21.42569147051607,108.64269520094636,207.97074915243346,88.49890089805058,48.74444676381384,143.2571344562869,83.5050868459218,74.91125406198302,163.43770110593653,79.5992558638473,128.24232234984026,133.74936654821127,0.4110815088021851,124.85944651382886,146.92672184825983,54.88373561622414,36.078299812936,158.67387506655928,109.1513600965442,95.84038316264233,192.17239200369065,57.42859027410834,62.7806283421066,176.75169563208442,143.73670323169816,91.28043507242282,141.49614683380094,98.80880989198162,74.68480210848787,200.10568454416435,92.06215749988975,80.7118632103839,185.7014967310401,103.07815774812346,110.7201202971872,74.64798732084957
11,2,0.0,0.0,73.26900798964668,153.18005869681727,82.91517190119843,91.23754978004385,111.23687817496592,21.44552319950075,93.4348186030411,207.37443792336154,86.82381733315644,104.06330930014414,166.38570486991176,64.96475368405862,80.01317669815921,142.30445541860533,71.06700419357277,46.066902531184965,136.65735724505072,87.65015526273544,151.62241277259074,194.0267494555951,50.9516544529743,90.23779238894346,124.4736270960663,49.03273169368369,79.17080496103239,145.72394728474228,69.70324612502182,90.83659145414646,173.1917448438578,84.69252433096595,111.693313624948,130.04878004185537,32.27395956409534,99.1243315719905,175.1300819578007,81.16767806848587,81.96288454766777,149.60728833701043,52.27938454403996,114.74630263676218,95.72611229057493,-8.998916740226962,121.9970940466631,203.31094742675532,63.0636793659069,107.10098941044433,135.67876396607815,19.462532991243098,52.45002322567576,142.73944712763705,107.05250085264291,107.66833250935986,177.56369513388836,61.61824832468563,126.52670999359049,170.91669160989673,27.951879688809147,111.52567065209969,142.86587079477397,25.80860915274137,116.49713633156958,190.49902698175862,97.40112970690495,66.77439346401509,151.03365734259162,90.15923959058142,79.61685156903147,140.35529539403134,90.25035225298141,89.9682058057215,126.98066552791738,6.738327899013781,125.76299892852117,149.39638145427668,48.542705375386916,49.57881145347818,155.73814612515488,132.67755137000373,159.7381723838008,182.15968562044642,64.36183038245673,59.848620515605475,201.3610705939906,156.08198051300565,77.010257459419,167.80973349118298,110.89722359061717,64.15046648954802,168.71136068989603,88.79684259309361,74.8946353565242,193.95595245940655,108.62921593939372,98.12829862678133,90.11831170127701
11,3,0.0,0.0,75.70330670372122,191.67622380536608,105.63187846839787,94.62465263764949,111.93346696976643,20.491583869850206,111.34350473768669,190.74970225633152,76.87397951588478,126.70703450290108,151.25557013924364,59.99345524075266,82.70238081963296,144.67716767432285,67.45940162243295,59.34443475354837,125.64991272167843,102.79132371838176,127.6109967435457,211.19026512259893,67.40616910617948,90.93044073475917,133.86303198485552,32.39672414088109,103.57272856034973,135.00371585877758,73.47824324753437,79.75955216920717,142.2461109604787,64.48010130992328,133.41089539292236,128.36826884531905,24.725406451905087,112.46450066420171,169.67257598595117,83.84029677604886,90.34381726678662,162.1271300106005,62.17937106709092,88.90035864990725,90.47813916462049,-9.653738094754429,131.50249384587408,162.5425021601824,53.95827839616899,118.29881846838778,140.2852002543777,21.817047518352496,49.24370476223048,186.05306726830386,103.51673744749687,86.26838336346556,143.8840648784493,58.30616778806361,129.93095778933605,184.945040543241,33.42227705077279,104.50920404010176,122.39377147645925,23.460116689913704,112.66066014359654,191.3941317926665,84.61333737801056,61.40492848953579,134.78136594886476,79.56141303258063,60.07482075214192,155.38936434046346,72.96359000368966,113.22927973726068,127.25725103620924,4.418706588331437,107.89217477071016,163.8141744067564,60.37080462799459,46.727251846200545,206.97161062421972,99.86581285262446,121.53567876533059,146.41905093223465,56.14416067737783,73.10392083073964,227.84466569442148,155.16317851317595,95.18848945891884,217.8282277319005,95.27011264543769,65.36327943379757,188.9725453637789,102.26279413420981,92.32059749514717,169.89952677253845,85.72022408044809,117.08907594121652,80.49433719101884
11,4,0.0,0.0,77.3191571275437,187.53705087757703,99.11462711179341,89.48588285748389,101.56899256977479,15.362793681360888,112.99807088666176,231.03391056616618,59.156770608978,119.03248956906761,184.8222621289047,65.23243675287476,59.63180999233165,137.98354317655134,62.83274320180155,55.537435257116584,163.44448054055383,110.87467983881895,152.3767195701882,186.7037601021848,47.512184610153305,95.71897178770345,135.93621932974608,47.06910752059778,91.77860952105353,133.5214454148144,66.54017324363176,75.56577015434314,172.83620049325214,82.45629736532149,104.74308804318045,137.860309617185,40.39506148005908,109.71094243374291,176.74091953612685,73.45097614301231,74.62402590944785,168.05382765602695,75.8917756039069,93.25528662734845,100.45508574322753,-6.232486692347099,126.3399393716863,172.0484978115175,66.01423560302861,101.93380398369034,137.66199646375716,17.659277787857725,53.4862974587535,184.45941753014114,124.52160394477053,96.08978695256222,136.02693409503394,69.09444651408364,116.01628609907189,170.96846504128033,31.878869123886496,110.13479015155848,140.6352005571035,18.383898514156844,104.15778282613606,190.83103933348383,83.59477778879597,55.50077053029951,136.54831304890362,113.05433080227277,69.79821557588915,101.81332885770345,83.56612314125965,106.96609573343915,117.95304756576425,0.18993779071708383,117.93085794919193,141.13645115737512,30.795491782294704,43.8620933815699,154.33954502033768,120.9507742759445,128.52204698856158,170.69915728942007,56.96007870157108,88.27110058403137,172.94048674683827,159.91196555296307,62.008969107298924,173.48431587607698,100.44115281054196,63.96934430525952,171.1420903762855,104.58466688361082,73.59392282369723,162.9942860775768,96.05777639185868,99.96225178191371,70.28542082968761
11,5,0.0,0.0,75.17300579417683,144.53649094107953,93.48354929636362,108.78596161416816,100.14159963827167,20.308938973780755,100.03041395253973,170.5252744973089,58.87169538937743,109.96124903723921,161.89572159230144,69.81426450879509,76.95041068537414,153.20110667189314,70.8627338341178,39.31123871984374,146.08491038689087,103.4468259293322,140.31099580699149,201.6289938151154,60.46707072580625,93.55182276790526,151.31542107527034,39.01983804503155,95.08200828246035,162.15839000409457,62.072207182077804,82.10247373273194,138.2972051616479,100.71840586494793,108.05058921315064,115.90206386865228,32.84131509771948,92.55310135945405,163.01713037644325,84.80609224337465,99.80190160059922,154.53340823072276,60.87580394230156,125.83158387040206,97.17499340591625,-8.650429830350307,115.93531964738956,162.9644315905817,53.38829947174775,107.8198446700064,116.20293083225894,20.33008659558946,50.225906292871294,163.0151721962292,130.2965463089468,79.04293319115041,147.4193586119266,72.5954839487401,147.88437768853592,171.4897250728374,26.717660510854557,105.45654614009595,107.58053155464812,15.642764489021808,99.38965131790134,221.20091470589898,92.67113380087308,62.953052802529605,162.20516304847928,75.29210075655669,56.32734492019296,159.27355727242121,64.101174760735,94.70825092381108,93.73479396922971,7.8514970693343695,98.77977216018218,182.40632561835864,44.30333476987011,42.5285578499627,177.15764918778865,115.51787274526541,141.86240232790308,181.00419939118098,55.26026196726591,72.675555276745,201.5420871319401,168.03284972388713,83.31888159494098,195.61961657861244,128.48287905891289,72.68632673358925,147.29383472531856,102.77768326573494,78.31343762570926,142.68989631607485,109.77258261878849,94.5528114070853,90.39610861231657
11,6,0.0,0.0,72.95056668553214,151.86254015044298,84.86241063577317,96.5988993725037,117.69636569953457,22.297113111347965,84.64978430743088,182.603338061796,69.20250718364144,125.41219980597042,164.35613336476086,66.13211641298653,72.39467469217148,142.34258790479737,64.48785659738918,48.77942953895781,163.40008277736828,87.56677762444356,155.65870606725923,213.77675541225327,65.11048654712084,95.22590245623788,149.54647136494074,43.757367065875904,92.30278524389162,128.2616982874855,72.02750463242621,91.39416553994134,192.57469200053623,82.94039333754742,111.50568689905347,152.66678885532357,36.11815850991827,117.39074890215392,171.06559813811955,84.24918632591094,71.81160279806737,140.26054980114222,79.38982363859913,83.79641007580243,88.299085524803,-8.430140989271797,130.75694572728057,213.51416996882736,65.71126540794012,100.19705120183438,128.50979707913189,16.017390117425123,57.65758571321436,166.1869063603246,139.33389007360927,86.44559939159697,148.2956880348874,71.57446102746317,140.76729905814975,180.27580369921407,35.383938159510265,120.85909154954042,160.7671537724227,16.843369237769245,115.86110895765191,162.07955606158006,65.27733635750374,53.68487140875898,166.5553297261014,83.44387394681073,86.39351754853944,165.81052540208452,79.2477755964498,131.35634574142824,104.53143799657371,2.106812728619007,109.93936996226758,141.54958323924365,54.384860486131004,41.28442009409638,145.73074250925885,123.37449088165745,120.84444723405258,209.4642658677553,76.50297946735961,60.36263189109806,200.12863465554125,168.75791257083264,96.93877554971814,169.43475257846342,92.41002640497247,74.04641844163837,161.7115027886534,105.92421458269786,77.89644488742958,153.89158086047794,75.47011771824825,116.18105921837903,89.14193110690195
11,7,0.0,0.0,58.83679044195296,185.0481523192973,66.56120811118276,109.1592754552892,122.07970480785761,23.99471629930678,115.82115162436128,197.72305173290775,61.654649867272084,121.90836833459194,176.81241313100543,51.11566902901888,81.40043235415648,119.40690173603227,61.57933812264446,47.387487524831506,187.65088612993586,128.22682687485818,135.0998501201112,181.19406036039703,49.74302264138956,94.2166052169549,130.3396124049793,47.44485944558609,91.16103060792402,151.2015641177973,57.82788258688062,96.2454988629186,176.0213524982681,81.79667558017277,105.57237560335103,135.55742577486896,24.59980996061696,108.67511652552335,203.2238253153496,69.13594889306715,84.32781633406425,151.62168309130448,73.20625520572948,96.18582968843481,81.94017074548157,-12.292480465999201,139.8135721196049,165.16270777729594,74.35765856284573,97.84837519157747,127.03503081632421,13.41661059864114,38.57544567724802,166.97013458202323,99.97411047636702,99.93536610016695,135.20002196085716,65.15347379114706,158.93669787568433,153.07960472087038,31.773493380769004,101.39361496054134,129.7242943447325,21.41098417687995,98.8045332247753,197.00689245783505,82.42217524816856,62.754349013114165,139.10973345313337,83.11821089170134,80.5282947416572,137.5936358930194,85.33542484219223,112.47373978624736,116.99255264523984,1.2301818869254544,138.81584039602473,147.26887169704375,43.40514335031396,48.79475732122479,179.59059224068685,111.86604143727388,140.38958186062092,186.08576838109445,65.41286416879562,56.4240968750488,167.5780666300806,139.47754469700243,73.11843420401546,172.64346893020436,105.4534505158212,74.27814711218008,165.63430981259023,85.63837928959202,76.1498382271397,173.56272709211808,82.67597166804812,104.85754444005109,113.47399702818525
11,8,0.0,0.0,74.70420580892937,177.10176514563022,87.74598071108122,96.39765015579495,105.79942971359095,12.038044209705257,109.92422188330141,209.88649390820328,74.08534385448573,110.01042050558503,167.73778016016544,63.09587907671778,70.72605047260694,126.8825697505659,70.44538861612294,50.44873768118678,165.15658068922292,117.31996781957733,130.85414067433183,191.64348857475028,27.124276234166942,83.81971614974188,143.40591070554183,51.27488081771039,85.20915640450751,157.63209730118209,53.92436830360677,62.40373644030418,141.47968519514555,101.96217543635315,103.90911282149281,164.2475646261382,34.38727633099686,111.43792909876346,178.73294368966293,67.95470108908847,91.69394779891631,158.16630957040636,59.53272799942643,112.91512098676942,79.35726317321738,-6.668495715541681,120.73804261534153,198.14862306578556,61.388908816545985,112.47983417840717,113.92151592862217,16.37304969969631,50.15467541602156,196.00305826113083,136.85047879742265,96.82380160838088,131.1388668112035,78.44955851979955,140.52720005957917,166.95064952677146,31.036491182363548,115.26006916217425,140.40203140703827,18.263330179233318,128.19855774786004,166.30096604683297,78.10313749947993,68.67791672176381,152.39227091643917,77.92561440038214,84.27594786776541,163.8245801557709,76.67698389437714,99.95783141625594,127.00161961359447,-2.6480412954943855,103.6118830387423,143.62306403255576,31.99683359447698,40.07927358280276,166.41792703196296,123.56111065162082,146.61531847812603,225.22936974806677,68.43217417036179,71.5424156640219,211.43006089223007,116.05954564533492,83.10144960951011,207.2726208505791,95.77252891717066,69.6907281303857,148.17257394709256,94.3164753075158,74.90849467249053,148.5571235253361,106.54519853124698,109.17774419451746,69.21875736188468
11,9,0.0,0.0,87.42696803526793,180.77710403930215,100.33572909663832,90.8694357807882,121.79055383057413,25.874217614897145,99.74737473610507,189.81954108768326,73.28532717452939,114.75696632814842,208.872882674067,49.17997530376302,77.36977871366075,155.03148525390623,80.66433038512001,56.03937143989635,120.15747759299516,112.31724252874905,126.10841302753923,159.53482584340753,39.28937908010819,82.22439521338833,157.55019943789424,46.997393909844185,70.38936274029484,161.8976814654398,71.46701233437696,68.85770527291454,201.42421803231906,89.04340742329698,75.5361324433931,143.26832889401274,16.99719301899254,95.43677784772856,195.77657251531772,91.48981368706688,76.86521162133349,152.02282815477338,68.042136587119,106.6338761736971,117.6612606338199,-5.911860624960232,127.4863636366495,193.77723610974914,63.24018775597271,101.98242047724342,126.01145958590334,17.865523392384954,49.82460663585176,172.60379211927778,112.0204304884833,83.36167813646179,140.88974742291285,81.91585252605026,124.79117996322313,160.16288834238307,40.70136951690668,75.68114484908935,137.45492240542725,18.241413862127285,116.69990884654722,191.57387698353816,51.89630494605238,53.35591329379369,154.0124932686368,88.46854117686038,70.5988743884739,138.78423255201832,79.4199463193489,124.00891968180896,104.04973533420974,3.120229361682464,119.11730096285953,138.92376260833748,39.821158612777694,42.556637569551775,180.48610833294055,109.38455926869477,162.89763417885703,193.59026555161395,63.59257580603118,60.575924784094404,204.85369640546526,126.5717822759041,73.50635465133118,169.27129539855534,108.04030482150559,61.084277933085716,152.27743615810826,82.24186794313599,82.15353860931685,226.10955574248288,96.32950053169357,92.00328635841295,117.18332593525514
11,10,0.0,0.0,80.66043553723244,136.85515933761383,88.63902871221866,84.77042731431946,115.35962455902704,17.946350586674804,102.24183385416549,190.09593534021602,88.40805484282207,105.65841542870704,146.50138036544718,55.10201189746085,79.61114774219415,143.72582324137986,71.77838552450211,53.59949623750572,153.82215842650675,95.37128879248708,144.33396151809944,185.71980151993694,54.1119767639255,87.22157859713738,168.1338756341511,61.20068763461432,77.05708756005629,147.05273734383405,64.42466621378114,75.82940244998633,166.14295485296404,95.52584944396692,92.26779853466277,163.66671990679524,39.422627373373004,96.89914852692243,165.5498577611973,75.82048455797486,88.82010307042712,169.35137252314982,93.05723846577135,121.8940538658706,70.60459158307867,-4.487636164345531,111.79840877384359,182.18692731641076,64.25899535822985,95.28188515058564,131.6254119018675,19.76236702944405,50.451310367045345,196.2395272271092,113.5532363515691,90.4293672424253,145.27435377242296,69.00121809349521,138.1118409134765,157.5122901119651,33.670616358541416,100.23781681654324,137.37628640059432,21.0685720896425,109.2630982861864,181.78848764255747,84.21210008151868,53.59429994612812,164.39392514512517,81.40053419019027,71.44770216925662,148.6435401204724,72.96616582004671,114.90787221138866,95.71562845394263,5.226907234816255,120.82810242584132,142.47919893985699,32.40832533788436,46.265137044720426,165.43953852330037,111.8281890286704,140.35635527352576,201.94694574115212,83.24439357209943,64.43078474720636,172.936903079834,123.35899178270641,78.5204450088574,231.9279922979464,113.28591612730573,80.03221623215413,146.24142095452797,110.28351081239776,75.68643597865623,211.80383862470953,107.75289621967075,124.23298713003662,91.76566377308563
12,1,0.0,0.0,46.39638206534059,612.0972104516785,423.5279972413331,39.48536415875522,271.4328095037728,198.64466377135267,105.9172602133974,392.6538038000164,224.11931959071666,42.7564365201032,409.85921679818455,414.01337233516523,106.34448073886006,386.27288842236874,258.4472419033592,95.03186884706665,419.3955697427063,290.5916505573223,65.38618050412319,219.97219691057865,260.0742275923308,54.70302920222399,445.1912042171819,225.2665898724622,84.64991758639067,437.4785766204199,296.02811114927636,113.2192139962605,382.2387307124363,308.15204920619715,71.16529108760815,258.78144887070175,345.4497109708703,111.75350039845544,288.76977273009436,218.54301378407354,127.33073210690101,476.0191337224247,431.1694518844132,39.23060315100839,475.7859975984991,489.92132818668034,88.11463511547642,448.1021175948358,428.15866311487014,58.92222502980284,276.6212939656135,150.87033324449916,108.13556859513717,532.0567438259536,457.7564569550858,74.26815847614276,666.9366388071326,424.5388962643342,109.75127591945892,364.30608502947615,155.8011119778104,102.72535238663488,572.7837909418846,384.80378521202914,99.18555389375146,418.7016042238762,259.2157004745044,94.55868990811206,581.3381953691631,444.9713887645357,104.57929412770193,358.4726364194815,248.56530774483826,38.24643971923876,447.6485801511716,407.99789114139327,100.42027238549491,437.5960765835522,277.7564006281356,121.45498790250873,321.4607444758079,310.92157691115847,143.12940280827746,551.5774710342976,350.7327881344646,114.8052854217937,602.6303000887706,439.55759233493274,125.56606387612965,540.6670426141162,259.463517202989,61.28697681105327,312.37189332093067,263.5941843081172,92.6228807410555,542.2672370423364,368.59527157628656,57.97347237609513,123.27825780601802
12,2,0.0,0.0,39.4043644082372,538.2553551112351,430.66266020965077,34.96282480251601,353.81202150491066,221.1111734827296,110.70726381029742,304.20631741759433,255.99183098798795,36.18959650543965,489.12377067649555,460.9658886500702,105.00625398741148,399.28170349348557,298.48334100263753,61.09555854189644,361.4526601354283,344.6551800485802,86.19337553448531,314.27564461657215,218.7587006646281,62.51499835896395,492.5716702615484,261.56974083074357,106.40522478910299,312.85128091256456,268.8737324599607,110.23455054328753,634.6716655527666,244.74882764776265,79.80953892112744,420.10793927915006,291.0222748079134,144.71837591234728,243.11571063696638,245.5067112933987,144.5412202055801,463.4405767556898,288.4919587284087,59.664618245713584,722.4245698770749,509.229971772445,64.82636217201427,742.816256473014,530.1774867712736,78.56562325476035,324.0548121275489,182.74179540002547,75.71277983855147,535.2206434264078,392.7452623680254,80.21761721278826,542.1296868710499,412.2302196755528,134.25546660000705,276.2378528720319,285.85966048876844,89.52244140213875,401.7675188695797,388.03903531589987,92.82585446438482,348.9448389655636,221.1838478192372,84.87986521420528,569.5865204384463,411.78978332938465,90.78631782700955,474.6895923512794,304.3593141615483,36.27123712135856,440.8195044286065,378.60212116521336,97.60079280349532,242.07849670247583,277.2395579854977,161.66984368924173,374.08547402574044,449.0591989682618,90.85056082639831,438.12608931936825,393.81669752707523,132.38840918423043,626.7050144953209,356.40017526067123,112.78683169719609,562.7770697534394,451.23913285010275,81.24783043072118,363.475678122214,268.86605882387744,70.8758554602603,608.4116377868875,330.0343968065397,67.31611707623348,94.67138579335395
12,3,0.0,0.0,45.276553575297555,575.3245257240533,392.94985696042954,33.66729264112817,208.93475988689568,215.5787404361202,113.30761892347553,358.30742213842365,247.8089825363919,64.34541328858361,539.0941149335995,446.3317303025368,147.13786815267628,434.3870856229421,296.83423583378493,72.99244162261274,421.8304895720752,312.68656309871574,66.36345992087413,364.25515497097564,202.82532359106804,60.731738462317495,441.26893602939833,247.34338075159044,84.92585803757494,365.6107829668664,272.90911809441803,112.46821043050294,356.83428869970845,185.2841368145496,93.37806609994131,327.05704297921545,326.913630493754,158.2598587509604,338.9333513698492,202.32791265177434,125.66709744748684,479.421769958933,280.854914884109,51.62376077289314,451.61074602628184,567.6029575131754,96.5013171992303,609.3032690900609,395.70945944911114,66.43446753985252,330.05825139977645,231.43493009403022,79.14363756395471,498.7654320436312,456.66894061815697,94.81307117275755,465.66919707030166,560.4977208176228,84.88917135604137,277.02519478158587,227.9526849240581,58.96123730613888,471.97429376583517,460.46049100625436,93.21368342570602,315.1453070503492,250.36364008786563,101.8559289721749,592.6755552039721,452.37095751324625,97.40410395557082,381.05147885159806,366.2673982899038,45.1364941998713,489.0247953056656,268.9910140515757,135.0775609836451,441.0717242982683,248.56953277317615,116.72799538365567,531.1009009859044,314.7616636111418,76.8393624952297,308.3332770955453,319.911847270153,97.77216340995784,347.8469978571819,453.34303640385656,146.10964338073808,501.85618252358717,345.9865646877996,81.89413693747517,275.81316204923235,274.19540427205544,83.78505283219525,652.1855192621974,519.2504349549305,81.40703955120884,111.86568890345247
12,4,0.0,0.0,34.63623541858028,418.7349156602546,490.5765278120616,52.05283441183332,285.261043619103,236.66961691021194,115.19356285966592,303.4035381063591,242.65811557930851,46.27412740455107,403.6367266526322,467.8172896632584,113.68780845242001,430.31448607616477,260.5590281773261,82.27306666978778,372.95891257115017,331.6294629472054,58.86291623203118,330.90427684688837,190.83355947248074,41.013829897316185,356.4555583511262,191.33156804276416,102.83501149979926,197.99891236015608,333.73148450393256,118.57552703600695,489.38973055625735,270.45450456480967,100.598240580182,421.3454238511129,494.43969561997005,135.86006161223798,398.8786222012287,192.5705046045422,93.70104481487922,529.2486506544398,408.81222862709103,67.39766189157436,510.42750890261215,563.8131494984689,88.3180094342695,557.3133565091459,371.0046528080919,61.348096482528874,228.71509348255447,342.3704225731454,72.61074490332895,652.9319967871634,308.66116831967304,43.76829075845576,356.2084642730391,447.77445647023944,126.3478211917255,271.36993065602974,298.20150813330594,79.07649301878034,450.3906215391159,515.7330618554856,83.98823213152373,420.75796703999765,327.3691950472142,92.47768245335857,598.1618097917549,370.8834881646622,101.87416493786998,437.78760860528104,272.9947076931333,35.37582754685401,467.9501989366128,504.55016002842433,116.10882275488184,440.1800870467511,278.24256411613584,121.79124710536635,621.3301620481337,343.85289437588796,116.60066987524222,564.6959472442593,286.33980591116415,156.44720470761226,382.2638960510033,322.66949790063893,59.12745781810593,460.7161279757055,385.9152009925326,76.0550620278471,387.1586809751374,265.8475095318824,91.96710706509478,618.5095448131791,425.0220069469296,68.25081145688395,128.94474664241048
12,5,0.0,0.0,36.65816738529348,501.59760646937485,487.13813123471675,48.095144248645724,278.8524957611168,264.3306307957631,115.483784790537,321.8677378158279,232.80886465057225,53.38148237044653,530.2996676313045,537.6612001747594,127.66971393286893,332.69586352401365,333.25495124875175,74.0257207483065,371.41058292068374,256.8907525221144,63.25170560448017,325.92892861431955,202.0119692453064,50.49251413446218,348.64296336981994,361.13146977499815,76.31791493401636,337.8215674551551,323.2899945759597,111.80758519341849,374.74026133024336,269.9539999338541,84.52391191119622,317.81039747917623,282.7504107378334,100.78225976709477,336.6352323724107,171.2368258730235,169.32883540763905,498.13284481693216,417.9102422227117,68.33182388580354,478.78066215455004,463.27701854964226,80.67243851297896,393.9935339567729,512.9826330942008,69.51848712172958,317.5625346651962,266.3399441862928,76.67206163052067,498.08053097265764,507.98098482833836,77.71040442606854,638.8406710365515,515.7565249836355,92.47014322959359,307.9827990198735,227.0442422770583,43.416965916997576,601.3403261687574,311.0169695910687,82.33158379162595,366.19597856880387,303.6551091931897,100.20936160197681,419.8402608617352,379.98077613593694,129.26667384094566,372.4247304079387,276.97468933139675,48.78564588193677,384.1403427332173,253.079883123397,95.94234237127151,376.1383831386829,243.48681254153445,117.76476159463549,526.3374071269961,293.1969644713536,127.2820302276935,507.77833268596135,388.83376115563055,125.55450197608404,351.1500961350408,448.4527828805108,121.87787946867374,600.482331689218,280.4165065278015,55.67075873149291,371.7698496776838,288.5521250760938,97.03395036531218,515.821220561038,472.22599166078646,56.972342782489385,126.04890202646986
12,6,0.0,0.0,38.319585685592045,570.3283749250246,436.52992044521375,35.60998485684398,215.5728592379193,221.88107730215276,121.50732619455805,261.2929206950287,220.55218417718018,53.80697847342127,407.5177779455639,316.7499000442178,105.09665544389051,424.5935681389261,358.0056474255002,70.67458635296208,357.61928389551065,339.56002357685384,44.18217232987457,315.1990051746522,181.18307654565112,58.900892350524174,413.5421674493368,288.7608394222794,84.1301147656193,399.1755801326717,314.4916405450181,140.08100025296986,465.5180032189708,315.4961195646004,67.01854827020439,350.4138841824212,364.1975372694696,110.94171834088137,414.7341100229671,213.72492511486925,158.63965590395628,545.2860187699338,380.15793644346,65.5667872315707,503.0883877047057,452.23286317743134,75.90706147520879,612.3391500412384,312.8295700904606,59.666015959613524,350.55219718697606,254.08963249705485,77.50025433856473,586.6260080855351,476.0018692023672,79.10186644307501,743.7635871143191,457.9538607665548,87.00988597141662,383.4068508113416,308.21273840300034,70.95737032794997,708.0396317340726,393.71114936467666,100.48992755790006,369.35742495757364,259.48047779156246,123.41821202681453,654.3223271000534,313.50468463568814,132.37503664657902,369.3508169427522,229.09964687309406,49.96542065343429,396.0530890472782,301.1572761471319,111.78687461211204,330.82142007012686,181.02466130304848,131.5236698289481,498.1841371357644,361.8639398215434,114.54410771289369,435.9110226222673,314.7350750667739,114.03157827184442,473.42007284277037,333.17977279409837,124.17998969933649,453.1997989601123,328.9523333025983,90.20864658842592,340.72008255879416,276.8771858642279,90.77693988106485,446.7324892927224,524.8411055629598,36.528703304792884,103.11652081482002
12,7,0.0,0.0,49.29204752038327,607.9148413401655,544.6085002226208,51.74987005988982,275.4669483112268,197.81830568991384,114.64228724201924,267.1078658801305,246.61074955063847,49.31347968385827,491.56517733228696,513.8891345731903,133.28291026715286,367.1350673329898,198.1480238551988,42.324703358707026,411.20798830448564,242.26641422851955,82.73644054819538,303.7437743916526,216.58651713708127,60.231088608960945,347.7866647523815,346.2695466603619,95.04587945277541,371.8528191254322,370.88114889401163,121.50620948431404,406.9959586296864,359.404152796821,60.93839037831225,374.2714301761863,445.5834719345346,89.93964531528589,317.1159962474051,187.3704549232324,111.06223921063636,474.1904175818687,406.1677515591477,55.80518728222865,453.6469977141281,522.2587953758173,81.41192783864788,666.3236134092906,390.56224009447453,70.60429962207165,338.0843541511507,323.7248545423178,76.1297509812413,432.3829544007277,420.38773354941657,87.6870478727478,602.3395532742625,589.2507885099569,95.18911614884522,342.6027547150785,252.02847679739816,70.04298734989376,594.9554456601103,425.49729936394596,78.42268487869231,433.6595950718893,207.04447824871733,88.94411619205565,563.6482491856043,401.6752322349881,97.7383796118775,398.660068425671,267.82692710993507,51.180105190275995,389.6746443908674,407.61640567625005,121.63076214685536,296.4231747511992,297.19480470706094,152.41749994719476,495.99702590009014,294.5001373126572,122.34008484551886,721.4890690738579,501.08687920742574,115.94558682976738,406.7883680108649,412.52347955930736,161.1589550210952,482.10615915819983,402.9297949202062,80.43225646348765,412.3373563983466,291.893803834412,100.65397905403074,513.4471029918907,488.8344767946785,40.565476045552316,80.27030006488876
12,8,0.0,0.0,42.87753818126339,506.5318697584531,507.49875396507593,50.43889257712076,265.8898327641912,256.99204757770246,69.33511312654792,262.60805744867804,163.58538520429434,37.43748290413893,264.8743342501215,472.1702544624747,130.96505514429685,370.9659769703883,378.9392509823127,91.94353610588563,386.8761665624688,335.08063904502836,86.88730094728356,306.97059029817297,220.53160182263656,56.2287506129585,289.97895387263367,302.1165528314203,76.26620146870468,389.9878591207593,269.0601756495251,127.46646110984153,427.39467890070364,234.46447342919973,70.95513817262491,382.9607075137011,346.28058811922153,110.79462138096221,339.61175304018565,204.76656180024185,111.16499890253198,437.81296410191516,362.09882366237105,55.499141039834726,564.007913869509,377.91227785705183,89.10602980991277,410.44354080956725,500.27451428877816,77.775910776277,307.51789327632383,291.7292087864437,107.4710905845064,428.1028773668937,409.620983482483,67.16009998363323,613.1058160466021,574.7547718096423,92.93387449268525,373.968286509123,183.32303513653954,58.70295594501131,448.88801129664614,488.59109462220994,88.57348281482469,355.0927211767703,324.8031496308973,91.80077702742267,509.17458072900797,346.40374792187237,94.54357278946256,306.4820103250432,314.1263328303354,47.20348778533049,461.5910721890941,411.61630434033975,89.29238377595695,382.0294366182621,264.6897659528623,139.16070630757574,488.2565308343116,243.90812045727938,121.94097051012824,647.0814970116396,365.36705274928664,169.7850483732306,461.65548743477893,490.3187299877824,127.137642265856,492.80258309271585,435.7106878297838,56.28297970508205,220.60263044158413,405.3613933402437,93.86915851885999,499.4200410679916,696.7426731568187,72.58043596845049,130.49377665406504
12,9,0.0,0.0,57.43771960976811,473.2286569429726,550.4489179868427,43.89514656022125,291.9373817346314,218.72597236790878,112.47257195881423,331.32390179813535,181.30262205109142,49.39921859142912,482.1314621099121,376.89829585680485,126.0597591227973,465.86312593367273,301.5913068785917,65.80243677084881,469.15876114660483,309.88622498392215,72.98277554242699,307.99936818066834,194.3360527488947,55.58270903375019,468.8999019025426,354.3043155890612,65.70766082268379,430.7838961928896,363.22860449160606,92.02238428789329,360.5217631445479,278.27995950144754,73.73568120041804,421.5737812085066,364.74879645692226,157.63105112539085,320.7306866845167,206.30533672303318,148.5486862153634,419.67825823579005,492.59315500227433,46.15417048218245,405.3546752027348,456.4783272255337,60.44883836584039,551.7761755197595,473.15511085749796,78.75158197774589,362.8469250832708,318.46909464246613,70.01666738022251,683.4378985245411,486.52916421375016,77.03638750306536,549.8736705478475,574.9242994903572,89.07624433345418,324.8206174744947,241.79111873563795,57.35564671615561,406.95515505844924,402.26278046091664,90.54129656190578,403.4601110277814,378.5577341961643,82.51073365130289,434.49598986797673,502.632720854019,111.32863319977176,378.1630593233481,248.51539855771594,56.72702509358805,374.8969663159913,339.7323196405553,119.44729291241181,422.23105830553095,267.21943669565405,110.23252573090153,362.4355167066244,381.995460489924,119.40196225022258,482.61899024280643,486.7623750301898,143.70947396230812,509.75100024172616,387.4569576821698,130.0360948415812,597.6850611408316,335.63266776876213,80.20276608880133,448.94237879889386,215.37634569803063,102.61492687385807,623.6610375107718,318.10019620293053,79.37049917479592,118.51365355470256
12,10,0.0,0.0,45.51067412828651,417.6260863370543,479.4627506305003,37.76105070260896,208.99115871187263,213.18168467270107,94.03951702753919,231.82176255572762,225.25253533512392,46.841782636011374,437.51060646636955,490.7404502609557,91.97785477865422,298.8116273843525,272.77469411517194,63.515548416094326,420.2457142250138,300.5797870546676,67.16666260529253,315.1697068204238,196.63091657661354,33.041097814560544,435.1270022109372,302.6532505059675,78.4502062051186,305.1799490283315,275.3240057937685,122.94137708453613,416.2716754620624,235.40199333367497,81.57135649679248,370.07611848190584,408.83590732935687,125.08454917003536,354.2289115718798,154.25716874781813,140.82605006721934,695.9672330024802,527.366021228777,72.84426638316452,498.5345815299402,429.44447733268703,63.06910881329391,359.12012909033393,381.04520050682453,82.17900402730456,314.8593837181237,286.28572724480773,83.47584159486132,536.7601531070818,355.59913358541434,39.99439131446224,662.7762668080229,677.7596772903574,97.27149082282662,372.4016511556466,260.825339535901,69.83825512589353,406.8233734778502,334.7395203860001,100.08940947141046,342.90980028737613,242.5761844762794,76.8703348739439,501.2794990779843,344.25382363096156,86.7925490378422,470.0170669585225,433.6348530799717,51.05290883536876,457.6502093603674,228.728951410478,105.94839214020637,432.43745212582087,235.4184683743195,83.23131795736144,437.8890662247366,321.54371282213515,163.1615608715473,446.45074517578325,354.4898562800691,105.41660690555,512.8226800812806,377.6169519428941,99.463406268142,504.239923071516,336.29852471687906,81.82294293699708,378.66931818907545,235.7259545491177,110.80587105677924,694.4394915020312,419.7017375008099,78.17259686298532,98.9310914038057
13,1,0.0,0.0,102.20390865740868,293.0930701603827,217.35180307911074,55.11509877613908,514.0117584304662,396.65827464531844,112.42541960683991,357.5593230529998,252.7528624610955,66.59669079134936,388.5564537937647,246.38409236282862,77.16426664032211,283.57220749368037,240.80026859009445,68.93610891688205,258.78965190653184,179.20818743842935,100.98072754391936,341.3903195109931,235.0735204536046,42.91026893570961,349.32505457012576,258.5543638389323,144.19318330986,322.4645557930529,212.30698220383593,120.81387465943155,425.78287706383776,271.3331449487333,83.37987535455717,391.60872724322684,296.99500856937766,65.19337314711582,319.07555982634574,268.3872233115846,56.05718417179277,429.81483451677883,315.2949409261409,145.0365338734595,364.6680316857858,198.15156542881144,81.53979816197231,279.86409345444264,291.6194137625088,69.48303047558626,298.8427392935621,176.18814471545116,96.45764392318424,302.50552332437155,263.03299692409007,162.21864580244923,292.9382388848387,155.50918184987452,93.45844337349487,220.58173075398267,173.5333116317392,106.74471986982495,347.75143812547856,239.8409670108868,81.58714394814723,423.3282275788113,306.5572115970268,117.58194808517246,381.51976074580364,215.59016378217368,150.84186867566063,258.6767101657659,142.86414358370237,78.31516080501365,328.774207866428,231.1547108158588,61.18852809769589,333.4503042734363,351.5128532500861,105.73659350789549,324.12560934971714,194.29396527411035,86.60836981015072,262.3499578176238,179.11153267533754,71.231606676821,306.1184501040313,303.9818657140671,100.06682561212861,374.52106912293175,335.0551645391201,165.70175893354062,352.02552287515744,158.8671813059376,57.49026954930492,283.59518795213916,219.0656241230772,94.59066852176187,82.52901267495739
13,2,0.0,0.0,104.17056299120473,304.8565282010772,236.5830937059952,57.404133550534894,498.69976475028113,437.75396975476343,104.7494936347302,348.7066110255953,268.41998563380037,63.04393773000455,405.36643870387235,258.40338002866804,67.20604245086666,337.7214441582527,218.98787144355632,60.677520884032425,292.7955854887543,210.182814744489,98.16088586018691,346.8778427173326,220.32159635477566,41.27792851955876,310.92701534479187,281.9943155191329,138.21602300796096,278.5376864390821,234.51460913142154,112.32800862830098,377.57354704828276,269.30239913067703,88.53137572316564,383.52182207622684,303.40035805154105,60.53501604187489,308.63992268132887,252.64075666326775,56.18138255021304,383.78836961420836,308.8618742729468,153.34476672519466,374.52798050469033,210.5916362490898,62.53487247216011,361.6376921936515,298.5015396665292,61.699087278884086,240.72679777283162,188.35991966642197,85.64176197717022,302.58713442410544,222.82508992026328,159.59545141386695,241.6596860421538,142.82020796176616,99.30877193040374,262.4688790892372,159.3783727113313,106.08896206441658,319.3418145541485,255.25467361091452,78.98838103242207,396.550973845847,269.32317333976965,115.96650498307719,384.20396566781324,189.1718691143858,122.38742706720768,290.8171114695248,146.18627995800085,72.72111761885543,294.11249116477194,265.30470628625005,61.156477574432174,357.4947533567498,310.6514466772742,100.1646732224245,325.5437342054237,206.83832546401277,86.83049021972732,269.6883763900596,158.7120725284588,62.13526379858171,311.67865298221074,265.063234017366,81.01333664851505,340.8621549624481,324.2640667796886,139.01683251275847,268.8689334447945,153.51455996319868,53.66479915628556,227.9933648353919,181.6602224010073,84.0555032209559,80.88113235261233
13,3,0.0,0.0,121.3332613162405,359.3676977711869,251.97644028347366,67.38431123104175,431.7321419540832,385.99488599817005,109.83263348591521,377.71174011794767,248.00870159772433,65.89772573858146,394.5428576709938,258.51320487653254,71.66931939956574,284.60562424477394,212.9670492901937,70.90002628755232,236.62150146790793,196.74627628723255,79.54355336280071,256.68690774952074,165.7483328252665,48.49912210466222,279.3022283869298,296.399376736491,117.72668706538215,272.28996399954974,220.19977413476823,105.49358403988523,401.53914436891915,302.63198231837197,95.59443930940387,427.3114878767949,357.9491525587302,63.512979407468634,402.5850311526633,292.90908526062714,61.50958016984023,350.7423275393255,366.52799710868794,128.1952271503337,372.36253428719425,225.4944819326134,66.11121545102054,310.79890558377906,282.6422272937793,77.47358995586649,289.23547954845833,220.74541740243058,84.73048109236706,304.577888684292,201.46965077481812,184.41793135194928,304.8827451777502,126.71740314118193,82.55628441699415,238.80905008485556,163.64219200030604,91.1534262047087,363.77053824830705,237.74046080234166,63.91146259770551,351.0463206372572,289.82189681671895,111.03683890140809,348.005135470476,192.1258678654072,141.77804364600303,289.3200940700683,139.68751180955087,72.36991987484132,323.7331335405157,226.56723698633067,60.39973834379898,397.68172447642803,335.6039469991273,116.50485829450753,325.04340234937695,197.83061081214387,79.4293089657029,294.39584551247856,137.77302857009832,60.2129834010945,283.5900484207377,258.4602060786916,74.81635453671566,349.22776294145467,309.94583376611047,155.40455392863007,233.69371373955437,153.06694500259255,42.91368603313391,201.84235810010549,187.01567719143435,105.66938179772481,92.99523041592388
13,4,0.0,0.0,110.55430940547747,338.53360416635974,189.14380680631513,46.55432090788028,449.90731635262586,355.9078400968401,116.6288038085066,385.12434999011447,276.6440170659985,63.889771910018894,333.83111919975073,256.8399465218923,62.235783853108735,303.6053300667329,162.86500029034997,79.9651151199178,288.23761213192694,190.42770748465148,93.70024206194022,306.232558996154,223.1515179099158,37.45707622560682,331.99483426269643,265.71622406357704,111.07675963181407,338.50748345642404,199.81077423819053,114.348032957457,454.16852023147294,239.2138142176521,83.54500371808817,387.117212327252,335.6339775775861,62.76169770768731,346.53872100119526,289.532500958954,67.99478733352167,404.2175561076973,324.19333143300366,160.1028945999153,369.52604341711196,221.73723368467216,62.95030286618158,331.80104914142123,307.5419822688801,82.2366113508006,258.13830271308126,218.555013912063,85.25467310399088,312.22476241442644,200.52273297927297,157.1254537713661,295.711297469436,147.8002377741547,87.38416973771751,242.6585219672653,180.75207514525684,100.83665126862026,288.6202107795907,244.12352100516037,75.21552728092534,332.58335386397994,322.78169101975584,109.43298740248353,336.0149588609055,224.3696330638015,115.8762984187127,291.3907200359182,136.3094713431102,68.95449363198685,283.351429795172,198.77963570310263,64.06780950596315,363.04676905566845,340.06542742952655,117.33625495725389,310.1511251603691,252.47225227581765,88.71267556105447,259.18090736675856,161.12515206139253,60.045971193559964,375.19260302255196,322.88183134407444,66.02789718150382,331.4943326834024,284.4116259698651,164.60504900753006,270.6720342869932,149.44790652256586,48.668603494992645,252.4636203427187,195.28676572618767,97.86082673612857,131.61606893766455
13,5,0.0,0.0,104.79246656205088,334.21106772106583,212.1321045402952,60.485303009082955,537.1935079026911,433.7790594903923,96.59196626764086,399.44512529711284,247.11231447690943,71.27033239059334,368.1357525179189,309.3861266521083,66.305400138381,263.917456070379,211.35162979708994,68.2838592287409,250.57595302970734,171.62560347280302,94.01705376171695,281.99830779114694,181.36333803656984,40.00639732206879,287.9637711703957,224.93250838385194,110.39068745359774,339.91030503435303,202.89332214018788,123.04994684285623,368.9981065274279,287.66011309875296,98.3115639710372,399.53865336916516,308.2561073304008,67.49055011400931,365.5493508109208,268.1587558597873,70.68415614817461,411.6761509282596,321.68703920408865,135.14193606717134,387.59220872258425,218.19566408940955,69.72508981351402,305.1210307856371,249.74944784352647,74.73818973512537,270.0476513711632,223.41595237147723,89.93794498548392,260.1057702793942,225.08215435567553,156.15343953589408,291.35314782761253,142.13983309182555,91.23182039271448,256.37611988329735,158.8732169857104,105.20323826990149,440.87363353010386,194.69854398111957,76.7465246886094,348.10848251712497,295.76868491882124,101.14134879487192,318.96508061131675,188.06663126800035,123.2169343418337,272.01617426236044,148.5592493568189,73.30603607221387,319.5347518159102,218.3255994911192,62.47154388355999,331.5376786163296,316.77519190530995,104.42158091875265,326.52769254149246,196.72989765830945,82.29301928264599,293.62025483835305,182.81544369439442,76.847144797961,334.56645264378136,294.1641638304674,69.7442258013833,359.033865762721,275.6739610710015,138.7753412461225,312.1306243868295,159.81784393920765,50.585911028172106,208.53792189070177,177.07877862081997,103.4429704908193,94.61831162042336
13,6,0.0,0.0,107.85824270826161,323.3375925552936,206.71401473406496,61.99879899879378,528.1554475877139,299.9187238196494,108.97244213849125,393.7789495714458,227.5279228104826,69.35397279650294,353.08120530166826,318.8345895890214,61.6590640931505,322.9348674531191,224.69406992056798,73.9128178014166,279.8098288563783,176.2674352688323,89.45374199459572,282.4965208968835,205.3532619721816,49.61847782163872,317.7560112686006,243.04967035990123,122.45538068033335,307.4265431868537,171.18975268677698,105.22992480930796,382.7345866054438,266.5320834783911,90.95448841869867,382.73834192746824,270.36059015223674,58.09387712722517,339.8831489782442,272.8574271584713,63.33241465638853,426.9530086011889,349.87354336159376,142.46951545550985,307.2538667211801,215.23013047861167,59.34551392869879,350.2060430314331,235.33376529354587,74.51966005560212,319.7467531060198,243.87634529247896,96.41578401104309,271.41386112254077,198.68594535045008,151.6368545836733,263.34387965718946,149.16202235951616,96.33573703578516,251.1418742666779,160.69316041285288,106.14466291854119,377.8250845694534,249.47641210498608,77.83382686763753,384.11728779207255,300.30026591586414,126.88384718067124,394.5496747285495,263.8231174965696,123.5110404953386,298.73480665220086,138.8578252801996,66.0548462999799,319.1330838252479,248.16592256590212,69.87292095514682,347.15247632614773,295.1603217360117,118.14103466114433,304.8173075719845,206.18381859540693,86.09182898660376,297.8287390478089,160.9089919260223,67.38425893508918,353.63408813859576,273.94142965518836,87.50657943372147,370.34625683012274,281.17785820229454,128.63424183788993,313.8220104638958,162.8688989953597,49.21484867875819,264.3664106428867,185.74672301824634,95.12182771379413,131.7710526140146
13,7,0.0,0.0,117.39550316115685,319.47951992463294,186.63148646011388,56.30962829085573,432.6716514565751,453.03502362659356,110.2042578030881,387.6292659472136,259.40895188064417,64.05893572403816,325.7428913249558,296.4981465708788,71.90586917743084,274.20262247630694,275.28462909682526,80.52435706467215,262.033506820517,206.73968671784,95.89918384494041,256.37875391135236,197.58720318843115,38.46095427381209,265.0244555488733,255.36590136498992,136.81008749179955,317.4936641795328,128.07492044830212,109.80702542920268,480.2384668026027,300.9803237504866,75.37313439054628,387.8249956066691,260.96973797801724,71.8919369184793,332.1509010934165,262.06164959398296,55.677760932206056,422.3068242890651,361.59947725117,135.76519507789655,330.2224899111666,229.32390806346106,68.69922478027195,317.18030161273333,206.9015879090529,72.5742675916753,305.2543567158244,212.86340891640415,90.57942912189546,287.7487374226707,192.4520529738674,138.5903658381485,272.63169656175194,138.42547583219692,90.72082515087604,233.43622562038044,139.56028027709738,94.3094700082772,383.55766151086965,273.9719164943086,80.1786813000194,366.44539413040775,287.25768241425766,93.00376640895647,305.9005629733568,216.20473652325785,122.34525909002679,227.98897068664473,185.0669661105451,66.34888782460031,306.5376418669382,241.3852861753496,64.58169917165162,399.79256687827746,315.89056881447726,110.11980230619906,256.4642268789151,226.30899360050228,87.97268898439903,240.03748179742254,198.03722473052372,66.08830193318273,334.9058649224002,278.7183247147114,78.40862581094494,418.37043672801326,293.3456779513479,142.92864964419212,278.6561907879026,115.38627569492618,63.03179226574042,255.04664610552467,161.01144200614812,100.34440002325623,122.74955066472914
13,8,0.0,0.0,107.63138612876763,313.77032890666493,260.9466066131424,61.352060941276314,478.73732046374926,394.80595453589285,103.39530874766574,378.9542261054208,261.2248804951657,71.20509658555605,338.13895838460905,279.01360659613306,72.62025712281007,301.8812987251224,279.737450289885,71.20763478263845,273.80972110842214,186.32962444836156,92.75558037764978,337.8613637641019,219.18017606054806,49.40782679703912,267.98948090773195,245.04376920981505,120.64991420565183,373.2847213573331,197.83975526405195,121.60483629799246,385.32260094367126,308.6608203112193,84.10385281663197,387.0820515288072,295.1870542588495,68.41398209132633,354.6250787910636,312.76873009999997,57.246727108706985,409.8861110129538,317.83857523744985,102.98516333994596,378.10370657368895,199.56586052023383,63.57670375185351,349.49292506188254,263.98819617871385,72.3378684691174,278.84709205033175,218.48258478875255,95.43778607798873,305.8166894774958,224.75244384856856,169.001662707883,264.93372152529616,161.02457959635967,87.61645434854324,234.17860140224712,170.37798908678076,115.48328341049806,386.02874281309306,239.94695522263436,80.26077099557546,358.8251620322661,269.6057181422431,111.21897664727652,329.7954853365309,198.69945432121727,120.26615205074808,277.9332240582131,163.3145251115967,74.02682135101144,295.71494218937966,278.25346107803585,54.497551750936395,386.23221968808537,384.5134651735651,113.69397075086793,366.7060616751804,186.17341508116948,91.9910912397104,246.5120990184963,180.47730748241247,58.62643799402201,348.4279946065749,298.88507692403863,73.87840092575368,417.974466404312,291.35713320484695,147.76469907668815,256.27208827766384,162.46279185904558,54.994675599641354,205.11057951332648,199.2368522277511,101.96474694072229,79.53765952488152
13,9,0.0,0.0,112.04960969970587,354.8807360746946,225.71542815758824,64.55977428137446,525.4007023142758,341.0554613489011,113.40590674592379,351.0916322881742,245.06208285868104,68.6557710885955,342.81032820700176,290.3919889434821,79.38292198015456,298.6168023049396,236.69622671125484,66.70314072154285,291.25062214938197,179.39228376598643,82.86137800820669,283.91328828260197,216.6761866289626,42.08184351096715,374.336740624644,251.70045510451604,119.58469514701939,338.5584937261953,196.54099765402734,111.10916057464033,416.86353232571025,221.79914069922097,98.96135501525916,480.85668243175996,290.6932352056414,60.534350078783994,386.5779106940478,275.9526538631593,68.88773997406457,371.19922338985754,358.4648968750039,131.77475305451793,354.3271346003852,207.91330565405823,73.20499934121226,380.30744169381734,275.0882520287588,61.38676963896969,271.5041916319259,217.64052850181932,100.7056409389969,313.5331022610706,201.95605659642558,150.4881863221495,278.2386770582685,135.2118797973522,82.80685956238072,211.84983813644024,154.012352196177,98.50957950483205,376.26624254965105,254.5647684907535,66.46227575176589,389.8364993754527,330.814348797881,112.25281765595533,306.1964121069692,248.74365233730342,119.56721649056368,282.9049197141806,162.54971341973493,73.29514339408138,343.8501026952667,223.42336188599367,56.38614554060471,351.5121920381432,353.26800499741466,90.32657904220788,305.73578039572175,207.71355021134602,81.26253130951433,259.8293710769385,170.03769598312073,78.33847192358859,363.25056749765025,310.6872696172558,77.12448349715969,388.3292674713667,293.5020998373614,148.97976699096694,297.48303255459604,154.74371904961134,51.05224477557339,232.53558545286916,195.42440421583584,112.67449831909654,87.08180932037277
13,10,0.0,0.0,117.68673723755622,350.244553728552,188.27289981401066,64.67268661661812,510.62522481571517,470.92595295195304,117.00699796515782,369.94765124403887,260.5820802667287,66.46158652953102,376.79260358895914,265.9007817992159,69.6141395064026,315.025003998209,206.97703295396346,70.390028987962,244.49094012062326,195.40169425037288,96.45129086363842,220.10002453788863,173.04219300216363,37.6123438209555,327.53778302903385,257.6814271056139,114.02484602190025,348.55994012223465,198.7287646246674,113.65846450871513,316.2766285627956,281.92146387325664,94.04318068780202,475.9699197786278,282.4960832979172,69.62304028410821,323.7536862905636,239.73325360991657,59.04232541865126,313.34818132032143,335.3750629231129,123.08211083486258,372.3632183066567,217.44534900694038,60.925257368484864,331.54335794358013,347.7710997163423,77.52757362549681,296.30254221249163,220.16718630561763,86.90254768222087,290.37273990817215,195.98331142299006,181.87431387029207,307.75162588493623,146.3853216578731,91.38190120969567,250.64949956849037,156.43432792744184,95.74193951931767,306.97238855470556,218.43419820985562,73.07726866666917,387.6729343090067,318.60617481119664,111.93898729438625,331.90502548312116,243.2705569551342,139.01266530105107,283.327360153496,141.45576677470774,63.148332697583484,276.01357003292173,247.14226557978336,52.64124062514472,345.99971293667636,268.7668321142433,96.74205104977406,315.7333736274424,220.7772804823449,94.34237088732405,242.87275806824672,178.4737073753062,68.20670850568364,375.66096150639277,308.56144166903243,80.80424219787609,355.42594433978337,304.8660224872716,131.8694525622723,251.8527153288574,160.53997124381698,54.79723800611404,227.58076476006624,178.1811010286651,99.36005120103208,121.49796431875777
14,1,0.0,0.0,41.65762220152284,512.3789977098913,364.2686489451079,149.7681907760735,419.40924250570373,276.744430674729,107.32674503658605,447.1188958015525,280.87909515729456,92.90410653221576,325.84353406161574,278.9774775285018,75.02309552043921,312.14206651934046,185.83791976903825,121.4009474054107,389.7274754801258,299.02851735660465,86.58930395467682,502.45208562076317,397.33342422497867,36.03585188063533,365.6891711741802,399.5448503410096,63.146017170208076,449.34407102486267,285.64040988513335,70.49641031919714,329.08999089511224,286.228694776655,26.45389330464153,443.84426182571104,385.79876514366026,82.91604335694149,393.78041290222853,209.3852121306874,78.33621372425299,384.6660740446251,264.7558984499743,91.07168002489826,379.8165997205788,288.3018509443299,137.80500980164425,428.03843310858394,385.66310463479687,78.35349880192436,687.8636884809098,491.93278475039887,83.64564388471717,405.47713866303235,326.0883506464254,112.71464865480202,325.8703384747373,303.19170799758837,97.33624939843594,381.5933316062733,355.6561011394763,78.4036681865565,488.45543697975296,311.0227404838171,126.53703117211853,410.41858693937064,251.97026153095985,89.66426079268783,380.3875603759743,245.9703822181729,52.270563952110024,516.2399746027168,482.1130849383071,96.479212096802,387.52318410300916,363.1857159865037,121.12997873721389,273.52509717613896,228.09017428249885,138.04718976792728,393.1621749240337,318.770629103229,73.27373465962665,529.363926511718,327.3867536106753,82.69644690530122,297.76267060682517,256.48770213433886,135.08899610484536,333.8844200202902,72.33663771815375,95.70525588030551,380.89174430505443,279.50115993138905,51.838584214967156,551.8590355819006,414.8213570085897,63.777963089715016,102.3768366425919
14,2,0.0,0.0,34.401389983878545,348.25121214387326,253.34663999476288,131.3864386712796,403.6836701289202,364.21627886649117,102.24632452793568,335.94749186100785,243.1326812027292,75.89107416525297,423.3790758475345,289.8250280782583,72.62753882613016,258.28929168854165,273.0761291524642,134.9464837430589,307.1295323611864,265.38289483217585,120.82261567747473,343.1462539019228,247.6364813850457,34.5828130093281,491.6285472852261,358.1130648650151,75.22580043374352,503.0325214279558,368.47930391967054,80.20908970537721,372.0000380512119,363.062917795533,46.03933705002327,355.13505431997925,337.40759382471265,69.85456898477489,385.54734722708776,222.33482460736258,65.8159992655444,418.5589951309046,294.48435763196375,94.4347610695209,383.91655418932623,273.5977664890194,124.64623238314759,546.0025362080595,300.4974335272449,69.36917199986138,598.4034369022361,542.5708632338212,60.23881112319589,349.3414003358441,293.26920481483853,95.47253477755096,353.75878806710483,305.4821413334114,86.193038461935,480.056939471572,278.7411361025353,116.61578802275737,423.9908427458102,321.1326344064056,94.52810965896194,386.34309661310124,245.4085748018755,127.48581970310056,304.0953264424858,291.5788326131877,52.3366207590682,429.9416477165204,276.57204228813725,110.2871717862743,420.98280897207115,275.29615661613514,137.3869732806204,450.22440524176284,251.18989561030907,126.97422748716578,438.14030371303517,202.14579613444747,77.61338682928661,569.382725362886,427.70750200397583,108.33378728475256,389.1478915283823,384.72052146507224,119.01299746910315,240.73242537113487,143.43979094757486,117.9152333051342,384.8467990509032,338.69094134697343,29.31883549926757,452.55756222455307,331.4899706180887,75.53218301315951,122.93481557737839
14,3,0.0,0.0,41.574048570477,502.11320109184624,391.6702783839346,135.87830794164768,384.38261801801406,317.4802038929806,81.70000793519569,363.2738007650496,276.6253236047289,90.96210870840436,398.56742916880484,282.9919760457919,68.86038197490304,315.51644285388625,283.1760929748678,130.59226836003376,393.743571757805,303.2969517310975,110.10806379759713,491.85503920037155,240.796538310946,44.577364417918275,432.1998219860702,315.1297620117899,65.17479086333552,356.0408384776639,295.9522532110959,63.07748179472246,495.11738876904195,405.8766423303466,27.700019191439836,462.0418289079712,363.60397150358455,59.59579352463536,375.6730646849783,327.6404041404239,72.26909665519847,402.61325097396553,319.57003222113417,69.67703105296223,322.5963319040409,321.9784930718485,111.86704215442494,575.3683541352628,417.3658951561017,80.63528022185267,469.3680034473114,442.6289159799205,90.54359874057205,430.5362846800727,346.5725850752295,80.55856053361238,474.3171158619845,357.2690885001232,103.90189670346744,314.3432741124636,345.97543614434477,120.55089928973801,380.1761859807998,272.14221279133693,110.55323459148715,248.21553170845675,187.7912853507261,102.36578323453718,364.92277905771965,181.94921282804955,61.181846041645244,312.52293284566963,373.8435468770208,80.42150271898919,408.19025908332105,346.6195663415549,125.26523487226056,437.67806240072383,259.48687987515666,97.20892445004068,268.7148045623335,344.7147079821138,63.71913856228696,535.4280693086977,431.8772696099126,61.15567541891282,353.8865637288881,223.0440170338166,148.13417448072695,345.8640500600177,123.22902423601516,139.19315948555976,435.712921149737,256.9808976437974,39.18789968366702,440.0487923539904,494.36945573538594,71.51970813826397,95.11744214182366
14,4,0.0,0.0,39.96942671983277,444.2736449943241,376.05777068400056,145.38763951364228,478.3353856395078,272.116996010688,104.7724039190699,333.199256829039,270.776727247407,72.52159415053404,355.4222745292452,284.77827847598286,47.01640187840029,330.45142582187964,280.1639144517843,120.17205208076999,314.0309205064992,308.68521920144946,72.835161384201,503.10183696695117,354.295400852308,53.147355579588975,348.1787104709081,414.3973514751306,65.47429582510328,406.7599898765851,206.75266137971542,97.05155701478442,383.0632854992941,307.98301885486967,38.620624403170495,429.0633138461111,402.8923706072891,73.08129385018712,365.03339957858003,262.1628984461374,72.59586575295178,397.1162301416867,315.3399910372419,95.96313906767963,308.07658330461106,319.253628105475,149.7390849009294,465.793456351073,383.42676202144577,58.71588707093915,657.8290051645929,332.8027016619778,68.30891099680272,372.8818758052908,230.8891620043194,75.02538119801784,371.1291039770555,349.1119292439462,111.81434563153906,353.28740835931933,327.0302446569694,127.94866688981386,424.74320288517697,298.80135593505935,104.12829346640206,295.06791378153235,230.34854002865868,100.34554305152218,338.9543470043761,177.18835051562218,58.35828241633337,386.5082966677857,438.56151145370427,101.65532234423894,484.6287726247288,316.4751115818525,89.63809812135914,440.0582851764017,279.51320260305704,102.35423488184898,437.4518140783323,220.09920285144915,64.18069257197742,512.3289638449827,479.95609830493134,64.04465608044895,391.03456619303245,255.95860542657164,206.63358890362244,289.4383065146452,99.8876320428383,128.5453355239588,387.72103445572714,350.77722592257595,41.22171857820269,388.2872240354891,483.15568489961504,75.95448718550183,145.57724311738258
14,5,0.0,0.0,46.278790714511395,403.95460169122305,485.52343689735,119.87417281046098,369.540663965856,337.90532642469236,68.44451308540724,317.927425568843,293.36715588782243,95.03068779599043,351.83748107029925,262.12484289882485,63.89480870750839,271.7682715282166,301.27342406494864,122.07733294639186,390.20434983116473,276.7578156847218,110.37396682171007,469.7219798974727,296.002598728639,48.386231944168884,294.58869419019504,415.30208696317106,73.19645151962116,407.59250767330036,362.90764975532403,70.26961260105715,328.7581162450189,355.3672801867342,35.83345351188783,383.59281201621303,498.4383718128256,80.69360237182401,343.8214427738012,266.9217540170519,53.4611400863385,386.1434480279359,296.7194381768966,76.78730642028053,415.7893769586783,345.26481163549334,131.51444808911225,371.10942506538385,339.5106883956578,70.80981643191045,633.8194785405324,470.7545541555415,85.66693084997097,346.7435423260948,322.1008920060036,90.8462091759677,414.47530822359494,328.1071140122329,122.1406765738908,436.1519891524044,350.5131327928286,111.39906974002292,355.8281923708102,364.6674577086333,136.97274503407493,414.7284016160217,259.9621573419926,85.96789084981681,362.64994315906,245.46202737720714,45.13826286852768,509.7695112558096,401.97978056531576,105.24580656194411,341.69868015747755,370.71564888594503,130.08219959088973,422.5653121984204,201.85076537440335,145.51810435613692,405.654823129997,218.64616265700494,54.75555166011451,549.6004382463572,471.9136382653658,77.7536747070127,451.6819497252668,274.4854625087638,160.97073473448276,241.52357151868694,121.17761984606405,158.5385331860549,340.5298623468372,223.16831201660597,41.12966249869018,587.1209222036307,463.0885732788752,77.68738397615886,117.65330449175573
14,6,0.0,0.0,47.197579501089955,478.80085988185004,350.4795549609206,119.84717212442548,392.6697160924354,252.6256347135896,97.8268445047542,401.1139732877749,208.23604638044523,120.10780443482162,366.59370916896324,363.602948475648,85.93585486500668,391.9005396275065,247.62666019985625,115.06898408934214,450.993414579556,224.8083986556469,88.65038027110006,350.09742424499404,333.93007082816695,48.38626351095886,377.08205254035727,413.70158378405426,53.887538838740255,462.3444539344273,369.09320417224734,75.18593142266008,461.27102974323674,380.0710390558966,49.42098696599437,300.8001093887493,275.9219223810046,85.42687015428112,379.05915895539755,249.1343000815581,74.26371649295822,518.1338384237978,313.2321215053598,94.45059275816469,348.0565200449821,247.7886410054642,153.69690374347235,459.15929524161515,224.16106672959273,70.77893688614273,371.2709082918124,284.8986479335158,108.46778573250779,489.5227692862435,337.90190079489344,100.38160454702665,324.33760712018886,283.6494186205024,88.02928482570515,397.6797999623056,416.35271272162976,111.3776308261519,509.7840616629321,319.7405592807219,104.50840673461848,286.983781786301,148.35679944959787,75.49646466885743,380.8225781293496,252.92987587704073,50.247465054462175,391.31400120824605,458.5400300683069,112.23471557478942,504.4715020348164,223.70229273600103,104.82398277523735,337.2479538887169,206.5415717935093,104.93872214759352,389.58352637155076,227.03534698505507,62.84626966236689,575.5514207229982,441.34187396885056,68.13580271712479,392.6706444104445,308.8552171949875,155.7255593061947,259.5982950336983,104.00663458849377,115.65892296374136,417.6564725183279,372.31185131054235,51.6516630632854,539.4196515068129,496.871161452026,85.32505301117052,97.2911559355608
14,7,0.0,0.0,40.533743781916215,437.44338450587145,335.76427354953694,122.40361732771721,368.07754660320495,311.22232371431414,93.74256122709711,391.942543436795,259.6637243039805,82.32224433310586,385.4623655431509,253.21948626379384,84.82165687766835,308.280275259969,239.09917392831363,139.41323132285714,444.75198883929534,331.71140121172357,100.58022669951644,465.5380156235385,330.74691754999395,48.121104281170666,462.1800751313298,350.13503566459235,67.16617708966204,360.72358973705707,360.48532153518534,55.83608113947783,348.67283332213503,359.4856729566307,30.691586526574554,409.41353792963895,330.2902677510399,69.35463348274921,467.2302325887907,200.70155736514627,63.4087934914418,369.6458578110875,252.42595385313462,82.80401690821418,457.36814795258056,276.5570789921076,115.6471041697388,423.1815588546943,375.3794353751789,76.1662267956123,600.1529884595635,461.59350951040716,94.65529865817477,371.49838356005864,353.0784647265483,102.14750495694683,461.5077488198245,276.46757789447184,95.3943393704858,359.24927666460997,336.0494505984281,116.80138864178515,543.2266098713432,377.9621961652051,93.72081986197956,289.93324221348735,228.27055823069747,88.0655196705197,346.94935532408454,272.4286211876859,49.285624828709686,381.37194685451635,364.509009626004,98.78488601237231,481.52235374556955,342.89926184074443,130.46501731054855,362.5037981070556,270.8245680090188,148.5323900517899,417.8754945502985,314.22522385427084,65.81164304324591,399.5265723534227,466.3738507980195,58.24334485048182,431.91885175523214,270.36720463974876,157.1337642292045,288.8682199264917,129.35361791859282,101.85162022107113,487.60742453841664,293.7724673398189,42.23535144656388,536.2545389581649,384.7063758773891,72.95961648231038,74.33427389024214
14,8,0.0,0.0,47.23166862425216,374.9344379848493,302.6894934788626,123.65533489155126,440.8166635550384,346.53569038835525,77.5816014142808,439.9695819182409,289.5571731865263,79.8452234676619,407.4001460169016,330.4255490562508,78.54352917358584,329.6838065374215,242.33694775618147,122.2980215145877,396.4141482790026,207.1025290535146,83.15619213723204,363.9694049817284,311.66461837771084,28.311506735118364,325.7891799107318,369.59237286177546,65.99386057929189,394.7743837886943,368.9847339185655,56.452927716747396,324.83989472631964,280.3099278562762,34.83487372070333,409.6017972564491,318.07389862337106,82.47174519979052,290.1641906363993,310.8465718228311,63.82331463156149,254.77505140097264,290.0106805232363,55.71951896019492,295.1995876159607,258.8794049847412,121.84754306742192,451.8649231460548,434.3630880440933,86.09121800597714,510.96890903784634,510.79624611311687,69.75237294261426,374.64145155863343,332.2690914160073,77.86004287702679,332.7762043120326,364.6257682110114,113.03999636452303,492.303225614635,339.46884663072103,78.30613916083655,491.2866683430269,265.7352605808544,116.32358061322884,300.6571506290143,260.34942632694595,96.86125397541225,385.03702050336113,189.05315884058348,52.640440760776116,427.8754948812138,356.27896365676776,104.8624445865074,474.921195612979,318.50210739657865,128.60829386911252,444.4983319548397,332.5728570497186,98.144092643315,338.85724978180144,236.23485197823337,54.528230297996686,608.9190507290823,428.9414898465992,80.94960483661714,361.8311444971551,293.45298124093415,146.6794489616499,205.3469103786715,124.39287209273165,131.5623674267543,318.8965818385093,259.4474159734088,37.60831439850643,419.93756188784954,311.8703931071319,77.65044211193094,77.70134808868077
14,9,0.0,0.0,27.292505373605405,442.7841902670384,400.45369304848634,127.9767663341426,345.8911035840702,325.35891113250165,68.46273788731499,342.7907943868474,281.5280982524793,101.46355861530499,342.4547317311253,304.50043755360275,58.28516797764318,406.1783585945813,219.20601613658516,123.9719325952214,434.7516140190676,305.13918609887276,88.73648081766163,367.59956672060497,328.9361896593805,33.821079739675575,407.15608207246146,460.517500980552,78.49954116155435,439.6936423290385,392.3341014855314,76.71191813779926,321.05518128148594,343.4799732505081,43.10716551541513,396.65751250715067,329.36237193915383,53.65645993563419,297.56720144127485,249.59011609671649,78.6902065210484,468.5032998637685,318.1044357015972,88.14178128520204,485.00651236381015,336.7786591732584,136.74501082238004,485.9844641920018,340.4658558923915,80.2845756045093,602.3942078728619,432.7863150768896,72.76017297827238,379.4902522568306,285.1593644379035,100.82538868690555,435.31407477634815,264.0654696806422,96.618878027108,422.98199435572184,360.02973796938875,93.87655662778299,302.7869328756653,342.3472386965874,131.5991261928177,308.88434639219537,194.12417139224144,98.13031969678727,425.6338404898162,290.5928670689353,67.77069918901611,504.30400255908125,414.7112455700691,101.95832959197344,476.3009197043197,297.10565989586144,127.79714243448939,380.5802115664697,208.64861670264102,105.34644269935512,404.41233461912185,266.631080985155,94.78738673826129,385.9383217298647,473.6901091105859,79.14778608246324,453.52473049888437,286.02361058127104,123.45094434919834,245.8817719187721,157.18003864249562,132.96671365386126,359.68509263225303,264.26413807835763,48.78492926608386,459.9785371056324,324.3554279646344,76.8756123043305,71.04707676122072
14,10,0.0,0.0,46.64860069503101,403.9681980804367,314.6319632601812,119.24647306803814,430.8403339507894,290.67359274043093,99.09788108539884,346.98824126753374,187.7159393948646,90.030894827974,462.95379823918796,264.0821182622747,89.08461095494881,331.98220218397137,265.34997907824453,135.6174756781499,369.70500790342584,239.97680828753246,89.03521503158717,524.307407423869,378.66608825578265,35.69849517254543,480.1580699037197,469.7056777207197,62.47118046608444,508.3263784237191,325.26238012480457,77.06477976006592,458.8163736871593,419.93691015597176,34.71863658089773,431.3573347394588,401.71775157986144,72.1250165070901,288.7156083559344,316.95928921922985,76.58910224783303,311.2955140589137,241.63050437884874,83.15274148223985,361.02012183949546,306.12826075746045,94.89473858002108,377.2309757879927,302.2891933120767,67.81626473390789,490.192451222937,265.44250857223733,54.54138729168707,402.16020475360267,297.6028477869083,108.53925860671112,251.5049515373309,237.84570877926967,92.23618970072542,410.9595229177758,287.05087883270954,83.00333488798466,414.3866832399989,326.1771175013371,116.16394755991712,355.311200902188,221.41123230138558,105.61528944244871,351.2874017859738,245.82963989426497,46.89847608933001,471.1945414154673,344.8041862496688,103.51765090601032,442.02764667580016,301.3487327675489,135.3565480790072,471.4995277314873,290.85651192043053,90.17674468837758,317.6330491552955,271.8331156669157,55.67971320888741,518.7387446095066,414.74289957639184,80.97697561638618,261.0162724099445,246.36911653699352,175.61498805064915,282.29633803533824,159.35981942036247,133.33250449132552,262.7667552943792,264.03178901144827,28.564371810137466,379.8721185366722,537.6699557959824,61.49176101733141,85.01210351102051
15,1,0.0,0.0,40.47402461873331,300.12968255638765,243.74777018988212,141.76788568152836,172.6935502862787,50.22354104492532,125.7181504692149,271.7753184376775,116.54673004530902,130.45717157240466,212.64222326238337,106.29459618981676,69.38914682126796,161.39043539704707,98.45014005605181,86.09398109029077,159.01376034168172,114.13934597388689,54.5791215368539,236.7726005128989,180.34354637781792,74.418939369478,218.68959095171886,136.35340074789036,65.18804967545903,168.33885949810485,157.26381790773306,111.49218853898594,253.54012470763453,101.32740384096567,132.87834898606675,281.28538769289634,109.8726921529236,78.81788210458978,257.1177199231023,130.4990733867864,96.70402113926808,302.5869152512247,132.1141607669975,70.85738397303695,180.12332450571012,131.12531739925782,44.162366027382376,328.1710482508028,266.0697249779678,77.65773303502795,233.86709328040126,137.855700159185,48.87791070536026,183.71286251465224,221.87960939073852,103.26555748294291,186.52899380550065,105.56410147977202,41.80869172964486,301.80014805616224,235.79914014181577,69.38532963144016,297.58462420788095,154.62531998959602,87.00555751739184,266.3065589362128,202.19283147056117,99.84645438825203,284.1406761951958,196.83423985804984,54.48613257192066,207.75493541714013,146.77578939609265,70.80279059075347,275.07496099809237,147.5745144839559,105.63302509413036,146.53249182083505,152.4979894075043,133.80898017313257,160.08757198420614,21.552105786025578,62.77235923170271,199.81559534968397,283.82927084637004,136.2860429069665,263.1952901811046,139.6060096751723,50.09895939841613,242.9392723876772,166.3155424700503,101.0357281545105,214.7341384763277,157.71290959650628,43.874336277992164,283.85694183182744,253.93658415406045,103.18118821946567,99.82750938215842
15,2,0.0,0.0,49.85564025440138,316.9628909232631,210.6927920163112,136.26205559564158,220.9852558712077,59.15883641053086,137.43603252626386,292.226568092061,152.62016701620823,84.60659761664492,169.02249965213525,154.18854701669267,68.47688557921559,180.0499876889591,116.85985450418829,147.52204872430613,156.03239563245506,107.12619949815152,75.40044253620508,252.1747184677943,292.9193644120699,100.83256135008357,179.60326158676932,119.7950285276126,66.07559685134295,200.35080305864327,198.87591095024877,114.6464587164945,210.55586140016476,100.21472739607961,92.85438140297367,295.7525930305752,110.31346548372127,133.5175963331043,215.07534755566155,128.6444754497599,140.4181308923959,289.51227487119553,157.67269183873393,68.51249632149208,281.97781989686575,185.56789714302207,63.550992972164906,262.3825078564715,173.02194777547118,109.11356126400894,237.99350254570555,185.64254588157678,61.12033295545842,274.67818714348874,204.36174080717998,109.94958450945101,348.1011919883243,178.20558081867776,75.45305815331378,286.4388530872001,175.58916009312506,58.779851230708026,290.07874788587327,185.48325054363045,95.96714253166185,390.54824864756176,213.06273927650832,110.68165656589818,299.1125490307994,285.8277887219883,93.28096653020017,249.88686743966772,200.78122672840573,78.95422997784166,244.22625450861938,202.40385601255159,70.99420359974715,244.24103059458707,111.08546013262057,126.48537939278725,155.8944270830805,38.1156548599158,77.07459145418979,232.17220244894963,209.0862027000615,109.19569151905338,194.04519591117253,96.27127089554479,60.09664583668956,289.7825885647215,172.15129977870066,121.01963823865246,300.9212002613681,169.9229281199803,54.71364105179686,325.1748265465144,198.22554495987862,89.95557577879775,115.64148975812793
15,3,0.0,0.0,26.890012152296553,239.94156218190895,252.50937734669094,125.34665946699363,160.09134970244625,65.14764987409654,127.72973669563828,286.0738152481928,153.03734244019378,160.16983141641663,310.41561097672997,150.82161848733753,58.640985529351155,153.75962846790176,47.80783184886905,94.45277475856946,239.5088256650423,164.504200370275,73.94396802907433,288.6070611376619,213.31051756834603,73.94479845320117,204.27724826121926,137.26764240466107,81.58584953842538,234.54734245025583,124.25489313533248,72.46274595426367,234.88251882804374,117.76226093561384,114.3092906519419,232.08954687558654,110.61811689483089,108.40357770114633,276.5020222492777,128.1273082167621,98.50235214298384,294.872237003673,131.65264453481302,66.78229279340104,222.68269371229573,133.9449888234329,50.13966270334019,251.7205375971339,207.47461963695332,118.04456406697797,301.4647522743452,169.87436537884219,53.472159410102336,214.68775615769766,202.41898901540569,94.87577302316457,289.0886424364732,159.59153033279048,70.01206226846236,339.43391066399533,213.8537050845454,62.55705820452431,220.79725426788855,230.03294203182656,82.5546732092978,245.73182703140662,178.94557736178405,83.75471322440873,229.51814462183037,295.8731525394138,62.04553078617276,213.94935346568184,122.37488148316689,111.95947751533787,264.9267912589917,175.42703842912496,104.69770667581987,201.09219248110603,105.69266051488268,151.79174024761238,167.18706898057908,36.477168486633715,86.9190834172474,316.941973244492,244.3262452621069,115.05518744626602,251.16018243455346,90.23703648722982,67.20032983606143,291.55388225348605,145.39723666801638,128.37199674115692,217.37562429466507,100.78077617960784,60.576307068127846,347.912264450319,197.99680639986425,85.65814019283627,123.48266648985111
15,4,0.0,0.0,54.079062623125765,415.7903451357272,232.77319286394328,134.63519263046535,183.94032597104535,72.24150730833833,122.47259784496461,297.8293643547272,126.03745709129794,111.65185380727274,269.85774731542074,118.02120199797322,76.66533764989924,184.73862431360072,82.27794783293555,110.75228534974885,235.92649582759927,133.49763068127052,67.56168349072661,327.7486320687024,245.15037182796135,61.02739246451351,195.33436916404762,153.76398047329567,72.78603225697157,177.1383681464974,194.63709388537262,96.1084583590186,208.2981518277948,119.60045065241798,132.34210812064384,193.65749271214645,123.81876431924536,139.2829693715471,235.37804699149098,152.81733866404255,97.74413477247063,260.88404683135605,172.44455284982791,72.55252990383325,203.2599352425914,155.48708433294445,52.43576608387838,235.558047740351,217.1618158932047,93.99868013799723,225.84167420027572,116.31640353709909,60.98752703687283,263.36163537238446,139.58511285115793,85.87536620246254,269.0079743797454,175.39401886208387,66.0350172140266,228.7750700314516,218.6818128458246,73.18815073569941,256.57541673485605,181.47523293178853,107.9856295463709,246.6370650261821,222.7684777154871,118.54582719778536,281.2335359301378,191.96193401211661,88.10790271038748,248.5432342772911,136.43790344527085,108.0076467269017,253.98563113258774,181.271967999665,84.78767177380685,206.7260858109894,115.97177860763396,131.77293391674218,99.23534164367453,45.06008080081807,62.30963507860071,314.4336310405034,259.23713979170105,109.92440738738534,243.50800140055378,137.5924925546622,55.62228704122077,239.18207674008863,179.82507199596404,130.85803343163195,270.7283398635199,144.19599072210806,47.48101825422623,274.95958640646813,181.84785045977554,89.21679092751393,82.16397080035728
15,5,0.0,0.0,44.85742611685505,266.41231373686645,275.50473704494374,129.30129998515926,193.00457027266646,52.81555821876625,89.2423449743571,229.3189395395264,102.00165591705948,117.32840690569537,332.4854091684422,140.01834393926464,90.69135599075166,147.4960028697819,91.41998789426641,116.79845600526464,259.1189745539684,142.6524138143351,65.23953768127217,254.93814083075273,227.38762162506077,77.1271906079832,177.66533019296546,113.02220459961858,76.0932368635695,210.78161585058234,126.5543274799037,103.599044653639,217.05690245080834,114.4544822274047,98.63356616919184,219.9500057763871,124.7921607361894,111.57293319565883,234.77720718401554,134.0160017176989,90.58180225891404,300.7088129489383,179.68575216775494,76.08277107062952,198.3378743158044,136.0199621929843,48.19116412427385,303.5473823087656,184.03793301653306,85.62210634297283,262.9483881450805,192.6329693134018,47.18267314171862,227.7114201642865,238.04080940636098,98.61146039189437,326.7206226793902,175.3404389113319,83.14961546166194,186.8706776059993,234.4725382983764,58.80042816585378,242.5530113157068,190.8699353470168,107.40632881372433,220.5401417456106,269.7588874000365,91.44332236138376,243.78253990290492,203.90191897251458,70.13877338770759,249.29851483267902,169.3904104245767,70.77553666679185,252.99444211319576,204.23524785328897,93.25180021067345,253.39622334747511,135.89427314896537,128.51292047885522,126.43143772710505,32.28444174666247,93.1100103291505,226.56808405497128,201.2180045388783,103.6985747211255,242.87011677348914,132.0877503640351,74.81147978756225,257.3834350760206,249.81983515619245,106.69184606901207,289.16827187994573,142.42648827954378,75.6460467285996,222.19018437780926,193.8316040450507,77.29627942392298,106.68962003541216
15,6,0.0,0.0,33.398277311729075,316.4469288690266,235.58037981293862,144.3284898293757,218.86049794358286,47.98640097939598,104.5457083978018,187.90262440471042,158.26485511967837,137.838840246047,200.10211524535092,131.28030791344474,97.97568591091067,155.42064829238646,79.75503272083519,72.03535397379906,255.96636368182877,122.1379081197695,50.75053745176346,252.79571628661066,242.9277892868311,73.43340742535415,239.26835023423405,113.13863105297668,71.74299787472572,253.20449709470938,177.10719348985432,99.02791944133406,254.12605934643508,110.43786125304777,99.73961419139764,271.6399533065485,148.86466055286738,114.28873483553548,250.17253492543628,141.22414322886166,110.70446071230857,252.65083800754013,157.47157161216708,80.77995177015924,266.56906948986,152.9229539541524,42.53290437674245,321.572400870645,248.76252663505306,105.52602092821678,348.55108638500036,145.73304973840325,57.79324786075558,251.35525659528557,201.4710483329345,108.91768552311011,240.300057936467,132.50660622154456,76.80133924592663,317.69687606973287,235.88566669644132,81.48805937998605,288.80045646814665,237.03814990768146,67.55025885681027,234.77459987036283,198.9797386094592,84.73615012538754,244.82586636155995,200.86143625673736,70.47186249650376,227.10067295970725,179.88633957813738,73.74824391646612,284.35723397438824,137.13183382044798,88.93539851255939,243.22982740101702,120.83991885594148,111.98599274670407,144.46067379457924,24.621484029363117,78.10339939284493,265.76817826312157,228.84022757775497,105.64566735005525,271.8516079457787,89.05571035054203,57.214365243894164,312.05485439185446,240.34927099648382,103.36269026518615,326.87586822081,143.59011388778063,47.59997215024917,241.84466188040858,164.84793829891296,81.56084271300432,106.79583255139097
15,7,0.0,0.0,46.8301740992911,356.1769509226219,243.77901391075494,177.49712061745558,175.9897103654492,53.88627117000621,106.71232049828062,278.62343394658234,160.92403929085083,125.06711451238044,195.34092417770086,116.50030146583968,57.239474999238155,171.6504851757049,81.90127081875569,121.22690621256734,259.1487070427068,143.72302382287305,56.04050639829878,217.57070663471956,205.93930783264557,55.36884990086325,152.24032119177144,107.82987903786747,57.0612097528407,270.70678927102955,174.43323820067263,97.60953400630943,194.8231437559528,85.50728508060597,108.6128469378665,240.77404391057158,106.18635126987161,122.55356953597759,212.09414711878603,107.9927280631361,93.47101341164138,168.28446871864813,137.34330282314662,79.9255058523332,198.2319619477924,122.78252078227275,54.66852507729061,284.12987330708387,180.8667640172486,96.28118945430458,333.71684922700996,163.2169569950403,44.79470164661292,256.58165003271824,159.56180524418886,127.17895032708603,302.48070122053326,170.5466534136934,81.66127390618774,329.6531146453414,234.3626152593971,49.66792091000101,298.7645632983247,153.8067457738971,80.24887645072438,240.33259764531024,223.12893033268335,97.57035935225052,238.34591972845215,243.15489031603596,65.44597079191789,280.69908788173854,192.17253758975409,84.20931973443788,243.68671003922177,153.72297248611915,110.48133051412563,188.25562266025025,117.62275305154468,96.22561696119429,148.52779984977948,32.47676141071211,68.36445554057774,309.2105966944863,291.0653079993708,110.472877887219,268.9350689323515,110.02925689076815,65.04322423305356,198.39920961301937,170.64230565290902,132.98016034416872,285.57376165671866,133.6760565492894,70.68591259703224,235.20572448542066,232.40889152586433,66.65954834838891,94.45669813084267
15,8,0.0,0.0,62.76028530563347,274.63130099402537,239.51918502140165,125.30080845779207,234.49196489502037,64.19043301504124,117.37501880321601,324.402525286309,82.36793159146647,150.2736761985759,252.3881605795745,147.71029756628346,68.47259302256784,174.90011028454708,85.77845455909346,144.72186714955117,282.092597843122,127.84970599570482,60.24682705218603,326.45953987213693,187.44193584758318,83.89060659585876,230.72186784300933,149.8400965991277,37.403819059855714,223.88967150926422,171.8823082260462,116.75949513157877,196.62106970934036,114.97254200399564,100.30119841989598,200.74195154235153,147.02004445367473,115.88446748324532,287.6494251578986,135.83691923832737,123.15380404079119,229.4475660533917,198.54064889203244,67.97663928854284,258.99902163639706,123.95162067988105,61.297850091099406,313.3676762624071,127.34762886443045,97.27830784824661,259.9781152908539,133.75915987807642,51.83162187333711,254.13352401077685,221.32519494268237,100.83165446858757,293.98170182663335,111.77910550825402,71.85259346947956,396.6261793494537,270.36261998412385,73.94911647405989,256.4023809046753,213.13152855377024,78.90056258447318,278.8121879061988,262.4778397125124,98.30666311943587,422.68702665006117,228.52326509028512,62.218668383578645,238.08622370591522,148.19125542245334,67.67344314908159,156.06052094629138,194.92167862700848,76.70177349873663,177.21954114920405,144.28524903436613,97.26685067144467,140.26292282273667,46.52393792293322,62.0117790471627,324.129003048488,213.61951174422734,128.44050951687166,264.46082331348305,112.10717123837195,91.93991609085629,266.63096006074426,186.90981484916728,142.30288304566992,303.14099427885003,173.71170829045036,60.57813561411647,233.17096930636595,235.8573250371797,84.14858193332708,100.3484221421823
15,9,0.0,0.0,48.237126797215495,293.4041661990134,249.5062619014935,174.1134194394124,170.72935378066404,47.741153319676165,133.40374890193704,320.82351513270476,111.70871471506116,102.80836632260892,263.57376547541065,124.27661286110516,88.72231690250517,114.33676406075264,90.14116554838965,100.07136085568828,174.8531050833164,155.79239727267353,67.53029078364423,312.5078023581383,202.4224418851353,88.5231473213711,143.1218971804675,112.00878561003785,65.90665349446455,210.64881396197083,166.50883743065762,108.90220395475806,229.30093423229968,161.48226675788112,133.19111230820144,155.19819191167653,149.912464864051,144.44309277692278,199.08614669700896,135.6845629012274,118.06811837520998,249.57990307333722,146.20464701320557,65.57923497101464,224.51688179771898,147.97692859737072,67.85153162899245,237.54910019795346,214.01312011579432,110.41776733135472,322.4993710056819,166.43847517701278,49.81638685995303,299.9350757008672,133.03731167465435,86.44330966964883,288.2977009113514,171.52971465291725,72.13954739095365,295.00648566795513,198.76680535460235,67.93821526987439,286.91144612220097,236.5915648667259,80.75326053774907,328.207322744224,125.00872731555603,81.33395379029834,299.63537053814053,156.43099164335584,93.77114472788344,222.22307144451912,115.18325761306696,81.33738467163633,312.91635545793713,146.86643615650357,136.32186017507794,147.17468866934362,120.69657216127787,128.61123184410653,91.19407758040039,37.815838200792506,66.9213128776411,348.36709170667274,235.89668058255256,126.50991557038353,264.1735375114749,113.06688564222162,77.54612711771215,319.23650257648904,212.05605244239644,119.9392624478646,251.4524119826036,152.23161606144498,49.24318706063484,347.5762990123194,233.90356132833068,72.41173188097964,68.84691026500661
15,10,0.0,0.0,40.10237361079152,287.37054171168654,292.6747930573787,155.4270189869859,193.488107149064,72.48488020179923,114.82360246006523,266.1744837231602,163.644898665863,89.39605559257751,279.51408551381644,181.49122775983903,90.96577455058326,124.15883195610454,84.47910278545773,126.21655304252073,242.61289710505358,198.48896708917744,62.44286149248143,241.06256267479063,259.49285298230774,84.27331586637635,213.73890191686323,131.89784858305336,73.50623068299606,180.13505228790711,176.93887514836962,118.32516925601614,196.44537801185027,124.66285165119862,129.86413932754866,227.4425466493785,139.97047643404036,140.4386680249483,204.08394426717967,150.85550778914748,95.23946527995436,220.9766914363477,137.88770461889663,73.1834083335444,203.86666501989959,208.99219907474006,59.282713344111635,240.76105316018396,196.43364777143802,101.873825430461,251.2068826943084,127.73735649562077,51.17237337871419,242.7928404106985,165.9232571550761,120.79534651949919,205.95823886728715,163.9324208392571,60.12897618914134,272.92587945206145,277.6113487564394,69.51783493892316,254.59147614154506,259.8891308544784,99.0389289020943,233.916855566153,255.9431024602198,84.84902565147769,294.58044520690913,238.69999719428827,82.28428323114892,227.42376977052834,159.9206101546251,91.1456555714303,310.2736379171089,197.62438318511718,82.56312767200811,180.67946580283927,136.27006238738562,115.29913372835352,161.00366584167597,44.863007632292664,79.90718529090866,305.66800722725174,139.86406645895772,118.70420782654588,189.54496380415563,92.02060842426417,70.77158486075727,250.14333564909745,264.75199043316206,144.66557169078266,300.8150759812696,158.74517346907317,61.52292286029069,251.0744714383986,214.08880143669268,94.95326651757881,113.47840962440185
16,1,0.0,0.0,85.43586002943356,304.9028920168038,190.99536935592053,84.8586743274087,263.2488584812331,171.1342911493929,71.95215474804597,242.594308026288,198.14625194094285,123.74313738750632,205.666787412466,131.63826090761657,103.32538464926117,241.5313851310703,92.34280358318023,90.99658142833621,283.0770858735507,188.6719319537089,90.73361231947831,176.51832320016834,91.42386785040817,121.17088332233999,266.70418787443805,105.65935293262821,92.87545507589526,253.34663153986043,131.62622058288812,85.81755269861844,304.2826623695334,200.98068049158917,144.41898066619592,252.95654949670848,139.59718093108802,86.7364212191017,296.2546732202792,176.0729088931802,76.46162606234448,308.4551197487825,223.2023593945351,106.3094749463834,188.59424208867256,100.86186942125698,59.34241698664401,249.192311065758,195.77434953650865,117.66885094568774,227.69760819446412,180.8502095038415,115.99910287696183,275.7228829278271,115.16888743553446,117.17406971274087,215.7420759023591,132.32008830294987,73.04740492357084,290.2160888226654,232.05157780007443,64.92255180908907,300.5901217321321,201.40733836717888,101.69355541918475,186.1031739195482,83.97762243799545,75.6318227376281,218.03999432649115,141.0638504457864,149.62291071444398,292.6645917679633,150.12419216750897,128.4226573319227,240.63274986148903,143.6348583038944,113.98239996978953,221.1166829239881,116.43060321333478,74.24212625031078,267.17655688442335,161.01439690694409,41.98364567819499,255.02413578293087,155.4538032632231,130.50188379553848,264.30016127874717,124.85036063050636,56.20829445312813,297.31052194018713,192.09899379670605,57.4105562060364,234.30079923818636,225.11743100477952,76.71168523444658,186.28503635515523,101.50140714398913,42.04151137237047,114.23632779855215
16,2,0.0,0.0,87.2261773606489,304.00887253150745,199.4843229363892,81.16458236797851,306.14596490885236,173.47792349520063,79.36188680716617,274.2244779463076,215.53401340348918,117.48903402449078,213.16240716019024,115.19850630889886,119.6013821600564,200.9726222216747,102.5639545608791,74.92608966252067,275.08470759396647,227.3904758598623,71.24436788204778,216.3567805560014,141.04512308240584,130.21305803393392,268.8550287759732,121.51233463478154,88.47247150171586,224.24074006120821,170.7027353515793,54.56382088575378,328.2107697820332,205.76659768386966,156.60132655835451,281.87772141847705,101.70250599341982,109.34328828473471,280.02647729676636,160.0785085883122,71.71348190683484,309.7201515937707,198.50043539680402,98.75892773910093,186.68125797164709,94.10332623633646,68.07590065366833,238.0757011428017,172.64332527431023,104.94382486212662,193.20399546107902,157.63164000648825,95.11943912903115,297.4774082703186,170.3239466438018,123.38333456689935,239.16913871779926,149.1259814862488,87.56978883828646,309.76177022574586,228.58747433323603,69.93918349076239,307.58418065892783,201.5737665909576,110.40889255838245,207.21917813600356,99.84150772942795,74.76476892155478,244.70863275192602,132.59835701671045,103.76681849694299,276.5835268825101,133.58194964115594,120.89096466836048,243.89088501140867,120.82365561845081,72.02956041307029,252.35838394499737,107.95901291317006,65.53744778969757,263.5461014691093,131.73276084208436,36.3503570940335,233.21964948845746,214.90529166762687,111.51847965890353,194.19631968581595,109.1347190215308,56.438674977340156,241.67484993333574,163.04871447732347,63.21459317775864,252.31838209937084,193.64658244484704,105.11238153457624,239.4547802147048,116.57933281315161,43.5902420779905,65.1695530681342
16,3,0.0,0.0,84.66458931332889,295.66560559597445,178.9041424958669,93.89663083701917,271.9355626071589,160.17135871487307,77.98380928561599,256.04200245180874,176.52289797201826,125.09592861259455,201.21495899066306,104.1614004832842,116.0867026365072,190.54857031748284,106.69289966341597,96.67447776838092,284.2283571521387,202.74448362052064,92.52651733370921,228.71011272912634,133.17360222279945,146.73296830275947,226.454405410744,112.8711047291818,103.41382119417572,245.6253692512133,137.916605731453,63.034096471288386,270.24914205215623,188.89239460038286,143.65824581798435,278.78963894972907,117.45338022022426,102.23452209950047,244.03703545766484,217.85484607506731,84.0333984661936,315.1279591487064,249.9658499312843,104.51404798709063,193.4648060858622,102.53517657696892,58.41079527150533,278.6335749141779,193.2676731001688,105.79021970326195,262.0872614696688,131.66615223114255,98.903314591887,284.19582701499206,147.15248533954806,126.32401543595624,230.5001426544209,115.32997665942696,79.3893927545201,269.9386949317125,220.5275540921454,62.61060212046878,317.18382040656564,241.82743213212018,111.58231534709563,238.65774049988698,96.91735866134417,70.87408614431453,156.6954080854084,148.1895618588458,152.92884597646974,253.63645555979676,163.2946276707945,140.59678014930478,249.37921250108155,126.167686914864,82.97702443860139,216.7998535288012,112.51737527541445,77.48090462601702,240.0503083977258,186.75054573461193,36.0518198266237,218.73905198322126,213.73999221994816,131.63569882046127,221.2923263145343,78.4914706697208,52.10225075157881,220.23913350725078,198.7203754890083,62.30554592582295,248.88262351638167,186.8232805216952,92.60029838922166,260.7960808743262,150.05758734054157,33.77425338267533,90.36838380194887
16,4,0.0,0.0,76.0321980821276,351.85768708713215,257.0363620586553,97.57421686216773,302.67227725225536,184.53506025283045,71.54885462235853,259.37240007965545,206.33959968316776,92.20246784984992,210.41231668565726,98.07284710925427,136.61174155855883,232.7507285701571,110.62910200356563,83.46425061499117,250.84296553919023,147.49761698461583,75.83650753412692,200.56134175536494,138.85288399726926,126.28630450842914,252.94630540665358,93.13386328687295,84.82517459986458,254.80704315038173,128.06745434882833,53.40538489695258,293.08500569983613,176.50083100049753,141.7328217902407,234.49049734660224,125.76642532084786,97.45595112662158,336.5513224299271,188.98265543432794,79.82458643336841,272.00644999799783,232.0381784347819,100.99791991919153,191.7175094186247,98.35624592154869,48.975017375151104,257.6323493773136,188.5974673133755,115.33499562447403,294.17237156152805,147.84269187157446,108.52089678648017,212.6828471933984,136.33207368170417,108.87540371362134,213.49731293665937,121.34253794242636,81.02939788899245,334.84070903176627,222.48233685617365,62.580278195286674,298.2980594663413,185.56962563304364,98.67196692574754,181.2890413185786,91.91510317706832,66.7190081046436,275.7423504282065,161.40765457075247,114.84489751208105,258.13276236402373,139.68914546316776,144.45512311108183,276.7656658135806,128.61020500571422,96.63109614392138,269.2435186431796,118.4056378463076,69.59669542226973,220.7338897726869,192.76482036160368,39.73212780909277,266.33550157017254,216.10881458760136,101.55984164459898,253.24160949621188,118.21402602100001,82.80520934970926,236.18980445890898,197.96256830181696,60.50370569857293,279.49987347243604,154.80210118539114,88.26307422038329,254.33245159242114,129.2182158153863,45.87694743922059,101.67761321686402
16,5,0.0,0.0,96.95723622594659,255.84067653014165,170.58417864725115,88.53136723465602,246.19368150175342,225.27872416347358,77.75650219282485,288.5475770839215,200.9832747435022,116.72772438588342,227.1240088804447,89.73141042197747,117.54119435288797,197.5356099029344,108.85798520290881,75.2242337327953,326.730131819322,196.62080349862896,84.0355361666898,211.31799841566087,116.43189707897605,141.03975980891286,248.0255079677893,97.7492165344558,95.07041504324737,271.7572179298203,137.50003500739032,65.17233777994282,281.6830884687161,214.84090903156962,136.5304012461474,340.6115710843735,96.02815642939258,92.16392907434258,293.1480794349734,206.95082285990748,68.69530842930082,324.02490119512544,230.23075500426683,114.42399097296088,198.06995925868324,95.33348501476229,55.00995394181299,248.6292524186028,160.63266341034452,113.37642044580794,240.22871851505965,129.53758560056983,88.43257543119482,248.42080853841736,150.60530254848314,114.03015005293112,230.8835090688413,148.22067259351405,67.70487882617131,304.6026704666383,220.8138736129699,63.8159831954148,330.57417946223904,264.1411665760376,114.35364562671427,191.28035479420006,94.50669717348231,70.0994260195261,260.64374432518133,160.93081629507313,118.70250655075212,277.4447177362802,154.0246462700304,128.64484924180456,293.6409574366834,81.79065138550808,89.15161591036981,209.60025307976454,118.71833774689118,73.29670201843729,243.91704663137503,160.00301735012374,37.926874776214895,286.2558842655356,186.4863578752371,125.46179645014183,222.5576964620421,133.10637665128576,73.6107889183535,257.9888592950035,207.8013360899365,67.97694285076409,266.43913836400014,177.08894796661008,90.92116871865188,217.08687355142254,105.54418104830887,39.44353144120468,91.80774334676292
16,6,0.0,0.0,85.12572214663824,295.47468683927684,210.04973004737028,98.18218729201085,251.4103811255098,177.22863016217062,70.3312813428931,250.3836256250249,204.48838975499046,98.92827867816904,236.82227877935216,90.04309336677909,101.88836103106038,236.95562723076569,151.58745983549878,84.27210639493231,274.8405784630335,202.43088875466123,90.61783931965691,223.20135721944268,120.17804974506276,126.40825816233814,248.5321392000122,121.07697472191218,80.79636591514628,282.6055193491137,139.98817303826988,77.6215817032366,295.29200467539846,176.96356458245072,165.8825671819571,280.3847568203443,114.85954506804399,99.96211161021502,307.86356500191863,183.1212522893837,83.1312972632737,292.41138633667697,255.78578900033241,92.69545628209515,195.9638683374959,90.49220574756758,50.15897253457577,233.3696559151013,166.4221102257894,124.80225479126865,292.4435652030373,138.91629330184682,106.69431772484813,236.74405319138336,147.61339985852405,126.39323841998592,259.1677395280787,122.65509890352325,65.61218638914802,271.2321308617346,213.61688294774723,69.97138947596244,326.90410822918085,261.78503502085545,114.86443696699718,214.05422822408994,108.73003197283856,74.4793447410256,236.5616870997862,161.89448761974884,115.48326979280512,304.8884211742278,153.00374789349243,132.0759902883874,290.33942396140225,123.21013943370725,98.47812532036785,188.57807767516215,144.0539937390755,91.80940634440918,278.9937338033141,182.62573528898912,40.08038558912981,229.26245448543773,188.79032450510527,127.15005809961924,266.7506646684221,107.28524552854401,60.605487518795805,267.02233358244797,150.7936376222121,60.815706043589586,272.07201522532796,182.64605459365706,95.00089907347055,222.04702544106368,122.643822329788,44.52743512215732,123.36360235328524
16,7,0.0,0.0,91.22019942572611,284.46114229635015,231.8557736660437,86.29514012050984,229.9015248575216,173.2914413664922,68.64000755836605,325.31289991548647,243.21915432930928,124.31566837143076,222.75964153778892,113.08779953408391,96.34815913581593,226.91226348301691,112.6157795917781,84.27783480111489,295.5737602602547,186.5854110883568,74.5838015947309,202.85077056458178,117.97038252152961,132.0277794673223,299.9317879435433,113.80144822141929,107.62886841605363,246.84330103677547,178.89880084284957,71.63488416944521,268.08165959978464,186.40821626811766,143.04254411086922,275.4378260782567,128.982332056377,104.11291669963764,273.23356105777407,201.8113144628578,66.83116913099826,302.9901574635052,193.9379890647077,125.3283814060488,171.62941172345842,85.10797927764699,59.08586817260219,235.21837167089353,139.06802409642117,118.00135778369595,260.34636615377366,170.0136618161775,113.40760841693132,235.59925506623438,162.48833425725138,118.15169891267048,246.52382538902484,111.0479054280247,66.52298865457485,285.0786148651781,255.85595641208147,72.40052898932211,275.4232304703076,203.38162700220798,103.98928430335971,198.08363715435436,77.94651440140909,77.64455792194093,218.85088027571118,158.64285666215142,137.24918316499682,260.76393583826183,163.88315658240185,106.08699972641548,195.80945503215378,131.40124970676905,80.69604288835208,254.64279070397083,153.36361739683088,85.95847966579674,271.5718450922715,161.5936119692558,36.46720657702296,274.267823125867,151.23879938672167,120.91446761207823,249.9824277313664,82.88333674503926,73.10252161065252,249.79065190923393,209.14320509636931,62.75943087279171,233.61953738343468,204.48378232203044,101.60627901819595,242.12669497977822,119.36700903967412,39.37135504270286,123.68448359696833
16,8,0.0,0.0,88.32189196512643,286.64883768570115,202.86433083077242,77.01352444616377,234.09879026981955,178.6801559443124,67.30273496153032,298.5398061116942,210.611323251217,125.92190300877868,218.58867169795354,126.76397866760676,104.41717234032751,200.501932905539,106.73142404531004,81.29754216628413,291.3204496068766,196.25502042931495,66.56713686637354,219.84382414168132,110.30528240701094,138.74058940390697,256.2794801402154,99.04396728872457,80.73010363004582,248.660964376904,119.57506303076978,72.15457142296343,285.2444332887688,195.8394800899965,172.5825745871893,258.4042732550114,134.35950251814143,92.59591698770473,301.7358172980576,157.52124592035665,64.27368468388251,278.1112131234372,235.7081954349265,108.62657245697604,204.18664802461564,87.06651499724023,61.99085984321182,218.07979777877495,187.2805847627219,109.9928687326196,271.7174670831961,175.65503859841772,86.59634901173122,253.08606325439948,145.54610359241227,130.4021961702572,245.31662054320947,100.24297194559603,86.60664325167616,256.048653614409,255.06406934794782,74.2741860429289,286.6775832948554,188.70153305394703,101.0481679952869,174.06026170177006,90.74199203203429,89.27506189691047,241.2440471439147,191.2164438613912,126.59610046821697,284.3956687681141,128.20461932573545,105.23799216762814,235.88316778679555,97.04174065114883,107.07016599576502,223.10147705454816,137.12295549233824,77.96420515725714,263.3229965758318,207.24466400794876,34.767267228196154,210.5771686770468,210.24310761399275,110.37457647893271,256.120692791183,108.76896435810036,75.34071702424362,283.610276641811,181.87019922711565,63.426894410259756,250.8303971128919,172.56754825212587,69.06079380141517,219.35604179614876,147.4364125116653,44.9277042084198,98.40723206987487
16,9,0.0,0.0,69.01157376534633,289.18837744343153,209.99966579393183,102.1535819829617,231.8015149061957,211.09387890990914,52.28929135683569,286.15473889872334,211.15102664327785,106.11840439484887,225.1038832921358,120.62511290097578,123.56183948843314,228.39107721967466,146.61193847139526,73.59357703702489,292.964686031929,173.4860324739198,89.84342410106595,179.57389536396465,105.11390456135037,156.1217015938108,221.2886127294419,93.78364298704469,109.56149246973405,211.00242586176148,128.23953635649332,85.08280160026678,237.24011984206646,190.40772121265957,133.8116597987747,257.63782051392366,126.36642128581173,96.58150083402863,276.56039020167435,160.7254071692764,78.15477899692769,303.6015739306262,214.36401079049259,104.54923408733018,213.0671884537765,84.14344564808361,54.121380076777605,246.23838027897924,197.40777146620087,101.96049995534436,253.66501272450762,150.46259696002724,138.78238778657374,247.25982919100778,138.64966026724537,149.63823430520813,233.29426409318583,103.7848372799025,96.64151182284391,276.6119266786979,229.16356914023092,61.697457127644654,222.96619424852776,224.3234515023312,106.41693445113106,167.9257286150563,91.60451488254236,68.96564818461846,221.88114111754237,145.9038246317016,136.87726661762613,287.0550575135519,106.50987056131771,113.56670820764914,155.5653048482898,128.94389661667196,108.24520725392031,203.06110054934896,108.92071490911947,75.35244777645497,262.3251233526897,176.32325686200338,36.677505642630265,258.4392541554846,197.07871644596472,123.22473499951299,210.5470861878085,101.51020416792484,66.42802266110868,274.39047862389157,137.07727641029442,72.46059536473753,309.25447771656457,191.9286640547851,84.90656728951248,247.9715512135433,115.78296104694333,41.97230795711313,138.47733373227283
16,10,0.0,0.0,98.57181427039694,284.1370339957829,243.1265986312467,84.93787269969233,243.10634646944516,169.69612109447326,77.91882389484525,287.4302331471338,228.8004821577691,95.14836757235362,222.53898850938788,128.1125662013922,115.00821152835533,234.59230789167069,123.72688320491767,75.16967970374951,307.7717661814326,269.71133934367384,74.34493754382093,206.2605890069046,146.98713588163778,110.48972932352243,252.78006509932774,118.04730454984411,99.1278948464072,255.92260994330366,158.6702190104335,58.89460524270621,245.6225483208432,222.1487578456852,139.9969373576185,319.07687633871615,104.0362732848238,104.34326910254609,345.0572044301224,182.09413657586714,86.40083653848485,347.2865946074412,172.41466308585865,112.69497326533707,200.86894518841345,85.26234183711347,61.88476376528895,198.82616489140807,210.8286506079154,102.16640242562549,199.29743847511745,137.8904029799572,117.71045682916272,223.1349770066708,166.34391574028552,102.62652435199001,235.2259972772974,98.07640752942582,80.83643504064105,265.4281434968551,169.7214386950276,69.4138190023162,276.6699608367762,177.98556267736302,97.62454130856361,226.20071756749928,105.24359602230268,76.63694387542641,201.67863309331545,164.6223690448396,120.69040990072573,283.9360190055172,158.19429725970875,105.40967989520188,188.77264181667883,138.29443689860972,98.9279632648724,207.7741126800467,133.43362063446202,81.31139608940833,214.01738257959698,159.41267158441514,40.16627898572096,275.2319360133075,194.18201468219564,143.38592505925084,246.54778846496026,122.54421967304452,75.16041055201839,227.99057017350066,178.39833976614807,70.07877792206601,252.25930488719928,147.39455875111372,102.75626000812477,227.95816381351537,124.86807861076333,37.30530574947828,80.54939634817428
17,1,0.0,0.0,47.476410227675004,273.52566765749316,156.7743827419262,87.97966577357327,299.2570217935366,216.3151732077717,73.14825367868953,190.55090011102882,139.57779992047165,65.73117278521677,198.97293225438418,144.97767302670513,129.74663552249083,145.29440416460804,27.984151506701945,86.33488924677928,263.7964783154754,183.86637626814596,76.95757287412266,316.1502788120036,125.87129596978995,45.87918767466421,175.98518978209285,181.17268602005268,74.79989590904202,219.45403970252326,153.53806130594546,63.981155590517254,187.51920063355334,106.40476854275185,87.30983058858781,290.9578031567199,165.97089905070388,53.40360879492618,270.4425656090549,153.2328224042187,176.8585473989136,317.30474328789626,115.22606684441752,113.19806737958659,293.1995390694015,128.860376153503,48.18600943431511,136.17478432979507,115.1996592438555,106.4550972764332,299.80464821686445,172.69005724161468,129.12080215546823,304.89478450153274,84.30801422338348,93.19615818859845,158.10836502460475,222.6343512519681,115.57363276589959,197.13987350696428,93.33435793248724,54.47007534455169,206.38063743668494,140.7181120524605,113.08371067781798,214.85694832605063,150.44138597674612,67.98430783441934,252.3708755830225,177.6616646998097,70.33763015315483,259.05841551742935,150.13221106450317,93.7792995096818,258.5501956099725,186.21757562908857,67.18425767393595,225.19760214977606,137.25860484385194,130.16090562022993,270.54644151851573,104.23033078284575,77.15695889941958,253.30737484758401,110.12002003725864,104.85808147920064,230.1191350088219,137.40150985610896,84.7029313841739,166.34472866117952,155.45788308912148,100.32612306603882,255.04993454233315,219.5663588793623,117.53603890445589,283.6512241572196,110.18173525279529,90.65766821002748,111.6453523660599
17,2,0.0,0.0,62.87200296418507,235.47631036111787,276.17257656226957,82.6720681473736,340.7054600579618,220.7445629195029,94.70288538636112,241.997250470771,146.34056649782602,61.91438439153735,246.21231641982462,91.75370165430948,193.00102627602175,191.27830974954736,38.06911494934752,49.13392320748953,321.0210908222305,171.81440796853244,109.81327872930058,292.3602648328859,218.45379295749518,57.35229521597448,295.96029895872505,107.27366925685787,75.12136213829378,201.27312534921563,116.52044055127801,72.87566045830071,226.5628529964468,105.19923914492983,75.05605816287196,191.7492825635303,180.64011687925796,107.38928933965732,343.1438414476222,179.79133696317962,139.89589444171597,220.6649691037227,113.24288528039523,96.2977549000303,231.6273533826762,125.69798247198516,50.47830464225257,171.00947867936134,91.35265003682935,114.49987293793197,349.7882241514566,223.74918465381506,97.06527929076726,280.89118689770817,115.24627532692935,131.37328835903227,243.0512392246528,229.9540601468599,134.86236924096693,260.14914694103845,156.77511899150772,88.48068586372402,212.53338363505213,171.6632892915526,96.5208318773799,275.1570660407572,135.96154191190286,59.1380354591039,189.17027613690712,157.00356025648136,71.15932832750265,140.43851313724375,132.57389290966645,106.36631551576909,228.0129152315513,142.15639476421617,71.94905938685464,160.40974568666368,123.06851554529192,124.00988680571449,267.36968727136883,110.48852651278115,91.82223512161961,282.49233122229606,143.27265842129927,66.9840441858158,236.43104327880357,175.5907351507574,90.58816220474951,240.10421459944214,123.63914839331197,93.13803506956094,363.832818334645,209.00189152235077,101.79859615240518,208.341556280578,116.74986198598248,77.65467652007423,122.06785525482562
17,3,0.0,0.0,58.79458517547653,240.61654734691945,146.00800786054322,80.64783079914368,243.0141435105823,176.2085554836035,100.12563687028859,279.2738253472831,180.75416156754386,67.29804824452938,285.29167529843835,111.4484195169193,154.4346463023302,126.82133295013696,33.0248246264888,63.38510928260904,259.5972276576949,208.12696066670014,116.15604847343042,219.2034432301433,163.39677020995003,26.563345574930054,226.20036408330205,199.28711032352913,84.6185188786568,193.82365991603973,100.0776763851689,79.23360791918348,228.43360570952666,133.49338586937063,82.23375899476027,284.2067773799137,167.38925616587437,63.19463965881776,251.4987935507847,179.89953968573022,152.53538382343856,248.97551648027965,70.02047465952366,108.93703139043461,179.49444864477402,103.38011889694909,52.95990637046043,173.73002947180015,87.03174953328825,107.18992719758603,318.60539136653074,193.3499456561098,71.07132695166567,255.78944816645176,115.34516692621715,117.91307639276818,290.87165710722957,205.91632814077883,135.93775897176022,248.22740479033305,114.42394092160818,92.34626348309126,200.17333102080468,123.77493013693307,76.10801204471053,306.96643190337767,161.17785699233252,71.96903883048384,302.2114491854302,164.66418559276968,72.17735428634997,267.7068025774972,166.0136101082731,84.80996688151703,276.14836528396836,126.70857664592657,59.583741286809456,177.40208344747765,120.34031225255958,110.44466929829701,226.18727982039312,98.80994050686294,107.39436976489168,276.73827407684365,174.76209091631387,93.25224495106224,237.36493461211387,159.66840616085562,93.34927851700112,256.9813249514987,179.78562117509196,101.92214582792109,331.17578954422527,157.77671162890175,99.42788417976243,250.59531739514415,83.36678720995349,77.96784208964098,132.65312749755475
17,4,0.0,0.0,59.86184237339659,300.7643157176908,164.95906447894902,79.22258554756597,201.2755189137854,225.65410310387358,82.40566277300425,232.49547231107246,119.98205129225775,74.79405662003813,199.91882150688758,107.3526970251105,163.0328947373831,157.1976731372135,30.07003767011266,84.16185145483044,404.153704340531,96.44683284117835,95.29139106174092,231.22147390603487,157.5771265104076,37.8265484520684,276.7716946471151,131.85165799596015,92.71480183491602,240.7903408203561,140.0854626858637,94.61242985687895,229.81530281630677,149.23114512186933,83.60824356155456,301.39917764959193,190.61295866326793,68.36566235563019,307.4356281882425,226.25255296882133,191.60828126731613,243.7167947222295,129.98939665343585,100.9871609546215,345.0563472194071,133.71863488078122,49.92067753312706,181.62300252192338,71.76486578858598,82.53141169980093,288.4101967402629,174.20659880219108,121.18249053696607,274.2691483541395,100.27689484083865,110.52318493779153,328.0006520203227,232.43014006386164,107.39347000468207,277.1142928126482,149.1376869178324,60.84669058799116,225.9735457577934,138.66072307441843,112.08780135543047,193.21974613567184,153.04376378371023,69.41380741952077,224.45177432320025,181.78752936811213,81.2382503054705,222.89290546785102,151.37983386115846,79.68287171491582,258.4554964607663,147.30275840858855,61.89892857834532,142.5876349236756,111.08573057012622,124.94791254872426,268.1015634381831,109.21174661221634,127.35177149312015,299.812642410908,155.00404149363388,89.33640852939479,279.85087840863673,164.89726973623834,78.38768298297667,264.16500523814096,147.89622771274557,105.41919765986277,338.47376161634804,221.96471737889652,82.73443555799767,240.10841445434679,124.86142733933927,69.6184277835816,94.25762806226031
17,5,0.0,0.0,62.61368333714588,174.64774060249516,245.07450930685167,62.65722968196192,279.94289906887354,174.44531646128846,94.78781737099045,272.9614994182554,122.62044380492713,71.33643558018632,165.85737443524008,135.03285770771402,137.70508680302572,217.95412117667576,32.92117550461515,77.7089435917226,273.6077190862982,187.7495460644609,98.45485277997047,235.73546694364748,169.59702912858313,41.064319808812094,210.22870155629948,161.00108636807414,82.79998353111739,241.70586531259474,129.61308128398278,69.47051472365719,260.79025167204253,152.0577368623286,93.94853679765592,291.97526274167177,143.6858868138955,78.98378405434164,293.4885985712334,178.59092668728414,122.2635992519807,240.30074279459527,90.55725185416736,108.7820514818735,285.28403611429036,133.264217429169,49.462502171606836,189.28505402578435,148.1180207560437,93.44837657789168,302.09724328439296,177.49431510291816,99.1064022980604,244.5936923479767,112.97838234636474,98.81522294511109,297.3138990484819,213.1361327014064,94.40560201584066,305.72093690882224,149.83744250803917,100.67807023319305,161.44326336551808,146.86712798732862,112.65572599065459,251.28719470235256,221.1567368148569,51.07195932472195,223.72815182509,192.15241266282334,87.2608596642031,254.51151066002987,216.60265240021067,63.401527221763345,253.66114491829072,164.58614894429778,83.00818454739763,179.946618593166,121.38569896642355,121.02226007158299,228.93006535834832,98.5197417895855,92.70644037139736,183.09116140681488,175.67654715318292,78.02396443804264,172.39565068993744,129.789684243782,101.32244357962014,289.6954902216077,139.25187250266157,95.92760567272326,320.14399528860264,215.24274912735504,88.96263308311889,213.39185574368196,108.7708495569298,72.2381884599579,107.60430005602801
17,6,0.0,0.0,53.23171261500492,289.94124521114895,225.4952022339307,69.7962476080206,250.02432632123634,234.26952225648216,94.46848613252195,286.4264263456052,117.95052027073115,77.23712803440372,197.03599429276886,113.74436466523596,124.37046170734695,219.97545102791244,17.93671226536722,75.3928463861211,220.6947760711452,135.62066903513386,107.49656393929806,256.75495780318636,199.99748523182288,50.9128700328167,240.36733922386946,120.35437437062295,79.2890583399532,272.9713772093252,144.80051376345267,87.0838379014635,139.68230592023522,144.4912692530092,102.87221419898515,248.36665978665505,191.80121842785903,84.71784716527601,278.4997605508053,166.6803759214265,171.84518172216582,290.7290785684719,108.73135059942399,104.62724008090107,252.41224558318004,113.15678884151166,53.39386442901289,183.3054423755417,95.28589483886446,87.17501577739498,347.8398184352881,168.19805107476412,110.490147827784,261.92720682220755,174.17425739422163,129.26552540853652,328.48051407081124,186.65861957891,123.66436947425723,273.16100136523335,126.57963627818236,78.62022160091345,194.1032813231053,126.35104401231405,81.21590992360827,241.6158808837145,125.82926876643378,74.4280188430167,236.74854786263595,83.62964237297817,87.7919964179978,287.49589180763905,178.69395429475298,66.29020120891165,287.829245210621,164.81497745409484,60.5616413068599,142.9069404281731,134.53070770933545,154.14784484030588,264.3502216084087,159.89997754665964,108.37902136126552,287.4474516381211,154.00339227287733,78.90969057506626,205.3881749678155,135.8332905100367,101.03844955851798,199.76661473863464,169.79458189714603,88.69732577074322,283.5673907265633,182.66774636947804,77.89605945649376,160.4242008783995,140.5837219513295,79.42753265196819,117.85185337822341
17,7,0.0,0.0,70.81421414032667,239.59432104213568,268.0210443628877,98.92793709987184,261.5418721427767,192.70480510774743,112.13808163180755,253.6098557108114,157.61257062854162,54.4572283183316,208.2325204837968,158.34594060526788,170.59658372787092,171.83515332656532,20.7034677394642,72.94819341112134,245.62236774110798,161.68524408811365,96.77625426010755,302.990976905573,188.03452322199573,51.779257154520494,195.0338426802912,141.5626159314148,87.41319542051501,210.56473537707214,168.91329304826223,71.79177311645546,162.48366780545243,146.96778933671894,82.92130072272904,220.60015683812043,231.69094299179736,103.8817791167281,254.91800765926575,161.59996192981222,112.07127737782042,275.6694820682993,78.57657514904675,93.07261876346308,231.81996547207643,129.52136810726034,61.35472973323269,157.21091046968544,123.47398301547658,98.44061943395621,292.0838347919816,175.56145656136272,101.90780640761692,260.19205498782884,117.30091710466652,130.50153062065363,282.2024285677507,180.9079431964718,114.99680404357721,234.4843218131604,134.93844741453933,66.7310849510618,241.2802521916504,152.9127954479004,111.18621238487799,176.5732233622229,154.82200903691842,44.332085966033986,233.38046888080916,214.09251205891155,69.6816042938319,214.949661018527,169.87582239713723,69.67784746920368,233.5030012627684,157.08719036388447,52.08183929395253,213.55874506839905,128.109854750847,109.17619435125044,244.1407111592597,146.9998402465467,107.15803693480662,285.9265889874369,139.37628937574922,83.14879886151428,228.51857303447662,176.81361618083685,82.2507031441794,177.45922028759497,187.70256431774166,54.8714858711519,309.64964540288366,199.1323606610602,106.8737335180052,135.58104649376168,90.23758991732406,75.8584919973814,90.99095601279733
17,8,0.0,0.0,60.08643766209092,255.07799928310283,135.26882907127782,103.45818464164793,240.01448408541575,172.48867630580156,93.25647381648787,251.0276316850197,109.62929785861272,94.12689207703775,231.5663789231906,144.01787367551793,152.81454113727204,171.95158584501434,17.00766799258249,89.36593219538042,337.65648703774633,174.31784103813845,119.23891485679519,217.46276682626876,172.65714056837584,36.42556169900564,254.58439836476722,127.82735368489674,82.72935306558857,230.9791856813378,136.33426202749467,80.73365611205476,198.54542656776056,179.8488626835101,122.72925189499823,305.406836566843,166.87920902291472,106.15116409500092,324.27719620451904,166.0121188343531,176.974961297645,230.64581688971737,95.77528119613493,88.1397500900158,218.95852467323945,93.04377362580635,51.22859695215981,140.70427113831417,115.03040358654722,90.88377590897365,327.09962276691004,185.60704737385808,102.21243815765405,295.4134395750726,148.95055164780194,135.30813238892162,280.5009422442282,189.83269468350687,113.07397120780982,228.0117593825159,95.10387173384292,79.9967410897781,228.37295923600757,130.79830832463767,119.99751401484389,304.14950903297927,125.2389063781138,65.14709918467128,159.74070726405523,187.58740763712197,86.64476080281673,230.14551804567645,131.8904502094439,68.59589724127167,206.6601475847701,162.27049818355968,57.41221484749322,214.300553992674,109.43138252401155,100.31156715645349,240.29243833672442,168.065236070713,113.60317354402005,276.2130143626333,106.27270155311308,90.77559297176786,199.02545770135822,148.49917701575652,101.85225919646726,217.46494290189725,162.8937247516843,79.20126634220992,221.6958046155542,181.00048063698998,96.88907543201053,231.06166837483403,125.47499486942654,79.16397869874511,107.81856019686657
17,9,0.0,0.0,62.41542049109541,332.8038058049147,276.15346162400147,67.80910900248693,240.02161045640452,200.5305728362006,111.20705200757774,280.8310792746455,154.51476523505562,70.0703260218759,182.59793889558415,152.71645177954184,154.04802176515685,214.42040997098525,34.893885530981954,80.85648333854577,217.5309638612111,136.964153930238,98.31447991561431,296.26240578268323,138.6722761557105,44.576535976166966,249.7326054789003,196.23339402719597,81.28818255522064,197.48927659485042,126.71763103094324,88.8241586121704,248.99623890365248,145.7734678446199,89.41241089606177,190.18190913915868,170.52212542631463,83.39166355665417,267.64198256904217,188.91379684202582,123.5335337680389,225.72053469751833,87.98411160306965,97.09671677333,263.1931456770879,121.36750236805264,44.12415198495892,183.85214846966983,143.8567437505269,127.10339190907273,275.13378985193265,186.30781198581317,92.13829486506556,251.6662405470993,127.29891153085403,82.65449041298952,238.37739571471232,218.06400221691064,109.72105448733308,240.21233447000787,124.07975919242921,87.9780784824699,234.81172260043522,124.92715618396846,128.2593441865706,238.15397967023867,125.71670753675949,48.700076983961,258.78114480003967,188.69691373225785,93.40994597386579,152.3938952578341,150.27897671971695,67.08540656114916,256.93814175530173,149.32987223587492,69.94459405567639,222.14544211181172,137.2157102675434,110.46385952005988,222.20249394871956,138.5227845134572,111.43369731546821,226.1803131380586,169.24096008006785,102.69595168113312,191.28650661703665,117.68455023217028,112.99673492696705,268.74272982713137,167.74917337498115,97.12076222954403,313.88078129634084,167.29355155367892,111.84377362978574,249.6879176259089,107.03169473008383,102.07232145728119,115.2431369393365
17,10,0.0,0.0,60.03164717331526,300.70579475612715,234.9993412484156,60.21710555607626,288.00226565751467,206.70470267429178,97.38321748489902,172.84255654411066,132.57016856982378,84.0735461179424,140.11651476718276,116.34915753652051,152.53840875953014,142.44850931842421,16.959742890510007,106.9835859614767,199.16134948222802,231.95521776210836,103.20367869520534,303.37515873744115,215.17011663194776,37.738878428176534,197.35960102116712,145.6686309388133,95.00783612676197,225.78695268601064,148.6541762496272,84.01922549942157,207.20817860081698,118.27336514009511,70.41918760874826,247.3737696783197,180.0841048706558,95.08192515817302,242.47705272836103,209.40621059757996,141.86675241955362,248.08079893516842,143.04325884149847,94.78258968922563,260.3319946788054,129.3600680335247,50.330974318730206,151.12769647442562,120.24507351244732,101.57384551614791,418.8611553942362,230.2907547289791,130.2773947669869,307.9792163118765,114.06255361943634,74.18042566259959,303.2846889841719,205.6062564776749,82.88263634255186,202.27868696784043,148.98143041564146,81.0744969262028,223.91700788358222,188.65638953837572,76.06009204491387,224.3670382631092,134.9488684430569,63.1925794524451,266.40687092585887,144.9356426248613,54.044690279412976,183.82391415278101,145.63825274209208,74.65937243386233,238.39872479691977,177.08322852646668,57.444603427321994,178.46662261856898,132.69340443603738,117.35194641901515,227.52068356482482,129.41324580534624,99.63761293001923,248.0661350710465,103.59517922898297,56.22723385170378,193.33127157430025,137.3882985501215,80.68106282504725,203.65461448264762,168.72745163104756,125.67538569356304,277.77296082317054,223.53891420938012,115.55007511982606,187.93457828939455,144.14957472742145,72.03134428608269,109.55660403860789
18,1,0.0,0.0,79.38152522478045,412.4814613886713,447.34773207696213,91.06803434590223,250.22619684285218,264.2269904038002,98.4094150837129,364.26816097198684,318.57356599105276,49.21962363135738,379.3579206775788,428.5852195111807,88.2265686190148,529.0139673025428,365.89953958858047,99.01516783066211,580.8085407648014,438.1241512151589,70.53005365403267,429.5198758982888,284.57418049486563,28.305492324086245,456.5355912981963,385.7055239076315,53.352836609899626,570.1816678243242,338.69743557810517,67.49694151663651,521.3143221278457,444.20918765038255,91.52030697886333,436.76769139659405,323.0500740856846,106.9893267750715,539.4274165955205,456.598682782882,100.62974191856927,451.2603219845563,310.55279261507565,64.46185531510805,370.62087006179877,377.92138203504095,84.00384520531006,247.14923661691915,372.8345953734349,111.61505889471876,299.5976127107842,232.76715922677704,88.29496403381022,358.8911438617313,271.07440449035863,44.999794711651504,526.9416550389324,474.2904062979729,57.10150277532539,421.4829589430666,262.39557712112975,135.08865701221654,367.214074802565,317.10679782486477,84.07590434834347,425.990555512681,432.94052792982393,99.69352323800084,646.9441340271852,455.2375448836409,69.34426203978076,573.143454144574,565.2867687513229,98.10832594997215,391.42426396576695,341.2361465386384,105.50251011080333,392.21627547635126,292.6526011425258,102.99880824838809,428.88945793315906,299.14139913346594,85.54161116711813,418.2461806461003,363.2609979227703,128.01703294763854,551.2883274426364,330.1345208095086,36.02354615386053,448.36937914796164,300.5642849319018,64.84858738619775,251.99602817250815,188.93668507547386,51.49770849303272,611.4273676800982,529.7455824780849,80.93009104421456,124.04167967706098
18,2,0.0,0.0,68.4288438841463,402.0861166876848,449.54073628669966,83.35980080369872,358.23467477029607,327.7655205739924,75.38073948213861,369.9443361752882,221.2551507030837,67.99939567729933,355.523457635559,339.51128625272315,120.9288013563487,395.30594016166236,289.2744867554712,124.43025365968752,483.5301585681666,486.83831349844814,103.38327560255198,391.1485558072328,300.2644039489168,77.64755152102268,344.5756507127037,243.4794248988615,55.12902378165415,558.5896528890192,484.89563802455007,88.25573078959906,497.2448689476458,250.3702570281066,67.73336447632254,359.175311983337,346.0507975627293,71.28418004090427,587.584926062973,289.39661417864966,83.63102614507892,296.1591751886966,280.2752772277853,83.2275346523963,380.4939856151173,323.79049282703653,86.87945529126793,509.8318432532178,422.8296782936826,90.13749403538039,307.8984281733305,192.89773913332212,59.7038740699428,286.38187606038554,301.21652386146116,49.04356227960145,354.7633717683399,528.4846662844822,65.73563062353684,309.3867767092095,292.93014882150754,151.81250707872243,443.8174076669982,250.25469759560815,65.74207228959807,388.7349070885626,380.6177179448985,121.75766205302031,464.62603931812953,460.1216273260435,93.84485933596721,586.6878418542294,291.45691564777576,113.8026580024767,378.32655208435307,395.1535222344735,98.46162835766923,411.9640273256377,176.99738713890903,86.72493392098046,376.76283745124744,337.03282267797425,83.28020556573995,293.06792012169797,340.99712690944364,119.29895651450438,552.0909743726725,215.75602635471137,44.3317664938556,325.56314201225575,232.84774047837766,84.1341688997117,221.95340346810772,220.7234429014947,70.18233619621094,380.3729107294731,421.8767902802563,81.90964840733213,108.27149322138274
18,3,0.0,0.0,67.90949289170922,401.87132095384175,559.6819592217134,85.4282484872912,299.2715926272117,195.26901809819972,99.65646604877873,509.7761047425065,324.08374679085387,50.37318608417044,418.7733919517139,361.67635931762874,113.83391384543734,477.7122641694875,238.7364695376356,121.89273535986075,383.30621336686283,460.55821863663766,109.54412914212246,387.3855590648,410.0243409709889,67.8094450831829,381.5518170725496,420.60769489717444,49.115483493220765,682.9131816664994,474.38708231686377,63.144445153339895,379.1901368435224,246.67101267765997,102.59341613521906,341.88924127722527,277.619089506963,87.7824339980301,464.96894521768235,399.6387348571643,114.29564256882675,252.80288086180047,357.03306800905403,55.45741313190627,501.3908738325439,303.57386270831114,102.26803485538126,474.93239482916624,414.19447045343986,65.99508358347317,306.57417380953257,266.3653878662154,85.53378382306788,252.65398991792853,348.7954992104973,51.71789608066226,463.43213660604255,469.9083285968821,56.202058665437285,328.01279060252017,329.8928270349255,102.01424668350693,646.1806427132021,285.6269430006084,48.31978915105932,459.16954346541496,296.30063197479427,96.18126771089862,589.5611744438736,467.93857144097456,83.04403600727697,759.3395552498898,447.6363990773177,65.23595266004773,433.1414897667123,334.9696801457432,111.00766392250921,486.85178074275194,222.19821569371993,77.95193616286308,448.88590526680133,280.9751891215412,78.82525512817317,355.968752820658,397.5045070124169,97.68657624155729,483.85233921390477,280.7270580634728,42.60273198158732,330.9108797114743,318.7753609266624,81.79620732447852,365.8585701456518,230.4630097520978,59.78984033801519,550.0881127737326,302.31346701322434,48.52250907120684,91.12609586849086
18,4,0.0,0.0,65.90482823911078,549.0811579137696,303.8684771701404,72.60514898716971,327.28765606479453,250.71353589622836,102.67963880861886,379.71622745574734,378.83971818485446,68.83663419229718,318.46050629989674,349.1710735411246,62.886872620493605,489.2835442144292,384.6971549381707,116.21990567325109,548.8521768981815,370.7450969253166,101.93742562063716,472.4043593851024,271.2271496047041,86.01390704199935,397.84405911374955,274.90808853469474,64.5387250458727,512.974681515029,366.60614932718534,48.4499268604532,688.6004797342463,466.54565037402625,93.86081518236172,387.3388215434717,234.20676389979388,98.3850600104453,503.0909140244946,334.6908397191879,120.47123148817596,350.49521342850204,261.22290326738084,86.88860690380035,420.4716327441663,357.7677659753829,139.55930921708233,402.1075251727301,414.84263481775884,71.19527627932455,190.18805603580373,130.04504191967956,81.82038390091303,246.50995010481546,256.67374181683005,65.02010673569367,442.51953239708735,531.4981263422387,56.345843109862926,400.75729180172584,337.59910149073926,149.51441021767772,495.1341100347707,348.24696078443833,51.77055937442513,439.24461460300296,349.4043353756883,98.44511555194907,419.96269727189855,467.1244342567695,93.17588885539536,549.5629099262675,569.8152172378194,114.0538109904347,437.13363886730843,370.4040186255145,117.77561469296162,412.9567569101457,400.05305169183737,97.82136600411786,485.3434292592084,401.37770362133716,78.90340775972243,507.7906450696811,326.78784486318034,110.31263483651314,327.6001760594017,229.85674159057982,40.73851734864633,303.11802899816206,279.35014932746753,70.8355364122337,277.9111713771994,233.92990630539634,57.569767517696214,513.0562105207948,412.7323673125824,63.047745093884274,104.71699082044712
18,5,0.0,0.0,77.64033110898308,305.990152210126,367.3199167333275,72.39022530984464,374.34589709986767,210.438417151269,103.11164399124692,388.7146022837834,357.0571699804328,44.47840199858522,410.685997191262,275.8482188158705,113.86488357634147,447.267133096554,314.64688113995817,148.0249746039713,557.9681381004359,472.13848528715874,88.4451708377151,363.8680510005564,439.5572350469267,41.866787049397324,439.5371287998614,264.62412578312615,54.89341069651452,405.231893015517,532.6134734152979,58.969420706250496,411.7046197183362,394.1040614565734,87.18047040994283,366.08696659399897,272.10785228973236,77.93194055556488,402.84432190522756,289.1327529828272,110.22178463512981,295.84726422706046,314.1074763896796,67.07301020506816,448.29893456594255,341.52949151792774,108.78429244094417,503.8679273190343,395.282604995874,69.71784886377922,350.31404702430626,210.55267356064698,86.58517685868648,324.4263318666709,241.57353981879936,62.86558873435054,485.66977392677853,385.1405381290708,55.298945288985614,305.7698346721243,352.7537798580155,147.66099186214214,409.58147442049255,378.34152981089215,79.1523217962328,435.06257922109256,305.0555948352198,111.96642760900504,553.0448353478133,423.1723544737856,72.40590460396464,524.3643030869199,579.1352143411931,89.47097297824499,422.8222291270862,381.23757871953353,90.00484609923315,434.92398443745196,336.0575234969454,56.40402996666714,410.30778184504754,338.2219146502987,81.38704481496521,443.92479056225613,384.8533266550023,96.02601565850841,494.79590629914236,267.37028714422604,42.484290467236285,386.5807220574896,313.0034853236891,68.00252150734339,207.85677837884242,223.37620729915798,62.44225286452078,368.8474755237767,419.324124920237,86.6272133486084,110.15604215373577
18,6,0.0,0.0,63.95611723282492,429.1467776762097,438.785607569436,68.78865409170135,383.36092012677955,233.3586629927122,114.63609648828863,383.66997834396136,358.28640878945373,64.10486854321789,327.2759335130228,308.41287806904904,92.22665113683925,483.2634355025903,418.86795349654597,106.28519225315918,592.9025687939243,477.9225246352977,68.63250094276194,435.28009791583736,305.9153492674355,70.22496328097489,372.00585645355125,320.2360565884055,53.167911402747734,576.6340633000494,329.844111726396,76.60990412442186,477.33695011568756,423.18740798104,84.6100466096552,374.43204928578064,238.4214730017604,86.46503793528659,350.83118909174334,380.1342037880772,109.82899672268931,316.8700920747423,249.18023294629648,51.46634424478319,361.59843281702877,322.48598706737056,119.68840637959273,384.4980791152782,429.2885245310061,62.197727454262235,254.29002906728078,277.0421749916219,85.56187191114134,385.6993086656885,307.86991518605606,60.63353606002275,584.3689499240534,483.8644677448477,51.82667448303016,445.5615041238409,217.78673828993027,160.4330152074087,332.409009015137,342.6793457062451,92.47962737014328,413.2185720308542,320.0452623378361,127.90288430633576,327.3836388120819,474.88808015619185,79.83614672130983,602.3197047688136,553.5450613709896,135.53983310045157,488.1494855010119,349.54744218598984,117.45928196720449,378.30411290014786,239.3733745961687,102.47205299993128,465.2833119859839,376.94615130828095,88.96097251189302,514.0727400293409,378.1676019905419,118.90293078186617,456.2684994532176,277.74519199180895,46.96118005378128,326.54484192420296,321.0165438397026,77.59599562273128,238.33847711148175,231.2612370092045,57.406984061690366,474.2535050901333,451.04551611952184,90.17217047881263,123.67521044321933
18,7,0.0,0.0,98.39445813322666,457.04901991390295,387.28029977869454,71.70885771658904,387.7225163691244,261.4025578683084,109.35248015889539,384.3117901745679,363.65209983186344,55.01841416617853,376.24041377072115,265.46898621095016,101.51203999391821,502.36443508861873,318.58814156518315,77.39081723465128,379.6678501004287,311.8044996264394,97.7917057168699,410.8616687595028,355.3525871641465,95.21005500502582,464.37949646599077,365.9782433394362,63.86213228653047,427.2127763386478,448.77633760891683,39.74937484227072,366.0171504844789,323.2659031207294,84.20947386620114,438.7692590077809,325.55592993369515,83.67149178574843,511.4348682942982,386.40899155444083,128.28673056453778,306.8004976233674,207.18042955240765,52.477845394435164,302.9513791850808,348.590094437829,106.99681706157163,375.44448573021225,488.05607044264474,93.80427938274347,320.7602419457925,222.30745893466894,47.326372905722785,353.07582678593826,289.62217850449974,55.73783865530622,384.1574719888968,533.2124499989114,49.61140065309747,318.89223786348464,211.10910315165,143.57303129404372,439.18401249133626,351.34531344958464,82.57059190146106,477.5790622616945,380.4697745857593,99.20691668540785,470.3138719620615,365.55354820973946,58.98390163550939,461.64914713308735,452.47097610561207,150.1953776157515,471.2714495169857,354.08361666200875,126.56426967573452,451.96773536627813,311.7909171048269,84.09486456731793,478.24043684632693,346.12094832660546,65.0819021669337,495.0917513853859,387.2871308376948,72.53679214583613,382.5071434328964,358.1945105927179,36.504929010031375,297.3880997532495,278.40796765992525,74.76692105035048,239.93507581480935,296.4524652466559,50.16956602610145,445.9929893916056,424.3483199473522,68.5629281872896,105.9645510428529
18,8,0.0,0.0,100.40436476933408,468.1801883358449,360.9691024892499,90.26107392791339,242.99652037664274,202.6404944465167,80.45170761291226,497.9054954335492,310.1525353270893,80.51408265986169,443.30891139937864,373.6436219153632,113.52003091432798,436.7268175467729,429.92763230586513,97.81829086626034,644.5407971787871,496.3068847300464,68.93114897208488,439.77080865185644,297.7319154125521,50.54510587452923,421.72341669489083,320.7605257996307,59.05828684918288,427.95529216664687,392.15704303892335,99.36586999175174,394.30759344494123,422.9859098121418,79.66806106711589,420.4339689947592,178.84132164686156,92.89368313517059,412.05119693904527,327.1120662293936,91.385346392854,241.63546041827271,216.7459047486068,67.47214389983701,346.42992869574795,363.4355669655465,143.10119837632715,359.23342071638876,240.4302570145166,59.278199412342566,301.4229498728826,205.71938884864642,70.11383647981584,391.9803154620195,280.0620257232785,41.82019224908973,616.4430207415417,588.3272272756825,68.8013364758675,434.33496768559485,287.02170142502746,155.7934167487427,500.25367301046475,288.0265050331776,69.48566663845645,500.18348657185663,245.4430086889874,112.04279436220158,470.43038146420406,347.4077355598939,79.91153152049644,451.5491741173997,434.5839751895667,98.04730051423911,433.0453004023443,372.9909966578467,125.70015841377183,452.8444770137614,394.2838337670222,74.04427689189849,369.9365898996261,379.8937205596182,111.34517460285844,355.5851429062666,293.12179562735326,119.46448854023367,418.23676329484255,188.28916716836875,35.76472758993,444.30907036184624,268.62156815501464,78.06901169880284,245.71970374140562,224.11264194231035,63.539446554215466,607.9163094341222,463.8646982171425,91.45483193447083,88.98397626720525
18,9,0.0,0.0,87.45044250596038,574.0048835286809,522.8748094650753,86.93900603657303,259.3493526619146,159.79441517016696,88.24634640131163,421.8620218141917,381.28685443540405,72.89313914225703,501.41429608408055,334.1665229587169,73.20893848557077,516.738531698262,426.92015967326483,136.76606873385683,499.3169409038442,460.9624390715611,82.19574871833854,486.45057346513863,497.09637691095185,65.2877074884792,451.3692176183074,293.2440748345289,52.90247299393299,414.3330184194822,425.1889173434851,71.30829314351602,242.72341615526275,364.6107759858737,102.13856569420332,402.2578149763246,397.3524777336761,64.52045906740759,410.064344791383,368.5857540263538,110.54932105229146,348.1052844085981,270.33974615438217,78.35279415635938,429.6822247486045,338.557245663398,77.30451774256849,383.45429316203774,484.1156028104522,90.19754316739568,352.16468525983515,141.91809947359275,91.92111981289037,304.8770541984127,300.89208916576933,36.94227595188951,504.07269771943567,480.95074979900585,65.90029799669927,348.8580969612761,285.4656821068829,141.6721344185244,596.9338483550919,206.56175114589757,80.40219069587755,311.6491168951788,335.5478260383912,109.27172424038382,590.2985756649256,441.7072059450795,85.30554842138056,502.9917585572979,549.2829489575693,100.0776259876225,479.8289417351624,260.33756518947075,113.63126741009776,421.65481708169546,382.0395908182434,88.59174837713363,383.48023568255456,382.80139071576554,73.9927242112343,389.03212737831564,334.26577867183755,122.44628123382284,387.4447133099112,330.18344452829416,40.02048157659756,353.9762087712284,368.17072627269505,60.89156247310548,315.30919516511716,207.69236937679895,50.19912280337692,608.1419609026271,368.380992733158,91.37295096060407,127.28667235121969
18,10,0.0,0.0,63.64858787435557,428.1102521542043,508.4595263465868,87.84789685644526,338.7052846895121,210.3613505319019,80.82482138137547,467.41922484606937,350.2038981674697,52.597374196439304,416.1466018154293,312.1938142130542,106.47179607079467,465.9979813815578,370.74832214991517,142.4993043800138,490.2298131723112,542.5911729195998,90.23259344596576,486.0638252757058,331.52017704437435,88.48999719343536,457.38148449005973,275.4624093023062,66.999236597057,677.8780419367183,438.37314094575146,66.47012987672467,469.72739771890235,416.1516207707867,83.42366624307864,562.6818874615458,326.69810177341816,75.8765188844194,524.5697040140229,267.43679674755566,96.21394704092704,385.5432897615312,279.9847120170562,69.87361163673333,318.805948881421,393.11288206986274,93.72553791713248,349.99364155881415,446.66242217444545,98.84068883992154,187.99216030756057,177.99005803251896,57.59493712236185,481.63744990106,283.45802355966634,51.81916245056436,473.2241039760915,488.6343239222997,65.4009758410103,263.71436307602687,272.61221554351226,121.38562146914502,566.966323835784,332.11354460039456,69.29160359653167,467.9902521316215,270.87355481229065,138.7481128834717,457.7574805761365,371.09567075717484,76.8157800326231,724.6678872219537,401.6299640212083,114.79103850583238,439.6433529589141,322.39418267543425,156.81012981985566,383.6839135642583,284.2484256209377,102.6775377519431,382.8979203444044,333.3387671641352,74.09035050889094,351.95564139487686,433.79788233086583,93.81055538542603,438.0515201474714,351.52272884823566,40.007339869253585,263.7553170503002,387.2834625628125,51.09270640871726,220.00462681795835,173.8489817967276,53.878134220256214,554.5010535169857,344.3412924878416,80.39696004170388,102.76828045636039
19,1,0.0,0.0,96.56447435569362,237.2796253624891,85.94038500556395,76.82551087979836,97.2698130376629,104.22962084119055,61.02287350342519,194.5001174466345,94.48184700063248,54.453663141181565,215.8528283772156,113.36647530196,114.11156504771401,124.17440122812508,7.058202845198858,107.9596216486893,189.1397073190309,141.80807989060972,92.04625606088244,208.45234262186182,169.6178589009731,50.77871772369103,292.6646063681831,199.76477396914018,108.03558086007523,233.32594918300452,82.07341372293838,104.72069400974544,194.89948254607785,113.39149824692956,63.257387472942156,186.31553959692636,91.66228406173984,96.53799659345982,171.0234129772647,95.56622616603613,72.29685999018189,162.14647345485122,118.67126941791608,106.10882755101436,238.04260387140494,75.67395391848287,86.7751676615321,135.13480992918414,72.62816379630785,63.67667090522309,195.58952979123202,115.24942649061406,65.9802299905183,150.86695344664065,139.2793022249636,76.47647323396296,196.26842193238315,70.97203382561797,75.47628745115689,199.41913008941765,115.23076990735467,121.37186849085751,174.84918470157416,83.62181699659733,78.07581711140396,276.54999713180405,194.35985558123872,141.47699194180476,175.36516522428445,78.84795225365974,96.26594846391595,201.70197041918564,94.13874125539415,152.46906659590934,189.05507061580144,107.16956827373174,77.13644705894464,173.9602499212661,70.30354158493225,83.67925142769616,154.2117125758631,99.66247347150394,86.28476977697778,177.14604231859747,135.4393389439701,109.50351559596433,150.60633796696337,60.50526368243786,120.75259412650404,225.092561982235,46.537925570827525,58.5139465066882,222.00318235024454,161.32256095114903,116.45036405390253,186.47290973335564,56.477397234741524,81.03491433017604,105.9457187227857
19,2,0.0,0.0,65.63997831536093,207.85328225649107,153.61334906629511,109.21142394015877,166.3221012734501,102.75133368103266,87.50898135109387,169.53507362730363,59.96062313561607,78.14871527174475,193.35035122395885,143.51264964275853,88.12088516779022,115.45670346422071,12.721867183961994,79.5184526542565,180.59514028699948,154.95881819470844,77.63755339309687,219.8709790032134,97.36222540173364,50.01037314696195,165.5349476263741,195.38435553309515,115.3864957265625,175.9115551620958,53.88284130450998,106.21068604966908,191.3152456599652,107.24671450048679,56.296678848406415,191.29777746238383,93.13595287159133,132.13977546791273,192.52211685066823,75.10318598614663,84.24822392692383,220.34435610370227,149.1774045954693,124.84957054533415,250.96801276590188,99.19775257138907,85.3892068987684,143.0631582854013,49.3320106067056,71.80766730531869,250.65568356146198,137.1317035073791,85.62738454128333,155.66684406259196,98.63870450598394,57.57064476583171,136.71759052324757,84.76722818990845,62.40836004046327,199.88598351414186,121.8391336503183,132.57700316519816,154.44047962199025,68.91160022027272,89.9760467451266,286.96049279520366,222.88594803216057,114.31331922371395,249.6769210403424,78.73157325691686,119.68331657393453,170.5413927008866,63.864587405382295,131.06286716868024,173.2729818071076,97.60831320890614,96.24634517151414,154.97677469062137,100.79166226731287,63.82645272606426,157.2158638119583,70.89004130747199,100.56311491678035,155.67560079492532,81.46291242190277,150.75022792513298,192.0743280065181,93.55767558369104,138.1428558786725,226.6909170094474,71.4333010766762,57.55368519634628,223.013811854206,158.31094344918492,87.40626975146691,144.52313467160968,50.24876043138378,90.27314393737944,137.68539937350283
19,3,0.0,0.0,110.03300305112074,159.6026681510034,140.2431509792024,66.63461511469409,184.3788254056903,79.3336132044857,99.86664211039638,150.1936655590242,56.26621398014982,72.33482544708559,245.70759092648083,147.76077091359937,101.48785864215573,131.83527133254933,10.830869742541022,87.3814924071512,280.73822814905844,170.5569525192891,123.08772639297574,221.3244564392433,128.83340728660315,42.44640232267562,195.2403560785663,155.74919306571402,130.29944617063302,175.6665795726945,108.35675365445441,117.88910862458684,158.68722077240704,130.53762506145935,66.71602301015773,167.6946721876302,80.3105203038553,96.2685903827974,214.14300383950743,86.36752044575034,74.25411682815117,247.52833208377643,140.98941534157265,118.52983126569967,207.83205208746645,66.08641058427406,80.18260151137535,122.81814275636451,72.11620072594282,60.54018082930844,243.4118361865821,129.92012114882883,64.99048985646715,173.04037926580293,94.6761438760291,81.87368809595847,130.76166281427695,82.87218276415047,56.85296034845088,255.69447319031372,143.47347617982726,102.14965916018824,164.86413195841473,78.42265310419148,57.85101542195753,242.26848391617847,176.47805072149217,133.64993875264872,222.19287605807176,64.69318303519891,91.37722261723462,182.97447969786225,84.23881870362337,105.0018238355145,237.55850502766032,91.25063530637021,90.25172970178215,158.5430862795984,118.06690645424327,75.38909887563936,137.40496777799925,86.6801532676096,85.34526445159287,209.63145780292814,130.62450102454943,122.63485377518992,155.54925955853275,80.23046185933566,135.71962404419457,200.32283514063067,45.00506915492271,52.64929020851095,166.42834672272843,140.69002793036205,139.13849093451347,219.31740146655795,41.82717169695294,125.36359053108247,122.9715712719437
19,4,0.0,0.0,94.89747110721771,216.35347455996435,122.04156481688331,59.28317349758819,163.39881757208497,80.91378976121385,87.79922507660933,182.4052672535131,83.7682931296836,62.96381746364429,195.1125317439804,139.9295214168765,100.27710221937404,120.45003750894125,12.223520505310836,106.27096170487168,248.61943759950523,145.6582413305054,81.35968934713392,215.85815500127995,124.10156862542772,54.07243921297655,226.46562193535058,155.97075605416893,112.86253132307414,201.35612734623234,88.04463448557516,91.15829740148263,174.19324886808417,88.97291044887633,73.26184620012076,171.8170030470663,126.09194208293738,95.80041521702117,159.86734308157267,90.37670339305775,70.55101311342268,205.91032120666085,160.12298861180895,135.71394700931032,197.13443613854048,78.93111287572259,82.67750135373723,139.53851044524941,40.01492119752656,53.13091436044074,200.69412353288027,131.02259719645076,75.93297816976025,179.13407948095065,71.6849150115558,59.47395286577719,155.80989867548112,87.53352001045494,80.04588507004225,202.17512770288656,137.11485635883446,77.32098741852349,161.07647796779932,68.33278342531686,72.04699211481037,325.27220738838554,173.30831097753864,139.5069330245169,229.19913257021835,73.37313631544616,88.03742520509059,191.64577374749805,80.17747597086637,153.120566992968,248.50900678319078,60.797317502987,88.88440501862047,159.03965413051097,97.6596569671878,78.24596904129181,140.1826278772205,55.59424828617955,72.1657069018042,212.68655489544292,87.16339134980922,102.10824417002206,222.84065481507014,81.9108997195721,130.0241848276617,140.91203131311022,87.90483583823034,48.43077346616614,194.61261759105363,141.98219172137274,114.46476928319153,157.95688767179678,46.01316235914139,125.47126546580535,117.5391642272564
19,5,0.0,0.0,70.33666464930722,168.76497424217501,115.80990075243425,65.22281881463651,154.9379404113861,90.21039317679215,92.6862474676546,168.98854649655286,68.4386297311143,92.81853446101532,189.67851552535225,123.40091965225683,68.97010795864895,131.4059568267393,9.484529189523322,74.84345727714539,172.18737686706902,156.0796180802658,87.54899357242724,204.60011041547077,139.85637818135996,55.11942570400601,188.0849553200624,139.1416723531256,123.60532756739839,189.13922876282527,58.81255510785754,87.66057229374367,176.1879997077735,112.61783018921473,64.5758966532746,136.52993537323806,83.03800571548504,117.96511534182818,195.04494409305101,78.8637561225827,88.80436798409505,228.8574900331903,128.7555631128446,116.78363608729724,248.0738938500805,93.47455164881221,63.05692326541548,163.01810074304404,39.70071393379298,56.26093538442857,185.24800728763415,152.19128280051058,52.51516083027964,112.56225990741113,63.1979325863678,78.07260774378385,170.75377148177375,71.962254578489,64.84419508706401,163.41603789347448,108.89923183563543,95.92960165143766,163.39253741789196,98.50759821825761,75.80939754809725,203.50645136231236,197.42649131203495,120.9752829681292,255.29849811959528,114.03047402195384,88.64349708292791,261.8479512571732,65.36478535155064,147.4097502979408,187.208142036277,86.57342930993056,105.15569773620338,184.54926930109494,90.16461801113955,82.0309631446712,143.37484040326203,82.10977640413492,88.95570826955701,198.1435308323902,114.55987319256752,120.71076322392497,230.75228271327717,88.0444975708574,148.03371254677805,214.78710892757792,66.90676351466018,50.60313025476342,159.94017201226558,119.30628942004014,154.7822917397091,143.70548900842766,57.66119220876071,82.20743795357816,116.94764059425148
19,6,0.0,0.0,80.47789221495728,159.03377824699908,152.34347010701896,74.07221639465612,147.049203132907,60.85031226158286,115.91561864056996,219.43589077574313,96.07884240870114,68.24779708957497,190.13321061474795,146.87813662602073,100.82882133697932,94.56715639857993,14.37202088826584,100.11648502580779,239.42206006805384,123.6055362389437,109.26025323416359,198.11320219431974,121.77484899771545,52.605873588768,263.78482804267384,210.3448501700644,95.8347972093419,240.34384467313396,78.32759826562942,125.28768571170619,163.86135697257066,95.57377579604027,90.54190881192577,171.93256013875455,114.1154047107555,103.60935866452346,135.88904960463677,114.28159921282762,82.55944028657356,229.457718739553,140.22126746150835,126.83274572924432,162.57415143368985,92.18065309352346,78.11240965231357,154.61459979879416,67.7101959664046,57.555234257565964,174.88579771018863,106.88884431690481,64.17033240791685,187.36811205977986,91.10168338134396,80.89893367108836,142.0346771547716,51.452454244092735,67.71040709655998,193.63702636127516,145.43781637524137,104.63519429999398,201.61397139155747,55.267736549832726,93.4769983029357,270.5625824544577,135.79597738434055,122.66456478747963,228.48251041375502,99.13788824256477,122.36980286411737,165.1115712856875,78.6073411195932,103.04525473678498,259.2396432997927,91.15742333611172,100.44276533506977,161.0480011034606,72.21045163966961,77.76809010200046,175.3825573430444,73.13360761747333,92.8152689078064,207.71854287509873,100.01969181456471,105.72239246977462,222.20073826518285,91.27736088899033,132.4053691326004,171.21518895621648,80.49498803896677,67.41962102241851,211.80409760678103,161.34570578401375,108.54481385677911,201.57069026354148,46.88311714547632,80.8994015329818,63.67202551389151
19,7,0.0,0.0,63.5844523958709,163.50381412847491,114.43909313409651,62.140259885423674,189.07455998531472,87.98828367959817,95.8798865375195,209.34233123891266,82.85368514534535,64.357459276182,266.12469808148006,129.86494183253603,129.59864432819168,129.014111549204,9.615063184235778,77.46687734962943,135.64075272046762,156.07261184350034,98.39423360260804,218.73617553903634,113.76536691540076,64.12151055591058,260.6320260519284,210.9554166925343,130.96729466793795,179.6775901845771,48.803777477499004,110.3273525637525,193.84981801703205,92.10113905408357,65.47426813422547,163.8009328990639,118.04139120114992,105.04178603549384,221.22319643485693,102.1123700076894,67.67150989202383,239.70869087541143,127.81363497243338,108.14129087699509,222.80890515751307,123.46601569330468,75.53008986735736,153.76569429938377,66.46397246213353,73.32427878755063,226.83589947467044,143.06444854745186,63.16237671653089,163.76421510624772,79.47815026979114,69.02054748598084,175.70500862550972,70.20001206362505,72.5757562223033,199.73832211706767,103.25984637741335,101.09505970896309,166.47503734699555,82.76173599453907,80.47923128497317,228.77770201695026,180.05374046280343,134.80338100947228,179.52260097999897,85.2256884050447,117.06222745223783,179.65880135975718,85.99449113302157,123.37722836968463,211.11511239621152,75.78653721238908,104.13605664214978,151.06015402904524,129.81540603477828,85.16416209651774,168.54439582253255,51.45847099322643,94.93439934573594,216.8465682557849,97.01342925930942,98.60830217533656,217.26380977469714,73.82404609872395,101.75356714263862,153.8803756905124,76.83752935593742,46.19786165955633,259.1591378700988,133.69823769360818,140.69894592557984,165.6162625608916,63.62081856528053,110.66142620436257,95.36864517826484
19,8,0.0,0.0,69.06523545711934,178.33198746322878,144.56471883671165,75.88748772639234,175.71188737909537,99.78989840906272,99.04778128838892,201.08697499433185,93.70898606810891,56.02751508226579,191.3218770931971,133.85779612092858,111.41018955684694,112.14496150734286,4.525463785208118,94.08947967570656,209.14347851739825,100.2284618685648,92.78092958022745,180.62973630268533,131.7476587312217,47.639130709067345,247.2239179998419,194.84991615216435,140.8153559266943,215.03961754603202,106.87851909620713,86.93064120703787,217.16314983385712,104.09946486255184,72.82929117382507,206.22409508753213,111.8913732946622,115.16441278021381,228.24486486219615,69.45384859993472,81.67012038869662,203.89444527784522,128.1845764763817,95.21267254261795,192.4327577913445,94.53059048561697,94.49686159123894,152.68758131907722,56.64290791509328,63.12053449170335,179.75338257834943,128.9407853067539,69.47034940109462,150.46322698896674,84.32670721002725,65.13950965698729,150.14639392330616,69.67462526843961,69.74171231515325,181.30115622555283,175.65041222550866,81.95831998400514,173.02108977401994,80.57478348565647,78.2174734069473,262.3031729510301,201.83191059004105,115.54386112628747,246.19541142470064,90.11017355199961,132.99998013241256,216.0144760406698,46.33830931361944,157.16699862089078,226.85431995245787,60.821014378249615,70.51819892842185,138.74370148446502,77.27116316274737,99.48630076191895,164.10181570707914,83.36497107558345,87.9214797409866,219.5527817588023,136.16041703329432,118.0159708200019,173.8479680519694,85.2053182661695,108.5188221869259,191.3820613202714,59.48061033356508,49.62861663488361,226.50598555965365,217.4603569669375,138.11621814240866,191.9511181957542,39.77083862902134,124.53318722510997,65.90113228602159
19,9,0.0,0.0,95.75563648916912,202.7480178506064,123.88084116731154,94.46839929796124,155.80207904032827,89.92652692852405,82.48815922513256,104.62467938068939,77.77653783128677,78.45421629120808,220.22599322692386,143.1446666862363,94.37391076228032,126.57355336744682,8.277092033190023,100.44970864852226,227.23098615452315,133.81098262356574,82.00897868673455,242.4718395357545,130.74981084033567,58.775812703808725,323.05461772002764,205.5817542709411,156.57566376589548,216.36064419652558,78.81114739542022,109.37130313255363,197.2554010391944,105.00216418462263,91.20646268925387,186.83826601599387,111.3772362141304,123.95420641365149,195.4155919924265,93.36064812073701,69.78635792678752,163.37655080581214,182.69890415690526,97.18124654918464,201.3976320231728,89.3090999733211,78.94373536968368,140.62220088091283,59.50938334647005,51.195103778958384,183.65313983839084,115.45869220618506,81.88360232631163,157.99190200314567,97.72973663617533,61.478198716775935,116.10825873430412,93.54911657092677,60.355969034455775,182.82019339806138,154.9654505127565,124.7498117039383,198.6302552313203,81.7137785603402,78.15620198401241,275.6675192278378,138.26002838298396,153.8349474340734,186.8613975191741,98.95300890465612,85.33504657534485,209.06529121698622,93.15456231488137,150.92419576552413,263.7207637883707,106.26359497423978,122.99295494360268,209.10794743318255,81.36992233410861,78.13946816181632,146.30460607041022,84.64798153945642,95.58932709827307,136.01373638383217,108.52699746803542,141.6968460009943,202.01785370816998,76.92287296321507,122.60919459378835,248.08945468065792,67.63378626669905,50.31227905147737,123.36184846808241,185.02427707952089,121.00696954865981,196.1324780288397,30.034421641045014,118.9622328657478,68.54121594207513
19,10,0.0,0.0,75.0798752683739,188.9498638513132,115.01966657053569,87.77274947309228,161.05499575984555,65.60812738917919,104.21231349758075,213.00455972269026,81.51374586094636,80.8990038042948,191.61481752074167,115.59861108865545,121.71037060631994,105.29860245616192,10.76770612380883,74.73139755521436,269.8636743538996,156.24540413132257,110.85096382996025,237.5476153655885,81.19587993631019,37.442722840679,172.29692249245352,227.04228792238652,128.57372236391058,213.67025061200567,76.3564418781709,111.49139777713725,217.8177394653529,90.44589056015862,80.11773068692199,144.22085923560155,129.35808492088867,120.55104095548421,167.16170309938326,81.21534170353384,80.55567314368051,201.23674530142486,138.20393196309618,105.3957437737393,234.01909249656134,97.80540214419426,86.02696924450248,106.39183957342814,65.5081620932721,34.43311800236425,275.93906487318407,156.34366192104127,56.78484448176605,173.99714011094545,103.03061532678525,77.61809435018121,147.23735094657494,82.2123841475595,75.01412829772153,167.38720865821088,129.632059080956,122.5199740572263,188.53620169929255,64.55392256267939,83.75486954431,262.9619925419963,168.03745468094542,153.70069465184895,178.30772982668032,84.11325135404535,108.99342496283943,221.79546847993166,76.53545947501763,125.94540491212479,177.01854339817024,63.14523191770036,103.17438343028758,169.50585042258123,81.23077170040293,82.33000324918358,123.46985354967195,81.18310945439498,85.7715469566285,168.80186214334088,84.6054245613409,118.88276461288673,192.35598249190738,99.31035956115545,88.50310019925534,182.7646721990995,77.7889864137573,60.63967911052505,211.04896664197062,140.04816482176213,114.10503161022608,164.01289323247886,37.25279726574286,143.4048097452087,96.53123638889282
20,1,0.0,0.0,79.1046156685732,192.89707246970931,121.09062909915495,96.70009864616992,179.25094870399715,78.14792236689671,153.77969843663988,275.1750786414405,116.6562696311426,64.88413314572344,226.2685177509337,182.47046672868495,84.40955138748764,237.4585140390851,131.62720923168303,65.16468695075619,298.7342713451702,248.59133836733798,40.07516230751743,253.9381246321771,214.37111468302786,70.8607059467077,212.60231914567038,148.06762234506934,88.99810224626601,245.0570351754348,130.12909285911022,103.87847685033378,251.04377843861243,110.4833490936463,169.45184647846685,282.6197705747772,125.86724152411199,112.29428710611623,209.89085279977667,130.12862574034045,92.44683252963675,227.14564089478358,156.62937895707046,106.88437335766297,232.47212012254025,143.33896211562572,86.01576679085913,245.79599579582305,143.63371725669498,85.17007367951507,240.78043139144816,148.94399654422938,74.62561044867785,253.1756480718842,171.32383097356134,86.57764280351023,170.40845679173975,120.24786757635044,53.721899089646655,248.2555424471971,170.67691017643446,167.60420594748126,289.970679609336,95.31944104334195,75.20773491073332,258.8417408431145,159.30966973968515,63.42346960522729,214.72602222711797,92.08429364575159,90.3563538905362,279.6344506796838,222.94881325569926,50.32835560285279,235.77658424786785,232.0195848101366,120.24830032537562,196.53270739896763,94.51421009895934,62.15868241073928,268.88913660081255,190.77835702069547,131.52940058326894,255.32779752936534,93.12962774533543,116.27112585938526,173.73661754159704,84.7551003592582,63.31392704012382,258.77237977289786,136.51451144876182,109.67731062600564,127.7332333818528,54.80697909201997,78.65637502264157,232.8580238065793,216.66696451096212,78.35443402075808,75.97721357311723
20,2,0.0,0.0,68.29419875772295,209.02827076781472,139.99620057733406,99.67954708369906,217.47705326834793,88.9755383240722,140.53771657252884,248.9308120831889,104.60002522969602,62.24789414308482,241.5309966349998,172.48194047529387,76.98806398123028,204.75875593589063,124.48142262672295,64.38135692428546,284.2431428818029,244.25431038720325,44.379939393298415,276.1346520231078,217.35257327223619,56.00725561390483,185.60942413375759,148.81936361833223,86.05156308814165,205.69329785197738,120.346558336281,107.45577118609187,239.39673170717967,103.31980821951169,159.12649017908723,256.68320489032203,86.10679463165445,99.62639098318722,226.5497644391152,126.83955900768248,81.45356886748213,243.90410819625532,169.98777290203552,107.56155230023177,253.3896139165556,129.17424313570703,74.01271939331623,265.71645569333066,175.5375724114864,91.78491611525747,263.1554297172572,153.4759400160738,76.40129838837817,258.6229372775075,160.44729431437895,85.78725631183882,166.9404438972457,106.56411875113065,61.92717052029195,226.6920700001571,189.26985753051574,124.166216272974,233.10562102926053,88.50944465858498,72.73144000043517,255.85230008723494,134.82752539306279,67.11885153244901,204.92465603412037,145.32202581527534,86.08868528474972,282.4566951903004,253.20881418404403,61.25480664137953,228.85351455821174,128.0573996824451,126.13601112258084,203.4435023193039,87.68935754454799,67.60843959824685,262.1646506249848,194.42816553667018,133.65859432689615,249.080864229623,108.16407715725998,108.64231273331161,189.75892801468441,73.65099957922362,63.192879524529424,249.3913909454732,171.23943257875146,109.02659667999518,144.46646072804756,50.5840695354337,88.77679806174591,276.49292546610053,210.52002920595334,65.95500766807189,115.91250944613262
20,3,0.0,0.0,83.56085988567723,213.79329744798557,168.77482334116434,70.12075610400439,182.9451947388204,100.82555972729553,155.84823414309147,267.225542303597,86.28709924528023,64.98383222176476,237.7700396461859,182.43682291704317,84.84982453035298,168.84051213422651,123.96954036471182,54.7857750139755,242.6780197339818,234.66802626602527,52.807935751005616,289.24038355192573,186.86789751880352,50.16647243974501,191.01007504459412,143.51831433436652,87.0015084805367,207.25074048010265,126.63605024291172,123.98279956549862,266.5687248904464,149.2051811401539,145.8677445180798,307.47570768899624,110.53625714496462,105.80469232421973,232.19434483904502,92.49778208500061,95.8258129167564,219.77645667788465,157.22948014201307,101.20147403439184,220.9372499866117,142.3499436133825,67.15713570407087,224.7854191090568,140.43319875329863,75.45118691056925,246.1206424654921,185.3797706827068,83.01743656763983,288.8070859191003,134.81919340363683,89.5369188069425,192.37722010291372,129.55386567662063,62.69415446145017,225.0576535786498,179.13356486539172,138.60795033344564,251.44723471630695,105.79923183680995,92.49828142820165,239.5230483919791,127.44467261043914,58.52289040893356,187.3308911857245,137.2200563464848,81.01223546977076,270.6816725802377,214.47902991793518,52.939524914838046,248.98299881825372,164.73676105830464,115.6236584219274,194.81550971694804,119.34620462257445,58.07755782548319,256.3255010475828,177.31818809558095,152.05894141332962,274.9560014385854,95.62954903784325,138.2271817364358,160.16266581706452,76.1234032035472,71.34520852515476,227.47875669473666,173.95564008765243,99.80945844750134,124.78060157022404,36.31781743656023,81.49537364108734,271.77794691517187,167.93739049370893,73.41746849703631,98.68180510042167
20,4,0.0,0.0,66.92578442592983,208.63572460235005,129.5008668586292,85.4232497109522,156.31927621874507,105.38189445819526,168.07973877555474,190.5645312844204,122.02541145711443,65.1050042826733,221.15761509788635,196.11850574872898,77.03322679122273,241.1255194186313,123.47042919697114,58.3838252882955,295.39120511166163,173.09508631918374,51.677680151316856,237.76092309407858,186.32394541076613,73.18488217372023,206.52408404136247,126.92853394315898,77.14450373870277,177.56656405190733,115.7066740323082,121.69673307578893,210.29379250625445,109.69466141214899,147.2508128822997,243.67962133606517,128.9100607271935,99.77105578580273,261.7202247562453,137.73446753953226,74.51909436165055,232.81642637218542,156.66365934049333,130.95590374880018,208.65171817604258,131.93297610543976,94.98491176122332,183.31550903985544,169.96364272096974,87.33353447608316,302.12292083098714,161.50689145774143,85.82658349982452,256.07690931054236,160.3197902440127,87.93561503263281,182.10278525792472,92.10061966745906,65.80060220513629,191.7625070188074,177.54581264099446,164.91208804812592,255.5161189630906,107.92627033535648,95.85242344923046,266.8484365069141,142.77026079463238,54.20662509087111,203.19902926147242,154.0354040073624,96.01004390960397,302.24902145103846,243.73554594591062,65.72363108625993,220.91550575039807,162.26487913543482,108.831280267941,229.8550808098831,94.74765812485494,65.55900091860774,240.906914183419,186.68067683282837,155.5661218516219,231.53296502830946,109.81587948974847,117.11154585589641,203.64050497351434,80.5340489128596,64.97142181734816,257.8794929067429,138.0650784397924,79.99780679736284,116.97450634851705,44.546701699316166,73.4641639909214,252.7305608160883,190.3984986379781,90.6982068834422,108.89177887687885
20,5,0.0,0.0,77.91187368349385,169.1098709356034,149.23677517370615,86.67470642257898,174.68377980648918,109.51759129256803,135.37641402043008,274.6261003044275,129.93909869925372,63.83718916134056,244.810128643952,177.17936435319524,88.4391408903487,176.17244158341407,112.18212198602168,65.4531921105259,289.4856808410484,180.9323556318808,44.77204317398106,226.9246929227841,206.50783335472195,70.1998017001498,201.0086966893077,147.7622104442408,81.92988918543595,175.58602801471665,112.43313970842198,127.83612590761082,271.64336333682735,124.26168810583948,136.7410448038673,255.11955118038208,108.74722894456626,92.05342790882571,186.14319257798832,131.53342822545318,87.98938106072816,228.20740688177466,184.149020851187,106.6584087414219,278.2087175096562,141.2469696698872,99.61204617691111,318.9391163809963,135.42277954331524,86.89460195949059,275.8472587370392,172.5254633991929,83.45512876475227,195.13436935842523,171.65158444766587,94.5854106640495,192.02186805707154,104.78849469960151,56.61093157630716,229.7275751612468,148.8186111818601,142.16673097849232,276.6256196704327,108.58495384792589,88.1377806604488,241.38195828792135,159.8175974122187,65.83179766592178,169.74616350652266,125.68168240012984,83.93619320898445,252.40139469996464,204.36432143719293,51.107646714942526,264.0942661928201,173.2311578006262,122.26091045581902,215.65854463633644,85.22912870482806,62.404464576397714,260.1633915843774,164.81705458494858,143.01845962180911,256.08827178118696,101.89759635308883,114.97832787340737,176.6326775180874,63.9583246849202,73.61021231365129,234.6229421017192,176.14846257634548,103.42071103572496,158.5601024044629,36.61447361850742,73.41665066281593,255.2826207853622,182.2531595521027,81.90941200374859,104.70502785629057
20,6,0.0,0.0,73.6584874825459,189.05875870306883,140.03680290830476,93.18472052776303,188.22628953211407,81.90838604769466,137.3189107612317,254.21197811352212,110.9592548786509,65.39258461447727,214.40905939930576,165.8602748096828,72.04042012507404,214.00696936468202,136.21242976701697,56.04360148745234,295.0824174092585,175.31167553964394,47.32325301269512,270.7621468070415,169.4432564112514,51.589235741059255,187.86945181326627,154.3958601755522,72.67785133368284,185.041070377666,111.0832665568696,119.97409391636917,211.7431421085758,107.30340025219326,154.95359887819112,296.43998794364967,110.06491288259419,101.29401240426532,232.7032566131767,102.80695209782438,84.59059330750301,214.01866758529988,163.3663765369735,98.96607064719748,232.3001910709616,106.73107448852606,82.9230611540021,237.93641546696446,140.58257885524813,93.85108810564239,254.6283321001064,194.11483576536767,91.1023894221909,230.53394469043528,135.54277478431294,99.4712786522875,180.8577306616953,126.26938065025456,66.08270450773452,264.8359324539326,178.78244619073283,167.782639024745,277.3459843636304,124.02945374216344,71.22954665489497,270.467579192026,151.3608199208874,51.79104940581442,227.10396728508502,155.6910635527159,84.99564099549393,277.7239739784663,265.16011132356965,52.24405687054051,224.83460873755672,161.14038186330853,109.7254342437625,202.64413104996638,93.32805253275605,57.05716053806152,219.10463117942587,174.99727673750178,126.00804163801791,239.81583042018468,111.1761847834541,101.09059669429844,156.45849155870377,74.28437841484782,68.62687362876495,215.35195412663305,125.92544112608083,101.62785010466563,147.86436050070523,38.23516391132752,55.11242253709864,263.2463304570032,180.5918510002081,70.60627955203753,88.95417067940139
20,7,0.0,0.0,68.83418363682311,183.85110775566156,98.35330524659066,108.53351026767189,194.05523153869908,103.16277558300105,154.05025520254833,269.533305001824,121.16341437270293,61.25997053462459,242.02203414528228,196.20762644791105,84.41293206059242,168.85018668634262,114.23276761968627,50.742804931040055,250.4739756174577,218.90216797533924,43.93247512273301,252.03209157303453,230.13588856674392,64.90016072679167,240.07278958574813,150.13626744248833,76.65881007528574,198.7493026355409,113.15352029029418,103.89337179925981,209.62291213165022,100.79107447461128,133.87748113228727,230.65735040388418,122.60599509566549,112.17184084925651,242.13931308076766,126.08551533848,94.24815563778951,233.10697011148156,142.1300050334172,115.57089619545336,249.71279008680588,121.80381331302792,90.78767182558168,217.57294624034165,164.8793793657436,73.58406512489775,237.4165502682979,153.77085297137847,83.16115880324551,261.2607122862624,141.23866476048968,80.13889459618021,193.55050567887906,115.9191265309015,66.78687202743228,176.55284886421995,171.9323132768366,154.26756045583406,253.87402100545998,107.81272442099797,82.18122162859743,205.67419379626665,113.74589303306857,56.80987091492096,190.62044304489314,134.98319778648542,82.3604644761577,316.4126712505316,277.7669065758989,53.594831473093635,217.21287106946465,157.9846325469457,93.87636190953354,229.3154329033932,87.80561796709021,64.66714801119147,232.55843089017472,139.33187089698723,165.90410494726132,237.98101484405487,101.60143480596041,101.62822399531035,178.7850450930593,102.5878563431902,82.88242992095468,230.27650627086274,169.13956375273287,98.65453345831853,141.2673289934549,52.79360456662956,72.75648014401824,271.84810445685457,137.3291045942688,82.61054715985456,121.60453186174824
20,8,0.0,0.0,61.51993751757,204.21099774203927,130.6394917131257,66.79120742600767,177.62047197341371,70.90314730393474,103.10383488056814,253.2812660845527,128.35228132010212,48.65646231971135,221.69490801089358,180.24841198643986,85.93286004772376,215.39519991150794,127.13267346045915,62.27013078730272,255.69242759982538,205.7354525783641,37.50363044786464,250.7528545666986,199.71705963402235,66.88577546753744,176.5492768505851,104.59524570518207,79.04480764318349,209.47740765516266,110.86281018964374,129.17794029270618,212.9297792491967,116.3782972216008,135.91939209898223,218.61079378121093,142.03993384514493,87.32481721900675,219.4037153396547,134.90072061940248,91.47802619516939,208.753442789977,134.22784317008643,109.13362211470577,233.1486464720092,108.87452690055319,103.8845761620715,183.86096851952968,172.54195523845763,71.41813903006468,302.6569670099162,196.39436063533222,89.89743959232312,268.9879240417488,144.09772527924633,83.1293315137588,200.3901312540643,103.52634062352996,63.32815509586498,244.3817636670523,148.63733331630647,171.6106920396894,257.84556932092124,142.19057598787703,103.88720097881766,234.00629576116592,134.18884126112428,72.4647153828021,215.08813175122378,139.2396501366965,90.46526349882012,348.8061837132229,212.53015505448403,53.351011918704465,226.19685794916273,162.6597474189949,119.16125265014384,178.6872000784795,89.28325826810602,63.70166690067964,262.8252132819967,195.73656434102583,106.80979404417862,257.2808203498925,104.21145411906251,107.4567563468215,192.26537531066666,95.27149818005765,71.1653233854878,210.23095319360039,158.95923452679716,103.61625340585321,131.32956220394877,43.72691531342491,97.00795865440082,267.29455359855297,186.14656748966857,61.363812231496645,110.91455999971505
20,9,0.0,0.0,74.41840301717201,249.57353204083023,141.62559971411596,106.60494981159917,138.58160366000567,93.74633510144095,140.1583266822549,238.7807803026641,118.48552255846776,69.70016855005585,173.24744424099327,170.8727822973808,79.86625594314462,196.23049240033006,115.08762829068667,55.36038286746428,277.6688398136948,220.42534764659578,54.17523170462245,270.4110560835997,214.55281553295518,62.43575238451712,183.2083529491096,163.45799375359596,81.79348280580524,217.65452424307688,127.01353132984836,107.00115614316421,274.78678874937367,93.3070657680075,136.14822213572754,234.11064432198657,102.17452949525084,97.93185775354652,209.13226401022663,127.40096276729825,84.56095648919838,219.59194683693073,170.02775118176228,107.37983230085466,189.3784908518162,151.56285510725914,80.4238053739555,262.06638014907054,142.34038943319464,79.1938773230035,254.93305836109732,168.62936889028106,81.17198144976238,215.10804536381573,201.18832507877755,103.14378786428419,197.4346622717066,89.33933070910624,71.08110523060222,214.10409970200155,194.24587974413205,158.0257673000784,259.61896697253786,104.02383636836281,106.86376368394293,251.22911144646642,156.77115558354,79.5851076886093,205.64927925929592,120.87000256141923,82.99476457754164,338.07614224573325,241.11710060159413,47.79695517716232,187.89885753889223,143.60683190102503,101.76490178401679,181.1179793430865,97.39330291554033,61.18486105271372,228.32944703305228,172.5586386674356,141.9644783268121,235.46613759859227,93.61791069492331,112.66103971377017,173.6444320415718,86.52048380019494,73.67506931506476,248.00374458731577,140.16186609760294,97.88068771070662,148.97795750604476,47.368664680770415,67.19612709765698,294.1408396949461,157.77173864397767,90.83437216716743,102.01684783510095
20,10,0.0,0.0,76.59232437101565,219.10496481272438,120.09744800483725,92.65027345077151,210.5841903678102,98.04162548475853,148.31945423110355,302.7740166628647,124.51999832411077,62.26788907741345,260.01720887557724,167.59692689619558,79.57478346890605,194.46331701486022,123.83724573084987,64.16559077898583,248.39852152514993,238.9036959503081,51.88648827706688,267.202097331337,211.87892401876195,61.545369931620854,191.2850861271765,138.23537692657624,79.80519411130467,186.22658709830884,108.83373515151484,104.66173588385097,267.55366147915817,128.05599771562868,150.1737842932671,264.75325451083495,136.3285463289448,84.65360403572035,228.62002965376524,116.20257281150911,80.85355064815178,238.2267916941578,159.24972437317936,128.5854019222529,202.11556005367467,112.50743664003593,75.28904627543409,182.2847995439485,132.3230653517062,100.58993658899317,213.60645557203668,196.32401021554588,82.85178892991958,237.08583820301274,161.14420447078345,74.15174837596552,182.75312353390942,118.86807123529078,67.22488519358723,193.12092177224727,200.20687345486974,135.206743451862,235.7374634367501,88.1174774242399,80.8816767038249,247.14226472350992,171.46602806712517,67.09084673974785,186.81692857492632,130.0032038722632,94.22642220915742,323.80594485075216,204.0960295591534,67.77812282108287,238.0550506317661,187.1229649473077,130.72316827556938,226.85450733346866,125.461522999386,63.531769294656534,265.1352562107334,127.63605479605386,155.09553417094807,277.3276289596925,140.41193067713002,113.9366524628382,158.35657276487535,55.94949390027422,81.70709616578466,246.54001606231532,155.07701849173642,97.59968772171113,144.20836867339384,45.155068247320784,85.0467314311345,245.33421050320825,185.13794703599262,78.66966051722399,87.49534937692923
21,1,0.0,0.0,105.21348209872627,530.0102056226117,389.1497296486763,99.58571824601411,397.61333957800593,310.4203214323065,51.57242915540979,434.493424130681,410.3042460988709,48.807502471178836,556.4393150994167,553.5082139315774,82.49104487343931,281.2172366525239,350.77832118674485,88.38110430540583,628.4276301415422,443.0842361185368,49.52038549049027,536.5406427760213,429.9132498411179,100.20710945782967,655.2258616714794,620.6856957781145,76.93967055338737,363.58825164805387,235.343441458519,124.32747537358927,542.1606243601371,423.3051737820079,114.85294047426001,423.95801732719184,294.1965874383251,76.67967582460696,545.7661615628025,377.90467138422645,62.38609456582437,515.4924597066057,438.21318376056564,89.4004944700897,409.4748734893261,350.57286864626883,65.60398177010566,468.2039624902878,331.4424199183819,128.59563394591507,620.5312434897975,381.78440192082627,114.44248882832504,500.4958596761871,610.8381869518097,68.20603391071833,423.57391950808125,357.5090277465188,103.53982279780922,451.8545031055962,381.6136497306267,61.6667830200201,288.6496874362652,315.5590591908525,60.97676135784259,368.10783299991743,326.22771217511604,109.74156835922929,411.15807046670307,409.65490655655003,93.85986389311088,211.35610061622936,98.74684723804762,100.61333384464385,390.7124334872374,363.0554091149532,98.94009068560432,648.6582211549699,442.55640849968114,85.67641455898836,325.49915614407814,452.7951004538088,122.9308104694089,322.9232087503635,207.66185132044902,60.82694385320415,750.9504657694188,498.75406269928874,139.30450451377936,350.7610655204106,227.21017568080947,59.27815611902082,581.1251141531549,378.2551350680783,97.87574321568621,550.1404494865217,411.9094369348737,58.11484559887064,103.76529911348524
21,2,0.0,0.0,157.21418933075734,347.5711670438525,363.51712847379906,121.74585184935923,363.83253082156676,289.25132570862684,50.705888838379416,499.42095847161795,337.8761695874924,61.11446697327061,652.6214894471924,500.79009141333574,62.79856956883865,320.95815424936546,187.1013691382221,83.53088438596242,776.1154030324228,365.8510023021259,50.79065676491696,589.2330748767941,437.6677791278407,116.28756347924953,629.8046231122676,537.3884856872183,89.54853558058487,482.26806647960717,283.2926730317923,105.150650932004,432.3709316587156,432.158942344748,92.07725309046545,328.9834514339196,264.5039321513332,85.29474582423941,518.3448364416765,426.0901994069432,83.72477374870473,618.4955764281312,425.094299157249,109.70927771697454,374.45741433433363,321.90427683240944,59.21396710572273,466.8549748418709,443.7186667085429,93.71908116581983,575.640188741364,550.8850509337965,126.1783085082151,623.0702548345998,507.587111640358,76.92121342180717,264.7854166197751,343.63963470391195,154.78244290131235,574.6488623343038,383.09327013200004,44.68470107463307,356.02851763225067,269.9763105557723,56.666064150135945,265.1350451305492,323.8583331454354,105.54824022456798,470.86342362279754,405.61745154005035,85.98870247329742,221.7391710899785,142.94969910366834,100.61725844085946,414.2820582829209,410.89709043290554,108.81037593713172,422.76283154088856,519.2264626401311,95.88950330775221,403.7099967145388,388.6692014353471,99.37749980496332,310.50506907121945,204.34905898769554,66.08086709703437,532.6217056464301,566.692322181234,106.91415923965893,355.60504429557204,212.52125117386498,87.34648094413092,622.8200226400168,560.887633709511,82.98782283135507,518.4455313741383,402.87837769074275,57.088943305873634,103.78502628441086
21,3,0.0,0.0,150.35418158689015,464.112124099374,295.13723449886834,105.81303788179314,422.94969552754554,246.85106849625916,51.179862597662776,462.19877670737327,388.2278592986772,55.75758638635587,573.2902439687626,456.73015545009196,71.15146595429799,393.4199285576555,302.21422917967885,108.0608786828629,562.6599177115216,393.70213411052083,40.44295988326147,497.9743517047662,393.6835425555864,112.1030287481539,777.8745565193915,633.384115938826,86.43204960971948,429.6259237427946,394.1436190376724,109.35312664330398,611.3627210120559,383.2857767780745,97.83589362787903,397.34444245159943,229.0773252213458,101.47523225487706,447.5157847511406,486.47812279763843,70.24157641121037,506.4106004006628,444.51330956303104,92.50932204403819,400.3201864575522,451.6451086256636,66.442703314993,484.2670864021654,305.0760054182331,108.33240622910839,445.36662348945686,421.9328434591975,102.00599161265905,502.9467405397682,425.34972259339526,78.90596788296693,477.1477582143919,325.48760037271444,138.20603664805515,622.6184257496176,394.63793357040544,48.690038630685414,371.0789824453616,239.98585339998402,56.49669769649153,293.9324670104515,284.8846591467866,98.79112830683115,431.05248247875613,325.1334541312374,137.57036612029555,174.64647602815592,109.84739220895526,113.29491410265638,325.22086744383734,333.9819176725733,105.38914134289605,681.2973839364275,584.8629787133665,57.979951793022465,325.99511196808726,391.8851229954876,95.80834959390802,337.18697577033646,226.7073720043379,64.83354629236402,429.69090833048506,566.8963314700244,131.5024178211798,368.82745672311,325.21986161524933,83.36021646552301,399.19530558561644,407.5665254236066,74.57088349778813,401.925705159084,499.5726987831816,36.68291896699796,114.33648782431426
21,4,0.0,0.0,117.11660816052748,452.65992972524805,373.9979150336851,95.42530404065704,372.4602718331026,263.98562959781594,60.595164924305166,507.8613488753837,526.7806016636185,77.48014113238177,617.5221369290559,479.2020078665134,72.32454395233822,320.15818538564105,260.82098474908867,100.15231510505174,537.1678029979395,481.854176013618,58.45080600623898,588.7849518351693,454.73537739232626,112.38504801661952,904.7689216795351,531.8225100704941,65.79073571432824,395.11836630293277,275.34924068401523,120.48600855971321,618.1806442412615,394.45939748342346,98.54875614680223,398.15575634994224,428.3132289317364,97.96897178135683,503.81117828806225,384.5854173071999,66.23248503005705,577.7449530139592,370.5192513204139,94.20080190826468,401.4435707115699,329.0813825888158,45.78855376937523,384.04986357163847,402.11562467109394,94.00559261737892,448.9422427631539,465.892690675527,110.80052108361137,514.5479790007004,544.9723183969286,89.19258551826975,251.499510673161,341.08243870387383,160.12029056320767,564.4159129400459,305.99146542161134,61.348749446261905,397.3184295883958,355.4680992168525,49.1511257499765,428.05429871747725,304.0942518224023,122.91832237700085,449.4549065576083,442.0020908391754,104.92038681516209,230.14301973002114,98.01094239650587,96.15704478407118,462.77252417737725,381.1201189106551,97.28133814483917,735.6849094745899,652.6374505863466,78.1381363157279,518.9874809776413,319.93604235469,103.67459652850258,262.8560888031336,197.39874032857998,57.58097106513419,628.933870365228,560.5639764071217,120.70396107646584,379.82305811583984,245.4318097617109,71.30004238438048,667.8381240271411,372.43199138466053,74.97815573343206,401.0591766360093,395.1928176790116,58.088562959522804,63.46609403496008
21,5,0.0,0.0,149.66372305492337,321.5836320654304,321.74458845219135,119.52828863045266,363.7930720192376,368.21555589656475,43.86660636888408,513.9983365881324,455.3182219981841,86.76148238329664,452.67918278722135,524.7410617264163,57.83911379319579,345.1701568603625,229.19236988361956,98.78793678300626,558.0529114366404,475.93524884459197,42.32736902598307,537.2967070555558,474.5699011482448,116.09418720861402,752.7224157936696,561.7152577190476,65.2306625510738,474.42350512119214,327.3895163139552,74.65479449371448,491.1009274311232,355.13917595689384,99.65394582959878,397.8499986199326,334.0625447349663,112.77773013012408,513.0911573397708,284.69667266114175,75.3293491043984,487.0847264015582,416.4318804501429,93.3099279910227,423.69103571229834,391.9193534690099,63.4823232079363,489.1108823971856,335.8578830902436,118.19397901261976,388.37918767001156,409.83199187788017,102.47887584021682,493.591243433263,469.12137950195904,96.41139570206582,549.3204484939963,329.8084594887522,167.18588506209093,592.3074733118183,523.1246102329943,65.1683230187477,359.48451660114483,306.3107912277064,57.402067732062164,228.88875564664662,299.9451270452207,142.6140333656066,495.166594986945,419.516800511446,92.3330616541513,182.56911242316878,118.6820293857788,101.66012860988485,393.5068546717619,290.7020131366966,89.2223984594108,477.76920634465705,496.1684968260411,82.42086716436964,401.496161836765,377.9748320297358,123.93895996150272,283.88403807355934,182.96924606027454,79.26144751563001,576.0096484553379,457.1741179662906,118.440922279887,265.3898490099573,261.68951036638055,54.86435334903675,595.3847537793368,553.608916313023,71.06736018438839,359.79315452764496,334.7097879145913,47.236981646673364,83.87849190632608
21,6,0.0,0.0,107.6969594202865,594.9707397299088,370.2118528926883,114.0102941814489,433.235488649004,261.74258200240047,60.70008200314808,556.2748168691625,293.1163720907831,71.73790748435219,445.2534415613917,458.4371801777148,63.45144739984295,294.73648682412465,316.9211883072633,94.68180239654114,575.3351409989134,382.85594436466556,49.57064136192521,675.8653868576189,527.7088974074343,81.03462547033075,697.2553620033814,611.4900857448592,69.11512063895746,448.5345222895394,307.67364246182456,107.86667211270972,679.4632514063258,363.5250971117195,130.7944471841525,426.12708921099215,237.93429281431844,113.32125920604929,449.1430257578718,444.05274917400004,59.3224312026058,531.1215853869959,454.8693507085193,55.60053419633814,341.2706464927692,338.3948215788529,61.19864216257073,504.6649644935262,418.5417149034057,122.07729657864948,340.29494841796503,278.2039816806177,101.42388625082847,482.02393700042194,587.6355819669503,66.40707028190744,396.98841890317186,350.7236563739952,105.4885965401592,535.5020654979414,387.1643785161217,65.26319948442004,289.08172756329986,332.00324506674264,64.9248272086256,335.79530067015486,366.2478230761753,131.21115047161015,361.9186780311136,433.9119124461681,86.69429482540167,221.36759191639413,121.57505184100229,102.66573661907704,437.1581785413627,289.4017422920981,118.46945450756463,627.2584757143019,531.3326604809132,70.90670244271605,436.1381827337225,401.0252177375062,127.98056516692105,326.00252380918243,226.5369929177815,59.74072945006233,627.0725852143704,542.5246127455835,84.70643205935612,402.0552159354898,301.7587238557983,74.31963973281064,394.062588277446,477.900034554599,71.26255745181881,437.9291801221899,336.1405854564049,50.95118748136859,71.72268560478909
21,7,0.0,0.0,159.63044916137812,534.9510304890193,370.3737535478263,110.89394648445118,460.75193361045643,287.91470638176304,60.095095196885715,550.8306948929262,519.7478548077438,62.38986606690775,628.0448031486973,542.9125432189134,70.17866021473456,390.79783693643634,228.21733793862387,90.43345404637503,619.089415409872,409.77471513885286,49.08042414350374,478.638916718101,361.1416303014066,69.27037518311352,646.7092613687138,481.7116078483548,96.81441987551683,376.5400867018146,376.01403760815276,92.87451470913757,483.01059623705805,403.09265025475224,121.42303845301088,362.31102132084743,294.0390984440982,108.35929713605775,509.73537769243455,412.5410129209105,52.518650089484154,439.41543034676704,459.21508117619425,101.22888866321082,461.07185627144503,381.3113427659115,50.19700374251573,514.0629478483328,300.1023675321567,123.95095006068473,388.2078015179877,472.12837224348766,147.2082647599146,485.7472157156404,466.93719561028655,83.56359154437584,548.2368974436708,361.5937443327905,127.90639038826788,647.4507600963698,378.8304773343983,40.13354945881543,405.6804074144014,266.62177792952684,56.89255573054647,344.6438430471376,270.6804532319824,119.6187375299187,497.7017693873817,408.3386105873974,99.83345083582851,154.60927170984343,114.55222041875948,108.05619263165846,558.912063870786,317.71730591484067,68.99441541390394,599.3264698922628,507.74336332160954,63.50523142211906,343.4061191017172,393.29479763454253,142.55011329956946,232.8425936820487,218.51494507146816,72.4255625194007,588.6272991663986,620.3220288528473,112.98386034583633,413.26762485029644,220.0902884445066,75.8609148037588,435.79098557452585,555.7478159729009,68.07003163999174,470.84212288522883,307.0778235502977,44.05587159408934,96.08717121177068
21,8,0.0,0.0,148.89790478069435,428.3081630756091,413.9771043509365,129.39124735766927,328.9444060456001,283.9449833082573,72.40724456594417,430.5086937570587,463.00892010505584,83.66017422022287,604.154171337744,400.2927626498911,58.94599799943269,347.6264135003579,221.42237483671641,114.79295867123753,580.8270957032298,492.9267845460134,43.91942156814244,443.70743613518846,481.444463251721,107.17359708042686,715.4517903758463,404.836156832287,84.30083109117423,428.9918832719592,267.78237339882054,94.01763716573083,648.2592815289058,472.26760448423994,98.53185629587739,381.7162248138064,272.55995432527885,104.31066485281345,437.0206698177739,397.1466233627358,54.1575508641501,625.0441335936105,447.150060359135,96.7413860655023,432.75685136992934,387.7367849717636,62.228615708067196,530.755349563523,319.2411305743527,92.42724269644864,642.4666567357682,363.2821933713014,74.70623147504443,656.6536902345111,676.5438155354884,67.12447601600655,370.3891865907467,329.17689977878393,131.46794480102335,621.9082634762481,417.4902089566977,58.2631848551878,434.68507641006727,376.19561103245553,48.76017995382165,372.4395092949478,296.3416843990389,129.82479664379983,557.7617183237544,326.73419040800405,108.8462455695653,207.38794677336568,134.33681918766783,137.7089104270977,521.2288550252945,295.71289181256884,100.86814690161367,688.5384316538155,480.82164600740623,79.82512032455979,494.29593237749333,388.37783083520804,106.37633090758203,258.7278788132038,168.45994487395564,78.25394671852291,648.6837568716732,473.0804375660148,90.98504938313256,445.2525512002667,247.70134684566818,74.99147305665939,374.1020031507138,511.8521719782541,68.42789363689737,491.6895959041962,300.487875234851,55.89703400770254,103.13832449849566
21,9,0.0,0.0,110.92947423792617,434.95503010065767,395.6211583832444,91.9203591825245,296.4374947631378,325.36904964873526,49.017273094178506,536.6050191524313,298.2759622458545,65.68819891043313,523.9261176151355,540.6444679902878,52.41671104572094,350.5902805643013,265.30405093043873,100.70628735387173,681.6442486562306,361.1475475336261,46.711475488711415,602.3367216940272,507.2185581858024,128.38691880881066,666.447740468361,489.55061866461534,79.94665578330859,372.27176834970146,323.28843607854685,103.65099633240459,535.2089424285384,483.0751443577325,78.92885496493574,342.34616633141655,310.6731813890464,108.47016569360204,480.46966118852106,296.71569176244935,78.96954880448764,541.1062711046956,522.5302942210823,81.07608011054123,505.06123938091963,394.2696853188398,58.993809545040925,673.8950518270708,321.20813059026557,149.3043086670682,416.27412787561394,411.9451420827991,128.97389424163546,464.04355025715586,557.1889862123786,94.3313349888089,430.8136820606062,416.23382700814693,98.98592579068422,535.2135699974003,515.4824619325532,60.50803154952196,377.9597990419829,281.6298737413104,54.04020340068996,421.3566548124394,386.63703040148823,130.7201309179114,398.688493140083,355.27715939115626,96.20743936330987,212.9964912429276,66.88084513137984,90.76319432483861,390.85931118906103,326.5223640162708,105.62479165616745,733.1979514058389,500.93244394066943,70.4002081643038,425.5005364900932,326.09916490987473,99.18107037384453,259.9166224448082,199.2397420061824,59.483112900769925,493.73449273417873,582.408964276706,98.72723882480173,257.52055356995925,202.23695952478192,63.42648338470332,473.8439030760612,338.0205330169782,62.51278461696462,440.5836779304257,383.68742685418647,52.44275088572837,46.91665060583603
21,10,0.0,0.0,125.42953047577923,386.73608126940246,331.56221894462544,111.09956172225647,415.00305675390405,313.2725476074863,44.08376697553663,511.9558460885057,399.3030374664616,52.966842562437165,535.7100977079645,548.1545267569323,51.91747597880902,365.55032017308,223.0797637865773,103.30751168835579,504.8245922828011,477.04478163300956,50.821237123880586,576.5142329316246,595.9780883686194,106.31214903288496,608.7385720365108,488.16119590976666,95.70186030208554,414.32726704532246,249.1663361834537,122.81718308711497,565.0624651666761,472.4485610315257,103.78244481305113,397.5633231169846,240.54340622648456,86.39497147192074,502.36842587485495,380.6560782229786,71.03528633900959,522.2423264430555,410.91377967047094,109.26015455968627,447.58997700432604,436.00835884309106,62.24825916695585,443.06978328676416,378.61290701731934,118.66406668553621,469.48256457041794,292.1426592697274,97.7753646857217,696.9374059940412,434.6680234137125,87.86290044086833,542.6992869143692,367.462430822264,131.0012470065763,468.0629578146542,442.9470063239123,52.08952414716273,403.92901802342203,282.7253975374361,58.067473785616116,400.75473032061194,328.1898221677295,115.36817236470019,543.9649387225379,365.60049596861114,86.93177413838947,175.517335148677,146.94019605181543,115.35439046603057,555.5424735771951,263.7874693153024,103.64704896598464,577.2909733701532,433.31539416024384,55.99376026257171,411.9756380342638,424.87034161860504,97.40486798784869,264.90319877192604,163.03414727689656,47.134548973122534,578.4338889343057,536.5192594281672,107.7765248209097,302.65490123911616,229.47128241561683,53.668013289692354,539.1885917517578,402.14865630082346,65.95529093459227,382.58049098019524,392.46933989776437,58.58077417302423,129.22990118771384
22,1,0.0,0.0,106.07100787904928,143.9348484536707,14.493171733533817,110.71484698149314,194.85144216304016,82.11836454978494,72.8418326451904,211.46463553186962,114.1839292204661,77.18229099843568,156.07646273481996,34.8758058857555,109.81732613427752,100.00885937656014,0.9859567875332682,150.78365953678036,126.13628691239354,-18.161534676363864,50.346554679936155,205.7051201500528,134.36800016959245,70.95969616891237,232.90321076492154,128.47121284928286,80.0710445642308,160.72930308640173,30.426793102228274,76.20407369977994,153.66687642287738,60.71401942451123,144.336625716122,183.67194657147994,37.5661982893307,136.72242900730535,149.65914579449654,-5.667076549844587,77.23787155447238,120.01201258307351,23.263882148525376,86.84095963902024,182.10489991781793,72.24991874527113,47.07574601007666,149.43086673599942,71.63633511586764,86.3566570582996,105.08154217218019,40.87667490669336,101.7179068338234,183.42806844020615,92.56067315684923,103.19827085662874,172.48514127426913,49.54737332625669,118.60645395474121,127.03399624992777,12.53765018770179,33.09221041151329,188.7643631588916,150.96453523439396,77.39020812863525,202.06682960693564,86.4473546917286,119.85987749798797,124.90272897441989,13.142281163273726,77.3585612187439,78.62429554771761,28.050879673352853,80.88244469545667,140.61372252998947,72.41327739144309,132.46173453075366,189.10419957351982,29.629793898027412,132.88616499614446,211.95092257473422,46.48966419204143,71.88504094757516,209.07184660460337,114.52308057663825,64.53945011206999,91.02222920418566,89.42594238391456,34.77245187336803,163.74639343153214,103.4600122044971,94.34850854511328,181.40717196268386,47.75754850466579,118.85724960723195,160.24793724517204,34.36695310273266,45.36316582947387,122.72218599373551
22,2,0.0,0.0,74.26065406498284,115.49233968740127,25.73090529187017,93.96377921286177,190.86058490525735,57.91519167972308,82.63436213196331,183.30543676447704,43.811393567776264,100.1987764874331,103.42089498066515,36.29571247213988,113.41586609658627,98.26972293775592,-1.7811329734913006,164.50763840746237,122.43488438855353,-12.585017308456573,32.260204490111235,151.62364276443932,109.60309638439935,83.82606561363707,129.88879174928718,80.28362626897898,88.88140856425183,122.51873290360535,30.299881649209865,62.41442875636986,153.68824529707828,54.46077295956291,136.30123245974215,168.34088979920838,50.24494737259698,124.32154575269831,155.6812121773033,2.0156803277293935,85.92828425555334,118.20968883266087,40.310331545456634,82.42224885935576,208.48752899452086,66.60723259805107,47.83753717450728,132.36257708131052,56.199037923044145,98.00592530520899,164.91721681442675,47.48763700355717,103.73125196637739,184.85670968615833,53.52513094105226,76.20651305297542,150.40669683906657,53.640602457062506,111.96198555634093,162.98951267473993,49.22425898861715,46.44542674058559,186.49690630064987,128.81572665513525,79.74481526745924,217.81899943609454,80.80967428242758,69.5666967955688,129.39792969545212,24.88504787859655,103.77606507962139,142.9816651780536,36.73521726231165,84.40208951880574,125.49030471166542,67.52629011860547,124.85671822876459,195.39139887526449,34.08516444214962,124.1357720242569,154.4772116294767,66.12258256456381,91.09251814881628,206.7697525002489,124.30895427705396,55.36248507200467,146.59277306111238,74.52505069814578,44.38165492606426,169.90371703416795,136.2874997833763,113.01737873151262,126.82195739700435,59.028437312183925,117.81854829508381,140.21338730077355,36.60700777263543,45.05081592697061,104.01084080081492
22,3,0.0,0.0,125.26377246412433,139.87036059704033,23.65521116732036,86.80437141816725,183.22780716789447,93.43599019828375,108.0875482932486,183.15336158472587,98.00935086001684,105.24972308884281,162.58802067970893,54.147832334864766,113.6753361258977,109.05162970833082,-7.306458273702334,156.99853804237645,134.3630798029969,-10.711034449479659,50.645217035840126,175.9659738301644,169.40131978095704,67.14176493062709,235.11779970633987,132.1484162299895,103.67786830058861,100.77325422129611,43.80221512478136,79.97931191952672,166.99826537197868,65.8965377037546,109.128660362868,141.71648672396338,54.584705586274396,118.84784548317378,137.09792750113348,-6.9923105208350655,68.8424689669665,102.99757827117006,35.70996373261736,114.38053612667673,218.4579412610126,71.10858652121226,46.5787416511734,115.93068708925969,64.2610868276047,105.89414909986141,141.80069880971936,43.860291800643864,76.03283356481764,114.65196846547471,98.36759769032739,73.82066441688482,174.07348888327616,55.234467544857964,93.62735473782155,168.26605592732506,17.27048266152793,35.83203313586998,183.02981048436718,107.09203268985219,109.54986713155812,164.7213971530056,59.357723094903434,128.65815948995947,181.03729321611632,38.9674111206755,109.32523851174639,133.74226465813712,44.33851354472874,105.55180045963455,139.73414894743715,55.96100853868727,163.02922015692127,193.18351732716513,49.75494336876797,122.14222647113537,127.19670655473737,65.59044120459322,71.19648067476393,192.62810398540037,94.18532390542805,76.8123444010009,110.43434253071393,116.06268007648447,34.9296375695822,129.87844271973864,155.9469970831467,136.8691819638577,135.24628944274662,56.20604303907028,119.79146814813107,125.00780447062995,27.383202045692926,59.75590546174455,91.00140751534141
22,4,0.0,0.0,135.03354028021357,151.12231068582793,19.729433031497557,103.99405048795182,176.17798054568811,74.6697343911976,87.06024957232198,187.71967351535423,100.73484500418442,111.56602137626132,169.00852705431686,43.13545936050725,102.99604464828626,110.44698894845646,-6.005086575604425,145.4318593091363,146.82483258972712,-5.059132040937451,49.3908715397756,165.59146535826338,96.34051804658438,79.63318904812851,199.05717406141218,110.83316383282965,98.32898537644311,128.42135170446994,36.49341689408083,89.30116904182975,116.16601345996496,64.15400341837069,111.284710793321,183.48022286710562,57.33573965826801,126.47683970322926,131.17256719271595,1.1289258897594205,59.04570092739744,93.23643645359498,35.96943070987244,100.52843158612731,202.28515419826516,87.20911829941981,62.09067472911366,179.8901699197038,90.72430086771973,89.85529833708824,108.19337503397367,44.650459514648226,91.79895694911417,162.63135793147447,92.12396941099199,100.45509393506008,159.04326086921944,44.61563111201411,84.27885166644236,149.3146162815711,28.96771560022424,52.858199076694916,204.77367754698352,115.92529251798078,90.61690718129148,148.97011308605042,112.19793386201466,102.47360442968117,118.0252266253529,41.51631934280944,108.91374830480258,135.78657611301432,38.354139666228015,74.13515961272068,135.12608155908586,68.24503106067397,109.92922265250536,184.8902801139629,47.7723114515736,113.56186959487009,138.2061204903535,58.14679228293328,83.6657886486347,202.61559246177526,125.59580556133201,69.90531717167424,126.37569612203987,37.770527211074146,41.63939382137847,162.44617431150368,122.94209914719397,108.33613867282372,177.1725140958274,39.040011071799114,113.22309153954758,155.92018472491077,49.97842633487403,58.94452705877261,106.26695468387562
22,5,0.0,0.0,112.18803794474773,180.72521146435804,16.331703771172332,85.23283867016121,207.86228471911994,89.33007717139867,126.63814107712673,209.6751302282566,86.21821057590661,94.40294207823084,183.08294375647685,39.908571455710884,103.17741394591599,126.86065936875917,-2.167874781516847,203.75287759796626,127.9168790234622,-5.6050844280391185,37.85448857584459,184.69324665325797,151.9591715821328,76.36848810566377,194.4698706098517,103.62779303548338,123.87813464352797,150.3305783811985,60.990621291494236,86.36413408787362,125.69019272466245,72.12378124527402,63.0566022009084,146.4577167231379,35.700640821277034,150.3232076512914,114.96191174463681,-6.629236517897009,59.30413982985534,125.1556233259816,32.870127650675244,72.10810608176861,144.61793737142375,80.79299382011368,57.75160398681664,159.1577608618764,89.09537878013928,90.38327848854063,103.6573278474086,46.068213667678876,111.41892883608054,177.9507926766465,81.22035486843276,97.10282982236656,167.32014216219684,51.077226370104434,119.61665672550363,147.83406311941647,49.54189812864622,42.24108958372099,117.5330082216341,125.89195998634344,83.49962814428326,178.24436320220101,85.44674354627996,92.93597065956064,161.44840942908343,20.939275533329024,105.10601068290669,113.61321352765053,30.494909267490964,59.319493243126516,110.03131237803332,49.73999576420082,100.49575782174782,153.86207556928008,52.30734655782063,120.43505612945314,182.77109587690526,75.51286828183795,67.24233942703954,185.34794052017904,94.33184733008008,59.236380417820115,172.143218059461,79.39346670177386,36.022296187322716,125.82309713474427,151.6989019324908,124.95071780462021,128.24412060269572,48.23538048956672,44.487548199450785,118.33596532151896,30.253584085924295,45.42112099149445,99.90267291199793
22,6,0.0,0.0,81.742832319195,166.06738021126938,15.680049718067135,80.04255517849589,183.18103905251718,62.23599525153978,102.47274004628252,205.89188824555185,106.52651052283139,91.78768013029418,157.63186030877694,57.71916528766568,139.33091169358215,115.33268356376274,-1.0628498659267738,135.3762221984478,170.2547337806503,-9.102873920907298,44.79041580271708,177.83911569491963,155.3360274406101,60.37563339466733,172.92868473202475,75.70162335134845,79.10178027264857,132.74275088009807,40.45777552119959,79.85568514274678,125.60556239561222,49.60594509864195,102.3395381721915,186.43497058742022,49.04496453183843,145.79355010995408,110.27554334789748,-4.0303709572225035,79.89006908514129,126.77774087934165,36.651003060434434,98.26583320294735,150.07712260961907,78.47693660046997,62.284547855656214,145.3382930726037,72.39676657699246,90.99672379520966,162.6632226603175,32.4326412649496,77.00635754837819,175.03526223143473,93.33693192086785,126.12322517155718,180.2690367730752,55.12064996096004,66.91916041526576,142.77934282985572,36.29144490485458,36.066906615601276,190.91447702757452,152.1786328518312,75.11019247380273,228.011994496551,103.77353199125415,125.20894855661749,154.12415954920553,31.968373598826727,76.2351545567116,126.75304280960755,20.50625253795103,88.41980629400513,111.80578920630275,50.20132086366378,158.42896998868596,181.98918775188488,55.6028336445731,91.83496618198194,200.6212397641661,84.99895999190173,71.88180610138069,213.77969775283654,125.11133613382805,69.3413364740023,112.48039764361641,58.658933834423365,32.98327141030332,147.28063712182933,144.68883710053635,101.6798043831438,145.38197030275225,74.73729748853539,99.58988424933126,186.15708643586188,35.34067489079599,52.5113126720471,75.77019708060088
22,7,0.0,0.0,105.42827054620543,110.87204954673436,9.935429602567742,78.17673535053561,180.2167156452747,62.96629933238017,123.80995029872925,205.00134420198657,93.80571569725555,82.0140199867403,124.28777222593656,37.42436524461252,111.13322297504641,119.39654743661913,-0.32109768784440584,193.19721067812367,121.89978534498957,-13.944502080987766,45.11048469525519,189.3654871891181,128.27818021645786,77.50095145974997,152.62656953276584,107.1454387571763,78.49305667461384,120.40362001783669,35.3147110725388,79.76976918314844,159.38324967892538,65.56422707529751,103.83968270351694,184.7225882719685,33.0236685035802,125.10332252198374,162.0699902519461,-9.657575447787632,85.09108653383252,137.62169938914423,46.561934457597225,79.82787687082406,211.68047878568527,105.56245495344193,51.438042662265076,146.56451129765637,100.00888866774163,85.49620175557155,130.27681245007238,34.863389677733586,83.29764149797123,230.8831647616222,88.58862824006665,100.89073333400934,156.87014212143944,35.27435238622628,119.43042087215633,145.29545163087485,39.210495737694124,42.55552455792313,172.6510691196024,145.20896949106623,78.63561834738661,189.31507961064258,98.043356295382,112.45644250396221,131.0155973406466,40.61684730318886,90.987466800107,105.30740228362534,39.826151334950744,78.89858283919655,158.4446318694312,54.12936848159963,117.66079253878009,142.41925195021864,42.77484808164782,88.09833246751661,163.10235136056772,61.6673147174786,95.91896724008367,232.04890316429115,98.30374646083179,66.22956035437451,135.6239861378193,94.59894809564166,34.41537247637519,115.12303923815008,120.48134502509724,138.20188744095935,136.48625218354076,40.188527527824405,78.53193916150863,124.2239359886756,28.441918707438923,55.02861536594017,114.06242100400866
22,8,0.0,0.0,115.8165379610904,134.8535117803083,12.064834317841795,83.12793022959957,139.32966233673181,84.48812863487694,82.60701179796153,159.17886668833435,96.75847201449281,92.2500897693159,115.66658389265618,35.729328283603344,125.5200330329685,105.75960290837325,-2.7572866445391755,147.82911262984896,186.43326279352732,-14.005033450641788,35.62617174452209,150.15865827987506,107.85980539453169,72.2085496166122,199.7804368975331,128.3978116575213,105.90185403978813,140.13749617450347,35.635701462056986,66.06807649949856,161.0403752108249,70.50810704104649,109.64067173094617,168.7065576793815,41.19439529692697,135.9657340893967,114.41152745346606,1.8221736837963913,59.52107865610935,95.65857712823977,24.488775278434503,86.21877852182773,161.16940016106798,97.60804723917879,61.75979220056389,152.76894454805654,76.6760358082618,64.26319247718938,136.72786282904332,30.96940540698669,104.1799950439397,162.57327554063858,83.98188111942252,103.57432725735461,115.09681396131357,57.95127805575423,108.91899970551677,151.86092515578613,32.85540256586413,41.42560435888504,166.2658688194239,167.01697375021104,73.64769033698789,154.97196942251477,58.77939979700031,111.13592542808716,149.42370603595145,20.07851526890289,77.61682761754344,117.41897557963568,37.67053239835857,60.855385773331186,162.46907512552352,52.00838497806817,123.94864861208684,203.886829027716,49.1493899359431,101.74365443709708,130.6146308578486,58.91225085937899,110.06507936804374,165.05535426228985,67.76902585099342,46.30320248308277,146.42742925586626,102.35094766155977,36.917427858391484,136.36758402961533,133.14053644878848,110.86516844004157,177.9551432083679,59.62798652838394,98.6512434270935,120.83853037367845,36.65547811686149,54.529561225561864,84.60948070236086
22,9,0.0,0.0,117.27785374652962,137.98719642735068,17.458306400057754,95.65510913249803,162.05372777959747,66.70849058178713,101.82072542852946,183.30709582531176,87.72951625076021,60.32855853543113,134.34639160455234,44.6687839567371,126.2378652528694,108.94504675855812,0.5091023787955145,129.16383354217953,122.9430560167882,-12.669651991576686,42.16915693799661,180.5761936318156,169.89850299591092,72.6129455385897,156.11932710877585,126.38027901024229,63.6822034759595,140.95162669384536,58.486641146034614,53.1580447517957,114.4733889936463,53.36879917156622,85.77868950543638,130.1256428216383,46.90040688067845,140.67243912805787,142.8161492833529,-4.593888572378182,96.28349053060771,119.13298276487191,35.935369571904495,103.25604648523834,140.62835378971215,127.6235582005763,53.22143527590327,131.19323322036396,79.70414002000732,74.74162337054763,136.00689336289915,48.26026289000805,85.79356746277722,164.97448762658462,80.54943383661619,114.710781084078,162.8005610280521,42.73885315538629,100.58656985784692,160.96922259546804,31.718961785126982,41.94457579976771,222.3856773432083,118.75808218655186,78.01980447110414,162.11375554878344,110.07036735951527,115.53120190697291,145.68008330722793,28.147383536440813,81.87780006922974,121.68015664344496,26.26400146723447,66.8856251555316,144.69487258835898,66.68965488988572,144.52785536410943,138.59517072690417,53.195135989831655,109.81734195221962,184.83810822239118,62.232406502577156,96.2423438402043,176.16168089899787,110.20847212327479,54.944561368157025,181.75129728194167,67.17233449686135,30.653499479902422,180.7416654545233,129.7637246085964,112.76837001342761,125.57973280805653,55.96984932753646,109.05035744835769,154.5457086534996,40.158598346793795,42.707588506840715,101.63988696303254
22,10,0.0,0.0,101.67953150343584,183.73208626714165,9.5019444504899,111.9935717867904,167.11358748469948,67.41404599133988,73.16961192889498,217.45971158214442,72.95908908202298,110.58408885384493,164.29846082962422,45.84446776265161,138.26165443130287,122.4780552376681,-1.9422044737609188,128.00030828467533,121.04452272279883,-17.49164108625073,52.350425397071504,175.08237029507077,182.40420687821512,60.84134601528317,227.95491458533456,114.01163043347992,81.13419981981625,129.07338531759945,32.03180793597646,76.79355391012477,133.92883180909232,78.04292786498469,110.8819856733375,188.64297252265231,49.67037577523738,125.55500304563782,123.08050269354253,-2.6158605459935114,79.07989601857301,101.07221690750372,36.61352038866272,103.97409466177855,219.88548670711688,84.30572929474548,53.618103605061854,111.87327333861734,74.27342014120354,63.49643105669213,155.0384524069787,37.71194980479862,77.75505540705302,204.08882270335508,68.97403010213583,126.09930847288837,123.91128934901562,52.15149492598308,133.77512514640765,103.50271211436007,35.2286027104303,57.1020288542872,207.92860260747062,136.1561354916748,84.6615844266223,140.91108657632626,88.40662056099376,145.36410303953616,162.38652471889037,31.77098304489475,80.44103704150618,138.96392407133803,33.75818065555475,60.49852929348853,109.72244080368259,64.74812412630448,129.39783954587898,162.5275312857855,47.014508989190155,122.60064392138126,209.0790772505763,74.3689843932556,91.86390227282652,231.27648358894436,118.64601608579724,68.12896016788308,178.28173383823759,39.52830812352077,38.12398122836633,177.0425690227781,141.79288348536107,132.37099663514059,157.11602535263853,70.99333215221935,100.93800225498626,147.17147790357083,21.98401477716841,47.691444762175266,94.65923089242804
23,1,0.0,0.0,108.32397457505189,297.0843748870998,192.68152981551884,57.90952387903762,225.5294581492722,188.15100980362382,112.73156367053966,265.1436578557224,100.67199676606705,88.50463791866768,201.97447130333956,117.34960831285062,113.90216380066893,246.01001096035898,65.25504885344566,50.83497190471849,259.6284862729796,189.7973419120229,155.82889123436607,176.87436485475027,53.177800260396914,113.55678686400731,194.32335883433228,128.44416337924113,86.58921484064903,130.15551184698128,32.950310669826074,96.52041262664045,219.22698685415622,121.27196718307171,81.84140467131142,195.70130100712635,68.72985071306314,114.79541696433787,275.57728696133563,161.81823737648642,113.90097007633427,178.27325418792753,61.278888677666146,127.50262872144062,207.3639401457709,60.00974206511242,158.4203404879012,188.132454374922,21.159079636824696,47.217703369734934,261.6914434372977,219.6947514802377,48.812580777862436,143.99440447230018,114.50054777243972,82.7099057684995,226.73147194423234,152.43347443379272,102.31223737330522,227.70193093689306,124.23948352012559,40.6588380805442,222.65201586237885,177.8554255825887,74.94843344810728,268.5957226951687,180.77832101183515,88.45717611177835,196.13427129469744,98.43818922911649,75.01476826908166,199.1030052761181,89.32284127422406,101.646130318144,202.47718676500537,84.18964981439098,64.24404811144099,194.42194532419188,143.86497541765212,64.27160810174841,253.0270772286695,194.9915598062511,61.12111699082738,247.91246999884626,165.79275231207095,116.07271318745921,180.01303154818763,53.53107294373772,71.11299752300965,141.61808496751812,61.27074795082382,132.04713415652938,255.67609872500208,107.49162727076829,78.67741415769045,120.96978217564786,82.56125593665024,97.7307580765385,118.88200358088355
23,2,0.0,0.0,114.21614624722727,319.13299173133305,201.98274270354932,70.85468730118123,244.97939864112575,185.65587654966944,113.94674651498164,220.35740627103337,112.78912154328273,86.9393031912353,210.7852692000294,136.32766080695313,123.50032480269083,228.40316910462252,85.13925148768266,44.87796863034775,289.31160471333067,170.9029846497104,143.29362824971804,212.30782783615797,60.67466307276346,97.50149883315167,218.459957256397,137.6863651751064,86.88001012138729,129.1716774763415,34.649773749361394,110.25518685834948,191.6654061344473,127.4019989103362,95.0375304582373,162.238911541018,78.02999942100996,117.41849552631395,287.0653835780086,151.30111287092555,105.38402562124897,149.67288059515212,79.70991579189351,118.58943594922052,173.54695458774387,91.77883225246052,126.63492358867708,180.20998452172162,36.90526189403056,43.821793459461105,209.9308077782733,201.33280074506501,46.15213431580113,168.4858570127277,115.66204829607796,78.29299071955853,200.37382893448222,110.71200738966735,92.1989152096396,206.63785255647568,122.71910541213398,52.69525623908182,239.81551053223885,147.5489595106751,92.94803667963939,210.0233711466879,153.29524364181722,119.27011851508725,233.94628752037087,103.14320705999549,63.95417033883647,139.4227516090402,89.03067229713776,117.70469151907142,238.48282914641092,96.56694069902643,62.94774645159356,224.34361583872325,126.25729372083492,61.94989729646202,240.04091117472183,190.95072520896997,60.6516460183524,214.49158192441342,135.07437179573333,140.53487710736187,175.11217078552957,68.20881379971459,82.46168601860823,171.92042353011277,80.47113321908836,108.85077424877377,196.58928505067541,115.60165681488232,74.52991368212103,126.30485301329585,78.60229897769044,79.15007591505291,76.84201461097406
23,3,0.0,0.0,132.51797838969676,270.65381969573787,190.17481941327924,66.46291103083315,270.24118624128727,174.6713767249168,103.10749544578933,245.52693116629715,115.2550064414604,80.06452463943397,174.25322608753817,146.92647401371119,131.93814479229354,231.14556000170424,90.33158429582788,53.56377907122889,239.46138961614378,210.71922115719616,120.72242440638777,180.6327528983914,55.52279659377008,86.19421990941501,242.47381394774084,135.57901440179185,85.4780402942005,138.04606235701402,31.09551528399049,106.52305914774044,172.8330886145793,142.50375330850468,94.6429057790965,193.81033958292994,66.69888520522893,121.1346593373536,300.57671104224255,154.45493239109885,112.12921514990143,182.29386608757642,65.23454461309932,138.87040819985071,202.08976477678817,96.20791575171788,177.7414255206183,189.25666844148682,36.64081862026705,49.979155576250385,268.1394569599531,193.089308616766,42.43695919929725,181.5256703032339,124.11089217548087,99.53786417770924,226.33655340132538,127.95447516191093,81.8614986964728,211.35650763128132,136.16288878136623,58.68291607979519,201.7369773260612,160.71581839278184,80.11798516941606,229.30621152599124,164.1073529701924,130.26297362275218,248.74569036092765,108.43643285453554,66.65541002591958,160.7058110232448,103.22282466072045,109.50108267213055,193.2838747033947,81.18410582318114,55.06401967245468,212.40110161407176,148.00494445207232,75.2644837274623,245.73126382544885,175.19869961518248,63.793014673032225,266.2355024958405,148.74332877002166,108.76737773979858,178.1296540279303,68.94531705242089,77.33156415421934,133.67575588170865,82.427493164514,116.1801612907256,263.8917661086141,112.88688365740028,94.3623396154262,157.12001331785933,41.54215561697675,132.71427982184304,96.20508878174921
23,4,0.0,0.0,118.73695373737303,290.52255692544054,190.058274701248,67.00479937651178,261.6470765683476,208.58650873111318,111.7775678997502,216.23187980979966,83.54148181102276,83.92834550820541,181.66353513801093,103.17787767686617,144.39366665687768,207.02080761657888,71.41152408127108,63.46871213383618,258.25989630430837,173.8145882169908,154.43996398476074,187.85506333018535,56.921084398440485,111.47844891280499,242.16386318731844,119.20069203761466,98.3187232846638,129.59988181592632,41.35347554047642,98.5545531489549,207.34645980894666,138.50092088994134,89.1818974396349,160.43841119028994,85.08021950600708,134.3133095076315,258.93639499497874,185.33307126434667,81.33619563142716,128.2399493295767,59.31648855841064,116.08194749883212,215.84541779934983,79.39007332222468,160.24575216686824,178.54223236840338,38.39600119826741,47.86581578034881,244.5023114772021,194.17690922111703,43.566431011238116,191.26800437485926,136.13219920320788,90.69360180521025,204.3890175834896,164.70794299984343,91.93940356761864,189.33596518879116,122.56654830586369,50.25671267572483,229.4858164642699,127.99777835747635,71.5890152363558,244.42317034363876,125.17931992827366,113.15384429995358,245.5940307645264,106.21742443808101,75.02293152340548,150.2571741568181,102.65635223497968,118.4887829713391,208.8436270073724,110.53720232209912,57.701270600033084,226.97172648662817,139.2405813112735,68.09868816623036,278.8245297490227,177.0937318045686,62.909187109397564,174.49958654904162,163.5364469343353,105.74184450800301,182.25154542229922,69.87230394595449,86.68490893523023,138.3341753035891,80.59835134353014,120.54347141845967,213.55419406383524,108.83731984406626,81.26107874174859,201.6250958938584,71.02727983423125,96.56916329821435,124.2366441821669
23,5,0.0,0.0,89.56583964727818,321.2485935391329,143.27098828025055,63.07761396167237,263.38792266121743,210.64319598822988,127.46644418764443,219.52844905191353,99.82809843688102,93.73063772490704,199.0108114291804,107.00645706365476,130.90343628766473,166.5103119910153,65.93740958878415,53.84264776126265,264.9910701051135,236.66974153289607,126.70854103286113,176.85212348408555,58.6657968126597,91.33584894102461,252.09351164078876,126.27138568525699,84.85418704076417,139.2178520312379,38.83004378660681,103.50026002623609,225.85243049469085,111.73535602457856,86.54788216646031,168.75812449226038,80.61353826150798,112.59109378784576,274.2902948247857,163.00772786421103,96.67397472655158,179.0682945915932,78.82531042752308,126.95561883834098,198.52275405911172,58.161510168577045,134.6171609156772,135.5173032406504,32.153890862383896,47.30798280059823,266.6470991645874,179.01805269019906,43.07814042168604,197.5057785050503,139.11326671300174,68.77616055575983,191.92336620004215,144.6983053992161,96.78730378022311,245.45370841368083,133.66947990329044,53.81546450985217,179.7275298400234,159.9051944989303,60.12088851560057,223.35312938214673,126.66141029709593,107.99920955138846,206.21357929403558,105.76580224715869,63.81796722586601,157.90825187365323,97.75034360135119,105.30202692236543,215.1648259412288,91.17085097836834,56.48574640166482,213.8518869589276,170.36308031232602,66.03303742772661,250.6058894968212,167.14105305681255,52.251794050015185,203.23424070144932,143.4297141172874,137.82321551544558,182.06969964132682,57.322714355672446,89.64433619087099,148.8584684182925,67.36907563256702,120.16754096973317,208.55846263867144,96.96180431129795,77.15361921934446,159.30176905630395,76.22079989292817,120.3465989712583,82.41581371204127
23,6,0.0,0.0,111.50899040757831,298.33427100337445,177.8798751771861,70.41759419845594,291.5384081209397,224.57300327223004,109.4902489578517,251.41542093822426,105.64853214696763,91.54690908427257,234.06139547215406,121.70576095451635,132.445018705939,205.6636881230496,78.05240927293646,49.05496672404485,261.1791116594998,213.24745753924358,132.80715114957022,168.394501619443,57.19279392549285,83.3475791150135,222.5702984654975,159.1026812451139,82.51183530663029,123.57825450805582,25.510028875451773,98.33508433917504,198.1595026203816,114.99853507407902,85.9591073632776,169.71093209513234,91.83775890364966,104.24478954724546,265.5888963438215,148.43610944224207,89.85171344776641,172.78319067456232,68.34626020130119,123.51723646876978,142.47931123816744,80.45165882434448,131.3717673591618,172.1107208065806,41.21074970070718,38.36730073646185,300.61594961134995,212.54077281244898,45.92785452884997,136.6623742671135,140.1236372908321,88.83874288836523,216.56632302085902,115.33619819500112,96.05729403032696,241.11489681547076,147.37506271594225,45.44284276257892,237.280719843877,175.21988708858535,82.64835492330366,246.37255155077276,178.84175776402043,112.94436408411106,249.23134520889445,100.25238251428321,58.605909364064665,150.73480739856987,106.08212350319653,109.16421645931007,223.62412876070374,81.55370158489646,60.962654114820964,207.2077641834337,166.63221775636092,72.3782635775745,248.55828739945957,173.32226437362795,60.908039839232025,207.02989166258297,182.42192057033526,137.8735579508104,203.22717966837627,46.62979842274371,70.82729522558947,123.91369273516509,65.8580412040794,117.70823237401066,238.76904656482188,109.47039885966474,80.01546807273368,160.75356187241837,80.60702912128696,102.42373531819842,87.11467392151165
23,7,0.0,0.0,124.1410005934535,303.67597523985205,160.87642715417357,59.27880060326594,251.66423917134523,212.22450750584906,119.06887439398822,178.83962144435162,114.96659671040321,92.98944327585428,160.5005996470313,121.94732755063814,121.83124003419705,182.33837786438193,75.37279402420187,54.5872122572221,210.14308390617464,199.24282729393735,134.04907911273148,202.09639682940218,60.891654724884475,97.23105709015455,267.6761117922635,140.1141005586934,105.73232240070207,110.286403551426,39.63652164869145,87.61343908670973,192.81218500167867,113.16261871953567,81.21206086171293,177.05767914822863,86.16935016672471,100.27463586093542,291.9113197736623,181.75487707450387,106.38681035486695,146.75214836285645,69.55650372243433,101.92933582435936,220.52614253349427,61.45175196159849,141.18352157245664,149.75745030333798,31.36792747109565,55.93983864810114,270.8355215431115,190.31495166846807,50.80024258663704,199.57939344415075,154.04353471393517,79.67742763444016,186.01305056322215,127.47780739708008,95.4546797504843,214.31261616080903,150.37858101042175,47.89694136211548,244.66696604305127,172.38466564922047,78.78051346979426,210.4524350039197,158.07332646273898,116.09068369639017,195.13017180498156,112.62485515844398,70.79382883878208,152.12617036532973,98.50719007433996,111.90763929479604,211.46293571020232,86.87810773281635,50.43279700421865,211.6578180169062,152.8464126676345,64.38712491056175,243.667231445102,159.69499446323698,59.58213824529281,225.89623246637814,190.39558831652596,131.72480417124584,185.59863367421616,46.879498067697526,77.06118220681148,135.8150752436882,65.93341059558819,112.05190040845022,232.6663354952388,97.89323715755165,95.70303712131404,183.0476819257251,68.58834152063419,100.4683785064251,94.35463985247364
23,8,0.0,0.0,101.84683574827847,269.4488969259153,221.9460399316362,75.5048142981134,225.7640453126242,204.3673662550741,95.24786870303193,192.57486331910312,161.6874248644346,83.54705535154308,179.5968879435185,116.59023368958385,148.09405925683438,217.29555888869263,90.59485951406351,57.9657168062506,246.4351074421603,234.52869520288806,163.4735490746084,188.2023819819652,54.68439742375578,98.8683837211107,282.3035372483648,134.9929845055592,81.56926603604799,121.88109456893783,40.43685989205905,105.8076062557716,206.774272985287,123.02131371854033,78.58385184977223,163.97507631915974,92.27609119135538,89.02822093507461,306.3448963193112,160.63312377867223,100.29704343510068,178.3201976141421,63.819553605943845,137.85333216688633,213.60987743268808,76.07065873338482,160.33697114488012,190.98469454374455,34.720650768089826,44.392283460414404,203.69597119372798,172.60263753838396,44.95968114981913,165.66576500917017,119.02951558116912,92.21469820261916,211.1343815273479,135.42949935807607,85.69495753258863,211.25168253552712,120.3981333444034,54.94356195917378,214.1241295139206,118.82611494376701,76.81732213359454,192.3317210855755,142.70470052227458,115.1257867375931,235.54579561309293,105.62418112576738,62.53980828809865,160.11148418353662,104.73297208349149,124.1931280197445,200.4376131372601,74.54472983871128,47.58461462890654,205.8940856631203,167.62549832143125,65.33597659474233,235.82237433620242,135.46195855377812,63.68236459443254,216.18121108164615,187.21791698855955,127.04230953814123,169.1471780650622,68.1383815528383,71.57158165765657,135.18558825365986,88.5871048243834,131.0142162385654,245.24436357700338,92.1622011885149,84.01516349679792,141.60008470119143,77.44950437434157,127.3996828536699,83.00431398517816
23,9,0.0,0.0,109.91835392019696,328.3222601446789,188.30669822394694,71.51050095437915,292.60764646655787,162.93158864434122,121.05277574817583,208.80244375163144,111.46812829247675,84.18745748412192,230.85782881963132,136.6893215572329,130.28944969425757,198.57222460234541,75.40275334929754,72.3669193986739,271.1305036172165,182.94552093476253,136.34726337031785,185.8970484718634,63.94705728731974,122.68323319176933,225.78963690801896,164.13383920978285,99.85942977686872,130.73825960595147,44.0050705013758,88.86917980661507,231.2957291226617,117.04207520578126,88.98953720577538,171.1138646166047,92.84937831581112,144.55390646711862,291.7757852441482,185.86152140604125,101.57567307256237,171.3273477335424,61.15875161069272,174.54545167090987,206.37218788475678,74.74799205205112,152.3143584720235,183.36107664684744,31.62366026446164,44.67432949925885,259.93686257585,208.69328292790507,47.74213620943945,150.090940001477,107.65547747110537,100.53310637893858,232.68672874311628,123.86934433530372,76.6748905648866,223.929081389829,153.19531435510362,54.04435893110673,198.41278224844055,157.21011747787603,84.40931507526412,278.81672087328263,198.87626936586332,100.7898208018951,205.78897870302615,98.18324718476501,62.378297392798984,156.6999494942769,101.22157275843107,101.10825258946913,229.33300650096547,86.96776428838956,51.43786667862442,179.4637561912624,167.80892575772288,68.15350165331385,235.66234850215952,196.97300884953623,48.00555398306683,233.1713442530721,175.74160919033213,115.35738927771607,200.31702840400678,77.9354429970764,80.12539426885687,122.17251960340833,64.32592666231106,114.3789216956774,208.96760487088886,121.45489876691548,89.56569724358405,169.53242338311512,78.0332147996709,97.37753492358678,94.27186196217507
23,10,0.0,0.0,99.35056427065793,325.6127681216941,191.65527703409086,72.85584449921797,235.23814285373496,174.0011353130763,103.52950613980435,219.11231121968476,99.54255608583858,74.34049399884613,203.74839911032436,142.93850684845586,105.62396615404604,200.28380216497547,87.58830234808589,51.33359674647539,267.1457766748701,222.65697462790743,136.39540725317536,202.01260036530252,61.60971177665927,92.30121716478197,247.63069955948637,156.82782836112514,93.54170887859834,117.5744821004327,35.803912525019705,88.25788435641849,212.78322443597546,126.97013203971021,82.47009074204992,188.21521224228613,79.43790101521007,104.44374884329413,308.40665258822867,173.31057594671566,104.26242695216129,179.89096023431634,83.59969430082899,144.65095764916117,223.36260695696956,70.33123898417705,144.4166840407848,201.52786424895822,37.09316174849457,47.77668541451762,225.0699949608785,194.630739636782,39.88565874205554,166.72054298228906,117.59732908324169,109.5584211721323,211.34545127224123,114.57556086673884,91.89556438495578,244.26051480749518,141.6253602261898,51.4864803327158,208.03233626518755,184.05743244803375,68.64594155391731,208.78187701063416,150.09393790682583,91.6838149390169,190.9887833532069,91.59749811665175,62.8000058109925,192.0839659209228,100.58063833240104,104.04410078053286,187.7276846444489,85.28532915329494,51.03886253857627,223.41198581254918,144.6327415661021,61.51405547114788,229.7811922832709,186.2993590359138,56.704681664092476,234.36647979500887,168.52833840503433,112.820886737658,176.8139529172422,58.97674329630774,71.37307469867262,141.29348408239804,77.0578609440546,107.98772603161535,236.8175552427501,112.1247262611436,94.83178622042837,128.14617353237657,66.52217103553947,93.30047087740054,105.59734742860404
24,1,0.0,0.0,51.18528364022691,199.77177269752283,315.2898455588395,71.0281000277167,326.97724741233503,170.8637765597079,111.66269112383274,267.07053020558226,303.14901451953364,157.38417854830396,245.607117753819,136.03732837935007,124.32451853650774,278.22787576663825,120.60530652522782,113.97168055825088,391.36448073590736,271.82088413421286,72.52538032198086,204.94647255573787,180.48999422273374,95.00136587899168,361.1822236192391,173.70827117171274,80.10538415930037,309.0777369290766,189.63141458057248,123.11538638115542,320.1367760089542,176.81115717190823,43.6371119061492,204.9213476759495,196.95430155547518,85.31028497571195,318.473320070641,237.3009652918395,33.24730349156212,289.9136665613788,212.25026176269017,91.62785475338228,322.94520146727115,165.38187895574853,125.17804365383003,326.08947833773846,163.80171873307572,85.56699129684667,246.11366075346706,117.00030429404025,74.73484915280842,267.89161287375833,154.87236152820742,66.96905998442885,217.2255129980703,129.51590934961706,53.28168278878787,348.7019068909958,253.95054447708506,99.45826411013883,199.88861042224582,124.97703047067627,96.55467008512004,346.54555150502443,277.82901657406734,93.61551338857058,311.699053363004,107.6473525819312,133.5740885703643,271.42707376998067,143.9632002607046,125.83858924452743,170.57555093523132,69.99437445640928,71.27059216861599,460.7676986165426,315.8268133003655,172.2022153883067,236.36579239750648,89.93821797879404,92.64508794219329,172.20673596844048,116.06917003000764,103.59769294042076,170.8542222695684,128.48731213304464,98.41196887021525,370.0973086048383,255.47237602618557,125.70493595860043,368.22125341976925,233.5986101116083,149.47832697840192,258.7646881623941,91.61849909446796,103.24228945555589,107.25781534271101
24,2,0.0,0.0,86.69330186835019,378.697479537124,263.2310937843212,68.68878791871582,311.62360423801994,137.64369131545635,107.03996779774383,414.3618676395704,275.2105291747361,75.92400045562948,210.4702258484654,120.52867255510695,104.64215232937542,217.94698907968265,124.36449745500306,98.37582640601728,306.26077041290637,227.40560914135614,94.04842825577973,258.42940774580984,123.31504049694027,61.98566259379528,260.03816722297984,232.4577776552561,99.75221444091522,344.77856782295896,170.03696127907602,132.59634560589402,261.39452067526224,152.65711312968284,51.88009538085397,226.32579301661772,170.58288416547384,71.1345844136154,228.6223041695963,208.69014687198296,53.09007552448305,307.409746983342,201.97944994569912,121.30664442453002,235.77549549383096,226.21963605737568,82.69862801087106,368.049934028876,179.74961384137976,65.21445271768695,171.06094368316803,126.31728042620645,93.30681668421425,277.1438260298652,247.62038550433664,70.94874427418458,174.9841351928819,181.10863868512578,46.82426257934922,335.40191197682594,370.8720175308604,76.63135231234591,216.01217601663726,126.94363176194811,97.1072452814618,345.1637261942043,245.62753646138412,126.79373222700642,261.50000292558866,141.4966280644011,106.40530918180579,195.36527421202908,160.11360809010063,115.96266745589067,192.73593519069965,72.12964362909943,89.12419635475462,443.18958016303543,243.9466636241427,131.50399107883158,274.6590909956528,102.4195521257995,94.00059730559707,244.5474535434789,89.70805347066118,76.27127047855528,297.6188482943003,158.42558782961098,104.76004329396875,412.5098880338124,315.99441463201526,136.44603957081605,364.0502890558688,276.0372275093318,150.58965075459605,231.49261713038086,120.58280923456756,129.83335337291913,110.01916989477189
24,3,0.0,0.0,53.216960163125066,267.98636861595537,203.8924366985479,90.46165756080859,257.8324089468631,177.53464832065265,129.40914553418742,333.8798618236863,219.34087204080464,121.51751576367647,276.2874823122064,110.63802806022346,94.47577580731377,161.2750266487655,141.40409032019156,117.06790212331863,252.8374509404224,207.89553581732173,66.59306929226476,235.61711705410147,162.63715283543232,68.89925243373519,340.6551817219524,213.29692663413772,71.96323007545018,264.9075245884173,184.65662828700567,116.16240611619119,246.88978332293095,210.82320771703903,34.13075225763028,291.3863389289511,261.4942126309892,83.9751994193649,368.1499003915293,227.23119932744257,49.65784217266649,225.87010722727348,211.62147623421822,78.42699125178554,427.8772852487002,218.83427311707973,109.66717770882437,329.47281529928523,165.22658637720946,61.56228075200183,274.52378145834615,117.47562963197562,60.28982807600501,248.34387362851058,265.9939840598393,75.68301536514272,198.62433655600512,135.23168660032607,50.445793404134335,403.3196607925831,258.04173052229544,92.17736346326875,295.0888110690635,84.27395014088236,108.9374465057657,355.65810770423803,234.91251792755503,97.83762587250072,249.25083568160346,159.33218798265062,180.7277761468598,339.79190523208314,164.79826804692132,117.36282854235348,129.9953337497252,83.24164439576818,103.06014198422066,522.5312715996131,303.9044240623242,108.49080129183749,173.1697562268824,126.03050181220546,89.55137084217328,198.33795350765791,71.04666510674146,136.7927254164717,239.14952380413172,139.53289813996668,107.93860379444214,379.07501698175565,295.69242288070683,104.73475494152193,281.15434491579117,211.46476825002338,188.84241254179787,244.72379806244655,128.71462775967623,120.70544456803454,104.24578609288595
24,4,0.0,0.0,53.86473092652427,340.5665682911713,306.4358381322938,119.96352176281292,265.20635974677964,211.1450939109144,104.02665395683383,291.14691926078103,225.64799854520476,90.3954231814819,236.11518981499282,122.98703136805108,49.86898871826984,158.20600450786003,94.38705203909822,88.12986648575423,446.1452975693092,276.51237011049477,94.47286150762116,280.0938665165312,236.44817835724206,94.93482522127147,209.330727072099,200.42288916351995,39.13990526474316,263.96830081754564,171.71609324086188,111.06907272137762,331.5635196585868,176.11363817165915,42.32137945737556,242.21432115236038,176.27583368548602,93.19297009512744,247.0134461462099,225.96259428662535,36.95126331674453,219.71774031027775,189.72501458839628,76.70323532058102,351.7897428840509,204.28689288522244,117.16055710472729,349.2163757106259,124.43048187823734,69.50978748398306,173.27830217109857,84.87867378386825,76.20873553622242,338.69342825056185,249.79488282618163,67.71962759936197,220.510751476855,138.1409064779483,54.14358689757282,365.1099672581191,262.45556061082027,100.68382319519525,162.6344326910963,139.38296226513987,77.24581672519984,268.229068034841,217.1656909799561,149.67038038153302,247.91277992323398,116.89695109234242,103.81252159842798,234.15463282299623,213.81682449934004,159.65905748160026,205.0164155660939,89.7385432833122,89.52118923097468,291.87550872309725,261.05254138420435,141.80939090468522,202.2201845149137,110.07521725228872,135.46353387236957,160.02421324502677,86.63192235534683,108.99291755496606,284.8697081504427,124.81003069388909,88.95143650802657,321.9952015174844,255.65795135042399,102.28561253198646,231.5272531300542,231.42298948717973,124.63805125744572,192.24779590903435,161.89566578463106,147.859184587039,124.62030081386074
24,5,0.0,0.0,83.84480793539956,310.2346440859119,269.93587019955174,95.1149016735802,323.2072962134484,238.79119769564122,115.74584985414097,340.0176532062982,224.57092847140007,90.14133305082099,183.18870715948694,138.9801616246085,117.0810681257592,214.88446157232505,112.65637578268228,92.73837591836872,409.1699867076727,328.6057320229362,85.68242030439927,162.86079361362397,164.28511902516505,81.07631359422074,374.58263175720435,277.1169419712021,77.33228827036315,189.25923228761468,187.82617520193222,86.54098738321099,305.29734119228226,128.45369144452044,68.82556112924824,179.69297378082348,210.54781473939767,86.67681157435455,293.26106328309066,219.14999097803096,42.33381550716397,207.32054270884473,174.49564922327136,94.46517010912757,321.0625798485805,271.665315105786,98.15136090689042,295.32141964921044,214.87897891033225,64.11181988566679,165.2944884291577,124.26784584685232,66.75726571760009,354.84332815961045,278.15179894910455,82.61198223050017,199.8588874467958,122.14492423178824,40.05820019682734,349.7095408727264,367.8804885551093,106.89782468257894,201.85510793837264,124.46909046102438,94.09373040886562,300.2490061656745,256.01775575648634,118.77522740016676,188.423638173037,129.54759195906206,104.93781483797913,260.65846297675324,175.26432748225463,151.55173823142331,227.64386454933936,85.48306455494615,103.00110378647858,383.4988740554281,234.65136296140577,130.9305487252921,319.22954118712016,147.85797350671604,113.25635151902205,230.1449413680478,79.73788773922539,117.4268502661758,287.62910848872446,139.28753741592422,85.94259036141376,460.2030964005002,302.74181899891727,113.8851653928658,269.61924154776955,175.78507119491204,128.50821155818232,253.21745501367704,108.42534931164826,108.37298048857949,89.55111861247347
24,6,0.0,0.0,45.24042968907612,314.36070320100293,205.8581148338627,96.06683086312546,265.72454885201904,253.00619114214226,87.02456076513258,389.5907275849454,157.50154101679558,137.34917973431374,225.5369271033766,153.32061620423445,114.05756878850754,245.28040745004094,100.85278468010736,59.14279259633455,311.1908853909955,261.7003191772371,69.61676095067668,210.71551641740308,123.99071115335191,69.28967968203992,312.18709956166475,210.38077527658007,98.38498223229496,255.0866130013876,164.61402397740378,105.66960555368705,339.58336760178764,210.60422696502224,56.057728181184714,202.37428010081427,232.1796403512154,73.08355967136184,353.41377942738023,216.8188831318856,37.75513492401916,228.1870783184776,288.27994128390276,94.34712959682705,299.3572089123477,280.93047868325823,109.40113786212213,292.4879615202606,173.95113786341363,74.44246635311441,202.54780863118228,97.89834799536968,84.95897026013131,340.3537412034158,261.71590189607747,61.58402737373954,130.11782781012886,120.9610249466414,46.18225786561742,387.2364272862702,389.75222237887624,112.95463470370728,284.6465067970348,102.84129461210244,98.26043882208732,330.50755940357504,187.91547986495596,112.11645562085492,251.3927987867926,130.66637952617828,72.91359497212162,296.9808219267559,136.11606854321312,147.68138277817036,188.4690771968933,59.9736022307721,77.82728477100527,454.82780670742716,306.8654422793293,113.70533532154153,265.49665740633577,117.15780634779404,94.25650559277445,278.01937484116667,104.99446101640058,93.15355327491895,235.46110323233836,106.43607546406713,97.56722117353524,366.3765889805404,296.51634350956454,103.60845735575704,261.0679025554104,168.36251052571822,154.4129614880137,215.88098108586547,147.34585529905758,98.93344853817082,118.94557021413024
24,7,0.0,0.0,68.18939630386546,363.82107427056377,260.24141740325337,110.33865135056243,300.2894216641663,257.3893344610916,113.5361394628567,351.4474057149551,197.96996208209282,125.08936316836659,257.6175036105572,87.39079334107467,77.69102685343798,173.56891131155248,144.53322597938873,104.11542448458204,366.1776243646254,191.06811851142845,100.53815581531273,286.1232548975766,99.03389854112555,95.84210711714267,283.47440794844255,183.36327666078796,105.19127818776475,290.7404534140204,208.89021669781238,128.7284849712226,418.64764874607386,196.41828957067202,51.08116498674704,223.42477996586197,185.59184041764271,98.4752176580126,325.6357933355395,192.68731609079606,42.7995400045278,259.79673195147865,196.55960090243514,97.70245691787669,247.65525726066838,226.4930391506968,144.14362214485777,354.2077668707836,226.84844436953952,85.28292048691219,159.8236628104258,132.40727448865744,80.3133673541842,326.65016656625386,252.67405957892603,62.40350374765063,198.60669442875255,167.26786380105472,51.27693781985252,314.1412282727345,311.8689813499249,82.3270051011902,237.5878459253149,108.40963598475736,125.53936006837796,383.8234665011664,254.8537166066048,100.00879215132272,221.81185404394364,152.55483867285778,153.33601633784946,307.8393355582377,180.13714854591382,106.1153594217397,201.89875690523593,77.01763509305972,73.06596479325283,424.3659659029303,311.2452563710188,124.9922905526441,202.96295216781073,110.85770312092741,103.46637247194784,216.73782858371223,83.07305686810277,101.81089192284568,241.53101183061287,184.63853143285485,100.77159851677337,317.48393968805215,292.61164643935433,120.65682223493944,288.0732994381525,223.1492836272681,140.31638577426844,284.8103007217073,105.18355215503942,97.68154050226045,50.524947187510136
24,8,0.0,0.0,63.4145067561105,262.9749231888178,227.85392573744514,87.27451741959999,275.3501551893512,161.4379794704267,90.8902348939095,319.65754451741,210.46928551164459,116.35488121845383,174.22567757858747,126.79876985714758,119.93455869688125,204.98399099388445,105.54261643669729,83.07389382086026,271.4189852472773,226.38653382593486,97.59849712693743,242.33525254736244,172.58064381170107,106.91646937666692,242.198963230985,265.0655915368442,86.77040380567765,250.45872420590524,207.9030990721196,108.79803208966737,307.8444615209558,209.72969356931287,38.155969146788,237.1970480284558,221.82379215926423,114.63885246823625,369.26920835417974,210.8233955324665,42.07920374726636,221.496084173759,173.22364756713694,110.53661786816016,269.136553685757,227.54635725021924,132.62642846401576,332.5964693444798,183.56463067634004,82.56513761696239,194.16355807052818,111.81387825339169,56.37459078677683,316.01945168727985,210.4377612325495,76.18407507400153,197.928724458726,143.02348690656072,40.99741836472237,295.0657618501684,339.75867495322814,86.9883985054884,223.34157680287518,150.93905524254183,125.92633138350539,409.4123382766845,217.35754006605202,72.93906750879208,274.4592229133067,153.36021201717003,99.42371109894256,329.027151287473,134.03437867105205,110.76971420344968,157.57839865297197,83.95967576193317,88.49205346643754,391.75964072527836,348.69437418820127,83.47349788599806,258.4982164562912,105.80801077048724,140.5762783087047,177.63407878749786,113.18184129087963,110.77986776866788,218.92062607000736,127.30890145798978,88.53434283060277,443.7519267682163,268.4158419399407,103.15414479741732,307.70515636952035,210.92328825604835,124.29442766929466,329.74062967029386,124.2771842792639,103.66042775832682,93.01651465110055
24,9,0.0,0.0,82.85102652598148,280.1838077229682,237.49001644639793,93.46565692027626,299.1603021590208,182.07988731354916,107.22124697740483,259.44321544457244,219.61701384257032,146.48970205761123,212.73164258961046,89.50586530314067,121.91476368288686,252.8758608712876,132.93522144691386,92.21006918787212,358.25770317133106,290.2449131229183,122.63427062676045,239.057910132056,165.95256393297973,85.24934379851422,259.34240752055166,208.20751776916023,82.39333943776873,242.9893720506427,143.52879158072318,102.77620664338531,340.24805747688623,213.30436160538903,38.55143754021614,232.3481609837603,198.19488704328893,90.9488737503766,365.64717504826825,223.24090607400225,38.06050678034053,243.36525143977056,258.6619021661341,112.26334375821963,306.29597291439205,203.70932690961803,101.77454886896237,225.34883980579906,205.480693329811,65.72942771468809,200.69280743353727,123.3985519083165,83.17563361982738,297.35321306169885,216.25924253004982,74.4370063946031,144.55825126568334,116.72783772209418,45.728222767288344,358.7440231308306,330.9550333284312,61.34268662244982,198.41595431133885,138.71896722039375,102.71454242910333,311.62292484628284,242.81627825591596,105.40477511487674,244.36331523578497,64.92764667285738,100.62195273219996,270.5283938103558,149.87648365834244,87.44885127525498,222.16317362230262,64.61385839530152,68.73949752918756,403.21894771799816,276.26962096230847,138.87703112925317,232.65447101980325,142.2573088709214,117.18585749090796,148.74025273031845,111.55170922993892,119.99522542025493,192.74788555030858,138.73886698601237,109.37961580604879,387.46001109246464,305.80468371258775,88.63061558677813,305.32144104268195,205.50179341712203,142.09726899433338,230.55931710103295,104.3537777050208,139.20805172320658,82.29162550383971
24,10,0.0,0.0,66.49944364816386,388.67953829980445,270.8612518969622,102.96993812740764,311.11197680132483,198.69528022618476,110.30432826103043,420.6841583916032,261.07988930005286,91.51307787802264,190.26291192583508,127.69744448663984,108.43366493135181,150.83464007842895,94.53482508871713,134.48495842194572,311.11802931665153,223.60956452171837,96.87606799011976,200.96756138632458,168.02557038456624,85.23716647380223,340.7858909193127,156.08882687179442,71.54289161139991,274.65875116687073,184.28591816493602,102.50348513329726,367.56987106850306,198.1627900041714,42.58164572422858,258.2022083009476,220.49425177349534,91.45054855405802,299.3122141293004,188.23263414726367,50.801463867115785,166.60483102979413,214.75260805970422,93.70535157680044,306.24831298537975,216.8210194881334,120.67039938830666,381.7687799146189,231.9673789607753,96.2978070093205,180.77929269257308,118.90302918999475,81.82819492510976,324.083412006841,269.58670827736506,83.55823419680893,185.6374037401679,129.7634761045246,46.120489249323974,285.3221100094097,301.7305649083996,106.0782525707541,136.87294192709237,113.2054669727241,91.21661975948174,376.64742091022043,252.77506435991899,139.92053420371502,257.5424983168672,122.61373141626774,89.94996608041906,221.3776877524209,174.1017431366416,110.37521181050539,199.95335728215818,91.25726212952176,112.34337692775547,470.9702087286189,300.99319250804683,126.45775898542172,267.3634513040845,137.90059085428828,84.2986280972211,165.35786454932997,79.53075172273331,111.16073268032434,245.83139918878652,122.25691893444728,95.36678220245349,315.71152988106655,234.91219138341245,93.8674546273308,281.4205124198584,206.88999555549745,107.64780766969777,266.04596126779876,106.75998162091877,110.79269080692113,86.76137000137834
25,1,0.0,0.0,46.461557257525286,178.26820048372835,107.5401327993563,45.377031036697886,175.26773385715063,99.72257535876315,106.48442815430496,286.0307821208882,106.23437225970082,97.78992894937893,175.36010996462878,108.5282092439546,105.06174185720252,210.52128768172997,84.06215405842016,40.26872707811426,154.9794974373514,132.55481816614528,78.51555963788076,123.62698948561973,78.8518291998084,108.65187787500336,182.5000188395988,79.61892865312566,60.13943434328042,171.64420057947592,125.83861543316567,52.95050649569647,205.80305943475778,129.8498887534608,115.63728386858365,160.2615069418801,7.564264785621976,102.9055847780407,225.66587455458915,83.40199879524559,86.90757798233493,147.99954793556532,68.59256069161387,114.78193312898978,218.23925124541634,108.36630227552158,103.6610626112431,162.57100860344963,78.0715586598003,93.40982441991822,218.10299765087336,166.77361532272585,78.56903923899077,233.76801274687688,151.13044465959229,88.44676912259449,204.0405219232884,97.0279298117987,81.87789094575753,212.98178692913848,178.40172833028922,51.12459633452756,196.9009945603093,158.80558955865362,144.59900166456612,167.6944135426785,34.920205833981825,64.32771994831148,193.8796558461311,132.5298607661796,98.39761943350322,175.47388596385593,100.0512552265904,111.74692783261293,200.16616957632667,66.06449830795388,112.97387567290292,176.7009173029893,67.22905941632537,60.56151443113707,156.5388159263846,101.08939571704906,51.560760926127514,151.2679566093915,191.91617090498062,79.12349899483829,229.61266112503208,160.85223049046013,147.2287029767233,223.5629601531828,89.50682183622062,88.96192109622248,184.83636485580698,64.58220242184797,92.8925901050754,176.32164527986134,87.07908198468674,79.55294987675248,93.41862242381971
25,2,0.0,0.0,41.351106822256796,173.85127833075677,162.60025221863248,41.963243668562306,176.29559699723606,99.49004283742747,116.4647884256005,223.74823928582614,109.86982514667423,107.28513488921891,200.84058653344215,85.99215777329569,125.57768992587432,175.68267357339613,89.60110794849356,52.20054383595404,173.1166000520164,152.5111378810189,81.88661343050087,163.14657417694104,65.43818531673686,120.57531276025072,175.42754835993586,81.99946628386223,71.92211261109537,189.5902135221536,100.91045825647524,42.965128691306866,174.67817126519353,166.74355753999532,138.39984415237188,168.7752927820834,7.0216655411605515,98.09182518550475,203.56025732028033,102.60553285939994,70.3415243284608,159.92700517487899,76.16283477410603,109.97381823595103,209.67671368575756,88.19058106023762,106.84414222828613,179.74212141029082,77.94504528105603,92.47727298996872,222.77911328999778,194.6387077315925,59.01562206426895,200.4408789931326,146.78865328332452,95.04687511088753,197.4362845742414,91.91960087083565,73.04486389904234,240.02377059414127,145.85976170752778,47.27439288173152,187.432287746118,133.45013268928062,187.91677368622376,224.0577915152364,41.82918735280272,62.13237954861776,214.8216494168537,139.91549558807625,77.73319524324764,177.48006298572363,87.21566479475956,122.22703138872191,207.13109595402256,73.32554819898311,137.071404565463,190.70361557382464,63.141348247926274,57.00595022151715,147.28300356265768,98.08923669530387,51.19174615803722,219.0434502011268,163.31421842380144,68.7516733932475,260.50022266963583,144.85265454498585,157.21093901977486,203.2955596561875,72.08514659657259,120.3508525126838,152.16379672797993,86.20946500770114,87.80475762926004,209.92491930913093,72.26885364043044,73.45873684923166,106.34620872247584
25,3,0.0,0.0,46.753216308518404,155.5025557348056,107.62260562070088,57.682240578481625,173.64475381555715,112.89885679268053,95.1367333843217,245.23839285037695,104.87327615311108,79.18421474740813,199.63299821014488,113.59576494599597,148.28430827747547,195.77164317373766,73.44454990363553,47.30832922872763,154.84320491889923,136.2886302243898,76.37414481423798,142.9052672881742,74.64048122553754,124.44749961401611,178.30150659644704,88.45269958789936,65.10520243938603,198.18946409038014,99.7819445507683,52.760487740659094,199.12235743554388,143.8740643272825,148.716163703761,170.261760869174,10.00375907022543,100.64269739242326,195.27425975733897,109.66854425050292,69.23014512129636,140.5928607416036,79.43857143342419,87.8017395637498,180.16332675786478,104.89882265014774,101.326022170939,181.63828260519253,74.8453812088982,80.4389291407915,261.240967435969,163.20665863035543,55.28760944953869,185.61120396075071,168.89999857523122,78.81910148841442,202.3790569511719,93.4559778172725,72.96657946354267,253.8401920480815,163.76387872447978,41.761122390961226,187.24720588898455,126.8543011858605,156.28112842139222,211.9511505755596,30.89704312914126,78.61525469926151,182.77809532207303,110.71124026166741,101.46047089268238,182.3895510090559,107.1984034770279,152.91733060018117,193.07806496916461,70.32274243062348,122.82344132418888,213.3693257927854,79.81460875547523,69.14579111550613,173.8134335256572,106.35844171222759,48.29081508372851,202.3026704014269,208.36800125348793,76.74955510738201,219.52718975669217,153.36054366313058,152.20405031846155,240.83706348522085,89.12840837126522,114.66678122653471,153.23813304242944,71.52133545169058,92.75817445105737,177.3233164037928,96.33169836023946,88.26584141050455,113.82682313790471
25,4,0.0,0.0,45.274742989950404,162.68046681880185,126.28196118026239,51.03134869159337,156.28104728028447,87.8905388971078,103.11122693802092,223.82410447518492,131.8415870917942,85.63634131670435,201.33104418760948,106.99362344792806,122.98942375006801,181.18104321134876,77.60204085802195,46.94169197481139,187.00795110318734,156.71792467041004,73.27930502731664,135.6625024059981,80.35289113681989,109.99636904503636,200.5903885201661,79.69315071390083,71.03433811220096,163.2378190736549,135.402284620654,54.447441213292535,164.55942705742564,137.94162508460855,151.82892713437758,158.97649880765528,10.909467942914263,99.05296726464297,189.03728165373616,100.014545644195,69.74222253525568,157.8335718746711,66.85468883927962,88.47835037290456,202.81793916659473,99.69962668188428,122.029522334896,195.94062950609933,60.98206777629598,94.70796740484283,300.0594361302903,176.32194451168849,56.66894778719836,208.77788699535634,114.54132476620937,89.76510245160345,186.35507044036228,98.29011700963919,86.99307859574274,193.3223256691031,132.79648851596681,55.249047344022415,189.00117178649808,116.39672812252678,155.67985304909115,204.51863057807034,31.07520113148197,70.07612467821899,225.26662942980698,117.02224770672704,92.90990629175631,162.142698739231,92.69560052924672,111.505292503984,200.29129050082759,62.017336210534175,136.10793520441308,165.58204015501937,66.19525422810223,59.26499494994701,143.72350761670214,115.29207673680648,45.15303594354939,226.55217952913696,175.78621994087246,71.13310072304546,229.43481296003515,169.59788278111245,126.24098145291075,253.80543477278587,82.9595869623163,97.90267044697187,182.37837017730402,62.18177695440233,108.26737952876798,153.4464753374599,71.26612739944859,78.73694306893314,114.76567843015478
25,5,0.0,0.0,39.57514816865909,154.61177480737567,159.3694600778106,55.241658337633304,159.8688426846462,97.74169179640937,91.68688079851582,229.33018924322573,131.4762862529461,91.42604861446404,174.25427865464223,87.05233902688603,112.27199350851562,197.79509241279584,72.76331840098572,50.79636165483378,164.37717412540138,136.7813218638177,65.24614663617308,116.02464511510047,73.87390730916209,120.75843170477427,209.87625201039967,75.88954589115407,70.07744821942639,186.9595312005732,126.71102467629524,47.20897910418265,184.66946373789398,121.57827248356006,146.80050876674267,133.76230387704607,11.43621367302077,102.20380763152946,217.47021129791517,112.53232812257212,81.77149231488836,164.7935141333695,88.13385444984533,94.55001959421175,208.16657614911162,112.01787940817336,100.99581507085348,206.7998269488741,60.21957915148922,94.06861337622968,260.36090687760964,138.55333483891982,58.00348601965965,203.5899963225546,131.67022409138193,91.44292402625386,160.91916454007088,113.94095079731707,82.9132826369803,240.74896193816886,109.85494196131646,44.785498919959466,179.1311915661656,140.5293926426202,157.56519341828266,163.92347886408308,34.05609861454253,67.45475796919575,195.16651318681824,154.94728091588297,85.71582593607314,180.28497430051834,93.76827092359905,141.79821468087235,210.11252983995632,61.67177726169802,99.10896271837458,183.45750000250996,71.9040668755989,46.698188639532844,148.52724200905314,99.01468520994923,50.14211839304616,242.3747297009817,179.5056915728809,72.2612363327395,284.65955289107734,169.46176477197272,162.47913157089388,241.07357443517392,49.31296211193187,108.07795603907968,213.28752016583013,65.326554822824,86.33022168821533,180.4498953297235,81.80610091065236,80.7238124043843,106.96673791587125
25,6,0.0,0.0,40.94497929809989,166.75751096645843,118.13294881184852,62.239851505155926,159.14891011997653,111.87779769530177,96.34621749255888,183.8323658844609,135.79290917145534,98.14090782854214,198.51829272030375,94.47476951328338,117.35012246243735,212.5056730406777,80.6148746684964,39.637735616203614,180.09497093019496,139.26619437623606,79.1097765453257,128.17836175283324,71.38652229420039,108.20786374643248,174.09356715592216,78.01689677903327,63.1156896367946,183.72099488011838,113.99102792023962,43.4672982239972,166.45343679993562,131.91503581648152,133.26988138856873,161.70518084807657,11.33970365471467,132.13091900280085,232.1648923338126,88.73687556906684,72.98632996347423,141.34896336490922,60.67178938837762,100.47670787812423,228.51223003102274,102.54456973553407,105.27566839899387,168.89478323438038,52.38759547842573,74.46290786346434,268.3300923273974,153.32588351870376,69.81213416835617,196.2135522860493,151.59947679259201,80.96871176404534,195.21134191086162,103.68594442296286,83.98680103802869,240.01157801652403,154.92043198733376,42.08415807918646,185.39345836128032,151.3562059129056,190.93633607240093,190.1742215279351,31.866878325105343,78.06244774603235,197.619003434963,140.62564848749346,91.57690548503443,187.7637421227891,90.8410781232592,126.41498970762026,206.45142246570623,57.60743236392474,147.00019871902535,181.25664844551812,63.437316996561755,76.00404901405217,179.49611534686957,92.34481836099297,49.71747880469921,252.42359409904975,176.0244501740193,74.50604226084744,198.97823654894302,130.7070086149088,153.70705477599904,212.051610384546,80.66046964822384,105.43791269742152,183.14601322289423,63.22737991459134,89.91138327684871,194.01191387803223,77.8658784081687,91.74244637703714,79.92265255925624
25,7,0.0,0.0,42.70805649250313,178.34553635652577,113.45414041975066,65.18885970843093,153.60795168813652,121.50581281356507,92.774644546175,246.23092037331367,119.07462555307998,92.4715617355413,211.81661061718808,117.18612567579589,112.35571113281915,189.74996280658965,64.63920280409587,44.34270010419119,194.92477220906548,151.74374686703666,86.77972451720073,155.66216842478565,66.66758999135911,106.61091168724231,184.80815975868256,76.12884125437664,67.70812052340527,175.18607273712377,114.60485963472856,57.276771420603836,185.1237974085949,151.99752380256376,150.7143678739335,151.87842834167853,8.019159470079453,99.37244986754756,209.84222360109035,116.02062494478109,80.417700417773,144.32803798112005,68.60011090999643,93.8200851347963,175.411344096689,110.77102032595685,126.85856990088386,137.51759895178185,64.05961785761393,80.9761943732051,271.28920678219305,170.7461463404105,60.131905742327135,184.0773884401902,149.94516330725372,89.97450725473944,170.195089136852,89.70885318205528,78.39763547280859,167.46095908273801,146.19275498315372,51.230181719527025,191.48140625488313,131.5139493050954,159.9667522317977,195.4348035156073,28.808757376951913,67.73050598808038,221.97736096584407,140.85024431210996,83.92483622464383,196.5660760585031,85.15948775540392,114.6280244394731,191.68225460525125,69.98747570351472,142.8328770723192,187.08843838582553,72.17102503958456,64.88808621165555,174.87896190607395,97.69368336185605,51.17580016205977,202.85135039970083,175.44442273823807,86.92850007202117,238.60038869365218,169.1270468387952,126.33594958753325,234.43478802178606,84.80477933203505,100.44939078520213,172.75854983725185,60.98035486922296,100.9977343538228,172.97384446566747,93.32769164675703,72.07339880837046,105.91531264191939
25,8,0.0,0.0,38.40027242593327,149.87015841512718,144.0266858398588,58.88877051135009,142.35250782071677,120.52905041565589,92.96810146991375,211.53984938569408,110.93208122077759,84.17032592958181,202.63228123930182,117.0124013949138,108.00429353983309,178.71786983116507,76.97126459079121,45.219557542119944,198.78577957206022,123.57085927255648,63.78449372452686,132.5210188273989,45.5556715900066,104.98395311551903,197.33455681229157,80.67258679477618,83.21139071696054,185.44629769010353,138.28081665740342,48.85654913084076,190.20714985576117,150.89871377617357,135.10684477041968,160.86455700094913,14.595111766910868,114.60103190832442,252.89849245088342,123.19832285414465,84.06198859171475,130.1889685586261,59.45247111729162,96.96327546210398,187.21573828935504,108.54454327527469,137.15343687056142,152.7463891927661,64.6171061649307,85.56098972959883,260.26872658578424,158.30989978853722,64.53666651759347,198.31157981179805,114.50598588969592,78.54678164230496,193.24615845544457,86.62174118008501,71.95825772463093,246.37141085202225,170.17096037879344,51.36496397155511,185.48046983386976,147.09996595527707,165.8158501070849,189.13186410277729,39.66275116822878,66.02075854978428,216.07247450413604,164.21256867526907,92.24955681406766,159.30444827334043,98.77927803507653,117.35282914217754,199.78121610613886,56.571550467502334,126.37006967712657,161.2982393149453,54.8334851960919,55.19662337081095,135.54047914119556,85.73212338267514,43.064924070153616,224.10003266939736,194.82927294257763,62.60771587450946,244.03954757738134,156.79755716960292,120.49506117371226,221.2178058067226,74.16337638736604,120.81071140378677,164.76918324002327,52.9274506926846,90.07963174176608,194.51292615904111,78.68974541946844,82.76941675084085,108.23327738835876
25,9,0.0,0.0,42.954062680092896,132.97548498109484,136.75770754575734,53.06099957252949,170.64250533753986,89.34250021787498,99.99929269688023,251.78647491901137,136.4877735295519,86.10456652878942,223.19697844247148,105.15048647054536,105.76975304007581,196.70662405480115,65.23600537350339,41.44278701308839,191.0061798565109,140.7506735628449,74.72345596297626,138.937648501476,71.39073826442166,115.05901801254774,221.45540647303102,75.29591620341778,69.1400713238554,178.0013015516528,112.3922052082875,56.43791077938977,201.36976554501018,155.68741896604368,128.20891622968065,153.0045658843855,5.767378670428016,112.0297922146802,224.48903488770122,112.9254791507939,74.37394051539816,133.17960540657995,69.81954628071352,93.61325170908184,155.923414139636,90.94237419386369,122.11029911406807,164.86903203952366,79.99900483423593,83.8065183804449,244.38973281755867,157.95589470043686,69.57999975361221,227.4138063261776,157.0327984183727,68.481755035353,178.49069895016822,73.92813596179604,80.26608671489475,270.87776164383854,121.93299342843551,54.24035102539459,166.58495413007773,160.21338294241855,161.08943487269642,190.61455326017543,41.6254076303529,65.84294861369558,183.53866342200644,155.1566602137602,75.63104302305891,186.38104948472946,77.23200474065096,125.26914745274044,195.5579255721054,65.65366845914467,118.34525117888404,197.10801614387935,70.99409225055383,60.95309511071365,148.42658732365183,76.56774868288463,50.42260332482298,249.09825879999076,165.36910597166863,84.12843515123537,252.28849819474505,171.74802888235251,140.85487972204407,267.91068582257867,72.50930100661341,132.26317663398376,167.80511261206158,70.81971391682039,107.50819356603542,177.88088117815857,116.54370064807723,81.4220159179027,81.73285885625543
25,10,0.0,0.0,37.69558574384574,168.15308730181542,139.26046702299595,55.2861692251496,158.68064508933568,124.17088578626118,103.17339561320979,243.34574631354016,140.4136544696896,89.48586547043583,212.98718120450954,122.0494004884747,109.6864369381828,151.84006014081865,58.12487056677303,40.25673301985567,191.0797237961168,137.9882022657462,85.95661254291441,142.08244860031715,88.91568807687781,117.34688172443266,192.4336455921239,51.45097001498629,77.38108060393805,176.74204069228026,124.67778731942646,46.64976733933268,241.3943536397437,160.57321981038982,128.24425029106473,113.09077586784525,4.271982645327057,120.42980015161974,235.75980209923813,94.77264837179212,79.48186682506268,149.82915424137653,67.84741179016532,88.95699315783736,219.91631643361967,96.8898601435084,136.62941040338382,115.5660352349131,72.92173355518194,76.14995293420466,199.97232481563006,175.28871942217108,60.027071005652026,255.77635893211675,163.42227054445866,94.13727711306642,161.28594992297045,97.53778724505226,86.21725191060713,202.05550982666244,144.12615577691983,54.20546091557378,221.17707915222513,135.59500606253835,164.86779030402536,164.42992909073638,30.91753728148482,58.119013373279635,226.50346209149578,124.18563933744679,89.61660891888816,195.79223499427584,111.67130635811858,120.51034590340115,160.66166662629024,62.14502597823021,123.55245673624343,228.77057173507328,69.62395224535217,61.15223852729839,150.89436670582853,95.63527118474309,53.69789295467525,218.15425791418653,181.3426256922576,79.14593657596143,249.730036683964,181.66168640327055,163.29296801540917,243.85339045147202,58.682038658376825,114.09415813920108,170.64688018733113,73.04041233459523,95.4565100362609,174.5163982585536,81.29219231848897,83.15993369542448,76.16120102094399
26,1,0.0,0.0,46.13837066616792,237.31189188693946,180.58547195171673,117.68579329151598,156.14264429911316,104.39576427099621,67.55079367473873,224.39293013258435,161.2593165819027,77.84305807091535,233.68029233895703,109.07270159642893,112.00275220860493,220.92270446832686,79.5912740262707,152.36825654317218,189.4486427240821,96.9854579065364,71.31846876233726,215.70584923836475,106.40898330914196,104.2263112484459,145.18959025102498,78.59001778953666,42.52254906012067,212.07172473625826,102.25791432954375,56.9636996832926,278.3832940606792,179.8852794551445,93.56148461710369,224.4046562779562,91.28130770797057,72.06345656038182,218.73668643290296,125.44880084696719,116.491382780041,229.34363780528142,41.178606788637325,88.43434504275305,172.2032823509967,86.37718840246576,115.97799004727298,179.39996940651687,71.4109859688259,115.12698671513121,151.5750520214633,86.15913994668628,154.0760494787586,180.80639026239777,103.7408532215325,101.69088992516096,115.63118669460562,80.77152137130612,94.76108838740693,226.62579009233747,70.60138501693257,87.67829977478483,123.49825890783772,75.83280131671599,56.262475137880614,194.98186626261503,83.39526276839493,83.92729099433521,188.3649225810587,111.70807943131491,49.890054945795846,242.88407537544427,113.05122937054838,38.827664480187735,146.6922343471892,55.27693147125895,48.45678957308388,174.82658594373126,124.44868336052495,142.73437492283506,191.49967926556153,60.26717270239053,137.70067457839227,167.7593803942144,43.1436175588626,81.26946552918571,207.9537531952292,95.27006102463801,106.57697193091946,198.12327650798724,104.98554878689612,46.06925004896379,171.1138222797597,154.50776387068416,87.20929545932268,164.23902752264564,72.46509564610643,44.88456254196949,118.52598683829166
26,2,0.0,0.0,38.5161668027445,222.98754021688515,173.03063014650422,136.36993262627914,255.06922575841332,125.94289879932401,50.84283849829383,252.16353031351704,175.10657670259997,97.93107921887558,195.43813621071132,98.74191258633452,81.1292495484369,187.61227233422377,63.07789091719752,117.39966924807555,189.16380047097198,93.9104039447337,79.37140990652108,202.84161738323454,112.5222832418674,93.01002851845128,138.3666012643563,91.80138983571312,65.37514422743749,130.8661259383116,110.51294268829261,27.482691465428847,224.6590336993856,192.05530197079554,108.78714834796253,196.69056042164453,122.48685493513993,70.97171799733655,196.6855488483595,111.86087215042026,146.94701454470015,152.26570752794635,54.58545497692969,80.08925671819486,137.48453736748044,82.37384574397943,95.88687647067702,186.07456500720608,60.63290125135949,110.60470085886513,147.81144404702525,106.48464556225413,130.2402562353207,283.1364043033129,103.19384388545602,86.55818497748267,162.39587721106318,73.12453926810846,110.76419369931162,159.65955430959673,61.415910010496575,94.46659198191361,129.40313222033515,73.1662206703789,56.004865464830246,191.065349891496,118.94102392997937,99.83172128226107,212.57236265325284,121.05307033348411,36.77625955468316,151.79737491755998,139.0091303656233,32.532140817939144,152.3455224468545,126.44255729663769,41.48037136688101,188.2568854571569,118.60029047557728,139.5145935481674,231.55336695583466,73.64555629155076,125.59879629186769,168.4240969577972,39.780195274348095,55.56201186250993,218.76590768663766,106.12803524901459,83.21289522044238,253.719292056972,103.18422819798555,41.91352777527285,259.1031376009881,196.74607758853,57.53946407756757,126.471085757529,57.24843348324179,61.336952074557956,109.34831228184305
26,3,0.0,0.0,32.791617104619384,216.14089160362076,187.15362438270404,119.0908266499211,307.1969229172403,96.22911374715255,90.47707631388649,172.58243749359266,111.03029651539956,139.4591750623954,185.34425399638636,67.79853047345983,131.5803794224671,147.46272180111973,72.9650285052965,97.00241652038703,224.41114639093502,100.6100996018667,78.01886610703758,210.6644425153988,103.12252403993331,94.20757045640538,171.74608490340117,64.53959866370298,59.013116040950834,211.9582208966614,142.62180727835914,26.77913645347716,192.65300734525204,166.4860388433733,80.75831100758498,135.45687985724678,98.70154133024012,57.38081843147964,181.40041346175167,110.67327968546277,84.29952731166694,233.5059579926502,32.37127041485873,77.93795563293519,141.1777040904454,71.35096102344343,108.5607759185617,167.05583459784975,38.08115590943585,105.73095603964362,230.19505019031445,60.985514817067376,103.54167921161107,193.29368164489833,85.6915067531361,98.876690580057,110.52988240799041,49.95598105143197,81.97164005578784,189.99791925371392,44.6714255732069,107.19363218972396,186.68529526144573,46.59356816002271,58.900817193438236,180.5173725771204,107.44996019082171,98.62795895507203,169.7003217968788,102.43844173229058,46.97562713669806,192.89032669431464,117.54837924925347,27.876790229663925,153.68015523899118,65.74096952034527,39.27783655414596,198.59261170397718,182.6174736040685,129.20817900521786,180.98086198467345,52.409366077068704,126.61596378209408,175.58913927698902,58.316452447433306,103.9780902073779,246.80767171787247,81.44444805873563,105.26162319082857,180.58133524341252,94.59071451246616,56.536210755061134,209.72525460784084,119.27094133156436,72.84730439448192,138.7796631241645,57.92726539599236,48.09657154027992,80.34264226437234
26,4,0.0,0.0,38.738128701061555,146.7629760256001,80.88159843744396,143.74877623187524,233.5064786551041,123.3211165299262,57.087862767915496,155.91021195072256,189.90685043151552,117.75918593130316,247.25424736567481,63.25078041229988,151.8905888991789,188.01715432827984,94.06108839611801,116.71744924090038,203.23124583646967,111.29937074190252,91.30735933009055,228.7096121367784,97.06199325366084,112.24703966850778,215.77716043662357,71.02460921776562,58.481194978698746,184.29106449498863,122.23233544596151,42.965056013130834,223.92012021330598,184.3644313479073,101.57297159373213,199.57751372106162,104.95439657452734,70.04953352993748,181.57563134739001,140.25432928088637,161.97122144083886,209.05703321666488,41.88158257601045,86.26046102472218,172.2256184169617,83.86459667739425,95.59503382667798,232.0678399998373,59.052594369094685,72.82492025730969,156.51942865256325,83.07662344401282,99.21658783056026,218.05976108455786,100.91844687343644,104.86081979215075,207.1411348831506,59.93412479852775,103.3835616574324,126.57706850144947,77.87269142640952,97.53815788034163,173.58311092886683,76.76687866330859,59.497231086000625,193.40496061436804,65.93657497668161,70.74750218987417,226.57308529650487,115.8261151528695,51.37988511163415,180.55961739820503,128.82932670831187,27.511339625279334,136.65211704614387,81.31848168175685,42.569831460226354,217.06168106976003,155.3596106869188,138.20180050222643,256.2297919492087,64.58780498383078,111.57121937437509,152.9355889683888,51.05882635786871,89.26677366067918,251.70518906786387,117.0458624172434,120.99128125300797,178.2982839758773,121.5794082950311,38.73392366176992,259.9605684166144,183.90136308463633,67.19603034707495,174.63477077457327,73.59929986788457,46.13122617375643,77.32157412247929
26,5,0.0,0.0,45.193833428917806,245.73092960706867,255.2224887526358,159.30400091333195,205.8988193953461,93.24476208594979,62.39123685737018,218.54064483947752,113.77096437680252,105.65600142798118,199.21267317675887,75.90595857893972,86.13601116095593,215.7051036706506,57.81627093393909,118.32693600987074,202.20267680167257,87.65292985367212,89.61354889807878,202.95329018097974,142.35838462204683,93.66290303379088,192.09850852576525,102.05812938789398,61.142819196529466,236.7507761662855,91.40347086774051,42.48236063300521,207.11625225532057,164.286788851245,87.23335962461398,169.53791125135587,96.07374020488949,81.5031454285891,180.99085501585003,144.47469426790747,104.39429038432905,165.16162484201828,47.50091839158745,92.65910080715082,156.91904029515436,66.51752180786539,105.08494045207188,196.64922583092948,47.67916282666245,121.48210635269092,158.75207697888735,90.54504122051007,123.58547613021697,213.16770090080405,86.07282939489635,102.65834523589028,136.68738091347544,85.91330765381522,85.22130664547282,176.07840457027513,61.666682162490446,119.97638926920294,259.1179846693121,78.56634100635087,59.958449763029684,220.01635680096004,99.48798322280823,87.34555055174471,178.9719328258087,97.76014417723854,31.094143044104538,174.02568542191008,127.18730128109063,50.397006412913,168.47148825701476,113.48453452102792,47.0169051785302,211.81938157964333,111.47330102152999,124.89801326706852,218.83947704135042,63.15298003769462,167.52676653036352,205.49932444331867,52.357420082991254,88.84962870182804,169.91947758296243,113.08483963441698,105.70151136797053,210.58960952986598,79.91447682360726,55.155875838755904,190.72085041774235,160.13903447674633,74.42777789063234,79.43385860156107,77.93452292120924,47.884276711304764,122.68279124257684
26,6,0.0,0.0,33.84997825296781,150.14042664237434,185.77823595707477,97.53950315736128,207.48534840342197,112.40652233504606,57.63892531624314,195.32548593909013,180.46100941166307,86.23157508694273,209.70035156360035,106.9673076105845,93.54918384067844,205.55780539126505,48.63973652370116,80.03611694391883,162.15067219649296,76.39063316367356,100.97636547240103,113.22155541642167,93.80506444832528,101.23912516018079,200.01030651009094,73.4179986360003,79.28874765118921,188.3133977974735,112.99564680996401,51.2465741002933,201.57418636726482,255.6786171131131,74.484914801592,241.56350461693506,106.90026154710016,54.2002663688214,174.55042721030915,155.15577033810314,156.24586999412995,183.67037986737932,52.485489137770024,93.11300386911186,150.99226731308192,75.48726602689054,136.9584456688728,230.73298425140774,79.67385485692817,79.6763994058006,184.0444315404011,63.913110647138765,101.63922257246516,285.1077556141714,78.95869779535475,110.32712338034787,160.86216260799694,58.393428677108204,59.26230252838584,217.40721642416779,70.4586198658809,87.47456992789449,187.87637463897343,81.95516388866511,55.50421080479195,158.03967716846662,142.8518222126192,120.27862238489607,148.8466783051177,111.45981501113991,36.60597721549753,187.76939187714453,97.31370029905044,41.48272177180009,153.9012695506683,109.60225671972321,36.274895200447396,180.63761287487438,130.69023464491292,149.93649345794864,202.1667350532542,63.38299800679238,149.36461520678907,170.06202276486974,30.467775854309558,88.24502354609659,212.56063602023272,106.56666326350475,72.65996281011819,104.70550177430388,75.48532399493446,43.499014660479624,140.44273747434596,135.36846564807598,117.91119074640237,129.03865446271317,64.86641380004474,76.12824347975922,93.13310728248942
26,7,0.0,0.0,43.596062810920486,234.26131294972697,191.26465366526958,119.6198618831302,193.6269936828523,96.38242511681041,77.01972160826892,183.662283214767,159.09832479141394,68.73780609064092,154.4756375960185,76.96393265223129,119.35486927161854,189.70977116301654,90.83782613246986,114.53732691345968,180.2017834733698,103.42344440977075,43.85709860057304,202.09478836152718,114.9177545132905,121.36328685245891,250.134002132341,86.07370788664035,71.67659846761055,159.48915139106123,125.24320083701969,41.04614138529248,253.9044110668463,170.63590136124938,100.54397851401548,233.2844535051527,106.02412299686823,66.18798768743015,217.33467937708014,116.60126149397766,137.24910728939267,244.51946906939028,60.14082169328403,65.54278231798332,170.77342426563123,87.81685248230023,111.89373964215238,184.60090183084253,58.76359768094951,120.3721634211393,197.02563135289657,55.2979054709383,123.17633477243064,244.87015981239378,66.87281030288453,85.90971367229591,166.82214457023875,61.811616221632576,78.3699778846334,175.13475529212903,74.49626643368909,128.60597171405013,179.10595705970448,69.71874487439115,61.15449949412817,176.2856509575992,103.85353706965711,80.41269699177096,243.07754768287657,73.59438743251314,46.623621096597326,146.00868984057658,134.54848282380883,40.22171844117367,173.4172177971843,89.14361337552478,42.57259999073757,147.46179299780283,58.15644353053901,153.39535969879637,128.0944994218628,51.09086070468327,147.7217316151205,214.07613745679603,27.182963099223493,79.35307048716086,246.50419854561758,76.80916043108991,100.57594910811534,149.32346285370159,99.13154146463785,39.166044731891056,222.77884778547633,188.74930797889692,76.70278760036021,128.49386547716185,71.83979152943633,46.18222905056588,116.88389556123879
26,8,0.0,0.0,40.15139802053516,288.4829315387051,235.48859362930094,112.23171902462639,296.921458911901,86.69038315463962,73.90854967663047,133.67183296635477,116.69644700892539,101.4406427462388,204.95384272827744,89.23854173054413,116.4181336054688,204.70130116854432,52.0541255929587,112.49157433146925,164.6119929176412,60.55136327391396,102.10289073969739,99.3199072608521,107.59432993286627,115.32896935418779,152.35359882563648,110.43950038236295,72.63270536819219,193.41276680983933,95.64715379356103,41.17378975760374,279.8389046816176,200.01667523083506,106.55222566979857,188.77619099869779,103.87856664833458,62.36289917885157,184.6305676984062,122.37713950053819,115.70423473876279,185.36112865983583,58.20897994714856,79.33272485279011,196.20301826895775,91.8679412566348,63.12765591150722,153.57721836994364,73.14408656872284,123.21705965182231,184.8031790321446,75.39835255391058,161.24682122373002,153.08911386599692,76.7091140494409,124.03873585488347,152.8218472638637,46.474372409920974,87.22934792369901,219.26994998312554,74.22952908658398,99.8158008509219,110.87805385204008,71.3485515607873,50.824813524611216,215.20343053846415,138.17090341089482,83.04362410573229,228.30578103168105,89.86157046271741,42.352514768840706,186.5585697134519,120.2975348957081,32.656745493028794,140.55854106421552,99.75351026800854,26.474724607461745,163.0417669065177,120.00126094814,84.21197977762577,208.40941448456888,56.161201230724075,148.39276311267045,268.03993082781926,56.033929700158,102.5767958269037,144.2644821318068,166.50516303749396,79.94547998700041,100.95319015043033,86.15790275118596,40.30698384082672,232.2012013816136,141.25120692441982,78.85430305113096,154.9900459832003,86.45165324687548,59.96007463593514,74.67054889213263
26,9,0.0,0.0,43.52477728702095,258.58521030197585,220.15388076811112,112.65962221610577,233.44293086143543,105.82224001894491,83.47639340149989,258.0097317741674,152.32787243775067,100.95317378398451,203.11015849933034,88.70407933263611,144.09082818301266,166.7722784172497,75.69867912061906,107.31509020869791,214.7113118338345,91.75170798215301,95.5935463466655,187.49782088252792,84.8355835561576,110.74802370551036,179.47314280733252,72.87568743353799,46.4283002651909,142.29031638090993,128.4020321980587,50.76990119159227,259.19781294173265,205.54673594130017,93.37463940767753,195.4297394993218,97.54871043130042,47.931886515646596,209.3903979866234,139.27484421408963,119.43248301267886,193.68491085551827,68.60925146398037,68.20995025940384,198.56489506256185,68.40058003902527,132.84514335754113,158.58523052286728,50.01151384342465,86.73099130870098,127.00893856163356,79.7739239846482,138.29021920210923,196.73066595944604,92.10738763550563,72.04853777988669,122.83797313960844,60.33337313692098,78.4130966072272,174.17166003044244,77.93843467920628,76.51201916808448,211.78383481808984,96.72825283616652,50.23760559082031,184.85553575841092,86.44908983137753,93.77864276277737,202.60822705452526,128.79277125259463,38.31717122026018,236.2420882167689,136.2859291676711,44.969301376768904,149.9746854066475,102.11147264052074,44.21281130344427,177.79770366437197,116.75783208281342,140.68493998298501,234.53566014722827,55.403345778550495,149.29228465196866,236.73426500277571,40.34213661909216,107.33806753799935,188.77267054468598,84.50315487139638,100.02214851524856,146.38468116217564,54.65903600578798,49.30340702657658,181.87140610589532,100.14228062863455,89.67368321432635,104.00505708896614,66.95796977995046,53.29064317180434,78.12998949021569
26,10,0.0,0.0,39.828761009963586,189.35511262612368,233.17141028362016,161.36293629911307,179.49660309451198,131.86172990245427,50.30409913175795,253.89955596453677,99.01250167920944,103.42357228775982,178.1977258149162,54.295942834358485,90.89256290828894,175.50732457435026,102.66332790910161,94.19837541553586,209.95181573800545,73.66453514690079,111.67674351428786,211.78211474466204,123.38019493161319,105.69693599830799,154.06572740673508,107.21717326634923,86.78265751616378,177.49700089379184,96.39395291381868,40.841273289553435,189.74990080822923,229.43828473209484,110.23742869783868,191.91936912382633,101.51309451251896,80.38007123491403,234.93356931021367,163.0104423041156,131.551519006318,196.94539857079826,80.18322820019971,83.50344532661461,176.96024511333013,84.84924453320804,152.36356862637228,166.12063938656405,47.07926199223036,104.80006444034129,161.96908096747313,84.09207769636743,128.6518451884493,217.4989877149698,91.11735917335963,98.78170721305533,140.9802972218875,60.481759099053235,87.18764292540149,143.4906928941549,32.318474600975286,111.04805990647097,108.819767557569,86.07394306006523,57.397828259824,206.14947298825956,141.83712973317432,90.72698129789453,280.2289559475852,74.95701463409542,40.99832896272307,163.155357109642,118.45568171941616,42.75670615468592,129.22582565732236,136.4100092839859,41.4247624093245,197.86433230063614,113.8652321056573,164.78296562316123,150.827929945221,53.93194881792197,157.82803387945492,154.52211439039147,56.81457409208279,91.8495551188639,137.17671487100284,74.824937217261,97.56413759625926,162.7648536301316,85.74845117751718,52.492396037745735,267.7236420927866,152.71711963855154,69.04404511839176,125.4394385637847,76.02336720114326,59.32118496052218,147.1610481621955
27,1,0.0,0.0,125.48178908283052,314.0787543803873,122.6454432256578,97.16586698587946,172.586920602286,117.13151440742568,94.54272674102828,232.24065919512861,107.00378140415916,152.22365577995487,205.06225153047353,108.31921275022508,101.68133061002426,229.5472284283692,91.43362536207641,116.85028226813947,149.20758028323795,73.82894158515272,119.67503838442606,244.50279673254894,88.14970789107403,133.18158658227188,235.4138403751454,64.09234500987957,72.65529395640837,267.5776063765332,185.4049270984068,90.28024559999342,267.6351125930459,122.043513641279,93.67903560232888,185.39801676608252,60.52433407346794,131.6470321245388,175.81492928191687,55.24295187248454,103.39622492773272,276.0407286206025,102.86132869535852,89.21013882184562,216.0018917659865,84.4326325453447,72.81018223066746,178.46345396854724,142.61351575121162,109.89375310136057,224.82117174881452,56.14157421924544,101.61923996066977,261.87746618607775,138.4872135221802,93.67397337806287,135.48648414303065,50.879979832603965,87.3143377967126,215.43923434650216,118.68652388531491,118.61712199839614,136.1417088537996,76.5542420904859,106.85301489392998,222.143829134603,126.98889825102705,77.35550337122322,266.4189513809923,146.70965400209144,51.43889368138333,246.40886792082574,141.13070813750528,108.22808354160222,252.97734188484122,76.30869796284145,61.48403654031477,298.91168206856247,162.36015674655982,117.1236805849888,282.9649712490576,121.50782537309529,117.05555156747795,260.89349840248843,81.78977151996054,72.83327955483144,149.02570219892945,90.02528847775177,98.11101553706104,190.88519802643444,126.22436739750425,65.6223265979457,208.2874601891279,179.56931821922015,38.16068587400176,197.3088293383945,215.54551359661338,102.86298593402896,60.97006203353792
27,2,0.0,0.0,118.90577325131257,242.96709753091977,141.91056275598265,115.72573919676977,210.97114219016444,126.87810516504973,109.62756155662518,213.8080167484863,135.51204377063718,117.60091313471672,217.85935078915398,57.34784688124773,143.86717312408902,228.85693189893772,91.81549425657907,121.13130804392233,198.41598821446348,67.87923832095895,92.10977532471784,155.18222445195775,75.83782184459311,170.01434423207292,176.17879951718035,75.32806845585284,71.74697103967145,256.047120584556,180.84225129742313,82.88829067360584,258.35466533704374,163.88260671097677,78.49291771807303,132.8476043151993,49.29642731549653,153.69473475055753,194.4122511439826,44.17211507762474,94.8344089245384,267.2669575122864,116.66013942286257,120.28252821153818,226.76685718002403,89.97126726158275,72.59820685760846,273.6544145137043,127.66256574560879,105.29042114031867,227.86886238529672,72.62262033501071,134.73186957994633,274.2142828264326,137.14769596849257,91.19134190324412,130.4127629647909,56.72610654997462,115.84531522176945,216.3212442142189,112.16580855094405,109.28368441470667,135.50865031811082,48.01071760581715,101.45799586112781,377.2829648428074,169.2693609154296,88.59076909186415,210.06481418198103,123.87170866434313,52.23881696835838,256.45866887537704,192.32258384770856,107.08110468434143,257.6750880569316,83.84642272419697,65.67428104959669,245.77388211850112,176.91261735195346,108.47685878700446,232.98871541869505,117.20591332158348,104.60492581981435,226.8795743036854,135.69430223729526,77.59962147102804,161.99918289499914,57.409687388085246,93.88642338385087,198.12788217808952,142.10399840653403,67.81692272975238,192.1433245790624,108.05644527390234,56.93956040488047,270.6194160931212,116.7889835751415,109.8323979937371,112.99739876144471
27,3,0.0,0.0,153.8476329775604,302.96914749479015,132.17597774014797,99.18197809207255,260.60124941964114,113.27345612770642,84.03956779826999,210.71851747173372,96.99131080882768,113.35652732439583,235.62713050111876,87.40106314695296,143.4527908725128,187.9011371208195,94.39113680395141,130.96562665608656,180.98158185045065,75.47791485796417,117.34785761598626,227.54858879277012,70.08559570715067,115.64130341264341,115.51320632632515,67.58740819283575,74.65853127867233,242.54547207512275,159.96369489583017,85.76888485007768,246.9493086795216,161.9058963740078,85.62638721446714,157.26683015582387,61.375122953660025,120.24197946460366,176.0033750104834,38.38104064039128,103.88505213588186,263.13466988185536,100.15576763379065,98.41093976172122,253.00948424717643,131.93664731589467,82.68046371785783,231.09678212001558,141.1313161576284,124.4166564338029,188.22274529814845,56.09718369677264,76.64568713914122,280.6052049140597,110.15779448822596,107.5729993530562,173.2359621425051,71.84192424494167,111.50978520728917,165.82622005387617,106.99047398853041,91.80576966864793,193.03815884357897,51.16975219689766,96.76548138338109,270.00948794118995,170.06157399239692,86.79303049622065,223.69234825177443,106.0254615773737,37.24952578232203,224.22892018415226,153.7554608907564,118.18387994303151,200.59647818352423,104.12346327300415,82.12603531877798,188.07213523587532,181.32019565337566,124.83670150662154,206.9717697833511,101.39472434996448,124.66147193693439,302.19172725405474,139.69017235052507,49.458304687659904,146.45188394746796,49.872749734485154,89.47018494059023,201.00821030747014,137.48338195179508,70.9427615661549,205.81236415944693,190.39625323811745,51.455119102292294,260.3973441776905,175.89072681766214,126.01259524466441,78.2065087719058
27,4,0.0,0.0,155.50916364677758,323.9716321378261,162.85862440557153,125.34650118715302,179.02247456726545,127.25561674334034,65.37516285651147,205.86163547259957,149.19751846305743,139.56600445254531,180.7724259581256,82.45897001852366,128.14379492024977,263.1123342827214,90.59357349363883,121.17265726893704,148.799677681516,75.28485361044031,125.2547857660734,225.26098955367348,77.5628310451119,133.11574874970705,206.14804506767248,78.34616101260235,82.38830751037537,239.51177881747523,186.0766701828354,102.02828995032559,218.2840858195532,134.6280840162319,87.84958849238991,135.45210954154032,47.87553432723601,129.79574166997838,215.5602478636279,52.99612399310064,98.71788952491653,230.65345146074222,119.7679352165384,103.27536450938472,154.22077888641354,95.36875286620973,103.02665190914139,192.7934524470506,183.31462643042204,160.59048181459863,223.61348334845584,60.04610853753587,92.4583457093595,233.72533957574143,113.9761155132924,121.25660903916413,197.84670416565802,85.94040158252203,102.62910136287282,197.41694013400996,127.73872470261487,129.55304336126324,164.23662345175373,49.09243545999159,107.16230452965982,262.49967961372573,179.29176538783457,98.63324071314172,194.4094940001604,131.22592655223474,64.6274272221791,249.65874229724707,155.79222872663368,127.42755057759288,226.69451447998188,100.10922300497268,64.14303727011315,279.49740778710054,245.19258946698832,78.74913246312282,152.68028612108108,119.81526060913717,91.64317538822944,240.01272891865844,116.49408153737541,70.36987630027895,161.12917527973576,56.51331338315009,98.86656701513314,270.97196112733684,106.53806505372549,70.96424316739493,208.4311737390506,140.86834560344298,63.74678660868319,231.3809521578874,168.92925928246214,79.82918012556807,113.51333218803026
27,5,0.0,0.0,96.77661330007177,342.3479735944344,84.18603119883556,100.8836866033512,233.91822666050382,112.85541982799904,60.030807592098654,190.03742904517537,132.99137541676868,100.36463409488404,245.16728126395662,86.5858197314792,150.0078403445854,197.92316415164808,79.87711409070248,116.53078496138608,190.95852215711565,79.92655299204253,118.5865521759185,217.9385406194161,91.53085275656804,117.09235976500614,214.95188244783282,72.68701424781747,63.36898953445568,290.99559095901526,141.04513567991899,105.44121708648693,304.8919561956276,158.74638327841606,112.14308196291817,158.01411157071448,67.92050042912886,122.45577277794617,174.57288487906632,52.66841889657376,133.88915258105015,206.4479368625331,96.49158815386576,100.85804007056574,148.6982928892546,118.95333914079724,98.13518898370423,229.82623614849078,148.80889524762372,152.1011801820904,166.05407934032354,78.10164681020794,117.61988426322478,267.2292552634103,150.9556949817283,110.77405785326134,155.81923581252488,86.96428202245939,87.49350291860567,162.60715877773035,81.56395409739388,62.24058750068342,164.1982769276633,69.5022735393893,116.02629549907678,231.60652094798428,134.56629425320327,113.76089038045066,257.61502637586597,127.10888033398868,55.91751799648794,244.72404188207514,215.4670574425793,121.81374946155266,209.35904101051383,94.07785624702511,53.083049518471384,270.52080564365343,166.27539103247233,83.33661815188364,269.48295924633385,131.33500141809145,125.66449688726003,200.93900079109227,99.93308355581254,78.8083549982578,146.3278371565966,76.13008672560049,93.02284404918953,251.9070740063907,154.2864450815959,50.680887347467504,220.2351437604013,203.41424068621046,80.8640814596584,342.48601829326844,205.14658730960304,101.68226254748895,49.29015287822389
27,6,0.0,0.0,138.8944662892446,330.0457838326888,177.80720548735843,122.36913028629786,232.8998707453503,142.72179570250603,88.8311023519552,232.94668766752568,144.6090426808093,103.61049373877552,257.79113949459924,100.07729760438747,154.6577764051264,157.8141807832423,102.84801102014586,124.61578147001693,184.1811440553014,70.62341040328666,100.43045275109384,175.5350020707425,58.01203054993492,121.31414456907211,200.7907090016183,54.368073226635815,69.55970937843972,254.7880527987008,148.84885777773604,94.60170255389936,249.37537022359018,128.29684889709677,107.61713790871518,110.40246177042005,57.643808672828534,142.126498859585,225.4301972810762,64.03116582075877,124.94557084112427,213.3836879934277,88.01525728974315,115.72252856617077,197.2761382027389,101.7986688947993,124.08223498921576,289.6984132608439,139.69145182396855,180.51778218155974,228.11649645511423,64.51500571766758,122.97655471155142,268.11548071519593,133.66171466389858,103.69783607020331,168.94668273894249,60.66417806430894,100.88164158186488,194.69710478824166,106.63353379735393,123.77990223452528,145.26730367027963,65.61985628162142,89.95916824581285,224.69713194915488,131.58820746941907,100.30624330073807,238.82755712622767,99.99159601911524,55.08061520750947,136.63016485690673,164.5264561877233,148.08221563952011,237.00386545734938,93.38873813197505,40.74676828087705,180.84030838919193,144.2691560518791,107.27450409468356,276.6823149498047,117.4778241086008,109.67578121612966,204.30738979071967,112.07167340461346,59.45609718686951,122.65805011312288,69.17028381448212,114.0419211255032,211.70791757971637,128.7613057734721,73.68462457157301,252.65457564982756,177.1983966925354,45.98197379028605,208.63078172572918,186.18476820922032,134.55746036153124,77.71212264868751
27,7,0.0,0.0,80.31966158392666,305.2613223627977,171.6182013504126,137.29891832520178,258.5730259259781,92.86330388152908,93.6921530487663,211.8359515122455,104.1886435659282,101.40217988891538,190.08112754057933,76.66203082360137,125.2946257173655,181.4767490869805,68.8276077369368,112.75232778553601,189.56948607079943,87.30020961949825,115.65765206318936,152.59093485890656,91.68502184857303,122.62455574417028,220.16302878569255,88.58156818822926,80.65213956514134,285.43801351254876,138.11141827541638,102.34749665866174,215.50094707346722,158.03121275101006,99.78843961509459,129.22138829639925,47.23291080960601,151.5123364374653,185.53333112836668,55.38134015370618,108.61918708953786,301.78208374471444,115.8460729032069,93.63116161915208,216.0029867330065,90.2358647191675,77.29330486674283,241.31491175699225,148.7710663065548,114.88360174348328,196.58824026384423,56.343294749921284,111.46381914608337,226.50054349342264,126.41323589945844,103.98678264630881,181.94674867855642,73.08218079405593,128.43719087877972,231.22176442407374,95.13297823368738,97.08491348261904,151.5525207137899,60.6569819695921,107.25609004590264,262.6035218770063,131.70702851131762,97.92154036436197,108.92300125661704,118.7401949734128,56.11547078249247,225.4708284170224,178.0359075920955,138.98907430259035,211.19319315817222,86.94450922327385,53.88233495627938,272.40659907370946,164.9949771164431,94.10090844142997,226.7454124173158,82.40827415345208,102.17006782979739,259.93933907847725,125.76317380955327,97.25097925549527,137.67927563384154,56.68020472861446,92.92002926471817,210.3723891517889,105.84010970007786,62.80207079019681,206.06077192769243,167.98076472262534,37.83144490365514,282.2819694505818,191.03118012468568,99.30564562641287,81.6714684174313
27,8,0.0,0.0,157.87447045125967,233.06890519685587,147.74363626446464,174.44362191376888,181.14099805436888,127.46684919311949,82.4513260663305,235.24130714831722,167.62245661322206,118.193020564196,240.97242570647137,83.96015498726427,130.49591481754823,243.34421344396685,59.506592644799014,92.18467765292507,197.4378064540241,90.14138163566217,141.33264293020108,230.31594657767747,84.53294338420848,132.72157786328268,217.70018428025176,74.81538066454611,63.9325552998259,156.48349917197447,156.9277675091742,60.42553559810821,252.76492878030075,167.93366398920682,85.39184885773903,131.69493489571306,48.26611113434905,148.7413961332714,151.16705121489522,30.107697985401042,91.4850532821309,270.69955977509835,81.88830229961206,133.78126586355665,209.66938405064369,116.58010590189369,102.33455707823099,257.0110901053863,171.41205801962332,158.06457589695918,148.7009553159035,63.84277481989201,133.76240488593166,215.12877742284604,129.9746937571161,109.31838605879166,154.65455191347303,61.72387889808621,117.60187434689344,211.24791684946555,107.14526147179679,81.32552742168494,171.72416054420762,48.34631022376306,120.14717128612303,225.40009014233235,156.67713838692015,68.85759125996046,254.5771034006337,116.68405184121255,68.03466785016316,237.08250490697006,190.92804436381422,146.20608172375458,193.99062871647553,102.47602398988644,72.15870647942467,219.25242810931877,185.94367849679915,86.5817818580091,235.34798211819404,113.26798597135044,120.44902530877886,274.5772220250191,112.73168640087204,83.0643884536531,118.0417174412468,71.18437812824942,65.71690760796056,246.04899532979562,138.80032149542717,75.95179193659853,168.22497081781512,142.42549526210524,66.82275432756657,207.01986889401235,174.85532061917485,94.26401926555994,110.23445964971106
27,9,0.0,0.0,125.68986336111621,253.22035000794938,191.73834947116381,110.77933446343184,211.1782354119698,122.20765884729641,90.66599143429528,250.9301253505559,127.53436142023827,126.97309604768468,184.2141864711826,78.47038032335541,128.2550266100343,230.80046902586565,66.41936047937907,120.597606339491,204.72134976164776,86.61450494513403,100.59299098656197,225.3109863722071,80.52694024729954,106.9071462215793,191.29148551848644,59.52037428989621,68.56272148119048,263.8303513551098,194.09159763210795,93.46020632977431,250.59413114371836,174.78394423391595,84.71809221384856,133.73135430738606,55.15870132210348,104.86141799703786,133.14112273899391,62.932228988296146,113.18236438033074,228.5283949887729,132.79584867236355,84.08634353545199,220.25794946647684,90.17928985221963,96.19599590678648,272.695493554455,129.35696429128257,152.3125058363319,189.42996609636253,41.949846070010835,132.78940155755652,282.25325295407436,153.05389292032118,95.72078732574,137.67589499629514,94.13413891992268,100.51905565360299,223.22792884472935,128.157558797462,104.84311799615786,170.4546277298224,48.62549389256495,92.60196618546571,188.89921280348668,141.90017771551928,85.07282251297644,264.8663144746252,149.1686433571363,53.82928310890547,243.16378312989005,209.235367229335,152.50731874863152,247.10834202263098,86.8938145881462,72.2061998574879,241.62665188487605,179.87084257066488,108.17944576797574,184.10659372344833,116.15927721309708,124.51538553252337,252.87491755402212,78.12143986491557,62.518271636782764,136.40708385759078,44.371131408759865,82.53327693038041,238.6090614890038,138.6194432113791,69.06044228557208,231.32738702880303,155.6810306585757,50.11754800153938,245.7158014727461,186.7988694644288,87.55508416468754,93.59325341253216
27,10,0.0,0.0,141.94544189430798,282.87122075478374,133.65442265227682,129.81421108346294,240.77404466427407,131.49255414399676,66.54643497014294,198.68704452174242,143.11110180528954,118.51468165484059,239.10176847028904,61.2423712194426,136.21439642007576,157.3866794441364,57.21722851637956,100.68635606861102,177.77653599780277,78.6726511718672,130.8648021918417,265.6815982908624,105.66522742212388,87.75262709247679,180.75210897193497,80.40770158385287,67.11859234761366,177.54439668729398,188.0312996780242,81.80756694451463,208.99870807223198,160.30550014602983,97.87529311566574,185.6320461525851,61.76417343132756,143.522307155842,181.97884421930723,61.36049237359736,84.09467973567207,246.12470350467237,101.53379740557922,114.27144810815392,192.31104268130778,103.88974575934604,81.48127666030858,292.07023757715814,133.96275930389905,115.5085006226931,217.19960242053773,72.38179660200885,132.82743717739294,240.62026243448338,132.70830818466723,83.28773005050434,180.82867902167177,76.70695632078409,99.47863515617934,177.83629399512458,129.93544207530954,113.04209014901103,148.7741269286061,45.06873494695174,132.62098754159217,267.0426503980748,169.05325728027128,78.60533702767917,205.44935989251886,98.4920126796734,40.668482721847504,188.30337652754395,118.8958375172864,138.10278267742416,200.5704609991812,94.56939112816454,73.76504975441465,204.78738423997268,164.23411584952478,117.52823472881448,197.45427256048472,104.02857563867258,104.14005901882955,171.92327828971648,122.60925847605564,82.22830493936972,141.0153514144955,76.93281828006116,114.52484117806193,197.39898652644553,138.32346619453986,81.88136909326602,214.19751174728825,187.85300892674903,65.94975888425509,335.7087312157687,218.85450974491954,134.54695308152924,83.14883911559143
28,1,0.0,0.0,75.18848611100644,152.33576790222043,74.73588189458411,56.704521146048535,134.83757605251816,41.99128145723559,66.48249903154598,156.64200844355483,129.0798607288697,80.6022539946392,170.36047864614434,68.81433255039333,84.71356964726151,135.93946389777983,39.79051365970081,144.18764132154132,181.10261713922898,55.93671416933511,63.587474495696185,249.01065312189715,123.87719539112469,89.06133739490058,125.71134844788952,68.44764729626387,103.36166503545917,144.8635447470803,54.67640268409173,97.18885570039735,147.77101342582156,51.74335137237558,102.86506285719724,190.49385715088374,85.20759028566022,122.90244460725461,182.83340929674947,54.42842841922873,58.15927515878168,123.88655394067172,64.18667130508317,62.5831075536739,195.15457437026407,86.42632175004246,87.31067557130459,175.90618768086117,76.96033532646108,78.5054767264076,140.41028419935532,87.46008850558282,69.36752859368585,165.03896461992815,42.98922118790109,100.60341049496516,235.6558449346449,65.6545044761277,94.27120875609053,116.15567840380393,18.921324685942746,87.71123019034195,216.82117437037545,54.62850018081675,124.96957492266839,103.64724421348883,-10.916529674211098,87.40234049142418,150.825259367679,75.47303689478866,112.42350664633634,219.05201342263553,47.57224099765277,92.3361001965425,164.64685911497926,103.2507255922005,92.01848826546164,133.11561784658417,102.96771217885652,85.83261307465509,94.93868485074998,55.92318983697466,93.2290222357556,203.77691785505624,103.11889499590104,70.34811408566817,222.6060818889109,87.29495501789285,50.70219807216554,139.08516101652185,94.48373801239863,88.34365476075193,158.26973037542888,121.50304537825478,48.53959897237803,106.40950179255313,66.6055219595246,45.12736125324436,103.03038372632331
28,2,0.0,0.0,81.18571466594648,129.31191344282078,61.626734713817434,98.80654364743863,150.67849116948508,78.87073320990497,53.698197503395534,166.80676960738128,137.46157494333377,92.1212456208496,207.53301611074795,92.95877838079217,89.14035425570712,50.830500823767125,44.42855691717179,155.4871503114391,166.02840879973152,21.373495497722512,84.74845077137353,188.27614354504274,147.61955703609482,86.7674340460905,168.184986930351,69.4995567366537,81.70073991196661,129.40959339343473,81.80230342651554,123.96808384046983,181.54555877640306,39.912206550403276,101.06492030942098,152.55673436212314,87.78134556255236,74.62316857659079,143.14222747676303,88.58247544491098,51.94885579189138,132.98856105439285,50.76781877131115,78.24630366968941,118.8983959705908,114.38854822599518,91.53703546201018,190.24639675189178,96.35760123205044,71.61735992281952,140.4459673399114,75.8135625078139,124.33636380408777,156.90521904527435,84.66895387785627,118.962976329609,183.39021354388748,99.52744662677125,92.26182753419123,94.68067504146183,32.59022155191084,97.82638451854679,138.4835385352054,94.32265853176658,118.37730669971398,131.76090902297366,-7.6845796543199105,116.50129862390311,139.56578125483938,64.56887090385025,137.8808691549146,181.24011236787152,99.3676405991831,76.60169953676481,149.3749615402009,83.20396266295172,70.6121185977843,147.72005494593955,66.39715491845406,74.09711708507722,84.35448567501498,49.02881733217562,98.85743439316732,163.74662506880748,58.63945876298416,58.4343034714001,162.83691178244231,135.94524773095685,51.685968176215525,75.3685526276857,71.75241397151743,86.29362538669776,217.7406363086009,153.0475579990537,86.11110645839935,198.94754576478456,82.24060092886432,39.84922142876076,99.01985279889568
28,3,0.0,0.0,107.84266409904481,191.0572068428045,91.86368607419247,77.12139386551424,81.50382053577219,64.36032094871206,47.137667216797595,200.00058741460938,126.74521333134645,66.55397806845926,178.62984580375843,77.29083091486083,107.95052741293907,158.78806573981507,32.90281862025294,82.02930944310799,239.22574839958915,61.40703979259334,73.94456897221235,249.7856921447294,148.04450676630887,83.0154737972749,175.32700147181475,54.56807145469991,71.69253719136569,135.43511602108669,72.33006442096519,129.26313213524742,201.98358236615573,55.703290104074995,92.20291347404466,175.18317712925105,50.87589423243551,81.50274289532781,172.63140872206256,74.32790437272939,42.023793133086514,117.8282340092483,53.741015238715484,74.41098848700045,142.4170925098565,36.84285227414018,82.77407883816511,174.92346356508813,44.368082740429564,57.11056145147394,176.2185646544681,66.02654794842162,86.25324442683561,189.30715606637543,63.09244595552276,87.1054338094683,183.1637781447088,93.13427632849209,103.06824610736048,108.6125983020312,28.481337001990873,118.7442389147026,132.0326188479873,99.36011655012044,118.5855479256513,130.09408955758082,-12.762611185067826,82.66699154291021,129.60724621797422,35.6333068226323,91.7560426701895,274.0956702046894,78.399208441247,86.8293601834242,166.07927901787048,100.99906443444429,81.69777703834319,163.63390132744448,92.25062876269739,109.1969056804668,134.81873652503438,48.23656084634017,94.08623659569201,197.4540717816136,80.45078957812454,65.58722543739006,138.4730463130469,77.79569328217345,46.50066404126098,117.01136784343049,74.13491750604673,99.64750173663373,185.45447525053746,149.1687665678097,73.70839016686982,145.6445646255545,95.14146641574942,31.676278137461154,73.85652713082636
28,4,0.0,0.0,90.44704214293516,147.7156592293328,56.55863850128292,57.11700219426751,128.6975944602555,64.05545336279044,53.386994325422165,173.2062450415717,145.82810674429507,103.91623404096826,131.51924253596445,64.6387994833953,79.2527022611928,149.59225343223844,43.98124119749298,132.17168091057644,178.39803113033975,62.2005738131215,91.33974296444234,154.82782514280842,126.1244626497787,91.75451511656576,121.35095714704664,65.06424395339728,55.92684412425292,133.31316543422895,67.9560059773363,100.50103656605508,176.56496576568415,43.78741768312347,87.48176006210936,209.40976813723913,61.69374341917437,73.99552521019612,183.06653336336547,56.66866118356431,50.85904475873297,189.980278454385,55.023614439320085,89.39741249313437,195.52669180623946,100.58402538459683,74.09040583523364,154.92028290302508,82.23914006040204,92.40804273323829,184.75594855648802,84.01074933370785,79.68269648153489,208.88989209855572,38.81415453738825,94.39881917950025,148.15805391167703,85.16876446238294,81.59944305064408,126.2202712613914,17.960530907643008,105.12885421621955,158.11687313305677,94.06240492200078,171.82374183006465,100.68452977828252,-13.673221587962598,83.72024875536381,191.61722019982852,40.7097264852704,92.27298775098379,204.7176634680482,73.10781657050931,75.85461497183387,172.23551324592597,116.94269641801353,57.867104635303185,144.0169864990397,76.3353774185783,70.58264678764104,150.74635614924816,63.62558424741195,113.42488692290316,162.85352276691748,90.03105039731167,66.50396728620689,122.12646294523611,79.18452600456708,34.148357000130844,132.97856481090946,94.31107484937799,72.35800038776863,120.26728725762906,126.76588604867318,91.57919729877983,130.89839845661353,49.10149126413383,39.69446584596172,134.36590301399542
28,5,0.0,0.0,103.0901893378063,164.40092217490326,65.11164150077113,75.67516621918566,152.20854388565394,64.40354218435444,53.226279604370816,135.92611066032003,104.8553869572846,66.76929029747185,184.51144700016067,101.99186429560606,95.49134376052578,115.78587089185247,40.366730469133174,117.3887839698052,178.82955247160092,61.09491564293785,94.31815561066146,229.64975961065204,114.96682657290285,84.11180809359934,95.0509430832071,55.22751331126261,85.32862365272364,189.42672166423964,65.64678240690859,115.11461412813179,161.9715401692868,47.66624500300401,63.99143543545992,165.485586531904,64.60055856210627,102.28651799554079,165.94104632149526,62.14107271056387,52.62109906269544,156.89179949100856,65.42426326338568,79.49423536066725,191.48098655977944,102.64039311156431,107.86161308704975,130.02451283271253,75.38707694750936,75.02491303641098,153.81911485027456,86.78798068966526,85.8151510776056,147.4026999825211,71.35528054863862,136.59111147472922,226.46829228402257,91.0671640966502,107.2200912632983,82.9922741016563,22.54777481080734,108.67209573367036,168.47123527811544,90.32814203149691,133.18191534206215,81.21509956162657,-15.029166299694626,102.87557414431393,165.26746763843582,48.34231066738748,104.0131341399167,200.6368843626115,91.4879340710837,71.49100460057693,199.16896924875263,84.38109801814407,82.27746411149889,153.3942041195267,87.8148201038179,95.04854853774866,162.89085103031508,40.900083329083955,71.00682794600098,219.81702384632354,79.8130027424245,69.33945540764961,178.72351405685794,118.79482536014933,42.596706490673036,80.23805622250362,80.39173578121424,82.3392646900834,207.1825002792275,112.75353530548237,54.18521319448361,147.6415216478998,63.14758188610388,51.85637459528921,122.59858989164562
28,6,0.0,0.0,77.63410770920945,166.28183552057033,67.18774607331775,103.71593144774874,154.9354762466735,53.20578466924863,75.07104450584578,95.63502814228123,143.18184290390266,94.4906238626751,190.38709467667093,71.0260114734738,98.68614715101934,101.32925632594758,39.10047338931126,113.44389936477636,250.92186335029345,81.70485293500377,88.70660606268916,219.60325485247435,149.79162123762373,45.92397254214215,140.04929981257396,58.757530871754575,97.43267770796623,185.9273381937554,70.15334632000786,110.5621583946098,172.41099334130615,57.471840060499694,80.40987536414768,154.36121700514792,86.80823443532863,113.46461198710173,93.07348488943235,65.39632669757243,78.13625065686733,102.05661398817223,68.66852802757893,80.59935710942045,217.59795867400868,128.2475415489718,107.51777673649777,134.73875667962585,51.84987193070452,90.631076885182,152.88182776057224,66.19364182802795,109.93968035510144,191.2947120370161,49.199615711796554,100.16510806462873,202.4105341522579,91.39256527860303,76.75617117732814,127.49952718712368,15.939810422135047,122.4884237130619,194.36632660640652,82.51416934176237,153.1921530936568,104.21865327699379,-21.890194415625402,123.46921229795839,142.2944564382357,63.64859173877342,87.20878273634912,130.28679138946507,88.32917526332362,90.561789647169,125.48347819859787,82.58964637931746,64.2538702083372,154.39740048974033,93.33493596754069,90.72493049728486,110.19966815756499,62.32236702151812,77.72148109876434,211.82231498336864,84.049418746396,78.86203867468296,186.78219132912727,91.46869603999966,38.57647172539071,80.6010068731861,72.62140698732959,67.24556401004843,262.3452411588162,104.00839721031902,83.66439255105487,148.82902902153938,81.06375435019392,48.25563575936132,119.29669666061386
28,7,0.0,0.0,64.69498101511175,195.76345447716136,87.05301501458814,78.4263418160831,156.3932344884153,60.94306845865791,60.72599673196791,147.79466722759304,92.35231345834033,82.19233836544247,209.39763509156575,85.13298033441478,77.1980460895009,159.45353243581755,34.83241458279537,126.33675840075806,175.40550794583513,71.16907259719972,47.311545466977584,196.30697146384068,138.6434344444625,96.78353129506478,123.16332824113329,59.59670094750813,92.70909229528314,172.207378893365,84.11017593269904,99.10394255223399,188.0242937496185,54.16354460909599,101.08231284579375,153.11323405436758,78.7990349241711,92.05124619603833,169.392478864364,79.52234919800165,66.56434491836681,134.44655365002927,62.095653220255585,52.79079324020559,166.4683314514944,101.98884776418573,91.51016807057287,132.9741541301376,56.40137215488849,82.5651219542919,146.8580924151451,87.31146463821341,82.89017413818458,128.82916532415712,69.74883743366898,87.58986500627242,141.28317675955228,83.9435952931381,68.07431805397584,142.4263741249872,12.41975574838331,98.32918350385698,166.84214596347485,70.71367089280311,147.86557068108334,155.95734209275017,-17.120532060534337,119.02734577675594,128.35703334800886,66.6197373314665,73.14125351402615,201.28079932558975,79.27432338561405,85.74046290571023,187.5305574829453,93.84148394567549,90.78562454408019,144.41714867372156,66.56893627647604,100.00515459544832,165.02546056907877,49.50212000757259,115.00236165874523,212.42645443601518,90.45022863204716,86.31994310230134,175.68743311789405,109.89244110611004,30.139313232849695,118.72086480691856,80.31580936397806,82.18423022459353,225.0121911833452,116.16563946004096,78.89438846780634,186.64993459666823,64.26334270386036,49.65172014122811,65.86181902803014
28,8,0.0,0.0,76.34675292484212,191.95199258891353,67.00063438686772,84.40897259490788,116.52034650739614,80.21314715113377,66.78864367271939,168.07095478105435,147.07704953235682,106.19393776394597,212.51731563733352,91.27145374198545,67.59366107744326,112.42955258098033,42.56581277230605,149.02448823104612,140.61164691068046,27.573552672746974,68.58433916945276,211.7687294708942,138.76524498276814,87.35035844266895,63.24648412782284,54.78767186531472,101.10007354531821,161.91805268890587,59.11809000581292,139.46458481404312,198.9042012630739,40.824388393847094,102.04642049791514,162.75995788047638,58.669432549652214,86.31354225525034,179.43154587867355,42.4102180084726,56.56625731341958,159.1019790579995,89.53686064545244,83.61384920778775,128.93455235756423,79.39241030510188,113.7858599293937,143.7818224541657,60.11536760862124,105.78020490667934,165.5427470403084,108.70310947867546,114.77121297471281,120.71914542675832,50.70358065557087,89.51159726878977,157.89091026708564,111.58024759422065,91.31995424211004,106.4692477591266,19.584432617645536,128.44543194195256,170.78868774336865,66.867607826948,171.68004104395044,166.14643037635983,-20.16888506019699,104.91081892385645,184.8142532555637,47.808481140592804,103.07136773006128,156.28884465742914,92.98237288797533,99.70019866294037,156.31064881894065,55.9060285075982,59.345561415256164,139.59645548179617,91.6236328971719,80.51128887320944,144.88884127231023,52.96533147477362,80.20776773387092,168.99828907213544,125.47582336585303,61.948865730851836,139.30520685927186,93.5700505468881,40.63339699531556,120.04128002315176,59.38511850409295,72.98447329167476,168.74908848116897,144.64758683547535,96.76668620022389,191.79817890084826,66.0552058483197,37.25323008707298,95.56033310665983
28,9,0.0,0.0,97.68587010753345,236.9877069633733,90.72436081169543,92.13824196334635,131.8122144699341,78.79346114018807,59.68131707066909,176.30478157758722,116.74791927223286,121.76196233606925,149.66425582937867,68.47394880106643,66.87772335932813,133.40121769052672,38.14093530030015,131.56238388012383,172.67367501570558,27.672554662952024,77.22075413598225,258.1115017548511,106.64218523999268,92.28111830130642,128.43073952155677,38.06821922726627,89.55789315316957,168.29952266782462,73.69618959903403,124.27489790926408,152.5319763077544,48.220797365287034,104.34299085443286,167.85713786695163,78.16345524354512,102.6291260288008,154.62245841825356,43.83993826972605,64.21307325644314,120.23140668112134,78.10777150814994,72.55864343745202,163.12933251234475,93.55159968116341,71.70369875230053,123.4409992077677,83.85225350105114,95.38248159118793,124.3731098905582,113.67528343880655,109.07702549822861,123.93399590896985,66.97555528818552,91.17266209836677,243.0689361617926,97.68042638057184,70.47869693249712,134.34948363356233,17.23662080361657,110.55721347557463,199.44504020493255,94.02469964827935,149.22932128354807,122.70458415678404,-5.425041734784673,121.39369234966357,182.15758198167862,31.634050949936675,105.11285799094996,174.29510777741717,84.22805249552648,86.81509942909635,203.0605381819954,117.80735484432506,59.39051617845033,167.29015657950086,93.33748842219293,77.2591037426923,138.43787127108564,26.716867630777223,90.95952282034756,210.8669307205719,63.401359417723874,57.385158589159296,167.7881383055293,127.88366837413871,39.823323880337384,111.2347409212381,88.41074077993497,82.30728941488437,232.46605914109347,129.05797629630823,65.03451355963163,195.23879806348066,79.84278964094923,59.1017936182362,70.01427735298009
28,10,0.0,0.0,62.07010197383637,200.53201421482538,86.969703568469,84.07939142555512,144.12579640424445,57.590069502244184,59.212411030352094,179.46988401272205,98.24130574032812,73.2955072631385,118.38933054094386,84.71604399390412,81.82661650379436,138.89846201514018,37.557673870475604,94.96238398159778,180.63893202823192,44.00145585738291,110.17697641519958,212.27177576620971,117.49545159157063,64.3484936676316,166.61093294796066,58.89833504378202,89.4129499862665,143.55611429653584,83.61952066608059,107.49543806982479,178.51075991695308,33.071866023994616,83.7552626945634,139.8482554506015,87.52484264866291,104.77613621717512,212.35329974317986,44.24012318300912,59.829563714114855,134.41497916863915,75.31207568848843,49.10507319499801,121.93922139063844,84.77133403656097,79.79096114530616,151.3155922662412,92.18703811007833,90.4631787719063,147.8747089741961,50.81172822040124,95.52656197852662,120.0462809764295,70.98235324391382,105.39598864273567,227.2104146528169,81.18754340262944,107.28760612844533,88.80292854774441,23.208883811945157,139.89175575524325,203.45274567847187,74.07819844249211,123.47687498183717,163.6079848326226,-6.950339706686184,108.97176524025858,127.63348880656608,78.497507777977,103.96146757730078,171.96583181873643,87.85344374917334,81.83102988022584,161.38820048703514,82.81788466995694,85.86343957395202,184.7227319655129,90.82184866189127,91.2150855895334,155.63544398102937,47.286711912536,119.06012472860687,166.51636866432395,80.26546743809254,76.34155984158494,170.94256397557396,113.53120290584478,28.93939504956542,150.19285149690552,80.53948315568215,82.41170979641933,205.18990822869492,125.36620177861717,74.4858748539622,152.1388953720442,80.64895263635121,48.89307143797012,74.11146612296008
29,1,0.0,0.0,82.18586908322054,305.56320943246925,309.05933867944026,101.23922903732169,350.72901190376217,179.5845980960501,97.44630306313499,259.14762455293203,197.37620667183273,98.69282704446645,370.39831318304545,301.07331309731677,85.8502808556712,387.55787814791074,240.05185351815345,84.047203508988,285.1618925972175,267.12805432827975,90.53409164824802,351.1559213752772,213.4671857766835,46.93768279369306,380.98383999174155,246.69760447880023,74.30514475290661,331.7125111014363,279.5955666966633,78.43420997480999,304.53165193480584,262.32459055652055,133.10885056121455,292.56370796993554,158.0738803794142,74.20289876292776,307.7962265778985,291.1185000760619,40.99557253796701,239.20965507812218,283.547159389817,81.74305192660998,250.9758089005981,146.9926315850067,98.32784836626378,325.2531942269301,255.49052909439672,93.79913900778789,318.16269239238756,106.41555238991072,63.96474749239014,346.8021173919086,210.74662422814063,105.93149325783648,304.63123494439657,261.21285109287305,86.28241592539786,387.5278278989033,268.5522989371189,88.51090594001344,340.0168782531292,201.62254013220397,84.90385228966117,426.64348968313556,275.3694652430104,116.68250349573715,355.2824694868718,197.3353642837617,105.75999154082491,325.19905995465115,144.88913391362934,106.64297808658341,367.79440531311894,318.44186247124446,76.65993730540555,325.10268051626264,353.73538573469546,108.53157522948003,393.94516863457994,347.4841633730522,45.87608046519211,328.28622330314255,319.21771216354773,50.232232867503356,442.82225212219413,341.95975396689346,184.67929866877182,429.6562823359101,202.99767297374845,102.24848057628671,359.46087350915775,235.2447793877104,92.67378013300379,284.5025060798919,192.3152671611255,64.76392303810017,101.73526295377884
29,2,0.0,0.0,82.26329663964563,282.36660126740423,275.92937889924394,108.10698849608,299.20961340692304,145.24177285210715,50.21694075450981,292.5617602228932,212.6723448362724,85.96241970554216,240.24931019416275,325.2218475714655,131.81412424083769,304.1873973768602,123.21362020885863,67.86859327134698,353.99246402988285,183.11616051857203,67.48046742821052,372.58733612823676,233.8079201504852,44.71457982250201,362.4676914398569,321.7689534305424,71.24049044925556,325.4856257018541,227.94228853373863,111.70474438057019,294.73070400581815,234.33008687457843,96.0560474186323,304.488743903029,122.11747942272848,56.1707232107173,443.4087524718788,260.08908230972895,45.06136543444686,289.0717209742568,273.12805028031295,90.49174659770652,306.11191635311616,151.67797482511526,71.33371467895765,330.16270408668385,288.8095589108069,92.89104932005753,279.4684620683042,138.51090858400946,55.81334942513264,330.04113074591373,205.94623935463844,93.10250756728279,342.1354600664559,282.43219222858784,58.20062963657928,373.9641803296,311.17511405695706,80.67426335135728,333.4692294529052,224.86832129186521,96.98381631385531,451.464916083579,313.75792696889295,162.1102619919274,316.61669524128786,240.1359973880114,154.45157066028634,307.3347719560769,197.7300170121771,89.59418788733116,346.22091710185816,319.4706847976941,53.21284563221148,373.5367631021024,245.52897453553751,114.96142957847222,363.4703109634065,264.504528014617,31.07598675307335,332.0567729008879,387.2458734967714,52.29621058434591,389.28414915685346,343.88293806210885,137.01716833945676,426.9980471722855,231.47124080500342,87.28604300255637,491.00706290131274,263.93881259246353,93.68543611267617,267.5308276131407,149.75153898803558,59.62729573370017,131.51476133915725
29,3,0.0,0.0,89.76712606559676,298.54635209347856,209.67096856977804,94.56028582173671,285.44168263954043,203.13786976688425,61.492856237934376,258.2602700042458,167.19392919115802,76.66978600722894,464.0263160279565,265.4458241431729,145.13101578326072,276.53377180390424,179.05365758195163,77.54716677952746,245.0443568592954,176.21397309728317,82.7251729014671,325.6922869875062,305.6521035215383,51.06586384956028,403.4317683289429,288.1245050247421,85.4428199013075,303.03127885331304,293.36460668726943,99.15833410467073,350.13860617926457,296.28419085170447,143.8147442350417,340.18765844931215,157.72203035836628,78.51650420776616,303.21068607947785,308.09978150477275,41.89390468749034,343.92064005357037,302.27587883589854,90.3627140854019,201.91880253222766,137.85642773146122,85.02210878251897,434.7767545079057,247.60846836580916,101.1899074164599,276.43810763402666,192.16285307387028,55.03227221793155,299.9642955538949,285.4951406337284,75.36688074138998,376.0467144922374,169.1532523327091,87.51420423865804,310.76912703090824,322.3406264950507,81.10513636131549,342.99429261360433,254.09757526607189,104.06890977987226,289.36095441588225,315.4263253903633,129.9861644959892,360.23211326348854,249.0759475248386,154.2165034387462,338.4174244548385,195.68602604387277,76.81494695895576,432.9493492896538,310.5516630826471,71.20020121791651,332.90340822704417,341.60677377627934,116.164930660338,510.5013195788293,214.58283095373022,41.01710663953882,356.9081345466944,352.7875018818481,53.11879205329668,430.5621395624086,267.5012314016224,166.87203716893788,353.0726595766834,264.08376624426245,83.88939547973436,280.39780188605596,254.4151663033504,99.41776433967142,310.8560804525808,232.14027345963908,66.42716538474305,106.05011044534125
29,4,0.0,0.0,87.89266503961005,351.05172917814855,216.78485443204264,111.18289681291414,315.59798850430735,247.89551890895612,93.30900281846621,305.83621275695356,187.70317062962062,76.16937479909708,423.3298403414139,306.315855549492,102.25609610585745,385.09516242185015,151.55803279544486,79.66890966828664,262.49853503048615,250.28568671520142,107.33792568095399,281.509079180468,253.6249923257,57.71089238219976,335.9165290746359,276.4659767379023,65.59723963428664,282.4823526791957,238.8195485214863,110.03776766402693,327.3704285138696,235.54969709750392,103.72412586706471,256.4180678193442,143.8492937454373,75.60574644557393,275.7304403851247,262.71378150808624,31.323744576357214,328.5793000605975,218.778023923722,96.1851326015554,246.28568945875213,157.41872711260473,107.64246520932033,430.21424204158745,247.91114109944644,81.94413198588983,242.63599595929395,141.4144916675868,46.761067320460974,274.5843174151443,278.6507377854663,110.89586074574149,305.349955787678,242.44335593354765,75.95583988432132,303.3666583514164,249.73834912631327,78.23410615279647,289.5709906042392,219.43931367180272,95.97412412780594,336.0310354210562,273.1489766674779,138.24898289013288,329.12697643059295,203.2615873271625,152.97672797696575,376.09170267979516,139.2334091959832,93.86395517158746,425.3765675531595,313.91212360362255,72.3698116569163,278.1891152654219,322.0586875100271,95.7756675412543,348.0105729888186,303.37474095214657,35.43804222007886,403.86457701813663,275.56315272155297,56.61928756200468,308.1651811561676,365.8018544927075,165.87626951272392,435.57145744358377,194.78651571006003,113.83382750422702,279.23711771564433,226.11499255220912,60.408810881636825,258.85482372007294,180.04667608186364,56.08497437688968,75.80487592533552
29,5,0.0,0.0,97.31207597365456,306.84166905507925,249.6288906626524,103.62692035146402,326.65768206687466,197.97940997050821,73.1216941379047,270.1488929846223,181.8978310359867,82.71954840403659,403.3161945326744,212.82501649861848,142.47809953357097,334.6712575423927,229.5433609938634,76.92673750076388,327.0231499429496,204.48026867354093,90.02818527459678,375.88554368986007,266.5925722532413,50.80510593624253,275.4107219794079,351.9096592873175,83.76262692021818,316.61395916487436,282.22965981061634,103.31584916437748,362.5823285629957,230.08125818101368,141.1015197591813,297.79281252882186,124.92156999927751,74.01239845727116,366.30721766895516,302.8113002588136,33.20708694014587,298.50636011505503,274.964409440855,91.67783709630226,182.19258026021868,149.50129486718254,64.40269260831377,368.3362808963312,325.04264413542126,88.41438393638295,256.05738344274323,177.86236413679876,61.03142970899118,307.7834487616653,242.59799010033313,80.14618031956638,275.178887555995,225.28295465039898,62.18059059933959,337.3972093687245,280.35165848332736,85.73635611198229,346.9815620559774,225.78966336718437,115.1823322920063,487.9791724217514,299.064491620092,128.2624611977778,328.424827746696,195.1659450722035,121.86487613902851,310.235968159658,220.8631884888058,93.38557732283131,375.9492301529665,313.00480625791664,80.00213559176032,371.44786146534904,249.29176363978274,119.58068585976146,411.07197332082336,349.92770361151565,42.673619493087315,382.1927337013419,262.39719417846385,41.948717471833554,379.0260931402666,330.89852477773314,153.0530780949443,363.0883667775376,222.66737458420639,107.66876854461397,410.721756836058,211.48785214063804,85.46164769533051,242.74287297173584,221.19400017797986,83.00884881894174,117.21053081370843
29,6,0.0,0.0,93.71995199703736,275.2240440251293,258.9343544842369,86.71910731860841,363.9771378478621,203.71099910538226,74.00848387832886,298.7584469144422,185.41288063574956,77.76307395191382,373.8188141725282,355.04501782556065,121.39405500476389,303.93591846329525,216.8846339995299,71.86907423514022,321.95827331798426,221.8622252283203,67.77996087159755,449.57114345876704,287.7257810282918,51.265896774224665,333.985308770019,257.10231459408817,66.09671997083484,332.07297469642043,239.08927726605867,96.80161543149475,357.16359907322123,322.69977463164446,153.14147793335255,283.2802649146139,188.07443443161776,72.59278039104213,404.1868782010304,219.71607908583638,41.039483094169825,322.04296164405366,317.5165252678214,110.5363097643368,251.64656013506374,128.63285541363393,60.428478215845885,413.14948976913297,305.5131874319303,101.55726716250851,282.3983891977072,146.65077986868587,64.12461027404996,338.9544140870555,255.18709509150273,113.3483678032121,240.13413939047317,264.46104522691564,70.02706551125351,304.2275411133049,266.5302253693789,74.0507313145073,224.2098680100187,217.23007341053204,88.01951982673233,345.70971879247736,334.51961867051546,159.08807947881306,392.62939346595545,166.6830754108957,142.56729207589973,305.38072690940504,219.66978251673783,74.05277194588825,391.6887976238491,326.8065646056683,57.471661780248226,368.3796914825198,359.0696901944314,127.12589102005505,412.66832970409615,288.2320747649826,40.105165242397554,472.3476206516225,347.180234697996,49.47836021172954,322.6461182265256,285.90806789614794,145.86253794687642,390.30584779265484,200.39829824026486,109.02473636101945,370.54809156232136,323.6997641684861,91.20048853371885,306.68461505482463,162.32013739735666,68.06349995404352,107.54618959959946
29,7,0.0,0.0,95.83577164706875,383.88668517475566,206.03343890761002,106.84963314114367,393.1880484619026,184.75873686135796,67.55293844865155,272.67227719770875,151.00949273983724,89.61017897610478,404.8997040747603,264.75118263336543,110.5758853824025,404.52562957163445,208.7589115110718,98.30588757035889,276.4406462682938,224.45474347501886,82.39020984153532,364.04704811958,264.2892458909705,45.10605044240989,342.63210121478295,305.3618764808788,53.11385228871639,364.3625969610632,234.2121133591364,92.17377179454914,356.323675540589,179.7891575389663,178.08213246698972,317.91706979018056,174.99137656867308,92.05313182256265,452.38632249161685,238.9963679644497,32.69089414941423,332.16826342957165,270.93575058818067,97.85643290857033,299.9442731893038,152.9192077886354,64.18299013127962,340.0161415949977,312.88184522413303,83.51357469459754,337.3424657827372,187.44929200502122,45.683820916163256,327.5339983578976,264.1129701374137,95.01376595407275,314.1747953451554,253.713165573005,82.60403176619856,355.1597370081115,233.29980266814192,66.757228923994,379.0508960133953,228.9101361547519,87.58614340507161,434.32538699786926,339.0920501197925,131.8136183363897,276.54776804015717,230.22107782939065,96.17526751400621,349.66879629617995,207.23275145733143,83.52916957428278,370.67978405392677,280.19966770157583,69.96827867739127,480.56143104106286,222.22835819285734,119.52413802654092,475.40738876409034,272.2014368394055,35.097410730846256,343.0905306922464,193.59007190443384,58.70282911588717,396.6079135779065,287.46838825547184,85.1134873214861,384.70266657545284,240.88858634356436,112.272462650181,401.03847238910066,286.65980831629935,100.79874430512594,287.7553825775767,148.2497935121291,74.27951718862761,87.57237573940395
29,8,0.0,0.0,79.76636250740083,382.91566253088126,259.9447423150459,114.73103534328293,270.54193975715043,205.0983839339774,76.12342351162454,249.08747711109666,126.31177120737604,77.51775443820814,355.97465065759485,297.05708535239484,107.951604218058,459.1791301024872,201.12465756527604,78.99101943402137,348.7922107913473,168.63626096524183,66.48292035070855,351.59343324822095,282.5619618054192,41.54887179413565,304.5632058877374,235.74846152509505,75.12211006801732,339.626471807387,272.4127570207213,96.34628528963931,359.9351115113145,260.1263189259838,119.76127985582877,198.29554864535444,151.62761323231985,83.8435139564878,397.4538290059914,295.6204918585149,29.657378081839553,359.6160039162881,238.16702647387712,89.30628622577719,328.8863138201653,129.8475009110253,82.80717807442122,300.7644721733423,301.5938558783819,108.60701790082342,239.54281128450552,191.47235584346168,47.219733489575205,332.97910177822774,270.55750085362973,91.63921008316433,366.88370866664536,240.39779108799624,81.72014228209403,332.16001636019547,278.1108148729525,82.99508427109528,300.6914825560712,213.90921337357665,128.87546682619634,381.5021382147912,283.34691303077244,119.16809804991445,310.87296558689764,178.28452964840648,132.6725615024717,260.78875316655876,179.06247260965,86.53487395482077,380.7459917607669,360.86988055309735,78.24627233385776,396.99338891445126,302.1456712432391,107.15600501841598,464.41582869309343,344.4726298673711,32.82592227800191,291.2359874734644,324.40893875601915,51.63377421836073,377.5252932593778,336.4909170710448,144.01950333696547,318.83701406778323,229.10373571557895,82.5153035552985,347.3031804839295,285.84775951960853,82.56130187431557,296.6003708439191,240.0411491330173,64.41606115648383,123.17026751152153
29,9,0.0,0.0,88.79188673549723,365.92368228098724,267.97193905168115,113.13485620751618,297.9607083491227,184.67978075725293,72.41127560148938,276.7260643503035,207.41374144193097,80.23682355660807,476.380686874145,308.51534649522415,125.69692119378121,332.75120402359534,224.26530798556502,65.52275800279727,244.0332561165305,258.8349569708685,94.50503138634727,355.26911649911847,295.95193156911455,48.12424790486426,351.15409750556483,296.9769279816981,70.05852196872031,302.5839555292087,305.66749345671997,105.90391780336819,338.85592627375337,224.61282215667433,140.62882715693084,287.10027079642356,209.29144072752192,84.46145248488678,405.2472267402181,278.52716619671645,34.61018819896024,402.66353775086077,281.78245678896633,84.29898218673522,254.92444201734196,163.54671882826162,73.6199721602982,396.4571611856515,244.9333606708492,89.25760406471184,321.09332555646904,175.5440916442193,50.95592282986834,286.0980424783863,247.24093224330122,85.37361766338394,319.6335008266403,250.18556745500402,91.86164671153008,388.2517518922307,280.8354379461823,82.55108280667079,203.6129729492206,166.89627966548855,89.63604715001554,311.7215752559079,319.60620307199605,148.9897492532121,441.5067925755935,262.24593429768197,143.65580053319877,445.5678094372482,139.38596861443662,100.46322110414177,402.24808430180656,420.4765153712767,87.05021543528788,416.24545189183544,324.7051213951534,112.69329877357355,391.3391034942017,283.54322283429946,53.697526371391106,329.25493804119606,268.3241508357574,60.899268951112234,377.0672056794801,372.62931687801625,167.51299474470767,335.9274930995598,149.08238216731263,85.63558365422034,399.0811499338032,344.01084205375867,80.67476283073131,334.4949501999205,210.75913069024728,86.99018719447955,106.13056022447698
29,10,0.0,0.0,88.54873777432547,289.30281761934555,286.55790807962615,115.71012847704029,336.55468138050844,163.8436028865459,75.13622380244125,234.9919804142458,221.52141687070494,83.7191447832965,351.2384341162802,253.22999372617775,132.08320517794758,344.25173861792564,150.91200980447678,81.81927457014525,248.59204949346918,193.75546869776446,64.63201841623307,389.04973018813297,209.62555925403765,46.755002535954866,368.03350750891764,242.91146210791078,89.91796986765542,377.30140108551484,289.9822594869808,85.75365586665163,317.81759971017186,172.48972321656152,107.18626194191482,304.8325402645504,146.16438601964194,88.5292681472277,363.6349492945722,309.0743593746452,49.4725905634381,292.1488497782648,240.27581641910928,108.55155860278926,240.53119669235042,204.02526372225844,73.24931557521862,259.382501100652,235.81072033076472,90.60844626000382,255.77612621304456,170.85057205996728,55.52322324774047,333.4526943336568,292.766314275691,93.3396322094302,323.5748382421426,209.7204741983236,74.92263859068757,343.18800132636346,219.24711303508474,75.30020146552015,325.64237125330544,175.4061383878229,96.27312042470076,390.60420938703965,361.5266171174615,132.6759087535989,408.0624681338089,240.73334556626395,165.48966025160374,325.39132711746646,277.36524845778234,73.5334551061342,378.634420627383,288.920148780361,78.70429897271985,421.17539769247514,333.14060587353913,136.98535147163207,349.6979128187569,267.1325034716706,51.910359849125705,395.31078728108787,313.1337951004882,47.19886963880702,371.49325304065263,300.4485754412078,130.58405696489876,357.8376953184024,308.405132018052,95.40732438471476,304.5658810982774,371.32974779742074,76.83768392591705,283.70273190797303,241.41242671271698,76.17117170384145,98.11008833349459
30,1,0.0,0.0,107.31379816709193,223.6032022213463,154.68146516096252,93.51614691766818,299.54175536308776,188.32619371412284,69.2667883634094,269.0613250937571,198.7403099535327,88.17216142265607,326.6998971633811,242.07326475438043,93.06082092588996,269.52727849159726,191.95598390944954,94.20395771736779,302.46797558323124,214.03145403567706,109.79315801431862,348.8739880681519,211.86806746829274,90.16233296306692,263.8212298842281,199.34582146078682,78.86016341904643,310.94690910131015,231.42026873421005,51.05408698843724,213.31584346259717,161.41433266902683,101.01722863901304,254.96072049126667,102.07560349131795,71.87486452666022,246.6846350432218,206.43831580156547,104.96630864174983,225.38369087705357,135.38095668872344,72.55957767689068,276.69393514953896,169.6635364817542,78.22197854326997,210.6294550406998,174.37550064501656,127.82298770931865,253.00968212298784,135.4887931447567,85.4244773877927,302.86302413260154,229.0874346409749,98.75283759840359,259.4889123197381,125.49137198793474,68.4277459027123,219.64363328607425,119.68722335363192,40.618957024048896,247.7788676969052,191.4702553891845,122.47045067509538,263.1743941862224,161.5980660448249,106.2968796430478,241.9856167100884,101.13126819682462,60.28174471920272,244.30491457462549,159.9330966444526,82.68352967616447,256.56557167227226,165.04267258208654,107.94429359958147,254.28077664918996,124.6441283012382,78.30132667421117,321.7112814206718,220.204943082603,81.10427432800934,259.8816803303729,247.68685238184287,70.02770134680104,227.99216497461768,164.08961849150097,103.30198977875236,297.94454494801965,178.48626154358837,106.23817054294157,246.03129029700344,175.46503045580138,103.99005468055893,320.75982519462224,201.2531825995957,100.01591524589912,80.17648281930931
30,2,0.0,0.0,109.97377317013049,197.6823307516515,118.56514069809303,92.06579214161836,317.44517229731383,177.47712626122777,63.66431420737357,272.52683158139985,176.80326493247074,84.14727836862706,299.8167504488006,252.0954315625585,109.41005396098,266.6015870390654,172.4950251957183,94.70479674061176,316.61140801402956,232.86615632256152,102.15053950567058,300.9492927155036,229.53850449301297,83.1292933561236,282.34532285880186,191.4990768968388,83.74750672603169,276.5684619959068,197.70026055874334,53.66435689555633,209.3396223473558,186.14585138413918,112.29899770271719,219.41954514348103,91.85613175948546,66.08181363844271,254.25861710848022,161.0862841501915,94.65465978246483,224.50311358462977,120.80753737856722,67.27269332248586,269.537348184087,172.90161980457634,63.275778131588844,233.33370312916082,186.65173238776433,112.73616736992885,238.89105628293618,148.83691218458736,115.2600693991557,305.9643398510788,195.18540449574294,102.93513826169767,244.868765554745,116.7345077059243,67.12223537117488,218.13690852318715,140.64478535314927,41.78138422211658,216.53506687377578,199.66150738587424,122.24192229434983,308.6419103055951,136.1225741130711,118.28110958348894,191.6541795476739,90.76179221269348,67.99419256658967,250.08898556619755,180.52755712253415,107.71792166309066,255.82959716811766,157.2872933983034,98.78517064516805,234.76645289700693,108.3948026528918,76.03946173863929,317.5869010190622,214.1224277791685,85.65960536326956,338.66023347308885,241.86317150604356,73.55205781063358,255.22757520629128,169.39604412992958,98.99137457654255,284.49849116302244,185.48393575876472,95.40252860070474,321.1254703874198,156.198765236688,91.63555140684667,294.9922108672282,221.99122032722462,92.18634601155152,122.08206288079415
30,3,0.0,0.0,107.01935699314708,228.88321427167205,121.07740784686587,91.53918008106935,283.43600136207806,230.46837946895516,65.21924087204552,237.2393520889302,166.96680251549617,92.8095508946246,294.70778192881147,261.5592276673708,92.0622667596526,285.7523333761272,147.3941602484966,101.59594708006688,329.13046594101394,219.3750958804537,112.3588563818031,364.0159135814452,239.4147631979275,90.47954758385637,266.92193743661534,170.06831006238886,91.59133080827007,294.58771201023274,188.55060113508955,56.80887489072344,209.91847710499155,168.6527436017495,145.16126039464908,206.45003704032797,94.62251307248135,77.84812479127525,279.29414454671706,186.6111241060434,96.62418646519303,231.96939396610722,98.0393422394447,83.97335978735966,239.8146787977957,192.85613404229804,72.52008744765543,226.9119581913406,154.64939451529182,134.92638862029938,266.91214685379674,110.06906883562789,91.32078834379745,302.60967682630525,191.7756728499294,88.37896950661501,207.52013784413148,132.4706516925815,71.55130234145102,147.33217738048864,102.66225108900488,38.021986702341245,211.25434398500073,183.1100872964421,133.02364469851034,303.77594411660306,173.2975068466796,126.54214803920726,204.68977376133364,81.26181206241665,75.44937570007063,237.32461546990695,194.51105469648044,116.00202505088922,245.55256994336028,170.62037837085188,105.27481559515294,248.44913067326618,128.02715396640238,77.77364841057835,300.80387858199924,175.48112473253227,85.34410813927111,310.4250408701808,229.18128996178103,73.26000015524404,250.14838325769588,158.79568622542885,78.49974428897252,264.78278891307895,191.6190431888276,91.25349817358168,297.6830563551897,162.48852922722935,121.67353621935374,293.8294549869883,213.56697566627906,111.27813534121799,136.0062545527067
30,4,0.0,0.0,107.43294878904275,249.78492992278015,127.22076907128155,99.27436323484011,231.21319152873832,185.16000913980673,71.98548157212896,294.13848847748613,202.51344567300416,90.71371942325777,304.87953337922204,209.19074753206826,108.24092268624419,295.2505376787758,180.25993891027673,92.59347050478104,284.95619735790285,228.86819808616252,115.07643914779567,311.4266228548064,236.99707122242222,95.397839488639,248.216235062518,201.47433054985032,82.19931348973972,302.2969617142537,245.51371451306903,50.964994067031505,249.61730867149086,166.93451749390078,100.10328825462553,211.50932755012775,83.9696743554818,69.30271763798177,287.9840129404722,192.7792419552211,92.76124301898646,247.38093507134766,132.96451928900825,77.94095705100183,269.9937335739327,187.39894419021823,73.40130286809405,225.5281379294184,159.41676969801875,116.16418812375433,274.7028206735519,110.08551436437833,96.81773261293907,290.81442715079186,220.46063165368616,93.09105107813984,259.5471657927966,157.54222507189422,78.39994704455547,187.3077485690415,120.6875538791852,34.60670922617449,200.130749726171,171.50331214402377,110.97772367080869,293.41608346890786,161.38913083322436,128.20617186823608,248.64558957153872,93.10170909770846,63.83270318334491,226.3633728544204,190.69535640307143,114.68018959674282,231.61110444312615,136.1625076195563,107.39805144646265,272.0872937998409,122.52325996048225,68.50981117666569,298.2317439281963,213.9899913695213,84.36919955761667,273.91600068886066,199.65366083269234,71.92722328762763,289.4168386219276,165.27876183036292,88.10887151856312,288.9978062547244,171.05424384415565,92.68062142860168,265.1715487801676,197.04930844704336,109.71872513149005,306.36554139217066,230.25861292860506,86.43771733868381,133.12302454133393
30,5,0.0,0.0,96.34768512160126,214.04365345032116,128.98273604001514,93.36945756116423,301.9057280082022,202.68930205312324,72.03576540663906,249.68235701587835,192.0522715708005,82.75319782065694,319.44635832352174,212.65863258023128,110.14305153987577,242.46467126576078,183.9675219672777,108.79609103216129,308.420157898925,233.78632934108998,100.67440419008281,334.8581977405495,260.0250930754599,65.79301719304387,266.5170318780212,221.3427385025339,81.55279675203855,285.81890962821427,232.3155643581965,48.61624804313361,260.09934991965974,149.8337006857348,116.45658700103483,209.18820298720544,110.65621203822292,75.8402611794371,233.73008355721876,206.2966714722365,93.21581630835595,206.07292861140604,134.27990722073076,80.75880030654254,320.4641862130417,151.8468329680809,68.04373735181665,221.97583766084944,158.89814479054607,127.057262864742,264.66742563138695,142.15971470963643,108.13277414298408,266.8346943001028,200.0924101671417,83.46653735153771,250.72009824340182,109.544873672279,76.35626732515297,184.25797063106108,120.66639190632652,39.182944266291365,220.47788076590385,220.0512646650663,120.26161363039023,277.8151493014935,141.77730121444966,117.80510986007768,254.79397971132605,86.7833963595146,65.89932541746902,257.45087486873985,204.10019457283087,107.99998907433606,267.52194666389994,145.28278245448246,111.81031437339308,244.45172963973272,140.98869135919347,80.87432558124651,250.65734857228807,211.5407572121749,91.98053488957737,334.0760035840576,190.8130951980676,78.21933967827769,196.69790244506083,169.5443320401965,85.76166344901435,287.2920570338767,186.98070223026014,115.25302968030023,297.6694573685911,152.28143019605787,98.7093730502935,317.24781889709374,209.3136396798816,105.29490363098263,78.25755828434644
30,6,0.0,0.0,110.14386912757158,260.5842733782022,143.43364771293048,85.19771221130807,294.0519537180966,186.26632530068693,68.7237564541035,216.10960506986208,200.84988989324182,75.29575836609425,315.21344496918357,246.33498644056792,89.85361535822962,273.64043733536334,176.86739968986873,97.65473614750836,309.4607496973279,223.4034577464409,108.64362898129309,354.4620935812005,242.02231348914677,72.5406416785624,300.63498092794487,169.020989385805,83.9692132021512,258.03706985887686,218.55103009185015,50.92523479074034,192.14330757734717,161.6218138765672,116.72327680369308,170.90523795283633,92.40860672221338,59.58954006618896,270.7714898552558,160.30783385736947,84.60262454659943,229.1881349762237,135.46371435213004,78.4210746879092,284.5577985683828,197.3462532700835,74.38093156062995,256.438117508867,179.46858973092742,120.49775809150506,290.524056880594,124.68448847453796,81.60206570887149,286.86196472882335,228.48785423872505,101.85567350840634,235.46466433868173,133.91488304464846,87.58583464273468,191.47634769024464,127.99659924254196,34.420911814479794,229.4097935124318,211.26784595006947,118.14852963307011,288.23732225116,182.48802555494305,110.44453992659862,189.5032989582412,91.55927225846932,77.65973234025238,248.5769386098469,215.49137952307075,118.34946816789224,261.2972461847806,165.6993593512382,118.16776291404271,208.925952009399,147.26877565413807,72.39581375617993,265.6929828992793,229.5452853511042,89.58140722690773,298.2029796000732,217.18941435656384,66.61315649432433,253.4869565041239,189.18434765708804,85.7355962817279,281.2134652997061,182.6362076765009,107.83707303086591,286.3277013807035,164.204046532916,125.47278155111093,299.3975864008497,202.2174717220216,97.86338604110594,93.959783697533
30,7,0.0,0.0,104.07568653113343,268.13732833838276,120.20328912974756,93.66234208962412,294.6688544440682,179.16378824643607,71.55404788734356,227.8975918161953,185.96527296954005,84.323922672094,326.6301610492751,226.74213908478006,86.59406927793752,252.0706681808549,170.8254492529721,92.41400666031662,327.3417720586995,241.9754804087525,91.55947084283432,364.6317253397072,210.19670110208006,102.84020645272953,257.40320204876724,208.3213440759465,83.86452890112395,300.45427901554916,197.85514367291754,50.844703146434696,214.11958255494775,161.48520722248247,119.41860854558644,179.85663044247224,105.58160415334464,59.52252460098368,227.71329017129068,189.80541979102725,105.33876028595368,266.1038296457475,126.62694137644658,84.99102591483317,264.87055691966884,191.04855316948607,72.23166573004292,261.1479304482338,141.20608830894437,126.20023861362436,258.75619955821935,135.60361180107648,91.50428308369402,327.8039553028036,187.32149997164856,112.59654869345633,197.33171592538267,117.1994881632496,64.72756583133894,186.05093890385183,109.69074214222321,39.083114880893824,263.09663060139474,180.92448303252192,111.51103265361924,240.26149472235622,163.06110023492315,120.97235616123103,207.68653316396922,95.34892188414908,72.88366191029122,213.76619685589878,164.6662404318921,89.61300358095201,246.13230002205975,181.0622275004067,114.40171617517662,257.9517205488635,123.13101364081766,76.78270662128276,268.1812553437453,231.12698354429685,98.66538984912093,325.6036187377285,210.743599232346,72.45278851263622,236.01890422034123,193.82377260989688,95.62555075335196,276.71369735187614,177.9402159676142,98.86976401087284,315.42258120400726,183.69213761246294,89.86938975180963,300.95818900879885,206.02593239221923,100.58618007228124,93.47786937944342
30,8,0.0,0.0,96.97243640308402,263.84738656322907,147.19257042632148,91.18207678543602,275.5428724929103,181.0265479926589,59.34965383092276,275.9766029289267,201.74002609022858,71.8188184749188,306.01723776356465,208.45181613038477,100.73436606367997,233.57485945731463,190.03651633849714,103.74844736084684,301.09016703431286,208.06297304774358,107.4406831853397,343.92543380502457,245.24746282792634,80.22180306045227,236.92056248308373,234.32953179057571,95.2459284283186,303.2067434225926,237.0351011166683,56.99637062185917,226.69974427691517,184.7182423566217,107.47865597741094,214.7116158128677,111.86879270065825,57.977244274015625,224.15799638873227,185.8492319729047,93.62567038554002,214.4304209946055,130.39474598846795,75.19298575182515,278.12865360801663,200.91889414262383,66.6838606004819,221.7577219582523,179.18307654006145,104.50803083279295,261.283705295248,120.1917625440613,108.90274140481807,298.9983495620445,176.37683953766452,109.53742496699505,228.1907398063441,120.09546596630723,71.19183441875754,183.82249109229753,121.17698873431837,36.8006313861006,252.1207949941025,162.8401158698458,122.56560809289603,252.63801621254228,147.96421106680137,124.07580625273178,224.51117408782682,97.12860898406527,72.47094489610842,252.68323770032956,179.1215196068526,109.69110586935687,232.08245931128855,146.45988641103318,108.8741421595198,246.15745782385275,120.96612843766802,65.7424276778844,262.5805117248728,211.67621010257486,85.50301832767224,256.0216666317124,228.78755302236465,75.04766431518881,245.04466057211417,155.49577261918,79.09804999325779,254.65981871928196,176.48267296599832,108.95539153573995,246.42641989980274,170.46664329123706,117.96066370457982,303.12251489215345,241.4233261480568,99.63782108319786,113.60243618678695
30,9,0.0,0.0,115.9939193125629,230.33130492770235,149.99243855627063,80.61371585979877,304.1458595547957,152.6557176891633,67.85011640193517,216.08170514400726,192.1822525494478,96.06311441952406,315.0233754115447,230.9164152156031,109.996037599716,298.9571710794696,178.4566825236491,92.920046733332,321.4545172491487,231.26246815505385,112.6454032688543,328.6257900743494,210.5636124034519,83.03811641446217,303.33702304203064,190.57815511072,84.58121107902055,338.21060405982604,159.0629276534213,49.5504741202053,216.99768240943874,178.88308305486552,102.68434944887136,203.36684709317993,111.86499550059166,54.94670089573518,236.5443513990707,147.6148954787615,91.2151270764989,235.3325237872673,146.50824462602927,82.0708787665289,252.84508460313776,179.42372052061992,73.93573512563322,247.66185440114637,183.21772234329856,124.13464392319712,235.30542642777846,115.05293405931295,86.94051319446432,324.5124743627942,201.47129867694338,112.6911294551017,201.0850919030303,121.67747816912838,75.21323810778281,180.3294574018253,116.23062615502691,34.82748475633367,243.4204029026238,171.81410890463457,108.70913962603763,313.3702358922285,161.00427169736577,123.64456687466672,196.63220331182228,90.14210869167368,73.08828362399417,277.39672287419864,144.81540548763743,102.59227916726454,301.38876207713514,142.70206446429614,117.03182138241073,234.24691752542967,130.6455469546052,73.37705071179641,262.87191054058803,199.84064512066573,84.47109516551538,347.62343000083274,196.591793063955,75.05638832640061,266.9082042614873,160.9571346463068,85.8452572603422,233.52132211728764,189.5324072558385,105.26519483482959,295.38898568379045,162.3693634414045,108.90305684968706,271.189000220923,205.021392122148,99.79708849950738,118.32099777964552
30,10,0.0,0.0,107.69182707680531,229.5787016125847,149.25745763640353,95.11129387849262,293.4043099538138,185.39825636165878,71.9136844228894,233.68611847200705,178.91086311910973,84.95451855056609,300.5226172334312,247.11222753903104,116.17210853377742,261.46189588271,124.12216821143548,89.40099175569542,272.90836060475954,190.24565332199384,110.60595233625533,331.7401975352674,226.37839949606004,89.27726809372575,284.8286185245012,190.4555359509213,82.78843305725623,294.75200781717115,223.92845955927913,58.81804044741904,265.2552941733162,160.99668121805433,107.91289714604113,242.73416191198103,103.05355447580396,56.70554434737848,223.6216239099976,176.76159469789505,100.8544725675516,220.05003639791295,131.3453329993178,71.01356804918854,278.62204860852535,201.1026501990886,69.4648741905668,203.49431133820337,172.26178632182206,122.1108753726372,216.59026442864413,124.80403608465599,107.47592504547747,303.96272081920836,209.2445706701628,99.27261624358539,220.74636503349015,135.582742378362,75.57929060716071,187.718400037451,123.73594869847479,40.78159172078608,207.28643820446916,164.07351311989063,110.52286202199548,255.53648362628343,157.84177441293627,116.57536865102999,202.1181990904356,84.24700999190118,66.34788403107446,247.2609612804814,201.943335565291,107.44993212368745,298.7853612878268,156.43703196218317,117.6747981447959,257.6001168063687,131.151518308531,75.16659020908787,244.8711073527027,222.23357585660722,95.97587285778204,308.24555146401406,214.0463456825272,67.0077525274235,246.69996159916298,161.6783167115936,98.95753404897314,261.35929283602496,187.9933751216916,104.90870778246494,281.4724319855502,178.20405471601558,105.19694824567453,306.82530000100707,179.48194398798373,95.33239098729146,99.13814160031339
31,1,0.0,0.0,43.85467831497466,161.74518105745136,117.47520539975838,60.692131723628925,147.08725276629775,108.92542541374956,76.55021303779691,159.73663229683046,83.1098231709974,101.52807072941205,167.35600907877225,97.52648512615397,78.68739455285242,180.77036160934009,98.37045089209686,99.16726474999905,136.2329326717442,64.0870601602721,72.24775886616588,211.18208006920128,109.30311859933681,128.12484438968463,194.38911930455333,47.20966142987042,106.22589041685612,130.8419177513991,34.34955922084536,113.15915261887262,149.8041317328574,96.29467121108038,63.22137250434791,156.06937791383473,82.68906473451645,79.40875097101407,211.0595958461121,90.10971651388301,161.89109365794633,191.63681414017393,61.45839405866362,72.6839704735387,174.2811713929893,93.40317624605073,65.2782300692486,129.65991850323957,99.18750105663929,139.12622620297813,138.94561832298265,-4.560906149625804,139.85622401774785,221.2128388644875,97.85521059146718,69.63972010375261,144.66585955716764,136.3980523810281,172.26261782815644,145.22142961550986,14.045636399225435,110.89380475142364,163.7966319842427,23.978985136824797,60.61258314393196,203.1499058633893,103.65578049278446,144.80244686598513,199.32855032085945,44.380764822652395,140.232783211622,186.5224127693538,50.417372785679866,117.58357283652393,233.00876557907083,111.73316054040386,87.66125292131204,175.44751501972604,105.12223957629173,149.19855582268718,161.67204077812517,53.72112632391128,102.07533551671096,156.24153027374444,87.7003315390996,83.12913216776201,126.32304514903231,40.8028222504165,109.76916302116364,217.77227681099737,97.95739901045337,82.53349353890641,202.1287696101563,113.19501266456365,108.37120405701583,125.14364201924138,31.327553952762436,69.96416995962076,71.9979898241816
31,2,0.0,0.0,39.265642191969576,118.63712544157676,120.58662679281912,60.609344643801386,197.5254800567264,132.99552084547946,84.8797424739877,137.1382188423774,107.22897659167025,77.86152317269887,176.838080109837,100.21805238829855,62.73921005248746,173.44513005297998,113.17110166794512,115.56919196995115,162.88252798703917,58.09707867529411,72.85967054151361,137.64082697293404,105.10404451676463,159.27794105231087,182.03446892762614,60.528438095689694,120.73971106890845,126.1613346539794,34.50096219960328,85.51888504465256,170.30798076916074,103.4128125730879,65.69453331026205,155.60969889986083,93.82424170185888,81.85904297079745,128.0851614336382,109.12312063890043,137.36611602391272,220.83896211473726,62.91005712816591,81.8543767248509,185.35829008643074,106.08263749262188,50.43516230961713,150.52180321473512,99.62607729918722,154.72034179314983,110.19547560805061,2.997375806144768,152.65926413438007,172.5533168273586,66.14452374602702,62.13271961406113,173.50508280464993,95.16640789681928,140.02504891909345,176.56067805426358,18.713304042233588,103.66719461205267,110.56801646463654,21.435733930160204,52.97689605604421,118.24639912441886,110.69191104693355,117.09142596897742,207.0081378903073,48.90226499882661,140.7509609907063,209.7267456019927,52.856652298186674,133.73172635496672,217.9246394623798,95.1391289250483,84.0829091633241,174.50943137112048,98.00541737436573,125.24691560903254,185.80392186888483,46.237681756262674,74.47126270200931,153.3794596048732,96.29110450079577,84.25979610840469,140.40500042471294,44.81040661867216,80.44493525778293,164.87885357010768,107.22021225760409,79.0663902130364,211.57675499263115,135.49741638521024,115.70340544089868,134.57675971807367,21.86020456397514,78.36014243731738,130.8138473561265
31,3,0.0,0.0,42.69967538451107,107.80613333701459,103.02145336953087,44.158528141775456,193.14313917437624,90.23451704108612,87.69632287372794,174.88259007500602,89.53850517421706,83.93363513761796,189.74335855644532,69.04127663604,71.72918170278379,160.35384947361248,93.06153012526504,95.7246412383236,143.7732627383453,59.13452379601041,60.16327615530652,185.4114327861882,112.52250470591316,134.08576355979054,204.92110347173224,27.134537142368444,101.3533564699327,119.3203967358328,31.410176622928677,115.57803957385012,191.36363405981987,75.6502514463098,95.4370397514129,150.96389429774453,62.813696317203465,112.17803405003541,179.8481749988607,108.35633320784345,159.64755091539487,214.95551289562565,67.13401962555972,70.15869823432077,185.93450008449395,117.63825284782376,64.5444630539641,144.30568098895333,117.21213953117541,142.34898119811731,125.11296795074398,1.4269719460002799,119.94766764478747,213.35652501538044,105.97392398068071,78.15510681976905,136.0317148410766,94.67846683310925,146.5058820293376,174.406775951694,21.40035121281953,113.47567697613964,129.87661421017359,32.82946394827612,41.667495217668225,174.52496392216264,125.27500907063452,125.29245288030596,155.9652105452399,27.603305583942774,151.8345991423918,231.54620815664418,38.0300380493719,118.33674877456643,261.72667035195866,122.08802775979467,81.41358675963083,188.2396263769376,112.3794222619305,102.67278060198524,177.30719872963243,55.000684282900025,93.10355199364261,146.18625992839327,82.68852361863618,93.58072183834804,111.99113407664036,49.36903838738765,64.96591598893085,176.54692656065885,104.4889511320858,70.7250141137428,195.63791761416732,135.28941601627835,115.84283455259559,142.78111610919208,22.046974816697656,73.4408645777362,117.11113532466393
31,4,0.0,0.0,42.270507439190034,127.81750196146905,96.45636483906723,53.81533302482934,132.06604926507762,95.11145298875694,84.61150488387932,158.14770243559423,111.1259532024115,85.74113444840137,231.58011833169618,72.63539392574673,67.93997620900636,149.5908273653062,104.10225979527705,102.92832550723281,137.83543798824456,59.506335330624815,62.71101786612289,199.59748682830156,122.36407849383089,107.31276900849579,166.24390220275998,31.34049825489449,89.38830413880797,116.12417699463327,33.453523585195924,97.42617613643264,132.61091586559152,81.15384566839288,66.01074246113446,163.3002942773202,74.38857580270965,92.8646227936859,179.47063594454923,91.7927804034815,123.73756325536348,233.6382509867506,56.480905615454795,73.66873865298574,199.47821289082833,101.20314535329472,59.95588952704459,160.21777059624594,81.3870400652842,137.81407568265377,109.16232156388268,-5.917655930351926,132.6273158006656,202.59399847947088,91.8457026245608,61.167750416876785,137.53531335406916,94.16816809839332,133.78090807356935,169.14762526460487,25.659518725325125,121.71623246044146,133.75343466776866,16.087088138159313,62.17916675685511,225.08413730968746,125.14201836211937,160.38125533234427,191.69810044167815,40.21139033438237,136.08808386977788,191.15883015818537,48.947043687627854,125.62902067993862,203.5529283886313,95.46117475350128,65.38234515945842,194.14374141360727,90.52929118065724,156.73396142395228,213.04734216440696,55.53564914192491,99.84088867013313,166.16801477491907,81.84913280431073,73.53571747004399,111.37346825646898,34.677832995636436,67.38551834791267,183.84491999317532,89.37815710694125,82.57591064862402,197.17555993860654,114.44118729583676,106.46346313580231,120.1673662112078,32.891565048536876,70.03319398914479,86.46512084827205
31,5,0.0,0.0,34.721141116065944,146.4371192514647,113.93865967860611,59.52969434516311,184.71203295941638,126.06333762056525,69.47525400753524,152.36209983926037,86.32631960045558,103.89679817344236,143.25854715474514,99.19223835536033,55.91452621013492,110.08216217634168,102.18693268409235,97.33045766336149,162.36413193792623,66.58466527790316,57.182173302621045,159.88226034349205,111.71128014184815,114.92139508941028,171.870554995083,44.083099907222866,107.99169620442366,123.76114271505615,27.645122317964876,107.34688772072084,215.85262723505625,64.48420890116437,69.73522465953283,153.08589664769767,72.91591217661471,107.11790694246821,163.7499024419731,105.26317864841499,167.58207676543284,193.7614287675908,63.386389109067956,92.8765131513458,176.72715491042575,92.91714448420305,59.87196241313608,165.8008632183385,96.52359321532525,117.5963666168991,131.54110973787846,-5.400056930615529,147.89314080277015,164.66376707709153,75.25230627004086,72.01037975205422,197.39735338719916,71.67727842806319,138.35609350673394,182.05796057223094,25.979161462339217,116.30932979856001,134.841255969442,38.98597736003645,47.41911747865004,182.06979311030685,95.22810574070279,129.79604824217137,178.7081571945333,37.228626196614144,155.04207011945138,187.2971545872434,41.42410303171359,119.27777843655056,198.45001440246614,89.17164232290912,88.52011294143799,182.3098253544057,78.12658720832405,148.76896181366953,223.0295212030066,64.32379637786394,87.4791471450523,183.29705427907905,84.21267920483609,87.14825958671176,114.92130673959083,43.03283481419996,84.38335320729409,179.90256166748208,92.42855249923353,70.54896304631689,244.03580243575868,133.1424636713566,90.23343259921116,143.77855134610633,17.193457243619797,68.7036758743049,113.36929100850172
31,6,0.0,0.0,44.762719570609825,171.86790481625164,98.38066948815737,56.17609600338306,152.7740776929891,135.41059334201674,81.32765815215662,119.634576138202,104.10906116296744,109.1703776004849,208.79029926913452,100.1165772743735,79.05652411163787,190.22994043993825,92.87794717348477,105.66802859203425,175.27124489690755,63.755998244292954,61.67205916331677,148.89761245825525,87.58179777300825,129.15269138107703,189.90483803971097,43.63985689123344,94.76570957344524,137.34939005447873,33.33482206511661,133.31285175154215,181.51568606186507,85.26526888145264,59.90637660731564,138.25863858213714,64.53523137803192,104.07183732537338,166.29064484461185,92.48873705626387,179.01225030059118,221.99542156701284,49.05155228630023,91.28576195575702,164.72130376525215,103.88826756201935,63.73723329733186,173.058281194342,130.10927749595353,114.61697605039934,122.08335906524628,-0.4878772312543015,142.8131292067511,229.4037395470306,65.95821893607553,89.25003024858249,167.635014433212,101.6231262048595,193.7100250518933,180.51388635946086,19.635785560085193,108.36654303956097,140.79019945256184,22.62958673975337,48.05605772591942,184.7081918115821,133.03573374276212,117.53448379797742,179.37387798904297,47.97921757270976,136.12311412707012,157.54875482987745,32.9366283260216,106.49537191315258,228.03509398480585,105.31168498851854,82.02866463010633,177.38946584640422,90.81997101927399,147.4388688820326,193.33564545292396,57.18789798047133,84.19437319710495,160.6016303507049,93.04146858748011,92.00974458176198,122.51042210480172,35.59680307186459,93.03879839524859,169.27716187279455,93.60511150803063,69.08546749087957,173.96568851592562,135.3684119896228,112.18265790662085,123.62378895709733,17.700986135321575,83.36368919013401,74.47395395099161
31,7,0.0,0.0,55.883866852433854,175.01125574358616,124.09152428202754,74.18007702071914,170.35157060356698,113.70537053418035,74.91430709724447,145.79549185285947,91.99729736059204,118.87783320627716,194.22536793163434,86.27299603568379,78.47904928953488,195.5698965259725,85.43706859347682,96.71307001448729,121.84865228150866,46.44547508540256,73.2717774573697,211.06840215443466,122.0793230846385,107.71129838742907,188.5729027084352,57.263020224620234,103.25384599759434,148.18326273093254,25.671677943558585,137.1392605228603,154.71996466892534,70.49904751053482,60.415038415572084,179.1911005223888,85.6908986166825,93.0779141641277,221.2994140235941,113.75301950257074,126.59204454152118,185.85353655283797,43.30685734242938,57.15492536145108,168.16305689165424,89.57610664611605,53.499759369313416,143.48280819999638,83.39922716511153,147.4699777180844,124.51794752922288,-0.3907068220052144,125.96215608392696,187.0778931799993,92.95886834952043,79.14120155592526,182.62500015259351,79.46935712497597,149.68404312549964,168.29169905282072,16.29169409578727,94.63571380325936,121.19165750353476,25.133997277862342,44.473878860704446,189.55667548839784,122.62806292462852,117.15052136291072,172.7561022897925,29.63370156028202,127.63828448267284,220.93509774062238,48.47911617618728,108.0336512362724,205.92182696370838,112.91230131425253,68.77369053810443,211.61278673087293,65.96274003002601,113.68968092094137,188.3167013710024,25.27774261140862,93.73165633735505,134.2535165349436,74.37001256982963,87.35808624522848,95.66957447454459,31.929506534477177,88.98230854998585,171.76198068431805,96.49388839879175,65.6205811423541,234.9029080547926,116.54720924371054,92.1813452917038,128.88811803623304,18.47909898191102,99.08261447056545,58.41044188603385
31,8,0.0,0.0,41.4261037616988,153.25253383024565,106.12557648302698,53.640610433938264,154.7988944405116,85.02704299269257,82.52896598632614,158.42900889727787,93.00038543966394,96.54933509992001,181.3423685920189,94.38951656767814,59.455892180203634,166.8384094145829,94.07987376809365,91.57808854236889,135.53524881537044,51.52725749659688,75.33044508149493,189.74613974846633,119.94072599676574,159.8633288797982,163.52530109278158,49.04873279242622,85.27085675769577,122.72868299269554,27.027931857449836,134.89991532435573,206.77018401565655,81.38438847960504,70.01192554069476,175.5041706815497,96.70869409533063,90.68060425926957,171.91902959012373,97.05400131090214,111.38424748487469,219.7884678221193,55.3006200544756,87.26349410253297,138.58703844413208,120.83046779643024,54.930234700786414,148.22378675819144,114.49753573482383,143.49643272413044,141.46065356349067,-1.326044494492195,135.40785852947334,228.61511732384864,77.57635559770591,70.14985327458476,166.43512344520613,117.51553684241448,148.02464882778963,136.42050919377184,28.75897244805755,106.66332453120668,140.13358908238337,28.418810342302486,46.49476090467684,171.21582655287818,109.35631262617406,117.10861227945988,170.17652922991658,36.966871616130405,135.83919927963825,208.70597646140186,52.203444057873156,101.33336286341246,202.01422791693264,87.59420571979287,89.0661877749877,178.88984431949513,119.91976436302619,142.4813800957944,151.5968741997898,54.16047667829776,89.36471317565672,171.96022479655952,77.13138883827364,90.84283899838387,124.80729464070572,37.46785477506841,81.61790681219559,160.61504775249242,113.48269037728258,80.09582726573633,209.7244303185303,110.11988858566872,106.94415499839522,145.61626589712714,24.158049502846673,80.3893952965977,98.31137181446591
31,9,0.0,0.0,34.232460605879545,149.89808080277996,149.25508841772333,62.810703470987875,141.66876066892112,99.36859522990318,77.09596474551374,172.06727009233296,86.82533987354259,104.83645855517987,244.94226201255236,72.02885891763933,62.820294428498414,170.67423508904525,82.06742105370753,111.31251098319716,135.80738206105065,66.47677838916348,68.88484768095672,183.98084406317463,133.89233404011497,125.13491577825927,198.5140158002319,62.80877794392102,91.78442776534992,112.196662429453,46.54865468248653,149.4049585779554,203.71618328296935,73.46103733663897,76.03940083146172,129.65161956038344,72.31436186196514,94.32720283682146,194.22229660482304,93.32099460022587,158.48945408792684,228.76109752610992,75.88059356615902,80.39934539789691,178.93410487438464,109.85914953975174,63.56377772306877,120.92423134288224,92.64466659946015,147.39273539846124,108.40901800895197,0.5415720393005992,135.638877225405,249.43833195096943,85.60677595325231,61.28473400198999,181.3464874806794,81.72618105953376,165.36323389982618,154.90984950202528,21.691649295261634,108.79637503221026,118.62615602070562,17.615983435155638,48.184372348981086,135.96633203041011,108.9148833820504,149.67130675672837,182.6065548146646,61.5049150458431,134.1339649398018,179.45652318494223,43.71819631591493,138.83391742506845,235.9504823211639,113.40388672942227,52.85699797360366,129.3047808090536,107.55133240713049,155.8582128702293,153.29723807005138,66.90080222715417,84.16973100874259,190.73407887966022,68.94021812924197,76.86655613970004,112.6213927649816,23.12604345576996,77.45497495360306,185.2641590763378,104.28527766355604,79.94514921307142,205.08942025219204,153.44711652193473,101.80438308992086,134.62071514475474,24.630882166778125,87.19829265481789,92.81572464120444
31,10,0.0,0.0,43.694038422604166,150.3508663036523,111.85664011461735,66.60782236190016,170.32627263615268,115.77190370925811,96.39745531509017,180.02789605371785,92.60548409997311,123.12269042239998,159.963467314576,80.44182195753251,62.28348437523585,194.30667965825094,76.68875726182813,73.00707593620139,132.78987932307012,43.89117572975581,78.59607360773731,174.6992490779307,130.59206700086227,122.00359007014433,194.7163910670764,56.32050144014874,112.25955272450845,134.8288210303358,40.93623922585448,109.05074617224481,255.9638203840614,80.9918199982931,84.81130755978478,140.0258433596163,67.80616658967496,83.33651202941559,180.74566118468027,92.6635557451057,153.2651996865227,173.9358806234821,40.478368102701495,83.82624736093872,188.9792281059763,99.54778509470759,60.096871182822355,155.9841610121727,119.90583621406367,158.9295249856703,113.27220304689439,-0.09972121870450912,148.82398109926143,182.20086430658023,72.14797716059931,80.45074894444909,179.68363641216348,106.01125645252193,109.54690245174558,151.3014511782564,19.24642549461703,106.35121256124845,148.0305601739704,27.088046731803416,57.97682354486282,187.2570907880124,118.66449656350527,129.05272817741155,180.51603973323185,56.10822273121026,130.6005957221967,166.69795598815293,43.145558912484255,136.6261136667828,204.91803967469994,117.6113165240192,80.4378369427303,157.19738769186006,101.51967265644505,144.22794468786688,178.70493815283444,59.90071651236905,88.38932912796234,123.979822925289,100.82253453594635,80.50550015997804,103.83841365470597,17.84838114980522,82.05048518784696,209.5876882377661,112.47836732093504,73.85877686240171,188.34211061836726,149.28691162813766,111.98387177027658,153.95527162463952,29.167451757252284,75.41199621583648,71.20586173699303
32,1,0.0,0.0,43.30347719380782,454.67077774717905,478.55716009471473,99.39090378351854,450.03388365067514,333.34939133039995,103.10539386724606,319.1389941255884,261.3276268102492,112.88805797209139,419.01730770687016,492.633654617103,66.30765945951588,318.7526828443654,379.83423867411415,187.21047381492667,383.78143631112374,311.2174774318068,56.65112201280271,463.433183742537,474.1735337939641,144.85880002877195,361.9485524428406,374.35076519728176,107.23372240223085,656.3526100551856,514.4974831601918,118.1722598612069,283.4263822250733,352.03662606627586,82.50889165828828,396.9205367485461,296.64287033957,107.86894720201443,197.15917126177808,316.21768669006383,124.77379714783298,441.1433442162865,298.85868550595893,90.05890474389217,413.11876907549004,289.10780661549313,65.84434476691565,601.5697333589138,446.85647635688787,78.00571147961077,637.0815890497928,407.5314191149779,142.22782846616036,546.5217846418468,345.97818700398966,126.59618377348872,490.46165550981533,350.3971753567603,108.6808289185873,338.4553825255018,382.68045732571215,115.40262008472676,348.5335625843688,285.3516481839755,128.92762706814725,496.68744254602734,230.9290134652286,91.99011893813483,663.7209591218942,446.8925009492282,61.01205610175002,402.98048130956926,359.6086078294342,79.43735484858374,316.02685882345884,147.44593754069328,70.24712529029831,463.58502289364975,253.04055349916655,88.89120225430604,444.348637322485,350.48428758682127,84.80430155245584,624.3024032714039,447.3414554464739,112.41135049559298,381.2842075873742,276.9991012733857,137.47595209180133,707.3306255090497,355.0201102391743,84.53668457092608,520.273198667118,454.75018276936044,48.33460531670184,472.5446699776499,444.40288138619405,110.58050495118003,102.55618790553721
32,2,0.0,0.0,35.21026140482422,400.0269132907874,383.92346780866035,93.16397230446718,523.6032320057386,307.7063130032028,117.48357863618605,359.9496821376671,305.7668651935305,88.49490935020134,603.3748840638752,520.1286568487515,102.63200008355398,497.4750699495589,444.1276420486348,92.87873254613217,305.40913069366684,260.1972269738058,71.9550904335294,530.8256415396571,540.5204882445004,85.27593154125445,581.0069860226263,232.89381104141899,85.90700178610432,429.7763628732574,309.4382665534996,100.00178673277044,385.52205174160963,329.1539266584955,115.7138591440141,373.5673277290598,267.3291047293434,103.98416628791813,400.7258928840759,223.25218871430792,122.11801421680991,421.08259887266854,360.537635640895,102.81625255216488,366.08366228210866,337.2160791234411,79.72374194772874,371.4628492049842,387.69244214868957,65.54334656896832,496.7229789079745,357.5001772010178,100.91031360850853,613.8373349332155,367.62340772928883,95.39347463940929,367.00386295059,279.96452793114,142.0190808860754,592.5777143490931,320.86161912474967,64.06703879532252,199.83034715542652,248.4255865620438,142.96527118760497,470.27497595714374,299.1470579203526,98.25122303162331,425.11168118833405,502.1373935479773,89.77495796916759,505.00547781513893,311.1225148166276,123.07210054159712,386.9072173203914,179.34713890406906,92.40992983617899,449.7847306309802,392.8691252331468,84.85932906768524,374.7423697122567,295.1732266158198,94.23600318581006,473.29059125817264,484.7807086240546,96.39412346654515,255.3248739016229,191.5412722016734,142.05220870588653,431.00352157064026,578.8816979782287,81.32521950049265,447.15881735434283,349.3778763847339,46.29707706104514,663.709860718681,547.750527757383,108.129081116892,94.66646892652429
32,3,0.0,0.0,61.1301911967897,403.0317901053535,368.24608501809246,201.7805057449178,459.19980947752396,331.4310049878339,70.75681618256652,417.70580409160243,335.499582994178,77.56563315063441,507.1830642526283,345.0421845774147,78.74371829241787,440.6621541894371,447.3260684359788,135.34757164479376,311.0027227740067,316.2788188532016,21.064970202298188,421.12038057267466,341.99216617498337,126.17198339358269,449.62783869498526,309.76622471391784,91.11817000192794,555.93641120657,456.3925707475281,88.55969785375473,418.08085199208705,351.23098306699535,61.33194748996293,437.1621378540142,280.8564568866696,90.37760927413572,332.0651675268143,358.7693982472194,124.36262721969908,429.5539667486883,390.56343615420235,108.19534552217362,552.9057921165585,388.2985815239988,85.4753805518915,388.2035840109969,416.2837678604643,89.49570704320232,518.8517170633901,437.0660383283353,83.72394345690434,498.36769928816767,355.3817913085213,74.62587141452227,386.8801594479629,242.5723650841348,145.79475842580234,297.288495017378,398.4933238798511,58.18182472140175,360.40150523301,287.1568135979037,122.79496899052762,452.6259465889495,363.7858919126225,131.64926611409615,364.56376721178475,503.18803598180284,89.13335637885767,489.8501407176262,276.6661615671894,126.8093203863302,305.04682933827945,229.6178321568074,66.47228161520164,523.4525378172872,277.2674456953576,96.48506753378139,407.2952018752093,346.31870649325583,117.37852896285402,430.95989272441614,272.50652383378645,102.37410696737699,296.8664161846396,214.77283688956834,114.46189353516661,521.9519330803279,384.4009477482972,74.02174834350052,550.5850389568849,460.9985774675133,51.47142830714243,620.2278735777066,447.6639354102587,137.48771914147432,100.60323516886179
32,4,0.0,0.0,66.03510047135526,431.1312652579066,403.33933494486325,89.10362307212272,411.44428780800905,230.00208930690945,101.08804714382327,519.735044283835,406.66327212150327,125.81904023911795,654.8429802312473,496.5541773351661,103.25577800668813,516.2555855293,353.168493623916,140.50105721467912,458.00925505509133,181.2779478880651,56.20034390356669,471.23560650437673,470.4923953238206,156.4509935080578,519.2424355573645,253.00356353654036,80.54427616699894,431.5360245325653,500.61257292423744,116.85412035584834,317.39311327326203,217.88233349215662,72.7663430621184,387.8951219412028,241.0260252792309,64.57243331926102,418.1795602285722,378.4185813300853,77.74284419782144,473.89332466854313,264.0818273337511,98.16716892374905,444.9039515331417,415.5711682191211,78.22640061372941,616.9690589888263,403.4051225335839,101.56345099562127,475.77203319404254,320.3361656226955,98.95727848356537,582.6175205318066,311.71174618641743,93.01047252981712,417.15812037409995,303.41484249513223,104.60614234939953,490.667349257237,341.10939846294275,106.46176109457052,298.8115988118968,232.32457990354052,96.40650168372625,312.1917210397097,257.5397454058843,63.292981186004866,557.7052862529209,357.5503587501304,93.35922204300086,379.2450842082222,392.2290330686269,118.30900385909987,408.79050589558665,207.52422568612508,95.12312655274013,400.25332443794696,373.406292323337,80.90698548042882,335.23316006548515,263.2586383217879,67.95269364467057,527.9512476186889,487.8131819887536,76.80565090715284,359.84841064928685,291.0197256032626,99.91335768536531,604.5239977439037,419.5466617033126,80.44631894511178,444.548475324166,274.61832467683837,38.10636577083143,485.18859301769686,621.2038911804974,99.59416804605172,124.33303335576295
32,5,0.0,0.0,34.03469907167616,464.03364900582386,355.4266542691822,147.1377956316372,296.5157840500229,264.84759978916867,90.03821821860781,344.7090750153255,334.3758394307992,112.20931443049487,636.3351640950417,499.63738933928244,76.16391976671235,452.34703453045194,364.43439697043857,179.42653234341242,206.53211274492682,312.5093582033026,62.421882947992735,640.7711293737774,562.2469796401783,157.77644090513377,512.7348172062449,245.646806447822,90.59747220835615,601.482632912349,437.46027147462536,102.94299063714271,448.3176441533833,334.3714639818074,83.50789762483663,303.2941284720258,345.74368843783895,67.38097413935259,439.8361655546687,278.47781116936716,119.91038846453677,578.4234347824411,293.3529173986497,98.69216284034337,459.0712422057902,354.89533228356294,78.10589472222388,457.3344820942897,342.10607039104906,67.1882520515676,473.4930142577825,348.10402919251555,94.7186887230717,455.9891770343252,246.10756077461662,100.9909607994296,452.5715082666841,252.68460598203131,68.2715870459426,471.3284223304606,307.864957068167,96.00672802381945,353.64087511012866,262.7430743908401,95.17059095381076,349.67104558227805,246.93477756932674,97.67199878486326,541.9927840123628,528.6147228918753,76.326098691821,518.7263736792441,293.79572349070577,106.3857696814061,343.2998684600657,292.9544485384085,103.01333239715342,382.80753051033304,301.9778589814277,78.20549237001023,288.4592797399652,312.05127810438916,82.72785090859495,493.528278505869,374.17814173305936,113.51892069152981,369.80407400338623,263.8929376765927,95.01092300837743,605.4038258264729,233.12732652666955,94.43858077221138,732.6366861475058,421.6906364667291,52.10738073972416,515.5597129253082,372.56586180444685,121.69841859199978,100.68165173404216
32,6,0.0,0.0,53.82111761325766,424.4076065544003,522.7792177632932,132.01345625043047,358.7126305453382,292.8641238351195,85.61544355648991,350.53141492635393,356.8537513166504,89.62699683940784,537.8824057829997,580.7993087126129,80.42682029562287,641.0340626708856,300.21518370024495,143.54987169766645,462.37396495253125,230.441787266668,50.38206782539222,509.6883143217858,444.1091198086383,72.78535344882168,490.9736582406252,348.3693727526287,93.1337418781533,525.5551113510605,362.3481821013481,64.51215783991825,359.48621886128785,366.8222745368386,85.5143099430075,351.0724265166705,262.98377901585496,84.13807753547925,328.50643614425394,217.825015088165,126.41236920093448,598.5287389007595,295.04418381085026,100.52290180470357,418.99403944349746,359.77437791976075,67.16156279586667,556.8667251635316,362.25612678810705,75.33186189038703,569.7856153278885,540.316406177935,124.46503578096721,422.7510397916094,438.7183984142499,113.3641046242094,294.8248968713921,265.36487262587076,91.51481346660307,312.2144768273952,302.12958729378676,79.9791983934987,360.75627745364346,230.18657518397822,102.80488134813724,358.54332760541257,258.71239316771533,126.07370923234674,383.8158096041642,320.2159513025306,93.31293614869443,436.71411414513784,475.70836942252686,101.60138935233316,343.15622407440617,152.32921140309855,66.4603338321245,502.8793758557174,338.852972398409,78.22359535888923,483.16277422833866,272.58553801517115,79.83960556429281,614.6274902605314,380.5313236308025,96.60333888407881,391.61521887089276,197.94496149116472,121.51253762707682,585.2412091363095,620.1341415820218,96.48521580955712,383.6894074964273,359.5587924852687,40.103581138940456,613.2095870439972,507.5749550589479,206.54503837917352,87.29212892195284
32,7,0.0,0.0,53.13541638388488,465.18767738061695,397.50340086536164,151.92939663888177,215.46847591374606,264.919773775235,83.50142005524363,552.1699565738609,316.69222187705316,152.76514334284607,526.9358435575166,409.66678784478063,84.82906496915865,558.1683357293006,357.7755378682835,163.78790890207162,379.024942472262,207.76178851227485,54.04566601943176,491.8450836779368,450.3191680062831,140.29512218164422,403.24320357611265,297.4048434582669,105.38280051039975,472.4093201458737,393.43639944468083,95.32056160898141,467.9150724740816,318.5729874127893,88.57869525773623,393.57696535094465,305.12520823042786,101.52213287656667,314.79346481555507,267.16197198648877,137.82120366042494,422.90158263965947,264.82207012115447,89.77973054191358,462.29491929185514,440.46135870331216,87.70290569179114,549.4813530341444,404.9607474583474,63.75523546541797,493.40061892411916,396.87517230488805,118.78319466938251,438.4830564327167,409.0149996183418,96.90312811980269,358.19768478697114,325.5068365570514,90.19780766747678,498.0283356980367,339.4260047872034,70.29306004234678,338.4335508133644,320.8918014179067,167.2142277641607,524.21877125719,289.43447689639913,99.63112328755702,620.5782437043688,314.54068905225995,91.28318066241546,545.9105868246431,397.6758763447753,137.71916165971075,291.9175131371263,247.04867209821623,97.99924472695501,558.389908769731,362.3961069857652,100.46310123902632,498.0600733131747,286.2084852428707,97.45148628266531,538.1986127333006,366.6841654647795,88.12308414332583,359.62227567374583,233.33066668706147,121.03412546438754,518.262729124737,444.6396405033161,100.96925838084105,520.3854461567032,250.0211603044785,51.01751156176503,671.563690835175,546.689587393058,153.17695091960235,57.61932773547839
32,8,0.0,0.0,48.639328946998994,503.66575751481867,446.62927226664,151.47606604152708,465.7322535447102,345.8401383238996,109.24747256840803,348.26401939685064,312.9322732731368,106.8078354390118,540.0910266910669,565.3730691878967,81.25997475208123,533.423206991276,468.96792549064924,152.386350534143,501.6857899685985,279.51713878304025,45.26270372320337,645.7148210570871,368.0575689163943,157.1264183470087,566.6531191542053,307.99505060592963,87.41363562349673,598.6938417326166,413.69420315724983,113.22362565253779,451.65546158862225,386.0968172739955,84.73892283649157,345.0730101276555,279.07636601446467,71.91926039679421,406.6877703947068,247.15634054266667,139.79130126719042,452.2445666814432,329.64777689868225,106.10431363904287,404.17314904324536,426.741790695949,89.27885071559726,653.5786965865598,296.11759854492436,116.36067652063825,378.60124091173714,414.26727288796013,98.61065527489447,457.72150359100505,310.6666009729311,85.8234893626723,467.11368576341823,206.96526069647848,96.00708424406993,422.2126044474267,220.07068521409764,90.86599486209754,251.11889727376496,209.72104449633724,151.62645249529766,411.92623743686937,288.16161275407677,113.37918412655922,709.8832147273297,377.3902647362026,88.74507822984441,192.5140368354552,412.74759819122875,118.68961348148157,326.00344688705906,257.8663088080352,89.98550258277868,439.41768887599295,351.1640868192718,88.19746900527318,385.7460257749277,274.8607432528164,95.4776798220914,532.2120201200879,475.33017524386196,89.29103995795823,277.78179694616284,183.45120817059856,81.65800368121225,583.9721260618866,372.978126968989,110.04935214907181,533.6292471770148,425.5191876554812,41.02554467244536,530.547525115381,399.6599495103103,151.6751887426094,115.861400790177
32,9,0.0,0.0,49.554639214371946,444.1932623208117,502.59941151551357,151.99924534280123,454.1547477857497,310.55414526161917,74.10854702400565,479.77809028340147,344.7523820682034,93.847371430306,666.4553497942223,441.5638351795983,92.87511438194511,526.2721282966427,261.5798552942874,132.018115591498,311.6820293800855,272.35089921341216,45.38872627513113,467.159716083517,535.518607402561,147.41332548343044,456.0726102273234,309.67946666779096,119.20394617711192,623.7095591167828,468.9773148897255,126.34466277229276,318.7784494566042,348.97395743366116,84.11462831738042,445.2778553086475,238.59730406340782,102.58011300067804,473.74457614893436,317.82511916713514,104.31399290268861,320.7662716008447,303.33685386714603,126.22444106128904,626.5404084029158,540.6425952394452,58.541457330171134,487.36685319729116,423.2902606247392,65.1295874275979,469.2149698282655,345.08535271454764,78.52402584986713,459.27633144997907,325.5463091199816,113.42316702460764,323.84415341627425,202.71408550029605,110.17214011845947,334.7240644920404,272.39739872026956,116.70964585618046,300.0977743724113,312.0302676850148,149.24604288318636,327.85772879168167,345.80258728038706,109.40565109107061,585.7318717595454,451.04136787884477,57.91471303092385,301.5076949278871,360.83929176816207,112.13817294482979,342.4950043754327,220.32012209490318,88.4635108713783,537.5577094380403,275.8666531149236,90.75448386149755,363.7080395998575,316.58019404007536,89.04398012390541,483.1725334053823,452.9872665530828,82.51574820537603,316.58681853991084,217.07561604655135,111.72201833974165,582.4772973422365,533.2639395303387,89.33525147050382,701.1247989852648,376.84108423446895,45.14351013858141,593.2962661051902,430.2558781830455,130.81431705488572,65.85179500360118
32,10,0.0,0.0,71.25576020303927,397.67635017203935,412.24001759615453,113.67334466969496,353.9145906612753,296.0421685955686,104.53337490217828,446.0603229735019,305.25869064920306,122.60154251851526,621.905853654124,479.1245304922929,89.75408349102356,498.16399830706524,396.4950126220701,147.52621535187552,373.5946792411991,317.46417420554417,37.26450863566368,355.06589322606925,369.0019617203137,97.79505119079396,508.4260898394323,451.9622059517193,85.863801619684,569.4751632861514,472.55127246449814,81.23117391542125,289.36614111327935,345.22661654482863,61.342358449800756,465.8699998090465,310.9839580405588,62.76370312962456,327.2607304344699,333.16671211338576,152.23385527133047,441.2705113329044,367.5923485280137,114.90109753741245,563.329108462933,329.4043431739673,90.56661033400692,490.57848012396516,480.9512071098105,98.05951813401504,273.2353402368126,458.9452953698448,125.60148033781847,477.7518936739265,341.90057495935275,105.42941333339272,414.9961548356551,350.377339748292,128.26089947327014,573.5499795210658,357.90547759014794,120.13537476266829,298.12736449006377,232.77473829895388,110.30404850660184,472.6331374113941,379.2960124950367,91.30511507211764,725.9880558930465,538.2875798645259,107.00556023756785,556.4643820351143,239.40985992281134,157.99050835931226,328.59357269809936,251.6954745411943,90.94151268092156,600.9845060751331,364.2927957322965,81.15745453019856,404.13790773485164,277.2357225154884,90.29430786926267,479.3066382773958,377.2242405360072,99.48666190986663,379.93350781058183,144.93189320370436,105.26600365031874,478.28115486480925,515.0552497342771,95.66923969223052,414.3175565087249,452.57332043392563,42.735656086275284,376.9121281933649,603.7157175398582,165.26785593942594,66.08461070607007
33,1,0.0,0.0,86.11967644220108,181.09458787025375,68.54811708986522,138.5698939191557,196.14165310649474,98.97059485769748,107.84317105576004,161.7412406108408,49.735792139996484,83.38627249771494,146.53755666749396,48.2432470969325,109.47436365617857,157.2797183230519,50.53536515971763,57.86482004303962,136.33330127878284,81.08405570266983,152.69791070593303,128.63109493993397,12.399111573771304,105.93512996188075,98.391153923127,39.09746422102948,137.72772615910674,157.55958990767107,37.61855147797415,72.45999190299344,98.03618906008883,53.43188403581577,60.222279965317924,121.01593853371718,82.75887920192929,109.24490374626271,163.86525296909483,33.791692973553126,63.94007911879801,118.60123963191114,67.35140997410801,156.7105546280488,145.20783775751298,20.490233803938818,110.07515812731963,138.8049789483624,19.457406179800508,148.06070308805644,174.19402424656425,62.47681098410468,69.53142598267415,212.52888024035764,86.13423513354964,88.07243188799384,175.60885338828712,56.79125548605296,76.97972774392284,182.32175211321606,88.32960785851989,120.45396711067025,155.2546412667556,55.82145336872657,119.27129954899567,158.52344202571751,53.0929095065602,112.13420414794214,162.3462833698267,8.432377376590596,91.43302723824554,91.8744340089967,22.00099555557418,63.795035216816544,135.48589314316595,83.0863810286982,86.17823175612676,118.39367876330502,44.713206885878265,84.36115702845143,186.77504121998078,73.9781777639501,139.34035945337916,130.0614848411871,4.480513397699594,120.08179891983237,77.24614144287575,34.10829330811382,73.84919066546301,148.79255855965596,129.96449846935002,99.96159417536457,114.49283887667082,62.303175145936805,77.59948405273337,148.4702214714752,87.81832765636169,92.30461723144731,78.89399029128131
33,2,0.0,0.0,71.74972393589422,157.38466152935226,96.60639436269021,125.55644609781875,227.96759189746422,75.06202301135812,122.19662012638081,171.49792356315277,45.535759493907975,80.31622629650829,162.15885585179805,42.69834541211287,119.61902718323682,122.21193863560752,62.29778367204722,55.86458865131746,118.08022793265945,83.68503428078768,120.75332345502072,176.2361982817173,11.89713411567215,88.46054580496711,100.33348521420479,42.220193093114716,86.09905569123674,179.78305072142552,46.06846364043393,66.09951955795255,134.00115041899946,53.961497990298895,73.94085542890026,123.35361468464453,60.78793546075997,135.0391563276815,145.92533377286523,13.634796643379516,75.19003851347928,93.73552736944566,70.20759211639479,150.65429603413222,167.7038026409244,24.698369779717126,81.25299220464292,108.08709971125379,16.383817633538634,123.25166968301687,163.94353727732175,61.97947684361885,126.23836242852488,172.21698827079348,79.37008341855451,93.8058567767184,98.98477579070973,58.165267008563625,74.90278577036995,174.2950530588207,107.2210202930497,163.04682499001842,181.79788297578128,54.00153269458306,125.02045949618356,118.08943104337263,65.66237177551135,123.43215764180208,101.10405747602101,15.908162651089004,93.88495699821272,142.6387415857149,31.18938534680868,79.13027229587637,146.9537389414358,60.25031715507251,52.037265889333646,106.81282702950755,47.49980413934533,62.80705667150793,157.92814729480068,74.46331516355534,132.40643207247845,130.7772971194646,7.797016292906146,131.95374998861905,154.5513212086228,24.793965241372753,88.64600734915767,218.6163884108181,75.6857618387332,92.78586057762182,183.706426323605,29.919454226263095,85.79805291928612,173.03285063312143,72.35001185816806,62.415399047635304,108.84377746346968
33,3,0.0,0.0,86.988529749389,142.50853116832127,123.76602318755951,108.32684150386831,244.09459897567783,148.5375825121332,145.85224411480982,147.26013212186638,44.14367984231238,86.56441272600345,139.99209479964847,58.64596998371722,68.13803312290435,132.25567023297697,43.78153392104899,49.555617019872834,103.10384889556104,93.12964290855581,119.50536500516498,132.25686573740327,14.045333630302883,49.06569081833986,125.96509692629326,33.12261083952405,91.57960588058833,110.81640632323278,39.298615763834,66.0875875979011,107.08250592894129,76.0882320695188,79.10704391905172,163.67878452368598,72.33933382559998,97.72025163714056,162.94137692871703,26.241580910958938,75.30760808736628,122.4869901221758,81.33071089860806,131.82997804150267,170.10152822985782,20.78963673550375,76.68737705725714,108.82260969499275,11.161916309588253,153.56525818201504,159.12979557245265,38.83537695379398,87.34573422121906,238.8840739631271,110.50274416750129,62.325092485503575,120.26029433944845,53.59044974654046,80.09643476385332,206.26712009910855,107.04133740707373,120.03154664163462,205.15410075310655,30.79209641284467,130.07576015509426,200.71005330551733,52.638149955190755,167.6508785559858,96.86835098882264,14.497227756442475,102.52849009697955,164.81308986937074,31.907381648870224,72.7902021105734,145.69826612026608,87.02924607283737,67.56058741189707,108.0304723889068,42.74407483451813,94.64923979885336,205.88405011003914,63.343045423693084,89.76245683479331,155.53031822582264,8.1953591774238,82.04898545419857,106.66129552936215,23.904399196680846,69.40105052226548,112.17084985806405,99.38564707605529,104.55587731468407,157.9047888365688,31.805487527779228,82.01271932958005,176.91085530446284,55.838757708769904,93.64049502757774,130.149960216836
33,4,0.0,0.0,66.33675455546964,201.18501708033818,83.8870486089123,84.02607754926396,253.59261199619934,91.39416942235223,132.3950975909209,167.5122167083049,45.82111287590188,106.53245308333007,130.95459760512242,49.486782865351564,113.69211175337321,164.1748554049024,50.626321470628426,61.73000868227048,85.427428528863,81.24954619893208,131.68081491846107,145.60240785395317,9.993525286491082,86.02275689209526,69.55088607002338,24.152692690127036,111.52959424289776,152.33719448161105,33.2465567687466,49.827083026645134,107.63259455905353,46.896962901613634,67.6359984336735,134.61540554761913,36.49447439614436,82.73941944632699,122.31923699601514,27.787043106797704,75.62277863640908,181.4221725861176,95.16557606504648,112.34204291108502,164.6645597956996,21.081469834826283,74.67452903698953,126.82714191268565,10.479876274201667,106.17149233260305,173.24290861556582,76.39441656802512,111.20151815505164,202.0512960790259,107.76827738687598,71.61055111486397,138.18669444479198,55.37603769263573,58.197097007498385,140.11830912735974,110.15413193848795,106.63205416945766,214.88871569439038,34.082963789653704,118.13034145466061,145.95611297408414,54.46509170871173,137.28852177652772,122.05038079991752,7.545030394717166,105.04790591786903,109.31552855958186,37.17306871111271,68.82458517459082,121.9520354172361,45.469521659231106,52.807881597485235,93.48225249872218,38.84289488657339,106.8384403942714,151.16217893073434,84.95973450630171,140.12413284505556,127.96175857170829,4.265521042739216,93.57200679918114,109.96406620489311,35.98010674999479,70.01119554358466,150.74746507687837,100.79781626900439,111.77325402682301,210.9419220862666,46.74647589448912,83.03878194666416,169.51418357103685,42.337259309724885,109.16865120739013,89.06418566449416
33,5,0.0,0.0,85.18903553800095,131.95901862312255,86.62404862105478,102.16509587491028,209.17779348833085,96.81444466572843,122.47828971469457,150.12986130386673,42.34696656754181,71.37923418968616,145.54678861798635,42.85145345995638,101.40345422438135,126.28499163570865,60.3684481135509,41.04217100937956,105.80023233932859,90.70955423777522,144.90307674950654,130.71047672071526,9.83694922005702,109.0703239897042,98.63100298793636,17.82985737347338,107.48073099462707,158.63464650238762,27.361028342504397,73.89588375455283,145.96854359136321,51.78082760029624,61.668070572541176,149.11722144188377,78.37912906077351,95.11456173938004,140.49642837278606,36.317151662752906,74.88989724147133,193.1845836735363,72.0032785829858,110.00107795310731,174.1372177072325,15.382375207078853,73.05051858152194,123.23719040331738,13.094907564875209,129.0294762637345,159.2571551090716,52.312137272319696,99.903279897535,193.76055027251306,106.60693939465052,62.20336000559719,157.83676443864363,48.93442646417847,58.6629126039973,210.2659789332256,99.09253849493962,116.71813406866596,142.32626513102048,51.135801336593936,83.66296731647208,172.17585487991292,62.720251364128295,153.1234633014585,169.47327173704122,13.149881169820667,76.93969160721993,98.52776997675095,29.598864272735636,78.92880118730486,130.21953738928906,61.466885729775484,78.58909577711309,110.00831325971282,28.36025514303892,93.96174508870509,138.7736452616649,51.06342620809284,181.52194178508978,175.15882243056132,5.73696661063962,94.31670109163011,178.4401089528576,38.82225862233617,73.65746658573656,138.38517394627968,97.88879112619227,105.2131905164003,175.31993648732188,52.9444507102076,80.37902069684955,138.31087513308262,79.80171964857288,96.42564809022394,113.7780622797211
33,6,0.0,0.0,94.42733112066873,157.8379723972841,73.9493103149164,131.88653388219046,215.1403396938765,83.29060535482208,114.57848647973984,151.57098348381274,41.1816155597786,84.09441786015033,116.6901143604218,38.066018880165444,85.48546074014067,162.35160785574857,48.013870836529044,43.525502869329,155.34143097452744,62.485650820871996,123.14353456072368,106.85874401365027,12.979490696576796,105.8167003431311,100.93060890675423,28.643986428140444,122.5988372378096,139.76697737133742,41.732455523968845,65.55962470075346,107.70869359557643,41.521475501243415,68.77233389161961,156.5625367879085,94.19113838976389,135.17280130916853,128.07575617135842,11.686597567767617,95.81502787060778,187.93901250020383,104.60138986223512,146.3120803582349,164.50728787785553,25.103777503524384,97.83544287188104,102.75923828073172,16.97021861844987,84.99237893415392,164.32947163211023,65.83483670857471,113.80936467514967,192.49970725604123,103.0799990043192,68.55711323610774,138.00945366510103,51.70037903991104,73.61301493505829,192.78660026683332,111.43645093405104,154.20640429891625,186.9374149079759,54.49385528597463,135.38231468881858,177.88301565288495,65.51221252413697,130.67989384026276,176.01750030716596,8.06705832043308,103.81522602901319,96.07173312164491,29.201849534196278,46.16532777506199,101.2571746263464,85.51351900958797,71.38126419525447,117.74067960643956,27.757726361609414,102.98763131559822,129.66333663850438,70.11394664923652,165.9889095538608,152.3131333012191,8.1616854724558,148.11589751024633,118.80233322218342,28.828530087895643,71.47848533547236,212.43059159213925,115.03144912042981,108.61300282691566,135.208421686702,47.36273784632622,84.95039251458486,123.67576462148287,53.04876476775955,87.26402739021488,130.23765379013406
33,7,0.0,0.0,100.00891779738765,123.5879031088343,87.85497598941923,130.2779521308594,234.5523307108419,122.10383258080408,149.51596698026623,146.91585933819422,42.802179030532336,88.23290450825799,134.03300454285957,51.0648939928187,92.84189050119576,168.60907320914117,44.9855266744857,54.24780469708784,116.97386777872072,82.58891737484194,119.03272087322402,133.0842701965184,12.780924653212539,96.79914436015619,141.69818428923261,26.203505068855193,97.6753326939637,150.71710274624277,31.608336446291943,66.9175772365753,148.43086646704583,72.5819035271882,80.01634047783736,172.44185578287204,71.12338102192821,110.49522325632434,158.0415028635743,27.354851289257972,73.62040567662727,160.10452480404498,62.739352157105856,132.49537340426934,120.74092574337675,19.679097878718558,84.28576842979588,90.10794845571323,17.806057076365118,130.24715592486413,186.75240280511514,56.88316201642276,104.92336856598959,214.94003244378314,82.1073721284198,47.91488090191459,81.49249896899762,61.93450753489765,72.61311884939451,170.0767931145657,87.26321759329169,120.70767167801205,195.3072711604902,55.419926086263814,113.71914781159744,129.58938926231,51.647301834890065,162.00298501071313,136.9969611466268,8.617040816943259,132.73519389929953,128.76182746726855,39.11696947879445,76.6475744530112,107.58446955723328,66.40584384044118,72.6403195171109,142.117123890187,40.64051757097034,102.81486016033726,148.04981858137143,68.11710911978633,137.31791328317078,129.91661581951843,-1.0250966924272111,95.7815042360077,116.65104704522362,37.28941021548428,95.05984004848371,191.64528435301176,76.85086776065076,104.41083158185226,163.71441007605372,43.93483545045107,79.91599660902376,153.11150555738698,74.35750817788305,95.09112567412627,101.29640832076959
33,8,0.0,0.0,69.74984305440302,139.5246048481035,90.58029763504835,108.88115283812967,186.70640692342866,75.52601299279162,123.59166299826907,178.17147936238038,43.80059744529519,92.31768927391742,161.07538086280087,58.57694993527614,89.83570369669461,138.03576888114753,62.72146402888659,67.40041360639552,89.37334815143326,67.09791709530373,124.37455632066252,153.65029256152448,9.175041880403276,63.80344547028154,90.66879208831969,24.34088871311507,89.17088002523441,201.50695556122247,39.3432679898034,60.22935607116402,144.40686458815466,64.21367253253517,69.6287111833808,160.9703421848048,84.77510745439683,143.45034973952144,135.246314314747,21.73245640745644,68.68791497415404,186.2207915752392,102.82935540454798,146.7252090723446,151.86218455416713,23.684252905276708,81.70854023983881,129.1268914766823,22.8620745976374,111.76448880033695,217.64220515052273,39.85954047947593,82.25961562791372,188.9338069580973,105.34416715415315,63.37847594506823,113.75961743119069,56.76562219012935,68.2016263526619,142.74293608664516,129.48687925064718,116.74541696275904,170.16933139123347,43.01062260990741,147.99132396703234,167.19884694212428,51.81613420594208,143.28241465113246,144.7266913458249,7.9313314050050865,97.33960414101188,125.39640663838385,33.657197675499106,71.2357154942605,111.50061296972967,73.84377239672604,79.99282794367741,122.3242569767097,42.200027824664616,73.0858520565516,148.2090856363683,47.07294073873031,209.2919141421179,137.63040707722408,0.4774796267837349,116.17427054270843,119.81149247068545,15.874506854260048,65.1222151017914,139.99643277599236,118.4717458380338,131.3901823509134,121.78882896790881,44.02081687428967,61.24765855755767,148.62824423219172,84.65602879462043,82.46277813923969,122.07295381492833
33,9,0.0,0.0,79.78809913813633,182.45774763647302,77.36295421082531,114.66898878879213,213.53281158599555,131.96654593089855,123.24032575639839,164.2033721602734,55.760955150056034,108.97161564887774,146.1385241197862,49.34760990972628,80.2745247762125,142.203221019083,55.68559522250769,52.538596374971995,121.8323819284012,72.48305756321017,105.95734935254512,138.33839718862342,11.449695189477634,103.81228718362425,125.3978864355977,23.4575612615121,99.29196156318218,158.7763286139356,38.02279956846523,53.820616949480986,132.52883288301,61.64499436246044,68.15932639465127,143.4664588322214,64.64420741924634,115.52616824849893,130.0520484237499,26.325278288083144,71.05096530916488,108.62657265598321,64.03393439134466,138.21131371288567,124.34901267829008,29.164928942462673,68.74284625951134,79.1478900604698,24.623729422978098,78.38926561499575,169.313769549931,51.691756259287416,88.10590581998079,166.43354349374079,110.63963579657882,88.24977812621502,131.93149159172881,48.73048040848943,54.4561816660632,155.9934700059409,108.83616803897512,132.29149947501082,147.95552987742522,45.25119344584125,91.59534250615765,140.2963254238432,46.05066965974171,109.16399631465912,101.20825762861978,13.269164641742694,113.94042408583991,69.87777968535681,15.606682859721396,78.40022658420901,106.39391543953934,67.16154408448884,86.92671694860582,159.70366570114538,34.90924345963509,105.79066729159904,128.92198174065376,65.18984076113489,158.9739774740288,166.27959841322087,7.331574566043836,69.36594818391279,210.18004483646735,31.440004411305765,92.63431904334865,228.727708047217,79.45146570262962,119.64593816449658,182.43498623581777,33.172728217328356,78.67993616690647,172.87420290127878,69.38575410358565,111.42154934509027,61.04766311122348
33,10,0.0,0.0,86.7759731070313,248.55717122625683,94.53743526192727,94.79801683240858,234.5972770572675,73.3443943984293,118.27000456179788,141.72284006615973,40.28917185863213,85.8821048536311,160.07396629523708,52.59807320989134,108.6203822703843,183.35386763076326,54.44069822684791,61.06482939838182,129.55401238016063,64.22440469150135,129.95140892056938,150.03823036064222,10.828382196171429,87.30467822566763,150.701475880521,23.997969596595034,130.99215135203715,128.99357508600434,39.90117845227972,56.752655562556455,116.8867963269077,69.82995345781356,77.01370676503042,122.73531396223832,79.6464921981301,109.53502234891783,156.03160053185607,25.00484069253758,78.96911961971077,135.60867837307876,81.23622610798772,135.74097472057062,122.44435140304874,18.53985466412516,125.41502412009677,119.88162256947663,12.672002969368814,126.81897156925923,165.179556426451,52.15706818604534,128.58449386861096,265.0565033126243,108.7934550427884,58.4844740333195,124.94390856068948,57.57700239377445,79.98244090027892,158.77675441596685,105.01027544336684,125.40295464545801,214.5336998985936,65.13272917617121,84.06143289042924,161.77079690332053,50.93250781050153,124.36629072911921,108.19083631204975,5.802759861217731,61.90355845696095,125.74721126039243,33.43118921009338,60.308208392287085,157.79828374396948,91.75262390793556,61.87911272025276,117.37988531537314,52.02110656241906,100.79744535053729,159.47527971921664,54.57077261483168,190.46946614065274,126.09020072417975,10.62500324759564,130.86584794822193,121.31282956153564,45.13344003761745,49.85498954633573,168.99914180163083,70.17387000956901,130.36581534453975,180.30998207473013,51.6636593793602,71.30455206080644,182.0628742990976,50.15703148799922,85.7529123089536,106.22852375581081
