participant,entry,PP_1,RP_1,HT_1,PP_2,RP_2,HT_2,PP_3,RP_3,HT_3,PP_4,RP_4,HT_4,PP_5,RP_5,HT_5,PP_6,RP_6,HT_6,PP_7,RP_7,HT_7,PP_8,RP_8,HT_8,PP_9,RP_9,HT_9,PP_10,RP_10,HT_10,PP_11,RP_11,HT_11,HT_enter
1,1,0.0,0.0,74.76339925112205,280.00046181437625,178.43314589930029,138.8545080236303,254.83936914128532,167.37584235492,120.18242868880162,299.3098262911856,188.48296933380973,118.07270106821186,253.30040079908005,148.57446996127223,59.021018523233224,240.50248830186038,119.17836778058933,105.81744710418008,253.37747625898612,149.3090646637571,32.120155103751735,328.0349089483801,200.18732293702635,45.06851616352722,262.2726991627094,210.2975350116045,116.59417741668584,285.1547323046359,270.1818002456251,100.43364045470061,258.6055690327306,130.8819717213017,85.188331514987,95.91429850509014
1,2,0.0,0.0,98.3113390075029,294.5181129713713,190.6213570817609,133.84727962552694,303.4114171852939,131.76055321916272,107.17685027085643,323.6770974359049,173.78624533907944,123.42614576889687,293.42809914855917,173.97456908224626,49.99640329300263,234.23145761889268,150.72534572395512,98.05044146445294,284.9153270611138,165.27274558421328,41.92055596885686,325.8285718735279,202.8640260054753,57.21567871939783,274.36685881044684,231.88732977391277,106.61737309475839,323.28591115378015,210.49801223867826,105.68540686386243,278.87167725642684,146.43121320932173,81.72580108442834,83.86647846391693
1,3,0.0,0.0,106.7951117662271,321.588914404768,169.12136618663322,140.15592306872995,283.4384962946781,169.09751928548621,116.81775452818488,269.6813482996807,224.91488042840987,114.73199653835015,307.8567653741631,169.23710115849326,63.876778118350124,231.18403507842615,162.29889753644517,91.82417353715941,287.0649206347181,154.4067043868355,44.162656631753826,270.77142026059414,228.8703544810553,56.15486200156,291.2503303179547,232.82365291807244,131.68501182146102,332.9007733160682,192.5238750964664,82.15501037167446,212.6126700444678,169.77433773594868,100.88464764299655,103.77516937236616
1,4,0.0,0.0,98.55016886391898,274.3660890123562,166.57138944650202,104.00031026204834,300.97008098274387,145.97571068042504,122.11807048027846,296.3852150757142,204.1841689940256,143.47791351224387,335.7220385428451,158.02145284192775,63.949161299565574,211.99297307295814,171.7441773487704,94.22219733044277,269.08031519378153,136.13717102964782,35.93529238054191,325.2510261083112,299.674331640975,54.77982775908277,265.35329677196313,249.1455319356344,114.08128568456915,353.69431021698483,177.95179555089936,71.79549394661052,243.09660448076357,160.28168507183716,92.67224051919365,122.510102089611
1,5,0.0,0.0,95.2194280028262,262.3370163954989,212.567063286686,125.41956312555143,232.8489029758096,168.69699688995163,121.79667717585099,238.0226586882904,190.77382821464062,116.34875223539878,296.191807333152,121.06026255165852,52.29264361442626,231.32139175650445,201.95383489516558,96.88259718832236,295.3870964381937,147.23797326439632,58.91983771125119,273.53025198423154,204.10992379460748,36.16031021900162,261.5394875724628,270.8170933519161,97.84680332291295,321.5213811837499,213.29908668645788,97.7660650482359,252.70745483943548,150.85158206494472,73.70719285127208,90.867037743757
1,6,0.0,0.0,87.60212958924913,287.66585853893514,196.49988075805663,132.6464201971636,287.7694147234831,154.73064470742207,110.80906719709549,352.7305996192008,185.49688323183824,128.90487357235946,338.1789976734411,169.74673377049888,61.32411117770906,263.1506208340563,165.1032773640221,91.76696797294716,260.8591733069407,125.41358887180759,44.29668953355609,279.7803533730795,220.96604141925982,51.47563748438854,278.39066997599986,248.44000510310238,118.06790708090028,334.03400837892156,208.44995914182266,117.18063824040046,239.6864494952293,143.2066930167623,72.55275455920196,101.81115600399603
1,7,0.0,0.0,78.0595212172775,329.59409852417633,158.1903880527904,107.09420388162043,252.40251443389158,151.97103329353675,109.25010544840326,278.4663677548393,168.31156940307926,116.04100779717191,296.67548119534285,155.0252648609032,49.53551981587556,273.52586462600937,182.37007815052033,109.48713106212602,296.0379006277987,187.00460825165683,43.15030921494152,240.33358941157516,202.4576908108971,52.0801075720332,295.5622882647064,255.15905506980647,98.049443076822,378.37807236167157,181.4456993977646,102.10400853622512,269.1041597211316,135.82475731803416,86.93610159569903,82.12468851415939
1,8,0.0,0.0,108.56489474527652,312.6078661814281,201.0990914513837,137.86254359484323,312.4604034317512,184.30387859340934,97.79200682634647,354.63725896573527,190.63754358075187,124.21217414321181,238.90203431460128,135.38039727737555,57.47755837116015,222.02600432959758,189.69394837297855,99.78567340685086,248.04615198623705,158.7160398244042,44.46948356213051,243.18934999059437,235.39940869511423,56.77614812001611,206.5057614949058,174.46855985421143,105.13449906372749,291.0863516080541,208.58147130450737,73.11834005144841,219.4424415684949,132.97213470142898,71.72866482792688,80.12091475434728
1,9,0.0,0.0,92.07120876116092,257.32170319646315,199.22091881087022,128.03251046155663,284.35146276823053,155.4862543798577,105.81218432016489,288.1331831221306,196.26486028593686,118.12586999187025,307.32940803021955,158.8704378697706,57.331600367364224,210.61134422067903,172.71448757753822,106.71722660371191,255.43872824102397,186.3552421921462,42.8219607697962,299.289706723219,217.52926011916264,50.3145694363492,242.54289679995935,224.63513147691336,128.0356808469979,331.93941469639446,186.85150864175432,88.47774746532811,211.99948415609938,149.94566799661615,82.70291601672248,128.46115972448453
1,10,0.0,0.0,96.85561717389443,279.09771021594827,196.28040176708095,124.89450103843046,274.4806475128887,134.88826012401344,138.46539647081786,284.3230672290305,165.9108596668134,113.93770873881083,307.4187737067785,179.01877991908773,52.98020277062617,279.24587819643585,197.29479991500014,95.38608192876262,234.49674148485576,130.77145304208102,46.48555481181911,242.54855967354646,213.12614330411014,48.025908496278696,249.95020489448603,221.53734201025586,98.54902567241164,289.68478958321595,199.11397395172048,97.844817968591,228.78120508212803,102.7103061372303,77.69044263723185,88.57826559171772
2,1,0.0,0.0,61.15818427793136,266.1621460095112,178.52508820181055,93.58236575260004,164.79702631247198,53.40826792342447,135.04067267668452,231.93068671829536,92.740683786558,96.77445449784311,166.86124847402616,59.22499123101029,72.63173318360131,160.61475123354387,64.58160566223071,101.02400264316573,197.9304260240882,83.59595748775317,68.12124262250013,225.2041970913305,173.23077195398335,85.53932872069203,199.55859793147664,96.56197241557894,98.04187323447917,264.7923371475795,133.21785687744213,97.40918701501265,170.43286661246339,76.20109980074035,99.51395115916374,100.12131017385254
2,2,0.0,0.0,46.30602730538578,228.70470479357124,156.68974513868955,102.73735214193873,156.26510665596624,56.71588874657492,129.0285055748744,219.7105404446082,82.92004352781412,85.79818194723724,154.12736811475787,73.01386592554908,89.32537179270655,163.07689326365337,60.82768808970694,99.98340468253302,186.99703618072272,94.17492634365495,76.77519313178183,256.17990093329087,144.89970989627972,77.09473056553168,194.85765186547013,99.71235065446365,109.58808922910757,213.9632881022918,93.16386768296199,88.96348765650332,152.96022550140992,57.656580707694886,117.4348047845558,64.92648385329403
2,3,0.0,0.0,61.65319143685225,215.32975229805282,154.37988337933533,98.86471238760504,174.57489307743626,47.81067446924279,152.03583051114867,216.48156605352352,99.3075736174904,83.53991187998358,163.2753828742495,85.35284292761312,91.86984216095317,134.33673984935723,54.83763141856287,106.35302614860187,161.32484227129888,85.43505086287287,59.029798946771905,249.8159068601767,140.07138292701777,89.43329770998564,169.20263459315106,102.04960751124578,114.59486417865764,190.41099575336628,107.65761521060968,97.88156566468417,163.83307223560809,78.28578516514085,112.87855358341051,83.02930458159682
2,4,0.0,0.0,72.39367694646842,211.8319138264181,160.5090964784629,103.28874548567372,147.2489726573607,53.11292719838973,148.02004187516826,247.58317806304981,81.70448826589983,82.3642540113839,137.9998898087917,82.3238000400349,90.05006196421238,124.85467894354426,70.396263289432,107.46392478178585,180.46240961656602,69.8480285406937,57.37830506540133,240.96311023850024,161.88492568365606,92.86370335173363,184.7273100063976,90.16159775833201,109.30244540222259,273.7405026757773,129.8086230368306,89.96407716939021,168.80800144007034,80.2165358058721,112.97420190127148,73.97223102430232
2,5,0.0,0.0,81.00544659738648,250.34682964886233,167.0292214056714,77.31518079328845,160.68742349784762,54.089741631762514,144.96924551878692,228.66782665920283,103.10050476796812,85.19161368400117,158.36051355927174,72.28178196233976,84.54529948349074,143.2679284623504,56.83274687029199,97.45386103187985,217.95434727056622,88.28319526288813,68.11555239168054,221.71409517483352,147.40318450030765,86.3624770224067,161.19611761405793,95.24747518888137,108.62967795656851,251.44966355230454,147.16180312729168,94.47002898523249,194.19378706193135,80.72074051700456,136.0564397635687,90.4566394303956
2,6,0.0,0.0,65.2956593220875,243.0422759650356,179.17318704358235,113.60877443945348,168.98052448019362,45.806972238624944,144.70249275202585,202.57544055206733,101.01985420300961,84.75850031861907,187.120946136155,68.72574850630205,82.2072131209843,146.1958470306454,69.2454966260786,104.00586295707438,235.48734170628592,95.90737751248264,57.31390176157194,210.98536415542958,146.69163783893913,81.8546142516074,159.93901616875357,86.05071512409822,121.16205420721175,254.83595244997773,102.4808192837093,95.322692361268,181.59230756086254,90.62816799428609,127.47110754217283,123.23957928326081
2,7,0.0,0.0,81.00014403076847,241.60250780433415,156.1290213899579,104.11801326610552,149.20441490035645,48.646555007175984,131.67533268499773,233.87083879536908,90.5381474727442,81.93597396081603,171.1397813895978,69.48081740768845,85.51522270952353,179.22166354510125,57.93296842398899,130.95330150839197,169.25293787049512,89.98752429319883,70.31763420515934,210.05560938769017,139.70830196963078,90.94572313657677,166.89650763245334,86.62127973535064,88.0308587607479,260.4951690458756,135.89099336342034,87.79508318518947,179.81165243648277,74.5399013129997,105.01887509705986,100.04560212342442
2,8,0.0,0.0,64.62898772464524,218.90234749111897,133.76425138396894,91.15689718305345,135.74919722663063,63.066717093142046,149.6958768541795,212.16762658493857,98.86282906870575,99.20204451652471,153.14390304997497,58.66275190220396,86.41074313942887,140.9173303046095,59.34169101965357,105.91778142923316,192.15225568836055,80.78751241501735,59.519102214039115,199.92054708631224,137.94483213073468,97.9546413850682,174.88535820205436,89.2834054003418,118.7173570233237,233.64941583142723,127.94443506885665,93.34343998115182,153.9201570113396,90.28368287539143,129.7319614294278,93.88955290559524
2,9,0.0,0.0,68.021385595586,251.55861053909896,140.9027432095088,103.9925406045527,154.97695421462927,41.81023084043623,148.94665642912315,244.28423140286736,83.96007925531383,85.95759919548308,161.0022093400086,66.99065696040117,80.78347786087387,137.45165015999413,55.359066414345975,80.25559652928067,195.59046295104682,81.46402966440536,57.28610684727223,238.06631789705986,153.77220523477553,87.46167560690611,170.71435980263695,90.40382949331705,112.29940522450548,253.08817178099466,104.46166568003162,106.21310490868515,162.8938457912117,94.08543177761737,133.61043169502625,83.7167265579483
2,10,0.0,0.0,64.10261837601394,243.77111524520365,131.16819277295346,95.50455569247616,155.8128222131649,57.15774425104749,149.8493804062479,237.9602853410739,61.975712408031335,87.77695070665521,151.48359551906736,70.94043411890462,75.4173400747723,160.53411721220886,69.0814054832178,99.76158328484794,189.5086629551661,89.26213075110877,70.9328574736274,212.9324624302162,160.76501496719325,104.14362910614553,192.8325625714241,90.39077898914445,108.15163138972284,217.1785900140598,98.13476685316851,101.04892672624025,174.31932822486237,94.36197795312574,114.93256006839782,63.03349102812564
3,1,0.0,0.0,83.31171619002671,290.7817351008767,161.39776824972756,44.839789882219314,262.7287599795286,148.18186424459046,58.36473132349512,126.82413805134502,98.36219725993367,72.21870006714782,158.11402530904405,85.04362535594193,47.74159142118948,209.73912403400897,178.76132120776043,48.39306583233855,226.70084961418675,220.47242475924713,96.96487577007676,216.97069167658196,151.90774181562773,77.85541168549814,168.85978341601893,128.44155151202344,99.24511924517736,192.69185323857587,98.92416363659285,117.14517403436494,279.4862625486865,124.31248981584437,122.16885787139174,80.79077468348122
3,2,0.0,0.0,81.14192403041007,274.37236857400063,223.0151108967761,52.65354938221344,228.08833830792992,161.65883521638386,50.436015314722674,177.06128835189085,111.63953254864131,58.41977034057133,145.53856715241994,79.82517904001242,52.736956037569186,196.10922863932214,153.74411518099797,55.36506025631161,164.36387745094606,186.57963369349304,95.1860661738699,226.9019776841673,181.41179807295552,79.13483759651491,189.7623956392299,119.91536355108356,67.60586502223772,203.4457899582521,122.09074155138215,108.67713925825977,220.79412085134925,161.72119934903412,116.08997289646868,111.30215220349451
3,3,0.0,0.0,76.91999437386617,356.5580807855491,154.22271879406142,52.87370776109715,207.4541619987039,188.04155090974564,61.50781041618883,177.9795674557363,132.320708054151,84.00347143843348,149.73799141322354,65.73285172859883,53.14584518649137,262.64983487163784,188.40640660011755,54.20294598868717,251.70615309979263,192.5994232822399,95.7260463649034,238.7738090743857,195.92141626593425,62.36594360916931,225.15393442294453,113.72080424557811,95.4563691706245,178.944647508651,108.64150454632306,136.7139078523285,255.5295149238541,147.4547541433744,149.95096766684466,89.00597134659797
3,4,0.0,0.0,101.13173320225594,270.93515095153134,197.1708378766908,42.80641306216,210.64352989697417,188.54360140192188,61.74099337490671,192.8469471228655,105.58801853987,70.9047386443376,159.17236686307038,68.62010063562684,52.5151926009776,224.87332705525057,159.3103008340912,52.598658610101204,259.17206508661224,221.24474741214343,88.56643964224787,225.84214079799517,181.65670285513858,77.17758173931128,218.94180792307301,163.98719326739996,83.90318919143049,200.64508679252606,101.66195519868323,97.34536630669001,258.0286122708659,155.37116336156828,139.55094690382654,76.41403955378365
3,5,0.0,0.0,95.88347990764758,246.68014317499393,205.78223105919102,41.577475259622126,248.88330932598032,166.53777394629418,47.558264527186715,154.57409975675392,95.41895209498247,72.93444317110381,167.54466105618636,88.81736017851578,56.971271853389695,224.27917903248866,139.5525824913478,53.37690075726883,237.11683554031652,186.44724440247214,86.43189485911859,255.60107384372677,154.00881553269383,56.97920850953068,190.17405723206622,101.38176389210608,80.67895412892301,194.97047018151096,66.85310298217789,110.49751239244408,316.4340720321867,106.71741789695847,147.41838918560327,130.95851355304958
3,6,0.0,0.0,86.3627017351698,288.8906374892947,213.82541784107354,53.42873599812896,231.82006746417673,199.83366300973776,62.76622777599109,146.11073671627042,157.24432042594162,58.81885482261407,130.5784335842864,71.6521691488385,48.46947711269287,206.84779045978132,201.3218550444777,47.16586726269887,254.60568030443247,189.05329913536085,78.02314949509535,247.6520801088764,147.47439281741097,82.68460328708419,220.17563656404812,126.50861842856867,102.62507888795707,175.8140540305351,102.34333040467087,85.95422212383772,291.64051369974885,115.95963456550159,134.49552821257234,110.30472648601847
3,7,0.0,0.0,88.23289088939984,188.95721683077716,203.27964424529313,46.664857519644755,198.2082953518075,188.08596914499822,56.882900028334255,202.15659192667385,128.70804428015938,67.74188581759037,161.43188934689496,72.35275492722008,44.32485949487003,221.22130084858313,188.6314943566242,57.39498701287555,281.9119249898956,190.02509216011993,87.91525134435486,257.4373959520957,162.58828472601465,78.53996981720226,237.4667708867159,121.72198240298187,80.40725173119462,240.60172175966702,96.67973883349767,94.32199165420636,275.7631230165405,144.48432104317743,167.77315263025224,66.84289916053774
3,8,0.0,0.0,87.01356959475646,308.24520346614986,222.59632095026518,44.49660098928965,182.6016717353531,171.06000938404975,60.427835158861406,163.94444393658043,95.27735832755187,68.1121076185502,145.0813990698872,83.31819637113924,54.01411200207056,200.43764795803247,166.0136845721268,49.75416245822859,225.5866691537073,137.71307276541614,72.85985252365766,195.8061996749968,181.62307100408344,70.80293646605115,200.98192940143142,146.90776933734233,92.43098568956893,202.55986641382444,66.82679852035344,98.62611333190607,244.88457502640355,160.14783704993573,137.0996245920583,79.26514406219545
3,9,0.0,0.0,88.5275288015278,230.65673821585838,179.72077748474152,45.75982536283613,207.83125209119603,169.52841961428652,57.6025409597084,198.78644262156445,129.94310922904532,66.21366247055002,132.77321809246683,64.53825095934334,54.2270696470127,221.84852835069074,134.79790422451305,48.43120501028183,233.43005958344477,223.5577762182717,76.1106489695561,270.709542752097,168.82768700058273,100.29473728132233,235.36852739310422,122.49265577814741,101.80734790765317,144.52513183911657,84.05909334187555,94.1474561379437,208.86011704621734,175.1088855463807,135.0768362248967,106.59708114319795
3,10,0.0,0.0,105.76882798097526,312.92479346380287,180.78649138573914,50.60784305202503,268.42432657056605,181.6046357338469,53.84013575107806,178.1640007681099,110.89263378780079,78.01399323023674,160.45299045076982,79.94371435131175,42.033100996739996,207.95383016342623,169.12368280773626,54.61268032059206,189.7157619214128,168.0184837067855,75.45615231322103,244.38203233205277,160.33614107925052,88.93324207489103,196.32313182980351,122.41002014244641,95.80093462879695,186.72273299519182,113.55806583764345,93.0052099879755,296.3139620238426,130.49746974271758,172.31020215950824,133.32783694451763
4,1,0.0,0.0,140.38706027547994,322.68966733290324,168.7265178291776,73.7245019306947,353.44805213826146,370.13182242341804,96.5910281734297,307.4114292004758,212.39993398782968,60.24044329059371,419.8680984403835,275.0414013227816,70.42630255444408,390.8923312463703,219.4033728335939,37.780301941067435,395.1253060608022,392.71458531895536,97.82651523476275,333.57418563890263,188.29832107798086,97.2507189144805,324.7477965060314,293.52799476276004,110.94769378439254,300.1512868236613,194.64048385317517,97.77266232271518,218.88126957650422,158.23678717617196,105.47268922126136,76.88323455991394
4,2,0.0,0.0,114.51355416400116,259.2096288808092,163.2425362784459,82.40808884829342,247.48206108899248,285.5664070551522,97.96397184844248,278.92969258219085,174.6347082559888,73.00991764563845,163.88616717881467,216.07367304641406,107.9784017493713,455.1412407963068,254.9464803151651,48.10475752399495,254.37978731449113,328.85526296912656,112.94694585933675,278.5903408208307,189.32823535646423,92.52706490000165,270.06958801360247,186.42738167686676,74.91031735565863,356.9757411324895,317.24710708135257,90.8191423444763,347.8694940737878,254.8798478670767,79.3375270267679,113.96141203702112
4,3,0.0,0.0,167.34920022838878,254.1914034033202,201.4073548397047,82.06858246235612,368.34907067689494,256.79070596237545,94.67721076562609,273.4443322964007,237.19321942214168,65.19404994615421,400.79026658016926,232.1119018155167,75.39856110660915,359.01049861762533,320.7788374573383,39.88435636201762,407.32310485273996,325.22511360318254,81.40217789223739,289.9072914299573,207.53620101300268,88.95068267706574,211.80382404647224,257.0154865610888,134.83908901726065,371.8683652485008,199.2846660462762,81.83678123435278,370.10373310281784,215.62642376022427,95.13783245260407,116.71844016291172
4,4,0.0,0.0,144.39884830737844,308.3579213813576,192.59626314345758,73.91183256160434,363.9699381212087,241.27012438599218,100.52021598261804,250.38537377940384,197.35657046381326,77.39602922998992,233.2017477249987,252.54915230502039,56.19824493801681,394.87429176171,311.2635403698315,35.146884425941984,362.17297870060344,399.71211935543363,93.05818306883309,269.42271823221137,222.06047194069473,85.25838406773296,358.8285500283924,306.3210975089654,124.31718262919175,240.2658833465266,175.8457278157308,80.61724777501823,262.652683462775,177.45430855693814,100.96754352475583,117.87313569190545
4,5,0.0,0.0,130.86375803369793,358.5833139631029,149.93688622515486,68.46109228861336,337.5558733751437,316.67332932355174,86.9855056826367,377.3167989386958,212.4004242000197,52.453823054822664,319.2707044432947,278.2774227563405,70.01418521382176,426.83448995572917,322.1365661966999,53.57688298789657,487.5299646748111,294.00017338467677,83.5653770273484,291.01997739892283,193.6377793057731,82.58273438491229,376.039003045107,290.64560852385216,129.83262690720917,358.68107772513997,213.9518364189923,94.75815499530523,262.90019283276723,89.15238950800712,86.27385610467209,86.08123663468558
4,6,0.0,0.0,114.37471792980003,280.8848242960736,192.70420514534942,74.90405376535797,392.11615410713534,238.3426186812834,114.48062928148457,317.44103247075554,254.02233042954657,70.01089381983725,262.4719386033287,228.02192507109413,90.32897756987133,444.90991100214785,294.623016905916,31.943507603978944,342.66359887238013,299.4063724236462,106.88501396324413,195.31369637005093,196.6541872366706,74.47661307209826,335.08040425568896,252.67544868880347,160.89973874019137,404.4962284864734,170.20125554997074,76.19698196306979,321.49546416227287,213.75597471711947,88.31982573129856,71.23530656394024
4,7,0.0,0.0,121.1854927309591,318.5841493244376,189.36974804725622,82.1707356106515,357.23897313707846,235.93302881225918,107.95816886868374,388.28760834780024,197.6084584114127,59.59904526640779,277.71536215544137,231.9232783247097,75.92992487668212,323.563353350055,247.4775030541529,34.78046723206797,362.50946527297924,293.8795741449834,77.60681305448351,325.69138275023937,240.19120900350094,64.55409509292862,301.8632521987622,253.99125648304948,138.50573812164635,276.4504514535232,285.9712326664468,60.71155664195756,171.0990387725139,177.69928644507087,109.5989830885726,81.40729951978689
4,8,0.0,0.0,103.87393923194998,324.4531283659142,201.58488086230057,78.65106258963138,385.25766829105635,325.44988953054815,77.15491848591004,332.0485353871582,228.11356515991253,63.661155035070486,337.76615714119475,271.6507786491065,84.07447890870954,307.6631279000958,229.60356004686136,45.022890652438896,379.8795388729309,260.29715499764615,81.85126771131598,316.7369310760897,210.09649182353797,60.79723593051702,286.1538046117547,350.64740562634734,144.78507794005353,362.4400669316536,123.9294801331599,88.95572690866955,297.3641736381968,201.81197735698672,92.73834089684024,122.19226107938005
4,9,0.0,0.0,91.20385651277418,270.4312066348758,137.38305119561537,86.86015900511515,332.1212749327143,233.75198661141508,97.46892389761871,255.0393754293959,244.47998483291647,74.44113195136258,287.4887232491595,222.26477426250818,92.98663607823441,261.0986732967973,282.1262100095147,40.90505325403064,456.6120463320053,358.03991854748375,73.82310812238102,319.7538453452204,276.49615023374184,97.26435228604203,354.48935840355244,271.50479892827553,105.22988957043073,256.84260038556585,253.2771873869785,64.00567345231065,287.8429449978952,169.3563807863092,70.32481627756299,91.09824297187792
4,10,0.0,0.0,146.47791201825842,329.43420716929023,200.53714678215772,78.98992216786908,452.054919074064,321.82566433775565,112.264715029796,248.03986499600123,209.99429705680714,59.85561545450977,271.85893286276826,212.74977134183976,83.18587616764229,417.33117992238965,265.783871280415,45.27687858204546,430.3021043909946,376.99780472944855,76.56751204758119,266.1429752930592,272.5225607462711,85.15776890751046,358.1265770107051,278.4699671454598,101.82580908006955,271.5561007657051,206.99946652925135,64.90390661977085,298.13128427727685,158.14615067629916,69.27527908101541,94.1654647404888
5,1,0.0,0.0,85.25431468846267,471.75098288211757,270.36243676237433,84.26928812564283,321.3515520084021,285.8156982775951,148.6389663404543,558.4724782418723,625.7660436530194,149.96794885106016,611.0700376414486,434.16014691380104,78.45552540851338,539.1683530228231,350.6835387132112,157.70443012097275,345.2815005883276,222.84258886987948,88.72781955437468,472.66767112584455,278.19387712967296,70.52640907499692,439.47644324363057,233.46997211776204,83.26867712147981,338.98273557402547,169.20671821818678,100.53318526431563,373.5903385373363,314.5924359354847,51.49532847948536,113.74049461329518
5,2,0.0,0.0,76.18654233833165,470.5587937322573,367.1499009746429,87.11690465216589,340.13949500390015,308.39791968084194,128.0499966395125,486.8681198883213,450.3383498856888,135.32588077636808,584.5139331030599,386.4620523264524,60.839587960437484,596.0505569478347,368.09869948008213,137.01203469325404,414.88578036967056,360.70004989947796,98.68761774971988,433.9385555061653,335.7609439902367,72.14256679273116,399.7248623459009,411.7870315964699,107.16856430957529,382.75547966671786,213.61293630437402,83.61715406239198,401.54202313400833,323.8313637169465,54.20044681379766,92.25770042430912
5,3,0.0,0.0,69.32837006445573,478.0895881211961,460.07114261064606,63.03256018389058,338.9070311343843,246.03058796579413,121.49813221740398,629.8796797216937,441.0621514681081,165.93428740726426,588.3574099552008,518.4439146419561,99.23121209234924,428.05005399318816,367.2297150608365,140.89739216502448,494.27897814509606,396.5831738003896,83.83070221809862,433.8412726616889,270.61414794329994,79.03219584551688,451.9799649728541,376.5868620469799,123.0471466092698,364.5957245030791,239.00784505242265,68.1766947510101,338.20301263693386,285.9329346589495,53.103278391003954,112.8405689160125
5,4,0.0,0.0,98.31732118399566,541.8852044997676,377.82734828959707,68.5914510019915,396.5440116679287,277.45913568281907,147.83020249450675,665.8422652808149,428.0947700628036,129.4759323949793,457.0693605822561,506.94407566283576,107.34219331532118,427.4727413796659,375.3832761298293,132.95069720163653,457.7880883053078,382.7546300587504,96.97977774477386,435.23643552390604,319.54845019253855,76.33608563972291,405.6909153155898,294.75755284079673,107.02329286567134,337.0062958966486,233.15028185146159,89.21305140182012,332.91563161005945,263.1500726817939,51.08432178966021,84.51213609736888
5,5,0.0,0.0,92.35189446300132,545.1852104691447,279.0327993235018,77.80338738365178,418.7240209990492,254.3109807491391,99.87010947500787,564.3741061962363,352.690908216737,157.7074920699224,582.7179793719432,434.21917440985146,72.66448780364311,381.1125893974098,428.4485650293393,128.13705137782864,503.3463727111085,292.23015556423223,94.21858036397015,360.74484996436377,338.59322062030367,76.54056170871594,462.9879815174442,334.21275515079805,93.28725935724236,294.69046498798326,299.90907647241283,90.7477156744579,403.91477491030645,348.4971864379614,70.86468567804054,135.83193385836717
5,6,0.0,0.0,80.84785750862945,543.2553853752294,311.6086603786042,69.5134263137263,286.6237322687282,279.649683847635,101.28636144167194,526.426165468986,419.33564192202465,134.9153203921804,580.6279265744593,396.01891896354005,79.29198572682122,396.17770352424515,397.5954259614707,142.79076122123567,461.97737700943134,369.4783925762738,94.21072235899497,290.2327708210648,352.2531233347003,67.50629589493693,476.08986834010705,272.41258619658976,129.81935782944834,451.3487563043771,234.74943025003026,87.71797078642133,377.5933543183225,314.5370343901098,47.16846627491263,115.12891292467303
5,7,0.0,0.0,109.99819046363211,500.6867214125576,437.22106692697713,64.36987145279275,374.8601161220095,294.4357272347966,117.28694560459019,506.92359798860946,454.61285501291087,133.20250021802426,603.3191435605142,461.4044529201315,86.35058596078467,498.55120593083336,357.4003409821168,150.40532373128968,488.7868441462786,293.2604846298124,66.76587811194891,345.89920696634954,335.4798654943573,67.40773870057056,354.1103941586065,312.5859618305859,111.67084372747351,411.511855912499,258.46248011575994,74.69373041180906,380.16866127565714,272.4828205460264,58.036570141780196,77.76166417427895
5,8,0.0,0.0,91.23461129393255,448.1461498181032,414.65154192407056,84.38578444319108,397.69099191414364,272.7345189982898,114.36812970933211,574.7359507053217,433.984045484871,105.29496498702656,529.0383841683278,396.74910552588244,78.39605218786596,556.2191925505952,393.25996298428976,130.31126968030628,379.0386431787939,376.0369735023617,76.6295235237393,413.794623564259,360.57807219429014,75.92698238880797,363.55870578074746,268.7914746224487,105.80372925062889,411.1593427084911,324.8681501182974,81.04416195636112,281.3600820680296,273.06294339083405,58.30452544547608,98.26119422392762
5,9,0.0,0.0,80.88992013366058,507.5065483288942,382.46168008934933,61.400540720801914,303.2697191168898,341.80598679916034,126.23883201964334,686.8142990264245,501.2072302048866,122.89378646684312,682.0659879422816,415.30343313422463,83.53352082124601,500.0980485457989,399.1421441352752,106.35993158176045,514.4542182282127,347.3080462759097,83.62733295629549,411.50836987862095,350.6181608885935,66.70389704082332,423.5233803553963,339.426845371347,117.33651719414036,436.9543346990023,260.5652967703553,87.17435438854586,520.7737904035212,308.57321652475946,68.73266776127655,76.26827056469436
5,10,0.0,0.0,79.47356121838756,504.74571292354,413.5175022473518,78.87851742945324,294.91667516090246,264.4469585860932,108.31148938505322,575.2413494685466,411.00115636112815,128.78637349377027,521.0942604329928,496.6682426491824,96.32871641925368,549.743118486669,408.95816303577584,158.23332833924974,423.5038723485619,328.04874691706823,78.6607340961485,327.23910707509066,254.28324772017012,59.91629816463242,468.58053563783693,280.9945019940522,105.46355181136728,264.2949446241013,218.62254677480715,90.02213321894175,404.4924628444166,330.04891593716223,60.29339358259773,129.16202146193802
6,1,0.0,0.0,38.1614089836722,355.70602934387745,296.1229956164711,73.36145621933449,345.5271177446301,253.01033339674112,86.00185830084132,477.39734598915913,323.82689781052864,79.16128831205516,410.443157199585,365.1068460351869,49.41870610447132,508.8369439927772,423.9601970004424,44.6356703070912,425.88535234204306,336.75571212677335,67.95858428135499,374.3947747588201,293.14962846819446,88.44594401012547,335.3513465550631,241.91119240956453,108.5036000967769,466.4660676001868,377.95932937661223,73.11914061337768,489.4131336370274,377.47919714835746,134.71831676469358,115.23762332939793
6,2,0.0,0.0,42.44521324966029,335.4504775798817,297.3690755198167,78.74543563144752,325.110147334017,261.39528114396086,83.10030152130128,441.31379980483104,390.6573130700187,56.644666469951225,480.11052959882295,373.6758190010551,64.6470269835743,370.06201579716907,354.2471172028094,40.01263275378347,475.51839735840053,372.6505605462861,73.28671689453981,263.27397955809136,311.49406336277303,89.2690281521806,348.76858275275765,266.97782910829915,91.52317784707427,401.12380616486377,393.0765392913279,74.52897448974355,414.6750049163431,422.01847527221105,122.42269465232118,114.20406140074934
6,3,0.0,0.0,41.517870621494545,343.04288656489655,295.25521441487496,85.02747640646847,361.84519562411737,226.36358539115588,89.57386614027389,423.6200862434111,332.7769401977156,78.87782649492071,404.16854410993295,423.68648706992434,55.43846863403985,435.93093598865556,359.580171643821,38.997545235482974,431.3314693458777,368.18194778798176,71.13135009795481,313.54233242357907,246.83290495732416,93.1587424808329,359.5627222022408,195.01181548296057,96.05319756300278,453.8726489915303,404.2179097903749,78.09913438712516,488.60254221028936,421.68603073439147,129.89256308581264,65.76034370612102
6,4,0.0,0.0,41.705565648053934,340.89052400299164,333.76618732459485,79.27503101884886,279.3101284622298,284.95011094854544,85.19549195158487,449.63231114232883,388.86598141193394,75.83520355284928,513.3834520886261,467.9820121622497,71.66040214286943,464.7938424961655,363.36267427657805,43.61937022343573,395.57454758462717,340.72504508364125,73.48450311640443,323.7241359999503,259.92381108206524,87.6330691666781,372.243786005851,229.51200165190798,105.29821044268284,464.106604695257,423.5840680298405,66.1343670347704,486.7037420845747,425.55340319183557,117.20913422381795,84.44259212346009
6,5,0.0,0.0,36.45677317191821,316.9200315084538,298.4149976694896,82.13395996908459,364.99470366300363,245.69262352106549,87.35171196058141,499.0375583774156,321.4933969416946,62.41752289845195,441.48854453445205,380.54930588671834,64.347788345004,450.87932634383066,373.3257685613855,41.128581724996224,345.5793845455582,368.0838660741544,73.05143076721917,311.1113287504539,241.17995563669803,109.22031983579222,370.01080858185304,231.6758056955427,90.62373638045302,537.4127347479076,360.10000564632213,59.23720386767303,515.2012094792598,328.72483012158614,133.36657027797693,90.10094195027571
6,6,0.0,0.0,39.79043957208718,327.3881885894209,330.51988379327514,86.28352501352992,294.0955263880653,266.61238565934485,95.01323561579353,420.47699657182454,306.28566503206446,71.57762452540787,391.79222558879974,392.1558627778779,61.80301704577712,457.7937661725416,383.01207313283385,34.95277464673696,358.25658541218223,363.23350743041595,72.39350231262743,343.9904489537521,258.9575543324766,115.2259460868972,303.4923858819398,251.05180727902138,77.4843457170176,434.6719654119606,396.6512771155651,70.49138122679692,477.60019340880353,421.23923969285767,134.90702161324296,125.43089568923199
6,7,0.0,0.0,40.91479978841121,350.6498980973571,256.26516699019686,60.82602953141321,329.2998775110689,236.71005624749324,90.19929495019349,391.65797342810754,324.92238941664226,81.3261672630865,504.9215100774747,388.7770907920026,67.18896958305206,451.70471162023347,315.831579952144,42.32648886608663,369.1977113194205,323.6400350492073,72.50934330932694,321.7905882090399,248.3659574656568,92.47064811981298,367.2203958563765,296.1579503458329,121.60122341672044,463.14767495927526,384.93879230982714,63.600174403965,470.4052641087851,370.8644959534686,120.45316956102295,89.45245758732719
6,8,0.0,0.0,33.55123121047587,344.9478472261217,253.46397223707004,70.23529939103489,290.4948370024268,281.9365514373294,89.36040950005561,479.13897452124365,408.2780085283538,69.94736844939821,443.4715916950566,418.4470000415201,70.6842402366213,409.4355116051682,404.35036379429573,44.952096875362656,400.9315842552389,325.7643583252418,67.03895950285205,283.51661582982115,272.6778700933046,94.01664211788467,316.75343657303665,240.42309926922758,109.20536904147195,552.3808741394919,326.0508802903462,59.3877672173707,462.26222289477045,457.07912246171134,133.06694411012444,96.69640136017858
6,9,0.0,0.0,39.81754687481728,362.33998788621386,377.14065117535336,82.4290236735605,316.85307209824515,221.82318422068346,82.14250433977261,496.5607068675389,349.35751393217714,86.27924047991787,469.5120963103448,375.1201344392064,58.772753457564974,426.9667480326632,351.9002559035561,36.65444367909884,310.1233529061525,345.3978753165203,63.56224510858775,312.46582922135724,257.6798886588131,75.14072038591671,414.8212651741476,225.4881847867033,96.45113619836698,462.98465547992515,375.83944510845873,71.4784291552199,499.9754976291101,413.0174938959884,119.00976951039942,91.8526258963968
6,10,0.0,0.0,40.46094632338448,346.6704969968354,352.3601905963147,85.48134558405874,308.4712015952816,282.74960971793433,92.12209907242453,486.89150372270547,362.9811646104842,68.81713516155719,493.6101644622739,414.8719748404616,63.50974483373873,425.7441442206293,402.6963236242034,35.097589265986855,390.7209802677981,388.2167687613757,76.77731810109934,340.336576479805,276.65632301534697,94.69862549527056,361.58896441306376,251.30586294749529,96.22904594665147,490.4463376244011,400.0912605205445,73.90547083841787,472.3575698152225,405.45798413558333,148.24907276238568,117.12323064647885
7,1,0.0,0.0,56.94015263395416,149.82614732651885,88.73880888438819,121.14977455851353,219.48572207760714,83.3179692636151,73.85955301271916,134.43353253932003,58.2274143131739,94.27902390861063,190.6975134709476,96.34143306427379,132.95742602081725,182.8463349240184,21.295461984120504,34.5492134767709,150.7951908823661,85.64157183998516,73.32676688864106,160.0020587207998,76.1067900724579,106.93752285021179,171.26842012204594,74.95914282450443,80.74166697407348,174.74477641222356,71.9690512434948,107.96736117024052,185.5104848740288,90.35020188824195,120.01054100679748,92.74143689947257
7,2,0.0,0.0,60.414984094802165,139.68155797319096,100.26996594092739,107.74174454549608,201.13561876626363,77.61586078598769,59.272136804521494,146.1737706947343,64.1537655184603,104.73193662656458,179.87183369538135,93.0985798342181,155.21431278352532,197.9266150772533,18.287034292265382,39.48244015683391,136.01985148687712,100.99741731455394,77.18699611690882,116.2700933237033,79.57650913546635,119.87822213170601,188.40819024437465,59.85364400885355,61.69027611903524,183.68458249606735,91.07675434711969,102.53200758150713,186.56896805876863,106.86445645656369,104.31637155183134,79.47839363839014
7,3,0.0,0.0,56.4555419839083,151.76318075358972,95.69075472451249,106.89087550121693,169.68001709354192,94.86137274345475,84.2023176779562,146.40266738955475,67.76516197620302,104.9541771564664,150.46655894026543,104.30462729303332,148.83719390747223,160.15955953856437,16.406499774961635,42.612364438830184,130.7288895848404,100.15933318847502,62.010252245771554,136.15646552066062,87.4161469929344,92.31135022539145,194.22122353951102,75.57074288709937,80.41957736874427,171.96774541068345,87.4358414984189,95.64456414499135,186.42574846482898,103.00050869897746,119.94521391074827,114.69742137464792
7,4,0.0,0.0,56.27342006303233,142.39402298639902,84.15642553389108,114.98925851962846,245.60930329037637,82.1954924274164,88.3612355835738,161.52815631338055,73.09173602086945,99.38323814963334,205.2496110349854,101.58514515117625,162.75970204743072,151.5422854232219,16.5316713142308,41.00262039728945,150.58919612791647,94.01388555308685,65.3382617585429,148.40986516086133,76.95626647812773,103.90579083890756,184.20057056499604,61.710577200887386,69.62728604802824,181.171127242228,95.64513953702699,104.582615355136,200.07073302153202,70.71284145324354,108.43074801112218,81.21701674363305
7,5,0.0,0.0,52.34124408071884,177.20661070710364,96.95976063495786,114.04119951197235,194.57552744153816,100.85099651902348,90.07741777155827,149.939002467544,59.75031212525699,109.63471055632883,201.26935205402725,86.32623669860257,132.61620256035766,162.747691664558,20.541717668290392,33.982778477665214,135.77617453494383,103.22986322462042,61.75827377612933,168.523406378972,76.7563282052753,112.7996370144604,154.42518536758593,74.26878375732144,77.18886261272391,179.71460424520015,79.94231133763836,101.6305592206793,198.49655188992304,84.51635148153274,119.890417071976,113.12451856292176
7,6,0.0,0.0,64.06995202711873,167.73365919005488,98.98440512284445,114.09344610862242,192.4430515307717,116.43283503047203,87.17514283558947,169.6017891698438,66.79279376862864,111.96105868366546,211.86694829341644,97.65368108060018,168.79361522732125,175.35334315274648,21.804145166514104,46.67251004417109,135.87510801638174,104.06008137516082,65.77417426503966,161.76457007211607,74.01321685051553,97.91957680521158,175.35598979633622,65.67973982403859,75.41771020146892,185.1402176150023,92.02700266429869,87.23428987210225,184.70634224242602,91.55170329982182,105.31433050610528,98.2322226381899
7,7,0.0,0.0,65.45142837381522,165.49650911628066,93.3042413103514,109.46580029847392,195.3336242809537,101.33019473884173,90.49159759199568,166.5546405703733,64.22579856673734,112.20824246812789,197.12122631253243,98.46854432995352,139.7418566316685,135.6292867010626,16.985987743426065,41.493478224235,134.68138623363046,102.36301096158948,75.37867292718552,181.39491074121997,63.88813674148601,109.38872308563695,158.68046827438135,68.66958940979475,69.08100755430092,181.53995754554347,90.32424796042055,104.61304432865971,169.55898376480613,88.26537770692946,96.58696928421531,81.05944755607368
7,8,0.0,0.0,63.16725436131799,157.37754245341014,87.34287949868104,103.32544215858668,187.82110421754015,101.28400190310515,90.6876347383061,154.35097779919408,64.4206450554495,88.40844835243743,216.27189534464304,83.75450694173801,132.28708133285164,176.59662107302572,20.950414248896582,38.110926050261,142.62736535858005,104.8969906525057,82.55821098489977,155.55360442870335,90.67269534424466,108.72772092207514,196.47845747760726,67.3907187878094,62.605988501193124,166.6817804392933,110.79619574082352,99.23151473423573,197.95312677140944,86.44650637290293,106.5028321098862,100.55081165734775
7,9,0.0,0.0,49.02165011937678,149.52376399543476,93.33693480074047,115.62389649172536,168.12020144920484,95.61515347545888,72.16467507177597,155.9621159369396,71.05899604199676,107.27185527873533,213.4717465408217,89.14684223611889,164.4148779335236,159.25977552161504,16.315457808808965,37.52023411109336,146.1011513453479,96.03617251406813,68.18957423318795,127.71996297560534,97.84829079490554,110.5427420274087,177.84592579162313,79.50483838254962,65.16744547025048,189.2137525590419,104.6292690381443,91.9761934082068,223.49629630682423,96.88406107799247,109.92605396970445,114.58582070995737
7,10,0.0,0.0,57.26984317728517,164.77914816592744,111.44769822585351,100.67781073008238,194.98114626777308,84.79491794699143,86.42119183329291,144.47061737076874,63.06698636045234,109.5099801163485,200.94008986687308,104.59958930462346,138.47260551279527,159.1372212779257,23.180134189146923,42.88271545768701,143.51977798212255,105.51617160001467,73.0485613637745,142.6733199668658,64.47030329155407,103.64536226206378,156.67230869534507,84.29884900308274,64.34636963314549,134.44269602373973,93.71823396548432,114.18956454616361,178.69713578501475,79.43356989222967,91.95574152922855,98.46694826168509
8,1,0.0,0.0,118.05844826053428,398.1296151816169,196.30494879156288,97.58631561919015,240.78616020710666,224.62053617066016,97.72326170937518,359.17236031644103,278.4437864431366,59.024689870345135,373.6030993107559,323.68089848775935,90.52625984944959,365.462885229725,351.9352399070317,78.57887697564502,395.6339060917148,293.5379171229586,62.847874155275655,458.4597424389252,417.83326077207994,60.60479447718859,342.32453216299984,257.21349000062065,83.73076578721037,314.9140306296537,263.28000238365615,121.03051176724674,327.3910656284069,247.41290178805355,73.03774242212309,98.9149526111665
8,2,0.0,0.0,104.4882305773043,310.7478941649133,193.83652862170598,102.04379028935327,241.5620426421265,189.79142538322827,74.89287230182542,306.03880940667636,294.0775814739758,64.43733815074943,379.41953631447683,299.2711526012392,83.31322140603957,457.0941688270358,278.61260530518985,61.121675859408406,317.7399897811138,223.80070555348345,72.77978417025001,495.36585362644547,318.78689445041834,52.16876694194101,312.6861580311256,142.80543315135105,107.29991282254068,445.47590016188576,309.95628618344875,118.59518077362395,334.96487819987505,249.44354148037246,86.50790564570919,87.14574283799132
8,3,0.0,0.0,105.6345870819697,369.6571576574415,231.14839244609192,95.45019392252733,303.340664166315,171.77821307978877,95.25147511710895,364.6116331747556,280.5111920531349,61.625872424060965,342.8033067436006,326.6631578751481,103.17366300529963,459.679621139696,311.2668700456806,70.42058995394811,302.0948790234776,229.91322902792126,57.11293013725539,422.9429885811236,460.09862598812174,54.61383113299742,275.7211196011886,252.1405942001945,112.20826054779391,379.5793819357203,308.64767864715475,90.91888480975311,392.93484044803415,221.86893920866493,101.42038826290411,143.55424065697966
8,4,0.0,0.0,120.69753710701494,308.70488186008004,228.42690891945787,93.45091512143989,307.8296325523484,222.52752048335378,92.19051079389573,318.59547762640534,288.38254625365016,45.50871761900901,485.59487634430053,312.71109778508594,101.18510235520061,429.27044524931654,311.96556803838996,66.25817857671692,371.20752033263364,269.3932967377875,55.08515708224171,560.7283069059181,416.5946630943476,53.34547798243595,306.0479328311183,237.3620657297093,112.62644777763197,346.94516780681363,256.4775811088513,123.45564716734363,340.6621697096288,199.01396184644815,67.44962940680365,122.16649768526264
8,5,0.0,0.0,100.36410671441008,310.5092164369264,248.20876861243846,97.43520314233929,294.71592939194954,263.46737217910453,110.4113837383245,383.8694315885761,246.8683482218054,78.34921034342304,351.6217342644137,376.87219886690843,78.44214794538256,368.3544671065515,352.0649966971214,64.75952066516629,314.50075057577516,241.31718606925628,69.67568970360581,550.1839025036792,396.1554533129851,59.00974284156447,342.56371418044057,200.6921362181721,120.54445494430783,404.89973453172223,264.0839543285262,104.77574753503072,324.32235314655554,252.876741204485,103.55180439520464,81.4854038714962
8,6,0.0,0.0,110.83480650506213,294.0274364579869,234.6306691872795,114.38720705401556,325.7575501926898,183.79904957504607,97.86098173447645,294.05023818920654,294.25481870207415,68.4524987085885,378.1940797601136,395.48179741561785,86.18566191432501,433.2514366587,382.21638037182953,71.78720229950585,335.712706385335,229.4315712974179,57.63169704317234,413.7608895167614,360.66133631273055,49.78726448113188,282.9260693117239,265.00758910710886,108.47893320170255,325.86310569970135,275.94301015091276,113.3927221055053,332.9719194292804,273.57272035538426,87.21097221343524,86.61040018046896
8,7,0.0,0.0,106.66478045682462,273.558937181901,264.8730580506042,86.43688927674776,297.39589603714353,198.41616291049903,88.89174509563613,335.5827450243208,325.32067358498676,60.876321595156604,425.200844024836,286.04703874486756,76.34320620187653,441.4866560384993,318.3571264802069,59.0139507006505,381.6890507588496,275.0068775590688,58.85596380580713,513.8848524548723,456.7911085594631,44.78910379905244,307.20157381634164,292.7318493956863,95.6325570972943,356.34080599712667,279.0344317902839,100.6913812910409,319.3815938868866,233.6265002357342,84.82996941363876,57.71206322899074
8,8,0.0,0.0,134.04542712559015,328.062492894411,251.98081022267593,107.86165349855223,309.06895406362145,197.44103109027478,87.38524956232128,325.53393939992526,296.86107216916974,73.83264801681678,411.6252740759295,366.8014027610097,90.22339290141578,390.8306148242714,321.8493905743368,71.7259450793619,359.9243404704085,239.23527232946333,70.77698404882366,535.922288224686,389.31099906979335,58.00513813127733,292.2310986012559,294.5797667002065,107.23643645570989,370.95863393440425,229.9160213046131,110.22595038228465,310.02248184630287,269.1727306621059,88.51501166508355,81.80984460050954
8,9,0.0,0.0,99.35952145174812,333.8336525760234,241.8174816667243,107.21735021549952,328.190324822545,206.4539406579145,82.46441069917054,343.00552768005855,252.7009002898799,59.3984594379851,328.0361841483956,297.7756823414088,103.51299078390468,342.17871480034205,393.27873766045917,76.47895525056705,353.6309906254545,296.85940449393604,63.82183117484472,508.173589510031,385.2542574380418,50.25753318635006,338.00476721395194,270.5750747122349,115.50315301397117,376.3893930292493,236.94193879642555,118.66949400698985,265.8371410169638,277.4215216387879,86.52736502273322,77.70674313348175
8,10,0.0,0.0,78.31239381833238,338.0698622957241,160.67712659151044,106.03401792762399,341.2949946050402,196.617889626967,103.01981603864843,329.53204477311203,275.5097309532774,65.0789795215205,337.7852897933391,353.3835268717375,89.69275192509195,412.0245403691315,328.18470478221604,68.18491037410767,323.38066155784225,287.15416150243095,61.68140325076491,430.1562545122681,438.354337010624,40.46040862547095,315.24016409627575,248.8881710961767,124.48161495503389,315.42369995259907,262.70542167169486,102.54753031999589,437.77488697175437,225.47490511556987,96.91538526566745,89.47029553158292
9,1,0.0,0.0,113.21046878039786,148.94336588229862,55.14046651961614,70.7002167761051,177.46916250165273,93.90603013064145,117.01881806844169,127.23702175725266,17.08906847122303,83.01960725582579,182.73908901549666,81.7589748951196,125.58105960381825,143.74083026239668,41.148674449719934,77.6747027902633,124.5254136442387,25.52209043856307,37.694496855566506,209.56734961585076,123.82495954997067,81.58922904241128,115.10665563937818,9.235124541535662,144.689300697047,112.06399637272827,-18.374070321828505,48.48967076473764,116.35807845660703,62.30529499757242,105.40472297440725,101.10129333358675
9,2,0.0,0.0,88.30880559895681,126.41395314537927,51.04333794572012,78.66368115370109,152.31421389278924,127.77016793769435,120.23505443543793,149.2272826917169,11.160737067490444,91.78862912953413,169.5480333702529,116.02097380679193,130.76104605031463,184.68050744856083,41.22589851852105,80.01923061854612,122.22437699826347,24.51104197366933,38.737791071354955,165.8875183897454,144.09521526084973,105.53504417130861,101.02572206028549,16.733923436623297,112.72296541894269,109.3886551545609,-15.380068737495016,31.114084919606796,106.89749591914395,65.96959056281766,81.94202626863759,124.69569444816277
9,3,0.0,0.0,124.04376548043939,148.9787454751517,41.70792909391638,84.2772391914811,162.48694518626382,111.86066135365635,122.05506369925986,119.75008325553412,11.575632918225505,77.19403504425563,208.77359381947326,103.68310581853378,125.51323147181957,184.4283794486538,39.031839647328226,88.15614033777945,129.34503661928076,25.537334757223654,30.51136238886076,167.11394358825515,132.72484072579,99.17460075127275,125.13982521216447,13.10652876027724,166.75232604454297,111.79619916133706,-21.094975863977517,39.59540998493218,119.11199628864668,66.94896061580849,98.47677238281291,88.4020597438778
9,4,0.0,0.0,132.99397574483262,178.84856033061595,54.66308829010966,81.47424616004,140.90969595293572,89.06506251942801,113.22992832444743,126.45410677927701,16.240357327415268,90.58650944387776,165.88500411421947,130.62407072755235,111.88815059836499,173.28315687372427,47.81051687119487,69.51096121258158,149.34133508473508,20.672419030115627,42.153145490317335,198.88502325259088,127.86612817181549,74.93431742596522,110.52868593543701,15.732235844445146,138.66374962198228,129.00396595914515,-11.159766631220771,43.28335466702881,98.77506737048085,52.20019608387717,103.29376021328176,127.43351491439516
9,5,0.0,0.0,105.73758094380561,152.21346883390305,48.25184596236925,91.70678976187779,176.10658779114345,100.81412496795555,119.18732511137051,146.7719238232067,13.655780766335395,70.88726593918283,180.419738886136,81.59798467285124,125.52632898616005,174.37798165444678,62.48424552316738,90.48702222210694,117.55429777253907,42.97631583403843,41.402032408062425,159.7712563385903,122.67392389182794,100.09623059924817,111.88838969235057,14.34229441556802,155.38873139871993,118.7635846229351,-7.996244539565978,35.891336006813624,116.47194063751522,68.02456900035918,96.34033933645999,84.22257146045216
9,6,0.0,0.0,109.24441406948462,125.88490200899754,41.85356186912589,72.3764431348328,148.74482259683353,101.52040709728446,126.30871306746239,149.03508320881835,13.136056885919343,90.13047125358801,212.8897721589618,91.63268159178442,137.41698731995734,185.7526696209548,44.21638484913683,91.07731684204141,132.15351160109032,29.84223348110412,36.625016426884756,159.30272562806354,130.55858010392637,114.25192483718635,101.59469660707349,9.54508423946816,133.6124093529282,124.95450462304476,-12.62594414217156,38.468447495334885,88.62497181259083,53.385653474496976,108.54372490632103,94.81667332084874
9,7,0.0,0.0,106.528053379908,147.1015069346466,39.92036371458949,70.64130214189412,206.56673067161202,87.96158161522901,115.09172326990958,146.12629799821883,20.549778607289998,85.47907283584482,166.3742867518771,87.59020726188663,159.64960135632933,144.20006555645952,42.8677363206213,109.43247315100723,118.36077429144295,27.32844564774854,43.30195423524553,171.1786497499631,128.79906425901208,84.62851541091557,118.21665132104562,7.828771042142415,155.83369679644295,117.57842533474872,-12.247042658070272,47.66808449944113,88.58331237706975,62.61709168889451,112.02447788875311,117.00754305256463
9,8,0.0,0.0,106.56690397800537,152.36411018422342,31.871041939571732,68.62618951999987,147.20953312906093,85.32321619152037,97.02249321731546,105.8183777682836,11.598747456437737,79.64239515617244,175.0495002462796,111.41208438919718,100.50353399300192,190.41340861675633,50.77809042331978,95.37027479550383,146.82128433146136,32.397082684866774,43.79035473931036,152.60853953052057,168.57606674704678,83.15367642052597,98.18568928320765,4.513418836054216,154.15789831075116,115.8072574867167,-9.826295496476101,40.98491336832079,100.32350349875975,67.8662023543058,102.55282302094119,101.88205652229881
9,9,0.0,0.0,126.48826575801539,147.48201885457038,38.83112007478416,55.739696847287206,205.39086795369914,72.39166633129294,86.63001661661556,127.16491570382713,11.61629174209183,98.62710980276879,190.9662807105784,90.3978545024773,131.72960274615554,182.87893437591688,42.43613971673317,73.42074142438429,121.7285119311541,28.641688653257418,36.57621530975876,201.8159935649892,128.01579593197715,79.70154603402054,101.34023301848076,14.042183436999219,145.18975625559196,120.22285884235208,-16.915375974909857,35.441040196876195,126.53424153850605,62.5912648986389,100.34576167304924,105.75561517555528
9,10,0.0,0.0,88.73245717654186,129.20761633519925,47.55499010712941,92.6193841929595,157.3327649592848,67.08201989177026,100.06587470797486,125.56166791740553,24.081534543436955,45.22662869741706,173.493407022183,96.98333758131182,107.42070616413992,167.4578701587217,53.03887327420733,90.95420664445903,111.89124032010835,38.28960479440491,30.986024881474997,175.58765326887908,160.40588190327998,97.2052296058489,126.44986707382013,11.935590376325734,171.20564317082264,89.16804702110198,-12.654799562291279,42.453715624182855,81.74187434190661,62.76313207924327,86.89326884694924,128.35005330205598
10,1,0.0,0.0,116.6350509661103,353.91677612232553,314.05354540725534,108.07913308662532,397.8382311330702,340.21847154273416,94.62515314134396,395.6223924215756,244.38889123228995,120.85564378944851,463.1848793902915,351.67983547971363,124.9684018738397,382.8881081084285,274.46540693191434,78.75889807313887,261.4811091920379,172.18279865315608,100.41982207778591,340.3981143965388,280.49219211938873,67.2493007608767,303.5229622537274,247.97167312199983,68.10280009744004,427.7443313876148,478.4045641359665,63.59883378594027,378.8522025734788,237.42593934671552,113.28830174774937,88.10041796429965
10,2,0.0,0.0,84.52288397714693,390.99431101858136,312.69552827534415,106.56933271631664,458.96351718301077,218.15621372942928,97.15238978974698,452.8273845263313,357.29722431762946,109.34325918712537,501.4702610454926,414.24417531226896,98.00752353945319,399.75487098402056,204.8173762757512,72.3839028853144,307.4435705673322,164.445253476497,110.56412514322619,333.4500523846087,236.23423049852923,60.944624699044724,318.04318215854363,217.24680154282362,58.58148090180709,425.5431922682296,416.5585743563572,85.6271278989837,315.91537441664286,253.89111866969688,95.31903329780083,94.18794152059667
10,3,0.0,0.0,87.89510322267296,412.6463381226587,220.12473146125637,126.11428966493844,373.57176122185297,248.94750702346846,78.02462639301801,326.4927047503341,292.52545410181534,111.15799037404301,517.2682493524935,339.55033268455054,108.34331162266182,359.57445375745294,280.0961932885534,80.4502162658769,226.96631430735556,184.8681110397134,93.1085082987749,357.43565458585186,170.36714393584035,57.11675543218944,363.6792778630216,302.470048845506,75.97454726692897,450.7212392089496,369.63503970480525,71.70151395416677,411.0772644325307,247.8737294342121,118.68889697484802,91.33237487548774
10,4,0.0,0.0,91.32134058904755,436.203572470504,262.72526854184446,122.12347320181125,380.4532650022537,271.2993163385042,96.05229438030008,417.2825240597783,358.0733492768682,118.93535581257358,479.92209126899667,363.08613804147325,119.86886488359679,384.0099130619685,229.85427359307835,76.51191212476304,236.4229499475515,179.06240599597112,112.5739646563554,360.9503113576855,286.15340496277673,69.36560041378142,292.3613576245407,246.5819714811787,62.26488642336633,460.8336999289697,354.97774148180497,72.16674862302918,292.07815969530566,243.9713188665814,98.32576059746128,99.18762660704468
10,5,0.0,0.0,90.10559614095199,393.4109922496657,297.9797167017297,100.42282727490007,470.41701447003436,268.34750360810784,73.08303548844543,390.1024632031021,295.3261874632889,107.65514044517683,369.5464462903712,409.66612222363835,121.83425009461128,284.96981616833796,293.3204940014182,86.9645967326769,253.40408254459103,137.0833240416854,90.08309830568051,272.5835521044841,248.9874622956256,49.123385745743875,309.55422915131845,273.9776796739647,65.57097993064232,397.56561989687737,345.9283429813083,63.691814645889956,319.9686977719997,234.8709928118565,108.7921653094478,98.00699040090474
10,6,0.0,0.0,77.23269151129554,336.6330792616966,331.964421980902,98.06607625535926,424.5903840616421,342.73438183092765,84.33121652769661,354.8489446116966,309.63958676130807,111.93974840947953,501.14301433521166,375.0522788714471,132.1586397020694,431.870683765346,262.17142450678523,79.37601779771443,285.270821182464,170.8811727950101,95.03567418445259,375.5801979126944,275.38759962824776,66.32354031707064,365.5596340562317,284.3976749945383,58.349846051462826,397.9153018249859,364.62792726013396,80.06967213042279,415.30839492851476,303.2154765047996,108.26098556627856,90.14200881927452
10,7,0.0,0.0,87.43588397339727,419.57702732626376,313.0132335431467,103.10309338406316,387.7369818445448,283.8046424241544,94.75612758019284,438.43688916389976,258.6735589046372,111.09760735829674,476.7423336014617,359.19258888586774,134.31953688961238,312.54083717797806,282.7920322428805,70.20181238941592,233.51248204631085,183.02928324108925,107.31457699110045,404.8710969233914,222.39646123606073,62.05341731773283,328.1704327327395,304.0505620161746,65.32159955139915,401.42373625755386,408.4276090933685,68.13380429230224,324.49282618702114,244.4981471299164,119.90588233463959,99.2094765628726
10,8,0.0,0.0,103.77001942054346,352.7303899375605,314.1719917400511,96.33947033316481,382.4044294950017,297.5078286926838,102.37077774805431,469.19413066129596,273.88969413290965,111.61192209496426,460.810600301214,252.21313186772608,108.57002159851325,427.9600835067729,243.09634087113642,84.85587547980188,266.1856951712685,186.32949907929554,81.48173089581277,382.15004510568036,265.1301839850646,60.553042456796845,385.78145680052205,253.66876739246896,56.41062271350979,347.0001295835036,312.75236232526663,71.43731059275007,306.67556478242136,323.7149572453446,90.03365773632243,92.35628276442944
10,9,0.0,0.0,88.55148991941589,456.15690782152035,293.94800892206183,108.9373998407552,426.4888301268764,424.8055512499808,97.61602520669621,389.44453526377015,334.0546416883359,111.77051590084697,384.8771945354731,347.5918828650354,119.4445984724026,365.85771738099044,225.519397601569,88.9156655275957,247.93955226191795,146.46933026743,88.23475280486191,377.2027126317706,280.857555180665,56.87033164791383,330.0086346686671,234.206387482217,61.060905901646514,451.3776348773127,385.8707851502214,83.46417527722193,383.29477808466527,259.8219389583041,114.31230838379261,132.6247564783339
10,10,0.0,0.0,98.45181995526315,406.60577848857844,281.28593442371874,118.84315561203879,357.2110144767523,299.4381481085172,89.59767260282685,312.96857429506855,296.036516984114,116.44005772980364,498.0603425365495,313.6251879027051,109.01708425053019,412.1385921720593,249.18022323471834,91.85536870990062,216.12257847650864,181.97024936117867,104.21329592390217,348.5353624805464,275.2970137304301,77.14870484904077,360.96712301635336,302.71691304514223,58.234997086645926,409.71043787666827,288.7215989552052,71.89804946324382,330.2461553416732,269.9858666901143,115.64820961912946,92.78926851971426
11,1,0.0,0.0,124.80112126975216,269.06709911957074,198.22575198670685,73.86301150162122,282.6567966677272,182.85177351889183,42.90382071811878,280.4561840706477,251.5148663642458,90.32572709708533,250.72437958891584,169.06995844972636,85.89807288374725,354.5600678940364,252.6744410332806,113.7690011971425,247.5709218597247,116.35397410200575,74.98874843620767,160.59688474204052,117.43138253217438,102.75138506545304,248.91656460234086,206.07248578383818,92.92047490226956,226.38581595144592,148.42979730656552,119.16963227509191,267.034971388081,160.82531931298425,126.86083950515732,102.74114770349229
11,2,0.0,0.0,130.2233934834093,279.48015997718807,217.5911298887652,73.25540893486462,256.3603898916004,168.0873384488581,54.41666301463566,330.0481543371378,229.60980513896422,87.5024415804348,250.9284983407625,181.83363226203065,89.08789915457845,344.0670772981036,232.21818249430606,90.59323294844626,252.4699458949601,154.20119378431423,74.13880070288417,179.61545787956499,110.40909093254379,100.45987735480628,294.55610242682144,183.8681407517444,70.32663918526644,241.63434203567505,164.88984553251834,140.780557693094,240.00375512183265,151.44135011713036,101.44643945135859,66.55303749858729
11,3,0.0,0.0,119.8092245611976,268.3085813418032,149.76212190681053,75.80696423633269,255.82711881928066,162.28489212651414,55.39862971167019,272.3336499217243,229.92362116140322,77.30046356249841,248.8631087182338,171.46046349556968,98.52918550263031,313.410724541815,208.3276396065892,129.27693856424347,258.5960414930917,123.11040194965986,69.75008935584985,185.88336055934334,126.45580705171066,94.73420894005399,364.9698914077186,206.84478398381674,94.36911853671012,203.18699295283895,176.5584895178337,92.99864983544894,307.07251944046385,165.6409097992372,99.5483454033654,109.04381107472507
11,4,0.0,0.0,100.33841793746052,265.3721975245057,175.77293096047003,70.85313175989683,239.202579923826,143.98805731234225,50.83271947408404,299.6845486759128,160.42806571659406,73.34233841069276,229.2671190024824,203.50856614976504,80.99837435524162,239.7624590182213,261.43095334009405,110.0003538218781,273.12091250631687,97.30814220518083,86.56612585728293,192.01593269529468,116.14521224004038,102.71222957653772,319.16835087649326,205.75426483051274,75.53176651117427,205.96111888528833,159.5630381009136,113.11921528582913,244.25816332811436,197.64514953903915,92.54167210565508,112.83183140649302
11,5,0.0,0.0,105.33855211638524,290.09397475090725,195.21290895434683,78.53422707850552,237.05149192996387,179.9619049887807,45.51703167208986,268.82188417942615,219.71362638891281,78.7548406955209,273.79273188662296,185.19653269983408,75.27761219232673,338.0027695045083,274.95678239890935,114.88845977119095,275.2339880982822,122.49626971814324,86.0423059284881,127.04220647925862,119.58993606536195,97.39563558642287,299.54306165333156,206.69928468297755,71.20463586722848,221.964963413304,138.13001103421038,115.70582688829033,305.04633033314076,159.34913481031012,119.19775969235558,103.20675599653326
11,6,0.0,0.0,94.11607847821926,306.88381761081524,172.20485178610588,78.607815850047,258.1924115076555,171.46683562689688,52.54931520956383,351.0976636373417,224.9011140070734,91.66456625416807,262.33367240884115,149.85487901830072,76.23587954109115,283.2271049618451,262.4349583814393,102.1642583632433,253.55885680489737,130.72390173666378,73.48444344726965,205.76580158012484,122.84103233564758,98.35798693527006,319.77914058579034,204.987668143931,76.8023025603245,237.9777029746219,165.9630616524582,88.65709003078473,267.9486021589759,158.73767744457865,128.00598038991006,74.00640532462523
11,7,0.0,0.0,133.90571006895058,327.7008210153573,179.63669328859083,84.3290422294456,231.66125410853317,195.644845642133,56.077995666806615,316.0282972858856,246.40976208585943,89.58673144048913,245.27856147369582,131.02365223360204,74.22264734862497,310.1519852013788,191.7009147495594,118.90794768359152,269.391303344696,143.70207316961802,86.16074663190061,199.4151842398122,103.72475336711133,103.02689441970475,278.50174431914024,237.8035978253033,82.41573615671452,230.80774406456328,146.26567871588549,104.14705428813389,276.3491675277375,151.2560587868276,105.34284500766961,77.1075727127657
11,8,0.0,0.0,86.38081912587376,367.1437858680913,181.50201992457457,79.27631147588356,246.42830642247137,222.05426075576025,42.5550160776159,253.23188970100406,255.15556959414405,70.14565670512003,216.8915602313691,153.48526938501914,63.17032808617248,303.3912579536009,244.9919498326058,112.48812893409944,249.51295956889567,118.38994034980195,72.04930018293129,189.66691779621047,123.10331244105656,91.56768758165748,280.99344082230147,190.49871246204862,66.6109902007055,264.31980438983925,182.70286738271886,113.39718079144558,253.59553062415455,184.17630632151017,106.34271704830954,128.94724544559432
11,9,0.0,0.0,112.27098618705162,351.8277153702957,214.60925912072597,74.40353313387028,239.063840482124,167.28008670669604,51.115345766070746,325.5871020744247,229.26597441907037,89.41895437031864,261.74188903128197,172.1610435943984,79.51005707122717,272.43012288893664,216.16140237676913,81.93420546396513,246.50527610590512,140.18736027377412,80.88785928524942,179.73746048609016,102.86260721713843,102.32538340497315,313.34685676177116,223.1336664702914,85.02861216162243,234.38105573321576,141.1844433521773,103.82770249025982,289.39110459472454,216.01783281290966,108.88399175042154,68.27011914091017
11,10,0.0,0.0,93.95713918573783,349.22400631009214,226.52995731463164,74.72633559828891,271.3653270904467,163.85484329726205,54.42027206219853,259.03422899868525,252.58301977513432,97.19453101674435,275.7651512144839,157.85001775720642,83.15953802889946,318.79483710848797,228.92103064438226,126.74480692115294,236.2621670279617,139.36093493969787,74.47458804461326,222.55643049963558,93.48285053703555,101.19629092075232,256.2713322030748,196.76150747278086,74.62495418721294,269.7798616698405,147.86765444543218,126.50972898328877,245.75570398636268,164.9759153898279,88.78019055209636,96.79325995853624
12,1,0.0,0.0,78.17000808442987,219.4726245811945,92.03851810359953,77.15504154848118,246.16148170467127,158.6748491253873,120.44729927348926,232.4492976050442,131.15427612459152,82.40122443142353,298.1730612554916,129.7858327464944,96.95468189495817,193.01453930350854,123.9814290965162,91.2139294906697,319.4385522842878,226.92898256578914,73.0478332244769,253.9762301609034,217.26352819811007,81.88140739495051,210.35354454557122,118.52689887943099,60.51698603277335,220.32748244037703,200.3619290775599,85.03209996174289,353.1696006231258,259.6551765170009,50.96361154217024,101.88064978414073
12,2,0.0,0.0,96.76804122395335,218.17303715244586,122.99675496868369,83.42038122933059,251.6549194134226,210.17712666158846,126.06544290470053,237.21540693830798,168.10438344155054,103.3215929575082,238.09088892156808,175.15812300575303,104.226966463995,216.5812109213324,138.7454928695246,94.31417591048073,322.49568990233735,165.04390287816162,83.90895823755478,297.24355477777306,220.62910563291146,96.19689616656588,181.6110432922236,141.73614320420933,63.42513287551952,274.35439811408514,147.97554783387528,69.09990048021535,296.6863174703628,249.81168602593897,53.08258787272631,58.566577533639176
12,3,0.0,0.0,96.94782493505005,259.31199013656266,109.0445394450139,62.01643203703219,263.9204129160346,183.00069088781237,112.38793578179212,228.9395740278823,145.82763386964734,75.43432496154131,311.1313137287818,182.59848551186377,95.53706988835108,256.2132034290569,151.105343386999,111.52151272218852,375.2902781914478,227.4959473329869,75.92689089329771,352.7047174725143,206.87962472392354,102.13847387792283,167.23203689923793,142.19870277708966,72.2629361122108,171.9161250591584,163.0524174111847,87.87416368729231,337.31322405686046,293.6911098590076,53.83778027441854,144.35692550518206
12,4,0.0,0.0,91.22984873217597,233.8037208650688,125.83483474383056,61.929739803239826,211.14728406333478,233.61263276140437,87.24023171846093,285.08069888464615,152.7779611084328,96.48998444478562,262.75600701034216,177.00847417499895,90.63519149746514,281.8682146162724,127.34609760894007,135.63135776866815,345.2623111062698,231.63441489370845,70.00667801138026,243.54363060474796,182.89912578646826,95.11568490307182,208.66890265058424,152.74991221600374,62.00736788300711,207.98109699867118,141.0289973716228,91.75234925739184,264.7746455823407,254.79235891126274,54.02147894167904,113.1493611574121
12,5,0.0,0.0,104.88201302981182,230.03643502625513,126.73606568138202,67.3658976173095,257.96893388446273,167.14423300871567,123.66934868102621,273.27070286954233,152.60133488234266,87.0039577820021,267.44858433936923,170.52402922208591,95.88147366297059,200.60681020495036,133.7770177507606,91.45647613148103,343.04778818213606,170.88161593208866,82.28802670973008,318.0915587282181,183.57335863930217,80.31675692750859,236.3726286357867,143.03504352758995,69.43977978863194,224.52565375095452,201.55491525948187,93.96262231910652,336.0410150654227,213.67696340008806,52.202116171296026,106.39813183784304
12,6,0.0,0.0,90.36321024281708,217.65744362873497,108.87616499268042,59.06709687551923,317.67558835230176,207.8618033575783,116.32803536504608,256.12422577759486,148.79883643864667,72.91026427362642,258.7560418925781,200.61958213485656,83.40869081792343,257.5247723329571,112.2053168983763,111.11661465136321,373.9328001867562,253.205944678737,73.34295974079299,326.1535794726921,215.7395059521499,78.30095709147301,203.03306307923353,142.9548783245054,78.12532094937694,263.72276857789905,135.41484998005598,76.42244911230046,290.9734617158063,154.30923628689501,47.035170814338045,89.04654175321616
12,7,0.0,0.0,121.22794289318145,221.83865942819293,115.88020282067598,76.95233591825607,239.44703520816142,185.68117148569831,99.9337038128513,249.85696903599887,154.65858765548757,64.50652320102995,290.2662434914975,170.02277317663615,97.81211969589864,190.86488367896297,131.6525942317877,85.2303949131708,343.3502721696632,186.26700898427208,84.62627308158378,265.4231031237178,215.93727404543628,84.26830076676963,267.1893987020725,167.4642751247885,73.5146516423459,239.49955702110603,186.87595804795882,78.51744605322833,300.4340717931115,203.60190303039687,53.58676169532758,140.5357614336179
12,8,0.0,0.0,90.78800131774233,209.50176106124258,103.40005743004156,91.2154236467177,241.01669221721772,187.70094988018,101.41287811725583,240.91474050556403,155.05684202198623,88.97279412826241,259.0747731377827,186.81433107515176,80.2187074353061,251.8186802603429,133.6817746104237,122.95258217114144,337.84819065627875,232.7151534585922,90.87382799521771,357.23314520470933,212.55779466411113,76.61045954800129,235.03846623210177,131.78469733623774,74.15305815626098,267.6614331374925,156.23539039922767,95.29096612576522,300.5804343872186,307.9315191324746,41.21121703162111,99.70223511193616
12,9,0.0,0.0,102.44877344091903,224.26685728510867,79.75727519505756,73.77768708236617,312.81779124071585,220.88635801507107,126.21224248522623,262.07933151768975,162.25146997502384,92.74588447367232,290.26640172743936,218.79303162223292,87.81363385777576,265.15387641604445,125.24095627346311,99.55510517204387,303.7959525620406,239.91396585178566,77.52755432823176,332.18732994902257,208.617792576812,85.80705543142206,195.7291164338783,175.16290969078096,84.20852907340982,220.25777335834627,180.82927945105234,72.83200202471293,301.5366014189469,187.83643958645877,50.13815252170506,114.69891747215124
12,10,0.0,0.0,107.31504464531127,221.99420174772447,132.30304802947296,64.11907462978196,376.1824662357696,222.85369836280017,104.53972401782619,258.88847537354974,121.63286836873834,101.10169568118255,266.125650962012,153.87385671998965,91.65496628335478,190.86490885970247,126.40834998903826,100.75887478424423,350.85549674230566,218.88146610704501,86.10112877492786,397.0363250276749,230.58247157287744,76.73015721247499,219.33639271936562,130.56341764363768,72.37630894977366,311.37803068965957,154.80905446942933,90.21134887827006,340.5486912668248,208.64962274876385,47.97197124501583,109.63509032238049
13,1,0.0,0.0,57.59585334151295,248.15388498799703,157.97088905157935,64.68936516234291,191.28797861143752,111.22539572470666,114.20839961595959,168.4140612294378,86.85179398833341,139.54011109068767,174.42868643649288,81.32334337516463,106.73157393871043,193.6406727006785,102.25905583206159,133.10413897865502,132.30358998159252,6.713769986899915,127.19146771945765,147.57023627611738,14.499161138802867,96.70710535199038,170.48498379163834,50.653859357335065,83.31636952880325,151.27412744973682,77.22731734002375,105.05637333381769,144.61544197005597,68.43483935803751,78.34367326759453,102.29014064797377
13,2,0.0,0.0,47.15659592689465,172.43456578244846,161.22605970230947,133.25523144704488,229.73676127170137,97.39664466043189,91.74115609639514,112.73385319844516,82.3124757389887,122.1916376728326,224.42922960120768,96.26606348020918,117.04354866863676,148.26147878786398,84.06877777180789,121.83612061432015,117.21400223638179,12.175488307198949,111.48705792395789,116.17867313310177,11.458963096677302,127.47820283756103,191.29473134509672,71.90335745910477,82.90182797037146,184.2832975447451,106.8962259458001,74.38195943936785,204.16411796017428,61.94257101408611,73.60304635830715,110.26626756280984
13,3,0.0,0.0,60.6465053034571,201.24543168652352,171.6159703602083,129.38883701463666,200.83777664874046,80.45666465920218,115.5755377583359,177.62520132725868,90.9012723581886,85.21944368438713,150.72449366707858,76.91609545605766,83.38225424455129,237.48177605240846,105.66421534274002,152.27575805267253,137.80058668632543,9.312788444243179,95.59871260143827,106.73510800293185,23.460086280047356,101.6200331029018,214.987846322701,40.754259560028856,88.75027133025434,188.58818187459607,55.78128712336937,109.74484071094486,186.75172297845032,82.12907878113955,74.1656706044565,103.5671563980115
13,4,0.0,0.0,69.0084193964886,256.58982213423917,155.7302111057952,138.4697545258337,173.50947256452525,90.27458604865527,130.00207964863944,222.57837590502885,80.21728019193436,121.72074084551275,186.74393091696754,54.86590750330706,98.18989881575774,179.76976111239267,54.37908594673763,106.39821814492637,121.16087431278692,16.3251432333215,119.22887032381844,149.842106650085,20.038052669643236,125.23027048647185,195.23285978657503,32.915288488622174,74.64605691349384,213.54952024841873,92.59978102516776,101.32383435613005,165.0776804164331,75.79813893167957,77.70600116841466,108.53371310020165
13,5,0.0,0.0,63.0721664956815,209.472548019038,146.58633944597852,122.12734553819845,198.6978427690602,97.00380959606781,114.3955992346538,159.45726323412558,61.94088254681981,77.3113563254838,171.1926684010892,104.04777803149491,82.73442713842185,199.6454157094269,106.85489366041502,124.53226035217993,103.21360465666501,12.773550017064643,103.30958031109259,140.7244542712023,21.85719750782692,123.30458225895035,141.11028869469936,67.53101740711023,84.318888353236,169.7600793383425,129.45994662816705,105.95635932273132,143.6200785499302,74.45378770876069,71.34108506414228,124.97256319652368
13,6,0.0,0.0,59.43478097330035,298.7094047409708,97.23894716435525,122.87966165631492,174.6712641462197,87.49537269659648,93.0480087419741,216.6261679767723,66.01027726170268,94.85798609397102,141.4764702981925,54.571865448966264,104.8221431579037,208.226379723186,68.65022526567641,119.25802263418622,87.25266932992972,14.769110742258249,115.28553909576513,173.13668788057365,15.128804135042246,108.28491388161868,179.22310559771148,73.2019150787889,98.85617294585941,153.74119631795534,86.56722270052714,86.28679216440085,152.97970875046633,84.16952608924001,79.61391110180587,105.91698730694165
13,7,0.0,0.0,57.46691673456245,246.91359935855206,151.89360279069902,113.1758257288849,232.48164852221456,73.74717575465579,106.49901382426948,110.83668475909272,61.670260864153434,94.72730121120345,152.02742060306028,78.05506656529512,86.95805272032611,176.921194349178,92.6655765310154,127.45231992808401,71.69576323884755,10.107933236552723,93.56933547747246,107.31405708403842,19.247244051359708,139.2969778864801,212.5536710318308,62.445975612042474,85.52197523740809,143.39913087285584,116.449947304516,100.09744318031265,169.97575684059078,75.40929969735926,106.05411035066355,105.63549965658152
13,8,0.0,0.0,61.728151503602575,276.17736889366853,139.28176385575816,150.06341390493367,205.03788085759555,72.48062539501565,110.96413143546376,199.70169988818432,77.47801917743337,102.99579426179734,166.68131122197238,78.680309310589,101.89265488326146,185.0122178579924,76.90388073750236,99.57288526110304,133.89849530543984,8.220010322041007,116.34017218660215,138.6094513222207,26.927160902644452,133.74266597640468,227.49847034365087,65.20504860356827,88.24991313497316,208.76295744889651,79.56979475678592,88.77109330475143,164.1427879957924,82.36764936530241,72.32914293909752,99.8796401838401
13,9,0.0,0.0,55.44856243212986,250.93698078832028,137.62482123503136,103.59514337929866,186.76087119729556,102.71861221952157,104.2167672663929,202.1170546020777,58.207389371248574,98.7834855821357,184.13264558334086,62.56127402513515,109.14249938764198,244.07149021482547,83.33621298961796,91.37881738280282,118.39308910531116,9.083856888172459,106.40581953532549,130.62516672657574,24.34281441656348,159.10530422906953,132.4592453320603,68.88489913628234,91.41676028482019,224.23125500360155,89.19837020966784,104.53131939243191,158.19245815461255,86.6880157787169,77.54956607637821,102.03106795294424
13,10,0.0,0.0,73.71953810749665,267.3800856774542,183.8454663417961,139.88696462630492,180.47206227712144,68.97283512627675,69.6174800720067,164.88601106544854,92.9267067935047,69.131106585353,152.52571630778993,75.4223058879973,96.70924222918134,165.37169503186314,86.79056587773061,147.2383445573223,100.7099977154204,8.575677330127167,101.61512564262921,124.12021256287949,25.20976752021,118.07464312321058,163.60147702574417,71.84060598079998,72.27174359505074,135.46682099188868,106.2530823681758,110.79129009500964,211.87946395783337,69.84889972339724,69.61769957593924,66.37506519662233
14,1,0.0,0.0,120.90007693074865,178.10510062087093,40.181224250809976,56.65352308175909,216.40620425345384,183.70691149945966,98.60837034109458,212.4001113418271,111.61997797224875,87.16130219736532,224.95390671070578,113.66789983013672,61.65083208876652,171.9352592961198,80.60854456972143,93.0676740769866,249.37874228294723,118.16493644053739,57.34979958603585,239.0559194751851,121.38723686986216,78.06431763352998,206.9669397384302,119.98592920540399,98.07619012695424,164.15204254963538,102.08477648753689,113.73880513660114,192.45095059715538,79.99936795753543,102.17824523191945,59.957665972219814
14,2,0.0,0.0,119.15049611765684,138.27110507096558,53.49546607199072,63.2450913049673,257.0692440987224,185.10465895575186,95.82429978154656,211.05392578108228,110.53939744127851,94.23213494519274,241.39998897825802,136.35648343213649,72.62339984164828,165.81388083991268,75.24676589722917,103.61256897603181,246.97442803234563,129.40417196804745,71.3218354260589,179.43967499745008,115.73304308719955,79.60917069758712,236.89594725309723,116.07103864645039,86.65442814554117,214.4219077143178,97.70749689257939,97.27641892071642,200.2355406823308,56.77879748553507,90.72938616609073,116.87084879341478
14,3,0.0,0.0,140.7246392662743,176.85792758303052,43.72522975940622,71.20166404267003,207.80288520191698,164.07849852243774,95.8847268772119,219.0697709365606,115.23256849296843,90.23656815472387,215.80315189327408,111.02959898418968,79.27242371642453,189.79213533347257,115.01343722812913,89.56388417169387,210.13306156780936,97.97124873227975,57.322938560918764,234.39974500224562,138.74566245554814,89.84508503366168,232.80826157612216,125.81377428571663,92.30007810325512,161.98427254984463,93.94763036022043,113.01712580478555,165.15019281859944,68.45933628799536,103.29274725104106,92.09135853355072
14,4,0.0,0.0,142.57382553786024,146.05242779711622,49.649758663507114,60.03168080753769,196.52574670802585,182.1724959889132,92.97986473484544,219.16696477431577,114.78250389672979,104.26349226298535,213.17016304187118,126.00873215294354,80.2700125022719,171.12752802804977,108.41858373425723,93.08668087445133,214.77550994742393,116.97073599900394,61.01689598269648,243.89459317126023,123.76703981653154,69.40474127294031,209.41217183063037,116.12068413283656,93.15914457710946,221.54942577499503,117.89439957167679,108.61562800937874,181.1283454404117,55.806459625153224,94.08287592738554,60.93644248476201
14,5,0.0,0.0,114.40977679862912,152.1869522128763,41.71660307789492,66.52184049904974,197.749620589412,147.53346692609603,99.63706543995649,241.25348112688303,107.36353829171216,110.17646188151889,199.28047074343115,125.68980372658704,90.8489797716261,172.39906129899123,80.47507309272704,94.79211179943466,179.93537880903403,114.55177048848111,52.140088271950596,215.9240123824649,159.1894289317653,66.21022902006074,160.74021465026428,121.06520125377575,87.23061592872321,163.5879369004627,89.30925807074527,126.77864823385724,162.97443303802538,58.15665411030665,92.24927672752418,92.3770213187508
14,6,0.0,0.0,123.4841187543107,134.67796180572216,49.05140416867755,59.295773268741186,229.06022345994333,153.95258103725038,98.94549981319062,240.39145920908825,118.46957545962545,96.74743709673326,206.00038582277992,140.56325901134292,78.10347251995478,182.81254897022228,111.20542528053022,86.74470344661503,237.1903092610383,84.20071693860558,54.539290904411345,197.94458095899824,124.40660642232804,79.56214212606254,200.20412007556217,132.72729080105177,94.1368830961832,205.93981660009217,92.86126703983098,102.13128192191401,171.67704810671466,67.52043559763348,97.84632048070836,122.27073529141373
14,7,0.0,0.0,130.95728402392248,173.67055580545323,50.812564474420434,62.502300221678226,232.55979425067522,182.00446719384985,89.73695360142123,213.8578904110205,110.61461295757393,92.0382871313495,198.65146821577244,100.24531623936467,77.32758416329541,154.79270877793502,94.0089858974039,93.67498777717992,217.5776371856729,118.80285771602694,69.97667890365094,218.53344564265583,140.5411141245518,83.50405622125233,190.5670526416201,138.35283326440896,117.72964904975028,179.66294583917357,89.40016203297402,128.52609479275463,152.39141523016474,67.70091351629809,96.2821425256107,91.47331919335521
14,8,0.0,0.0,138.35220525091546,142.2502099681298,56.52944287769816,54.79663655952076,222.66526889365355,178.39517137614462,102.82995431412883,218.6739541768277,124.68156334185323,116.27357089603805,211.92869606899177,104.26494013731124,95.55482988540986,172.21102106485137,90.33429244387878,118.76334698814301,219.58805389046893,103.54571608525089,58.81044495421597,162.4388308409851,145.70194787260144,86.3992463232997,208.5477630122664,104.6321050722063,84.9050451494387,186.80769097927995,88.03007478164868,96.7077026936459,185.11201070385945,65.67433888608873,89.27250786686612,125.02381374802454
14,9,0.0,0.0,104.46048848466785,152.80907308520216,57.0120639299479,73.01256805541902,256.0227165702487,172.7828017750472,96.20816980670621,232.85501659800602,127.66112193958797,89.73341617568595,228.7855079710332,144.7470792195126,62.86479983559458,189.46736829430034,94.22088885591782,92.16791225693069,246.24409990974124,119.76254437382542,64.02351346622183,188.51497054560372,147.52787051087236,81.79121806823073,190.78778217189574,108.50647284971237,99.45791185127136,174.5652471756058,84.4406637283998,108.35117656343562,161.1965795821675,66.80831410674246,100.03555796879513,85.35157156161598
14,10,0.0,0.0,134.39981791974452,190.09675570783892,35.30421327504637,62.532588660148704,257.72543069830806,160.71805052023728,110.04733386786495,227.7372059125763,140.59490827658226,111.50545750744142,228.3503750303114,121.0113362061823,61.9584508851034,163.32350691259282,104.56020425200542,111.17393619978739,194.96822863303913,118.14856774222686,55.26995958980606,186.6692745567549,189.13953686658027,83.96068223318136,218.76244332462707,143.6371610531622,91.04020950119148,202.63327097015798,106.19511205003892,98.15889845210258,186.58320935427437,66.82660569512409,96.52548488589665,94.72687949361561
15,1,0.0,0.0,154.85919653520486,391.9476673456498,207.68244487165157,50.73656958627651,192.53640540698407,125.25639886904132,134.3167720575073,284.52765991327095,140.35235519987336,143.78025800915574,266.987405256778,160.0790046646028,75.37573994339527,249.6583569693552,174.0063210246348,108.40882294585825,283.82938022434917,202.794125326912,91.12882545464672,218.46636318510014,142.78926923767244,107.76227996949208,169.22743428535333,61.70448247031345,147.7938431809428,258.7130570173038,133.23709855605028,145.20617070904117,258.5759188237401,75.31068075596716,108.7537414439529,118.84455034038446
15,2,0.0,0.0,132.34237735225005,285.4309023735591,137.01712089342038,79.51696296142971,218.6219080981325,140.01474719848073,139.47138900557684,328.58368670998135,203.44716709497087,130.15514824914032,282.3645242062951,159.19183169253665,105.08013904594715,267.72060897124163,185.99638326261504,110.56129584926721,251.49772825580325,196.47936085783277,99.86606633868183,199.59100911302068,105.22910223626428,109.77105199815028,176.56966933044683,89.89894928786273,111.00889557190331,262.2459841446703,133.39059216129783,113.77348570098073,192.61664184377298,72.13968496018599,135.2766224594304,117.52654857595431
15,3,0.0,0.0,146.42090972467116,269.9808263181282,235.39949870458682,56.23338052557669,166.90160126880565,106.42821230410868,118.49210193613712,328.8031329083824,143.17423356150613,130.3931043619624,238.64322951215087,159.6973815385519,110.00585354378644,267.76108659850155,217.82897141390393,122.50682351991429,306.84298278155273,214.83341711151394,107.28195544256221,249.8558039347119,142.67024024093158,115.49501213634485,204.48910284177566,82.82519295522435,155.29728799693692,261.63632172595135,152.4484468363954,153.2758683342974,175.7454880625131,72.22600165197422,117.93083944848019,85.11479799860845
15,4,0.0,0.0,110.52759398766338,391.4277125034945,216.02973785494305,59.89474055001819,189.73718784073546,143.51069093407654,162.7876136138014,298.9455853570039,158.02201867527947,133.86880613579532,279.90107533997224,146.2289432664633,105.61152099580724,322.11837470584794,195.54937122311935,107.61239971349742,257.4387385677343,199.44186757169675,101.85789917929891,205.24235605490958,111.33414616187588,81.91567338842778,203.72591166327143,100.61712427386816,144.95275798351204,273.9898814878276,171.31658701213092,100.61327785212728,156.61884477710666,72.37945585496587,106.7848976494452,130.4782471000516
15,5,0.0,0.0,95.06257253622624,286.01870349919983,165.5963941937967,74.4768416384936,199.49504864057118,103.55785410000583,131.23912571891856,255.3597898829932,184.07961114437083,116.41657786554444,314.60808928290527,129.60460699440867,96.52158086245156,282.56259908634877,233.5951906033738,129.92157345909865,278.0136727814696,136.1333929473305,87.85880810976892,220.74648626646263,200.79201900051424,121.33130365668273,185.78710779577148,77.8684083005578,126.57801600680395,180.45403904027245,117.8961327822261,138.21693690977378,203.70158364390187,45.47210312681017,101.47334804125009,110.9111250454175
15,6,0.0,0.0,117.3465591453907,264.90699292848586,229.32598841258084,70.72779048275619,140.96851265490687,96.36775762551419,141.66198348706834,386.24164649426484,154.35443970246774,135.55679402664543,269.4494299024938,164.83289312026895,85.36344121704948,260.7050780647553,169.91902223242877,121.53883272973573,296.8482283448982,195.91561625575395,69.55713549032838,293.92681459772507,151.86963941271176,117.27550949612124,184.70851230134812,106.88571226331776,124.03830453674477,251.328572195282,141.27233228286738,148.8404426486583,179.20287038862438,70.12954315708,92.86764679319941,136.05684759648284
15,7,0.0,0.0,103.56622865584998,420.5772779456461,201.07120458434545,65.78074587156088,158.79067156605387,121.22570536948396,137.1751176712774,308.1872778334014,149.77891261561382,124.86305718201739,288.48175098291983,158.49661071109009,114.6490214503588,238.95773192869748,177.4652414670227,100.97734425872997,271.6099215886119,177.56547885210642,85.01180708438267,239.3512295634684,119.01014180786132,103.58939761637102,172.79149222141837,102.5549007931683,140.12133329557287,329.5256676558473,153.23849718188637,149.71002888658413,226.065960885667,57.1912548582075,126.83503883831142,108.19192680924539
15,8,0.0,0.0,124.4015824401733,292.0468508560866,189.79977212923913,57.369807001426146,162.31110792173766,113.75225231185618,114.98246105507592,261.35660055952474,157.41246802982604,149.46999402212296,290.02069098325165,118.85401137929439,80.16660180643066,307.26686498550697,218.4604657563388,99.84085866704642,243.6098761857639,201.80891640261882,87.08204858706236,256.35970717235125,165.6392106772993,105.99323042930801,246.6268659142976,67.75605095322939,145.7796689842754,340.28616003210004,123.52626770387964,124.61973980492274,181.65394397302867,66.65903794829224,105.43138611754073,101.26189969307293
15,9,0.0,0.0,100.23986694093287,373.6621382048578,169.57652625209892,65.58980316321968,154.96867649112608,126.50019615074842,124.83270329823577,239.5798455445307,190.07007445641747,92.9336101173123,319.84745673121876,143.79464235732027,105.81047904004244,261.16427829509996,174.2400942822527,122.61179567876833,257.44784075306427,175.12668615221398,80.5576989505484,236.85031315011554,148.6361701473487,127.20104251155465,178.80719060722924,85.99374952201212,86.04771925945937,309.75090300544235,155.65959342541515,135.00049694160106,228.06230253740642,52.54833271517655,111.3990522413556,115.4376587013821
15,10,0.0,0.0,141.52246936097904,341.8725565068815,228.4746153807399,69.09968887240491,223.7358009102479,110.20228765955771,134.74762395511868,191.10430173941916,172.2310896329843,120.87631743190857,238.4484977002296,142.16598503274744,88.55954292800487,273.5535426556748,162.16633955807202,102.90219394960629,235.44970283113935,177.71883553323764,97.46309156066593,260.6819292071631,141.21513080704938,104.67412702417407,219.6000840030136,62.506056290623874,132.49235505836472,262.37837859863384,173.16457415530792,116.52394798063801,205.14807222978567,62.47498089651648,111.19928812283327,94.98968029350794
16,1,0.0,0.0,95.78509132450237,136.91285674676658,24.275377719983915,99.06204151301223,105.8509503759543,22.777339799269186,71.33709389020902,174.68110823056008,93.38886995116106,144.20658558378238,157.92626181650036,12.392985884444467,76.53751364565078,163.00354133604617,92.84755351540512,124.07296654669986,118.44824887854836,1.642087347870393,111.78226725576688,132.77173954243278,-14.82557844630812,92.24037832837838,126.49807517148675,67.9676308655235,138.9575238400493,118.42428195684423,-2.448649265675483,135.47500524751797,170.3074908738954,37.22948161962157,43.080655889762156,95.86409932517071
16,2,0.0,0.0,106.88714760399125,110.42432959210474,10.396603785928411,91.10116643174524,114.87378612699042,17.014718865426904,73.9129188645531,159.29689432535446,66.07586347815055,104.0529217082643,140.71743725108877,12.417525179915062,89.74335319088917,175.2375627591836,100.69476176723123,111.4653503441307,114.91581887327534,-2.8744213905505758,125.6040046943021,118.62801010434946,-14.320578995736723,98.09996633921156,166.25287964892843,81.70910367178362,135.79694245195066,123.73125236440913,-1.6783688407657564,113.83207876332034,180.93005222295199,30.08666423927112,36.033726190812686,120.1811640131418
16,3,0.0,0.0,131.70014200992276,156.79060626728833,16.270118433012453,99.35136241550556,97.6422932377134,20.22673161023447,58.433183167226915,140.92778919397392,80.34824035191315,132.70117507243936,118.09716975046237,10.040388604831428,90.21295224719117,177.21962868638673,95.57973160020002,103.66371962401293,85.56061795411391,-4.453839885343059,119.9143672857588,105.36746419818323,-13.700722725178368,88.74611436244187,172.63187272798865,69.64978842352289,117.91543742600217,129.77132062063257,-1.0956044805236718,118.98205635413757,180.59963524969828,37.95582744272179,34.09152807802679,107.75175329990657
16,4,0.0,0.0,121.15494090774872,138.48040810024727,15.838546206743665,100.71473669281819,137.80826714376258,16.114600482273204,71.48393586320472,161.05059897044163,89.06933706317922,133.0743389831913,140.35398076389157,10.073611858870631,112.27217551984512,164.6791197361077,100.99025815306437,132.48850345720092,136.87700723758087,-2.1909538646335878,114.35157507535588,128.72877946180105,-7.784915173647218,85.41593936716973,160.00680224778426,59.98006531883857,144.32191910870412,151.44271844391943,-3.0130392378981607,113.94575508951262,137.7374355380874,39.13641464701091,47.784742361430204,79.22259715688844
16,5,0.0,0.0,145.72083771849825,131.30144512632612,11.842749429109599,87.01724659614277,108.08494213581629,11.93902100597687,59.14510553363795,141.37924565618448,92.61425342269118,117.35839076248648,154.7957844891675,10.95022679332096,79.30923355055074,170.88173874823406,104.25427816906011,147.4996662336199,117.61270150037016,-1.464067890689977,124.50741633241302,124.59768241831064,-18.121795417030604,85.77879559012581,135.26186672875033,63.20366706246706,137.11081924034556,134.4607325268985,-1.0536109968383327,116.38615152661136,160.4197370139806,46.28427929957942,42.93271150776653,111.99968121878882
16,6,0.0,0.0,130.65522388207125,136.7119300979169,17.643019224469533,99.04582396640734,137.57537920075734,14.959058743384736,66.7443900779353,191.54496013052017,83.64027468838637,134.1989198299102,125.63964532297638,11.010467625666791,107.1456599642428,123.98104405789357,93.03262214052607,123.89103034037595,107.41198834328013,1.2144562489555626,131.0949090617609,126.02814125040243,-5.2812585934807235,87.31156108766653,195.82967257961502,50.39159131799784,117.13087242799824,113.66884538839739,4.539184887503114,131.98295441321932,171.599661702248,27.735387366988412,38.60307320043885,87.6361954038589
16,7,0.0,0.0,141.3524431621965,126.00649552626992,14.730469292708602,105.55002016479939,121.34118784626983,25.452076187455535,73.86949184316003,160.20285417911904,66.49513346951304,128.93171724379292,120.50759000505217,9.072884839494172,86.34349560369151,213.5962693664125,94.27817868909142,120.09645471622773,109.5208414821945,1.6292952979843038,133.7817651245044,127.49507209348995,-5.166718531645722,102.48404528806113,137.2893710392144,75.327540834669,139.0657243066598,131.14635522842877,-0.830263373347639,101.85823286165108,184.41815772104005,33.583514720374744,40.68071933851378,103.51549616762976
16,8,0.0,0.0,137.15819402355217,125.21287209698056,21.760549558556722,105.71536323372354,126.16213214327134,14.676540549033628,78.36780245593594,131.54980551024275,98.34581969632005,109.5100041058708,130.35590389178054,13.275046229498908,83.35020092616274,132.56052817814142,108.81956891421632,99.90861003404498,137.1221261427721,-0.23007915362308518,104.24477604436683,125.41296020442785,-12.71926470846235,89.99388665714147,174.02723828053576,55.881587931131875,134.86183942166872,118.53880036774619,0.28754183027143476,120.3445508084915,188.66829602087023,35.770654295612175,35.62892356067998,97.73682665242698
16,9,0.0,0.0,117.30924948673875,135.3632285443803,21.830485715169978,98.2144688646105,125.50432810199199,15.648577117332854,64.88865237288668,159.31546808875325,91.59470430699852,105.7136419245225,129.5271296124675,3.771787268557592,80.69244908709182,169.62673392485056,66.89351238780922,126.97371391341467,118.10041514634774,-2.948299943388602,131.97088787040178,141.76326798976848,-12.450407977081426,86.65675408972481,125.38937419874668,69.13108576904328,133.5688938901827,134.81315374822648,-2.4102833620061173,132.16099164250986,169.89071574407427,44.98582564690075,43.94347836796823,115.72267103397998
16,10,0.0,0.0,132.22139426528568,140.2417175086489,22.897054579393732,113.9655182398004,115.18926960976924,21.646647183472187,73.0537011351587,150.44042585980046,111.57045653861847,116.52167994257059,122.02329632426185,12.819944440014101,88.60429769050069,182.40241624597707,93.3047102915713,123.93052935531897,111.25800749124508,0.41660749263915253,118.49990271155544,142.9963701078525,-17.342487285008303,103.72715096675381,160.11766225376277,60.94886224648265,109.53149175788229,138.91161175373963,-0.19498312789758354,119.27913375673332,179.25255961189384,35.80913975256776,39.091718675547675,84.56830913229324
17,1,0.0,0.0,68.10361387135995,169.18367797398915,101.98013504311643,96.08367281915982,192.1341945951176,118.31955592687186,35.443602869322184,214.06496418865797,134.987097538157,73.4793903080303,174.3537347009063,90.36646587831366,72.4029489488164,162.16267066060925,41.62609500475851,132.81902677750017,169.82916071845773,77.86641368723497,69.56733875038482,120.50579794883521,50.998050947595885,127.73583601392914,191.50820336386226,64.93464983655872,124.20512450520162,189.89444412797616,65.45458795008653,84.99882394397741,178.07686943919248,67.05353662264736,40.307040349671354,91.41942615603496
17,2,0.0,0.0,76.45211058808363,180.7979230126157,83.21222217170359,78.08521134967981,102.55716354308953,120.98398032056943,38.86860924944701,207.10423048587694,143.70610946583975,85.7607631450493,180.92253205805173,88.82630737939502,60.900758151908725,225.11066418231755,52.80211952024382,128.88499700837926,224.86867116453692,72.57877109103097,56.496201246732575,135.92819583320383,46.47503162573866,164.375980098544,137.13380493239552,54.76950860842098,103.9467835308651,135.2503860790005,70.27758989986884,80.51659837050649,181.4018100952517,98.13382284098557,44.144657254653495,85.29346144404337
17,3,0.0,0.0,76.77257905606378,192.75744928949854,90.08970216091971,107.2712174412559,184.2449550407027,109.3196387536008,42.01059510987897,199.2406744070497,162.83142551034484,111.99003357245115,193.65190367885864,79.38027781251415,76.44582776620007,162.7725702481468,80.7012653662724,141.15733370918326,162.24876930504496,92.67200392690577,55.77350570407718,132.83563727982934,67.11760176319488,135.93780273893768,173.43513009070625,33.421075357640106,121.22144874155119,183.70757674656807,56.309953468507686,92.5493608876222,154.3545837962123,95.41970082867725,43.061889067782445,114.59110220223721
17,4,0.0,0.0,116.90556415068949,202.63409757405805,102.2157639014895,89.35239018610854,252.1837275289446,129.42078044685644,45.967185906639344,236.135725928087,161.55928401322885,73.1919757963394,224.18557266130182,47.15371443406725,90.31157715014092,182.4740517516236,75.9767313495168,108.97569035112255,188.62981543493973,62.808690496703115,103.15184455667814,101.34035839038094,56.094318819338035,154.30829517090098,196.19104137877065,36.070207190803146,140.713498711811,179.88737119196978,40.869974952721925,105.0114049012059,193.8884513197739,83.59923498876225,50.31053564984182,88.85792534937127
17,5,0.0,0.0,47.652673811489365,160.39412079304122,76.54957641405468,113.35159399200722,211.13738376105817,117.71626208697042,37.286925486497054,163.96607735103305,154.951429136501,85.22744989744191,240.23111935022604,95.06565112399888,63.97083864479906,175.9755320235945,70.62613246386564,141.07884675433223,155.30224015696206,59.29241248709002,83.90959434084324,163.09760675123866,78.44180432907775,132.80713067633565,166.83752953631665,46.079893097951114,112.33838013548774,185.43988055292664,75.26246154039539,94.16402203736918,237.9328370209396,50.89027988393197,38.08330767867013,87.6260340487502
17,6,0.0,0.0,59.97238593028588,180.75242429653278,124.3696247268513,100.32602653542853,231.96249528830631,73.81640277158931,59.92792408930952,229.31746180659178,184.25753500781974,92.46238161747888,160.2853621728534,106.16487916224622,45.92569054141579,117.00152980961363,70.3942918487744,93.16365218072744,209.45316270002812,46.66518005162471,81.66427285016775,127.62869501913117,41.14222824332241,147.7521293446341,165.5746823011148,41.45235551576282,88.49172610601268,202.78860837714967,72.87441309463097,105.43968682256198,196.74608891608005,105.53204398448135,41.913525398371696,109.43176192523718
17,7,0.0,0.0,72.71644450504208,240.97464669457617,113.21138038054754,122.61065956031698,220.91579678060452,67.7581817970215,44.410780723155675,173.70544758021438,148.22781316350358,91.34851031824384,159.31976501765976,92.8137965601178,77.20266074929586,171.72484404224636,113.8731813437643,136.60569622222377,192.50242397640946,67.07404474644099,65.03872041021594,128.27651639089157,53.777174462804076,120.98160265742928,160.60627847929396,51.65800704965474,96.76217972944505,140.2204846063145,58.937394258381005,69.514058328863,132.2377706087384,82.10587121997308,34.73657697266611,92.9832036050716
17,8,0.0,0.0,62.56104393037467,235.05686991256826,106.59345830345924,97.34464223653225,208.0613439745176,117.07949626723928,40.81589362777176,230.92911788849162,192.87634787080617,119.28386095288194,141.20101730697874,77.46249616888078,55.27949602323842,162.080161019,88.15432012125703,148.19165791145969,192.17504491921565,85.1785492688411,73.660276319296,143.1479450275325,74.632010810606,77.6817377144623,114.45343047872927,53.80893636244291,125.82445871598838,148.86268551362394,82.18788156468332,106.44751549391616,179.804278787763,93.24424212039906,44.15781566563621,94.91945970318099
17,9,0.0,0.0,101.46561561198794,184.0521666459486,115.08795697953094,71.89809163661765,200.0139357111529,178.90526805151862,46.54721947249275,207.7406555420217,140.08247939251842,90.97431683738112,108.57916633314096,67.12031286216582,92.28519065127523,172.4597133764211,64.38517346432315,119.66574612428948,125.26636893180343,67.67289602016379,75.27797037314751,150.49055506813346,65.03175198010747,156.87992707804773,120.19525254055684,46.61676219791154,126.58934182691257,161.91484513823895,59.153888478161704,108.86859296908483,186.20810199729155,81.40233382580452,37.75326715716947,111.73625718225955
17,10,0.0,0.0,68.05195304082315,186.28865392644798,113.38472270007968,106.42199556652034,230.97666567381938,110.33145530888568,46.317914679691015,174.72350870953886,172.8379806147842,89.03221483595077,181.9628243928458,67.38205810704677,75.73497181838461,129.04466892236545,82.132914127984,64.1279588589409,228.8146527395428,61.85434974159622,90.06698346846748,117.79190783853146,50.51143629383835,132.77456700537982,150.58599605447353,50.172273081329244,74.1954432947602,172.81145462932153,65.48382929215683,105.5194307968033,185.15794554068964,88.14772505972799,47.61121070831597,120.10148838079341
18,1,0.0,0.0,92.66453407176787,160.8154027706819,60.35478806371065,106.63106023752593,143.6440510406147,41.745828575228636,92.24762397678167,167.65924520596838,98.12175002825668,95.71942556108118,176.41521865615013,83.65567371886716,36.93548741518038,201.31750726940058,167.45464191049663,79.18710675953757,143.68601848852325,55.3074199158645,77.5515973641404,222.53091386159898,132.1464330362838,29.190254121851904,149.54769695078414,111.72787778367798,71.54430287505075,126.54948748390566,70.880419270872,55.38482180111282,156.47762562297638,79.58060224545449,100.9923996094987,70.51077752720117
18,2,0.0,0.0,105.89423555081095,148.13195546625278,81.03738485220579,99.47957897263515,147.00023629179154,43.19639317275928,106.21096103536959,151.0188823914618,82.52963285640288,84.8803716787643,184.77435032271325,68.93790422654813,39.171213624483194,187.84991451973042,180.22537953238003,94.77053170868767,139.56157270156723,54.56981973513197,60.517073289913434,181.70316934812118,128.89502617051247,40.702874782155625,150.1895755045717,129.388288089093,76.3608769607547,145.76577648884708,73.73985835596667,50.195822301698854,161.09906565922438,81.85632632691573,89.80178470428375,78.23230528633724
18,3,0.0,0.0,106.48048322832955,155.43223895825878,63.00532285785349,111.39409428830238,132.84409696026808,36.62965532684291,99.18237986359824,191.98616360575951,91.93490052997677,90.24940752850739,157.80280225297196,70.00748461742796,43.42870330545504,211.2768895243769,181.77920261974097,82.58667455002912,120.37065070364072,46.30599488985142,80.72573374556208,208.76382915800122,114.08487906800559,40.02928461276442,160.48579436871265,122.67001643949278,92.69126167649678,130.38517482866203,65.82183834761314,53.38611044847927,147.47072673864454,81.25942316709475,92.7088246730821,111.50924259135358
18,4,0.0,0.0,97.06775146626362,188.02493554377494,65.05174237797281,108.1926903694506,130.17756660624673,40.834167051785656,86.02518992498788,171.8550617793897,83.74758718083515,90.9337187015569,180.52742828229944,68.21750034504905,49.36811956447666,179.47986684386407,192.49314600061436,97.55106114530092,127.85993395558111,41.09965178485411,59.68198877659478,225.2287318991913,161.33620722660308,37.11619958495229,140.72767690352262,108.34755031679687,77.2855630705892,141.88424627563091,71.50300700289749,64.44030219021533,165.74121429769394,88.81774634023601,93.26896254439399,112.04845258807418
18,5,0.0,0.0,99.22000072836899,150.93842370862276,63.996037766088655,103.57373371935638,144.0720342357619,34.65122011873303,101.07236987923841,154.04496414302974,90.97464030628375,94.50616246332115,150.55194604324396,70.94996760135894,41.777479605375014,198.42080333446478,156.729429895533,87.35542150680068,118.38089266725427,35.848621700918905,71.31812954567334,201.49882155455742,110.5304798485027,45.740935910833706,144.52389122997786,109.59483861544285,73.02950023663999,135.00441237786572,58.28095090618301,48.41003727374419,158.63804316641662,88.7400180514319,95.94337195258039,141.60275237190595
18,6,0.0,0.0,77.99058271613923,159.14686294689923,60.13973898522363,116.75300810178112,156.93838799819747,41.537209105660665,96.18634302158033,166.52430892993462,85.84299077021404,90.68421524656378,174.2781176298092,71.99166377929096,47.19202441029128,204.47716947753779,192.29034504901904,83.19423066341912,128.33109242037708,53.93724884651914,88.15420590185667,206.61115591822863,123.14672171898276,41.88390543838343,163.35052510043457,104.91371557949208,87.34003341662645,130.33044901049442,71.91043781407286,57.94703018255393,158.3278861687786,96.74069848363726,95.50990301459919,87.33304073004719
18,7,0.0,0.0,86.21718691579079,181.77198460596753,67.84255371715084,125.26835600114067,150.59006570615412,32.053574014747085,91.39306312156323,152.71879893254365,85.57783387383222,81.93121189552649,149.36383845560619,87.59689100897234,44.60266256722839,229.78921814781984,175.48282200439746,89.54584695036037,144.2718434355591,46.25467447207082,62.804901119602356,192.34110217879314,96.35973422605585,41.06702307690443,134.24835277346784,106.64765880311421,89.64148059227891,154.27880080298291,74.69545521862268,64.62139718900822,150.8276676835157,91.01148642422675,111.00093770747203,100.55852535413281
18,8,0.0,0.0,106.18682471751178,153.75513472321617,69.59215380399353,113.52586625317919,158.92622991504118,34.29230697572878,105.48449652946243,177.4950451461942,81.02715098103847,82.25615556841144,193.4006440411673,81.9951491346673,42.22234150314333,194.18972980353567,175.08104356462152,84.83110965466507,139.62118759468103,41.25115998374222,77.49692172892527,210.11116499601482,124.611458433588,46.96832318209632,155.56854340958304,111.24152295401318,70.64670918581818,148.4976837184623,65.54227280733014,70.61934549899415,146.75945168986394,75.60469540972856,88.95825634383192,96.48617234764487
18,9,0.0,0.0,93.09793206609817,152.3908580476217,72.17984224332119,116.564212520112,162.75875224720883,39.69639554216851,98.51899946384287,177.40550139068657,73.52921699773022,91.67251972040815,164.6823553298166,75.63281401516718,38.53851118337096,183.6095561227035,192.9830534161738,98.4136861447884,125.71236784948371,39.07134802433871,79.29304307224704,198.83785051614439,133.16581863454772,35.62083752285155,166.27062812950274,122.02074429026118,76.72755922262448,123.79242708872721,69.48198744871418,56.6860127739821,168.09230137918843,91.02575042343275,112.77383862765478,117.68914023323003
18,10,0.0,0.0,100.49879253976016,164.92368528452045,65.15465059822851,133.4199688603932,149.9640814682999,41.84203160513283,90.90026352842104,175.8410725573691,65.51782558075573,82.21919291748775,162.33814792597954,75.46081980492096,40.47269730013,211.5715501981656,163.08952567594233,85.4291253216853,128.87361584923775,47.93307520067705,72.4460257384779,181.28210634807277,141.78095764045273,38.655410358713006,168.26487553621857,132.26217309917513,71.48376125761757,151.69802101917708,72.5189356236126,53.51029831070868,133.3616408027641,86.72339526161089,105.24009202767796,117.08712770536667
19,1,0.0,0.0,114.51044922455301,286.6322748208319,261.34044966942673,91.21505121962397,331.01191412244924,235.31831963432978,101.05451585138961,283.5650077688442,180.28608697734245,55.75637156033136,403.0050238084318,369.6121017397436,126.17943958730021,336.3976476819054,242.20623171418617,56.94882024794653,291.55867875466214,264.780861710371,57.89863936116383,305.80671189463425,283.04420203660385,78.4357148836248,361.2265652236493,236.64735508467547,62.79234720547776,322.4542131081323,182.60214649108204,63.40534433117968,286.8193178747575,287.02346973981594,140.4343554801271,90.26461890655217
19,2,0.0,0.0,102.7932157926887,334.46858549316744,263.87923054909203,89.660921888812,284.49070830215067,263.547057384515,98.24461096045846,266.6401893471398,180.00647980766385,53.4663465762533,336.8761470405717,310.4015540163504,119.78742950384526,360.5698683253093,222.386787109057,54.088934386784224,369.45187799692116,254.83477852352456,41.55256635017727,287.9331093274161,263.7186044845343,84.21683607917507,255.84773277665553,204.7742665743452,67.98052430479324,292.4445925042707,209.38709178847884,51.061622296749896,341.912535481717,253.4470119338792,142.97317062715354,113.90676834113026
19,3,0.0,0.0,85.47789480214124,303.67066608703567,220.065436284141,92.21696621242396,284.1980324951737,218.05554784021075,94.52145957259039,299.51334949745177,195.74855153364973,55.65988933410189,311.04739800216106,224.40360533583265,128.07280428768917,352.9570007071578,212.0864397943721,57.937071285895065,362.96557201698215,246.8307813251462,55.110985646832034,269.65295608068766,211.49057660819594,69.33713894397937,304.2387136492888,223.54008060572838,82.21352392921447,253.203717951886,216.93931444481112,58.34539181934211,453.74632345875534,256.04804925564116,154.80455084083655,86.82545999443798
19,4,0.0,0.0,116.3259366434126,343.1173055209808,206.1764270278233,73.00413149993733,319.80064579976425,246.28461174956664,109.5299496403152,301.00463190704215,181.1756433612477,68.45045123380626,378.604493980309,277.3404122166151,106.11342963415039,308.48965263331377,283.28061452251376,52.23884984465723,329.76848696891994,230.76971459461407,60.414768086864335,254.54821874315485,262.40424862322027,82.48775151986774,340.1656308396525,191.11217115992824,86.41456962701832,257.5408179624661,110.1568255414769,53.96389305275539,329.99925172975367,279.9654599634572,140.77542993750035,85.20675889293119
19,5,0.0,0.0,119.50617592876341,340.2716003151542,215.0743191908381,85.5900985710657,343.86186928269177,272.4718967516649,82.96494377708976,213.55566855374963,207.81442650707896,56.76651062412816,386.9846725764546,320.70931222700267,116.6298155715,306.05728865407445,212.25279913030755,55.64768824463076,329.5260044122817,286.4904354827659,59.66657273727432,306.46817761094985,242.90327944764172,83.8884217531854,280.3969647017359,212.3882990352962,81.59221254617178,255.51275704282347,202.98400949595955,53.71190053816469,297.4045851611696,244.8548189686427,141.56624985699588,62.733732875882644
19,6,0.0,0.0,114.99594115821697,334.93940745167635,224.5812111319879,91.0758707629256,299.8050925668756,262.5656399006144,86.71186255815579,285.39319510300294,185.07146437894633,62.96972445266798,352.687599225262,324.55515715247,108.43945061178745,410.30102066474706,287.19413660350307,60.850872855857645,408.99255009689546,209.3543558072683,63.85834429699368,374.94524539169635,241.578844431655,90.17932293945435,292.6027227392978,212.26222183949136,76.57483813743076,276.2271279028939,197.69790739587197,49.827229308607684,255.62984531242267,258.7330871132168,142.13150750818158,108.72672610572914
19,7,0.0,0.0,123.37677531042723,323.9386473720875,187.54514912436184,70.37351641075396,296.5662550955878,221.1893463606829,100.52868814889435,251.78921642225416,191.0551863910663,61.86335720231821,397.8426898192529,373.08155289487775,135.28388667210092,361.94992504841844,194.04629634912112,67.03442132377766,314.8281361700947,287.53565303657945,54.24686110907911,332.1423287729824,209.588335273413,90.33587140185764,367.2761827449795,257.7449916964409,66.18719877569106,249.7399411068519,231.91988205618267,50.61470622692512,297.2468100850286,269.7488832774834,181.44106572008627,112.24000668498181
19,8,0.0,0.0,107.80446320845782,310.43130100308684,160.13962156854168,87.83432015363819,322.8451729040686,227.3318975922354,93.61111141817419,269.8577339445308,204.27520916496908,53.89411921044311,339.70149689146376,386.4721923897308,116.89204769293407,314.18807924843776,220.2745212981103,68.3895014353163,324.6818651542995,243.31551728143626,65.65080622909862,238.52566333039107,220.76911287502148,88.98750959720839,379.76697559716075,216.15546109456662,69.32979860775724,256.3969844221701,225.69284988939978,52.57915170309205,385.9897100293535,254.05460131123294,149.46701811527586,90.7774424261584
19,9,0.0,0.0,114.24347029072834,334.59419850778545,156.03626825563381,76.80603922611037,346.5112830082258,150.94537302286028,106.38229044460157,238.66919062621344,208.92217105352927,62.6551062264711,390.00210201060776,368.52551178770085,142.9948115699299,351.811374999608,226.0537347944403,53.93885054484425,316.40072325495714,248.5010225305962,45.92083557177356,314.56510080111934,245.74015241792605,85.52808478550092,297.4849175533318,193.5138251743366,78.89424192442063,337.9219250009776,164.86733649182645,50.75436091247739,300.2578069071689,308.67562032106116,118.85152951412655,121.00213119285604
19,10,0.0,0.0,119.58847177912068,383.180842731145,203.3286979097349,99.73637132087785,276.12068945654545,240.7596948241687,88.65811681739129,288.0410406532078,204.7222623893942,55.13951651773237,327.66135114910526,328.83995376380375,120.47343259806134,323.73913081291784,241.37462367456737,49.39957751406297,308.59856780197674,286.4117101955998,53.65050628863751,266.544546103577,221.64231046335362,77.17183226377206,248.48378231482977,201.20861538756782,64.69071754246087,266.7621540158935,198.09915038103262,51.74022900855866,355.6129662826576,275.27730826557746,131.90884122229227,114.55764101545189
20,1,0.0,0.0,95.83597392275125,467.19182857610906,434.67705502531874,54.52473133685009,371.09063494091953,445.55538339676724,102.36566290747821,355.39817594652175,281.3817966481344,57.62735715152193,357.9341801086985,263.54154622019433,49.719372170938755,432.23767482994504,419.12967909778746,101.28291019154447,373.73948279669827,257.73279010617335,156.68890736718922,467.02588655772036,250.4216066425406,86.24951016956811,377.3225946782149,379.7095645442816,79.2445863384459,347.6444421315516,265.6970058576723,56.742178028795884,225.03726637122134,201.25229503102608,108.6553140755376,87.67882051864339
20,2,0.0,0.0,107.57295708541868,524.6884147094174,468.10621880886265,69.2359599648274,457.5532302305168,463.83051167321895,89.32844732014908,330.35830202137674,340.1183137779187,88.86531336590919,300.43721191422514,217.19985747941092,46.12414165040676,442.37885342272267,395.6851366650472,82.8145218135235,355.88251075391213,358.89197502870553,123.50883808294053,458.15345680657725,324.14959461415197,70.56596255665767,361.73336113726737,355.89760937407857,62.759189264263334,373.4616462014736,292.94976363844256,53.79643818544354,302.4170315888943,199.2482957781334,106.47860746048325,128.66929516164396
20,3,0.0,0.0,112.17993723140063,455.8272812697156,392.0134558675218,84.77313288208303,566.6876827040049,328.54693925636855,85.35652518368448,343.99272696481034,304.86534052975327,75.10191979498984,277.3200711757411,247.2514941254389,49.15456932295754,479.58050831021717,346.4029897178253,94.04735740068364,409.20705003056065,300.57236107924916,141.0230822490097,296.7536651455525,243.37819885124645,77.08575300499875,422.0207721543516,322.32389978994115,77.07282646979765,414.3254355207015,252.08843135293455,46.612966342077925,237.2959630461497,244.26209209905076,87.20418095614153,102.10648137258094
20,4,0.0,0.0,97.1775343242151,314.4319464473103,405.0805797585811,64.14492527508065,428.3056153041846,427.51896898314635,69.63707960508015,316.4579026473949,240.61196383803832,74.20186169225231,344.7192985745258,220.63149776121435,46.10900816255676,455.2013638958397,253.91603516021053,117.23819349603943,483.1053323766447,356.79543601015655,144.69963588493943,427.3210122869517,297.8168007099157,88.46458648961563,462.70998232707257,359.5460510029665,72.99436519657213,315.9453176566341,320.0595628205594,51.3443740572165,222.515454933507,192.03739294066665,107.89866477679935,78.35433385849566
20,5,0.0,0.0,88.56743769925853,430.9430629070005,381.7369303540711,58.04369396044504,477.6236277379703,397.43415474967264,78.44902981707868,427.56978536608335,302.64989739725513,80.29818620790826,335.4298852769974,205.02800946821566,57.88574424951515,418.61526593416306,346.9272491165058,80.85052702459241,391.3659570503457,306.4779254560347,173.169479381269,378.08616071381425,279.3395807900055,71.85806131930106,416.99230166138494,397.4242806217742,93.70981971917399,424.44857122232736,293.05506401083113,49.02200258795274,277.5880800104415,165.15979671251188,85.58841748947897,113.66585414146306
20,6,0.0,0.0,112.09173509804239,530.6319853639089,367.8209525365414,81.2571984368711,403.507470369915,423.37685084136285,106.9808336114375,462.37973782745104,313.5769274703285,70.99872636596807,274.6705360050412,273.7699662409967,38.297933845445534,399.4580067065457,395.02648145169996,93.7287977401779,359.46116111169994,331.8803939103054,179.77717466714444,470.6414719031409,274.73204558765764,85.33957077246879,413.5593131901791,324.32078116278007,87.76112536493271,429.47140248730057,266.5176600959962,45.48465466623054,273.508804816878,184.5728565390727,110.71326377930411,111.3598028419406
20,7,0.0,0.0,116.59989148535195,418.3631044159857,397.52571068980444,58.09911699309014,418.5132047235535,464.24722389468434,91.02772125395244,376.0580434408245,320.6238440287417,94.24293757623678,304.0104227397996,292.4843844535276,51.81031184156869,416.26405765404365,325.5613658714417,82.02432102085022,413.45926738679697,291.36492000940746,166.96681576133895,382.38283598570933,301.52510571821995,77.21530551866483,387.46624423383514,347.5349918310618,75.75362813749373,355.772489064848,301.6367593192361,51.736795398554996,271.82915411471964,186.6206190529742,128.27431180366648,103.06269798830621
20,8,0.0,0.0,86.70847222257723,361.51812974810827,357.7747722125568,57.04762871073977,492.77237969248046,421.9037231283006,101.86856495260618,431.550810112015,274.9721187715097,80.51627355542576,381.12106667213135,243.01301411379805,54.286357153009085,524.3612624274592,480.5296099970474,98.97900084942721,483.0892498668891,345.1655772061412,170.9786584224042,432.33399916063496,306.3388374090502,86.03726237184273,440.63929512306265,301.7602619719343,75.09092476770442,389.37415038369954,366.707906567368,42.02824955002503,222.0262680433899,193.91745996134748,98.8685451834449,107.91600190026543
20,9,0.0,0.0,103.54515237693587,561.2515640199723,337.58207223614795,68.11248017794479,479.66638024208663,286.0010579106041,100.116181428235,374.56878061498804,303.18404607013144,74.66942443363388,269.99878945538075,277.49889018706375,42.463671794743775,464.1693342380526,410.6465799246711,90.68907634039569,400.4886004093865,313.78026064160866,131.35117486038519,452.5523306617637,291.53871364359173,89.5087902445556,534.0766591672093,329.0521920571892,95.42933611751963,336.3939288529834,305.6642129670421,50.65970206930626,273.98581293033095,154.43784782276856,90.05414888193081,97.17133613803685
20,10,0.0,0.0,103.49121141214765,605.4731108806037,384.7313716178921,74.2877296338416,401.8945894463262,399.78047125561517,96.51648313398972,436.69224806052,326.0322879773055,66.53277686853501,295.5979147432049,214.48946718155398,41.84156446694145,407.6426726127367,522.5390137809848,93.96734821746738,355.1343609265308,279.8138957106545,148.60961273507277,340.2428104100037,238.74988744697927,80.33764672716916,410.7765572613478,384.496217170021,89.34840318351158,364.83124868182273,332.1398741000759,46.11178293094917,284.5365033785442,206.01388083610672,110.41210077408341,100.51979153403542
21,1,0.0,0.0,117.1315044864749,291.27685643291966,169.91689172785772,98.19421628195921,243.05515560025586,129.6927523030477,73.22318338036835,192.50066221138576,154.39267379959213,77.0325996556616,243.34503975683202,208.92966819241144,144.84762212493567,310.1874000560743,277.484985510394,97.8115729055444,284.8765098831318,205.96749512739493,89.35495572406808,177.11911984464285,97.13596657329884,77.2319842101969,343.4018981593009,224.65162552911195,49.38748543951724,226.5511052559598,222.81927370686512,112.11486742046684,342.988187491079,204.39327947082836,77.81327074784986,115.05589481347566
21,2,0.0,0.0,112.00856973687841,250.99997047566572,174.04317790094487,104.9372566344824,275.2388445729689,140.23106292297186,60.298190501056155,212.79258355018573,172.4902232291458,78.04468805366007,236.07667471517507,202.24554427326308,141.2433902549607,351.2203454808917,221.37524770571054,101.45147804639751,230.62494664265915,241.9575967682487,111.72020761453344,256.2330508503225,124.55339091945645,102.64492687071417,270.5802391915766,189.98414319118285,33.47359503995273,244.9358042137876,181.80466418615336,78.6495696418032,319.4566102583188,234.46502560059992,75.87588260905768,100.23372241102336
21,3,0.0,0.0,138.6652546750179,256.36114536044016,194.6746900362212,117.0794602104973,226.08041617604042,126.92566924947515,82.12959514646542,181.49209857376803,187.50169590985158,68.60847869943545,226.96516282244093,202.11030832709446,140.99277493548607,370.3542891920289,307.57279541779485,74.19852221355956,322.825221141143,178.45319453162853,93.57372313577567,261.6359336085229,97.76492930585745,66.53503892841795,311.9517961860333,225.05971998264724,36.42024990218335,321.29881369943746,193.33791894932932,89.60786938878394,338.0551029452741,226.8114544159236,64.52966555269722,92.0584881878225
21,4,0.0,0.0,123.16559538501542,278.14327666690394,165.02724653730482,103.11347058766891,317.1690127872545,89.51478499231752,82.55958694119467,270.78552686751715,176.8747654261891,67.91382294877168,260.6137314632979,181.47978240489817,123.83780733999104,332.7474077039129,192.96979311260293,82.52362436730816,326.13238141923347,184.9586888082724,100.74213558724807,189.74871015921795,98.15001212950692,121.32953433739064,258.5638429881095,156.52249950419494,42.62139861501717,255.71692026402565,209.29513797473714,90.32824666444829,247.3372919648954,272.93993748420814,88.66125805050838,105.67486276187114
21,5,0.0,0.0,109.21354636773334,280.81722306813066,132.80657468417996,121.522364313514,234.50535067607774,157.77568851131218,78.64656081519237,207.42853267726545,206.95625652527784,68.8924694573014,285.681130306185,217.98748295639757,119.70539943800406,448.87746070450436,292.56001601640656,96.95934904476549,323.2631015341793,180.30305354782996,81.51004847114015,156.39561632632467,96.0004014696762,80.05431548679026,223.6362475536424,204.4970847231656,36.20593645512934,180.11142892139108,168.7005910827462,95.15639876493032,374.28113617478124,273.02742260921946,74.33489977881956,87.37679930152683
21,6,0.0,0.0,109.39685168505555,294.811234467222,160.5924698622649,116.10085901451342,232.31431761991914,170.10176403071458,79.38392800970182,309.76664212877455,172.24476444126424,66.94721643428801,253.81543231002232,155.63518908237205,124.89738163859815,433.2801045904455,214.52239197850645,98.80038679135802,330.7640407650204,189.80475615934884,85.25939624548161,220.7693876548399,88.75781017692199,99.59852674881043,282.29796134828,200.1677363432882,46.769102282290596,277.5791594340079,194.02453714283044,88.99194170709131,304.5676748734942,262.5729352671019,97.18330236062444,112.11290980274248
21,7,0.0,0.0,115.6632296787928,315.1068702831439,142.3295524155747,106.46813774190113,284.07941640206303,151.7091401477031,78.879894334849,333.61130586309423,166.3601280771889,66.86576724065382,232.08589553668784,191.02994600158033,127.11153392780432,267.3358037040733,205.52770168555753,70.56592535179057,269.81031563113004,166.43393888975527,111.75196810834609,201.46855966737664,117.49791470593956,107.462162459248,269.0333095886522,186.9008284316884,45.742629473097146,275.4193488142593,214.7000521453818,92.8232696651628,272.7473252751681,223.9790448964249,69.49814409161992,101.76404607098
21,8,0.0,0.0,87.82523395275355,249.62564759220015,181.36777156346267,104.78119288488479,278.183383833827,172.97315133361442,85.41756846230642,283.2115922676116,157.57937427408623,63.17115398753623,239.0672740614671,186.2532472628131,135.8554890629179,290.5409539893708,219.97106996649688,97.81619035999513,204.19471347978518,191.20850903833048,70.14135172504561,233.89319860960998,96.50067186136165,107.69761459906084,253.2863493006555,205.1945341810712,33.41578519990062,258.71464554659076,236.54206959161874,98.92079348009645,277.4036669641334,234.3343576414267,93.93093099594273,84.90992802086897
21,9,0.0,0.0,118.06540626067273,242.80050456107034,165.79551619684256,88.13073852166445,212.36079828542012,142.65553000334074,96.07146094570545,283.016161772301,173.7063207682927,85.83993655391838,304.9445466071347,184.13905717638488,134.96610744781532,328.29948324645227,232.8689040367405,90.89884984646629,261.62549549896596,192.35774953704677,84.94748357721807,167.79555073451786,113.2622185122727,84.4149714698165,249.56249882256049,207.56014100815747,40.74981110990005,257.6020794636829,209.28257693547545,120.41467575736834,278.2381679828185,165.84056126750122,72.39892284793669,99.00951949004079
21,10,0.0,0.0,143.99727043964148,312.799042959021,170.31137793811283,99.42789194750567,271.28695206599576,133.1286395345513,84.70229388095436,223.93362693992225,160.90874179503749,78.9171384530677,259.156684865375,169.52453236831298,117.05911597041874,336.5367851299064,282.98257047971777,73.86222937191577,283.2853555945618,193.99152739459905,105.64274654213492,192.63302142593977,124.77114324719336,92.28048395646091,235.1190375882772,101.06984750832939,45.53943624837349,267.3423792779171,252.7791146703476,110.36060374251609,291.4217145405226,204.42347042830306,83.20269922078069,95.97395960472734
22,1,0.0,0.0,106.15485157115059,145.79891952813108,68.97163105861831,86.76566560224363,120.68453065989542,30.28843228069086,114.64310198971289,86.07355779622526,-37.92747904893888,63.19348388559362,200.7478704171954,98.53093983262477,74.94650985262075,138.24179972042538,70.34594372462767,80.70910590999688,94.40881258779335,-14.944770887285005,76.57972575084945,102.67020407751731,52.51083105412277,104.16820978260186,152.91866365942894,63.46376532820307,138.44806344068877,156.50835655334987,38.488985888062665,67.7940807675163,109.77151166725247,47.90331324650716,100.68391742998871,104.50004282013217
22,2,0.0,0.0,77.72152604375236,166.3561678268269,67.30012513931507,74.38947915844719,105.33006764682567,32.94805501710724,104.76996739959806,79.00075234130745,-29.16285693446381,62.303559472472415,209.2490839507158,124.87156213437318,68.49102789598014,98.61202268044366,54.90364549958315,103.31419206717405,93.9873547668466,-11.060232871591936,76.39930894404755,135.5150471514608,47.5425804901155,122.42966306186585,163.74622364461916,72.27895309729453,102.56212911357319,100.58436955159367,52.222809017691766,56.87862877965923,105.20675659998132,40.54382543055866,78.63369003152167,111.72165014955866
22,3,0.0,0.0,85.53668260324262,123.83170855263612,50.11964824999573,67.60478548513932,134.15229212075303,35.138774874690625,120.0507144194828,93.3260167239785,-30.02246429020964,48.20502047947208,158.42578150587664,144.6355587594464,67.94332040258043,98.55775234845338,43.05426323870624,119.42426051225668,110.78677500668586,-16.00733643091433,71.98694798588504,117.65398793876588,51.297176575033724,88.57616617810056,152.94203587377848,67.69851977927848,119.64153459621957,145.59954580009844,39.598988296009814,50.34366207441506,107.84044916082239,44.24294611266798,106.02105490785712,90.48727358396462
22,4,0.0,0.0,86.92666096830374,185.78477873857284,67.37236873654068,68.81916283916537,102.96147251378699,35.663313884465886,127.46353037581098,90.56385203804655,-26.735042623336422,49.67227895078986,149.4869057454664,121.07512301888035,52.56652512575245,131.38988799441404,48.92385177550483,125.28779026590462,112.43576434747533,-15.576739025230804,84.5140885280557,114.2536066817392,43.14785825358774,76.9865150991465,192.4420747359366,51.80249816030843,122.92893772538986,168.8379403812229,26.73930934135926,51.04261817083697,110.21844431612689,39.7965087370265,76.27304043344304,53.33235001115809
22,5,0.0,0.0,72.74316181858286,176.6635668820528,55.980412786551625,106.98476179749142,116.94914120347262,39.65115916684337,123.06304409636682,102.6640295375926,-45.69504604375526,55.25060475367716,158.00553139934527,154.40325045290993,66.68621993484362,134.27309822285838,51.943453104206355,101.99167180892933,98.14148506671336,-14.41957255636156,81.58219822924968,131.98452710590416,36.668670672881134,84.78065293299464,171.91067576206046,82.7750349018005,111.69640542595381,162.95763946574272,46.905176117416886,52.628553261635396,119.25389313226665,62.9833984312901,105.86605871088835,101.57873253227713
22,6,0.0,0.0,99.91178772444877,126.90019196470183,71.47987763693081,78.33344893943526,134.92911659709597,30.781267204880443,120.28788913662503,80.68386641482587,-42.51452666835172,65.62500475772063,176.26885370270722,111.50049714888334,76.91513078775841,122.09122003402494,56.832736591967844,102.14722757833208,97.21817599823417,-4.922399003178746,78.81037290677844,129.71714457710664,58.58518107017264,97.35685414728914,148.88116697690106,74.84929671347379,132.1050098536971,142.56652548245003,48.32372718090233,55.23564221625245,98.30263490239629,51.303307610638065,87.41014803840407,99.09370291099573
22,7,0.0,0.0,109.0147676201215,149.57186546437455,67.17433401182386,78.24648370654211,100.88580560576274,34.03609486717206,122.10653476171473,106.47068761132448,-32.02660351662622,65.54641832180927,169.05132151636707,108.05103863432177,69.64924393394551,122.76132234536527,57.051867705135464,110.21481835045714,87.61228101707846,-13.075946115318136,78.46264734995644,128.64247828069904,48.40294196982604,91.54176391676413,152.9696351608029,61.8649477879227,121.87455666005455,177.83964386896162,46.63742600458798,54.7327947239913,89.333211932246,58.71147731181992,117.89444904663793,50.03879914057532
22,8,0.0,0.0,77.69113226435837,169.84596759482514,61.15918282897174,76.95390575695461,109.29159586005791,33.87920080805581,111.43985101038109,103.11950795648559,-41.48192517954661,62.586999236843866,158.3073001278523,106.08466601744435,81.092070648226,104.55220731716753,42.93588651772587,128.20288491504698,98.3006486127371,-18.178269991324775,72.8286281761125,150.09885871691466,55.70310661671291,109.13839143697533,172.1994622745977,58.91551021976746,128.32471192883963,164.76992076505258,30.07722765116202,46.56826714209176,86.7871718174543,42.54673634126558,89.86809470421485,97.75681903370675
22,9,0.0,0.0,79.5279336012495,181.74059742244205,67.95985106930891,81.79133279531777,147.5048718190825,32.40070682127009,131.0006152926027,79.45815016475778,-35.98673643137138,52.35972158199405,188.94787541733237,113.58924679404801,64.37021037769247,133.51834620911262,51.01481844981335,99.73625388391464,114.02691953938347,-8.340758638256725,77.64093051042875,137.295349976342,44.97014536691687,83.01763727801203,168.3133649021224,68.60260450846918,101.28547592108944,208.41563017513587,48.11004666817003,60.288767297809265,98.58254139997895,40.33275607025753,83.21503021670462,105.34951394599915
22,10,0.0,0.0,84.37305841940517,143.82218885261483,61.391788414618006,86.94897093877404,117.55123242753773,35.34447089723584,120.11626832926572,88.5224749714867,-26.47371532186341,58.579005622813725,206.0702288465152,113.11788894792149,79.81185821403402,129.0369979413423,56.85413102743655,87.32059437126402,71.38855539865752,-10.466503186618322,85.64728448404188,119.93837212051429,51.89810499876494,103.34313156462724,128.13608035745253,73.09168629893095,114.95313073433817,194.2679820361178,44.88445229710068,52.766866166371095,124.65171434697498,45.5269451466729,106.64146452854868,87.43458204243399
23,1,0.0,0.0,82.99561628874757,114.63507673644578,27.33896119041872,43.99417608102476,123.80109950467403,94.01174354975646,97.93608687718894,119.18554854394831,61.11848005171617,76.38314361353807,155.60364237166914,76.24630269398307,80.4003139921489,194.63301046924738,82.73067513140676,107.2071711820535,135.13592200452453,-4.076682931222098,66.67857764502433,119.16704874244256,60.417056630714725,53.92297148509218,161.7969396694082,80.9442598800734,124.67215202707477,165.04728077280112,38.84856125352613,82.08948622828557,130.22198343884492,69.44318726732048,61.01084136924843,102.76160182925544
23,2,0.0,0.0,101.52772390325886,107.6876336365727,28.93598612273007,44.86994132279419,96.7297676198669,82.93349325375661,84.7373462326701,155.81328347862208,65.73041772529753,73.68088732530579,148.44375386738096,56.683536938050224,73.79436384135019,166.44432292463904,62.8171064383439,140.7072960086682,86.93902193472634,-15.546201852361719,104.8861632181172,184.17944882312037,84.896226764505,63.68124594518589,149.14672903151757,80.55945232989038,84.628919192281,172.6886310212612,37.25218389670782,57.35890108250484,131.4830238922446,80.48518958555135,54.78248095979139,81.77704446480426
23,3,0.0,0.0,70.03061181673901,134.2519875858798,34.028178600274444,59.0917555203307,120.89385756635268,68.47124205860145,84.36260921595272,153.59942998973372,66.66276099844276,73.46939454227362,171.83942753134633,70.28562961421024,77.50496604945262,165.1339068806575,54.558663132818495,104.39023965047751,80.7359632447006,-4.900241567221347,126.781376800683,159.8019597447924,63.53799735693774,55.33936038575851,152.88736862564372,126.81211661004366,131.50684369137622,187.01292911642776,41.23379010486535,73.43578476168173,145.77881265377192,90.08948944377182,59.85133757597627,95.2939669151289
23,4,0.0,0.0,87.48352020293088,122.31370035008943,32.190333235637176,56.80697125769363,141.92479398507518,98.9675625481156,106.26771586318722,169.27174376001298,74.65516191978756,108.01185999560177,195.5919710055896,66.57093062197002,110.26071860452254,176.78452881324975,57.28523743528138,79.82233722997304,111.12391478003704,-11.400663348446594,120.60950810703162,209.9257406952442,66.70825861088322,51.6421013141784,202.3473854916451,106.50013674621049,113.82551524521297,126.15526296151114,46.799065384283246,58.989918104577484,134.07822980523264,29.530337133592937,65.8098627191062,83.34033474141083
23,5,0.0,0.0,85.06076996376403,140.51318151993127,24.992884889567364,51.18611454475027,150.1195687255393,104.665510231925,73.72258514989821,165.67533214348848,53.85486941549708,97.5907148266993,161.10221693029692,75.56136698894156,89.67850460289647,168.27677326847407,97.82144923088049,126.84326310226437,116.75175858394141,-4.1896468895568155,110.3199331911514,159.7406769102733,63.94269822708542,70.13809237269442,127.46092368470298,136.71601192191233,149.93844142135282,185.01874332236102,25.976302487930425,74.25148158476796,156.1235630054129,103.04768420923232,60.18635445285664,101.62061043309386
23,6,0.0,0.0,97.82311915570621,140.02015867268713,15.492852157261819,66.7289801408835,118.00191513984467,82.81925729329744,104.6343489237765,157.0850757582501,67.81535952328838,94.59394971073348,171.16315146149012,74.58069175191953,86.03115606254637,193.95359058546617,98.8470065416088,103.60021816368757,130.94220269087216,-11.359824093318602,88.23884246020543,171.134355637317,63.51922281757541,52.3326563840738,183.2556124197729,119.36896745847417,122.64401728036607,157.57680430251395,37.17238138849161,85.11872945771306,144.60901290549558,75.71906984043815,60.174139287202856,97.77814920358608
23,7,0.0,0.0,88.10364204320163,118.39593694895761,24.427549074475518,44.153874516885296,143.51768932292836,84.75242141792265,94.46076933486648,141.6064389442213,58.336786247935656,67.47729637220053,199.2264165783934,47.92108613985429,69.99400186677732,215.3160504838616,68.90808260554341,126.67322335233342,113.44816794107875,-9.104109326357436,70.69543996077792,164.15940057864776,55.25438224883197,60.94269026297936,187.60389043784244,106.5124341706414,110.6794617341566,128.65718845475175,37.959586447723616,86.91906351497319,174.15279762547965,84.99814967429688,44.44235394552664,73.19285129939047
23,8,0.0,0.0,57.55777739247661,104.79563255782,27.20608181965515,58.8057402756839,152.69262287296468,104.3070496905842,92.15084269691486,173.2805969667029,62.584546558062506,91.2795988254746,175.32448986097714,55.45138696975138,100.29144953698136,175.77304924564945,92.72813014880627,129.789991787424,93.0364613315578,-7.971134684280733,96.18838996006795,168.64054734792478,74.89154280931912,59.538237151396636,173.3654816684171,115.49115949915206,155.79907192218278,130.84914712787898,45.039927301460104,78.2562607467182,110.45916387720096,73.89342847898219,66.21214978280018,85.71302106995518
23,9,0.0,0.0,89.86720628302368,103.46709548955943,30.47103906182702,56.89974320258516,128.4727736257322,68.81002849934228,116.46842978657313,138.50784562726602,63.46961760085004,98.18170849667985,121.44617279402692,69.02181338360558,85.81371233274486,205.3126010779643,88.9816026940406,91.67886633183949,102.24004429763585,-5.3272805585443725,81.95363988135284,159.67642879211104,76.60611337152197,63.45886816271787,163.93473959621437,104.36527797587794,74.78010287782652,184.59183483807806,29.176992236022574,72.04591736786355,193.58935908355994,79.0240858806695,74.98478746137998,85.9607848637509
23,10,0.0,0.0,103.24653790598948,133.05426962284477,19.673991109691606,46.20865601826201,147.21187351042727,98.28283591390812,99.3756970370279,123.67211774427808,53.98469059997899,78.58450911222435,126.73957534825087,70.8066264561711,92.49551936996934,168.43743370013382,73.56333140522754,100.8715722418939,99.5317853967098,-4.009442927700979,104.06520323806755,202.02148362001276,64.39978399679931,60.41548552681811,201.56530547116253,75.60807457904609,118.26758322876735,173.50283880604027,38.687919185495936,62.611905480797475,170.01370480848186,82.27592265996829,58.52949905242309,102.45135004949144
24,1,0.0,0.0,72.30085737937095,111.38987217683014,17.97514919963149,89.57957273479697,187.52376195838252,113.88978294924,81.71276785185445,123.90347411211329,67.53608292636015,91.1907439746608,163.38745680183962,26.32566759188719,67.16538468681098,239.73173584205415,58.936018619505276,76.3189983630925,185.2287229494897,79.14814576082095,123.46877386269898,167.21695406140043,51.3121577959581,38.77684397328676,185.26948755850657,163.64993164540564,95.62819606005883,172.57074274256752,28.018674815791414,85.69154609050052,114.16238333999503,33.14112358358352,82.60846492817922,94.69506226611502
24,2,0.0,0.0,117.18977924267124,139.9402008029279,19.10005198997416,109.26776721723243,214.6404747006682,101.18783292690723,66.88385493269652,99.9649844216492,64.05671246113042,97.42650364915421,151.66641150554608,27.93957422258531,71.54828711423389,162.1543677417199,123.4638639548158,74.62236640895033,209.86883031146465,100.31664720795919,107.00577194512124,167.2770825007152,30.827267088154223,35.60748359508699,266.1336210773028,147.04661353516929,112.2695311746067,137.33980119820993,28.79150278864006,71.75538656143357,86.80399805306813,24.66963475681241,93.59538089441679,101.44431468049935
24,3,0.0,0.0,121.35101195391616,91.21268493211332,39.73492093160376,108.21129752329603,208.00276846700953,91.90781550754195,70.08510917879445,145.8961739533798,93.25191305776302,81.33531773945568,105.54722310513174,35.3337249640566,66.0603772634519,227.8451780385968,116.32873794772607,101.74642042242805,192.25153234391104,110.87618666033734,90.9476998258274,158.14188741820453,39.330900576213764,44.53660836089093,152.3217313429889,128.6206423071832,101.48811083181695,167.17870845726367,23.291377611139175,77.13078843940481,91.52124840607117,16.579097565139627,109.74129162021956,108.70861557405992
24,4,0.0,0.0,102.78214642991381,145.45054942848776,27.909996852725268,113.30586901146393,232.56359127880845,109.36485138092686,83.71554638251327,125.84512152492118,49.86448966599684,129.36984417353864,132.03929091273034,34.18086887461666,57.39687747273301,186.37574603221657,130.80763564659972,88.76263210207385,145.67896494180636,95.24137577529413,98.26679455505946,165.20571030871113,48.37306540783958,44.503804400990774,157.1680416028319,128.98918484736873,84.11881268358584,154.45550239768045,28.44158852399311,73.69264785057766,92.22282757848298,10.499665256187399,90.4148176060567,81.71299698830244
24,5,0.0,0.0,105.38893844318561,129.3731552547372,28.787849092323082,78.81400436200812,224.30405158664914,106.50252049110156,67.04397174737328,175.60669069224716,78.12139110433513,129.35256224515203,128.7744702255392,24.74724512405277,66.29154788269562,212.95100225002466,137.68736900844536,87.4485137652357,171.5895811238527,92.49706361721094,131.43838194173088,178.6176716497955,54.831900699238666,31.299328830070515,219.61584725490937,194.07003480483561,76.34819460987772,123.12033161818061,24.370502843920562,78.19368721878361,99.60272340974049,21.643180582831725,108.50046055430822,58.10266034029517
24,6,0.0,0.0,95.87021773097466,133.14132187800234,28.21170400266574,115.40482568759589,197.97229113272815,90.47013363916889,59.427035472488704,143.49539116589085,85.64231507248742,112.33680858354872,156.74252551003633,40.67768325607212,71.65701245504616,123.74551302955366,113.88180821208977,56.005822914259525,148.98000484847623,79.22368606495387,93.27851744917908,196.2366780342451,44.87599662267711,39.134970195474594,137.17977932375788,155.79563142523315,133.48032184977208,141.8668165318431,44.67060995230215,61.78618926573989,118.27978010924092,28.379549513330584,92.77199301319526,102.23718744782573
24,7,0.0,0.0,86.19427734999306,79.49649405236688,25.830228437996315,85.5305449117676,247.62651300069956,122.3018619270921,61.32237762122902,117.35671159461171,75.35998114579594,118.28806193726889,142.38224154085074,40.49834159778406,71.5979910889867,116.39831619853786,136.66893414951556,75.85166599408446,226.46543663369675,132.86151209731696,162.92614485927817,197.88711922969588,50.250736358815466,24.840092692556265,179.13300105592558,115.86478193450571,147.9106101329717,129.6715238286943,32.674123006074204,80.5472499658303,102.66618653971385,32.40535673226381,108.0339180341337,141.4646032951169
24,8,0.0,0.0,96.23972784867644,111.29779112370235,27.434731075409566,82.29591884691976,207.4781860178256,124.50108141682458,87.6061375143892,104.7244695818828,71.65209550265146,94.9568246312609,141.52370212324274,33.08706504534436,64.43693103397995,193.50743091779714,159.33849967128003,69.21899767945307,148.66068544406318,116.83151642336573,121.7140479141754,159.71918567822573,47.55094535431496,43.02794969402556,216.0155852917072,173.2885070762701,120.9653533758973,158.14161091458288,37.88016102319637,84.87899239703455,109.57338628697158,30.41054053276702,82.22590323446784,101.30945457268876
24,9,0.0,0.0,111.75508805936677,148.1602843370613,22.190174947870183,85.84411229138237,191.23135172316842,83.43376780481604,67.82165746183509,182.009929348252,82.10980581334614,84.60459360550638,138.8278892218671,26.489281800967266,91.60010609264032,232.16174081202246,102.80289198734367,65.13906191179908,213.68330047439542,69.77178374787417,126.06539911270315,184.44100096044895,54.4101049735333,31.450307079017943,157.841592001461,119.78120885612904,106.90295508861843,173.43100704793474,42.96514278452317,55.67444468177929,104.70428297875225,28.876245331953896,98.17460419742227,82.38679409151582
24,10,0.0,0.0,106.1950683755838,147.8594309634122,38.065186106356016,89.72267194757701,187.94761098628416,65.74083359283392,63.89636805601271,152.67775748522942,67.54895211666448,128.05004639315797,125.13282490389128,25.520941931592336,76.84770094103744,164.2515754293354,123.67899444916814,82.3121564015308,257.9985061725671,126.05948854258267,99.15492005865423,170.70700065216627,48.696418478346864,45.25006238127929,171.04143105503277,138.24615865953234,95.70453341795029,143.4783444730856,41.74253748315419,72.04684170235453,121.39869427211747,34.46175696131666,93.10232368720258,62.51256985317753
25,1,0.0,0.0,80.9643924930752,285.1847461808224,179.22466695767255,120.40268209717063,346.4688457521828,169.44928969295376,101.32153098698969,368.9299667444609,201.10343478377564,74.57147307120599,367.1316612983698,293.30580250771595,77.70597755274586,375.3023840333217,272.6452840428233,121.01043016775867,226.01240784081392,91.81092645319345,72.5971963398396,282.43286609682883,241.9946897049601,61.433467686703985,420.89645102260545,231.01760041273158,101.1019168222188,498.2509691123578,235.97043961608927,91.51513823690247,304.872373883672,283.6964373173075,93.70010605279242,101.0021395227366
25,2,0.0,0.0,81.84071939769795,266.11471465158525,182.11762972928082,132.8937247446456,389.68647297591,276.61545295635386,112.53008953568505,445.9264975799867,266.18251464356524,70.60197810135325,350.1932543522246,305.3679119142892,66.38270474927359,338.30814541052683,352.9571910418443,104.99764859965455,225.86949244252963,105.73740540742034,82.37869516470353,274.28547900130525,187.99673362392696,81.2182499517277,355.7383211173478,302.1063424216962,137.6479460345071,414.9968127465201,291.11749567904354,96.84109824849179,390.16792400803473,273.3004327381669,86.87016914382512,70.78087426293355
25,3,0.0,0.0,82.59661455564651,258.9570813592931,158.79825348176107,130.91894348756503,359.0059884696934,222.91975517544685,87.15562167330107,428.1257387320195,394.4535432994999,70.78599281693606,306.1178396018524,278.97895533290483,83.53845807698974,408.68167975441906,293.8476516500397,107.47693848296338,237.73756366276493,92.29480004858786,63.14194523265023,216.73632434651003,216.39348864367565,79.9905066272624,354.582318029621,261.58120703273346,96.31337751654931,395.91060860746126,288.7846376455641,90.18046975666131,318.44160583742075,283.8554957513122,73.75411379336899,83.38268281535335
25,4,0.0,0.0,86.91484403550236,266.29492121415603,199.18698215715514,142.49980012205856,408.2888497967876,187.60232678670377,92.72207121905596,444.75392247854677,327.3810626058705,62.68531948211379,439.99176873127533,395.15003746613166,71.94849309347545,443.0185534234724,299.97227275124226,129.35139642414094,203.55274698375771,86.40094773171491,85.07933892680943,222.67265417533852,195.88237944823675,66.09625184936658,335.5808907349004,266.4180621011004,106.15151705433216,351.5605963885002,322.2299736977508,79.99496619332865,346.9300438290272,260.14660913663704,94.13473116540378,119.28587373225074
25,5,0.0,0.0,70.73581884296091,257.4100628986293,197.56946110281552,162.21097253302372,335.9481123398817,263.71721039320516,94.32445249020515,482.51601688148776,318.6852176897171,66.25707406226603,356.9104815559373,289.6700343520618,64.40769300187351,459.4895522026018,223.58795667967823,111.15114686604595,169.42543149591884,103.72067896058392,83.5783198253667,248.24197006512256,146.7360635480021,67.23041594332739,290.7219804368072,307.56772794601903,86.07135622781013,385.35831487705065,241.72805348356712,66.55663781357784,300.6350713674867,271.29012376209255,69.52541128814508,85.55821436678846
25,6,0.0,0.0,78.54154911681125,235.94693801389485,141.64364590574667,126.64431015462227,300.16358244437333,200.38622006146122,101.83446862209165,318.2448167823528,271.5242024354177,67.48117199244368,338.09272525586414,302.7679682243614,89.43533843828035,368.23972489231727,316.2964331514312,117.34491400417683,191.1623160536357,87.50417000869759,68.81207141140352,311.9900855467198,210.11514018542297,71.14512223981704,286.2181208925063,288.5297005415854,100.92088493086577,342.1642676203103,183.3759997251525,64.2578483333963,341.65085686348357,271.2197519933046,79.98997850443007,142.63321584808028
25,7,0.0,0.0,88.79216206471463,326.81871002088025,167.74285982347493,134.98901855871904,414.5404898889704,213.10340064750534,115.70649815786587,350.5884418210003,288.2002590502389,57.0556917321733,403.80093038990356,265.92387332057683,75.59154402307772,364.97298063727203,273.7725656545422,106.21726369941182,154.79336294917286,81.58640982017195,77.34019856185053,277.7552167693548,187.8993093005693,87.5177831239114,334.36707607739834,256.00054725910746,127.70946358759498,349.44723545308534,327.57900932950866,78.22062464772657,330.94806039747226,312.89853011748573,62.96932537947537,110.98482434278966
25,8,0.0,0.0,92.705604299935,313.4887996087394,237.6547661410919,120.79684530602256,417.33932541040394,257.8749157353059,97.30237485752606,322.59589788809785,338.9742716848762,78.37264680222765,333.9233460738282,333.5408473718634,79.39246209020865,409.53689458274454,279.2448033160632,107.87585499600645,247.70002445455646,118.27425005835924,83.99902663694498,277.80620933864407,155.77203574497454,73.50755137763771,310.64875300148714,320.62471986093465,98.47165359736556,405.4270982029869,289.57020079698486,75.86627606766645,262.50914506396055,222.4824634470061,81.70589488772505,66.77279059508862
25,9,0.0,0.0,106.67789027080147,257.9876792419442,168.93567019740328,152.23062819786455,375.6994406062114,217.49390140228388,95.76978351212996,430.6346173499486,319.5892056426371,65.73784900188743,421.54800622353554,322.7821435449225,79.94104567315465,337.84844254051484,301.73440921438856,98.30319374564317,228.44469282369448,102.82163534590708,69.17083783003226,241.45666908617613,194.73562089784198,62.47799583221734,390.5323540012303,232.19792689460917,118.62242701552537,342.427123343474,271.91277216389517,88.81883512859623,337.25304787699906,253.56642444252356,77.49924183556647,81.02133633179076
25,10,0.0,0.0,69.74757862111906,266.4152426868986,168.56942390043554,149.95156356802838,355.1685012262277,190.71688284567358,84.82284677629791,438.19510763929924,320.9749617513967,69.8898622011283,347.17145096759646,322.539761663702,83.41483771001295,386.91951105014834,300.1551064718028,115.88570761710048,155.51967240533907,95.82508075592072,69.48417068389841,260.0505533662428,185.73199810939315,72.8078668879428,352.91865584930605,177.79606072111375,157.07557012092474,456.72833440762423,236.92691272694012,68.78318996360775,426.77334074973163,240.24279295056456,97.19985967908232,89.04668674878559
26,1,0.0,0.0,88.73223773609948,94.94282969849625,23.840180078537784,77.33415536007628,154.40267115269407,187.27154309842345,90.59914772493784,249.60216401118004,142.39511136741467,115.8126275228875,152.47536582008462,42.41911412679349,87.94586070679799,242.31569142913293,134.19870306974067,107.22119875325431,274.05899627350385,107.25070478593335,69.83091624207358,238.18693986837403,182.6708603957153,117.41394405352533,258.7814696317117,161.6553662212247,67.76244814138286,246.9797113619748,197.42625557377266,106.73928631206466,265.5185441442553,162.41031362759864,74.31031639966135,117.39764732584916
26,2,0.0,0.0,38.53085435724222,122.8073764392348,44.863062047557115,57.33511699661882,269.91272696487994,155.77680238761994,87.60682943173146,211.20739784531946,90.26740798791742,118.09964284999718,147.10348758575128,37.93072806564191,91.76702917138783,209.16385004234846,97.98109316510806,107.44749930004066,259.8643392689118,127.93655415953684,72.5533598612853,208.84216823013082,183.2342565948844,128.15526879098041,264.5188992518418,137.85573709940945,76.87066123881296,222.43364703556122,139.2601616066387,105.18568586430366,296.690590638823,148.07925601357584,72.0184757758281,88.64221832073322
26,3,0.0,0.0,61.95603828464084,124.71354472644356,50.954294697321586,64.08214784659778,197.41619166201062,150.4600588863403,88.2959550370734,197.74894094780123,70.44542161480827,96.80408568599981,106.77551734460322,43.98453537741766,102.45098746210817,203.32210809081676,152.90752485621422,87.54031211819184,209.47344977687874,107.0163122529749,72.68426440957751,255.10594399323153,155.47049593811522,137.5627722978776,204.38592546823133,181.60524548414935,70.60036139398892,199.78071427816013,157.0073430207894,112.80520160328257,264.4798403775272,171.61754687370345,91.29291206194193,82.58816199417122
26,4,0.0,0.0,73.45862672079353,110.67426745097949,46.12916749165983,54.717866551999805,205.08274750406918,162.92824555929042,81.17230498640913,158.83286908679815,96.28941017062382,119.13768635225759,124.67507833903217,38.365911232788775,82.09081697541903,308.4511698927579,123.54267879853693,106.7588568817501,240.2121663838991,123.20754480918954,55.91718628916482,304.41013213189757,169.6507760846148,94.07954646331592,362.34500215783737,175.92753745863897,61.26473582121754,203.29473524778976,189.42069145432464,128.59797844016813,248.7635063870966,159.00399612403814,64.7668789345667,79.51634327431532
26,5,0.0,0.0,71.06787747201838,111.99182886222789,50.41969978371663,53.855458792247916,228.07994859682583,137.57535380690751,84.45179153142897,188.46974531472182,110.42784870270417,104.13443069561426,149.83760813465128,34.192343572881406,103.32183469974152,229.10269165508805,121.26611497857017,118.99257481388561,189.83617689967693,120.17823566480729,64.62490315889067,231.21566699248254,197.8293888701767,109.78351480190423,281.1808961135177,177.77646482392655,86.81685053271006,183.2170102210684,114.51206899423295,100.54123068945574,285.5147288380048,159.400639870527,77.58750338364104,123.76297142656716
26,6,0.0,0.0,84.49432726822079,103.51210926939152,53.00408318161155,38.86831913164643,247.80528439367066,163.3829194272296,97.19910580321934,155.17774239968568,121.26334849338787,105.07758850738519,125.00462275067883,37.14356864073402,83.73286853297121,223.71289618198674,162.7709709971992,79.19054472218698,187.1046569835595,147.04196105822885,56.10394908201227,272.2076043576094,194.65597017325476,103.83401613889392,192.0150803515125,171.45801803063725,71.84697330830346,282.7460416545231,176.53022501964435,100.80492113334795,291.6627522823699,146.2915995086253,103.48105543984761,84.77764737050079
26,7,0.0,0.0,104.8757554637665,87.88641813199263,46.498009969975115,45.846133973427285,193.6491117598157,117.03296631419477,104.24676039343994,196.16398536011653,132.75896073017333,93.86835590944357,129.422955254191,29.374865326979812,82.41037411381097,224.53574761936176,140.57223675355633,91.4070810001163,257.4602447219381,79.48535333204802,68.32028069255668,300.6130292961269,204.67014204953773,146.56139874241933,323.8091888567705,156.8079277403741,84.70304543504585,235.57231871079156,179.7313187357562,109.33340218722564,258.1205372539348,126.79426547811842,96.95758005838093,125.97793773939895
26,8,0.0,0.0,70.6823558751347,100.27942018977134,38.40749661297607,32.19267131002947,183.53300421701496,190.96790532809334,78.87907758689039,250.03988439350888,121.9944261963813,107.81843510306413,94.40967524767592,35.91662987829983,60.66305006798077,196.26282503709223,120.13631719406843,109.54775644596913,193.7803060264672,103.06077033393218,77.5623029385551,235.69898436398967,221.60452419598857,120.38225381116531,229.76259782580038,177.5622817205431,78.26554423617863,237.25692428125475,144.85299418194703,92.91102759606053,285.3206260324561,136.79790738175137,80.14754698622974,51.6112409739891
26,9,0.0,0.0,84.51787162911805,115.58175453150952,30.569166735883876,56.65858788100915,230.56623863485382,184.8378398258173,82.82816398106118,200.58458340600305,107.00018841460835,140.28105056226377,133.25721829758217,39.45438521527284,110.00775414531614,181.94856015988546,174.8486028138912,108.91704638529089,172.62523797043372,136.87301302456032,56.61559756947463,228.23941359166736,155.9432637275711,116.35677594263434,309.2749034433318,158.6391899127458,93.19321249150168,205.66063226473088,124.81460739770185,125.13491433128328,226.46990201558071,134.77019223453527,78.41447438627553,109.88474493930138
26,10,0.0,0.0,66.6591162393051,108.02919098185157,31.656174566586316,59.326194863416056,217.28890381564236,172.5335022225143,83.93579599931437,234.40058565731601,105.91547391872196,118.13728999648633,195.02584456346614,48.476941187681874,88.66367215388351,250.42861076888266,108.48253550934422,129.43684084837102,249.77702169151087,69.07559618143094,54.038214869947915,279.27465564035793,178.14436255800055,110.47273715552143,279.63427396888517,144.96231072552808,67.32954717402376,223.77289723247756,188.09338022330118,135.61445635610292,295.4761697779671,113.03715934867994,73.3905212770642,106.18314899706373
27,1,0.0,0.0,85.27257266456621,175.03025195895785,86.13040402799324,128.53916534869873,267.6781787827849,111.39887290470882,99.93911674285606,223.50487687931206,143.8429482389364,65.6681848256274,295.0161733099863,213.65534877457247,74.6172693258557,248.1241264761143,120.71641379529584,145.78737150588148,212.68662177541052,49.95208360858753,64.06722140159464,185.3779545777925,116.82170208839175,95.38604000924651,240.5566719661297,100.16157421675399,100.93416680764732,203.71946243596514,109.92818720997079,108.08474201462867,195.27640953779135,132.16547716275042,135.6658112614018,96.81729275517269
27,2,0.0,0.0,136.15162471629304,204.88786744287734,81.49205886108213,132.91572699232546,245.346104584993,131.17809227131082,120.22975194680593,231.72692485275675,141.8555464979638,56.006527338626285,256.84484833098566,189.51124832694828,92.68133325243362,247.76614029623113,139.39099093202523,111.21201000026223,167.43883544879597,73.12548335586597,59.1664457021421,201.5983839621293,152.21440733517812,106.99783199880912,223.25235771081933,122.29148244176268,81.56382130769826,200.68394724041477,75.59583749615321,104.7439186582343,256.7240925413321,117.04732134566815,140.19121533699345,115.43105939600346
27,3,0.0,0.0,97.07646227996916,216.43767070852442,101.37237488516551,123.35261064902369,245.56099981504155,131.31543659245438,107.7241384618389,213.6475717903348,134.14491040263866,66.83524862246479,227.72441890930696,211.29322261616562,99.68345487884025,228.132729928079,142.87462715921222,132.91289926702945,211.64456978699235,64.49937529900018,63.27008579082212,199.29970548319244,148.86480264648094,104.55051328300658,228.13044214478015,160.20140488469576,107.7518547335725,174.39316762549805,107.53866907756411,94.42951298333594,228.93569360860954,99.46447184003158,153.18041658742638,90.2562944138559
27,4,0.0,0.0,103.18800663012175,204.5279732967972,87.21840356578255,113.8613260635883,208.49749042311376,167.2774189357984,101.43289884799944,261.6891436808943,203.4658665680158,57.742737516662814,228.30012477679233,189.51849798479776,85.62411571084334,204.8583602937657,122.18237659593782,140.87241448817798,219.27947201213658,66.45226209863812,59.223918963957786,228.69863542793695,136.20541141460617,124.75994910485515,245.86107729162407,129.45845722803074,93.72522239333523,167.5359184218529,92.25930332266854,121.13908688011162,218.32674310044007,106.94422862504308,139.961723601504,94.60003074997996
27,5,0.0,0.0,123.94232389992291,199.88353315488513,91.6377780833681,111.82730009847137,231.9041444973431,135.18512499564224,102.37030309384981,229.8400938394593,178.9773286588457,75.46133103834724,275.96742725464543,183.8676469679468,86.06812232945344,261.7746829212458,128.5976009008674,142.23109155660956,161.41524270036103,62.03503452838823,62.220152692215066,202.26341262714683,129.07262427990952,94.6400668918229,263.8478831613612,136.36403400622243,97.98672878236118,189.01775837953647,100.45075755508404,124.46724935713009,189.8908537903642,119.39468801680108,115.68390213906059,123.85724923106224
27,6,0.0,0.0,122.28699625733825,151.2539034109181,82.51435067087442,121.39325815535648,264.7794778559385,107.73613914742563,92.81493514784171,217.7249016686243,165.3093522910483,66.69681071420526,284.91564839716204,190.42282403101964,90.7389141144878,244.86928473218498,137.21544975997335,133.95359053665214,227.7448029758508,63.08349395325608,61.394070366643106,234.10710975694826,111.47260869262507,103.66565753617536,225.24968286929428,158.62846109163468,74.43030288014211,196.3891508842016,92.22329209486439,100.46564593687214,197.0113310204709,114.38658358411516,93.49921327992448,156.5776394846754
27,7,0.0,0.0,107.13101291577053,188.4268375847015,82.90378096380904,112.37287631409774,259.3923619025542,136.9213976349416,104.64241157838488,260.1141203493833,149.66287966991806,64.20392167952616,313.4528784742398,158.52228662650603,80.20927561643619,233.85287582936638,125.95709954519448,120.80679254887278,175.38651606830155,78.23677950622744,73.83651917839197,216.77118637818245,128.30164241107659,112.64466648141627,214.14000511878993,145.37944704967995,98.84804860114318,192.56860142048978,98.35872513439989,104.57831749672455,226.61296552505377,112.96152108129992,138.83373082452061,113.5326112047781
27,8,0.0,0.0,99.06696702315598,185.91493725974914,95.86139822514623,114.05760265203659,250.67333077642786,147.93481608308036,93.07788973394258,280.2576502195539,153.0272617789709,65.96349970999499,228.40735900242632,144.41681926175787,93.92494066988272,229.04878420034152,126.09361522171251,138.55941972925024,193.32422416849477,60.34788090214535,60.03363148295664,197.79758669126724,112.94739092463308,95.69540274421257,250.57057272527328,152.10365639954804,107.49270391092475,187.85797091441611,77.26142319824893,97.44030707815469,202.44057045063948,130.85691849963968,129.44490907756526,82.4527705432536
27,9,0.0,0.0,113.12684234871297,207.67807477651343,95.31034913260649,110.3417105663019,265.7432221470209,116.05112183064388,100.04199014337837,216.2717804607346,153.53990789250992,80.24494914120469,267.972040485471,170.17665661487197,81.05195902539518,259.17819592029724,158.97757137347176,129.54004057968828,212.57051836177732,56.30976235641392,62.52412559522642,193.91536522155536,127.70210596952633,91.46285982444897,252.06088821475691,154.49512192236062,100.84385383044769,206.13996472726492,87.97836604107883,95.25956061501792,212.3303956248625,111.78202183953778,128.29471997355844,66.55671630877777
27,10,0.0,0.0,96.23809471221371,202.9765045528199,84.05523759944442,118.76305163154753,261.092282819741,106.31104171829956,116.46642505807829,258.48446673003923,191.03018495677583,73.0947216395596,208.6946577638727,163.8736538523604,82.30889819653903,209.52450327887075,130.82710657725974,142.2484221021122,215.26709961317093,57.156781918199684,66.21921091564091,172.99553510689475,163.17574178635925,96.72448363320451,241.7870213031424,144.1538650411854,111.19822941281342,184.62425685033114,113.04110559641842,109.32588276414725,259.4252727118071,128.58670625553734,87.84237464905888,129.78316268119332
28,1,0.0,0.0,53.90445938144672,242.48267950024984,196.1666947915421,95.50460382412044,237.2541891781066,183.27513161613956,48.48734011076803,215.94499449538003,96.7265805534144,109.93010756591468,222.13740241066813,99.6949191168333,123.64519377940601,162.41216998986312,48.83533204833784,88.93323454809135,228.4749433499812,94.47019127159241,101.63780772792137,160.94584418655697,90.05110403532797,119.9752901848408,267.9233763434083,136.91291153151494,106.16666588768787,273.8261084951839,134.9151217598574,80.9908536581942,236.31777099191766,156.11479617679655,106.02904115459299,127.3146731734135
28,2,0.0,0.0,56.60304021013081,216.13248431415218,151.14926166842307,72.24380330967611,252.41914439499948,170.13669078069108,39.80816703876153,237.31050875743801,168.99286466960743,125.42364166379805,186.9723584577716,102.30062063782533,135.60631842535764,152.66117426137083,53.3576474411497,99.60503125030536,163.27233142529502,79.12785105068106,75.91437355173974,188.795837737657,99.9967754349821,141.50909801583703,174.08702259559874,126.58156112625494,126.119043287258,219.5184835623917,106.14288975941591,76.10631560610956,161.2159731152784,153.154521375983,84.22005856478245,142.93985531583348
28,3,0.0,0.0,55.34518354542821,271.6465359456499,191.79900721538436,86.59265234126386,224.62884121029032,165.5425448170447,42.287671614880615,180.37692815884432,89.20958144991214,77.67385237771595,178.4197812608826,127.74324641188876,108.83082048461927,193.21020087873845,42.49451819689455,119.27530200124984,208.08184337423415,79.7963703426385,69.17979996238303,180.2824241218499,99.09854001693833,123.60200263266383,301.7430469236936,130.7064253973632,136.40617217010671,251.37514407614674,108.03702392289658,49.91785603551396,231.92327688287995,100.03975544756317,91.59157680799807,83.38237735987221
28,4,0.0,0.0,71.55446859200086,259.0482734181249,154.76142884108822,113.78767927734161,193.24619722921386,157.97022719592096,47.52001025391717,177.6006121461255,202.09609673904134,116.13717310262817,204.8831431597098,116.19997411028677,156.6576369346659,176.11162146417595,47.925878106912684,133.39917351744955,204.65238579685948,67.47938702622746,96.57399538794095,190.99132362406684,129.80573037123443,103.61025497780689,212.57614314943157,127.13815978564863,109.30407097042927,219.87744250705674,68.68807724974388,62.64539707847815,236.01602452936575,147.79219398428756,120.18013709108054,112.26029751987211
28,5,0.0,0.0,64.13586488547017,211.40889583625517,167.8565419465703,75.01974529833006,227.4576470604615,175.47019395318478,40.2248368792325,216.95357620878545,159.49832165506893,107.9788525179328,232.04758029482431,121.4130981880435,123.40006607014956,186.93271578507085,45.931801287260534,131.2778114818623,200.98997347117233,81.72328049447647,92.69178571580258,189.78152985377992,80.44064211076524,112.57280161244245,236.56056664809194,112.78378525265342,120.49211315267334,218.64456541261103,112.90299727371668,63.90985458529415,240.2560934661372,189.09532577361895,89.46208090649398,115.17402224432908
28,6,0.0,0.0,56.888717292612846,220.324424828762,200.30052337456905,88.06498429185689,286.3923977384712,177.66059254098107,38.90136088722116,229.88221681174485,192.94428020848932,108.52752682008615,229.4623281997014,116.00906112233285,142.61273626435377,131.2349797443742,44.18758534992354,112.15807238737504,218.9976685603196,83.79777183585688,83.70580408988394,129.74457198910204,107.98475691613429,113.08478942229571,278.2631965393475,131.44649662096953,151.09527948718338,191.91001869153385,120.64207746556384,68.85698842696819,195.7400231705994,127.22663326774807,84.03734398733846,88.33759639984869
28,7,0.0,0.0,66.93334560018437,200.81313105764613,195.5389002031363,92.90410964584397,286.4023448580686,200.3226892037026,37.11245591561024,207.9768046522395,204.32253744981762,113.8796550504717,210.25245856660362,93.10101318162452,137.27168409773634,132.90336545210704,52.594955585518235,129.6616238301738,149.04996949875795,69.45284893885507,73.72926136989398,179.2025725607166,74.50078433486317,123.11608692172526,271.3197993449732,148.98106350248005,126.5156883060844,224.25040892589817,107.43447205608196,76.60980669311377,177.49167844164862,177.9724967995148,94.58482532680156,115.95135274718942
28,8,0.0,0.0,54.13736402609429,226.78860099365636,171.99216817281027,89.27064256420094,283.6472303363314,174.1419929065607,33.0503548427469,215.981946832924,141.53515899171865,102.1580533275603,224.3331184793455,86.186974629734,98.37163683844405,157.0592387294011,45.38305865014781,153.40598178078983,233.1205522313216,59.99674536350037,87.00920198108852,195.95790822852425,102.85941567675832,93.95297122054058,242.35915014788938,123.34985689437184,138.10240878104705,194.3435494970397,102.3003840575385,96.36883662271475,255.57558140550756,194.38106855933546,88.9777565768077,81.76305345459751
28,9,0.0,0.0,60.00244662437656,281.36883189315324,200.79639982380144,92.7119918109046,270.44894490247583,150.9114865667604,50.58349670945526,173.9647248336711,150.94118973129335,126.74264195255833,195.07469808451458,91.89802987958947,101.36073046842861,179.8975055539431,36.108923483767434,130.48943140227104,250.03397833744566,76.58017178258469,90.6001463565891,167.76232805165628,79.56947062052112,104.01768139450992,263.1895237722968,93.12445726181329,120.35510141868882,242.70229314281553,105.49065845764383,76.07820400155578,194.00516541488943,166.82509123996218,90.98069241322926,114.2560840194427
28,10,0.0,0.0,59.11839889340189,251.38924778138815,163.82399864762937,116.13736027056582,264.29898533530417,129.5530841016323,43.055136870004816,222.57573842809512,191.43961710920755,120.8885941847438,225.86438858988217,80.77691494806007,107.34444583990117,190.50714361108103,41.14299237302989,131.1636623456311,188.99138162650752,69.72971515331297,95.8588959739974,149.63930495478968,92.32681655389199,101.79503170570548,285.2505198755582,130.76246022425752,113.32592364845637,201.8677097970384,85.35806780573097,90.383662961574,226.8310691728346,175.3195707341048,88.55514116281132,113.33250594339583
29,1,0.0,0.0,90.37434135656935,498.4080699147678,353.26205460486693,133.00706660229295,453.47763213638746,236.34956598308946,80.63350047858995,378.0432966255646,295.10068723761987,90.09092511592199,379.7291597288994,352.44694975475386,93.85934949805325,457.08879586908716,339.0975207919683,71.47025859274034,481.88850061007264,489.56688346610224,82.5895842290539,495.265076767512,254.4147172137869,117.69631038274144,425.53959427524285,286.8812091518359,124.29697401038163,463.162110577516,305.1377329565593,85.08705567560172,431.63993735221806,279.1706087555006,71.14475440259648,91.07710883388854
29,2,0.0,0.0,100.34962220545687,427.91669625795515,323.1081163275551,121.13921729785496,478.7936009928333,335.3677624921641,115.52620156124405,411.9712004267788,323.9973403424142,64.81045806111506,310.7494828504738,385.6022541105437,98.4108531595877,475.53996190079636,358.3858778790068,87.01565563276138,500.42495443273003,441.441986145787,81.58852791087716,425.23489400514694,330.9805810382889,122.03368629599777,408.14761531759933,350.0552562912062,129.57454480271858,430.9682841395788,315.78067103406863,104.31476833566344,464.84740207718863,355.97654657236507,67.52823350049975,85.59152239970184
29,3,0.0,0.0,84.7060691257916,347.5585703021277,319.6335194642003,106.57521893067604,379.10701934915994,312.3762555677438,95.35402378419253,336.00386943819245,264.69278692888304,76.81224746053242,326.0722375092434,296.4701335052308,86.03445071553719,477.7608387661789,356.49761208877226,102.0432934254892,467.71587677202655,347.7660436414034,81.99636154284457,530.2749390489538,394.4157562239103,98.21821099941157,496.46121352506844,284.5992346545023,121.4507619456528,395.5401700366502,255.78663614199948,96.95903351776234,442.3800384427062,353.709023801263,68.28795908545891,90.1986571346297
29,4,0.0,0.0,88.13977457889706,370.66646721973007,274.88927004840275,105.22021859212474,398.0574648062729,265.350332691168,88.81692497674177,379.70358234797214,296.2224878200407,85.52999009662243,366.5612151182121,303.43064512870683,91.57203908495046,476.1075024544252,247.08570731120668,78.78465842367878,471.28065316937307,365.47402336578335,93.92785260611703,450.98674431156303,374.60274992115677,117.08524712020956,417.68272436062483,351.47080924290395,135.242664261861,461.46808839894624,293.56971223179255,97.57001138638739,401.11885104340035,367.8525486060901,87.68513722694169,109.19192115898478
29,5,0.0,0.0,99.43931055864479,399.8331974643438,318.1922511623133,102.63321919362602,399.5657861895092,301.9261729355898,96.4325486055525,412.1762677010575,247.35658795919863,59.012702043786504,366.88789989650246,312.0843533069259,86.27894102621862,395.9964064980675,328.139239401821,74.98040947661954,477.81961278187805,387.58979988341287,95.19218614401454,411.62312800325566,316.9138501727401,116.16220432687123,492.41539442232187,374.91338794851544,118.04608487157135,516.5648592097343,314.07885250535963,87.39113360693821,435.8562403990883,370.5695905626232,72.144538541909,88.67015254743775
29,6,0.0,0.0,90.34085961990593,417.2958411355839,358.5631683728461,117.2556158600972,431.3601059898522,255.91824740849228,91.36528584330763,384.1549373295321,289.99850732269226,80.18370670868431,442.96395830836946,308.6037162269356,96.22639564029235,423.7580518371618,363.5021817887289,100.92664872809713,476.9425194876364,406.05777823887786,71.57398306556932,395.8610533907103,299.0025360508959,129.75749109246823,496.12327514027817,275.569322192536,135.49769207179247,441.459917257513,294.5637283605252,95.33559181073849,455.5964509033916,272.7319070508512,84.61006039116981,110.762736258636
29,7,0.0,0.0,91.54868863245845,550.6205924772942,259.6125232167649,127.37125737501538,449.79029512594514,260.5800368066557,81.64834983965429,354.7576559463469,302.55950525593596,74.01534799679402,338.88696449931314,304.45765543783136,70.55378294297465,382.2522482171018,410.609703959433,80.06200703021105,469.9263388786777,444.83126822145863,75.93813692450084,363.59989993765925,341.09206868899315,118.57300142477895,463.621636151987,345.5434045467907,110.80833045147139,429.8612211115846,290.06044745547723,75.32746627225261,431.9524851142034,384.16538488935663,74.70861803402481,89.52981233922456
29,8,0.0,0.0,83.8922766276172,411.55721320986527,330.8909924923459,126.46937385147963,334.3437514082244,294.0426636976361,116.27852794982962,418.4729811204585,252.57263218560857,74.93893805498031,414.1268938952097,280.69641104591307,98.49490010328135,384.29713457793906,368.15410079067857,92.09863335457078,376.3039053864526,411.83136822940037,91.3720192115845,422.9797040542398,259.88566441803994,108.68104964087513,458.9403113469689,270.01105852975803,117.47903504546186,345.541204495468,314.45549421764395,83.58571217166767,422.05402332712686,330.7931044588464,71.94929526275914,109.46775221138645
29,9,0.0,0.0,84.35934718217626,450.2555955699895,313.20606521903636,119.4036271035345,431.7176149307833,264.8285460593443,109.54547349721928,356.04046581283075,359.17174781102176,85.43682527491225,355.6185239579545,291.9482541962157,112.10816260560158,403.9652889959774,328.0957513471407,97.45183620052129,515.2502452173384,440.41470547804647,80.20744838454344,370.0452893934977,297.2665960140662,123.65051210261655,415.80325524055786,388.62036599970406,121.29362487823192,402.04665408844284,251.18990700820183,81.2086896638153,339.8643579060742,377.43223825424286,81.18528975335663,102.95256688626192
29,10,0.0,0.0,93.43765251143851,536.9851849816048,377.03514194264915,129.67553396134335,353.38028979165307,276.6002145314223,96.74763688847082,361.173428418532,269.59422831885445,92.97399944307294,376.838242626938,365.45132902003235,95.88714556778498,487.29618928413885,277.9402213900498,80.25503955223881,371.14970054612223,380.05836615765656,87.29309882505433,356.41652034883685,325.6881856640854,118.25179054055683,427.00757358183654,353.37175382749234,105.7639872531943,396.6944758257934,273.8687451106198,102.02093967586005,444.94312769640544,347.73259943551153,95.48576199854399,84.15196749348974
30,1,0.0,0.0,90.20597998965165,263.67944635773347,74.2062941721669,41.399753197698686,303.74310638991864,208.0398089978205,75.04896186774802,248.063535909987,114.36628173252777,114.72006007961232,267.4271920932116,189.9304878437773,103.71018049572254,282.0672816530215,176.6852905054375,111.16454385703199,219.58503587839863,97.05727219260328,87.63287030870849,228.76604193919525,127.3704858366395,75.49322049842833,195.10165300852282,93.94259780007647,63.09934060206038,313.7900357725517,265.3215566493302,99.31269373246555,338.26097873035786,226.989843616675,69.94075264648733,76.72486127725918
30,2,0.0,0.0,68.75774152482805,201.45656561954502,126.16891171230718,41.58424506640434,289.84940134255424,218.55747441415642,103.03966181187883,238.07132921280348,127.2037810253288,122.11293012108435,297.1246081442326,206.9564210762218,122.49243328594152,297.2411959867051,174.33351088698635,120.01957983734353,259.84967675622823,82.54457976163074,91.85701797381746,303.4712747667221,142.70595624977244,57.43881967251863,204.4202275974874,122.92697110034862,89.31362121450844,305.1364958662684,318.39655299128765,127.84586919022509,349.21747217988485,119.44676199100353,58.9663754759016,139.48566657134475
30,3,0.0,0.0,80.65211098319972,199.42224767421587,114.13875508907026,55.18494381751472,214.72482640248109,202.4958837287815,83.13051368472509,232.4833337829758,156.1344756571155,120.34038154069108,374.77260567724227,169.96354795090176,116.13990653398888,315.55369212353474,167.44229029291645,136.18136913345708,228.4274248227211,98.12297535090154,88.95509675100726,253.50398593501077,161.04759915555763,78.87560892627572,164.60390441022292,129.19820838967442,114.36816775567303,316.7528334749248,288.1546904008584,101.41286739175418,318.19547426575053,167.0032658972907,67.90381474800715,109.29902041884634
30,4,0.0,0.0,81.49679157091651,162.70864201608777,87.29864556894934,49.480738486821316,314.246979946759,165.68879832454382,81.8886538045568,274.7086770887394,176.18635016366582,116.25547261762411,244.6431534427196,199.97748533465963,110.15192183799564,239.40735200391484,174.39376837685046,126.01515066230266,196.4059260649904,100.90457652870552,75.60482502484834,281.1488555930333,131.4325078316562,86.00120916792052,199.70278594407048,102.37031842103121,82.53658296146143,315.74174763573524,249.03591621309914,105.18822236674366,294.5180994069629,173.32663563943746,73.45223778436294,86.31786956266359
30,5,0.0,0.0,69.53050346559327,204.74323930057398,103.0415243835617,57.84702141619445,309.64020664500936,228.99130566247726,96.09058590582296,231.52632726073912,214.61351371518091,141.12361069923332,270.47419927902286,169.03807676360373,118.06531151207066,296.74671721764787,187.2429879923607,113.8466049031538,223.73191210364524,97.02216218457468,69.25862671029368,252.91645584502527,147.04112965862123,93.96243105847225,170.23846876106182,122.9821537243899,85.17385768661968,346.31797052466555,223.60794551943184,141.108106833416,271.32242425521247,211.38394703488444,58.2420224130149,85.49619820111361
30,6,0.0,0.0,88.64720026462,216.3329822761487,133.20749762420803,59.07903409478267,291.72804002693886,236.7288067650817,80.88503692340001,213.87109098848475,221.21841150581383,134.69038037191785,358.65574700323344,236.37901300173561,117.00765849459955,278.87220442252533,172.3519069745338,117.70829196607546,210.2063503194397,97.25269702514649,87.81481615624702,294.9999746712288,154.39498839391428,101.24973344026235,171.35121232436938,103.95457844451218,82.0058117341125,357.3489950702317,258.0707496670189,94.74951121021526,273.45530663705284,157.47166154797802,66.69415356245922,60.287956461509445
30,7,0.0,0.0,95.62858358072421,236.30949012979318,125.77828891877869,49.5189829288851,257.01391208427987,205.06898451088867,78.53070309354601,306.7120835188578,183.19634505525124,135.9637158676045,356.00768860882937,174.4121201206071,103.42615796863366,263.03511251212547,159.58280894697373,116.10239860023702,226.2318794106274,113.98617167069871,81.01397526123958,266.3557335422048,209.86436469448847,72.86821542030103,215.63826609898692,114.18821898222527,97.07365020790539,311.76046531846833,290.4822809672228,124.04981651610714,260.9977232544096,166.57489946941234,63.72294892968062,120.63846451871868
30,8,0.0,0.0,82.85051402969177,202.76470812427007,116.1785127906747,55.55559257506073,338.56528763449796,225.46922541475382,81.79486500062787,196.5992349490501,206.24015377078,139.78421262222975,226.84410251368465,187.04180349187962,113.01104591021625,316.6329269164647,147.08577204259274,128.11329480727704,242.30252685908923,81.6326140412164,87.65718677180087,295.5100978038189,138.69429024420933,78.35654166688678,186.684293698321,96.02369373737258,89.97461478734922,271.1784711021489,301.98749256778495,111.16199709550312,300.98667054827325,214.83436758497152,73.90600226462541,109.0414759460718
30,9,0.0,0.0,93.30874372520299,239.38907422165764,126.86725548736408,41.49693372993141,309.95346323148954,232.48123409597005,80.81340645058646,311.7862966493518,192.47029553841352,169.03226366753904,373.1638338057606,209.7223380020364,100.79085130050669,258.46910055033356,191.46675804765226,98.13948981655464,265.8102535085253,102.980688965941,91.24572647250295,253.75630043583212,144.63878406955166,78.32325363438024,189.70980430707715,91.77311201034291,96.06747442504135,329.8324689867795,283.8037781342151,84.460391318199,290.2879900833177,184.22735010405643,68.38409724709594,94.3644054885538
30,10,0.0,0.0,76.27633110650628,161.54690757573042,127.17796012274181,51.73485807587688,272.290867180763,181.92238135754428,79.52473667448463,241.80980461983538,148.60234384319835,122.7630368860648,335.2169267751661,158.14731514613487,118.62328059912647,332.98366294881663,166.26397276009988,107.22850372386867,231.34487833268724,96.38174285601262,92.03666458140353,192.90510851717664,128.2652600711256,61.03902464218863,178.97814558666462,90.83806110916842,84.86865720398009,363.91756492976896,258.56798448606816,94.98891328285791,310.2605614653624,200.90414318804127,92.66615400672534,100.17430750754271
31,1,0.0,0.0,100.48090687298935,247.3922879522348,145.7908758620917,38.508004993968925,203.97227873634714,113.90299265531996,100.58868055930854,223.94572940727542,91.4460513169247,68.63389204148831,173.0278580522061,74.25486922708181,120.40969597037692,181.72683525119808,44.468750360043416,108.59672634986308,143.3349845168762,85.14328493871395,90.70809094675776,159.23158093763266,63.20441226531911,97.9307647189008,220.0718719085827,71.67799427419932,140.16578423292697,220.78277228983816,63.482370027462075,72.73943892998497,201.70128644072878,198.08206852035772,53.204866397957126,113.11395686342934
31,2,0.0,0.0,106.1686215309446,232.02633589797477,146.76629780069473,58.70028970419189,158.85712925392377,156.13337345127425,83.3775892852689,187.04284104516717,96.00901863833279,66.62714317445301,157.65889246411683,56.29248980782127,86.01835568872426,161.02139177447066,55.54274420097092,128.12376609674675,143.83668986031893,108.53696493569569,118.64449503057988,177.22567200865464,67.01412425310306,125.45664469600936,201.9720994366217,67.10999373809975,125.98664987609297,119.72836689939508,80.65101805692127,84.65766061325047,207.91046927845022,160.56209478599334,61.55990406353423,68.1486844315196
31,3,0.0,0.0,75.90335112136646,221.62118966573786,146.84878372972395,58.61942499583538,188.11704027616565,97.16893232222951,80.06955967950071,265.5537400021205,141.14795085416358,72.36156775909878,188.1469759957726,76.89649723055823,111.96990292611433,131.64632626310367,49.42200303139001,113.89085828698715,206.392681676416,104.47145580059194,59.860742860735996,177.80088770384313,65.13550111551405,142.69377450986937,153.6219229635421,78.71537287911472,147.15673074090932,251.4326587943427,63.22833439720354,72.29851222109352,214.6674857748479,214.64751373562285,57.72051840287041,85.8022257299189
31,4,0.0,0.0,93.28140052523754,248.3323059227157,121.73809685718197,78.80074777182354,191.01371100149328,127.97834354461858,70.1580082438571,146.1345713768356,153.68979310126116,87.6344725972587,82.62302332340178,93.4531869198196,109.15731870704607,191.55263269709508,43.86531542616579,133.3480999226904,188.30975927593076,56.82841585257644,99.12873893918746,202.30822614309318,56.24072260641873,93.1120834618497,172.88847133946012,68.53236147150854,122.1999548799541,247.69075644827882,99.86487422205649,82.92103114543664,224.35383977689656,183.3420135635161,39.85443732472559,110.19922499808999
31,5,0.0,0.0,84.62495777396283,201.86024503048696,129.48285429267042,62.639208299827004,175.55977748552212,112.55354123028515,80.3181648745453,200.0622892702577,133.7375049771202,113.53347147354374,131.6589748022927,94.2585295250902,107.6836624758697,210.15062866440243,55.483151939927104,105.57157108902588,210.8064352802532,80.40930146294245,118.04263553616482,160.3079169554883,62.90101372885114,131.29539217303576,178.55408021315586,79.85674311745659,128.2093425685428,168.54418921344134,71.98541157649987,51.512888747832044,203.93635880159505,159.8294810889087,45.74297929650844,92.95121692498
31,6,0.0,0.0,103.86193978612565,193.5190660988844,145.44164611986645,76.0804538049194,119.31078686415196,100.10973846123132,84.17010077527877,205.657286228205,150.57467680478294,77.4159294314017,174.92139052931813,71.06116073343215,142.4652349374682,201.81681550639584,59.59159084974035,111.79668792635158,211.7574988994015,74.86474525772597,118.20056925575834,149.59571176348155,79.01376676389647,131.36975418489223,208.08163413340853,73.0770100879478,114.58254016746083,213.07151423249925,69.36054115414801,69.93454943395781,221.65167430622617,177.68935816403953,63.59783413043427,92.69381768361315
31,7,0.0,0.0,150.29692719230974,223.1518089471958,127.55046026727868,79.41749076601543,197.5324480907869,125.63283487449083,75.17517130879446,256.4424852815165,92.80543078994235,84.36218679991902,149.44312186241962,72.09661510420563,91.06504555497007,192.74485655524572,51.72849281619381,112.38022783984029,191.5795086076789,124.29043299677525,98.94134121838351,164.2715289018068,66.7468707393165,145.22036161888263,214.5663118826215,85.47194291785694,117.2252246926065,179.99715612606474,64.72953188161031,87.96430228481103,183.75927350476695,153.31241415466548,55.433540931513704,5.952754212317984
31,8,0.0,0.0,97.68936629654799,234.8285731443384,139.7432186360642,58.243792002961555,135.70679163755744,125.0816598812123,95.88615710383222,214.58813432359514,116.60999751190714,64.08107132950963,167.8830891812413,95.82116828100428,114.31677497011184,159.6843521554153,64.74991890622579,103.9247319815357,263.8992555578109,69.77572508228772,99.40069294037944,219.07692319660356,52.14022887926051,145.80870305333244,170.44134455683783,65.10456678854271,126.29556091168448,253.43359179863768,87.82603259237985,52.58929157483166,172.27783757946196,163.99030632599414,51.558238127459376,115.90354024387017
31,9,0.0,0.0,87.5107905238554,206.2679045841654,125.872163691278,55.04033674828529,173.38341560161913,107.7406899104928,78.65843550062304,228.83096895103816,117.17593615888612,83.18982705474944,137.89958872843374,118.00584914314145,97.46921604431293,154.01751775505477,50.65917615431059,115.73051324555144,190.11686300099342,103.55772027620327,117.12346669526494,157.29765383356525,77.47786283233187,162.0601591659308,230.7401020655123,87.99408780462643,126.43112376103282,232.30753578858037,100.81200023954952,59.05819826122763,288.22779193372185,168.7005361119009,60.9102783916518,85.16503109988031
31,10,0.0,0.0,76.96113031684293,262.15205788937857,139.19514440558703,65.0914447784978,188.45263161057204,104.95722229448002,85.49220128629518,221.49189630896782,130.7609132469917,77.25077880477795,125.64429597418477,76.87562453979058,94.119025139566,116.27236608847926,53.488507404779654,103.85548025514746,207.92801997729478,119.46906578664135,111.19208153392428,153.14534905938768,64.00439731791676,130.2191367518992,230.02956911035554,86.28769056707158,114.62266577097466,214.70605507130892,83.64083659074876,77.68503866124122,265.34379135818244,170.0256317632442,46.84268843284571,105.13889597704448
32,1,0.0,0.0,85.6029201484607,483.672924340478,409.22166951389465,60.99518794767151,485.53967233028794,346.1048305309766,66.28133455897122,463.21813004136055,265.9899863305274,122.18825815106987,432.7168256004492,325.5394246524743,57.728060266787445,413.79646014485706,362.6370569154812,103.24000824503115,476.6824816201396,200.5482518379099,143.7250013828134,381.7277696337617,239.71634575185985,58.62516383496701,444.46311210114004,308.50721003005896,98.69532398502868,479.6692434831144,254.423391734284,47.603830010219795,381.21433203312824,259.9780138507355,126.02957246344411,150.00359485352374
32,2,0.0,0.0,65.9372428503244,364.451735877335,352.6022468161737,97.34415618734839,327.5565962875351,224.34597078453226,83.6292875057041,417.4533169359436,284.8045327392686,84.58098876748168,372.0050685416667,394.9227377877879,57.43972462927333,429.3074558488747,349.0337455931347,89.8273627847327,488.22663452445585,462.9967726257838,102.03154939185919,328.9576491768752,234.18294959975867,69.0179110807584,400.32218294148845,281.0165214219221,99.81970420822557,354.2211909429155,316.7268382040598,49.117742672153625,342.2743525955268,314.4456906345093,133.7140526274411,97.16113700186509
32,3,0.0,0.0,86.50993086943822,357.4134730162478,286.8438544234729,74.99122271160753,300.40550053143033,269.1654027144173,77.02049840423408,423.54495525408504,265.2645924255242,127.92450066162993,465.8351099738185,283.89729132617094,38.69825707630376,424.3201426890857,279.0703519446248,86.13523188153151,502.49782729204225,326.2432071786051,132.59886393365747,238.0776028825077,216.12590170670157,56.24559421449099,454.93492757289874,279.1705277263476,50.07506603122544,466.90470793277916,283.4270742712357,47.67743381569482,411.64131100181794,306.48423706558367,108.16321441110372,127.99807884800056
32,4,0.0,0.0,86.97920189685061,471.1315931613197,398.28788834863894,97.85204660389523,279.27558583908166,312.91162086071006,63.105705975423014,341.6468985911595,230.82604970454764,133.22346682976902,382.49085865066536,308.13006517435474,47.85842451160118,343.20643671127556,294.7271421588539,85.4044910181247,304.87550706041804,346.542685699428,130.09873681638112,269.48691415984786,177.09285763013665,57.80390147431315,376.37892179302366,336.4762822900523,79.91696312636557,442.1699856040801,280.42533361434016,68.23957190943139,376.7977206342176,234.0494161098897,107.76056460983457,70.39380187766258
32,5,0.0,0.0,76.16990427373096,554.4385261927422,338.7206998445281,84.4269111920897,320.7388889277676,273.0495891705851,108.51620997062037,453.6320686810855,266.3076625026307,166.57005482804672,361.54292831443337,334.56782155217445,51.86154893946125,375.1581441474855,409.6941699096834,85.64963993257604,473.0197598694925,284.6843559491266,103.34175307477112,321.51651753557553,183.16796114158183,78.02341226768972,452.9477458280596,221.29173984962495,83.62965377321235,390.0673584159524,342.98310126824185,61.06300941962242,286.2893672341447,195.86870450187746,130.0651864774214,62.23060186274792
32,6,0.0,0.0,58.94018759275477,573.6125696861383,377.99306570440854,101.31051360527913,352.74560010963825,260.55234225327956,84.17738833962021,315.0485447088232,356.97729515858873,95.88018378907006,318.3910890343943,311.0923721726394,47.331876481828886,342.5437901836391,360.6965778822606,110.71369550584369,335.8907209464697,286.02733629364656,123.4026789132481,411.96458065133993,325.948705203942,44.574191794448126,376.63316788760017,279.6100937154181,83.77987245998212,384.6999137365138,368.3242518026758,69.5746609800535,459.739377694629,323.8906291155753,108.11961923429169,119.64004102254697
32,7,0.0,0.0,83.56170954944744,487.14956302834963,457.63673914716554,93.71831040008865,349.84254927972734,214.19961020487983,74.11712280516703,211.60261739869756,227.81652587217437,106.25082064617757,395.00314388455666,280.27736584097954,55.11666080724273,339.8922228907068,315.4752012826079,100.15843815000241,469.8529853604425,398.1459070399367,139.2394535445457,379.29600801444724,239.46466164642658,65.75885313816549,337.4264192953304,319.00139372978856,80.02802125209263,354.69031808555826,229.56025635574963,40.805678453567296,288.15487419454627,352.0352012871308,94.3660059156228,96.25790467211812
32,8,0.0,0.0,90.75993782268337,367.11143410367447,426.67988717612405,74.72683225474188,263.71025630807685,272.79431396448734,95.42847112246113,309.2926000722849,298.96536383914076,157.31680652255386,289.9187949025992,231.0048720945398,58.5057815683616,262.5304596067909,407.3628830867821,92.91713905927722,447.90954048206345,345.6544420685305,135.09954032782028,434.84297158141794,265.312780606304,64.32711937322759,215.52705685231004,265.1488948516136,105.88848649340719,377.90410129624706,274.58308647333945,57.63583718753516,368.3121319348759,296.843400916543,101.42469939211747,107.16630912138312
32,9,0.0,0.0,104.58703551900608,324.106164358456,394.64654593366646,66.37290036383031,288.2216788607469,312.72026958702213,96.48921948291436,352.1124332003807,250.90137627319314,150.85284123804237,410.7216591173499,394.04314992995364,47.10837748657572,298.53959661612566,310.26944504604023,82.54954626772818,511.8381046548609,332.34797243669095,120.30974821446516,439.0046795707242,204.0082031310861,64.52232030199487,313.6087234037719,417.84758607923675,93.22018912903953,277.8997235491619,158.38957119127076,60.061928457330495,435.17152847220234,268.95616759679416,146.68516428418323,108.57618034005623
32,10,0.0,0.0,89.75667287197649,403.97420028660264,471.40696377414326,93.12107228963175,349.4670263448689,233.14315166361894,102.43719934437456,393.99331139870145,322.4703084444488,109.29542917218264,316.72813163198043,340.36520167864404,35.92628580469752,426.747151743693,281.7442634364528,107.08800805669631,373.9662382428205,206.0944220428256,149.2410404313131,326.66375409666506,236.11715318685228,54.81513535618497,292.51722464273485,278.79082234665805,87.63439654673361,390.1959360178528,297.9814983535972,62.534559092706786,315.1579791981283,207.77492034435664,107.55864462148158,94.03606435822412
33,1,0.0,0.0,120.61627804261896,489.05461107097307,489.755329975085,56.1716062588491,567.5529225025914,526.6534264345621,167.96323984267264,411.22286773986224,291.1880578504384,115.74897480412986,466.50817845325935,528.9915709781185,87.7235466746663,545.1599489403236,413.8981621704454,80.065984220863,442.12436075301946,465.7508377089639,82.65524858122478,550.2904012471756,423.2234527359631,73.18363783512011,389.273429199169,168.8103803991486,51.205572468502204,432.61484832927556,459.7908684809851,72.69463505541232,411.06017481141294,369.0560712553064,45.93730038811649,107.75226340175021
33,2,0.0,0.0,86.5613386721692,713.5355594214901,504.1652061540857,53.70715583687846,561.7001665472233,589.9548015209318,108.08857920695624,597.9666858085874,327.75652741510794,102.78362073819575,613.2690393009888,282.715762493817,76.61757859451635,448.68222542948723,455.44000621563936,85.40658614840231,451.0691502574391,509.36894166349947,113.88097415832115,453.61472473260727,433.98000546797033,77.47241163828065,338.1331335469589,272.6113549464502,53.24378562370554,382.8743600144793,413.9736396829759,64.7165271590823,506.9159840693983,429.14269527066415,45.36844936704741,124.97652558786643
33,3,0.0,0.0,119.82524157022468,453.9358131474162,439.229625301373,57.39347872351491,455.00036009533545,542.9291756339995,152.11756986736629,366.37795253747174,260.6651661733872,103.41733465052513,604.2030330520681,477.08455699816415,89.59061676486942,496.20814837177255,396.3509579263262,82.07947150471254,343.09806428907086,544.6883712344044,82.94409167284655,622.1322548401558,401.7881317546207,101.39702105418226,443.3891199592119,255.56619677029025,45.199853932648786,357.03982768581926,349.08611407106724,72.36501215033351,481.940340719131,457.1402427978144,63.706834923342214,104.30909945065247
33,4,0.0,0.0,111.67030320535146,301.19100619760786,420.4015591192773,37.61561170156959,527.5883431678897,413.2419962983066,148.45403008929813,367.97741503288853,374.1468421566839,133.7479858074392,572.4919080846712,475.05513663505053,95.6656534164664,386.6935549273753,318.1993266048949,61.599742891183965,462.4863974647473,304.2968867698296,86.38659153216537,479.398625445939,376.9725252198011,82.78862375274075,565.1994723388725,310.7341754177301,57.895453917080395,364.33468936501475,255.33616866897503,92.44393463131816,527.2450693387734,336.0190925711567,46.95454158425698,83.9617115847865
33,5,0.0,0.0,139.8882690753624,597.8603138245845,507.0646338601975,64.93377632710477,716.2857273108546,515.4528804716546,135.01061644585283,532.5337283149971,267.84500712580723,146.29215442986353,586.5539536753239,449.61202234859337,75.54247075205011,446.00386461637504,200.505209389532,108.87095853947221,544.8115152969028,381.5070405019958,83.40882679136072,514.4276396250208,375.0093565666501,73.1157421188663,388.26919831359925,259.6121112930448,66.3430923579825,407.19427393329187,454.0262525007597,71.49393768373926,458.9667405941456,264.61376316395615,44.82069748859316,75.2922046802282
33,6,0.0,0.0,116.90876727043693,558.3239109171325,520.9021785256407,67.31626994962669,472.8119841830862,558.320608299165,102.16866923688367,438.0711776230707,200.59927565955934,143.59742450500144,701.3691337091042,434.46474395686204,105.49297669731608,371.3644814655968,406.8710273527525,90.48771955001155,613.9530709597443,418.597803700477,100.49355366628126,567.6039393566,369.2993756886752,66.48904090217235,321.3356097269518,177.21543229454414,47.19285243478523,369.9182931259428,423.5234543408898,61.53312503872671,453.3909727572512,301.7504277904326,47.76680364184074,128.52304502704882
33,7,0.0,0.0,115.3362269142722,651.761299085202,347.3927220550719,61.70359836320414,611.0819385288428,637.1164099788556,152.3269941722933,374.81259226918706,253.96560205779718,123.08192688738039,542.7501926080017,475.5314100635483,83.3525554293315,429.32780826564084,316.90000462315015,75.6951395385874,577.0764578211847,533.0726725902965,97.60032318376145,548.4282614208431,442.02463623975626,64.83596050505281,309.4561543284547,208.62419553936923,56.119779827583706,400.9910806556892,264.78063251856304,73.36770538995734,552.5964169289493,312.96701049557686,45.667667552655224,85.24181356601028
33,8,0.0,0.0,73.88400633966694,526.2350199171445,375.5698273268071,47.96398796116878,642.4830527698755,733.5319660331963,109.85656371323013,299.2602514914063,262.1229915647656,129.13219313163341,463.4377302262029,505.2119834398201,80.58449571019172,443.61591416767163,328.9791241887302,97.19090865801695,538.1522205886369,422.75468519565777,106.04649922874579,455.74036845627074,468.9112773447371,66.44902003927372,371.6399687387815,229.98029197546876,53.25250801903669,391.5305681018315,455.40248757832615,103.36964160004639,318.39540232019937,407.8058547723937,30.434001712552543,108.53367173277725
33,9,0.0,0.0,97.75006683824722,524.2669681766108,452.9969572165475,48.24354916915509,798.0045238460857,511.17856964741014,108.3193723208635,516.9634295704905,282.102525827516,152.1795403002347,429.0097305123554,470.3515587257114,100.59010406911739,562.1093038501897,354.6130215014264,57.74040007984176,444.5782617157456,453.1130067975454,76.67966857760027,531.332607612462,414.47232922779966,100.63460526607557,354.42739420576277,285.6701553689499,66.31492409709277,477.73800118766735,340.1949184424421,69.59404858229762,431.3794342454786,396.07265475209664,41.17143572168259,128.4184195990068
33,10,0.0,0.0,94.9151800687957,443.0536925599578,437.22622793995015,46.65833507004694,574.0046657210926,559.5675594590609,137.21801817924378,357.28199349709746,280.35659264363676,102.67997847171212,676.496726447539,378.51115009617627,95.85707947670477,472.0086010812292,443.818620620665,79.16581938161093,592.398284837757,598.0687364842952,60.70232864801358,566.2935689009832,368.9258821112521,101.65761370944195,495.6858896520262,366.35714530445864,66.00016754606611,308.94581999151944,364.9673924610762,102.9109711239,327.0287605202029,323.0183053081851,59.92361960757157,125.32166777418149
