participant,entry,PP_1,RP_1,HT_1,PP_2,RP_2,HT_2,PP_3,RP_3,HT_3,PP_4,RP_4,HT_4,PP_5,RP_5,HT_5,PP_6,RP_6,HT_6,PP_7,RP_7,HT_7,PP_8,RP_8,HT_8,PP_9,RP_9,HT_9,PP_10,RP_10,HT_10,PP_11,RP_11,HT_11,PP_12,RP_12,HT_12,PP_13,RP_13,HT_13,PP_14,RP_14,HT_14,PP_15,RP_15,HT_15,PP_16,RP_16,HT_16,PP_17,RP_17,HT_17,PP_18,RP_18,HT_18,PP_19,RP_19,HT_19,PP_20,RP_20,HT_20,PP_21,RP_21,HT_21,PP_22,RP_22,HT_22,PP_23,RP_23,HT_23,PP_24,RP_24,HT_24,HT_enter
1,1,0.0,0.0,91.87760704059158,466.1477544685975,378.5627591454957,61.994320423695065,374.35214992091556,318.98577394629024,131.7383146636182,352.7386722371208,198.63534345577003,93.74351000635038,526.1836721134861,536.9727181533854,82.8972668228106,353.3440728164689,225.6735718488185,124.25188253960312,398.6953244160796,308.5895109905463,114.91177148808887,431.22732169568746,261.4290436657004,91.4894376635029,246.21227960018538,131.95877988281507,83.89228035717278,370.9454103314171,283.6393613248532,72.11756205285036,410.87558954789455,415.88011403751034,63.754771270359775,429.5393929676823,313.9007193173121,109.47742023524556,387.0352556158867,213.73171551204453,74.8342817240472,357.5438929519926,306.53476348924096,107.39067349700358,313.23033086630505,393.5334919484429,81.17725980938201,260.40638802421375,177.22814449225183,100.09347216029907,348.85716465797964,278.8203240961725,103.34759159453802,278.80785853174376,206.28788300348276,65.16910856835314,278.1321204580545,251.3404278560677,102.12830107261838,387.10788491482026,214.85753675883356,98.36390695215844,328.0664621831956,195.35932635994453,91.56192863428286,495.0814688644794,350.98865906455273,111.9181150596745,471.70871019641055,389.2536324310793,138.06231422040042,405.90218888267873,200.00948938738355,142.25077306755375,90.08697544682512
1,2,0.0,0.0,65.09328847266,420.372837468588,397.9963916765186,59.743466536307494,343.94749717200733,269.9917784775817,101.53003776936161,369.66152937195807,207.09044691180543,93.20854236258549,561.8237460999844,465.56691912872253,89.77961820988665,374.4701543461243,230.64782272538147,139.53647667991,568.9626728481848,336.23296876092326,130.68177721113366,360.8925348590256,222.31539353297987,114.55025277896247,256.5312480572351,127.95960770914155,97.46069485397396,387.811426574615,317.60413387758905,58.095795155214894,411.26721093151286,335.66594589452745,68.07117061682757,464.35122546289637,310.50198292149616,130.14399008903018,457.7102258313495,247.72276776054935,77.16321127047908,320.4473710273762,232.5154147285785,101.30306059328946,410.4852060673344,307.6238876758165,74.67058017661202,295.1152672999256,176.37740032613698,85.1078517333797,373.074981864556,229.97302485924394,85.97125696162871,278.284736662914,178.37999906096618,62.64506227048022,226.0423314848788,199.01986564325307,99.23179182084249,354.1873821684835,227.55368454840303,94.76692025645147,356.3512885608098,249.05918570494956,87.03890893544106,379.17666408779576,435.5358373718561,103.0394653087176,491.95129126127154,281.93809765563924,135.41929480589476,357.1610954414867,221.80399712516817,168.72467679674133,89.48739612588348
1,3,0.0,0.0,86.88377182304886,433.0958593420324,399.1458061054667,64.50898061066474,360.3008059676978,344.0933273377504,134.83192596645856,323.8291329922928,205.37932629021702,93.28988528409201,503.4044190715716,565.6382826487708,94.97019127598712,350.42273878019347,228.5435685757789,137.70412467095696,488.485707790246,277.850068022584,125.48231183983489,319.5068380613709,230.3690575080433,108.42043905914336,250.8918938947178,164.4438943068039,90.9142370574831,384.97002975914694,304.6541387462837,62.73139001419451,434.97121059165113,368.5654115671854,65.97966286098683,404.5112024657433,335.97623159467145,139.17072552053628,375.6542075285069,244.9142162833113,83.42716740558625,321.56090428233017,301.93116161743984,84.1932791173174,382.5615804861124,267.40890111685576,74.31406225046753,286.0283519325071,201.88312361867486,111.13884715392471,350.10812615003573,328.47859630180585,88.12046571953974,305.6354366542164,193.2123590363973,54.970260034528884,267.68433692979204,203.3871806602661,105.40132503792036,349.1932304737753,255.78486721054796,88.04888612802887,343.8938773968332,246.99912705745666,94.34238552890686,521.7826160535907,384.5965528312102,122.94423822070186,502.9536576334437,318.9643026172515,130.20205660530925,377.636689852876,207.75716714386607,151.969215977853,98.81207892347048
1,4,0.0,0.0,96.48596690922713,511.68962325224425,387.2641688389367,62.2235556871895,405.9575798069119,332.95370229520654,127.20855534596559,320.71253528709656,198.17342756285075,104.43851196724754,573.5859126036675,411.1659465872374,110.22642493573969,354.7284156502393,235.1539332953262,133.91939626234324,429.2073216371181,337.69277630339315,129.63612931637928,418.82213182932696,231.72821212313502,96.23801445890803,306.12638483337787,144.1042150512352,101.11723445721039,423.16290167954276,273.87887388389026,62.24443009232859,413.088190687562,366.5212717144084,50.087680877575785,474.371853572557,409.61860217751973,147.09217903801786,419.15321939735406,254.3530519501806,76.43264762538406,327.57171409465377,268.7165804769681,93.33319879008188,428.7206672566712,312.79730891497144,77.57733156174697,273.5057309293696,192.6077304657635,101.5968746806603,373.5870625618401,245.32939897051673,88.01445340074126,303.4594512549172,206.9952996708565,60.503022860137904,271.2103187328734,225.50015684679244,93.10706542021576,340.60575559368857,268.8331344094831,97.66402932433265,305.1914596833328,265.7261956720855,72.68569221007817,476.2693971193829,390.5206615379129,115.32754009314506,510.92819567357594,305.9354015875996,125.49541078095992,329.39125367674507,210.89970286094402,148.1331306965018,102.98668477185448
1,5,0.0,0.0,92.58927201309149,493.4181350407309,330.3424660749399,53.84135727854916,312.6922967187561,309.7700507986238,140.82613515664326,307.8830530836356,196.5642388428096,104.74544556636185,636.4748299825238,515.1127737942263,101.32605839911282,280.58331646860165,237.76055004576617,120.93827556014975,450.62180891586115,335.8544736186415,109.43392860411721,300.92386074974814,213.6244610248753,88.36330829415063,273.6594963081365,119.28758109347166,96.43064789577383,420.68386596908476,255.70153307696452,66.13670192761771,416.684417392473,318.66015180214566,54.400103684855466,374.1793493173793,303.8155411450477,138.72733496735333,313.48589129215867,233.1819698624051,80.91125468397273,425.0409703588625,220.12567471983206,98.44627569401769,400.88746049646363,309.7981902618643,68.67768674260942,283.588135243024,158.3961479081158,107.44425412031198,426.434642069544,293.5091754385195,77.21879318998418,326.7951701913194,183.23790154871483,58.36158531979516,274.4530821850015,256.1532014465478,99.43123277482968,379.30156734272606,254.55368059662553,70.82754932956709,409.31315386057906,233.97584419404595,94.77549546602657,548.4632109406729,378.60283167574374,118.2879273404821,442.4995562737581,311.01474330880046,128.60548024342552,372.84397175135007,193.5731860717196,153.09189570122186,81.79182614281245
1,6,0.0,0.0,87.6327177268484,440.4938058596371,371.9191664899074,55.917394044557525,358.1060381164428,294.3858397463006,122.68278483531117,316.2936199017657,223.36320693999392,94.03560275852098,558.2142007688427,500.9772420317918,79.85151894301383,285.28090450229763,239.09468868340835,132.65618313941295,414.6562073914269,379.3486469626266,142.2164229234098,336.35337762387206,183.27306929416596,101.71749409380901,230.58408696166953,165.25810511822345,101.21781689206081,388.5296151205833,328.6502334317718,68.79115888871515,432.2011311310452,363.6737480097435,64.18240500401609,443.3982148572328,354.75468970879535,140.45882164903415,311.9966173679354,247.91029638616695,83.59747386305375,374.71090624267146,202.55300410829517,107.65004151969745,466.4688204925227,374.6518179721078,79.60969836806478,275.81135045703365,188.716767278603,100.53216743241138,413.80924855112494,290.55397765871504,93.79539716254563,279.1663712334448,182.21189664245148,63.451349996246044,276.8187876723279,286.63078127017724,104.63201742009007,333.9017773841403,233.77153405859156,96.43191616390123,358.5408948629264,239.14403957449298,103.26314917839548,487.8386644592797,340.65837411470727,109.23032905007217,462.5708069309731,324.73246277303804,163.99248458018235,286.5657273659617,189.97214836334413,136.67911823787807,109.2969700632569
1,7,0.0,0.0,81.79537230414081,480.01802053731575,404.1414687514074,70.70899889150886,358.6151603714528,317.2771779976154,137.51724079502114,356.06220965518776,166.0628621422218,103.04211318884728,515.1931920703067,487.3641662184345,102.8625867214798,322.7735826509052,184.48039700920162,120.870636842794,454.46735509103763,322.6551650885806,108.61653250421996,331.540096429197,222.68438402179632,86.55553579948375,296.87518013179056,158.0705362385853,114.9935783202984,349.92414954563145,309.76749400709855,61.399513147360516,423.26464216393606,320.44902641330236,65.41951531935901,400.1453410001754,385.1999959077332,126.55657679235958,366.25646901647923,250.42807548842018,92.27880765422204,317.92511570479763,256.71457705156564,99.09550647609892,465.15624468405883,329.2031184977227,80.67844785683367,272.4129691988738,217.5991539999968,110.85453215490408,350.0506554777002,297.35271553988696,91.03422943720793,277.7946635095312,190.43245314945915,57.83497605376813,288.09369973777825,192.74899370973606,89.46743660480783,342.3965275237075,282.55151286405993,94.90268354680788,343.3086989936403,190.93743071672083,91.53293719752996,447.40731126052634,404.7794866158945,104.16891239115986,449.61640445325025,331.5651821290265,117.55009288720684,343.58826942696453,185.8039851087661,155.16770335135914,54.30585642741463
1,8,0.0,0.0,79.17973352142909,528.7553547313073,358.7272261113035,79.79993319165484,345.5539278777811,276.15357100638823,143.90532643077304,355.87788066786885,207.3710541211674,98.91759397077301,626.0282410950351,494.18478808234545,96.51386534956424,304.6122229269468,213.18318384960992,138.83845729715625,400.56686576018467,335.98151754477726,114.63490283646135,297.612911139339,221.46741466723077,82.95226055959405,277.17334157058536,148.8652240012101,80.74104215001486,392.91408867662483,297.4785132522033,55.6609066684297,440.99639922594497,398.7729493022038,61.10127916259277,498.780624572293,367.4065904865792,160.66882273660258,376.6573581754488,166.92757476439277,77.81606346809171,337.10001512016976,250.31239777279671,93.01839927027817,374.93796518381134,265.5197533690308,68.88410954851757,340.15232120549626,162.39567388511043,119.66092639767301,309.02034460331413,272.38747288498314,74.52218087314762,273.670592595891,192.7781337776318,58.13677686902211,337.0936529852004,202.11213167442722,85.37294019698311,420.5021393660841,301.99185684124296,93.46690519628119,326.0443110254384,253.56169322827074,82.5235443739644,434.29287604829716,416.3457449184467,91.13882845049717,445.86891703968615,332.9819054988028,119.18255034095982,380.47562717913996,224.7213770892673,151.82519787176514,81.99649553159128
1,9,0.0,0.0,72.68749858797203,382.3801425571094,275.92278679561446,62.13675489168374,355.43850107613775,365.5936163306245,137.638276695068,307.762396057544,184.10839187526403,116.4842065707614,637.5283205040673,433.2641167385561,87.44625053548629,251.33398783258792,235.6206436625689,120.25162134482353,447.8077637672839,307.4282489081184,124.1616467316117,373.27404166021773,217.16205726407208,91.0982937671019,279.21840668613913,140.11072098722906,92.55899394900618,393.2091949319217,284.6588539592337,66.48138859812941,400.76101398918746,326.2506858946117,67.77963897012945,360.64133951548496,334.18309648420865,163.3137111325107,362.3038071743925,229.6778926341717,67.71463242831786,342.3140070902153,288.2655061869157,104.52389986711496,465.5899209846379,319.8965075087457,78.04933518496274,237.99333024192487,168.99469678608224,104.3514909276592,364.7332132480449,336.16640615041865,93.39851728427007,216.41088649723284,178.37395275570088,53.25920259644806,285.73958751947913,203.6326031311411,85.51913928310961,296.6598104609514,267.6574784169098,104.23774676999932,356.5566492971728,269.06939562692094,75.96707064705937,537.6558957266467,324.1293663989525,111.85424900715186,489.38844853320927,298.78506556856354,122.61864183050298,290.3505477022583,228.61363744486624,130.95111519120616,92.30137526907968
1,10,0.0,0.0,76.57719913317132,417.85491886095394,462.95625491526164,62.20327145235429,340.39295380924284,307.52140205173134,119.32893508141457,328.4056464822404,194.31748938334997,101.4204396613176,564.8578356808387,558.4085859518858,93.0759918986514,317.68047560067976,244.96055867998334,144.1502393913459,384.1268979725117,333.5681130986602,126.6916247044124,337.2662584306939,216.55645824230896,97.77984448294305,231.98044018292148,172.45792011298164,87.91757677233416,321.4527539939395,309.8704336675721,64.84779798152813,380.15337494864093,364.56854329953194,55.423875022692116,492.9570696651269,380.464333132346,135.23108953532505,336.4555842760121,227.4414723094461,76.58021253325815,348.47599573279734,300.41341609634355,95.13036156150433,471.9360488447194,348.90786340986017,73.01554458361437,254.18025728195286,176.99396223999005,125.75526000852103,358.1579143296797,275.2681008868245,86.8821642765615,282.82997070254567,201.79815381632233,64.14716049364473,285.0481239933615,206.05262999776915,95.35879657051434,405.3590391769843,230.14116679983312,75.51164732730582,295.42500594307046,238.9042949078282,75.53626314759013,426.40444847238297,405.8987388019198,104.98623245093202,492.1222478257885,345.8897375833895,150.29344840364655,316.24129972980666,248.2588823605959,157.94975371060312,105.05664012223333
2,1,0.0,0.0,85.39334626851263,190.93857270257877,71.8395732704406,92.81259075377405,224.39748277235512,95.80025668872867,74.60676784437584,213.84304892481657,153.58738807740048,128.82457378627046,175.74926718725337,74.12308517322381,132.59343360014256,163.4446902617796,103.30214938864862,103.27586510502252,199.62468954062115,83.07497872053045,78.29232201986721,210.19042417292235,91.68117145544147,94.28602268195031,251.13598865321842,190.19462212220915,86.25298046009704,172.36384069625228,78.09499558715731,44.658457403153214,109.2771282178658,73.89479335451257,85.99651004769,233.5819760755999,81.32004673727504,107.01351674356314,195.3355313029215,133.96447905581485,93.72624198817897,275.1728742097179,179.1898830737017,118.68535713238758,141.1210275204426,10.202291123982413,91.70441133169334,158.92085883264284,107.60286734918745,86.01233917205268,184.63687103077578,73.01244347078627,152.95168412175133,224.3175661680298,41.6883514667221,110.3992783002714,174.52039621816638,75.81329672625236,83.50377642053489,138.62968612885248,55.677185241112,87.33297431536499,154.5100818371519,71.4401144858133,98.31462514584851,343.1619639820492,172.40584962255866,149.36704282772791,273.1467180308139,114.66599617530929,75.60953098376854,251.08597304011568,173.4229552227409,142.38854806264783,49.87628687204566
2,2,0.0,0.0,76.78108387086695,178.78065112359124,80.33093063215176,91.1174775096483,168.09867167674702,137.24256522988455,64.03740893170315,238.38903605059593,151.21494092431018,141.9397671350208,243.3529949740995,54.13632230935775,160.76174603366542,169.6776240941158,71.37944167161089,89.11772819723339,196.03808580217654,89.8543323837468,109.51253987632147,146.8629375341646,124.71239305582627,77.13731303523008,287.6799642769671,130.56025050534876,92.38726970561427,139.00852022317974,74.58108799204022,60.806430013897796,140.64418343160446,79.61063026849524,120.48677896662673,229.65373266873695,100.65868211645197,137.75190829627113,216.07168022367662,115.12434991881729,84.75234235237446,294.2957503951125,161.31053887935448,138.7205624092123,140.43536043900662,14.010343118020266,89.2853966925707,145.83060809708468,98.77060591406529,93.22546661409139,117.75187623483812,121.06399437349415,86.81361208367174,170.75881297210412,44.493949488039874,114.81672060201416,180.33264597353187,77.56170719127456,71.40444141119498,122.6937226633232,60.61052883946589,97.59510967693886,163.3492497841549,90.00051626848187,77.12929190454763,277.5542760542077,112.87867662873774,95.60060807818023,271.13417256989106,88.61491341578102,90.69490899091714,241.97742943911447,147.75477037852613,122.74210959609965,111.96726748868382
2,3,0.0,0.0,101.68671162400922,161.5503265215161,87.68636343780115,60.96982327811668,197.4310495392088,121.9807415603353,84.4075949100433,229.91375178760643,108.8361371164159,128.48590060686823,203.7791356049233,64.31532581751864,98.45922647225501,173.93458992329963,59.27117158332139,85.37097934765501,214.2571737322485,150.8659017123901,85.65891481627678,213.8918885918537,111.4689515894941,62.99709936754523,352.6753181263926,187.8176747184014,66.55385925358874,179.7123533863123,99.08340849376373,80.81726813829442,163.7233534204722,94.43798728815786,89.7377260028965,220.2190179955584,100.99137377178332,97.80991428594724,219.1614136504707,137.9743763244992,70.37092501329934,261.3040614210851,194.71737631842458,154.39475689038414,161.7926198098436,18.044088376412706,77.4431326113804,237.4478188691885,99.61766615570768,63.275604149685094,254.91663881631408,99.4040087755347,92.81502937764031,138.20759678823202,50.94787510792662,96.40069173533963,150.88890576165653,99.64702265473251,100.96757407232879,102.29482966978449,72.39599402299314,98.47339635218674,223.2100172789804,124.85065191177459,67.21041238423311,271.7396437770816,142.8414184482362,121.39503904898821,246.7340876907323,88.58880862906777,113.32143608952202,237.28793978812064,162.09461538105805,139.05950752449976,109.31783505763451
2,4,0.0,0.0,110.88602854745307,199.79347686812136,73.7404270801267,80.09593109764846,194.5163802859962,98.20382436104563,68.43601362914849,275.28399308504095,188.90058654590928,112.5200495342285,180.89414432064092,82.76444054173875,106.75906934354636,208.09945306742762,93.87806126658009,59.86360424305617,231.33719509921684,97.45819650974587,85.06215541199398,229.9783407703244,100.75303486466088,65.38382246539645,246.97558902692418,182.68819290783856,127.17643943185017,147.59431042266124,77.3392211647508,65.36195391314361,132.64552949130402,68.95221038551387,94.38517622307975,209.99798921740125,97.2486083209963,116.5166498299794,210.88687913055307,122.96313273797927,86.52937953225322,242.3950778998597,199.58861640677807,130.472289396326,127.2312745929087,20.446299767283787,94.39087917656386,211.07692740016603,116.90302415093896,55.43835181190866,170.3151533541349,159.10845956210136,124.03301189296869,116.54432397243482,60.83034811222047,114.46588346401566,151.7349347704178,89.02421110491464,101.55884636233333,109.8351531656271,65.57110216670058,105.12549959731996,178.63858951215448,100.9319989407227,74.4664268315132,295.6875062246655,190.09410174917062,109.65546992394978,192.63462275024983,112.28571291574033,97.97969147788287,218.04171383524147,163.7897458693631,179.5511831430028,91.71057251086857
2,5,0.0,0.0,124.6597817738801,229.1526345202505,78.20310007109778,76.80302822067678,153.69933952772053,76.76839182556645,62.54278442094522,274.1627097214887,142.58146820212394,96.40523462955048,230.91025876138406,92.62497797683552,89.13830074062295,209.33099338804763,98.4608918131163,84.68565637570732,217.47951078422727,96.58849342003506,73.5054076232561,200.84021708047936,105.52927900030339,90.51957565828077,239.67876524485683,186.38282679939533,134.33287079282013,156.40302668876325,57.33557771928557,52.697065598592005,173.45024086465088,51.97846067734989,95.3963336893595,179.75863978888606,106.03963808184967,126.49422919140561,219.78528971125746,79.15455110720154,96.31491165729234,236.47948822592923,185.6649321154465,111.89803675473641,151.1015353378339,17.62613893616416,85.21684428167056,263.0309676327441,98.78569828617947,91.48111693219326,193.5905053894588,76.2013515689865,128.84018591942475,165.98798139446401,25.0221658927661,120.7404823377076,182.95971689451437,82.34541959092188,90.81381528340641,129.43811728446514,61.01610287804448,66.16197489301538,211.41521915832814,111.99276508831392,89.0281597490721,294.7449256627486,175.6079388589391,102.71958720335127,190.2212486196944,98.3680532814934,97.87658570177881,236.47576456871275,179.7465104224125,96.54931053279029,96.41579937839771
2,6,0.0,0.0,89.47930942327294,200.9942852894155,71.24044096235406,113.97335255037184,194.86332129800132,78.74370303288843,75.82096442229634,222.74136425360797,140.9742471178241,121.50382202007803,227.094084359603,91.09412975864879,117.90210627310312,221.78135438535008,95.74615358639065,82.62726401315541,211.97084367435238,119.93564247623196,78.76124241112426,183.7180244388951,100.41600769664883,44.97965841704708,288.9624036120984,225.7381227251722,106.82968417453628,107.77434844609371,72.37076573089828,45.862954205624874,120.06329406463011,99.89436149852045,67.54704559460104,213.09626701036208,132.65008106142557,111.38741648007344,228.7685143955082,99.02356294694944,85.37221444820051,222.80305948816195,160.67605606747432,148.81767179924722,168.91216011828584,20.312897699799482,103.69363005377541,217.8359038471794,133.771101998605,88.18642007976776,192.13050166472252,126.2217758892299,149.60856656989526,208.03545221871255,53.78461283983262,125.38759972871077,226.73711546244851,76.39275707188784,80.20738921682998,172.26544967564757,30.674545764461893,94.11183654800512,164.31202469274595,115.1729839225276,103.42396242097831,287.1128885397121,239.47189043507603,140.5273155172022,205.0196902223459,60.6771971147967,80.06019076026021,200.60942124992715,187.36359659819158,89.07657952149256,76.73556297242712
2,7,0.0,0.0,103.1928015984419,123.22297574724021,54.55874456486981,95.51312988506318,192.5681292339682,100.18034669804602,66.58063516808409,195.19515732900317,134.02858738352546,107.28921275063686,219.13272889876376,44.3777757201133,105.52701127205441,205.78473683508295,89.98000123311756,54.56718528421598,172.98938845972873,126.16395389289343,78.73577890732022,209.4989363455995,73.084022165034,99.45882489394248,138.1063592778503,164.91189216961482,95.04339146801777,170.2869367053421,86.86906367467401,83.2419667537491,162.21480593496585,106.53202979487334,98.27266366260596,205.55402519834976,97.40439846749395,130.5154183867409,212.1987795278122,98.68417863032455,87.68753634554206,326.2361165066318,209.33161340830839,129.11541928296177,113.16239818022379,21.214487468313486,72.05271824878315,196.3978463213065,112.96319493654481,100.94298284919515,193.47429387520697,107.71955271430699,153.53272442744424,207.96254633925764,45.41398858439588,99.69605315037796,197.18456480576342,104.81526510705659,88.90043422362388,161.69562293244823,69.44991778814432,84.25441847515425,185.9158936363321,94.70190560900744,75.9060670290662,289.67423677606916,134.5030883974262,101.85284351790183,214.2165615621756,94.62865939755498,108.4118467924267,197.50667014321158,200.38647654109445,143.91088426061899,90.12569129482816
2,8,0.0,0.0,120.53140885410505,195.19251773293917,69.39187632196712,64.3242697937965,207.16269393379446,108.31367565655708,76.22951256728142,243.9448165551003,71.54218403308602,130.84369916546228,163.79627141453045,91.56164335348726,104.82704432284709,231.88385728459227,88.89573781404083,91.38824659092552,230.6374403473274,122.57627130074025,77.31641557100785,203.3690458880418,139.31358632428257,91.59049734755664,270.77145503895395,164.10782500395146,94.66262733773239,212.14509097657034,57.443346835048,71.63045875562048,172.05064857543047,62.04870585609668,81.69326417369916,202.153438404221,89.71411540917754,116.09088642389622,197.5935165343687,113.78040477079607,67.98854594918733,216.03746305126413,155.788444121991,118.98686221549929,138.5749996952152,14.530754901042515,105.7942326908548,239.99243016800986,86.49375326129748,67.77542215334132,127.89526477850615,112.86303127361288,105.96219213642726,180.07241219477405,39.42794021775945,107.04523811471168,225.30010024207775,94.81485468795262,103.99050858132186,150.22484479931913,58.75356937236489,97.05304553222662,180.75742821938275,90.08548533914366,75.98115985983031,279.6591161768851,139.93541053271505,141.93975025666035,237.73454440978725,80.94685910716625,105.91967747141881,285.6096846951427,125.48363808014669,84.5838037930286,122.48618493814743
2,9,0.0,0.0,108.54353560309255,190.56172324560342,82.88619462964128,74.72064518889432,182.5033359178737,120.55400832418404,81.03468199799707,234.3698034217835,131.84341528686969,122.75842460932645,188.79277128097118,53.969853917272424,98.19580423219436,178.01411737758275,102.3804245673254,105.96432112179765,182.9482394059483,116.36875357375843,106.42773709716533,219.03266842640198,122.02708048963183,74.05137825122787,182.2684448664489,175.7939527309215,110.58702430337391,152.2303585012735,83.6488324633993,65.97470064296148,139.02398049326789,91.04465280135122,106.02138502141666,213.0746432854532,106.97241886187732,124.5912345757877,252.5813760578471,92.27143334709258,65.25024144126355,156.73607932458,134.35605696132433,117.77993782231519,177.4656623507739,32.51140478960727,111.36813698324622,134.86978033530355,89.94985370002256,67.17938423908258,146.2845128870505,90.69896519732889,102.61914676504747,152.00283565256558,38.16113828575208,79.7891800520315,196.2973566113615,54.96532841995685,106.1874616768756,120.82334942060946,55.660877405262575,90.30985410495816,147.75079346366346,100.70376007320509,62.518588335160544,250.3777263493987,134.9241538104077,91.7043383738688,201.24338321240683,87.25363110138761,77.22672306192388,303.4049019666534,193.9239501545758,148.87390134626057,92.6203717206811
2,10,0.0,0.0,102.69680576860132,154.10537711465628,84.61431104318689,58.11360917197172,240.80742520558152,129.31353243802806,79.55550876504395,171.41831644751167,191.1365660907669,123.17256466773726,189.45638151553112,63.9100712205049,137.00237921306044,211.41883935091727,99.90752980185127,102.24597119730268,159.6571349795392,101.07180154037329,91.2565574022531,215.2674300336625,94.86079598669953,92.60396222357357,169.46971047406777,158.50753918727838,107.08448757046321,191.75386491565595,71.22720853485127,72.08666729052217,142.61036632478528,71.81589157936595,128.95867929587075,218.18787214113433,82.55312133571326,127.87145051261946,215.80335548919447,101.08632645163074,75.19653759404865,230.1944344043892,141.35432066859852,144.18761314964522,132.32570593956342,16.344926698718634,82.60356923750211,172.35509108378034,167.45563695289536,78.28535892525075,167.21343880566434,116.01474837400636,158.82072228471893,135.34795788211522,44.10474228569106,96.27942284204849,207.48519884927885,69.03613038266782,94.22730255465049,110.53442990683502,48.5258698157133,78.75624595705631,223.7814663825588,58.62518005566638,95.18107622272831,235.22768192146782,233.64750553632354,102.66109461798055,223.0508445744951,72.70744617479734,93.98414148680851,214.906100491172,169.854361227771,155.44143699397233,106.97922051138438
3,1,0.0,0.0,105.01256523817213,225.72775215480263,94.07818767942834,79.97333864913581,301.604633597238,189.2993370383111,80.84591238349192,401.53680814563944,320.15860144271517,78.47929934237489,422.5404646352738,208.08248777490678,102.18797563975974,292.72151591003416,169.23137450508156,118.66214309717425,394.7121737714298,296.4741714710801,79.72068145422881,403.1467682133629,302.20840206457274,76.95792623004985,641.9987210033917,552.8658070490558,74.27666133410963,397.40240054359157,340.844838177292,41.06279322239376,368.6207007632526,294.6411462585442,85.52733640483069,316.6289949940177,236.16800783553285,91.56029577502237,399.01219503284625,308.38395834788514,88.42167741476815,417.78858633628,251.4927561696407,76.78765177824818,427.5931488764418,405.45584775009934,84.63306092071504,427.48095448418877,351.21189513437446,70.54109058597992,355.68506049683907,283.66960165173083,118.33218591230155,331.13078219485226,243.17860522010193,77.42127477892271,327.44955686923043,242.18919724141668,88.13353618774545,263.6745180312961,249.76310134660335,146.92253073609683,401.1564557474936,230.19797884538383,120.71495555487971,322.046077117374,192.85478406019627,80.45685436115699,345.08566248969714,197.85265527762505,82.12313981924437,274.7474635373401,196.37915951534427,86.60614446833773,84.43224682983677
3,2,0.0,0.0,127.48124372450432,223.30432848978188,157.12267129292806,84.2400887445746,280.3152094730624,152.2422586154053,72.79576857263635,408.1178070467056,348.529558545207,84.75885019516515,407.266079578163,302.575150827834,103.27269312534447,264.9823050406169,218.1103215692726,123.78724565570329,356.33832284503507,265.4350402068379,91.85459930967755,404.96832363386915,299.3375115697314,83.71374651913341,486.4289023031092,443.8066654534544,73.83811149467621,400.6892553158541,310.6870887006429,34.564316243388845,350.00392046746435,264.81783132860534,87.31027740009861,366.9549778293845,317.0492031543897,86.46790931948541,318.31018829212957,272.3367943705945,80.52407616644537,305.49027329322803,256.15201698924017,82.85149248335163,502.94535470806073,334.51625086957904,85.90177160201489,389.0409469428754,348.61560727955657,83.17364845481438,362.1378708037199,202.0499780164384,131.02801205349058,352.6588826098764,221.90281375873136,61.82143678469997,255.42707398716152,276.48564063698245,86.93989971453391,371.85764514719347,259.6365909409969,121.02208778261041,385.9014772017634,300.2821392090463,118.1676362957283,260.2279680931402,198.90743599433657,78.55813364432306,301.730224839044,215.20497751249545,61.72573444561569,250.26561894978624,182.18545597972752,78.8534327097842,76.3756616564756
3,3,0.0,0.0,108.68083732659429,252.00682722179866,113.91318569641302,92.482127170443,275.2591503163878,179.78071302472586,72.58896412431066,356.8985045721866,340.00816453463585,89.29071731072517,341.3462627547674,301.18293618741194,87.50100502463953,257.5716908619524,272.29136169964386,93.8552050883508,388.9298275393508,261.2512012269143,92.32353790429853,354.13749215934155,318.6537522932285,82.53701300895433,588.377969478459,579.7491890845198,73.37828658511447,385.68994134865306,323.61226681958686,40.59849571608374,328.9673878098785,292.1017075741412,81.81648253956683,344.085572775003,251.8377264979598,94.46897328767537,456.0176111043693,299.3887308775792,87.4750052714113,310.3324626547945,233.29961825461962,87.81067453098315,463.09211981506724,381.01083884684135,95.43928020282986,408.6578387291269,342.28805352100784,89.22439468632413,300.82447162999426,292.1570428663227,126.50460112701955,347.48958566845283,212.5336262183258,74.03906575202586,308.39254189944995,280.3460594545433,84.62621520557877,308.9942969076039,187.79797853909042,124.30297727101996,363.17021332764983,253.82455516897488,95.54996871701726,300.06847119859987,171.89686640572538,82.78302136188508,234.32565549056764,192.18490892850986,76.31962282060287,246.00018700956477,182.84587776925358,102.88695418979196,90.68252942535948
3,4,0.0,0.0,102.92863439873416,201.73696714950125,145.12627494034618,90.48212188668101,277.96868808237974,182.64083853590927,65.84697510340978,416.20230492913726,289.6210762784606,86.03540382214078,350.87280091562326,267.4579528594274,79.66799283029562,328.31163782757454,215.3627453862702,92.74306579700745,412.8469457800793,322.96065639217505,92.5573824494354,394.2841105969755,322.51426763481425,90.38994047604677,595.5948684590097,435.26394300160723,77.77342157649676,361.66321921756,315.6182861260582,40.99192433958411,368.59658193329466,370.986817793918,78.69860931471155,421.3524215587006,241.39872672127166,89.24383650641896,356.2879943093546,290.04334132638263,67.52215889973746,320.72071138415976,242.00032116668493,81.25117877923685,534.7507074250946,409.2618269000295,91.34851652866341,365.8636179014049,286.1673072374105,81.74197843684644,276.64800001729327,242.9496793732686,126.32170786631521,393.3070845385816,220.11859453795478,63.122126213011235,345.4346064798232,262.4894659314701,73.22210614500247,294.13720587674584,223.53580887132404,118.35063412614811,389.31301319720365,245.14499092084796,80.80219680383172,334.88616800149026,210.11453092352633,77.91319958317281,286.0975038071958,222.00667154810827,86.11192899344812,241.44875675292144,191.33770235829198,92.84844961597045,84.89614058546852
3,5,0.0,0.0,81.52993130099871,220.77624084121067,131.93493090119924,80.85792468168303,258.2378654211503,200.27407322527262,83.42622021338704,289.5440330536735,317.01245310140297,78.11642114522442,313.2071467821581,318.714470414696,115.08813567540894,322.34620698266497,210.7533872391673,99.82436611143696,440.77629224247727,282.48919078269466,83.04309673435728,433.94284804047226,269.35554427292135,75.33072550169472,547.5231438831053,502.2494627344928,61.24344798404188,392.3570767008649,344.8509463877201,32.888727880203525,344.58523892345556,300.7863240061893,91.80858366355359,332.6030286152139,292.45709656508205,100.24890769969421,389.2630386012779,265.25689163418116,80.41609700551454,351.6360654810366,257.6371324879439,64.05948727948363,416.93826719028186,362.418101512018,96.07222999247517,336.909574397789,315.8580103166655,81.24176718683444,298.4642241323888,278.57488398253435,139.20299744420265,298.15336591580785,212.72880258149547,72.46634385740902,340.1644047902046,268.1682485140701,81.18552498329247,306.7130418663784,222.04410855781714,140.23926868692453,413.3741108550562,243.37446439927976,101.16536801324133,269.0954059658659,166.69044357567887,91.54572744771173,373.3241228690864,213.43322628045638,92.35141439664372,235.84909660459596,173.8455858407429,85.90218546349257,97.8091267370993
3,6,0.0,0.0,109.33339144315275,196.54612244624224,154.94399779296072,98.15976222026383,280.15463500312114,143.2079007849765,79.2939643635042,398.0174982833687,391.5080325635853,97.26514842871246,471.7707432097365,308.88608086702004,101.83589563451922,277.3417809445298,188.36549142068256,100.98175224798509,394.98637273472525,266.9698433653956,87.89698861726163,343.7846325737252,290.91303405886123,83.14629794554034,578.8526560985459,466.8605233014209,77.87982493065334,302.19545584555664,318.02531031573915,39.834894573447926,340.2083311287895,300.95614527191293,97.71668348249715,404.50638870899684,232.09870672649694,99.1479520412409,374.2178606483709,262.7585730610846,78.28516060638633,257.17757824117234,298.1133042693191,89.92740712427336,437.8116530846122,437.7373273873832,91.25085159103124,356.94066972849106,340.3764732650501,87.28871314111399,351.75405808002773,266.5236133566926,127.72251442763469,389.4196014042086,250.14948873826305,78.80684352422935,352.3745952218231,277.2998234158923,88.44232254088585,243.14633066571494,227.66600406897015,104.52304654898687,383.963447114913,242.46697630104023,108.75167041701124,319.1452108815055,160.12376783223573,83.83578513554413,292.7794287449602,198.5377789405171,68.42791224384142,231.07990749885403,172.16672981479658,87.38094083557755,89.0746536059738
3,7,0.0,0.0,101.66639357427495,178.50157128021226,132.54614898255556,97.77754279607743,262.00141619810984,190.77722550341173,60.628937830150534,370.17684334902367,309.680637324895,86.31459767981491,382.1928007176565,297.6695869329339,88.68879073545041,317.457461789382,196.3571190016606,114.89460942458878,399.19586771290494,286.54769723463005,74.70714068655575,327.379811066786,327.7439332289328,81.1061876737335,581.0663388415317,482.7090462834912,65.97038492450872,410.5898775470157,324.34344375778295,36.492976893247054,372.4862462099971,323.6138867146605,86.58361456452103,342.3103952869775,249.6391018340213,86.27022306329053,425.2126603560357,307.19767798294686,88.77627315033502,267.25029226329855,238.4522789450371,87.576409911743,384.02246463263134,382.9861466884394,77.45713506804611,487.53467329732507,257.5456043368188,72.41052296614484,368.3296286896814,229.6113741890114,134.84093120865924,320.9947281200512,253.80689203932076,82.34174939323601,371.8457338337468,269.7216795532589,100.78204339170927,327.08245454102314,242.30167349412437,110.4138649812293,349.74499443552065,294.7053744626309,103.56214266007377,323.8987995110114,181.13228518014168,86.03667389531927,334.58119580134905,197.97257827697152,74.61111306057444,280.3759855013905,200.61968991026936,93.02143865984299,108.50874830123976
3,8,0.0,0.0,88.79310232328642,201.17781341290257,133.63176060488678,95.81222001986528,276.3325363892252,148.8189047352777,67.56115103017719,348.7311372952764,370.7104903313992,71.96440056168156,337.47576841351673,272.6571278390857,99.1793366181935,314.37538307451524,242.37168239364928,114.33699193874591,346.3846990997706,289.33501332137365,86.22874670847546,328.7951754662362,330.9815280973646,87.28993513318703,555.4862787357677,459.7209950611191,68.60391988100405,333.5801479328601,229.4855253108658,43.778373556503816,320.1303146177049,304.0740470740108,80.06158685315542,301.37244586844207,295.50328938156144,77.7666149250991,375.13772392337927,308.07623843926797,77.25426656223165,315.0743856611479,261.2588194842441,86.8955541591518,563.890934619363,332.9761100965717,71.64946341240271,423.61367736521225,276.44410250598315,83.60040243101643,283.82345055854876,243.48574724847893,110.12439546583184,389.7874252882022,244.88389743604665,53.34048130430001,325.38535774040685,229.05699942005174,86.16312656383542,299.7376345412855,250.20439212403159,155.84736526054692,319.41027963408857,235.5615230786548,102.01861045611831,303.9649174604676,176.94842651754288,87.59010547747178,277.2078464340306,207.6563528351854,84.7502835787839,248.59874075809975,172.63968386183564,80.58818950084411,73.5024255189616
3,9,0.0,0.0,117.20115499011656,227.48127487734533,132.64826168609665,89.76153582789013,267.35717747203233,193.96776356127117,61.87655220886282,375.3148429981567,319.43729621813316,82.41080008489578,356.62050156389864,289.41663008339304,115.56312707384608,288.05716906864575,201.8658521675897,88.45927191503964,393.27336770409363,242.81343010011037,64.6875431257041,365.9109988943537,324.42702718504853,87.02611038138515,675.3556957982147,508.9900181371187,68.57787282718346,416.64583735461434,311.00393548531906,40.52857024618971,365.8561555408749,283.32990547125524,98.89228591128897,323.352233925681,248.47464039384488,105.3277589243743,393.6337090596073,307.6268873752772,89.3278423900701,362.43270579605917,231.36036732656584,73.69061143436382,459.25305037019154,442.26828242654375,90.91403014185846,346.46179060417785,314.6838543716805,75.38584654876371,297.02195061383526,220.53908961743872,123.6662632375974,272.7650195398798,191.98939181060913,69.83703703306716,319.9454889340831,201.73353986462638,87.77545811266229,309.43791505285475,174.73628190309225,150.0230855803583,412.6530244043955,296.51833719152035,99.27673120691455,321.07819749931855,215.0869357922922,92.19488979040864,234.35505086100824,208.7954326034062,102.69229341491084,253.56747450741778,173.17984253639466,86.89961421089777,89.67010620027489
3,10,0.0,0.0,100.6312344749684,225.6910250481348,123.46973245585865,69.71607579204421,259.7663693658591,156.89741582257233,83.97097636094381,417.3193639848013,311.45968637392855,67.96365886288581,436.32097641041787,305.4663224831733,102.9430924944349,308.42631357844573,266.6444936503027,102.8950901299366,395.86593421051003,305.423609359697,96.59215439852092,427.04657152401415,296.2399738292927,73.35729389905292,440.19175973363235,536.2916348563116,57.926911121595396,397.5846533966708,305.48785736880143,39.24005452898222,360.046030631775,287.33479145808343,85.44451384930208,385.5403567248299,259.4593220797268,98.90486970648126,360.7919397595525,262.2569090442701,92.33199881800384,307.2371729758145,219.52734230743556,88.11699554415495,475.1022767258837,364.8292357487209,86.34722815456797,383.95047588905743,209.752493242213,76.76855216402646,316.52923990126857,283.9130270257526,147.86127085251474,359.1765663457471,258.6803003622536,70.0865947457907,353.7013798917359,201.77419535899435,96.56233581785891,271.40421771335605,222.3144401930067,134.0761157401262,354.59919133949063,223.80101357128729,104.34517532821606,316.21889680858175,176.58519621139283,85.32437869876235,325.85068874800936,198.79249613253603,94.55339339098487,263.5660258581385,174.2760153488875,101.0618096087348,112.38376141706551
4,1,0.0,0.0,73.4096142161536,194.10753836871322,70.04429858509067,77.3822215231741,119.58945245226768,38.58518575788543,98.91612667157943,197.28143908979382,83.54497334372749,89.87979369445114,149.41561889802855,51.896577315635916,90.94082843110859,222.36773102028465,87.91164528243272,79.67939109080208,120.63544164510242,54.8600435080302,121.20568583868945,142.0249855646113,3.0336897699012413,131.68074524367339,171.24913271156,51.76268778775248,115.79866414197149,115.4407198157163,73.42865443560994,59.96355301915716,141.0822961604382,50.23936516062261,60.46575898672942,146.2928472173172,95.4898837038,65.83040510411311,118.74574555643463,60.532393765482375,28.876613951228812,135.8125666153194,103.8586394168526,134.0803026118007,182.15580618114052,19.379268713534113,121.64054067050117,129.75146457906186,26.300973019196434,95.80827083658006,155.09579539911977,29.707173474995688,112.9060144704689,155.4920986038021,48.60959825083714,60.53185323920382,115.88392995702122,80.99303772838387,55.90554148684303,128.4572160055601,74.61449414706382,72.54024162817878,155.170207902141,62.84076702781,83.50883410752726,116.37178766405516,36.8980929655516,77.62284122168631,157.19924366568364,74.59782979351395,131.36623060597017,171.96410085985843,39.406626031565615,106.94547364538639,81.95915726519377
4,2,0.0,0.0,90.08871004029383,166.99925468412462,101.22258479105986,115.71517021891344,130.87956419646645,41.505296757541615,97.3044936404024,112.5086092456088,57.39633157867096,102.92857992090373,163.44646438155164,60.544977912931415,89.39747410905446,168.73950108928102,77.03813544564963,78.49493173726393,142.5388445304632,61.72557436219795,114.31174823266176,102.90116552656553,-4.001944929178186,116.71287925683396,175.61540859938424,48.98766476766727,95.66083117343224,123.76193991864714,53.25758396094615,55.13666835138439,135.4683553694005,61.93465186838998,74.22159098829422,175.04715986935648,106.49418192652728,55.73756179770686,137.8520008552104,51.956591752180174,33.441777720913414,129.03659458941803,58.95290152386518,147.58216329478074,220.3325854051638,20.744363016976756,114.9393049872117,140.28349258392728,24.73360111974677,102.69500674697782,145.39354998081043,29.895735316568288,76.66015182070744,140.9496756176311,52.09042548826687,62.07803859093923,145.04310065832607,78.76380419834622,52.78036357341025,124.91537482871892,68.3229425713029,80.46785081324585,142.9637389398877,54.43660164609507,97.34863247800448,113.41527283759473,28.405130170707444,75.22812469417823,134.98949243516873,75.36410446381149,131.20219444611664,175.61806160296683,30.443415936088343,86.48599781275816,128.79903939489353
4,3,0.0,0.0,80.81493660083036,184.91019130970275,76.91668057733582,81.00776464046702,139.626945141745,33.678537358442696,88.37150538212875,143.50687412628213,67.80453652561047,94.85153004330296,186.22308080704738,69.28418061215548,66.44249842740545,183.30364357911918,58.691029468804466,54.60668611450659,168.16973417637575,49.194995155207344,102.66111225262487,135.7047018638063,4.152856892943917,136.02918911979967,179.91368866725844,44.0600874212511,99.18415169457626,140.15035260381615,42.073497690838295,40.12560958127476,139.619946406205,65.76605063598247,62.48810322713926,129.84296185926095,119.26377359222136,50.68735680498191,133.9271584537655,52.982152821626805,31.48080190457342,126.62128289377931,105.94429314412707,159.49840938876264,144.95710881153656,8.683622491762959,122.93189735333442,144.57816127981295,15.596029816411468,108.88147569909947,94.20025788894209,25.756610089474613,70.33472520108278,145.77741775170614,51.620785555276534,53.796489149042046,128.0962628339288,95.50341566127594,47.1873740102103,125.6134696852215,69.1220618963416,95.17389988399702,185.43981653743742,72.12779474830432,71.40105718522585,115.28780161450246,26.036000466299498,85.63950246641359,107.31739039787675,48.578814511088524,147.38261671576348,174.97139653845642,34.58420456390763,105.6254490583243,89.59549111509921
4,4,0.0,0.0,81.82775674199696,153.86680716561364,62.54667993528679,82.11618977613665,110.94167293947942,41.31539615669747,85.31642912715876,167.48740176880355,87.14660012534358,116.41124437852247,158.27363290594553,60.70172515726892,84.46504682350209,188.1538415403039,85.13529286260473,72.26349956231302,128.24431676549287,72.9943267315745,101.3246246419481,94.09322161539465,-2.355132135219815,134.89727476074918,213.2087960783291,45.90330315695449,95.13043226081794,146.71279441245505,48.33674907499048,50.57959074748053,113.09895356402089,68.71268326959203,50.760327729148294,167.99721829652844,102.90645246529584,58.656200767575285,107.14938079853428,46.96275127817815,43.86646318136366,120.9964619666132,97.00663556812476,137.68023585838029,159.57552089578292,17.092006212044677,131.05976536969334,158.24885309578048,26.799095446941735,84.3115994403301,93.35692137480493,22.299884794997073,112.5814385152813,136.85992606993867,51.47559860380474,55.76432900119577,131.69686372254426,72.18633468044598,51.419697316412424,108.68479512587345,64.21234479022633,104.17716997594697,155.57105172310136,86.52146848495153,50.69252385925815,108.60879698491482,24.402878716997858,90.81540973462512,158.34887851382334,85.23405886767378,140.13054005224632,158.06849559106993,43.884811186007845,114.14457765283926,110.38647017744351
4,5,0.0,0.0,85.62595477434564,170.90577382744877,84.68320422855447,76.26537551260239,119.0212850894421,48.670059031110895,99.38294737791507,149.7089657238135,59.6129519365208,108.53460487468013,154.86101958759363,51.454145353099086,75.13706786164768,169.4140108877997,74.72797635448707,59.58009325869372,133.8193024041905,52.464991077402736,94.40536192283525,99.19773802444428,-0.7090553986893254,114.67988298029708,157.13197698115485,53.370562295126,102.47087784412442,168.87005073377085,52.92828957537998,55.3288600082162,116.83156985940408,71.8150860222464,59.99599344991067,195.24144485597532,102.08095044501744,50.35167258401174,120.3281615485055,50.095583394267635,35.940055639545626,149.7155185722292,71.23622638204247,102.11385489394374,132.1491842026261,19.82636365558144,103.37225255458087,118.82524816476543,20.884665485353665,71.56694654359653,138.24170139831904,22.234473452010825,89.03097397619284,142.0132651630439,81.69986274975017,66.08426640827312,127.26922938209648,92.81991165147784,48.20068186720585,122.42275701263978,79.61553114059647,103.53907239341852,161.9468567820656,50.04122621221641,69.47172942057517,91.92797845769375,42.40829247447396,84.85513984603136,151.80886283694676,53.8263649765748,140.14341647639296,144.60186568433576,45.92477304440473,101.40619999596943,81.242882840002
4,6,0.0,0.0,93.14360574924766,138.04172087291553,104.26843932779202,95.56547035509723,132.0986544189171,50.712231843766986,93.1215034134377,123.00280614543038,66.16981531960599,113.46935524622972,177.20847474930105,76.37316452383693,108.86813530059919,214.00551414776234,78.4373133210326,83.53048449404959,132.18177887636463,46.534064923020686,131.78845659307746,122.40337499234265,-3.0704918511865826,109.40268278190027,181.37073750911713,40.26076847516474,99.13465526426296,163.0982319449217,67.60537647091614,55.541261878762825,118.44183332892456,59.09300117340475,60.0029744940665,139.62313008092218,86.28330798078302,55.50180270873155,106.54240909366716,56.52241815549,46.53691398752054,119.6715024773408,75.64860987011049,136.1549928210948,144.80249242023916,16.978427361973885,117.55074290292504,133.13230042250902,24.60821061966643,106.38306912864212,142.826549005409,26.091375942298477,76.75644701408793,171.13383836378674,51.44312606225845,64.22016877492523,116.10484711889174,97.73755732931058,53.08839518625632,96.21468058374637,69.1292135532376,89.17483669768703,156.3751201585508,70.9441793575707,90.45996340231008,135.48778892278443,21.360393144772296,92.80983688102648,121.33606515656182,60.10222456235551,150.67595094832222,161.08957267027407,31.422671216916847,94.12332719644505,102.15027104085742
4,7,0.0,0.0,63.73968247181529,160.98164029808228,74.3410660533637,69.91661592171678,136.5568767159886,40.94599450782936,101.4604864181545,133.395361626884,62.3598769276808,99.71894650406145,148.7048441795646,53.065934406692094,95.45115196445146,130.01474471598635,68.43030395392161,75.72447359618738,141.9607271773577,55.13984119747263,91.26351715193655,97.68208251462707,-5.901011462508345,127.96882255142941,140.05662336548232,41.620492622392106,76.27028366527163,113.67879289224742,50.85347718367915,65.80473222217957,111.78185105639578,49.14011543297147,58.09293937752089,154.16759074779924,102.90715943831195,61.725846562296766,127.94303201257433,64.13258826018166,41.96208494185688,131.61282273555904,94.56749473977806,168.8550606244444,180.13711282120767,19.781138855732877,121.2492390653449,169.63506894644686,17.054691013831103,98.51420226583956,129.69760368519601,13.256755984268299,107.4162167355304,128.4011128635379,49.548449572639996,67.18728362177059,136.34401643661306,84.41340547169479,39.24585884211863,101.84224634791443,87.60657520138585,65.58831105370915,169.08956049548274,73.51973802518211,77.0417758187049,136.0208894335938,28.094647834999815,102.31313762301598,128.56640277048433,79.45875294815968,114.26818350127205,208.21653705806693,47.89391631873944,110.14714579614377,110.81750160618046
4,8,0.0,0.0,104.39646219183629,135.25244731783656,83.96192094626866,98.74569212902738,85.13137477610871,49.85307329119884,114.82557028078939,159.12205500882274,55.267600690622594,76.00565091816539,152.25161064083323,70.95809934808652,113.11542961665081,173.38078629011832,108.5072059270999,64.7093038263943,143.93748944178373,40.526756527481055,117.3619814802241,105.42780873446571,-2.009295321638608,145.77953302514032,186.08554130683507,54.02135304933539,88.49628786202395,138.16093215018944,58.94222031672855,56.81492513621027,121.61328227093632,63.928407600443705,61.57518693990198,151.9440102834818,94.6635713300518,39.32375221202204,137.61546792464304,64.83754544122976,31.350539650994193,137.37114866281618,92.84426701352375,181.43790185604072,177.46887545716888,26.35294055758029,116.25117752012112,129.03054082997468,29.683434365243684,103.4446881730327,125.0073454809187,28.894177292021197,96.85689227083114,146.263992944658,66.70083646844044,61.4142671447076,164.39211146408525,65.19047332984022,52.92629269701638,98.14213558629011,102.43301571217819,116.61856324629173,134.0872218707264,42.78618658253026,66.69604015147752,96.90343639701251,19.750751898793155,68.52335816754959,168.799172851688,64.54918494649297,133.81243856116527,171.61939194953814,40.47111777091932,115.53920831064654,129.8015023785359
4,9,0.0,0.0,80.55365244783934,169.22452696762386,80.18840474132904,96.39404760029203,106.48686208483042,40.33044069433155,64.50103291201916,171.2042595518202,65.46289181963414,93.56884560259235,201.97420776209287,53.43088239624615,88.68946374805516,122.47649844991489,92.03742446108971,76.44699600861131,106.2722543930206,57.67995627455718,118.61941732004085,114.36270199216854,-1.3761141462746855,121.19153514974796,159.0515365961402,29.752383468061904,95.18497085492085,151.07364179793592,46.30260588895738,58.99584624999211,119.24855843195861,59.49036413219028,75.9703683690933,140.33143594709009,99.15617335424892,43.36254009786502,108.04959052798343,58.16357659396319,42.72760936713892,133.15912692591186,72.41565019044675,172.19189117882243,156.06919366736346,19.783235655398105,110.35133983435227,112.86084480499059,15.910651094657084,83.059276399887,131.3949242327065,30.770410103460918,106.56393827561445,181.77236047450717,66.26429548042968,73.75221243867126,174.9518027313158,79.55780166034705,53.44340992441838,128.09338954282538,52.125882381120746,91.74315298435481,141.69001647281988,48.324600729823466,86.02808963644735,103.15502594330779,51.652163620922195,107.65429572719694,152.65065696784512,61.1457641310139,130.30265298399542,173.4466253585816,44.48235348759562,68.01181654670796,116.3927075730885
4,10,0.0,0.0,87.81393388650842,138.11023409191978,83.97541960581874,84.00220158641264,139.007255740782,31.658673948462734,98.96730472949004,180.74170568960446,58.11165023843155,103.83756031301863,167.55693576200844,58.32483425212402,74.07158164724174,182.84384273038788,77.34893670252386,72.3241125648242,129.7110973611263,60.786937712313495,122.62793693278944,84.71738046893749,-3.5515997138866275,150.76876080712393,139.11767517179274,33.376714972977965,110.6685468681399,195.0455824801572,71.22210419111641,67.6345452324912,135.5867723915807,77.41831377205773,65.74187732658699,132.7542308665468,83.1131361355427,58.152833567411435,137.9762439783145,63.74479302629307,37.98600970197055,128.0298814016055,97.16252169020194,148.52241679142273,171.62480691012067,16.75949618826649,115.12430363995396,132.6448732964757,17.90070424130747,90.11995507343114,111.19460942059158,12.951594102292717,81.9672487620987,146.34407005411947,42.96377382859852,48.38172426768787,141.1038409195887,58.331728276838945,56.90396973635025,100.94361449408599,83.95214222375299,107.32403815833077,170.0227918190498,60.92132083498293,97.04664935195754,113.62516355459324,36.313102387746895,111.78792628900497,154.7221261973571,51.67027421805634,128.2529446287921,175.45942529616562,17.272112255939618,121.5872008990036,129.62284359730143
5,1,0.0,0.0,79.49238366145673,108.70153313780251,109.6594584283216,52.532060623559914,177.17622124485416,51.9031074942436,66.80792451147937,130.17652188171985,79.5172898650367,114.50588569598222,193.0073378569962,47.9354905676858,61.954368411346415,196.42404090389155,86.35510430654179,92.5271652720804,165.6091279177806,140.5916166909625,117.32679864364496,150.2715144627741,-10.869559698300847,35.44220001854292,157.47839057769195,110.01781305825887,45.21887331967632,92.22869900764073,61.46928577762657,82.40399939529661,177.35297844988372,37.06057507763634,117.88723871145301,127.09930830340997,6.784512164043242,86.58261468128015,176.17300921162519,127.55406733216873,113.7306905582419,105.35841356706929,6.6946903133257,132.91890103913676,185.09247279503327,21.159076097241268,103.1060851010133,119.36803385862072,25.21355089175562,83.49230474976659,191.06827099681126,108.48627116199314,91.04822069624792,169.46408754358512,77.91706056081908,116.96536319251811,165.75204569055734,46.31939826380178,61.997270408406905,186.92801583592987,113.47005082622022,102.71667517456476,161.88666479327054,20.73272539788106,136.05211380860345,168.97783502048168,69.15474155611548,85.63769876660888,250.47061397101746,153.46768200747144,81.76757299925592,148.39070923596645,57.62139941254731,76.70476278117445,78.81781338135093
5,2,0.0,0.0,91.8817439452063,175.59821886978307,83.67720161100583,93.58757219780969,199.91305266110555,64.13832336376625,90.34157196904542,196.9182738339695,78.5228614469707,133.11263498436983,101.75642488264984,59.83572115959069,80.34329265291206,216.36683836012213,113.90922798528955,96.78534257287522,223.70425355092382,102.73294921224263,123.19748293786098,125.71079464587838,-5.285970396940871,41.75945405067207,140.3607112658994,112.78729580945577,51.87893888577673,105.08686229598085,42.11955157529561,87.47538336385621,155.83974795792926,42.21195768652091,147.0588368874504,118.62986220035181,10.428746888312478,83.35280615271046,204.64999097012992,141.9058703688376,105.46199963178651,138.67397050383386,9.629648798536861,175.9014926576156,151.72321630400978,19.89906751305065,146.5676104139262,133.30685575591522,25.806614401701207,91.40354153823398,137.5968163448272,92.8118516384202,112.1058982899895,171.42528379297542,64.16260168477226,109.55325052602674,146.6679626546867,43.81074503715646,84.30531233877257,261.2562912856368,145.81704521992393,158.58722894207438,209.3094269986308,21.662476751806494,89.97746966349867,118.62318354673252,62.397312872823974,84.15283624051926,182.60275642183416,89.92669565604348,94.45387127736997,124.16959539893185,77.16317620284231,74.13520097656097,91.35310241549635
5,3,0.0,0.0,96.7341775419243,80.17582198932688,81.9061049574461,98.20134961968999,149.12851166939197,64.57003094325239,67.32142999619983,168.44492935279746,77.19716471769183,99.43421997544165,162.81850763905186,47.4388240196077,82.7292677572118,188.22494736166456,135.45481147470971,70.71818816256568,176.4661370141745,138.34283619746924,119.08715231525706,120.83377942069092,-18.210526407620396,36.1907612152864,175.80643658641844,122.65834677486042,44.319790220902235,99.40506998346062,63.5372413129118,85.68398462662033,113.77225535819,60.91428516914083,117.5477906991801,110.79839676990262,9.020310480990064,88.49632352261914,183.98621991120194,104.06406700686077,85.63810985781589,139.92968324673367,0.043465459209750534,141.84794504725554,166.66667691871558,17.123070101644714,110.71246453326732,144.5951438663991,13.290448732975392,87.50917717940162,156.30865350229223,103.04207374360163,102.25264272982622,161.2202013735903,76.08299295289079,91.95631927477947,117.36747209905825,43.890651547951336,89.26634206572786,234.08723288625814,131.27904035424604,157.77544905942287,171.64183585749956,13.568271327228402,119.03236530771471,164.98077715157058,42.28501468635128,51.78281615224471,241.15208893027318,120.27134019446235,69.81014373787572,144.5791338194706,66.28929063235832,77.74719384833016,82.94759220565786
5,4,0.0,0.0,79.74439208388338,158.2344812852879,83.91096447361001,81.07087675937922,149.28400857710983,63.950255915134285,73.37877856743508,146.5121439201921,83.4386325010376,91.72780019640331,161.3487006715676,57.92948829550835,79.80986244951742,184.052240029434,92.73635775083864,112.58602761125425,227.73986843790055,145.7413239902124,143.67276951053543,68.21333755181783,-8.390673296292261,39.17970392312545,160.562631345044,137.83435161634966,46.894092189175495,158.77905760269246,34.228562454193,95.15112537097458,181.14260779199049,64.93402092641037,81.81613134304764,138.4360666544429,14.165709497620988,111.25080205974282,227.7641226301199,109.98162953859917,118.66119042080106,119.36103848038155,6.525059065689174,132.60348007974846,119.3978726415801,17.243553323913414,134.72236815529874,159.69526244212838,21.46862703277533,88.72849306009483,158.48409301407833,89.33971830818489,108.04364253309033,163.64375352283867,70.49106462862274,100.0290221046792,173.23683003500116,40.88763477714214,74.53915128937567,194.28694629554872,131.35656686955855,165.2828668799541,206.57273360667327,8.633468074400717,96.10963159079175,114.98299731609336,61.65022832618795,83.40465604877306,214.85920462436874,123.082394771653,64.87963955129479,125.17858260371395,50.894571754040825,73.94409667024956,62.05960983636162
5,5,0.0,0.0,65.2243597558543,184.04475950156996,60.49080089675839,74.9014816411383,100.47832403452554,76.89350698186041,78.17190087894689,187.24458581088206,101.27344970160769,108.99218478484619,181.63802915800818,51.23046215995253,74.03677378684965,188.1527150156323,66.86491576696326,92.83315148834416,217.35423115839288,160.15020804079086,147.2876578391421,127.69495535474375,-7.074770327135018,39.58545530133311,153.07313880752113,138.15331898686122,47.93358517204116,106.19011160287151,63.58243967818629,85.43938375260242,162.57055709696502,59.43272160804929,127.15537123222855,109.27782749705102,15.613369127615076,81.04361140400339,159.16671759745537,92.74521375280615,101.87262605734233,115.55221286230245,6.88532026810358,135.53027676542655,155.57391030280513,18.443971552732265,113.17627602721242,166.9774612409778,28.36623844970313,99.29543853493156,171.9705257023028,73.44341370768043,105.99340268015366,127.43261691172047,69.04013662798884,93.4923524939982,146.08533422329583,27.84946912703159,104.3732902208963,242.78462890166557,128.56130322976176,157.51093653789508,169.9212850805707,12.40085409443764,88.90174569624357,154.0728569488439,53.397777687726,79.88455787424701,184.16755460797242,157.83521763484572,73.88624715688657,162.4256829640129,56.88008970718131,64.81664999934173,99.25895879217269
5,6,0.0,0.0,96.69506531241242,167.88622844395232,53.304550176112805,78.00322065229841,141.9467272609396,68.21092894433114,65.37335501730061,176.7974622301515,76.34102549923149,92.07054762697446,183.28967499156315,52.25395559156289,83.77074132906819,264.814807292321,100.9842674234875,79.13650068926003,291.7761061809264,143.02832117910256,170.22795440135758,103.60866742933212,-6.57141115581599,45.72164331862722,205.86428273605821,153.77948670590465,52.2486791275632,117.58015622730574,51.473066323435695,73.39616194069482,159.7611170216735,61.814725690742215,110.58931620652295,150.66917924583674,16.977414485950305,98.5453162990021,172.14898501403923,95.93105572867661,125.03262444914563,153.23660341802534,2.692278690301758,168.1003765718153,164.1710213108983,10.624322034131737,117.77878004655962,161.18053256255115,20.587678935455003,92.04511130337961,190.64000385779974,84.09030855895891,106.67130158334655,166.7141968264447,61.49993271816947,78.75686949263277,137.3554118964139,43.4556331495058,100.70541292094791,218.26613771018182,152.67978438929129,169.90505672326373,166.42077481552656,8.091256586111788,112.5723451051993,174.4801517633386,56.317602907238914,63.524464713861704,273.02598475600786,107.56338321237997,81.9617305195131,164.5385087179207,71.34470344406921,87.51784643055342,87.13520437365516
5,7,0.0,0.0,89.4398292953016,152.25052909289462,80.6263021298307,73.80608293490997,183.33345006625655,64.65262569016083,38.60673658636271,133.44607044581824,74.39455213128016,95.55920690178588,179.28188587116296,50.56161572179086,107.20333424938815,176.14574855952858,126.81199021685582,104.92863732028599,283.8595935239171,119.52809363160377,141.97817268342388,110.13416874673447,-12.013666383570712,39.98923260319932,161.63647635756283,123.07667444427585,56.16778275665278,87.583342856635,77.52202781489356,95.15961380913126,157.4125594615232,47.20018082949595,125.25057636562022,160.51197636582447,9.613593937757383,103.82423834722024,192.6637806746322,111.06150583146182,154.9465177996938,121.27775993025142,2.736071780444024,146.608095255616,168.94645889414022,13.167891519247972,117.15284030671218,103.31686323726618,28.89541658904236,48.56111931899877,199.70702515643072,95.0996643384304,106.60720698742811,220.79489827807112,70.43187590176642,85.42389963157491,116.21600036904962,48.52305949595447,83.13215053456818,168.79578112212235,127.73130807059073,160.95846409731274,172.42965322584598,10.201213415240982,85.57123076482449,175.68696855142642,60.63793080260326,73.62160437348714,179.53526788546398,155.17902585133825,68.14512281922018,134.55694824972568,52.986591257192224,67.7556942784898,113.01952607706876
5,8,0.0,0.0,86.48183432170468,144.85699425508164,83.92396334625386,64.52690179003517,157.6273683737103,86.45944083338371,98.45650477474652,105.12510852736075,66.02971367293132,125.3125931422648,154.04949595229743,46.84689978685257,76.27488678563583,179.84625233543073,94.38448977287895,109.06365047296956,239.27064749422306,130.09333142314787,156.13347222305208,101.62889049693572,-11.988310135281006,39.048027267423365,181.85205741904986,151.53367038402558,42.84813601805719,111.41464782081597,56.4576214904184,93.4628939651988,142.53596018797768,31.998919059694913,114.19478895393922,60.81526525389768,23.682871013381526,111.37130791372566,198.41520462345736,90.95141154092,104.55816720105722,112.05940914244974,5.799420510318637,149.9431806087,145.22468440170593,13.023556516336349,121.21809228479782,122.89306769367916,22.51368603117439,77.08971310299063,155.36551617957042,75.62583872711699,67.70352691130975,152.6402842157655,66.25361667543422,101.59178045877815,137.47256016865413,46.79970709228694,79.38832745127127,211.7089958950005,117.81875823092977,145.01903013730595,209.76319223338612,10.575587201707089,128.41339074835855,151.16321520691122,55.17524572676265,90.36733594715984,228.44378033962118,136.63862022208372,82.88298853782237,206.50618269377162,78.62631043827044,77.98897891687375,121.83235318970159
5,9,0.0,0.0,65.11109234053289,168.53742110009952,92.90294270087828,88.29191171664176,157.77372980741956,70.08243810093828,88.71818453964777,161.84516508129522,54.98745682286674,91.8103098913004,149.49113676431728,47.40339102232108,91.5615729738057,224.46035805486432,91.40253566016158,73.9833327306211,213.59991361544405,150.33381223349355,158.7728097319893,158.43380277306804,-13.807761830869556,44.96641924623471,169.38221399030752,154.29637983669875,49.77322459112129,110.72549029974572,50.72854683873566,68.59726088056281,129.4962872839532,31.52556284528202,83.99082319907485,124.42799059825583,9.856393367493508,99.08676312106829,169.92792951350572,95.40918232137057,119.98199693159357,148.02627419475772,7.695802211403408,103.59695358427707,186.8169254195858,13.031725796898005,125.44546266910557,173.5898051072091,16.33923771908996,82.51701553351727,166.9918438463601,90.44318148338606,106.87621241511488,136.31118716047544,48.048715343954676,101.66605303149592,113.57947915154185,33.4255298558585,92.40064308798466,181.57073405091532,104.9214828732421,172.63022664063467,155.92786459853892,17.288528698720114,107.39416753780685,171.3979309058654,62.42093389786419,88.2340233562982,204.9112091856109,137.7308624718895,78.70777926346322,113.81844164606383,62.84738400637163,76.95610103223977,119.1645523988665
5,10,0.0,0.0,79.14200231274326,181.84106744993136,69.67096876307046,93.42396642898599,165.94191498174854,99.91340932090333,71.61913923860472,149.39951112782097,76.05381345979603,92.18519703863622,157.33890959168318,63.23533091774321,63.170660616488846,176.9073314527297,100.88950318447392,94.52533517812718,167.08267378667486,167.2466605384963,148.7151819852593,124.63677089202896,-9.372408407937822,42.96386070791812,192.06698643550604,157.55890925787537,58.88777505606414,97.0251551399102,79.1825719149708,78.21362544459532,139.1668256643627,54.20547406829611,83.45692435181293,119.14633012706865,10.176772337956379,98.73566739461653,196.32804524027975,120.9913845956324,118.62180165975019,126.15039426130367,1.4337966752772928,195.7559524018188,175.8736795165039,18.48209834040752,134.09537516959608,115.67554068250809,29.33430856094074,100.97110070156901,174.96855592652466,52.6559936859707,84.34807779799422,153.74059407736345,89.79447869899435,89.12677211749956,128.63701330380235,37.19643054655945,94.27516141417186,176.2443388894797,104.42472411853741,155.97006423730338,202.50108149858755,14.69763060043047,105.64921547278674,228.1663700948887,65.18009587387648,56.01910829866169,139.1823451395922,141.51393687590357,70.38461525102058,138.8572523682844,54.840420525769105,65.0055660088293,104.22128383143789
6,1,0.0,0.0,128.95903320929295,174.20674935654233,62.031291189963014,123.1053379231826,205.83083794079846,70.90010807132418,101.35745541005925,188.1395928828071,99.24736834078563,75.82716680077411,191.1522039654352,123.28223771025232,57.7133423088778,153.2432131759587,104.51983343655579,68.06460543516403,242.2907143033563,154.37773398858724,58.94826912783676,194.17070691990202,151.97338181703026,79.51668158934474,207.65533402234877,159.70801667587745,84.89059275537706,198.36999442523637,72.66114504330416,80.64020267636884,117.41790909263734,47.45956469225121,62.719226504521956,169.76226161723343,107.03309793653278,130.26555743714448,200.9713422753826,87.86315379939835,86.97420400446921,165.15817977850025,72.90114001535868,87.16997259088883,194.16704067181257,161.9230078441616,91.51135317375788,219.39088828329142,113.21304316840524,108.17430522144295,153.7246299315252,108.82006545120701,126.77727172055735,153.7059948366323,36.34225122120765,42.82646289352637,186.13776518648183,194.3056592346527,43.58046946636608,205.9726155369847,180.7261841585138,129.67461931778917,258.5707252434694,88.74279363347695,112.77839892887106,224.09913505043946,73.82794654814641,116.6084214731334,199.82619530118362,75.51513560558433,93.01520049536386,214.7906005288769,146.12842446997604,104.34089646148777,94.15316044754888
6,2,0.0,0.0,130.6450631633192,190.29661245812355,36.21219788998417,117.19166186105446,193.63697960209583,68.12402420061568,101.45056279455956,191.71404665835968,106.21711519509499,86.64281471365946,228.50863279772472,121.15311519529051,70.78635954810416,166.7591148178737,97.07694624535158,62.27767076501883,188.54043241276116,181.78882568646566,57.935896179442906,195.86856560703845,146.12310218797475,87.35430261870438,222.48054750584586,150.8096253819558,79.82118873031968,179.67619718937934,86.71026557674773,77.98135871026435,113.19284911352598,39.210624833212854,74.11855553328647,178.3906526557557,135.2454599385129,108.07372912853373,237.75331508069226,63.96836249175947,81.88994189963736,161.67785128266237,89.01893105716725,69.92949263447983,224.0653929835098,125.7667708077289,87.00673999849614,172.37696386880566,105.32259268346039,90.82437763198303,172.30149315200237,121.94639706671767,119.7705982124142,151.93235601799935,21.79209605967623,39.62359098527,214.39106576213155,164.9122087075218,39.865120176173015,248.66600899603316,232.2303046932043,113.79697043903761,248.35721248445336,101.43277009924034,88.34074125728384,217.69174336321439,100.73696019231684,122.86006425754942,184.67823204362205,108.2918319605013,100.9165148944375,208.46184041392118,105.51097266768305,120.79821054206407,124.99193438794322
6,3,0.0,0.0,90.22614415344006,173.56007437021927,56.833587113111705,120.38416050410144,198.37896954313126,70.49734076797634,75.886690188791,227.80435411910898,75.64778160059967,80.79509190545319,204.2958248548684,111.7433666655576,59.64071470225991,169.91059765178477,114.64554050424826,64.61052338441743,209.80367218596223,121.58753575629086,53.17159087539903,207.87254697260025,163.42875760156045,73.7051417291415,196.9052784452827,133.7123304744944,79.29131887711786,161.79865269985942,91.97739645566327,83.893129392584,128.06701409685533,49.99573333942482,90.63096241310356,189.5833375157106,102.1649787986998,130.4301862942679,208.32455088536784,56.921749673612524,67.78067846616801,172.9414111569383,77.5269722931009,75.98522550087215,190.7837676533408,135.5290993868252,72.7105725778799,186.2692837415127,128.0444899477735,94.18908199628041,194.22891504535264,113.1664690661552,107.97397114412512,173.9689904227302,30.77170396404439,40.20250733511977,169.6545825910904,151.21649203467805,33.94710213929436,239.78703869552427,191.53413321389243,103.2367830412013,245.9153000286748,114.07929734626424,124.14878049917637,239.8005167867471,103.22190269893329,118.47525440073736,214.941282098463,99.41203084867487,110.5967424756411,194.42735832485806,115.42438664789417,122.5981498115957,86.30702620828518
6,4,0.0,0.0,132.48050958710238,174.18849419536411,65.97070640816534,109.280171091893,225.3185342471112,70.14558998646814,101.65508052936445,203.84304308990974,103.22257476882037,55.11876252147889,193.13063177258263,130.47996659107577,63.309151926807075,151.77287521841347,92.53439761218958,57.584305888721396,206.18834548124687,161.2363485457754,65.99506677095029,180.37136060261014,142.00530628362972,93.49587985548204,215.5365913653919,134.51613312087684,82.56803546162331,158.51806532809957,77.76302069069911,67.53240682762004,107.83568458777921,36.45309799936227,79.31060903020928,201.56851186837744,117.1252276542988,111.50538657545879,169.38988978658583,64.51461660508075,83.29302700309263,168.6191959930429,88.21585258054196,69.30501464136553,200.99493163282227,133.94005548118196,89.22814655707184,177.75876809599697,120.63090005472735,89.87301152193443,170.46761697489922,114.2282659139418,130.77166024464006,161.63954272212555,22.73842114725469,43.785192767034275,192.69368305159838,172.61378586666322,35.523153360279764,226.62327356096498,178.87411355277797,104.54025422302598,186.26072048078376,122.48359227239479,95.74497640104234,201.9190549768656,104.20098365735728,124.07412180604594,185.6778569266441,95.3318228943969,112.60367017677957,254.64765854784923,129.7534275372249,122.0652797045204,84.05855407968133
6,5,0.0,0.0,137.3993553855915,163.3653441729206,55.22997452060436,142.67292200213635,202.6570038271463,84.22201113811595,86.43907193619219,174.72010234100807,107.00771603947496,68.09027422602144,200.08612705080048,120.03694369099534,65.04440856924613,158.28990789343482,96.69784682072515,58.87852702442818,181.29089024250845,165.4191090355841,61.427493293834,199.22174361202718,139.23614855664292,68.52674106642634,227.18703436833414,139.2231817285216,83.77618334081727,176.90525978636737,82.41141548379429,79.291080181207,125.62761973641389,29.222882527705842,80.79374557568669,220.4088712591458,121.44751023105661,101.33795346926756,220.95537077759485,71.11783226950453,81.3072795732427,167.1226339803082,96.37545185068592,66.09034634842459,242.16156566090416,136.7107171997787,84.4657131496433,159.3025451559346,120.77372237507531,93.77290832878248,201.95902605736657,94.50993344322586,136.92740730336885,162.40984714679664,27.761386298002865,45.37525196644194,220.66824812126285,189.37321779211015,36.558559004195075,216.07572934894648,165.97802840127528,108.27659445738395,242.1821666667356,102.09469416918242,97.50516129436271,185.52118844560655,86.9340039245323,127.99901613181176,211.2738657234364,84.12965820555935,80.17709514856944,185.1820908239612,110.49839329056357,133.4468095679479,103.1997798904583
6,6,0.0,0.0,121.64012815510648,170.89871927116405,62.84405824748086,113.33300828669245,214.28015995436047,69.26484119629842,104.7199463964883,191.2208755361362,111.29728940249585,75.87500251883236,181.18713515562908,103.39911039607087,71.03872919806955,183.36539622816065,79.76801643282505,61.019443141746976,193.424999764874,172.26921551440918,68.01987803129003,197.5268611302355,173.1548564504737,75.30107203953416,246.06344114139168,146.10879871425777,96.05016908551184,191.37287239449037,73.99115439257389,88.50379281232478,113.90751848454155,38.064504817894765,73.06265876104132,200.3175570585585,124.44012725606021,118.2674662455708,200.22571112574562,71.10663964749006,83.43258521714564,178.53652741259168,72.18627938520768,81.40837985687088,245.38053841548304,131.1484679278031,83.85601175804256,171.9152762968628,131.33197392712609,107.45813691647905,218.9233202604863,116.49569216673294,133.11120034292477,165.65827429802442,25.238634327090463,46.44003038907698,202.344177569118,190.27170377817922,39.588940340554096,225.49497002773506,174.50442696276326,113.74393962763773,246.87247568706073,106.8536077205849,125.27089548451619,178.64278913344225,105.25292155757762,125.17542739656307,266.176120063004,98.12448999751243,97.91413026705096,201.006977203765,89.86597230394753,119.07193097202264,120.37310834454195
6,7,0.0,0.0,137.48305556269736,190.0016935765729,49.961192883108566,123.87286591350566,218.38064744184996,68.78692093765345,102.04377854528892,180.13323314091653,91.78375141077873,74.9758029880355,199.2040110596331,133.7764960443658,54.06223863370852,162.44795631110392,102.46418713303846,66.91099082413179,234.9857940487407,114.0129636693996,62.725536059266084,225.6893389017133,138.52000267988393,77.6562589664624,194.014025354784,117.14552383317181,104.33999320870328,159.4886305830668,67.62995810224228,74.72083208155216,114.37182015944626,44.9470662682074,79.98972378864845,201.76565440646112,117.14959396849784,129.04902704398185,153.88422517684734,70.3997461400472,96.73351758937824,148.5711956930235,74.27050698366659,84.86221366363829,193.01244742987942,136.29573801102006,75.12912278843231,193.40356914955098,124.19469725205974,96.62927268210836,199.82229312582356,114.46996120300876,138.3040226300253,149.23921034179105,32.386044083322915,36.24956346024414,210.00036253115962,177.90686903898612,42.21766731501142,235.3364473212192,182.44771047539126,102.91023695500434,198.66770166023096,120.76162943259028,104.44473094981666,173.4585326880077,100.12844297062358,106.60660355351771,210.54090167840195,87.24169838625782,96.3275908377782,193.675207980615,87.55345306742254,116.1602898771906,81.18927293038834
6,8,0.0,0.0,139.94128141337754,180.42528712095165,65.24317490938613,116.41594443692156,202.4162870411675,87.97676648858949,92.04481389029492,196.2880063861275,112.62886441270173,92.46616023631168,171.70531674606033,110.90993337395531,67.29444974437848,151.6244252787001,93.4930279900961,65.69120009243781,237.25550535253944,159.85887506434472,75.47717019151276,215.69199952232225,158.1175998931085,82.57509053450036,244.81180699571107,137.36432701201707,89.71452745406445,201.86006628220585,71.11715380017533,70.05450097362423,115.95603265783038,34.21512460629881,73.88773865893441,205.6907017621799,121.21815960626918,124.14276428407787,220.2716164396144,58.1538106105818,85.58028501836633,190.02939691420085,77.3989459327792,79.71947638133581,239.90739502429741,164.7949723743265,64.54168106710385,193.91654076290874,100.32310987788428,89.40895606685956,200.83515164810058,103.70523624390977,135.70476071710058,155.42955372270876,28.43057888388247,43.48211861561873,184.12709461277507,163.15453103438824,41.951800656448334,211.7873131814119,186.03606932820864,120.3321370531986,266.1429062262001,129.18035207887624,105.27252754009983,185.5824623503298,115.97163215644716,134.96279881965637,224.62626408994012,93.123447903249,96.04155854648324,190.36532960385662,115.42893547439509,140.14700190329214,103.62729508600677
6,9,0.0,0.0,112.67460207234127,177.05130389552568,52.482014468322234,115.19793274501798,224.11413574405753,89.44914081403844,81.96158136913598,180.01571841710197,104.75524159222924,85.57126690162973,177.6516405650801,139.9917426988965,60.00050040323654,139.52948269312245,82.36846607468091,74.72260877432298,253.0233822036284,137.47019998269838,49.4755360476671,213.777362244623,125.0331376467703,86.17552049946411,202.7115548048668,121.88922732489286,80.34519002445789,168.45199735846143,88.24767856619009,80.60943659089031,115.5608334890285,32.144930621289305,69.96074378388309,208.82077734098115,102.54122776697581,117.47618195065678,205.68014992204292,79.61987404103027,88.7315276317573,188.26911132001769,80.97315192164288,77.61061473766094,183.77390594649097,128.9461849052722,95.61959406126107,191.87643010976885,100.02786369419032,91.68845555180435,167.7614966957038,99.49762452659928,123.59106107511482,130.93384077659522,28.342937387347657,39.426060480804246,226.5724101115995,187.77067997258663,40.485113639175424,207.43458931370705,201.5993308905141,99.04821189088219,224.69278569719393,130.97874905227033,90.92914404060014,200.28251191670708,84.06563835035652,118.06497763250327,199.67406004064424,80.26370090647745,108.83848133342595,223.7070880320751,126.58302796061606,125.32220246222799,74.71748449116888
6,10,0.0,0.0,129.81650199595373,145.36074512106148,69.78031478310758,119.24133203369047,163.2052943678969,79.14648492556091,92.43804565242252,174.93959018814783,104.22741683655295,79.19374237396231,217.57879784399904,130.2917663532651,56.34108132666164,169.3475022771544,110.5096937068286,61.926593700326116,238.54173525820173,125.44541508740937,65.06479551808876,207.44054996789458,148.59232970397358,76.02112161584117,225.02139725584516,140.8880754829759,93.28562847544387,147.40702180593644,83.16569602483705,81.86980317122054,128.28842914730467,46.72132859310143,70.92043487585327,182.76778748321698,109.92336390766812,123.26191676886395,205.43061536110648,74.98383504935865,83.62969578911812,193.89762760499738,89.1791095876024,81.19161986166378,206.84099748191704,131.9188104025753,72.68237026567286,167.72484166283172,126.41320491265932,102.51843179999348,176.40832413258528,101.83639596473057,137.6365323868566,170.00290520651598,20.792749037266788,46.71072141879357,206.23273674602058,170.61839180634746,39.38440305916646,207.42256967920446,175.2476351728498,119.36391102550279,198.05116265990134,113.94219592989974,127.41703759046027,193.26473733118513,119.29472243121175,108.13120597399399,219.28768513777544,75.27219505230478,112.91295127606492,199.26098168953084,107.11174740923845,116.47852639573281,71.96523112595553
7,1,0.0,0.0,49.99158333308956,159.508782042522,139.16461089299858,62.88696924096273,146.43933775797356,57.21522649018289,99.56404420336898,126.1109025850425,35.94303732559738,43.71154569467131,147.5113909114733,64.43616693062556,81.40953431518078,181.0837731460231,60.38570379606689,81.25057191975576,83.97209687870146,-0.03494707464015967,49.66455189551899,93.83262396424814,63.28886731297308,105.99530874359164,155.1109714163187,68.67847147748425,107.89785376927868,150.0506123519433,33.83471227221659,48.49370739410975,128.641527986271,85.60934811273064,75.30237534825861,128.1568050870037,75.9041838752285,107.90679219475491,147.58481096499295,67.72228067002496,84.89486950930463,138.36541123439278,18.055214500553284,82.35958655188033,157.0185266808625,50.4290372937847,126.29045735470311,113.84474994830859,-7.927631695125839,106.23364262634092,104.36798915748895,12.655360674668337,76.80013964204738,129.86619354058962,37.58666534790371,77.05968797512972,204.61017526362667,67.221760267994,84.59791509851104,222.4090372510512,97.14243111995334,116.90784611906788,93.28894189551555,19.86254641899144,120.25232726901386,127.1892619532174,15.717336819283005,146.73366057668048,98.57306644220199,-13.090663624571976,120.35608929804002,132.04802374886498,21.87651633899071,67.86993487858047,118.95999505676689
7,2,0.0,0.0,63.16859354130664,122.7421777003534,89.81156901024315,51.55188419223671,128.67170957480278,102.65924054579804,117.33971740496233,137.20460709099802,30.784954431886497,62.62418562053249,133.0954065365727,87.7026056080599,93.09707913031944,135.11021687929556,66.67897025494477,84.69502541601409,88.19255635474103,2.1962509807561266,61.63822701411917,138.10496567049785,47.05949037877252,79.64193600598864,143.42114076120006,60.184267859397806,81.83542563827774,125.11163730110324,40.312212954085894,67.54692493225596,84.12100638251228,86.57258136096607,71.64985634335413,148.40053135819815,73.5134037546662,130.3249415506404,151.08478707725308,52.283880561132435,95.54580834007098,135.4412319840089,25.64124878872325,98.26912687882592,166.93052754921968,54.42908094344582,86.47021191093089,91.39229839278727,-18.153543985153,96.89208481736961,109.12279965467357,17.03588738064897,80.90636046756693,131.08843390314215,74.34205399798871,68.82769191108596,241.11466014115302,126.42839881694343,86.52475379973176,151.69855125611664,96.34932653218758,76.60357333098426,130.87533704733679,17.134190399062426,103.37782615792355,142.2927399472632,9.06674755133383,148.57460816236284,120.38897716309793,-13.019004324378031,95.72576884712709,126.81187129125067,23.718744017350428,124.155462675411,92.190291230671
7,3,0.0,0.0,55.236381471297655,178.38062299633265,123.10599158337374,63.71498193884425,153.82752320430689,80.17817837284208,85.91001748077446,95.65802031536504,33.94671506213764,52.2922539771681,144.57969152410038,110.32829332085892,67.53631507791931,151.0329694123137,59.348719458783535,93.96765218905783,72.53168627736325,-4.992816219145851,52.37314175543011,128.94297920077503,51.91707359166647,91.43684967420428,122.048195703857,66.02789960372182,108.74689943469023,140.20953730780033,39.67683236779749,50.03975972435736,128.82786833603888,51.71716859393419,62.289875931881014,163.24286385649648,58.840116803309556,109.76181916697723,205.9818218926476,46.51567494556092,81.2428081295911,127.06572874224607,25.279427360231033,98.69943554807591,150.98656926021303,72.32777165028457,106.77475142300507,86.06278135030058,-5.108203281641228,83.32735223469598,117.84209217382804,19.875567959933612,53.71341768073795,109.5882102243749,52.48391649488247,84.65796117149365,183.56837805365703,131.64297173825946,84.147133565839,138.57352427545553,113.49546458074427,100.5843096880619,129.1232394358792,30.586931978090142,101.51413475524294,102.84859940777551,16.776762980150934,141.70549251844443,135.66074921513228,-11.396165597415953,102.48183632926934,152.54161186663603,29.932691560948207,83.60186765395224,118.89396304739438
7,4,0.0,0.0,65.3993887279523,194.5884644360242,124.21102875116867,53.68685203767266,167.84852981582085,80.1244377834356,90.60609655651643,165.9117520302122,22.178742848210923,62.809699008312954,135.4722684007344,66.01158547575783,76.51171862184381,171.83770711767073,68.22313497551676,88.31970398132691,106.46038477981,-1.7630842137718519,62.38258542203117,93.55879390664461,42.186702184752335,91.11293726433996,177.60027101140994,72.41669278499057,108.41623986940405,158.1745132010609,31.565016009355006,54.58736983557842,108.76700440725693,74.5454470655709,70.50955656666868,154.4538297703786,67.045154089087,104.34632687352465,175.8664391876604,60.890726663733716,57.9662288012623,100.94901252374802,26.729530623699677,112.17758744862158,149.41460958220364,65.72274955469479,124.56144660584144,92.33583781429074,-8.400371819753019,90.04510359336706,141.26049145666795,20.256513330174563,61.085772817947515,159.1106926631048,76.68727379479562,61.274083835524884,193.55792805433668,131.91041573451477,83.48998338400305,188.65164458794249,78.16731242187741,94.13076880180793,118.96972796645493,18.454612866114864,145.46098834117993,121.80074536696497,17.13245900614024,137.46129185110362,116.31305994190609,-15.051616577641477,129.80231043527874,140.8718676629701,39.846825305326995,85.69995714295746,74.06668555328795
7,5,0.0,0.0,53.439818148162466,133.6910520564251,94.85220163604089,67.20530505891053,150.93123159966484,75.63598571988902,108.14846970059499,143.18630959378822,30.582546730245927,58.27383528778077,155.65907221380064,84.64478476269218,83.93767749878043,176.61265648223053,66.62885242695243,82.17058528453434,86.278937774721,-0.6954060073479744,69.34868052025922,139.42923265323876,47.96478437036936,95.35174298107614,149.23193911092787,77.62433641808991,100.55537622142757,121.09881071408958,39.94346448665001,46.6373657359653,125.56697164813973,71.45484932902738,68.12464432709021,148.940949850704,82.31157694260664,93.1088352518256,118.29683446125526,25.282531094323968,128.68776339390408,150.2044454397362,27.499976511235538,102.00834103020355,125.46072087054125,53.74464639186142,95.46871640259832,86.15468856583136,-5.314350762625547,103.82149338684786,89.43267133120239,20.09115119683642,64.48289832997861,141.3171097565368,53.56370462218548,75.92795653578342,153.16966141879254,99.25058053373178,83.81172177970178,194.3440825439312,102.26525359063461,92.38445762393272,103.48701427508256,25.267179989791757,106.90308005154614,127.57558643585058,19.67387797288025,189.0138895891593,123.85615895486775,-12.162550645752967,119.05314284686294,104.79623536033905,34.94876021065833,113.56467395160409,71.2321799559989
7,6,0.0,0.0,52.68840929674245,202.73279977392153,79.36568237737245,63.54887223623365,148.13695114684776,65.1788492705219,102.20537114826433,142.56308891174814,35.203925345446926,55.65963040699096,124.22757778353107,50.96472233431382,57.140783688546975,180.27535269232283,84.76978675060094,93.39451750404517,106.56150246501205,-0.34484963178542216,48.35581944238798,103.21602256136892,64.05465952608961,113.22626061607409,118.09880336871339,95.63354630767716,137.49717256697636,148.86068059796332,38.228750885817824,53.42413502054208,131.1683224796923,76.46218861343903,62.15288737764279,126.45463339455586,74.02465886065625,92.22407036908898,187.87956764259053,55.52982144321205,85.58430456202636,103.66853067522968,26.26617507737707,82.19938144915045,185.889709043197,103.65788859328646,62.62435181795748,95.43751145556499,-8.239052486340537,91.86719730987008,104.92091428315446,15.726792723168794,49.14719276943782,122.06724898856261,67.81574116017042,74.75113184123569,165.69067972470688,146.73337793088828,94.11545195411188,172.55938547603236,72.81449387888367,76.85056387225804,116.16213599123635,22.953635072828288,98.23224619570483,159.05125618036834,18.89817014474791,148.2416845995182,154.1842651815097,-11.040513395345055,77.65554712045969,145.12399183324814,24.793808197263743,104.31629100020183,91.45671402126497
7,7,0.0,0.0,48.86581394430308,134.38320274922094,89.5245608693157,70.4361420633231,93.29142515593968,108.83828850808493,85.5416889712339,148.77973402949533,15.348530864427811,57.27270239787885,130.76061087075558,69.0596026062814,81.97440130637692,192.33852840458417,65.6613249870244,80.02566949957576,101.17376344270984,1.263802963606734,37.11905393325634,128.72268440491663,65.72140709445475,75.68291224752883,169.77134726817943,59.96170746613607,95.55008399449045,101.89134708420164,32.35507877452905,65.25954006196746,119.28114594846815,71.26468369935667,66.13368406875794,129.10338699394674,77.68581202019676,85.5007279519979,141.8024911388361,45.28449558681845,126.41409292832537,121.79909535904068,29.732790058082973,67.98493014975755,172.77525495986424,50.432586691218084,86.63502097662376,79.16385926959417,-9.905460879633313,74.2597580969545,81.86557204012296,15.523204094157613,65.94362492308365,105.45499956086283,73.03269498718646,79.58769955216768,226.67490869164362,65.40109493156515,75.36652720850468,133.79311434644748,118.22363803393299,89.83757338538047,135.88763566586354,32.67698468815443,93.47041739210363,115.25728367947676,25.368871122625333,127.28856949066825,98.12463378074455,-13.423832931942753,82.84591181249957,133.386301898393,27.903678272651266,133.1024785338781,89.30995586323601
7,8,0.0,0.0,40.28019538014503,184.40294805318908,128.72448825937613,61.75398323910969,137.11151913771357,72.55255418600942,116.58189783190838,111.17697249638258,29.942019910881616,43.38075222525703,127.69769992995036,64.60157657256316,96.78325325549373,138.30668982037625,61.50889608908966,86.06331253703286,90.9336724242293,3.5276714147181427,60.615139854687946,117.15643296064306,72.80980403811097,111.05113280467491,148.32749269370905,61.58562159153252,99.21158063734111,97.98724566608125,29.259548975972358,38.06457521529472,110.54035017877537,84.73722778756566,71.62589039517418,160.44155146140366,58.12839232207719,116.41724234294249,187.5586248525622,53.06509646773408,90.7369827697762,127.9735714779198,21.711465061891577,94.23150345430314,150.38582524000705,49.164579679060665,100.9126233309848,96.69986800444579,-17.634249529945293,102.1535508758084,106.23600257719254,14.951307007496304,62.3417452715825,147.79415402982022,61.52945195394484,82.87933551386966,204.20617788177313,119.04590313942005,91.58996070790144,186.26940928549678,77.07949436717948,102.74720151102139,132.47172697256892,28.001766766043882,119.95149064145215,130.31082749056483,11.278678173702016,124.051948114201,129.67104921819828,-9.098617151979228,108.88214493699833,137.3745806027381,26.668365458201144,120.80174506982998,91.85193208883973
7,9,0.0,0.0,54.127947932268626,191.40656740006852,134.6540243500484,76.18448484576888,101.0356500302282,80.49317116236364,108.0941126690152,124.16659725416247,43.54773614802249,38.0526529506126,127.30940733679637,94.96926657998102,91.26015098768866,145.5836067257811,59.963047663348746,86.95765894436754,92.24165870526069,-0.46100196730145626,58.34320415924669,104.92418955814502,52.227052168059544,94.29067383513369,136.1769460068241,69.9109643442181,84.87475838628147,178.19174214716145,26.58031236932159,46.82922196876538,144.71353181049452,82.18350979654889,62.59120248101595,147.26125861375817,63.68561512567998,112.11449396037,128.3941745068807,71.71079593057758,107.06094617226542,124.5864388680882,22.95011069689533,101.43165450562907,172.5166099135299,45.39235658141813,100.21045160373619,72.77282143014102,-17.82494603850456,78.04922241011162,100.57406761836607,6.4040894839478835,71.1447957994825,120.86265460879568,93.92200546245166,71.48511371765241,208.6842372925038,99.86879697489996,89.2842289567626,168.67244030887446,67.33862242173363,92.39503369773975,151.85557758913956,27.907440992255985,125.95572113264727,117.55151443995916,20.481767004940764,155.81951311132303,158.84583585452185,-9.757380057693588,104.3684321717156,122.04260308926887,29.158894011420106,116.78689096671906,100.03692486927619
7,10,0.0,0.0,50.722965807919685,192.92937457822802,84.07410813044156,55.55086235357864,136.91642627606373,74.9580903693494,100.21331057031034,106.26116163489502,36.06921722386287,57.048778183884586,130.12687361981892,84.69226832698723,79.97581031240902,157.5497403821157,40.79820937004854,100.18740981901685,92.87680393626616,2.1386866034868333,71.82870907465593,144.48127742704375,49.7615532916474,111.83116313796125,141.37892812468533,65.46711467974052,109.37464187780876,117.28826037051094,31.87868089725971,53.93880348987753,107.22485762319397,58.762640855812904,76.87507705747214,167.56267233850045,99.78874183264034,104.52749767211156,154.78277808012916,48.90377813324639,95.97966634037303,96.45434682314419,18.406131175402972,77.58620811249064,184.69327689446447,86.25213410403842,113.94898339925895,85.87818646577807,-13.208179079128932,93.38423643594865,75.19801891330667,18.956848573972852,68.15563021357237,102.98505501933568,72.2601193987802,58.63507461954431,177.1485229557368,111.89170010922419,75.09730614842236,181.14772892630629,56.37094802162375,104.11762794342755,112.66929246582278,32.00379343487431,92.14737525122207,116.84775274425579,20.819443051035677,171.47206886088958,114.66241007479586,-11.109077480884514,84.9240675291793,170.67983786687768,47.23720998889454,107.2216664484409,100.95160319239656
8,1,0.0,0.0,159.9267350162163,200.47382031245573,46.400287896387546,104.12620037551446,160.60654231439017,63.0399405112031,106.6397399421336,180.10594575199502,104.86755740623431,109.78708100823218,184.76316471437602,28.954794025755934,66.50533025706883,228.56302636129243,141.71264785126476,65.64370479486624,153.75647866952286,85.84781087429965,153.51375210178128,152.2805907407804,71.17954117130192,119.00031712857273,165.16868533029492,33.11039303063721,75.97655297692445,137.96692040534487,40.992188801066035,94.12209671855663,196.14474919163501,111.59119304643436,62.75449014020538,185.28505079595956,124.80183513456045,84.40007088327744,166.6242545455448,70.99585111311674,60.16000985590459,190.56206298854687,101.46507839973106,100.1031306429116,151.320828860857,65.86259311947036,107.10046388077838,191.05966008826476,69.53931963593196,58.020633736121674,251.63904058425086,156.0172030999192,116.97005790951314,192.73052498264164,63.535938329390106,108.99238683463685,209.10859589977946,68.54779619546633,75.27459148606334,176.4848053188032,87.59419704530978,47.75091433735047,112.95946076541927,112.45303896674817,101.04923265568574,125.93955544920331,55.24550083911061,118.4995966075537,154.11838322855948,40.92142221726417,97.85007471043117,161.250819617886,100.09536098791526,96.18333777838184,59.20274975279037
8,2,0.0,0.0,96.788696619816,153.636522612481,47.43003368273208,92.73070086849174,196.17993652141786,85.08939090819062,82.80161419030016,145.6480063896006,70.12084177996381,117.30029486129807,149.0125761899355,49.52397771268603,58.18425954833641,156.51574314348304,106.09340686687814,55.73512039676149,190.90103866319816,85.80658088455961,133.02226439364833,211.5212713711353,55.6708432088896,120.29451595949533,232.39803887984613,31.738644256674878,52.59629193080939,154.12699278419,90.03051146688958,62.511455062115346,127.16207383030675,100.52676965521664,79.58764984085676,165.95213774685317,108.33947814177716,84.73237235646918,199.05468255055558,56.68131817633884,56.173648307859104,167.5685591216072,104.02500012178454,72.46291727360364,195.7143971410496,43.982175633945715,83.00335994173713,162.1319737997918,77.6172542089039,60.412827914569064,185.80412066802722,120.621034833848,129.78212936426448,209.28221975712242,43.88442384622542,120.5768062477181,192.9103714122511,85.49411387355019,88.45325174761038,172.804721005492,113.81235238582224,49.34405209610289,173.00762465583892,147.8704366116815,101.44959266734617,151.2477506606881,40.75018819970462,94.0117662242817,193.0921957191503,46.268335162821366,82.89463844349675,158.90750596173967,109.63689626037609,82.24241774485111,92.71960031929366
8,3,0.0,0.0,121.21678175203175,174.75339377548133,58.68350648986787,96.24904532528869,165.398618363995,64.0689321139656,90.61879688706267,189.70999006280448,66.54354909024737,75.0669500383672,138.8821403843007,60.31868789901369,51.93287524576929,173.84053408127687,103.88131803221603,77.24896279881746,150.61884117291703,71.91967224920013,137.8296059087712,225.50425348620894,96.13571382345197,184.37964762294393,199.70642448691294,41.37423801302409,67.02106309347874,119.47473976050237,73.08487555383742,108.4622374786419,192.70146372103918,125.71314254733504,107.81523563356836,185.1144873002538,107.93203245271587,70.86236996383226,131.44261615539995,61.213353123957035,75.00940200756523,151.7225836266321,88.75160867551743,122.83277519157068,149.51844708520755,56.73782054954889,88.97359251082332,231.34787792223403,57.55772415340803,60.21581794993255,275.9990722541545,146.21367180508602,165.09163911021403,191.96574724869734,65.54600498806859,107.70945334160552,195.97480008099686,74.898347090992,79.5117275770424,147.45492651942763,94.14481097834478,53.49555292597125,139.03441129242333,141.09599420226962,94.93733172156658,168.27893513415023,25.604648924591757,133.07291258021647,121.22855043747414,39.02129665849345,74.62039071224171,158.65358980980696,72.96246061898229,93.76308849973577,114.55935064873377
8,4,0.0,0.0,95.07781566358994,165.38651717829816,50.18802207124346,106.33151854414396,194.24337406410888,66.74156939605759,87.38376037869828,180.22027399763326,73.51612699687388,120.60046939414049,155.6788045784089,51.94639772545212,32.502249814390616,223.1877287362882,133.11357809916097,58.578429386245475,151.8187729575296,76.36997277933644,114.04455970845342,250.51462863727286,90.19305504329584,109.70750168868436,231.09242053053953,34.62746666809416,83.6777322525426,143.69970824055076,77.31811814931902,100.42005740975537,202.1844398618383,94.37252967730826,101.02360893921143,222.64424915747006,87.85783491823031,76.2325845910672,113.14060000406974,54.681846534371246,77.40571413589245,170.20437303107053,93.31616089833187,113.04501909157969,133.47379245651146,91.23179064776319,103.17501912018953,194.14892763739502,60.095896891697635,52.41622064362609,226.58482675143642,152.48055104363064,105.12846190960511,202.94293329648002,59.91559293645798,134.1611965398814,157.8882467969488,95.51261096930033,77.23542725863275,148.32217192522475,101.59085192480165,30.263368858832507,179.72401815839027,111.78746225927375,101.26034355527675,121.24834211693184,50.55562451084042,104.14808246029193,154.233981530332,64.30509415748773,63.05856295278811,177.46548217561417,112.29274541916992,64.18587978384416,115.2481876693758
8,5,0.0,0.0,92.06300047573633,174.32557188816043,38.194169144392895,111.5418036424619,196.38143275010577,83.63840351997862,69.60560962579315,129.67909202059204,93.27197769159352,115.2797428298507,175.32238048257682,38.11560810112831,48.62607258963362,217.364486107188,121.44337995597314,74.00360185433244,138.79181731365367,93.89603695813386,136.47372174976994,152.79122066627784,59.18254885745132,161.24235586109566,190.07640435618652,38.92267682905782,58.18669108191579,152.84523088462151,78.20724704815211,96.89503346014472,211.85876206329056,98.15256886151684,92.28494897566137,187.79744376614718,84.67396854708878,83.77235116275577,191.2124198903279,72.2585367588993,63.07678060011351,118.01793910479316,107.21978014118153,132.13326739478075,139.0792484151077,39.49369136674077,103.21313078864169,197.07322987890728,48.8913793526608,46.456916840046,222.38710392952518,171.75501839721053,73.83548177143877,217.78658015009518,32.2360443674316,109.37840090026269,226.22303560405325,71.48991493829382,85.95779471253698,179.05599752667118,95.6103733902251,39.56713421938294,136.5920180615098,113.40119793991761,112.97659970308841,148.00660086619035,32.94696824790514,85.43084937210104,174.29623787184883,44.21364740852394,66.39859135369946,227.86142147665592,104.22661170758631,103.54270875025978,108.27243773906989
8,6,0.0,0.0,123.03972572547387,182.13518478725376,48.16675887770511,130.50428926921364,149.0370314658109,78.8635412737343,95.48198748020798,208.89665875797925,94.14084023825782,113.64185912358084,128.61509923043192,50.85770536507619,45.92431128205062,140.14998138906398,97.07495097935002,66.593504370612,137.1782046502824,84.18669305769849,123.6367011965258,187.29350209871853,82.74634136450466,159.96903563697404,189.09035707389228,40.15719151336532,71.3436466522817,150.85875177664798,86.04580955975331,79.93683462324888,200.00481921444012,107.52621739001931,77.81919194108161,169.12151504922963,122.82953319035143,91.36930697897964,167.90857870680088,42.62498945474414,52.878209894428345,146.85959376391614,81.47570012427894,115.22773812977633,130.19204748064516,53.00162167469722,119.16718409405698,156.9289789195383,61.72478204858461,42.6112799343891,224.40755693407533,115.69342719415913,134.15972341967756,196.81499831527947,45.5287370881662,113.16634136262267,185.72539471058795,78.6539388695365,69.83190160788307,146.50036337199268,90.25880962582386,39.707691330794056,144.82059381880993,134.24834424612746,93.38161417918377,142.803252676282,51.70833525670838,110.07556076066946,181.83161309331115,49.91231642493711,96.08976966389763,186.1794942569269,104.14920546291917,92.43755093720263,99.80736904482396
8,7,0.0,0.0,132.3832419880119,192.77538660510893,51.2679335794482,120.65387397466216,166.9920061667787,49.23168560143506,81.9595802108518,161.080948821178,83.64553130864046,97.15475403516055,169.1472283149776,37.82695504329163,51.817493130475754,203.72322473383886,146.26944736290778,76.89409362219342,86.0142434387638,79.3700886416002,92.4855510757836,203.0780043569583,36.15096182757049,145.88060992145284,144.52141934751415,42.62209407699686,70.47545346275075,133.21998046982196,80.15983982741089,77.27492986756542,140.66295879603234,89.04298875326094,84.76466863914443,219.1850862956822,113.62984147006992,96.27953273681362,165.23484826365663,63.58738451187591,76.7966342894592,172.4186709076036,116.37716601507891,89.65998522620617,131.8220633660225,59.17228378653646,109.2165268331164,158.6100966143439,54.61943960671003,61.58596905521451,166.528440606096,175.4164983451492,120.12437499438008,156.78138451717254,54.60377921539401,89.73367274949331,211.88736669061342,77.3433788600387,83.17106879881791,162.6168944455752,89.39347696079639,27.985960550143353,160.32262341965927,131.71682065375217,112.72062828187318,118.01392268739006,49.47573603115816,108.52608162796663,152.81506362086247,50.526371141784736,59.19172001305574,156.09366856679515,119.63144642147168,89.10948111161352,70.26520811757246
8,8,0.0,0.0,147.60970967108875,135.52007772221486,52.30380523690453,89.61736229001595,195.90419472969353,56.541710317962504,85.86800102081615,230.5707173316888,73.44497262739478,114.86001263224537,120.05862405004873,41.755249726398084,54.40166481336022,198.92057329878108,112.53477120550082,56.64249501066019,147.6666115178145,87.41564338181131,110.38996963216479,233.73904194880126,78.19013382728444,128.04972001766743,236.7363169779286,40.35327615164358,83.17481388952511,163.97565333128048,66.81742104319041,90.15604709763141,238.3269483240342,114.87587568755161,96.78105698305966,210.1123535100692,124.47269471286414,86.96332882638139,138.85976445433118,63.54870639448763,51.85991306911764,182.5556394743029,80.71907673766339,108.93527162581283,181.99554695590854,65.19584068510376,113.40058223046839,127.82156248843815,76.77507230510456,44.18956093089563,200.33600669382082,135.02378565474703,101.88841408524715,195.8615182815894,42.03664740101813,106.9290988943209,223.8410201373761,80.08919079308934,61.19641409721295,158.3258071148065,96.89857508694507,37.495012667862085,177.75221821974898,138.45115567737014,111.14013646722339,144.7560046115273,46.806674943631535,106.08043847719568,180.9798092528323,54.198679155249295,86.90532678632903,163.15085822782598,114.86341194498908,67.42773022863125,111.87738214931878
8,9,0.0,0.0,112.20278544900734,165.10507996029338,54.796642581151396,120.45272520866065,196.11082167343278,63.16607280273053,103.22045424786438,189.59786757726883,108.262819284318,155.80573121355286,144.8801636879537,34.089694257692585,48.40482301245413,135.16815260773464,116.89136550824237,77.81006360778552,182.59151577512566,104.67819646488081,114.46659833601417,164.12500092482807,91.94581916989469,131.34140329337686,174.16595159050877,38.36346090128461,83.9863434556394,120.47112884833331,98.57447113052186,94.42057648798162,230.54355589109315,100.36031405852825,101.20778655652427,191.5365406901723,73.41129207366407,102.26309586926632,165.1876704082947,45.57594206276859,59.65053202417429,165.15600483363363,60.74080610304255,140.35402867758293,85.34682187557374,53.33120363380819,92.42805924861368,190.78867269423952,67.24379348035299,45.55700759973203,185.83583260293213,195.33346758968742,137.64675340792687,131.21379562828943,74.60534946736419,119.51887230732177,177.88290295183614,82.35574812631873,65.03314655798172,183.5964448326847,97.99665144627946,43.94477802296116,168.75965701763167,105.28101520026283,99.58059427453328,107.02732438594307,39.32698087252932,107.80014598176818,135.07776488893214,57.75252082120969,92.50192002775752,109.33495316413712,105.31999310122451,85.11087150839643,99.28892892833329
8,10,0.0,0.0,129.17825451711653,186.7220123099967,43.57785763232153,115.57839555533778,172.03003933362717,48.44698011781082,93.0465409027078,216.02248460157574,85.50707221628153,116.6241009973946,133.5626905946166,41.79515535404034,49.04840899968062,179.19212160232829,138.10691068623208,68.32222269342346,171.09923856626787,102.63148893214205,117.60010035935116,216.45644209273775,68.63725170745835,145.32586008151728,210.92078997024504,37.121542010647886,83.08376358314445,188.9572509775001,58.225242139264836,110.25846743995548,176.04318920497457,104.2582267505317,86.43521655451912,189.34849992782733,137.33950367938246,89.77936503843463,182.83554694997662,61.28746825528447,72.66786700191676,199.93294032965673,101.27296507772556,125.42485727752918,180.23837731513643,61.49868542182522,100.66150571885608,157.4393296471383,71.64374903153713,44.35838628389042,220.9342878961952,134.71667419776307,143.18363987570444,210.2189583876289,59.336808244225885,97.66805392984975,172.99222771781152,58.65482052277625,78.45970165593833,112.72374670665005,104.73302659171031,32.006716567678204,192.83190231879155,151.348144955345,103.83578915826864,141.0241118984129,57.42060617798847,84.87753889251022,125.87070715400665,57.782396115339466,92.92654038132513,185.2355209968126,122.6021101142966,77.3768872077107,97.65337619852728
9,1,0.0,0.0,94.64861385516413,252.9342832404696,135.98582952082305,110.39160059831212,245.19536506394326,122.81312107046841,95.12522128420721,317.32647242129246,187.42808988109215,106.30773295929885,208.3464728398592,96.51070718585135,135.81713688333093,279.53407238727016,161.65521253339134,134.57789896536767,199.16655510332174,149.34894125866603,79.87011400222823,367.7168323858962,249.42192290335583,105.07013703570996,339.5463506592583,242.90893542501942,101.61147698724612,277.80205578894476,158.74587963268263,90.07283141174995,239.2277687944927,88.58211797858985,101.52214058123711,214.78825528392576,177.29221607768676,45.14033165935806,309.1979790880051,218.5938117227035,155.84487382310343,252.23956020411282,121.4224997393456,69.82014293867856,210.25337180596284,191.4097000429411,36.553679404128786,301.11959434412483,121.45638812486013,78.69695861069766,198.8951535576196,129.53628720884487,47.785567579553145,263.51309637809044,197.85412350336614,76.7685531165958,234.3481843874012,133.11210161915812,83.8771269010768,258.5762091330158,174.90237084433173,89.70411342421917,317.65674018200383,167.22044298635944,57.99431229806444,247.75179891279012,216.82881811678666,122.54849884022316,303.26296652220327,168.29735789157914,116.43755609148293,235.5487894497821,67.45774990023409,91.41729849243804,101.25516404237777
9,2,0.0,0.0,98.67548297318358,265.14856405583726,149.8377653288877,97.22217452463532,257.27464686195157,163.86872399128325,145.3192344814686,201.09760971554203,163.36617449330635,78.80441591954224,212.68799478637195,101.49415199584607,120.7785306741202,295.2053721709535,112.46219299825061,124.21493927977288,299.20230489430196,162.17967182843046,83.74090563024194,354.45711342294186,263.168370180399,68.97284478750387,263.9379763187608,151.181626250776,110.98749772260474,246.74182271624608,174.72530839816233,104.74010242735584,229.48607689143626,82.38088709606811,94.03787167545495,320.8727436605532,238.3209490118867,64.25664640895157,258.6721768172176,254.29560647697406,115.24912698502072,302.9192851487918,127.77863493728377,95.30470347342909,266.419635358784,217.5644101144027,54.511739443263096,226.68046573016977,200.27521445725682,107.54023617303659,201.44532093310826,142.66841281878283,59.51880476198451,339.6527680911319,192.20174486601329,75.05795188288145,345.39267386208985,176.40984730763103,94.45546469304648,309.63959383598666,212.88767540600182,78.82496791350101,293.2346381845166,196.52185694851678,47.1917381985719,288.6947903835696,193.9543877926296,94.44257960729551,364.76164975756865,215.89817082993716,113.90149298598311,226.21516858880076,114.64066675762675,63.44300007023052,121.74041859628716
9,3,0.0,0.0,77.41774208940156,270.45382703430704,149.5638864528512,86.76973651694917,234.64284201483102,179.74328082159786,117.43570440808928,272.633695877302,274.358978452715,79.24043924038651,187.7983836022405,105.68784030950947,151.36989468602286,245.364284917499,160.31985683721905,78.65947038135488,248.88757398910423,157.71816518715812,85.04859875439446,334.326626724022,240.128135558616,102.30495509869868,311.25625704038714,237.76666733624887,120.37526460296608,234.5705022926043,171.955701667589,88.66592803978345,241.7422674562771,95.18691052830042,103.8418268583127,312.3767801931013,349.691429609271,54.55247689483165,236.2296340971819,244.29558612172386,131.89059437804968,260.80921301346854,95.82291514959853,97.83486706949418,340.53893390527,120.11307035214185,45.336770964001786,162.67414973481507,149.62488881180937,71.12127266454003,228.41498960397283,101.0848560123965,68.39150155932852,262.5383871712665,267.78651745438856,93.16876878445821,265.5185608731686,191.17280303551232,79.94727010998204,330.52485904264756,279.5807937487128,108.74770599724832,278.9944712819338,223.2792244811973,63.9704360139158,246.366494226492,150.36991983422183,129.79925115536759,287.8794888520269,105.46947987147139,129.40395805942018,192.0898327373189,107.90777986124611,69.09478272480142,110.42832849484617
9,4,0.0,0.0,101.524811389581,271.3264818589795,145.66182054084973,113.45540077178943,236.1237066317316,148.00821091904146,60.887428155000656,282.96641417187595,180.0440588494044,73.33491278756475,245.8275810274747,132.48632259395765,126.09112647208946,222.48150282018196,107.72809007149338,107.92544250164869,320.7910293312903,184.2013841523396,85.77467696627085,372.27931491769647,237.02458696496427,69.05140226625147,334.1287176681681,244.56525480996788,126.33315214000272,249.74086927209035,156.39800466185739,96.02738531724573,307.2905313953754,127.95650262097638,77.11756239436447,365.2730805442512,224.5243098895403,73.93696003570108,308.5854522557124,260.24127518678574,133.753762776185,230.64078164440562,120.84757033744556,95.74889656840661,323.8141478326918,236.4893006984476,33.54636747795979,199.10962746582513,116.19334994294404,99.13823467294745,241.63097626566636,127.74228427760642,63.90308747463608,277.41944224476623,222.19566022242824,74.9767591124648,275.3558169689168,253.3552687897398,73.37374001546893,279.771687157056,182.28805971047385,77.56783096563022,302.84929393742163,182.63879770439084,86.96635590947444,293.78008397811874,167.3489259761139,113.4788368869275,309.8940985167126,193.32125465791069,123.6258951165995,260.505901973985,135.97728392851397,65.12722302397843,102.25818271651492
9,5,0.0,0.0,97.59033668913514,271.39413912730737,173.42368052247846,126.13545014985847,285.77173825159855,172.71682093646248,90.36926109931701,348.7124357856954,276.19590058891833,91.47145476692643,164.71704089119103,112.49500489338651,134.11147256863708,213.59383094941992,121.90595777433991,116.67570031874074,278.47832441397196,160.9955889657254,72.54866728655357,310.1399417878133,320.88433951765103,78.19229376500704,292.0109785694337,171.06371416872227,85.12899490371547,190.68516318575692,162.9253546016092,81.52527059226185,266.9049405188265,127.96292872360931,98.43206779225783,283.06775823488323,295.00487788126793,65.1798694062725,268.29770948895475,300.1832519631882,105.53190286201517,185.95267004283463,118.42247672520875,116.04934626624625,326.7720697156271,207.35661838347232,43.610952861343506,177.04973713078385,128.1258256345762,68.06526611366185,197.15517435705328,116.25182502220304,75.23525058729608,272.0843436928729,192.72105306137252,96.32526786221966,252.01290214592336,168.5502049655967,67.17450851091722,273.8456774079812,225.62357193407541,70.41374683468624,271.6461996973265,185.0188313903443,65.14577013437153,289.802686321904,265.16641702079454,110.53448958332903,327.2622383294913,192.95255184144065,121.46196091887211,231.40393220451244,136.07228902007293,68.20742198872686,98.33622549119045
9,6,0.0,0.0,81.41817203902387,199.1171779555816,157.64938002805926,92.21126798385225,178.21679136882506,158.74325087763015,131.14285121660183,202.60950091958398,186.09192576191285,124.9978094576596,260.7535937186656,118.81088265396244,101.72793699600024,160.53184890993134,117.73400158246933,122.52474893168895,246.54243958694528,191.8924815855672,84.81698234674516,184.16650099075682,228.89501788778506,90.17551819129083,234.14444278592623,266.2517430459466,99.70549455322129,291.41438652440473,123.43241638720119,55.88489462238196,213.23977825809845,118.86691232193382,93.47370156074783,294.404164336878,234.47463807199327,71.67690006771898,181.75744165909566,312.2220333841676,123.7213154784673,212.12827488531593,82.90949511716283,96.69421906114681,134.4810094517038,205.1060678097248,41.36916174116498,217.67610759182205,179.73891177781334,118.86875106318108,167.49823102444836,87.55550502510843,67.32685987591357,307.3851310513811,284.4552623900247,95.61668624884018,386.75331142667613,194.43839110416218,105.28536283805984,317.6360547827244,260.71154638666656,94.98649481853701,318.3182340840564,161.71352237679602,83.90468385934858,299.0967742206919,208.37401417909325,120.36751267311695,271.71322848244733,145.14809255842752,133.45798190267467,274.07398677388176,127.41079989147696,85.00051351883809,85.0994446944281
9,7,0.0,0.0,122.12113802130466,253.46786060565867,159.8876037641527,118.99962250056934,267.00707181544357,154.2519117267931,99.07477137262165,309.3729396831321,239.0930950160423,91.29232092318512,243.2204276922103,150.6681913920583,119.30816339021665,315.89266400844974,112.28801028268096,111.84189675933203,299.57932838368305,179.5011453595531,96.5414044019656,296.78146774467325,250.96344651922934,110.69343629421897,331.1196620367318,155.20699570444768,110.88106028209485,264.93358001593066,144.50694691389958,89.84774160056779,199.91531407952752,96.39690945741032,87.192538492497,310.12855289355275,239.42460410271198,54.57625593943463,196.11618407277325,197.30813777197605,83.71163098798907,270.1333565855535,107.04135579815073,88.96368008161303,237.464480618055,169.8092959093402,39.23479003088327,205.87644779558912,182.4478159611695,79.07890738510542,235.13377437890455,148.90928098002288,45.42106282528009,368.42833948487674,255.11069809560476,110.01955805191548,230.8984992286585,185.62632880519268,73.5368345283011,376.6147022513377,219.6510753160708,94.39055443621466,290.49715959744697,178.91386465375092,90.72999551200702,267.3975755716569,320.2529330510634,94.58435664147243,285.0095948816951,232.81913482279447,115.42748974422572,200.98685066231647,111.01829647730221,70.64007520658393,84.93050831872777
9,8,0.0,0.0,112.28007021946713,285.83847436411537,148.9764253470633,90.46624367639323,187.5977954753117,168.2293640370356,90.6226226558456,381.9529543747022,232.7051858975554,98.7263974974064,165.10016101915238,86.44368666637273,116.75859687166658,282.34429615977797,149.52720508906728,90.12397959482298,275.54767380277434,188.41706435081886,77.7455629656261,310.3291722624375,260.06869831442344,98.84794638043388,329.1745019035033,252.8177660388681,101.88577510949906,187.5299487318401,154.1642855872606,78.42001753896999,259.7714601074973,132.81496536055516,95.535764017221,332.980835201262,147.94807903488822,59.03301800820491,304.8850865059062,267.2659933799007,101.3948518062481,204.21986268698856,119.54324814525287,108.8795421188756,277.5434180434032,145.77605232436147,48.11691718915968,228.18841626772289,183.4658300171917,66.10047198077447,270.1319951763944,94.90675168532076,66.09715310208028,324.7778032257068,261.9642260456267,110.96865204231892,343.6688894141306,209.22990351438406,84.94504062305231,309.40928531861925,193.40178970416142,87.67330461796494,193.5743371962023,166.20240683190028,88.76752319352694,306.3446386721509,184.2291327051742,89.14280337397653,283.3926985902975,162.20307545615097,93.44322223417385,290.700708731488,97.3520793965289,75.92304108443187,78.84993563693072
9,9,0.0,0.0,106.70760596459701,298.80778488488806,137.53276906226094,88.69528059708543,298.01237256940914,180.5877831264163,86.49286364253139,314.3658013079264,219.77802096226193,96.24410639729706,319.8756846613657,107.47979863647402,105.57094972814737,141.43220387655634,70.9687356583679,116.23835762096249,247.08144230198633,140.42552219068858,92.59205233925044,410.77941381348074,218.34079168379796,100.04337312698703,361.0507447112933,239.30108237538602,101.15751864929571,214.0497864614176,94.20793608894502,81.05358647967466,205.9947461368583,125.55677882734217,94.24447129270393,312.0819443394625,201.5580467037252,54.71509956466602,332.26836026451076,219.7946215812994,134.83902295782764,277.1783453009427,123.82292515580411,100.5952834760199,228.36036187029038,126.59823259281097,34.14450065259141,216.28212651979484,151.2177503796989,78.63360044933349,175.6125485377347,163.32584307561962,62.286884259132115,301.0400360378252,228.97241168049496,71.9792451877392,325.8686419056264,194.04230981548693,72.90178550508124,296.2979903114,191.70415457163227,66.81045255827577,285.4460224195431,201.99710111629176,94.82170627936897,367.59049203053985,194.7588630928548,124.96096996380872,249.78932745472238,168.12586764815765,137.8269868471771,234.76644785213082,122.28557263841004,73.4419631450377,92.80571600485506
9,10,0.0,0.0,123.61145738955662,292.5162603379129,139.04427624225295,96.82179888774576,188.26025894816783,118.2841038875772,115.46988199568972,281.8519143090635,192.9739833247232,86.89932332361772,289.3150895905644,63.935181650501406,120.39129490222467,164.84429798771833,119.15836532194793,126.15215973258725,261.79889025059344,169.9814464844311,75.23288745347303,339.23137080996526,267.02442504159546,101.44198245847457,214.4555527684431,295.439281738789,87.41046655244529,313.4652233325756,109.59705777174875,102.3459539095392,243.2846381998889,129.11524117711713,77.70326196874596,277.7717500599683,199.02350680678182,73.02073233722653,219.42239379802731,263.01259776858217,137.6264739291612,182.76957251499212,91.18118878135911,87.87237562931577,263.04987600782124,144.9754210838616,30.542331371077793,231.55252755516238,171.5906424593889,86.39899411784594,244.219548730784,108.48566194410344,54.436773907528774,305.1745611212438,127.646073815943,120.46685833865666,206.6021891149532,213.79469738481808,83.78368511800952,259.52928621340357,211.94063577979654,78.72503505608152,236.3181733119938,182.71813558224704,77.42715262772215,203.3494693678304,208.5271714845935,107.67607911320661,225.52279102867968,193.75550952288475,94.44147720731345,273.2619116065044,172.82289618876837,74.19365412538102,89.28601687652561
10,1,0.0,0.0,144.80645408376427,166.8186263009504,6.4951039866209825,116.57962221055313,190.91856843134133,78.16712222097374,115.00765301619569,142.54589657448352,37.1570072610026,145.89688843368452,142.37757182714887,21.652331986640604,93.455631252601,148.38152345745013,76.77953877417826,97.57538483075086,135.18569104872174,46.98089790549809,49.11297575425302,134.4735609943037,83.19339382649989,97.34085841281899,166.0675273315132,59.320640576878,55.53683602920606,189.5916168276218,94.63266281043188,111.53438480634769,208.34058253554477,104.30692102811898,115.77996361231524,175.62304157686648,53.746387952917715,70.10929969245173,132.70110858101233,76.65570841830503,105.87486974493494,171.00221212813474,81.0661884625252,118.55680736024881,192.22817585489747,103.31519308298029,98.65554802937497,185.48536037479874,63.37875986551536,97.65271196381335,173.14343894972237,71.0681402444769,43.5052828452098,124.95450767491317,103.07487284890884,76.80044672792248,175.7978718242793,100.5696709318952,94.06248305897176,188.17210999905922,84.36760120768514,94.53537961837726,146.90120070423407,49.887181546536574,113.16678415313632,197.46623152266002,67.63274891406252,86.4108243340821,147.88805249047178,70.93989653164576,77.05539656202413,159.6213157206562,102.59428865894681,120.55832485556921,68.66303020589534
10,2,0.0,0.0,150.47889348524507,179.0715470516511,12.631245600395943,106.61468902004535,206.7784080671986,72.47308405779776,102.90828609323466,127.90372527098182,34.48564745395445,120.55279350919236,137.41491598246492,10.832182555756821,88.8075033924187,150.98904681810163,83.3554726753444,107.39904441727415,169.7869122347894,57.57365998639341,51.10380151231996,108.4693003490505,92.08399747801657,107.03870128963557,168.22750826616036,63.35907063120773,76.63584958614445,189.97638514874185,105.20545214055551,105.20080473053791,197.5634619207299,80.72880574549238,129.3639219693164,195.87380751769237,59.59938659019709,68.41893124410294,161.56226813205288,49.63583898081639,129.45154643572323,173.29342083793392,81.60728113072126,113.85467294007806,249.74588758072025,102.7898991349117,103.61338655635558,207.8444155661145,86.36642933270377,91.95153457802613,200.4769579854177,77.54971429719747,42.51251688822534,169.71017682766032,110.12593940211258,79.79570887116309,159.2429230263041,91.29860604063037,118.1591554414795,184.16505440322933,75.10611134470767,90.1210432713361,132.28295676255266,45.32648305013048,92.79892409097673,157.75973885151947,66.14042936381205,78.41528816152797,134.68081698624633,79.35977585531495,67.21409871418723,170.88975163009255,94.90186670212162,129.8865512115826,108.67522360725282
10,3,0.0,0.0,160.44501171990353,177.7845016848296,7.107564877288781,127.73164909500764,208.27792887021846,75.10759298876867,112.02197329194804,176.26298015538998,26.173806862538136,118.7004365390006,132.04833688585762,18.155364529419906,96.0540279653417,166.3063570550624,69.33712163436284,92.9724398441722,171.72287498501888,57.83382165782163,52.795449688298454,127.2018899941525,85.74876737040202,93.3941357144039,134.39423051059612,63.296660575836896,66.2506172614754,170.6508998404758,100.81988713127902,98.9746415265934,184.68424201850274,93.43065909691227,96.5874773157909,170.15066634506837,64.29305938367146,58.49897452073624,136.71827061772538,82.22847024280048,77.34824821657027,148.34942471588084,70.62292502274506,106.1542162547478,238.50385115726678,106.85164206297242,120.99914831361025,181.52413653006036,91.87300016404782,108.31375744208671,174.95847363895766,83.91389285658944,48.83541847326121,130.5690001998035,101.53660984397062,69.13125355514399,175.21570844662327,72.03934914765541,120.24439451606395,212.92334909978433,85.9535467804563,87.25572903162312,151.4940837731855,54.333635964913796,107.36951060146481,168.5186664541688,69.58871724818461,87.66793490335542,165.90856224518834,73.587120923361,78.21054979573003,144.2854061761908,79.95212809517653,115.551432635373,98.87290730778018
10,4,0.0,0.0,155.48191585863123,145.86735141488862,8.48757810611984,127.95564321861546,194.55060197079302,99.09005879999768,115.42856121865577,145.09110157093545,50.19089319082684,144.8185252581208,150.74140009497034,10.551636397235104,89.43525017094677,143.19490385825202,64.15847001193067,111.6530238380531,175.982048395377,56.96212555629892,49.70929399731319,143.8361604758433,106.12063552845203,104.37881781343427,160.80767318990047,76.96487077632449,72.60635734559548,179.26603301178974,119.45368906997606,122.17150778334306,187.77583620113248,93.10934499207099,117.92605662749725,160.4774446963867,61.000518596120145,70.70983276873808,175.92927506584763,79.01570573713593,92.9746326798683,221.09227057203,74.39471623974666,122.70278063595069,204.94849694976133,96.43231093118044,109.10162597789041,168.23971966509865,74.27727491562162,101.58254659140361,220.69429943478502,87.2678880901339,38.38849270226404,133.42429369981224,105.4317693683197,74.07706034415241,167.40330505712856,91.43117938245315,108.29475008427663,178.46026600128334,68.83026028544911,88.01800641166687,154.2997707296717,44.2969431261323,115.01682791323967,162.67558985218463,57.425458454343485,93.27441671301725,187.10594490483805,80.83452726667582,62.2324548292489,131.84081723283595,78.45838677208476,135.72453576797957,106.45018049363482
10,5,0.0,0.0,173.10798887122908,194.4067327680487,10.057519550317844,125.70199892694524,217.34315376069765,82.11947953540295,101.06486803740933,137.80939140991478,42.673608398370675,146.95419181715874,135.48495487571873,8.25238432358251,87.78305294906718,179.71672409081535,75.20059669752946,103.75624216383704,167.23882653732989,53.409758711780576,55.02917435265224,158.59419472407185,85.33587816889727,93.06836405931737,176.15678453812419,68.24071913187275,66.54408230455823,159.93642757455518,100.18933792429904,120.21153099237745,213.3953884060969,66.4448325668901,111.99378526365085,204.8580278124978,51.29094881338411,60.93309831870545,167.41621189232694,58.79175323389405,100.2385694456397,228.94448786379817,80.10321556727932,123.11915317317502,233.42703933163793,102.50931306514477,96.59906106129483,175.7180144844603,79.0664017484561,104.9224825355955,168.41162491063557,62.84614260676469,51.66186695581503,147.2831208160167,80.81689661329314,73.73802542297685,162.62937920228146,100.53878140575932,109.54057609021736,224.10880922000132,74.05846105127853,82.33742810207644,131.9813960720484,51.889248592561,107.43161894997661,178.46153065786658,78.53805871349786,97.78686525153032,182.54984867489105,94.73887004031413,77.83644711518276,184.69371659548642,100.77786383308542,94.19871069969473,101.27493791801335
10,6,0.0,0.0,139.24682688732275,155.14877299483197,12.014091149977581,91.08300694202202,219.04224877798654,83.2396869519705,104.92291832423157,111.72178946177412,37.34241812347727,156.40054885439534,145.56035589318398,15.512783401228909,92.2096161174993,156.09684002200322,78.41445344140456,97.3291050451739,175.61932225654795,40.10644761625566,58.01933035663703,135.37572930116403,94.50098401699218,96.42756679194954,187.4465572471537,88.7709317800439,69.65811111912413,171.03741120875222,113.66280498966972,110.03769372876144,203.22866719498268,93.01305986215168,121.65945891000185,142.71285633381711,46.317882919356215,68.81685168763785,146.98377627511638,67.68898752714942,128.95534949097353,172.72575563738002,84.27014454874447,119.55778798442088,213.52962198540823,93.99564763657206,113.36759692262494,217.13689798925768,74.33056615746659,105.01149125456513,183.31403189969603,76.37655130862365,38.860056057933704,148.0332352887354,86.86917743131168,55.434876074765185,165.6801077682878,105.4808172902445,115.89458078799096,207.0538671237622,79.46227531525979,115.62704650767849,130.15834092447733,40.044422264095616,100.9030770465588,176.89133711337854,69.4303760916742,82.88954887373639,187.95759572867053,69.80699926997313,70.72129048858612,151.06320902583437,81.34033536455432,134.34085800644294,97.61052346430587
10,7,0.0,0.0,152.262055264168,157.62549300181948,11.013371668347956,113.33650256438175,244.55782679397626,83.80829718621325,118.39341186652501,156.16322392110976,34.00811094319431,168.69641121260344,127.01015363222221,14.525971548980635,92.88233648560808,140.0552537486293,82.31555917665303,116.39892893578548,140.0078334767207,68.21474384963656,51.96622065307832,143.171192802067,95.93591018624532,96.73960515780334,161.99449000463733,63.815648341331865,70.86709733943708,205.80115583548286,104.47321223919556,110.61657156374012,185.83857447979284,85.64598414680191,110.90947892421886,159.33616188989006,78.43188180034687,60.89273962820421,137.90818876048473,67.20550317503981,117.08652851342666,157.01753325592182,75.81933909341535,116.93783209703211,223.4933147621727,89.52552703619703,116.88378805992019,178.08788514794162,82.81493885249402,130.54561644582878,163.37450890430748,80.65231647383456,44.696229285211466,132.12043018814674,122.04355169931449,58.87677843970066,166.4514234389166,79.05520492176146,104.01550981099389,153.41618337972437,67.74874617847111,93.14758764477716,132.35136994020968,46.89190050538169,109.20206620896664,181.46167570636132,85.46570587700454,74.14846239824658,181.58216478611547,84.61717588801268,72.0341725239289,166.98144459523698,81.45870299444925,124.63668665781762,93.64235186108147
10,8,0.0,0.0,161.71052620854596,141.84689578214906,10.244385667698669,117.75913875999954,217.22615453717336,100.08892852745517,105.80598546866612,141.3641595120824,37.21418075261083,134.51396107393663,158.7683828463725,13.063745197641518,84.36861754924739,160.17245853040978,81.03769257760793,108.0436886195441,137.16886636308016,61.40812302467953,54.99173039129888,143.30672038391424,110.18549355529409,104.1148240381495,187.37162125732502,65.08101667131234,68.14965430457072,154.05593810026005,99.56902367802388,107.46477622029121,205.30920459241375,98.16260161426933,104.24887828185928,156.4889508936882,49.45291921769435,67.04236509688522,155.36364321431753,70.75845394543836,103.11146904931422,162.11871485067275,76.90013208860495,116.02716323758662,205.369642930115,107.07232769407115,105.47509265369101,198.68614192361977,77.70596043320917,109.60603925279658,171.50381190580552,56.93563131752714,50.01106217798927,154.82615960391863,113.93887285338903,63.759193885048354,126.27726696727585,86.5337384604014,118.60511602219614,210.6495290758363,88.98818282418463,87.45954534284839,171.68989614247042,52.30675816350243,107.62898683188332,193.36496110099645,61.31341770726141,101.28262133566261,158.81302248405814,85.70799910768588,66.36077654401667,155.96052008258116,76.58859263600353,115.02025494066565,76.43017982859362
10,9,0.0,0.0,156.82417676461267,165.9003705659796,8.09560226905591,110.15837996778178,206.44171764845376,101.74387051454543,89.89383208047902,127.93791558159688,46.56050176882769,117.219478567366,143.11588919783452,12.217688044019178,90.79411074683584,157.69866440680306,63.53825789721216,115.06267387691601,165.80377615997088,53.87205642269193,45.99701331910848,137.35315202001772,97.05814423605213,89.11823579171443,179.65366055392658,78.17728621763625,76.50552428582354,167.49329492250286,84.31257230118433,117.31257674668178,181.8405126196854,112.04558954041829,91.06273378994527,133.67356283995753,37.38286396539812,76.28524594742767,155.61074549969817,75.66636619329432,111.02363922183557,168.0810819688986,64.15499682833688,108.96492508479785,217.33688718121644,93.21531525616781,99.58692821436469,191.83949905320594,75.04092595619018,105.82470192995314,159.49223269254435,69.57161845397549,55.029450844614146,138.197073570218,85.66289676496599,75.55826965828801,172.25939584279746,97.28667595839163,131.32614268432093,192.32269129170766,76.16153749780226,100.9284306487334,134.17877377035666,43.91281703249948,86.32050086440607,183.39139656471912,73.18210860412253,96.08872787313382,165.28262998131336,101.8109201700715,75.20016104699931,156.10479936469554,79.55407676199152,128.90253881571454,49.88948932533439
10,10,0.0,0.0,150.78147288834822,166.89754596629578,10.572651422995836,113.6515721953367,185.7909446225756,93.73580714802593,112.12123426605979,146.9802626944062,33.75152351222757,123.04956251539676,193.4605936488889,11.324170359497202,82.70945223528537,160.66741320514353,78.83093605049625,101.53661559705887,157.79520102340655,54.44214337505428,51.77586159948218,137.33583542634466,109.5904017002149,94.3912967465954,168.38473993731517,66.26705265389633,69.53044255637455,158.1054269984571,100.70911476221426,114.5321370172632,187.91088531323348,76.99703044812304,110.1258943688172,175.78663193589315,51.93725007485979,73.64845886865066,109.32450632896543,76.23895677600656,104.28152031875496,187.7532377325707,74.74881129273912,148.0323861457518,220.99225358290494,98.97090426968532,106.72314011068309,193.0169485797755,64.3181723598314,111.08115174603815,162.30947183059337,76.71593009340826,44.74019205353252,156.6854200553759,98.92668695363379,75.87961661220817,166.74081410474184,98.04709635501814,96.8963730405292,192.51762004302054,76.48349527191239,94.23301884602715,153.2865137522857,45.15101801010686,112.09989345551274,168.65964731032193,80.13816198240046,98.93722558182793,155.2583757325878,79.36021807916151,71.52610365483335,165.64463700904238,104.01372548256457,119.98300878320593,75.08085697145187
11,1,0.0,0.0,101.60702979983628,238.67424161494856,103.90893149610069,101.18668263341398,212.7722536833766,96.66681899035798,111.58413382596098,168.43732547296335,64.74022443868104,100.93576065602238,143.18179734708974,83.58413907453394,99.54729133321827,190.96263394644473,99.64476892279926,72.226867111266,112.10329194215464,62.56946992398257,108.85883583898867,185.08314683555446,70.9408505409767,75.48903545670626,131.66227618818314,66.70662498257929,105.80203891728223,190.1898070321016,60.2257974032549,104.88297687848475,215.14161894496883,87.49563745309645,78.20014261747438,151.94221766605696,87.72266888601615,81.20045292142568,217.50095841919543,126.12764244769781,132.15468963307177,136.0754909042804,8.882677899059654,79.68043135815904,115.24829141236722,38.035937277562766,143.37225377466362,151.54996186598368,30.572148357679836,84.36156449942077,136.7958448185239,87.55268624733854,70.27455985290774,139.73053070600335,68.2552739317,73.70502283705486,146.27864542968342,102.75707763205298,57.74778711498598,158.3289306150871,136.44279728376267,125.81022829104262,117.96487684780945,0.8095323337804619,133.35896022355124,177.47198648805661,65.34529724036976,76.57790205129591,202.7428214646964,75.51180484063643,103.2076208741941,137.65885262115822,51.37341947849492,50.30044906794561,65.1454805081188
11,2,0.0,0.0,95.87637881067201,226.09581347834813,104.34671844623333,113.90904112643577,197.88567896624008,108.77001320012083,98.45954328076267,202.03790334446356,73.00302925895471,99.45772184962323,167.19096884309693,70.99327669632454,84.6437620251995,200.4302634839825,118.53016481144432,82.49535887527422,129.5480962771376,55.04114987066258,102.52753239232952,223.0682910915541,67.07480546083988,116.85035195348331,134.9657249461903,62.3537274925824,105.2279683046367,138.27978062033475,67.5821321664584,97.03231400052337,223.05082761497752,78.92957607972754,72.81711330815013,177.7130339227267,104.98165214629927,108.44613058662011,139.32357731540316,111.82875012577942,116.89241782458213,115.16450872581096,8.33412196880839,71.47925022831014,117.74457100497007,45.53712425764728,123.04110892176249,151.3857042501705,35.56938148041472,58.702748641758824,158.33078206668665,88.17789694979328,87.42501257303248,149.0249393033597,88.36738590199856,78.8090852770467,205.61110573577162,66.11540980155699,47.94566620593188,157.04857074363554,93.98044431067653,127.38230188637566,137.3572882012547,3.989286935189231,103.11518454433003,184.05273367406056,42.31516771878806,103.74037379898539,167.4044708423625,97.50731980353449,130.44163003571305,134.37268415769685,67.84292507770527,47.69586094909637,134.3306819453961
11,3,0.0,0.0,128.48735712941692,168.81262779280604,92.14193723065155,94.46766940955708,171.83021730840227,110.07633213195543,125.01944964392858,168.83118045567926,76.64433264814528,101.67585195407713,182.7920071756488,81.15322058994866,85.86019896570832,212.95198766845135,96.70228395777838,70.41265967041772,148.11931438821995,63.44179400533539,101.60916912771673,173.0728638396702,71.2019724900338,108.99590660376286,139.89075752722732,82.622559597233,96.82877357890378,167.28719402599194,72.00476829870631,90.66692023809446,199.1875726830745,139.2346789338309,61.49752639617166,156.40896731720585,120.34060255774462,89.40960043123295,215.0405132965487,116.67008736114568,131.49846344542286,113.55164906225521,9.521531522146422,71.50957669345561,108.1079993242485,37.77176576487558,118.48529847869577,151.59279583358602,36.097552681244125,107.76670346148816,171.4777158157096,60.90152294645353,92.97255229733635,159.14218926700633,93.66946140618181,93.91767628599422,144.45066022695633,91.8868563848748,70.60998726928199,180.82988534184324,87.02288084217697,103.96337198543692,124.02109730943751,3.111019832897674,119.19921244505193,168.95147959790376,59.78754283605155,75.68820137261548,151.14730945329904,71.55711869465782,118.50538483185899,169.13112065320615,46.96812237306305,52.392940814139884,111.36670038563854
11,4,0.0,0.0,107.0694648995408,197.70675252902456,109.8362360682624,95.99997162205834,168.0222502615795,80.47798406240933,96.78425668402976,196.1719232010686,77.13245051064624,117.84299466792709,133.2010710973798,84.17402268367181,85.84602537612196,154.41891622937385,94.70695574770615,74.66504922835034,129.32215194569255,53.11560556441779,139.89020590816534,162.48207326483293,67.5983146367179,121.57622934308179,186.2635251644097,80.62375847354024,87.62539231019954,171.7288113647371,74.34122130096816,104.80998715736277,254.47569166154574,97.35428831563439,76.76596969365396,196.82378769506968,89.44342949808468,100.88884964028223,224.04486326370693,120.00885623490119,116.88272032163299,120.40761043442544,14.723526754302245,60.89202703818697,122.89062340119737,38.290963378312185,136.58780191351386,196.5343163283705,35.01944435031008,94.03397443921719,116.93721981795946,77.10867227804764,96.57424861530248,173.44521183352308,94.4600855464724,91.72403902387424,179.507368860561,83.66784389311181,65.53977780671767,187.87445419007014,119.55747608340292,104.2575347506492,99.78161607044873,2.321849827543863,91.91320906073064,152.95705963983067,52.87673030221271,86.86195149079838,168.0671438541602,69.28186580600887,107.27877294060067,132.66840130310257,56.90714154686917,55.33288189262406,104.09027820790523
11,5,0.0,0.0,113.47397569424503,261.64799745138237,72.40244570219626,95.32890967439361,207.27090225905204,84.40776652499727,100.44461503457376,176.62391606460216,70.15226494772145,105.60196619609034,144.48895867096917,45.751520225395254,79.06944613479193,169.4950616302185,111.1880656307105,87.10458150101849,138.08623733978035,56.772073367536905,96.09322848803417,219.66873542682345,101.4321637640639,102.7575490694789,87.06837954232314,70.0926812977795,93.91897901726317,134.32286172161685,59.00000118926311,115.24030382268695,243.20130925230907,75.98496085554757,90.74883155714559,183.88063144797866,89.46063737316987,88.7555130617404,217.92539829690557,95.36398482259774,117.18811547091569,135.44058223611216,3.4557281618057614,72.49193861131472,143.64837859174065,41.22401975156074,130.05171504616553,190.0423809770383,33.61630268691676,74.93597532493551,157.48106573149903,69.3874173418481,84.48524310327713,141.80202523312985,44.78013919825143,74.86989100815049,175.24569995538528,74.41714540305665,62.90618209466395,142.32831691185345,97.57817772715208,117.24203183911,111.63116414382102,6.530696884136254,127.75043419809042,135.66638215495124,56.31132829959277,86.92770942186534,136.15947681797263,86.13008408921333,102.48729300508015,136.76491710750963,54.04735901125547,48.370444946002436,90.59692223764505
11,6,0.0,0.0,108.76855994483905,192.41809792079232,90.71081559009612,95.2825739911408,216.86763210608171,84.24407907895574,105.10691862891785,187.17689057312043,70.94630970799352,93.15749693500004,132.59693511968038,64.38432937869192,93.34865099811238,212.81618223924804,116.50039183630462,64.88995731728129,133.6344350689721,56.170017722997024,98.90504500381167,197.92770719927748,89.53361729099981,116.8618128957642,188.47398596735385,60.75813390502008,90.2622302565263,133.77528098796026,65.2171625360766,97.87190887168225,217.57279882003476,88.78591425381047,69.09206251416329,169.28145622833114,106.1098580303238,104.92969572140798,207.2177375574083,99.96828027133031,122.42340222842319,141.4489245198951,2.8505879525483966,94.41706881379545,116.82070344508168,14.92252679693388,120.93356480988743,163.90895330962368,32.636161262104025,67.04895239659663,192.4502053280117,91.52913684274596,85.07242699402954,145.54126440235925,108.06581537432118,79.12932797872199,134.89642765588982,61.12204072902653,65.88330350519517,165.84316222367562,90.31221479104,125.01077978261003,149.63956573292424,6.668422146680365,109.42068961222743,153.98089404792006,35.03250891926181,53.71779060382807,170.48867014508517,73.46207040462345,127.65081719184116,179.80321012543968,52.00559743314933,44.48708316385981,113.25079985311889
11,7,0.0,0.0,106.39542714305759,188.8002694149272,93.7958505213552,99.7403631750838,214.0092035371684,94.98042438404649,75.93563313207495,168.3931984855222,76.02641223944694,110.17469017089216,100.06594239774796,57.04327131326875,81.12553540980132,203.61333385486608,109.82453310757205,87.55554417144894,130.47042255098316,59.2109513556783,91.68921222998586,205.31666576865152,93.9948952291551,79.46308188014572,173.3949479952976,57.199231425453036,96.78785654355202,150.21717916598902,71.05495340242342,108.55547205419066,229.01580047248743,96.19256977045556,97.21043941435752,183.94032462996233,92.16515745689455,94.21398721235168,165.47136192021298,94.64786001033762,163.44621902900022,118.08598529250534,7.458418698719771,76.30334378087453,113.97438440850492,33.463699028668195,141.92304742382782,154.47646222790218,36.039130626899905,90.34019513479134,170.6059798623505,76.93621402066125,94.34414385674728,196.68418451676916,69.6181946177313,82.04181379210107,187.16022116072304,77.55938245832164,68.53399188705124,168.4541480317518,102.15235925212171,118.36606792851066,111.82101062580128,0.06558889170007554,108.00633764212246,182.90573458138738,58.52108378277965,91.6555823558228,200.32163117125907,74.30806935129526,127.9951122276609,185.53451926391386,44.0594481005719,46.406276998667025,83.88140555026744
11,8,0.0,0.0,114.55434136313056,216.010744171306,117.06593675972212,99.53381333416456,227.66634494657785,57.49664854337554,103.22896825779321,223.57071807826725,81.55107600975587,84.64101391993249,125.79332144971843,57.020689238698836,69.99864555222902,168.46417860513063,95.87209322570106,70.17391136773425,125.7724781477442,57.99459790341613,103.95882372238927,205.6529989490946,75.27748425646307,91.21271125287845,199.7512530781574,78.78546403791637,72.84625870951783,155.79305675791915,64.35531324494876,77.53129149873305,216.80330619896043,99.06083089048549,99.20638470509331,139.01389295227824,86.81475205895617,85.21893614408958,155.16339585193504,132.06241766245597,118.3850255391424,123.11391064910092,7.144469904230147,68.38056880975356,107.73583232218161,27.847425905775957,120.73887544919003,195.00917675184354,27.629114247415696,88.25214833956217,153.93196837586376,51.25778684095651,91.06242999004468,191.11242846184763,65.68130866921278,80.05099799360306,177.09304534198006,71.62606104898859,63.11211595585792,184.00031160840354,84.00427044025365,140.54788826446818,155.68056547161052,6.608629742625966,106.24625748006328,191.3155506948392,68.09793897405879,93.42663764227513,171.07527852285727,75.07109721367281,99.83545152547204,169.51848373769045,48.56056250989206,50.909037732976444,100.78025590520254
11,9,0.0,0.0,96.2823911892475,254.48940069734073,118.54840663708737,109.63590674640972,177.08541369323646,79.28021488107625,101.29171256149873,138.88010932970639,69.4640267115156,96.24298547526479,136.35828076566906,71.62882553365243,77.62962441691069,148.781138352428,115.5804624466673,68.01570974408386,176.75237367205813,72.38409587553048,85.13678875997013,222.23178490123155,60.82244332966967,79.3573055621558,175.56812143629472,62.702734639840344,84.52902815275196,146.64449090333085,58.09760131007887,121.03894850925865,184.0929113351444,87.38203631510116,94.99746846671044,162.60876850663917,114.76227462585034,94.07124664445008,196.5912506002662,79.0738872070295,136.61155345225305,130.37306353593164,3.4155115199885255,92.74301753414657,131.35263535850552,48.00111503956889,135.63089489288393,198.28055148041977,28.911010918485015,81.6662598326983,179.84216164577617,54.15999676010783,95.06403818193883,172.9618062391255,70.55443528994302,80.60402186987032,154.4045718464536,75.57549147845599,61.68156535826681,151.86385758382153,101.47038969447586,131.22027633121283,115.62914388645595,7.607261978277142,102.620322284853,154.2998471299103,66.4611597155293,75.46544722317492,116.94169718120983,76.2277829352269,96.29798997621336,149.51185030863007,29.950979947950607,42.96946476467142,87.65123942119388
11,10,0.0,0.0,124.04529137198115,195.68659470401548,108.82458289441807,86.52548815652843,171.4019141881418,106.65434217620283,81.63958278906208,201.1096469741107,83.56491323813967,71.18689441382983,114.4585088711398,64.14603114816929,85.24573755963958,175.08257896209824,112.64268070983638,75.26448321451747,153.5463804753077,51.19283918397537,118.76727912755558,159.36723269666436,71.34869287611093,90.79651730507092,183.90822225890201,53.176479661314666,75.42518128347288,183.59060098814174,75.44119081696805,112.34500160398966,199.30108152468782,73.78776998870455,79.86231626433944,158.281262563556,97.35500072139519,108.62175305866121,191.48526816370668,139.15876112058447,143.30448266271694,135.7177714352944,9.936625434718234,83.21622561117655,139.63391482898652,45.551809706064255,125.14404959908379,140.0146248702395,31.180687015255703,96.44802621528453,178.89291462134887,77.30376943783953,83.42931212759338,176.3073141218781,68.93255999187303,90.78676047948312,176.2658613416495,89.13488129565599,55.83018717518301,183.74448794773042,99.62580571102565,138.88712561618757,98.02033516610452,2.617229163827215,111.92838436987519,149.97648724404613,58.93409508518527,64.49234650508896,140.98256636388507,71.73286278406238,113.18855955326782,182.28232009511265,40.96609401602521,46.33618998196803,67.0586034470128
12,1,0.0,0.0,153.34813031866594,117.4165603112496,-38.25954868730053,42.909422653293035,177.08749258963826,153.6485165618248,118.39802047399455,143.749053427135,22.593231429445737,68.96894570161159,198.3631368282918,114.37682807216021,129.01660765975976,147.76113066687793,42.7176663736552,88.55955947289331,157.78882925017297,95.96533431614054,69.5759319755924,194.77610156081627,118.6521886649905,73.29917308501928,142.16993022055146,70.43817787166951,75.37493435058673,112.8162164312381,86.04437102458296,86.54378873760417,171.0671235765632,65.10269112578733,112.64241283923253,159.51884496755596,54.851673533833726,58.72847564871723,175.45487174038337,109.46442750644894,55.273844030092185,132.99887958498772,118.75012682835373,102.73104371931743,184.28279063903412,86.13528012438269,40.991735676157006,188.85880486533458,155.79409588724175,84.51056865786984,172.1582230896278,66.75952111882289,90.8588821221367,163.78806177270343,42.58031919338387,73.87375455980592,119.82658454016963,42.83076122291971,50.29909375709858,180.6857233906216,108.11453307567848,129.5551852757257,188.3020667312398,68.37282753598333,87.0516892178635,146.42490471405628,58.71745375442669,127.48989723902864,210.63627868042562,96.91427873102495,42.783244430133024,179.31446633443193,146.1936402865278,86.99456744191608,79.90003075047355
12,2,0.0,0.0,169.60106983140764,107.12962652847868,-35.13059328387737,65.65052295932371,229.72997904310105,101.95447897032375,122.79271796926865,158.88153178704601,28.990573625842856,68.23232886203505,208.33168213942915,152.35304870699474,137.07671360717222,174.46651581726735,37.864285377016046,67.14999574406262,195.20645820822654,88.38657467646064,84.04438432557993,151.6538181529741,77.75017037381849,111.45227142602461,169.14265936963199,87.75683612199091,81.48592299345128,160.3672622281775,57.503930983065075,116.42386274470422,171.6797216591422,63.058903104102406,105.44510550375884,158.66124647485125,51.689543815264365,70.42419731061918,159.58804394209696,136.12381036193938,51.408974043205546,136.71505707864603,126.38400045189427,75.70190484250489,207.2393639979242,106.10875710693065,31.29670020805597,182.1034629268526,177.21711709543555,91.3933661905021,180.0890195564861,51.24336366383593,78.65395732043756,123.7526802363882,41.452157529412474,81.36473509461159,133.9583206432865,24.491500557177954,58.79505368966688,182.15119113424646,110.8296046193827,86.42383292297635,163.4851347932694,61.40806512092299,106.94549096096327,151.3498254233686,52.054550180346325,111.70092522799914,177.56402665124415,114.34035357601114,42.54488916030208,170.12850015212925,86.26679512278793,81.86006070726611,106.75277321702808
12,3,0.0,0.0,135.0713026948866,113.37633891634015,-32.56198663146039,55.16379431732707,270.1713482049305,138.8561349654616,107.22703988887172,162.97634710095656,30.305452615952017,69.76361449723781,222.9495337212387,104.30216324254454,141.8647405198052,144.84935429595885,39.92939861884139,88.53425579515768,134.48513645317826,84.92800321419526,62.26333281443257,156.94638824042164,112.87044033748423,84.59193568041518,134.6977332375557,75.97612821694247,61.85554541500376,122.2445619072717,58.90631513175539,102.07448142248437,130.42118963576726,67.04332301580509,92.62261413798822,165.7500537686217,40.458276998052774,78.12404290889718,178.41148169262289,108.47208597336065,49.211226455486255,162.3417102954443,93.70260829330603,60.27538440261735,224.92796982684888,105.81182675096589,42.19754595407334,224.4410614810514,157.6722691365308,137.58536188373984,174.3004260859814,55.34584611885214,63.29654623757105,174.1184538700163,54.65433342962094,85.1700382344275,153.47095228345086,40.96843914268855,56.430927657349926,218.31669804667115,117.66386064727735,104.69965436649643,123.33473034802927,61.045598690092,106.0046732402681,145.92295478602898,53.28520936356944,106.04458440073557,240.288760559174,136.19273533608416,39.1043970795162,140.2755577863672,104.71870725195829,69.46597662087596,92.77184120966986
12,4,0.0,0.0,127.72601750403268,93.5158354372607,-24.60422301912085,71.0018211268013,248.12550337315685,204.94680073222796,86.85149022111855,123.7224660284416,13.902517167777335,71.38038484765852,193.5199965605621,79.25501108553267,117.60520924863076,179.0515091611532,24.550381396955196,68.88332485038279,168.79748777508826,95.51858141441802,75.18420736328295,212.74345868642945,99.71464495190804,69.3801799303556,168.59027379639537,80.08646683898655,69.00173228170853,120.97330471584976,57.999946655328316,86.40377433964402,191.3182632831412,63.044648364383704,99.18846780588675,184.53131252805602,24.857507963032933,66.36589093488422,154.76551413181957,134.88502425108865,54.078686450952304,149.17924253788968,123.32126202588472,85.05683849821078,204.44893965455302,155.3455916480009,46.969258921584434,210.443244101203,139.21074634446458,87.8329954140301,176.57910292863377,69.02085379230166,106.72949789158037,140.79170578130748,52.648214309940876,73.43339696966392,117.11995178610329,51.43515287773168,54.85437457849745,144.27775513973708,105.42418617448995,63.80689055788159,164.12418331549625,73.96783711792067,89.06379329530307,156.12282627591816,43.79079705968245,125.17605878892329,200.03127438382376,114.56248410805063,41.94570966924721,129.02495357954885,120.33908129759794,106.55890199424248,118.52261508982689
12,5,0.0,0.0,149.44693009513404,107.20115272486989,-35.148692712643836,55.661333591135836,166.5155866073799,147.60024470210092,128.44619098140916,185.03975871560067,18.888358627789465,60.31259564741239,188.38472083157043,143.78084332355152,132.08636013093096,161.76242575547025,41.26558186452135,61.25891706532147,171.45918688528184,108.17561171649628,91.37337460313489,161.83451718116484,112.90322893822112,101.80125617558234,154.77121821783538,83.28150739788336,75.50356510684546,148.34679987726093,75.39599327116642,102.81425556312098,155.60478702186754,71.1853225185862,115.37381546478616,130.64780136442204,29.719045891596657,79.37982736236063,187.3603000514206,75.92849419516341,48.61202443069027,158.99291498048171,129.46824426599687,72.30499109693976,213.12424021752543,100.60754083995718,39.64426642342204,250.73090978130293,179.58513507742745,86.08824649432401,149.1665501951483,54.98015302632624,63.5039880402819,149.86871543460714,71.13669782218886,85.78882907345964,115.15941732140062,39.8877920329631,69.84614176875975,202.27464966270992,88.22282232897524,102.13613045582338,150.0002094229266,84.34885743223111,99.63816151566154,152.38752852713768,46.681580432723436,111.79578907204206,231.01931614974183,119.04277667662832,41.51057378412816,146.75857493041983,125.58407666240458,99.05943676598704,94.43029327111246
12,6,0.0,0.0,152.9790462306876,101.9811421065483,-33.930166147459246,48.438470770136924,235.16643515820584,153.70156247407454,129.17741530877694,139.7118034732051,17.290830569731042,61.720457272182315,152.19140507088463,143.50284240993807,96.22063370177369,190.92990913468913,27.650611146223554,95.32841882790058,192.88410776241804,100.26877847385401,82.11106178894917,166.20987504058274,122.45277755050917,79.39593742482815,147.03286157184317,61.812853006219385,95.43531646286355,143.81709111806478,84.77359558956141,91.54511510025382,188.45801655280985,71.3142032681814,86.54619503590497,175.4468945867582,57.25473559353196,75.58653129601434,135.95897328747003,122.9665725006823,48.71521437390066,107.54172279109639,92.57188861820357,70.37550893352295,173.203125126714,135.76853762408692,55.03830426981209,219.34278771886147,156.84506999911318,91.13460841581961,153.14796740208968,65.1766966651822,63.800475143863316,164.2037912567099,53.928759531886726,86.5996850656038,64.81942116082077,42.064687346647496,59.03393696076464,211.03647093498287,127.13927639162912,124.18260052316728,163.49235491975915,70.86701637930392,107.18499226938742,149.25579876501547,43.67329633270058,91.77417157870009,216.59877809350263,88.07538903523323,40.28500092322905,150.1343831164686,136.55581487100486,69.4406635143632,67.12238899297455
12,7,0.0,0.0,145.38286469201566,96.58174340843574,-21.922458222880042,64.69339464954409,248.17782427777567,149.64021734940496,173.78250224461104,169.89035102328725,25.635785531653184,86.82306237665989,222.96003501776065,81.1603517219197,126.19566565854686,184.2498771328493,32.90417867550826,94.06412649479786,230.50782380311108,112.56399600847006,69.86067075553784,152.95392499499002,103.23780633852904,67.00644685409102,148.06618687223943,86.62166718903713,73.38212118301551,133.82001837381486,83.07596877849988,81.2932953162268,132.949507547752,57.41155161448337,81.68371524960358,189.0083080824393,57.495695555769814,78.48490775486795,217.25731520405935,82.15343217250224,52.804850215065905,143.91938253638565,97.67269600560961,67.48675636604628,199.8510345236608,165.04755962654957,46.01662274839481,243.47941705586297,200.1170289613261,119.53495752019776,163.72990461537614,67.5900095717593,80.28714760177786,128.2777423962042,62.252589723549114,65.54954753448256,122.54647285253989,29.904564553196295,78.72971508286622,157.0601267227097,84.64801454741827,95.21004152023468,145.92798559138748,75.14562129904127,89.79187830697869,136.38598416851076,42.740098744089636,108.56874496821042,170.92501290257457,133.53616476011484,37.53986928076441,165.6850405407469,125.07836418324814,81.06893464370286,85.81332166516196
12,8,0.0,0.0,186.86855262115986,82.282416534728,-28.810769893028073,63.750528268964295,172.4658995540045,125.57643940417839,110.0587976286955,169.80813008331876,16.53379793293191,52.97408764880812,197.13605430809096,92.34681273341167,150.3410207886029,226.38716443494584,31.13141509909967,78.13462801601351,206.91607171700537,105.53372210979742,67.26718539738899,202.85125227129208,87.27053968705006,75.1462167743396,115.6059238062301,55.72875456591023,62.683269593748875,151.14849507559882,70.12284556856802,117.4447069319204,206.10442164098797,97.20665946664585,88.70897353657918,158.5036123536069,58.09968908244834,68.05999443471552,155.336419772439,101.78910353740989,53.75996395986939,151.15585175753915,92.21431377465277,76.68775990684863,207.5772023983186,143.5303997130662,40.32520721407588,202.80782885521305,174.73777334129556,95.26913533983966,163.4275219844136,62.510336081796986,82.99769265070111,179.38626267683526,84.8278290818881,65.9641923651341,134.86198424054308,36.89364836968515,58.04035341236503,178.63248334951513,106.13681087262935,96.09315344762705,193.34045118025136,61.1663457685809,87.78368451549916,124.03387264690842,38.79700276860212,87.9787341829636,183.38463053981943,123.86420862477851,36.37043000735694,144.02560022313008,84.58494252400504,83.5325669236726,115.6536704671668
12,9,0.0,0.0,146.1422110535452,118.524691254386,-31.024276203933344,59.0673755904961,200.0499412822237,179.12065448034772,129.5702771371409,209.99624535309414,25.626065743249224,74.98650345750076,216.69066600483862,135.45000980218913,124.12946814736851,168.99698888221386,29.80649613159749,60.40394145304491,171.7736866753624,117.75782087737892,89.94539933477023,227.7797509352012,120.3553388347918,90.64504998737081,164.57455866355002,73.91710691218292,71.25250060135858,133.20325145311523,61.123742453025216,119.20014535042488,191.16162188103283,82.11432819293566,117.47690648209225,177.97295475884425,39.4962740330674,64.9070149106732,152.0206172636192,129.1663277798808,49.85572712533807,198.29223532441856,108.18986060595464,38.445660959903975,221.2664258440149,121.51921171433945,41.35036539348651,192.3767824544282,179.72195569987952,100.6785346708469,187.1479240897928,48.19939023244863,82.74513693754288,127.15758676823582,35.081129871373136,90.98448086971064,133.49265245566,32.763658053604594,64.37046829999672,171.12630757319783,112.29019821485555,78.8591203587658,151.95290763505298,76.0061202009846,98.18374502076954,136.06982507811367,42.700385313996065,97.31706835126147,238.45583552216067,116.84578430049807,35.359497643916896,153.4204272057909,105.38572577514022,90.17702475660478,112.18260299895276
12,10,0.0,0.0,141.47590937753685,91.78813134670625,-34.21271531321632,54.42936723080692,215.8569466436925,167.21767383204912,103.35972205265215,183.40272516686383,30.66491415087878,83.61064648023597,220.87856854869892,116.3645322524196,108.87418571746375,186.71276974955987,33.45372492286681,75.91013691612943,160.53057923595892,121.72687111068446,90.8989114691741,164.47858678094855,107.04814446854168,88.4212518595675,181.48918963358324,53.57768907444872,73.5168721749137,162.4697291367848,92.81308551550694,87.25571708936516,209.96402588413508,57.112296430640356,98.13402643670804,134.54462405493607,39.16338132759195,87.66089794891565,124.72808353837604,111.44130328239221,50.298335233634795,186.24689225348277,66.96978134464953,74.32247537422549,216.40928713834762,120.95067926338325,47.9889007470619,222.91103648554423,133.25916751394328,101.01360226455432,165.14283705845943,42.83235109227348,92.59197483038622,141.03085921079696,59.80016310283499,89.90008415608764,156.60250077522306,35.946573387637095,60.82370110750312,202.04002365292808,102.59631936297119,113.96907355664469,157.97302346955206,59.663767942527635,111.36375173869096,140.9033830338138,50.635595569987785,101.3720578326053,194.30403801928998,80.4757065501853,28.59611688247827,128.44695801888773,111.48582253892054,103.68914652017402,120.80961850707747
13,1,0.0,0.0,69.22297181239007,121.35968900222173,150.44096423780888,91.21594215772446,117.00723596910647,41.907765946602254,138.76679648266955,126.31767849844273,-16.138660270197597,112.57497440335595,218.61571198349318,94.3984311883653,33.282008194548496,169.00541328250125,89.204891373208,72.39610319419984,177.7034938025424,90.9575318719145,95.63276154922912,122.84726209931947,70.18328482007162,102.1521590693103,114.00995540780633,58.910644497161556,42.46120489984524,196.13330868293085,124.601412554266,139.57916866762187,219.57101769396607,88.97270954955363,102.15123694673179,161.08251717999931,61.58374560785058,109.95832436955503,169.25313459220817,74.78874396337946,109.42988327048738,202.43797556838646,70.74857115758887,92.63268866351846,168.97535571658358,94.73072059056149,82.66974331461692,194.03684326404016,66.43237968901954,72.93587300382394,132.0117668071753,53.735396000810354,106.15565012858842,124.75272660445945,27.03931787510235,64.59519058467222,144.30480645979117,77.66312878650471,77.62842301684265,112.08767017057038,50.18167896060982,159.1274264924037,180.09745196002933,29.359522511038538,74.93443677248119,143.6932504889934,69.31409812221631,94.82957769979262,164.8398993689045,68.74248814100059,143.96666150719312,160.14418681618673,45.46157703380718,115.65550654207107,104.57263431291234
13,2,0.0,0.0,93.51073299076027,220.0520385220857,110.27398608367952,96.92059707937622,143.73385423214,35.633853172914996,158.04008200250172,128.851453242373,-7.483488426554789,95.63539008399418,203.3490003855371,80.34065116948553,40.02632195865006,168.71569412175305,110.49973536746651,80.6343335667467,165.7464731347037,70.25235780179557,89.02706288960869,144.42700144243503,104.9488437468722,89.21100394476926,151.5639264900973,43.115591373165756,54.064154390550826,252.19236921645808,165.7146731408657,131.49866776655645,243.13721466563584,70.02568548771166,81.8128849650727,149.58414940806466,53.78211969786237,116.05425113691877,230.1156178676394,31.07568885902164,139.26676886816983,232.25812803344135,90.44357987080426,68.50711524208103,199.36433696759724,125.83296665190905,84.96496986574134,168.12437103579933,58.72132995209238,48.61561971188907,141.2934682966929,35.18444553333608,94.32233971384312,127.43841119859542,42.58546016294853,107.89183325552528,145.28784514127773,77.42172142360866,74.86158251228254,112.034341612578,62.06762276932083,134.1232084884915,157.60126496593645,19.209894111797446,72.81672979675325,180.50533119738674,91.64095787258391,82.38514477404892,186.06696982542607,68.42264611011797,108.16796549759201,211.50794336661448,67.40891512533958,89.27596819797014,104.36745272825742
13,3,0.0,0.0,79.5976049919323,191.40432636169774,127.61334170940034,101.68290964027254,177.40446364538377,36.38791224250415,100.84462559339457,124.60177495187439,-17.517872540601992,108.17366170725157,238.32238832302778,90.53745384843305,36.406950093457745,153.39344264484737,123.54349165935356,65.96855902379937,209.16480108764102,87.47479442454323,71.88877950485463,168.0726136429151,83.28016689653681,109.17437329940385,175.006371405915,51.21305383112737,49.879138291554355,177.50571090628978,128.99618053851142,130.31835278351411,206.91536055078973,86.79119900913682,90.02422857207375,154.90608641318872,58.294412151672375,91.4466372142242,165.25983968998844,57.97523774121236,106.61595658408694,188.37625697230735,50.39220071394631,97.81093423981623,161.95296081227156,117.70313516230796,92.53926899435253,169.48870500277772,63.05766629713554,62.820860712901656,112.05034992793318,49.4858893869548,110.07574188661036,176.32758929936048,34.38672721843481,68.32924952867808,174.14845677659247,91.65175272820939,74.64347858551345,105.13477353170566,67.17008976089372,117.08661929378404,149.54336017864284,28.593861349694595,77.12547091847449,162.73592280628796,85.40332747761062,83.8906717468885,167.98008222269783,79.10047496254224,118.54535335733087,284.16409770436013,73.34668093132046,110.43534175378245,93.40108488377797
13,4,0.0,0.0,83.62657900722732,228.59645832308178,106.8630477572016,102.17232709382263,139.42657563494254,35.95699986411572,100.51614274096899,118.08492085550394,-2.2974208506160263,101.75968785370017,194.81047880687763,77.97282409714227,33.92145241403135,158.1661614644009,116.75210987178238,82.45913159324039,168.73086215239965,82.4676538428593,91.8396195098318,177.38312758346336,78.75059762438251,144.89083621643104,195.96373136297748,43.391497784411136,64.06563483219985,251.10795194380438,160.898684983191,145.34204007393296,227.3378695810728,54.01130915422848,66.9592497863623,183.96594787383668,78.77432966706992,92.26911267283458,154.8488935267302,51.616782189959224,116.64491040731319,236.66200704508492,93.02093912904701,81.06819314265864,259.89982482888536,109.5179523142452,88.66695740540592,189.9014584454793,65.51871844355266,62.09692385850233,136.32454074435654,54.4894275617815,71.94743075354887,195.6789212189117,49.330403730185736,102.79944524409444,187.68744937344766,94.33305286056489,83.1929082659714,134.9113444184852,51.292121092289534,128.9894538011334,142.67996167785418,16.5365008129919,72.34328393292667,174.74589094104348,117.18567714057286,101.28199165233401,132.31990979301804,57.33130464981478,103.57651156418778,187.93535824511926,111.19628966770335,146.32894214621655,83.97619885739479
13,5,0.0,0.0,76.04305239020017,235.06013555721157,94.21939587844199,90.7322808405769,133.70591383491933,39.9536380066959,110.0891935759852,110.8443128122193,-18.81804488490793,111.20665545670943,237.78949326096122,84.89509824852819,37.98339727895066,205.52306928556362,134.72014856882632,70.49437284019,236.8265550624051,80.09578593589966,83.111012473556,192.40000296808554,72.70432614230418,106.24292109840638,256.57766237997976,59.39520151765305,55.62698160317854,232.8859863611895,153.74921312588864,133.9116503906682,221.27272216570057,66.1128550639816,82.68595512942052,144.68936422199027,42.78733361858788,107.40618242179619,163.55625628174397,59.13376220776662,124.7476086219139,177.517675455931,51.56360001141192,67.71154045170346,217.02984158778705,73.36679341304972,89.41570428868474,155.53527749480855,73.71782703622875,61.94077179438345,95.31623226729377,42.633146329459606,104.68615496428872,127.33018375195529,29.42574221094703,88.08295508729373,181.21057573336537,85.11276270841537,78.4413323771171,145.91000795220125,58.17918329425903,113.40693657546333,137.12961065832658,20.098671579862476,70.4091280915871,163.241818661742,117.89621269548843,119.55718176493134,107.70321374238353,57.19787847258932,132.44899587406312,247.92883598014845,75.4537372801364,106.99257402343748,90.48946563537571
13,6,0.0,0.0,68.2029820685684,183.97042053095893,124.16284452531782,88.78879491459236,143.86927094366564,41.19971646491375,99.92007663957884,127.64290110690986,-16.79956920712166,98.3879834022965,184.8381521797712,88.08386125669607,40.06473450899838,143.14830066856544,157.05421512540056,72.03632629735102,127.22241207861254,108.40039377413828,87.43843847785247,152.1356631412244,130.96324636489243,116.17534746473615,187.0283765456075,78.3909234254545,78.18146108020727,180.5849667694862,150.55665072758777,133.64887631657732,242.96036267225426,76.45376061773301,90.82720779129451,148.53190083641692,67.15693071635278,89.3627527311945,198.94518911379527,68.59711261467248,142.18306583819088,156.55328875114034,85.71549231196643,90.48681013241013,199.26291594520595,87.61949759171839,114.25370443218853,175.29076152772572,77.02884492038201,64.0552197069762,91.85191499827837,44.01084841664798,91.20409216233277,129.07843563547658,19.769201961165535,113.57621265026631,197.87404039268887,63.13386540708946,72.63601592598144,108.80629508914245,79.19535501896682,117.22365399765245,133.85232883509568,25.847718084609763,72.31757737050485,169.0578600627147,81.38271415144781,100.9291591541092,144.08462819260274,64.83494341699127,141.86304504443865,236.71260547916825,81.39208384194991,117.83093782090964,122.36708531020545
13,7,0.0,0.0,97.60551631336844,152.24041002445227,114.16221099357696,99.80280122715882,140.41281324874868,38.95811307736611,124.84027196841055,117.26019270114509,-10.329107569233852,102.12095004857527,245.874106699282,107.49803183982782,46.06526815429166,177.11674676607547,115.6011671626301,65.9697661990642,127.92347968717516,107.10716351083794,86.02801776443789,176.63071175273745,79.63855010474241,163.8285096334455,171.4458967756341,54.9717287503358,53.22446214834293,211.51614205683168,187.64600916682173,131.936870662402,229.67796437478327,79.33875477895367,85.56253936648976,174.01394108992827,43.70505407305767,94.47503708355426,154.49288870159143,75.60414492670697,139.4670032677513,201.46967533775924,59.23519899648696,75.58398761045083,156.06877917721954,125.36301519585527,105.88324267891083,126.36232926040654,93.13740111127126,56.461557381376174,106.97632213042078,44.97772258819067,119.67250369558067,127.77235632616618,29.8002730600938,67.21535772125645,116.81443006328377,71.65421982347428,55.94107180633579,123.05568921735413,61.46208136261465,102.27696595118272,188.5959208922554,20.687526196471563,70.34347671359994,112.95798536733088,71.43577144155516,93.23724590704009,183.3551974976198,55.53242652329692,147.15104948531388,271.8700388409957,103.98267184463576,122.85361532629963,89.39343858148892
13,8,0.0,0.0,76.51264490458898,175.50184880254355,113.36278199729188,92.14963750976058,117.75791867605903,43.19694550781532,100.51482984731209,117.18587929114997,-15.861255578435504,111.75193683670285,180.55084337028677,69.66684432916229,49.72866322131357,121.13790046698853,119.7058278257356,73.54244117359984,185.09435879666705,102.43010312326165,85.75429858383137,171.21791854680686,59.10608042408262,152.14188276949122,171.2339556319096,49.87682593201172,57.37870006015625,198.26055762015005,172.3088319623676,152.17237227045294,226.2364142013421,77.17429138568382,107.98784670931431,82.43578246902608,68.99073269974383,91.40721094784065,156.97039387880045,96.40835798576941,108.37973967280875,201.66067386206367,64.36805374149353,97.03445761559125,191.27814513581941,90.98577151044397,108.49535557007103,186.4083106062629,62.39769559172862,61.24098386632256,127.74929140695636,31.60779665520439,105.85598430730509,138.01499572961575,27.043191467232475,90.38084288882231,174.3608829765449,98.44740461146192,73.37515288814313,118.02243200561598,35.319570555433565,109.55653355000831,163.79605648787742,22.99256332256063,89.30170900965066,162.44110701654367,74.56108412901985,107.3748863677417,172.27681435494864,91.39019738380294,126.32069411380805,145.4765988930902,95.19262905694751,109.20591105436807,87.33079627723016
13,9,0.0,0.0,65.22896605334982,254.40863366862527,111.02086955542663,82.55193082157159,104.86300439176733,30.0260911767921,113.22942516088706,124.85357227307651,-11.300842630644363,97.24714987122961,195.59676425278698,63.64482172637173,40.49578872722058,207.09745624533306,173.05437670385317,81.92182521455992,144.62565138517002,86.14133541604619,73.49364453793899,130.06171744903415,92.27436416017046,121.20668195375576,181.64610730499282,47.134494148307134,49.66333048097321,233.15477437227716,161.35265005663555,118.28047338437742,277.86127453714477,70.93236323993405,88.38572677376116,137.60012660604855,59.71776835733012,100.60801114815735,192.873455169041,65.75179048544179,90.67852070944573,180.51927671750008,81.49924115608016,97.53559125351637,230.0723909088463,97.98459852142594,89.51431597161407,210.50424664094245,77.53568332506026,52.07888555190167,104.73384224584471,40.57262572136655,75.88046773467457,167.04867405582004,50.51669949866528,91.5632905384397,171.02143343018307,112.56507805579965,80.42728771492347,167.02272273484522,41.19936590133487,104.26551151077098,142.5558397601351,22.188177986026982,83.95347245023811,148.65920393994074,102.90441316825112,94.59536189964797,183.83425784984516,90.68614143329572,115.05978275586135,193.2437115304137,86.46970863485615,120.47181777379457,101.04719108081093
13,10,0.0,0.0,87.14501318424773,241.3493287994428,98.412102846119,114.89546817942765,151.8526134603772,26.47703824006262,120.7762936504641,140.03384377017622,-12.09657034479613,125.30009238890901,147.3381942835822,76.6056946005336,42.45546714878823,191.0153674399873,120.60147907867778,62.76741312691462,199.90704495637794,72.28104423306593,77.86479446159204,204.15515329696967,76.22008764807309,153.86474719169684,201.34303870136122,42.09424906867566,61.8565467193663,238.47598278015363,164.60611180376804,173.58727845414992,204.00750586841872,61.19475417342618,101.1395342276436,151.6702307286696,62.86140790784404,74.70340357328476,174.0600276777303,100.18845573650623,122.80273381297326,168.6161451071482,48.46423737010779,83.4321845667124,216.88558857400227,90.83616008729958,72.12001893627314,155.72757782418105,62.80489642699309,65.81447997114748,143.27901354668316,37.975091517640514,97.02767179010188,162.04585033769487,38.87378332793289,75.8225963839965,154.9451421152317,64.22322703905233,75.454397043458,149.34187515038218,49.399511913765735,184.01534904294516,128.14585100336888,27.54690571597887,86.66796941666038,199.24935664968638,96.85928469471907,95.71626082024235,117.64204721305668,69.02734643487162,147.64126325231754,205.80848395687826,104.74904810906456,126.52499748277764,63.29995936795609
14,1,0.0,0.0,108.37936148536237,400.2679376889601,283.03352212908567,75.00816724428527,415.6010137262588,295.04335980174534,82.58990156303167,344.4593380839605,188.7900640371734,53.9529479540298,471.85585072387414,425.16810578590105,148.93421182089696,410.0585193022283,224.45296455221705,81.70020216675313,508.922746491482,382.7786306308224,116.05578405119073,382.4602374695516,292.0724615787823,82.26860314876649,541.107871767703,393.93258977742244,89.50839028179362,265.6573103837775,177.7034534245576,119.78929237259669,324.3686741253856,185.25767351055637,103.98589052786441,478.1884465648727,363.4081238116541,87.80142549683006,459.9823588515194,372.33664887472906,108.8075844395656,312.9318846947355,219.0412151191328,108.4352139735761,310.26641107197986,258.5739226939627,75.13655721535343,372.52382527083705,250.46746414757973,40.42788365953268,354.3276477877449,354.6408159337028,116.27483990606483,390.4341990956603,322.4183218900184,87.87219175715607,450.1839792274161,345.24080342337345,134.6595869321077,479.76943441401994,197.86195204681758,103.64656916516653,402.7030545278183,266.45716404418584,127.54316302677913,535.5714270589245,364.3062078514148,88.38162780230756,382.1522852296527,299.1100454142413,130.92371719384724,414.6821514817208,376.17972201892564,122.83731380293244,92.27308550259013
14,2,0.0,0.0,107.31889688618897,330.93793224991157,305.2375091968045,67.24300083550536,367.3827005308887,335.67747316368377,82.61359691718418,342.0757224193387,253.2204148946607,80.60720401590856,484.81832934864184,310.47092505853254,121.04937199619015,383.53118006461546,321.5418734981592,87.50178837598135,503.63930965548826,392.3764201338301,112.82503207431381,424.5253010407577,272.1747996580686,79.3969743563517,583.23938857971,561.3509997872765,126.21895564623557,312.24725179141956,230.8620295149381,115.92451814139353,217.02298712948044,167.4212530066696,124.50112603442506,460.99351919404705,294.6067404543518,85.08698828589922,433.7135868424063,316.25661228399014,122.15300149237964,290.4429194720607,169.18015105405055,97.83703960608581,379.2533829647279,293.4767823640932,70.26925204896503,383.3938132009148,240.31097391273812,40.187965111994735,270.33195847419967,363.2854597885892,139.7741521561838,274.39201722653956,294.8495930358913,85.08243626144215,541.3653103299049,369.1489369131088,115.6844331498446,411.2674117895212,255.56751132844565,96.9827363948897,369.1935754947529,260.6603680246543,123.82700601517979,518.2447353751353,451.6055403722303,88.34927907194573,371.4948991115668,268.93448616396785,114.26663896794898,350.5560275067629,343.986903615823,112.10224402607196,113.44704321860493
14,3,0.0,0.0,128.6263115883268,398.32822419180735,212.98862170301686,90.62411059195937,333.4498876780449,221.3762470549291,94.57466113242967,356.08590259869777,255.0476393500185,85.38778868454902,534.4545746952673,404.6421841827701,101.19905830049814,394.0760031637622,259.5228215831451,93.20082508389702,543.1856663336928,364.4149038619164,97.3505226399544,347.58838168864406,235.34205093784448,71.40715852047383,558.1505110829333,515.3180704178817,107.96749567532771,314.4653552004801,235.9977325308266,109.1019646127165,350.53474677547706,203.4013156006425,104.96305191880612,455.3823639104223,344.0765452587972,91.86510018405446,396.5736159000248,320.330792128585,126.09699350860114,231.33456836904304,220.37894005507476,120.79907393472749,384.2155069410688,267.52150457317873,70.54475515749996,415.044916634985,253.8514525100708,37.85629254841786,329.69053934031115,281.8310019968148,102.92157887889783,473.03125148081654,290.92940994090776,87.8608439066861,515.0855958172192,380.13214091623206,125.2334052310215,422.88919107549543,329.7171140747098,82.39667150114978,450.8695948420183,341.5411362539402,104.04110622161262,405.5532558489261,366.0432831501124,102.15363307410729,347.62164226034315,322.00425046528375,101.6657488447857,358.2227728586935,319.561909254902,102.09658554511707,93.82426180692026
14,4,0.0,0.0,127.47006730008628,400.34505554741224,349.67619602615514,88.09989682027977,381.5689973640894,242.10191598465696,102.69068731817379,306.4687030538212,190.72339959789764,80.00581409237155,440.09464095232016,381.69351888602694,112.25057783729399,332.9967491116276,215.05721677424964,76.96392073829236,533.4478021434999,355.8639463805933,109.31947163931758,360.45379975580965,251.62990072348126,98.72807572982008,701.7724561557866,505.50338056102714,111.812572758861,281.23955638330165,202.8892113801537,127.06414266041958,246.71069811042543,191.02418896279227,105.16224668697625,460.9308429913283,343.04772744191376,89.71214247042998,463.4402362882429,306.0682742608858,120.2539606391645,340.3329713332076,190.73255617963815,90.22579059292717,398.0418356658398,268.8295614583133,62.11895161113462,383.4140640599863,313.90615981222396,40.985750648179334,377.5611925840411,283.75317006104115,127.61753835282542,358.03913569845406,333.3925584192834,100.26965622589798,371.71250382523493,356.5817241540065,113.42493635250588,367.0693419519591,277.97497610940263,98.93224078735986,403.7893824703772,298.27353151917123,125.10573409065805,465.1225314254638,370.225660521348,82.65444768748257,414.0809141552747,303.92801325053824,98.41161719777315,413.1679488931783,254.5891248014533,108.79185391302359,125.68093840360372
14,5,0.0,0.0,95.95590744609028,456.4662384687736,339.4960353855922,91.97063043864058,330.844812116008,280.0737229574367,91.8036159471373,326.9196322847062,259.6890640743085,81.95778486545919,503.8674381868907,307.72097411622246,149.27624087555873,269.56570971382496,234.6554754357453,90.41760298563354,479.8899419368646,417.7845070837743,113.72366660555392,345.4420086771043,320.9677396159766,74.48985531140397,543.3770428544624,477.37914421899035,140.27763115349808,321.0658474841292,145.96677585387437,98.34294223167296,260.93399602105853,146.6124862346119,95.3046624722943,455.9117220273594,321.11458671005545,82.99891597445988,335.89437196797905,391.7253095165754,108.44302547084031,301.4342188602087,187.5020642513132,88.96675630195159,416.3881238582809,238.0326355266061,69.41649550656115,432.28852157815516,292.1429847046097,44.129965150531326,425.7682599225445,297.40172488191996,98.925414457474,426.4295152073275,321.54613685425807,74.49854077153749,519.1598752751561,381.1288716675625,125.6095018577171,382.1955706187678,342.53140411392053,97.08326938341237,301.79748166378135,234.27121103408524,128.56789622463472,350.6151868736559,359.15304841025596,87.02873959613625,364.26900637484687,335.01234376877983,94.55789295499417,436.34724451606843,325.77529452485686,120.65202631348899,99.40406032077807
14,6,0.0,0.0,116.94647284157102,385.86438707352585,359.8703526203864,81.85670132234983,403.2251292666042,281.6490690251917,80.6562385368673,281.07709325200733,196.5131186565754,57.036702924476856,453.56750788154096,453.9097293143244,129.93498905230413,428.1501913494602,248.11794351014657,90.99653741891778,461.3231150976744,488.16094552994616,130.39511446960645,464.8610860730313,281.4577562399224,79.15839773989921,602.8996618892634,498.7338960396837,100.7169162405061,316.09772305271804,192.0346392899898,94.60629057811734,321.5576048017475,192.58548876688292,98.81186696745584,416.7384277222269,382.72854306020633,74.7363503676913,384.45342747144883,310.0050519475231,95.39959824296392,286.34168023416055,201.89210601244193,125.14522971168985,477.2304014948911,348.33506820914323,82.09666427107267,398.6466781374625,288.07134933232277,44.8167551755817,286.25709792516415,296.122937940107,124.80829282592612,366.1339254923274,377.3460988033276,85.8676209770568,459.6676884153079,365.50708360089686,127.4187822108434,417.61131975463087,312.84833163775073,114.73050076497049,357.14988417924525,305.41080598495654,123.58685622681787,510.1426740344598,321.9482483523444,76.08614037691784,440.5136419934685,339.7728741010701,110.17663704547758,476.07738357446453,315.0410528744774,91.4527742501845,98.1782861412992
14,7,0.0,0.0,111.15626042609632,410.02641830614533,394.25861356215864,75.81043089513886,349.11283920908323,305.54490816047326,93.12026848592247,360.97473380450424,183.8877375471804,99.8986958034504,463.96450039366925,389.6998337893647,101.9758416242005,422.12987116754834,226.11004207086253,79.77770159379965,442.1238986363246,339.02703257928454,90.62646961660403,400.9500372969228,312.4897811075864,78.2718480114832,496.93899191356286,511.51398053816115,105.92522893374613,341.56855717585205,216.23842427283185,112.0061733103437,291.207604039689,190.2364621858081,100.5794774019136,405.0139124144475,300.75157436506987,93.85649866902182,372.04804096334897,263.6530906345933,109.95281596349454,310.6122544367806,211.573180375043,114.78773605185862,378.7532888609156,216.03473372860782,75.23355372928084,384.8365532236015,375.43259870528385,43.19736350055625,354.0601006915335,325.11371140281216,108.64873050881066,381.0531834026056,264.9989143196808,94.11718406429048,511.9357293869686,420.1085968329754,132.16616109801598,380.7040226697346,267.79810306921655,111.46920962930083,423.0863062873263,304.55318581944306,118.6684318018166,519.0980769469555,396.5689710499364,87.92590021454457,339.2582407198163,369.09607310006606,100.8932823693766,474.45130001176204,255.11754380462799,113.36358450247035,137.20206042309684
14,8,0.0,0.0,136.25584490801498,463.51921118450736,387.77387292581346,94.65919276378462,346.7743600937247,284.9842543437927,103.6952227653685,347.46724350782455,255.15245670186755,54.652095738568484,407.3684428912462,442.0252170915685,109.26216037062107,380.8227409942533,274.075209666849,78.8486287754307,535.4688948169684,362.60742127230367,102.43754420770134,366.3916458151649,272.8662812125666,80.72939925069376,518.12235397317,445.27894448991384,139.52109523755348,238.0815534374304,192.97849702807363,148.38613174461884,270.75148688298617,186.14642185024812,102.90082692245872,452.21720982612715,394.5852105333284,94.41973039365637,436.50426581193733,278.3022702631098,115.20660871449115,303.61837463315004,164.9997840732407,109.57489233144891,401.4742460986265,286.9128131564095,79.36183268488244,328.6296276909117,333.836952880126,51.423273856990164,417.0216561164292,334.4715963039337,93.05755404220835,394.3749135717635,314.9657771223969,93.14737917898864,461.1470365074316,321.15247425649665,120.92614845569413,344.7897839520427,324.28349699344744,107.29969593231968,404.3814770361036,356.26414895565125,131.2751668537329,537.5461656861439,312.37999785609713,70.89225757963854,404.58212671486166,337.77917419424705,105.72185191206168,424.5385407714959,376.1076980163127,120.55889280509253,93.18052394051877
14,9,0.0,0.0,106.03928841569123,437.825110500983,278.79540582776366,93.06488469678138,347.93889829481043,273.79949279759626,104.91907392217476,321.69287863173656,250.55440066362672,68.16073620770804,480.53330840288197,392.33228357096743,138.20390507065423,346.0939721513446,247.48695395614425,88.55897912374309,385.1064910522323,471.6660849674495,99.52484965237826,460.2081274889118,239.9438916355742,75.55490378368174,604.6852667095163,454.15882219804973,106.27074700625619,376.3550703753781,150.96320497490154,107.73900103632079,281.62381586818645,216.31490749447107,99.3025850816866,454.740553631843,338.6731837948602,94.8990105460694,420.0247227001488,344.4158631864778,117.47658501760783,241.15094884703615,166.14239526688402,104.37835003553046,382.04650628523547,300.92145519023234,62.84294300789664,393.6367446074178,304.1979994021324,47.45947656553542,337.4397715841327,320.1407339911831,86.31067747132865,506.9896595931091,319.5085346707181,81.62775035204253,436.70728776637964,377.0741682725508,94.74824240935627,397.21199696276176,291.12407965369,78.0681769035057,364.2294048934024,326.0586912159107,156.27567817803063,451.82609372363385,383.17827915919014,83.84748560690782,404.72643790568424,317.76379967192116,90.90311944319089,339.81588205215564,368.698873041605,102.60265230879637,137.62899789602753
14,10,0.0,0.0,126.32398538818268,453.9056809910237,290.57719132116785,106.03337107037653,379.2504345103604,227.3723033526064,92.5270220306892,294.80532407753793,293.52870377833403,71.93357000213284,401.1776443209894,305.43927103636037,147.2011845190883,480.9550334804343,281.765746438536,80.68209709364704,531.104829824518,390.7148447278857,97.12710256427154,412.1842285359987,276.347735421832,80.71821276877152,605.4205334654243,482.875548984266,115.29475817369689,314.19335286170053,191.24976874846342,137.18599048079767,311.13444549882627,194.3742464204861,102.2210659246706,489.0394550345451,272.29665165488206,82.05636221296527,382.30126540681965,393.5295182963689,78.53262590808525,266.6915056612879,190.6670350924026,122.98798567664522,381.3513260480445,258.1056402018505,73.94448572641961,391.6185487715502,292.4716997363559,49.29911631149295,383.26092743027834,281.19424775271654,113.12977367863006,390.6394097920892,268.60104898618584,95.83288371660011,381.41094977625346,391.576463084313,101.19792296000068,392.8359091317263,285.5578612344409,108.5020617607787,331.17492821271105,348.1303021285388,132.88735882195888,519.1576759289518,301.3923127535369,87.44515348856648,421.9183602929208,339.16772932939193,103.5567268273613,406.5804342080455,362.4177519331666,84.59266864015537,59.548222421704075
15,1,0.0,0.0,123.3728712734927,316.05562329121204,265.73823796387916,113.30845875815791,424.85895647414407,253.73656049922198,77.1403043979221,431.5137817909088,259.28322952265233,70.61790282363026,463.1085371038382,384.8813240613863,73.97304339144857,644.4252616083793,619.2192574982507,34.06621764512376,452.44986862571415,403.6079016277976,123.64545190160389,406.1468309716402,369.07876790440065,91.10721318774549,590.2471835117565,441.90892376940144,90.62201342878538,566.5193164546033,453.412921987553,110.59627357637704,609.03421552709,401.8544451131861,76.84877430736046,436.45636010374517,396.2788221848805,125.31719645802893,377.840152876616,395.57303912163707,52.452944580270255,308.1766283049649,319.98636752532525,120.72025241871799,398.80199263210653,273.9714570738064,86.45629951520169,386.5461717015367,341.93397391797464,76.97095336815406,444.1720065552528,356.6038737473677,85.85868477585842,518.3104097293345,381.8496427924657,136.56857415022077,479.61859235711216,320.27431633060206,137.83452356517515,402.25792535488176,266.520395431421,106.038763978765,445.37335839846014,322.5145735520765,37.88326006093225,382.5152850064255,379.3424221171169,114.91169758606048,519.1576261521762,342.84670712717775,84.57204818995771,516.2827415987018,393.32477752882727,103.96928481056706,121.86642610097644
15,2,0.0,0.0,111.17656009942233,362.6126495076749,261.7206069699941,106.29422643623039,400.6980480674915,380.85789658530734,101.44504027202568,376.0207107529275,325.75386065650963,80.19227429857425,577.000364935047,464.12091886048154,78.0150903257486,752.9139013107654,606.8939070483665,42.2080562225627,423.7373241617457,416.4043075475681,128.035902870088,587.6560273049903,322.6359308634803,103.10572990718697,509.27841024151076,497.2351944729047,87.9253975747094,516.5633248964008,344.8746467623847,134.21343482976522,575.632246235564,417.56487316680006,71.34140425491555,407.8687827588856,296.3120870394639,104.67460884609476,454.35598154254484,313.16264972355896,48.56187686916043,348.40034588448214,325.97137666696307,138.2827659916656,424.0565394747743,290.0063993864022,105.39030753696186,387.8448169054099,318.6021350441121,62.8807807761803,546.6637429519564,477.5601259931628,76.8439155536696,583.1548985355279,499.6140171914865,110.89938562131846,412.60199932510244,291.4373460532674,104.35947886953416,383.0200681880289,256.4665323788333,114.05697147602791,413.7481929896821,347.0123843110315,46.3826535558475,413.39268604729574,363.4643150687796,121.65633372007082,431.7068653312318,368.46615327374195,73.52324781346402,375.70343836304176,411.38333695875303,91.41679456515664,144.90519603425395
15,3,0.0,0.0,123.6327150341,255.0847274822103,270.6423592233847,96.8032276644987,319.68854771312414,417.33052229224626,90.15786782381619,401.795310866999,287.83827050347196,67.56214421091833,405.2689980379388,441.688241558279,79.07074185731179,608.7350494938214,556.0948366742302,40.186506945737854,489.5890555484647,410.46814005042216,124.52047143647539,454.3689921025464,445.58664411549125,98.05332287512044,607.5435666312042,570.0731965105059,84.46691395808054,524.0148623345051,474.5976680524492,126.79278996398068,511.1817263837328,449.74069736924906,76.77818080536441,438.05066630198303,351.0578258941578,133.09686073817946,361.3391877089642,277.3369062726096,54.82744333555335,475.4262349424832,336.8915341421507,123.84027305148928,359.21561952792,255.61335328304625,99.98933492172849,491.4391631977845,260.7867708187065,92.14319668250246,478.7972476750698,319.7244058115958,67.28765614306593,434.9347829624227,453.80103351763444,110.13790988477098,439.4675345509053,299.49285805507986,105.80155587390448,373.43884745256975,215.64042201992146,120.7715018530483,438.13015831319376,391.8633894724797,42.23264950219441,415.5932445264551,344.11686217756846,124.34450542969803,468.22162269270603,352.31833281425054,86.3401103831205,491.2366258508782,438.0037118033477,101.17470061311185,69.92190005334047
15,4,0.0,0.0,97.0536621965197,356.50994499271417,249.89512749535476,143.76783675312947,478.3107598791346,323.1922034194227,104.57890222292407,398.6124230571711,295.4523137079967,76.54622246944754,516.9162031037356,501.0699057330883,65.71186050601858,741.111882704638,568.2340257959056,36.965616400770166,426.3108167498977,397.12078213896956,118.58248130914797,580.6977339325186,372.8031901312563,80.22794957910453,574.5099204703855,542.4418092435448,75.00695705755138,480.0517703591298,372.45959647927435,116.96577660998678,633.2031923786732,396.83679764541637,97.96089569363957,367.5009745376603,382.3872492659811,97.24458060430207,425.48967811927974,284.07188350936656,55.09709771570921,336.9022487879574,277.9402976203389,154.81304377845032,364.7061402603081,295.38212774346164,109.10084291527343,484.46035835943314,321.0306658045896,74.03791451706347,660.4856901244827,430.50540054890007,92.23921725385028,595.8621415496368,541.9255985972903,115.71855307874063,360.96734568767266,323.1917027367982,125.1375285960069,285.0194180175899,227.6486358486291,129.1543535911524,539.5370893706895,395.37765961659267,39.31233411569623,445.23263299596226,344.3501189078501,119.59280027521251,353.7528659584128,326.1676507811224,104.04991720204835,613.428616735246,433.06621653503555,103.67532741390295,90.73213264783149
15,5,0.0,0.0,111.58426962346157,379.5196218300339,245.79873360247532,132.27086215447991,536.6164207645854,383.70675246731366,103.04608908854253,442.48909029528295,312.5843201861489,78.21799782890047,500.7021620016563,387.3049654898829,96.89344106228397,648.3909601968348,565.6962416890306,42.85672354727934,485.65369090810447,409.985999617366,120.51296562318939,532.2507809187955,380.43164882341546,99.89580511076444,536.4572294749872,330.32096067624195,112.86642526007523,424.6422959771958,327.19226686909803,107.85038510245306,527.9992081547072,517.1293448210272,72.81440499870043,391.48982451691575,292.1826390652585,121.95968539975794,331.2127806490072,298.0547309178807,59.11926577959197,414.0217305932737,309.7752964022977,140.42219782426065,380.6138119709492,270.9853810282978,109.88480849632073,487.3849919403168,418.6568867434322,77.7854943617704,556.5688732692884,356.8279849845276,81.98224293501778,511.8747914772973,415.04524089291886,100.98925838047856,382.25429262469015,281.9781920106152,129.25232664963755,359.356489084212,218.14083625645938,121.30840134642668,480.9383314475567,377.8626134118166,43.095878343422015,392.7112935122363,381.34211942061046,98.82646279857826,522.4880645252684,291.3730039106964,82.7639743994526,462.5823311350551,464.79491547214894,122.0507009001907,101.51290802233352
15,6,0.0,0.0,115.81651707747699,324.4807888614406,221.8412024313028,105.02329725022683,413.50912053419114,398.60338630496574,108.61040389385128,457.8969615311415,261.4488367029859,80.65163528426892,396.2127047011486,403.19473993468176,85.08310942351596,577.6712705659099,509.6101699094876,35.14672227276659,506.23329102170453,354.9125106386862,103.18469466891003,494.560465997746,392.2120007980064,88.91600981346217,542.1068166715141,517.0668101315123,77.95701923251099,533.3891844143495,339.39734450492097,128.67243967156188,490.63263951837394,351.84755626199455,79.89648051976792,432.6539407134982,349.2153602954537,110.24444459777428,382.7295938533238,242.0908118632442,56.157073885467874,378.41304621389617,269.4064292053587,138.84376724482428,434.41118173336343,221.7086748430914,106.0349486718169,426.31894648217417,325.6759533960603,59.591379229972006,526.4031997485238,472.40231108990605,65.89810021306242,616.4909973654561,486.66077028649454,130.80395947604737,449.48128479492334,270.07462282355385,131.71566944898228,451.1576494477639,278.8574179662239,102.08367435672906,444.1528220182419,411.8620275805251,33.30328118884956,319.84188245052604,380.6073776996073,118.99272553607398,441.3004682811723,273.64369827306245,73.87206961829833,489.90097707605776,262.4586507389785,93.81442130193103,101.6807358147424
15,7,0.0,0.0,102.35882480094423,402.1836384948277,284.028151519328,110.35254927148407,484.30184172031943,398.98206979160585,108.9943962175628,415.9965738038634,290.1331035213381,76.2862031192845,597.3849245103676,396.6490859118664,96.17846834040628,630.1735952538919,578.1368752285066,36.926164846086465,417.74949568437205,380.0233597209823,107.46266708771265,438.8010834472688,341.8512722846531,92.62773078749429,559.1676344608463,438.50965767257395,89.79549378510399,510.83370961855894,360.0654249633406,137.237918280772,622.596383571831,432.1886263479919,102.01483409385534,379.63913833551203,350.7180077661391,127.2386289318239,377.4902299634243,343.4949139513949,65.26066288551351,370.1707581629807,345.72955690385294,137.94987812544846,443.25688535758366,297.24191549085924,132.08967150921737,396.67550905451236,350.31823135403425,82.0908235905238,319.39659295755894,425.9118593533528,84.09673124758693,534.1852337387514,508.3737194291389,143.33649467324267,363.0550884890698,287.60969141100696,122.53905135447727,367.5817127118921,291.64059626447806,111.15320698195067,422.4382566860317,423.2637971739591,38.663466357217814,392.3130690170188,302.52402068635,131.3500033708006,387.5334048326057,271.314353075431,94.13731532207964,505.4917003350116,429.95833218336696,114.06980497239437,113.45887030659328
15,8,0.0,0.0,101.26144760861669,347.57130588306467,275.276291143173,128.4368554489956,537.1633333103488,309.2636450268272,78.21623290297362,381.496790353853,312.26930674843265,70.44824307119002,376.76241105742093,446.843815080443,72.57441258280184,679.9742957664422,554.6134661637831,37.57044398406588,389.0151393996709,486.99542655773064,108.88807427656322,484.8292068777438,407.7110731903192,106.13266557930844,555.2239838734919,558.5911651785851,95.32664415248452,439.482435398702,328.4835244835658,121.4688183094545,528.5624607705794,567.9245761406345,67.83200762424508,416.3512553235706,310.89218976875446,136.43319288041707,346.2009239209736,280.2874379527702,69.18842133193708,329.168918940406,342.8172684316884,145.2035006105923,432.88785390021746,276.23584790394193,104.32555223047406,432.89836348357545,315.1976800651359,84.89771651154422,516.079023217872,363.94555801104667,70.0057286285071,530.4524581503788,399.06485628394154,90.0461181356115,396.53380440816176,267.99811686297426,134.83363805364186,320.64086526325616,273.4356310058278,104.63868868329287,540.2168102586836,384.2649241184704,41.48513701506264,420.7066975615394,371.55373452449584,125.03880940876414,440.10743365140536,334.13015689322265,80.55217871166475,613.5543473893508,367.5822338944829,108.76132026454843,124.99468543050173
15,9,0.0,0.0,75.56156289118314,359.0567010103009,287.95461622342555,112.99632246423806,431.6921198708775,401.5523813464301,89.78958330730825,381.9284724490111,259.98101943250583,56.81842717217377,567.9871475031275,380.57686494821303,77.11099034602518,584.5461855045324,553.418125654062,43.72420825562763,443.3740262653946,515.3695130893923,108.66622074836849,531.4413180150017,351.1862099257861,89.47649494413805,571.2550272522428,545.106841737135,74.08010602963711,597.5303796670942,426.4409163006061,124.23051291546227,666.0299454449246,472.8466726786392,84.17405165583996,405.19811048264324,274.6881311951496,108.37539753710973,417.9334039140805,287.6520256670216,52.51135100155754,393.2959511941538,326.14878219473235,130.06987698760054,309.92102699346776,343.88598282082705,110.77430411130702,440.4771670920412,271.07566199545965,62.78666084261698,433.9436876309933,364.95638830093105,80.80413656043886,494.3446503703356,384.13615108695484,107.37286313580954,418.2771469663617,338.4643792646475,137.6661266165243,405.7548810194822,295.3063406118797,101.95339975637768,486.54026907057704,370.26994777870254,42.53207976801404,419.1656427980593,403.79787583277874,121.01209893573774,393.6069480347196,387.3278869787922,100.70130832811323,515.2875807463116,489.1489644698433,98.26769836995517,83.65128255443243
15,10,0.0,0.0,96.95045115392247,382.83738315440803,258.39287837419664,108.96218875649434,467.51796756047895,417.9195017875048,97.82156468356149,464.53606495361,291.5521959553387,90.4023737340295,464.9271843391073,495.8046210409415,78.18927139228278,739.5624402369707,514.7445308310306,51.66318912279115,524.0802022176149,445.22401719738605,134.86753486269262,475.706651499955,422.1605910264345,106.77812065251038,588.24066558219,353.41485430004514,96.52268405766517,590.16201618139,483.0152588913441,123.51352847261312,624.9592631993731,372.03481384867575,103.71909902834679,407.1011884240468,387.69135771026754,94.13567551903654,471.64242395514844,223.21430787760153,59.99605768908847,365.337956442409,369.7472073201109,116.97670289537353,483.2850984652475,290.51768622394195,133.29041165120412,391.14859361418974,328.7310932239795,88.17980788162001,464.99263457955954,385.71193221089476,70.98460089134285,588.1241875309378,431.2786075190674,130.7474492427221,447.9372913422261,332.0011640606565,114.6579067215447,368.165159689201,247.8465243865605,114.54343605794669,527.1079667108066,338.6399311933219,41.86678409131558,458.571265582412,340.13225572475994,128.80877959161643,420.7169173025035,331.7437842110802,79.85479714068016,490.47609203080884,361.71392603122445,111.78071637305413,70.92696959769212
16,1,0.0,0.0,94.85208372996387,443.5393830808386,313.46043570450246,83.15852576506775,380.2134701139221,359.6738766335405,92.50727262173193,514.4134974332746,546.7008973538119,40.232864256788424,446.83334068933164,452.83828211364323,96.3344994221873,458.0393128923461,454.8369276912798,128.04592707210517,562.298089260709,451.73502144188495,99.33523997512339,478.4914510885555,436.200330955879,96.55998304779085,484.422225115553,417.49306316402425,122.62191255621562,520.752429627118,355.75450571424165,107.76003083191047,441.08491890988626,338.2634227423999,85.79854805496596,491.7228776070251,451.8418844603146,44.12394523195559,541.3347780158555,454.4360187090996,104.35223460270618,514.4198950232047,377.53364239256916,90.15151838713929,464.6789982056818,352.6941448340871,99.59362066926623,474.0441815186187,363.1126519096976,44.95340198125771,507.6665234601311,499.4822938432957,108.17925692357407,517.5093791728639,375.30800621471906,60.32026212645801,458.72383385218086,470.26648710481425,77.9945341460152,426.26728069034635,275.4800377522728,136.67593959763127,552.1519511432531,330.1947962275516,75.28096037407433,583.8838645657855,553.6339734007398,91.90031852262709,441.504830499068,271.33026008079014,114.66983518695358,484.1342406974445,369.8536461448409,88.6950592018068,87.25901680274166
16,2,0.0,0.0,90.09089921530125,378.7689766759647,300.56937015251765,81.06047070740448,444.9474400092438,356.6194272194875,88.23140905494743,682.6610400380582,528.3716884273078,51.72329787397054,446.4551947036841,408.64171162624734,78.25968977465492,613.2610694960326,496.85425899049494,135.99791550011997,558.759811645841,434.01461510738136,112.56507283233928,525.2813962009055,440.8432017611084,87.16065806941305,478.47112305122533,405.5520786578654,112.27216576288049,537.038123161426,387.0141739457385,93.91078028126738,407.03429805551457,339.89052291578184,82.50014165059638,496.4896951549392,502.40991217513994,32.940694345767646,562.8783436183668,485.02457339630365,126.93926012910188,423.09776085769965,347.63334641281625,99.65896617720813,462.9097847222887,353.57331690363435,102.54845987044237,452.957845229218,336.20449119639864,51.58878825961013,580.6334402409276,468.58584070406715,107.46520528342805,476.3793973848236,345.53651981947115,59.00532773685106,484.06441855491937,480.4872242666295,81.59639663306537,407.7709294435711,378.4879475870298,130.55870764022117,533.4861250465142,404.27120422907024,81.22177412536087,575.6484266986652,485.60527358467425,112.98317045659894,409.44992362944663,288.32788964038946,121.11848437250646,508.00977245487366,331.13733362081496,78.81458548525531,84.38200218587939
16,3,0.0,0.0,86.34516959997434,356.7563484844798,304.87260297415685,89.77919299009162,424.19216556056506,318.9343263057875,101.29595630483914,588.5157644512705,572.3755067315507,49.27967091633094,437.3435523956266,397.43464525027343,72.19622312682301,534.2510143078533,538.7584588131205,130.3641669864952,508.9442764078018,407.6421111004514,104.50521425544294,446.51039014235573,455.09190922441627,100.35963765022733,429.2269526234572,411.05340974971847,102.54916056394379,515.2236815680859,453.8259752493966,92.1905241185421,428.1302294477012,317.5021496628531,83.91846110593244,513.985703509851,418.7159153355853,49.98230663252166,545.7111403953767,504.9156527154894,107.03711518891666,474.43981170606014,342.13049983906143,107.40082854460677,441.6408227686741,392.9329489333207,112.02862833142223,431.28914686194736,288.352613360369,46.01695490167837,475.81795011817957,468.3457082797812,102.94123216860429,399.1507063603833,359.9195570214081,59.80993541140729,548.9318769039531,489.25510257330177,74.77363361241879,422.2320289339545,382.67389378939964,120.1378890268928,407.0593204956027,299.546933819604,68.61403671317717,602.9222561521705,437.2687362722688,116.40128323219268,370.1275215297456,255.9757856042333,125.0022598626697,509.10956843557733,307.3714311909389,94.41295593691669,80.85893678292354
16,4,0.0,0.0,94.61110514217792,388.37513409914874,337.33936656041936,79.77861833544142,429.42627414640964,343.4341881886104,94.16544418703228,606.4446011964482,454.86125989867674,53.8783862058901,452.7017888145864,429.20924226305414,78.0616368895727,524.9959270340886,497.8708607044959,153.4521352007467,509.70775890836086,504.60844291540695,104.69939259817437,501.1271164719206,365.2245885255014,98.71581425761866,481.4573802814521,374.2035440629695,126.19454121061878,547.0586662344039,453.1701895696494,100.03756718443515,367.8625750267429,330.00836771949685,99.1094996534456,502.9102526535286,436.82003509740207,39.55799406317913,515.6366094261257,362.80762749597284,104.58488370935815,480.31509888684144,367.41341218729985,107.50075376115392,504.80012433557715,354.8033142750328,103.67035612167267,337.2370629675778,283.0387884322198,47.61201467872651,481.875876783089,420.0088161989065,96.29563734970205,474.86057018877324,383.9305138772574,55.56479548825928,493.2840748031325,477.69940423399765,67.83671028623918,385.102735393279,356.75086223194285,135.9985087733551,439.13556230683,380.71196355101614,76.49478863638853,572.5429644084526,459.5333683575881,112.73299070467436,452.64062156507845,313.94079771637035,87.44327151976734,478.7254318660827,407.39854272246146,90.46867863244474,96.65924350125492
16,5,0.0,0.0,96.27779619712629,347.80453495591706,366.27564068290917,90.3693160258552,415.475108877841,379.77150049124293,95.55443662015834,677.9983431892558,497.91021996590115,53.05468331568846,401.00540434399187,402.33182315032775,86.08729580148432,595.2505385518625,598.4571944384004,156.95599525061883,531.1009348932779,376.3101155829957,94.43785288030732,465.13326707170194,335.2735695201196,87.49495862182295,511.34392875239195,441.451672802053,125.59996882561079,481.8186723661162,428.19426065799496,85.73935637405667,430.2365437834547,354.4928963405225,95.1058052177692,516.7272218669718,465.96463677001213,39.54039721071321,509.04652178082387,473.4732687076441,98.11032081554703,454.8183499623022,388.6094670318828,94.79373395567542,516.5023058396815,379.44757675582645,121.31845900282681,449.43930190153236,306.32958205518486,53.29320633758696,528.9503125080713,384.6589131317728,128.5615418388365,434.2143971170994,330.2865283103878,59.337989136313205,545.1921547545784,386.3831035772779,73.6186680864704,347.49369134861814,339.44924394427085,148.96960791917016,483.16077892303747,352.69605248641375,70.75972134608892,531.6923964497711,441.3184187213355,112.04643696804308,442.1185664479214,333.81663907095265,120.50501306376351,603.9382299726748,384.8371091950921,97.24804429439688,74.54062658075807
16,6,0.0,0.0,80.09440501773165,435.18951087532344,298.44393531946383,88.882827456929,342.205508182343,336.31077548562274,97.24394240234047,529.9409092896226,507.1809000048965,52.74192163532645,367.27282947527215,374.5749338618461,96.63324677269992,653.9143253880868,492.69385007920414,128.66272502588538,503.98380925207636,352.80557456972997,106.24144105550684,418.1090190239672,428.96386944976695,87.33189314207823,486.5676165627751,423.1956117168446,118.96284113674096,576.9015587915032,453.16566171338786,87.38893711711991,374.0300724726233,308.2024497957413,107.89696467209087,513.2281152662443,528.8127047026396,39.631139114709185,544.9654655706596,499.1857538690039,107.839882124429,472.8366603553276,351.41442278604114,91.26155951168342,472.14436605556403,375.2633101363249,97.62665067663595,450.96857660000495,339.9950532929019,53.4356023119695,545.1296214421042,499.4865296526721,99.80216279932395,442.5096355428262,315.155276410777,60.573241853389185,451.0075489513484,481.9833961326787,70.20649974315357,449.38179006875936,363.4199922865748,168.1884106582886,504.03618787683615,283.8227314286605,83.66681412775117,530.7994131913176,443.7217138571586,103.83160098543979,388.49819602047916,252.88286344977143,121.91055058202373,500.978344053899,354.5473032869556,90.89750069386328,84.63867637363931
16,7,0.0,0.0,94.01886779561279,499.57845920892066,376.17964567863316,86.08441622449777,408.57908953215986,312.1289545317555,102.78708713041334,546.7299221534549,570.2183609866864,53.93971254528354,334.5985065580827,380.92410728116346,86.02397015644162,569.3124310179787,484.5603800110673,162.91724463156092,629.469904560344,386.61281332885477,100.96510212406837,447.574722650338,385.890021567606,73.85889522445997,473.5178999246854,396.3248521674997,141.06967371579958,475.73564345559714,405.01676847890735,90.74564523168623,420.6809516864635,342.4629370889695,89.47798258787374,621.2931003273334,503.4450657453501,36.11575361261159,553.0997703002996,468.16958867889986,112.49163530367399,374.01640102246955,423.1014725575707,113.86929540471439,523.5866461734873,294.76934050633,102.96865508880305,447.02630097426885,307.95263478062685,51.192988024082126,506.2976660888916,485.2551237140378,101.68464345445896,463.36968841273136,372.19229554324886,65.38791379320932,515.2785500989708,437.8705795401446,80.76032007706858,479.7659082609847,378.3441563377667,150.85753757288748,520.5383048437465,347.5034150528428,69.25981976838386,562.0625628203518,478.7019400082621,109.52845962665216,472.871970601265,257.53924420533093,115.1551291170387,500.831721661874,356.3471890595807,91.56779271415039,70.38381338487058
16,8,0.0,0.0,94.03594195319691,496.1483461051929,336.7812168165549,104.03239545882695,426.3192834776446,369.741013040748,83.442341511001,628.5550670552292,519.3766803364191,51.6673343848826,416.28223158217793,365.09649090503723,88.2096003363194,589.97323324624,389.51250806161613,158.56904661965183,600.6812212763541,374.9699265511677,94.06407433046681,505.85383484936017,370.96150768574637,102.38497488983641,523.0708742294662,374.3617627173297,124.367057731851,487.618575247927,454.76005471561825,108.67901437779796,345.0339567992519,326.56357779310986,96.19366747989221,594.1042480419788,489.5047600141262,40.96731473866321,498.06371414289293,437.64020912869444,106.21199512136151,461.36534099902354,331.41855250769646,93.49208609407727,416.97978524362577,294.6344749634069,118.75818095582412,498.69870135459826,365.61578614215006,45.965162586599476,456.7991559331101,439.6876615690926,104.21575901158144,485.5530222649993,349.604440113749,61.269039061413174,541.1388610352138,394.22621207875494,76.82101749294031,407.8318140793664,410.7968404177022,156.4832141964117,562.734038510584,326.5073546507416,71.69206528070636,593.9726405193344,491.1342723207089,117.71619382561417,439.4695018931689,283.20924639166327,115.0605964793909,521.9745853977639,300.81967193197454,81.60520537405671,148.93827293038493
16,9,0.0,0.0,86.50196947140776,498.35288968094505,301.37257795870534,86.7309590324424,410.58728825201223,377.2815802365802,86.3963062986974,563.4106281188579,570.370665654612,49.19245493886218,395.6389151864788,431.0015229918727,92.05267458994611,475.7099994254904,494.0889479425369,143.61622251177073,612.5930068848688,366.76266068494044,100.66706940158551,551.4295471938506,363.4254198751197,101.25737964729721,490.52583749136375,373.7332188220704,122.38294791270457,582.8785247564934,439.7865578914487,97.15371631091759,341.46961931438994,289.32808466556986,106.97247324944217,445.7657676205892,499.26283011542347,41.2876544670715,463.4686223352617,467.45077888234005,89.20854393831043,429.44408240645066,336.2713979404442,113.08661308364623,480.4236095566628,385.94123387735436,97.49235758968341,390.8688610140371,368.44819433098263,48.677285414934786,481.683099282547,390.6649719348691,122.33403399546164,388.79224189734197,329.00770793145756,58.93904462427092,457.1783128624873,409.19347336969815,83.11347875916408,397.6763177816903,371.95143387601235,155.28991999076288,421.9193395251927,374.84572197348984,82.74956852716252,539.0476782758258,469.27958747591947,111.1454617992818,410.76791015367513,294.6366563056086,95.63515953021567,515.8513711002596,399.5406275202336,69.9968775794596,117.19950096085793
16,10,0.0,0.0,95.6493170668018,443.224309995517,324.96739364663784,83.79035092234983,412.4096089041103,436.2471866567409,110.00103296989036,538.8875644461815,491.5578176768958,47.44999166314905,421.2562733190299,374.7962706369246,84.87238817876354,596.5129625833945,465.5646334142859,160.33381972902214,548.7260627156179,326.0307874598387,108.75268725552272,547.824470064521,414.19229634189304,80.14235175467869,506.7356447787176,385.52392512581036,140.39267783032938,561.183540531274,465.5028311410032,99.36053554715454,450.7512796232578,335.7828049800452,101.64278755493656,607.2646819382248,559.8834962331259,43.19978942862774,488.13511633488037,475.9803875857153,98.53742221468751,477.1709886511814,332.9038147329565,101.75127010490819,441.0515641211283,393.44731220268955,115.94726986051172,483.0766122781904,396.3123578262274,47.21133077873516,551.6310646542167,394.67401726756964,101.4301945630869,439.13006672516093,352.44549723846694,68.7022260161907,489.4029336633862,443.6781014962553,73.92698204857763,477.0815299441359,336.52207643772135,139.29479302433535,446.714925118717,344.4229670003925,80.70892360864083,541.6076369575674,550.7653317462841,96.58374310241538,369.91390873830824,327.07586273035,131.23277572729145,467.848328876592,394.96946282662327,83.58301284915345,95.16973228382403
17,1,0.0,0.0,115.63501795625972,252.41946720101038,105.41763100987572,106.76433718103375,215.17988010576718,138.10674310580063,116.01371469068745,252.1901665518994,70.03294804986392,105.88364175766652,219.03381170020745,99.2965494417707,154.41264619152395,182.98949887580056,44.594888095468725,79.21201786777156,162.2271997514768,69.4321239506288,78.22797456133671,145.41411406035928,92.01591248287575,147.59286493069655,284.66855366473953,116.61832264670392,89.86047272621434,220.34044990694534,157.05452995498015,64.1177378808818,282.8171638380162,206.83401647847253,80.5289166823782,205.21135497480606,97.02111715193622,140.95030178684286,218.56138304257374,39.92452882168399,92.88219881929759,191.67481294967095,81.62268243002822,125.83085172276513,193.68282694888262,61.08971393693267,128.7383536363828,220.61336102019672,133.31810637866843,109.02163349436599,195.11724131974347,108.31182427551583,95.55163601178958,160.62928393308653,88.41179890386783,85.05068364864083,214.16814589157548,125.9197620927586,77.12802644382317,188.27290403420542,112.00339027321108,95.33778408443376,214.25668271084623,103.92185087637142,64.06738324953017,181.78663324240668,101.22512804522188,103.85510734745002,217.69130441771773,124.35659640444831,85.2231733852544,138.70198938129013,54.554437832032455,74.91465795845939,117.90892899923193
17,2,0.0,0.0,112.48831245356817,187.9943933753001,92.15554122389837,117.06897335025324,212.45748019495994,134.87516606578012,142.5703595961532,188.28104833089552,81.63082824745901,104.10354353988396,224.56373195175948,89.5337040794642,126.84389589680481,187.70942675774143,46.900902248842286,83.47650506162246,164.98589806603934,64.64141013716852,74.08634705474702,155.04272099731884,75.68800338371602,128.2624089468205,209.4027075685093,150.11849961845775,88.68231402392404,219.07412549446087,139.00373082764833,59.60435039812274,310.51188354793806,242.36561983121703,87.63084388708326,176.86330359273776,105.62038673980956,156.09588837353024,208.90376663772906,55.54074167801028,92.95558597450797,179.61276951879208,82.07017007892851,110.57030433351257,178.93611843669032,49.30095964601476,84.88118356283121,245.5416704916879,115.14130175846738,86.6259349345245,199.9153056586354,116.78770861286453,71.22109065739635,189.20754414982278,86.56877047340151,83.67993866264602,229.25940393677874,131.82156801344007,87.44453731514415,243.13710906006952,139.60441049331726,98.65303722961458,218.79936972767663,117.3333676228483,75.58673491654599,164.63931600049457,101.93290725736732,104.6953335245168,194.3864521029618,102.77124652064249,75.35302253340107,134.7432285038938,47.41725458203319,75.0619972358586,93.15145280500919
17,3,0.0,0.0,86.77852433089437,179.51801957886045,106.03356435765174,118.99862160677466,231.57796753165178,121.9563163722507,112.76677947264096,197.95939011182801,68.66664957177805,103.27797577343527,230.10842539105613,96.57153328588053,136.79103792164662,181.19868845083334,45.79390763362102,110.188296618661,173.13408837016368,65.1216830658022,73.14320810546593,184.89791003886359,87.70923663126047,147.86680982410132,243.74861762049002,99.94138322490257,79.39206871446271,262.8893576469621,128.17488670713766,68.62642575296894,286.04755560787794,181.29117860733527,65.59853779800835,202.23532297543642,99.2552054794935,140.07409648299927,209.34576786860072,45.76257204996432,86.96243726020782,198.41130324853359,68.48965909525192,136.98859503827782,181.45252278189957,64.43247033393997,106.75440638131256,261.52034199691565,99.26069502596513,95.84010773819068,244.81246436488792,106.98179764100449,87.52529673550158,180.4250387613248,78.26513767005147,92.42668587511547,215.9373266719631,130.9608143023997,90.12875936325356,185.66637982434779,118.79789061432625,92.35569855406821,187.3219785151585,85.87452206524559,70.58466947922662,203.37928534639966,103.10292770921001,115.33279003845676,237.76250922798567,105.58690652077503,81.74455238554788,152.19168427345988,49.48413003506985,76.87123167222,84.21560897206547
17,4,0.0,0.0,103.61274137625733,254.77082763414896,106.09594722560904,128.37682715270344,269.5121216169694,111.47056403731688,127.09526584693357,220.80664275896578,76.2405895017507,104.5484876980053,203.96708323856413,109.78670687331504,126.69946487358565,158.61641237752488,55.5643461410447,97.47947063903281,216.78631509763696,65.30999716278176,80.57786093828,150.60688627411872,88.4952485786238,123.57094868046596,241.92566494453598,166.88626464956664,89.78679465784828,150.84503269641112,124.60502162557805,74.91781729024063,310.6600845029434,205.96491687942935,98.50436161805673,204.95433142457014,122.06784115103503,129.1969785808901,201.62278529489495,51.743304747011145,94.26057108311439,168.83107144361995,78.80416448232766,111.141960151317,163.49119790416165,54.4569616260775,102.32017906353956,236.80748514618327,116.59939949152376,111.93157272265589,206.94859657356818,101.49711288317528,81.2367278505218,187.50432073634113,85.66377530235732,77.50502260327345,216.67314041645665,100.96357165826143,81.39460152363468,202.09383832383332,114.55142461326022,85.18328936024957,202.60193813098206,104.00618870598737,76.52345199053252,167.92734683838245,140.24626208012512,84.05980277192923,218.6507338511979,120.61373270275541,74.64234148808032,136.66117176733522,59.235123077443426,67.09643284522662,110.45478279018144
17,5,0.0,0.0,95.08107223089719,238.39368573811848,105.99689083417444,105.53241362994866,254.840389063736,168.45722802730947,152.64353008731672,245.14719856604037,72.45831522372627,94.72838947596452,257.95529113474004,102.45871341983221,132.80294095595303,164.61833013922427,38.74170537684539,107.51402839421206,168.04882096536923,69.56744333068065,92.6033026046632,119.82233121723232,78.51920793812646,126.5942015641861,192.8607436524218,104.420747516207,75.30715216561912,260.25396719838005,136.0360565301806,72.0758421208209,282.5589271029887,199.44600513623385,90.5630927635824,176.7234421906925,90.33634603704058,153.85841216131263,180.03642309084495,60.49023334359883,82.05900457788961,151.69040740701428,84.7099341656739,125.40777583687715,167.94109056733186,65.93321821932201,118.92921319302893,272.5236506400886,121.96801520210494,114.13509261750738,161.79569630315092,108.60514350241976,77.26055377057475,168.73206597248446,90.02752430215405,87.66600606459427,186.27449420368808,140.07220503508347,79.73386809994788,180.90017288556993,154.47421888346062,108.09884994434393,213.1877775691691,100.82913386527267,77.8522330409026,193.76551787113465,131.20024595370438,95.05673735948626,179.83118966164008,127.53301691135403,78.26850958047106,110.32538641822691,60.15415243075557,78.8794286815748,101.64492074274744
17,6,0.0,0.0,99.93431036324124,167.11610523496927,112.57346796969783,104.02554716194011,205.7235835852036,116.03576488458148,119.69396853884027,170.68638411891376,65.99306560427604,79.6011343040062,216.4178173654939,80.57379871251689,126.28986708136333,172.14016882111787,51.27923924855845,92.54049275715052,194.37127715902247,60.86748925237685,90.6832665375926,191.18790538808568,94.89279513999742,131.91046256549419,271.0457769509353,141.9226771143915,93.33086330431951,234.52628013635191,137.36706606283104,73.95408389073499,285.7964378582748,200.9010218979202,89.68938622635334,214.56600807530475,121.73062956618787,115.72062690357527,196.84305160279985,52.02544191700572,108.50175629526227,161.71228210075571,75.00803135812338,145.7788587167142,148.80690773859493,47.06399472799098,111.83513562655449,203.93469080362195,120.26940444949622,87.80432895893178,190.3843497966507,97.36009909952044,80.7181596735626,160.43081524339672,78.10684798310167,92.42433315464125,204.78980236443522,125.36061128891492,62.759631805768734,196.09681351561426,97.65953603194497,83.09560559265074,195.18761402474968,125.35940566069793,75.15217340764681,200.89054998590396,96.36593848416453,110.34534662020067,204.82238217352415,105.76014271596918,76.36961400873018,122.44379456837879,65.05541658458615,64.16581200775192,65.27519095023311
17,7,0.0,0.0,116.0689925979068,197.30900224513903,113.49260481073853,102.96887822924717,295.6923568302577,126.39519982522889,119.017193946248,196.14116918679318,73.12023060463996,114.28518187613433,255.68658356573187,134.76786355291952,135.92408544752791,202.85694695098843,63.34195831911892,100.80689743907207,197.79154210271915,62.4780469940656,81.09396633025328,168.87194018616373,88.05667024948333,120.03757305358607,201.71599849940554,135.66256530804105,77.56326425534226,263.34111764836894,151.10803876863622,71.14633374193225,298.5313623602649,195.51576656284237,72.45864183839502,184.96164379023898,88.53378205568444,146.57427687965694,193.07754873428294,59.21060874068841,111.67094540715597,171.4686483524743,79.34969340684505,138.42795687786057,168.72216474057953,54.78627829561552,116.01241784744387,209.0116626332729,122.63175067192596,110.04872356431294,217.2719903017088,76.60977386227479,73.31833331492658,149.96530709551342,88.95669424666882,93.21334463504326,239.4962491560912,104.94662017750214,85.81472498430766,208.5032625802686,124.96574751276573,106.29162806950022,203.26100032266726,102.7706129482998,76.46839471152302,202.87004012614614,122.28944841861205,97.49184311751496,247.18767842433024,113.59996320512622,75.15419954466697,130.49059899069508,51.707567446655226,72.01257591363101,97.83856719982063
17,8,0.0,0.0,109.09458524090822,225.9138891641626,114.50203069067015,101.32382414163315,224.7106161831465,149.04751811869602,131.48959626623363,204.11064204918665,82.05287325211862,101.12712041434976,237.41224126030033,120.20824049952088,153.7712797017336,186.21537491334777,53.53926674908731,106.1134867849359,184.28865305563187,67.98931869170197,82.07423540117217,150.345043925085,89.98286363640996,136.0502473949964,264.01981599205357,117.75888883315059,93.84583110899763,230.81472440121874,125.76567738477671,61.79746792930547,284.9002005333084,219.87921770702394,84.54538449775171,226.2233162842505,131.60774958233355,134.30969931556433,185.75841658552423,49.80601276949052,93.30054236702176,184.8667032066455,68.77988888048866,131.4898590111567,172.5062177505813,52.691632222406604,104.23975769708738,266.2681518047567,99.92709101661735,106.65303028833156,199.8799680894723,115.81714631714394,82.85163311468166,162.96114623680648,88.59087109283739,77.84042451380701,226.8981696246365,134.0037682218419,96.64468625365568,170.37847038035335,99.85754859448993,107.38784384407,212.6784178641263,121.5078661630956,61.84905326189434,154.81181135347063,98.74151583129115,100.75512011103363,251.58785825280899,125.68312797234644,82.96307217372242,142.83943504036293,57.39454140700148,68.79318806522365,105.12895042873501
17,9,0.0,0.0,119.4578307085015,218.53502996982579,96.35704438058593,129.66343240913346,215.504711613624,154.36966613829907,139.90002370541546,199.2638036780049,85.06042497501731,116.3972405528377,221.86591349635583,97.32903010584147,131.60187160500587,170.84461373691522,63.475362129874696,96.86790548912114,195.81056168560548,56.76924805288824,63.78342865120611,163.56842912644782,87.2421079853051,115.48494115392302,253.00057543539444,105.563261758783,83.91836248056286,242.10398651640145,157.00954413601005,83.83296852955878,243.19559521786988,194.6529965981871,77.62494676475832,176.7945362274348,116.3881266119411,121.68448589288128,193.12183474307446,63.60545514184462,105.35040756915014,179.2778851402299,89.69112264683187,140.80267722572822,164.75932024314744,50.37127644485855,139.8502014113664,240.3274086507583,116.79126787953912,82.46842337225276,200.37781713268046,118.58688854357064,86.04650415696912,167.59134117083946,77.90372289176936,86.39736079349396,199.0901923422452,117.52964975986427,90.64797299484583,220.9997957633291,85.37828560160469,91.28420207493927,214.84685170287716,101.23589929255867,59.431143242248886,188.44724857430984,136.55791024296178,109.26505462815109,206.97786675494442,126.29870234612167,87.63844699456703,112.63135208143783,49.54151022873039,80.71788368893739,84.58425883299512
17,10,0.0,0.0,113.25824686770585,233.70922198966366,106.48914072178962,108.1009315770271,226.902460983542,118.62056100538558,143.4489206707201,216.1837182364323,70.95930902340898,106.38326465644325,187.23271733367557,124.18818530600605,116.05213027001017,149.49789733446744,41.12096846254708,84.99533905051487,176.82160495184718,64.9176350841477,75.86732530500986,156.76627090181032,94.05318990354596,119.14111450547134,199.41325522675737,136.45054858665236,82.03389207286222,208.428644133538,140.38895597832382,64.1762471989786,269.23331807946585,203.8953494502777,83.77438124117658,216.86515566342092,118.06562040976524,129.48782604467706,227.54126253227827,50.88571494047837,98.79200463924417,186.27503946355796,74.07322614453886,127.00821971453693,162.07772574245794,64.26267798048173,107.43189570371743,196.73361750910163,108.2400787543835,116.974689318145,217.81278146968492,106.65536309224174,81.08174802413691,198.4993986955585,87.85877387993517,76.65283409178862,215.4469884230002,103.67079286508194,83.32051288013953,197.6236280299835,84.66551252217675,91.92469489765351,205.16990424600573,95.01187121612124,66.34984546304054,187.14346160247717,142.3338290281329,82.31982440146959,205.83742577087833,131.82987255638452,72.41473223833555,125.87712798141926,50.95840441704991,62.47949340802282,106.07803834991512
18,1,0.0,0.0,83.339555749973,134.53764942289996,51.02757556646489,63.721875383715854,199.69001247606093,88.90496005206475,90.94233476892005,144.2411467696558,6.252628387683332,45.13496629749531,136.0627040895253,71.27630958899596,98.25180070417113,130.33001189389162,58.332995433461456,83.52575550685901,151.6926649858766,57.13067324676525,113.84739007867735,219.61203486808975,62.89591024945552,136.56832601355623,174.98115069160224,44.31011659771909,109.98294683834104,115.12226388569766,22.179678385744094,59.99690089061791,130.1846270923857,42.9415515102083,87.39325793657099,128.87212477011084,31.815941946391536,139.74458751896768,164.3497889133592,54.49609658567089,41.805126182990946,139.60041344485958,61.92116097787099,95.52079013382988,151.34218561109168,94.44645436629752,142.094028070107,149.1690250088992,40.89873928713214,64.83934150804949,169.4371372198511,69.61281256585184,49.78059361065585,117.1184107466276,70.69283587079639,82.30441407533941,152.66145359888262,63.40075461001878,80.21314648741405,160.93339672555808,72.93784713989581,89.0457930474084,185.91249539218788,79.17907037000006,50.295504571434925,133.1449984096281,90.80091277904157,96.51650674369888,188.0472319660193,68.91038892969566,92.78728231113782,130.17682123544083,45.86159816654145,96.01320065905097,127.38940274237525
18,2,0.0,0.0,120.70576999543678,173.61983382247465,47.97772980912604,94.15172173269205,196.74692187590387,112.76799165882547,118.27163391170335,123.51451700681547,4.162963378756784,53.12300954889214,125.05304092741072,99.74059764220623,102.13353900698978,121.79646049957296,61.61272854364222,90.98173824515426,145.06026681566726,50.639086224532626,117.47166295906725,163.6447887285097,63.02269794823854,105.96369908392934,181.8847688325319,68.53354747412968,135.70977532223426,130.9697038195096,17.546395079533596,67.4447997997174,145.53781166507204,76.26989445569333,84.06780306215272,133.7582065045393,35.31542422719177,145.91258436597448,157.6238995413857,28.33941907176621,67.94056343916616,109.70047037692069,60.11589652460324,90.53449642363141,178.37900716718397,106.37578862238018,131.89837106023555,148.17336766081183,39.00181474667713,64.43542177746116,159.64540937634933,97.69406802262935,35.372453747071255,111.43750362714236,89.24099043223224,71.83754965951331,192.59815976049535,80.53294918456167,57.49421134610697,133.87359262143934,64.80545895470124,100.92619189050644,136.00732660110444,99.54172573142483,50.8886546822602,102.0500910554165,94.12889936006823,99.98526757902114,129.96990295489246,85.90857210947912,100.48787166637234,135.34694529430857,21.489850975156994,114.98900405472118,79.32107390513394
18,3,0.0,0.0,85.0001841299224,140.91328600168464,47.64055737285553,72.87641889087362,158.94547196968003,87.51795093563416,140.66482486438494,167.00840785320142,1.6879081968533693,49.28411919914695,141.49798485584188,131.18798304587077,78.74563040431265,138.45298092925975,64.75543457684604,92.41697336716426,161.61272930432867,55.541909074468265,86.01360195328431,152.63899108419474,83.99964859769996,112.80704962382487,194.50341634801333,63.39106409351735,105.3259348380972,143.74524893455705,23.719781356099308,85.44861491004414,135.47249471479353,62.178068574270235,133.48751107997208,144.4404133553176,27.101327669257987,127.9787872869164,220.00658291714268,47.11384987066662,68.09999135091253,123.73233216722875,71.63611104621432,87.66261660081379,175.57030189449037,101.06605372671379,130.65967430461308,154.16492750677403,61.13952338183277,74.18949413812803,129.92141170065827,63.66031642615266,43.43315713698776,123.63092757640393,65.46943709326271,65.86048120354211,132.80312760266375,77.16266124222186,62.16626412344067,110.31519324536478,89.96427863141135,90.6707123167939,143.68228133245663,65.3728412218427,65.52545764063474,146.64997883582194,71.3336973222001,111.77762857175289,192.4279724850042,94.16011483509105,90.16331801000786,107.77755593755387,43.84846130101559,95.33440224357722,89.06973497412181
18,4,0.0,0.0,90.98744805123457,123.90064433218797,38.65255534828527,103.23692307059295,194.33950073875138,117.76570552088276,152.6639656383697,133.90935517721124,4.021575518518002,37.72215858115673,124.63488654382687,69.49348691940968,87.15790739527829,171.513310632163,58.73144703806999,94.99085357212752,144.63374586195525,49.97005225326661,103.83498776390152,197.5405804836856,55.74072433559192,112.11562022321978,258.82310242600545,70.79042576553641,93.83309300228551,175.03557502021437,13.802499850882281,85.74118588875852,161.15645049648725,76.87936484198454,93.33883194434159,128.98727839617456,26.049156920756094,117.88063749646643,125.83711372467597,31.7050273829132,63.70975652993,115.62719765947679,70.06802219673867,81.44239939650613,179.894241902638,95.72242944263441,112.56430482872305,145.17526693706787,45.77208158112577,85.4037475209663,157.07925129506782,73.21031544611027,36.907607635269564,128.70624274648335,58.0062720121759,66.87304172491095,189.91206329287087,66.0909325627151,61.503677257264805,110.41985286886569,76.96965255507858,77.2089748178224,173.22596758320847,89.82692318594863,55.94256088044228,113.49794940655914,69.85125760240174,85.44537587133959,211.59910923337677,115.48555327673353,108.22015530172301,155.95863828254542,34.000714381533776,119.84587048018835,116.82991271838313
18,5,0.0,0.0,84.72370124171456,153.4063920436767,60.2168919821564,107.42035450002732,223.03156845853755,118.26911202743239,155.3089650703432,138.44365161300667,2.069808253810506,39.49295414252233,152.68352653860862,100.14202729967693,88.75798736391488,140.5020007585377,79.38319465999221,111.2112453957213,156.24248685450033,54.12923488542759,77.66585205672592,189.7523984916741,58.26053886402911,93.12738851569533,162.45320440800788,50.78794933952675,126.59555683113116,112.87002992675264,14.42860583357477,48.22743717941847,142.6984415805718,84.03046650083503,114.95934557334465,142.81818693384065,19.202192190179172,120.34373745830649,141.08679244371507,56.66493954005706,68.22241604506847,121.48214068718987,50.82201619065842,58.770536606091255,189.36424524663192,95.89183475673228,120.81432218528396,146.52491668960585,54.321750664506304,83.31772345342051,146.0923023900781,80.80849521462865,33.82468841690782,113.18768826768036,72.09170041773197,88.696391384414,117.93642541797152,51.227920692141254,63.30031892347121,152.5962495194501,54.6904515004763,108.38373579278637,133.11743295859083,64.43662965507478,57.40514764769749,169.06755165202347,63.748529409227174,99.12163416702045,165.83702343528356,106.5176060557562,97.88483532839616,78.31870841564199,25.124768159527065,121.70494850207925,65.73501648436202
18,6,0.0,0.0,99.51703058910971,142.5776319822456,55.80616221893179,87.62155880841215,227.41441941442397,98.35925442656307,158.82599948214767,120.72983983252752,6.079213280657756,48.49316535107672,138.06130492639147,85.39544987958237,112.44113557619019,154.26228664851797,56.72610329073918,90.11972870063403,159.09988077089767,56.214097207275366,117.96085323036488,132.61275735571797,67.41377241810356,104.35267333842403,192.19907799648604,40.25501740551209,137.8857713088656,83.53000252431852,22.514776463010303,53.863456658983765,150.18346650619335,54.98288947204399,89.77172914426674,139.18194622460612,36.20077746639897,115.33973620888172,212.47163932098175,57.98078069651733,48.401886913917515,118.00469112189782,70.36376014029665,77.02719742021095,190.40931601993026,112.02404878224051,98.99356023373926,177.32731970145892,35.19042607829718,59.29693713981209,154.87444735479667,82.48281104646537,38.22783585246403,109.59890415448808,64.25500310221831,76.45046008114045,150.63683289360168,81.85215730560238,68.79578702016312,140.07701265501947,80.51533755665261,93.04594723737402,154.3624870884514,72.9103166588175,45.87645424611804,144.74522132687574,66.2110092252938,95.9331152070553,182.22931085445651,78.7276043786754,93.7815850120585,118.8719676892011,40.69528756637854,68.46985731251232,101.08936670864021
18,7,0.0,0.0,125.87328547381696,128.82396166086758,51.82963534476448,80.7189054918174,148.02412448090823,102.12599193309757,134.62103459435832,148.29292216884028,7.734770108430128,36.460130001833306,121.28306504713653,119.51884294899412,111.04272560976612,119.07830860804859,50.80494135280137,123.56056358299531,165.56378844941537,65.0315382414419,76.68429962518621,111.47848605303263,50.40974748475843,101.4622598724503,113.67273397671322,39.71935243247337,80.70795388958729,151.81598868858816,14.496410753308236,69.19983849516548,173.11948584501806,63.483477845367,104.07427092431199,132.9193925420186,31.473900869962446,117.40961570613015,217.69324185851147,45.51894447776126,53.16967058867669,121.50085276830937,65.53219524921828,81.73161393446014,184.4909581152849,87.74821666880412,120.57925504648367,186.19855931550794,42.9972084254933,85.55224426405724,188.8586702500106,70.19595444866623,44.271867321557494,129.33800323006645,82.44703744262564,79.1974610044791,139.78258872480527,75.33332942818949,62.987165273409985,140.32188553930908,62.62680418160429,92.30179574111602,169.5586483456733,89.5932756687077,46.12418700164956,137.974870514711,102.28025919929892,110.31202624051151,117.21125040933885,70.58983175157552,75.49271506253868,145.14773549025008,46.00173829812102,101.29250311515443,120.75812410279913
18,8,0.0,0.0,114.86216808712662,132.43817614646667,49.68130486827013,85.53021366247691,162.61979328755766,76.02640684173039,134.54459457017055,135.31456350328187,5.622251263357722,37.43369978919263,156.8021933960567,124.07633137678866,82.94022017531886,124.53652103660221,77.58870899596954,85.01166457883804,132.8283360499832,40.32998090153335,84.28034042315353,163.87049077303024,75.67166648556892,93.1039836794101,153.33125375853714,69.45207639420748,122.6906809544047,137.96335274982357,23.24340794377348,75.12500651191085,176.9594285998902,86.85267930599379,97.75190054364938,152.35701140110655,31.780177196748706,119.0808907889913,190.51814442895514,53.059836008421875,48.353742745111944,102.79117288392432,59.993093861465226,90.04765771825784,191.75501595259448,83.98791896176493,119.35638045681075,142.7861136601074,53.22485798640758,102.58724881820179,149.8507771895411,89.95014472791439,39.822124679841316,126.31102484291061,73.40906968043144,58.599304411258444,120.81465272753564,63.35883721869659,66.6036394329194,140.93675677320869,87.53039325213535,115.76475823692424,176.02126835493902,69.11953155348645,40.382837944931275,128.27748601705196,68.40329982101542,118.29183353277197,199.02040886959588,63.845247422008015,98.4711927136585,129.28358435850544,45.043722840680914,101.8582599688584,102.09582711698603
18,9,0.0,0.0,84.96686588750165,148.3573956282227,41.32472140389389,77.27991346240574,161.99022558821787,109.22687354927972,157.6914762832298,151.13855920152216,7.845192054098163,37.45158200084147,151.09666686824764,117.94769575112517,89.07875060695787,120.72476733561635,56.70261185005815,87.74687874526911,145.03199702824597,53.196448113841505,89.55127970556804,160.80224092469902,80.34259751755498,124.51769402722114,184.32519567642555,51.979955208368246,139.00507881589152,155.5894807828802,13.958334224315191,64.4725525071799,119.4056670061458,62.44368749309152,126.03197817683485,114.7485734658328,28.076850939046558,130.94773566857774,192.81088584232737,50.266912514410805,72.76183015696405,130.5314614462072,48.37255596814047,74.75987862956993,173.4035765589823,131.61711986332742,118.8760224076524,198.42010826101415,51.309199486916484,82.37545399158637,120.6096128496809,82.6499507651543,41.66067551133096,98.87170850538858,59.86020349799589,64.79526925415739,133.56872537557734,72.19414312630992,63.064327614603975,104.6997886456542,80.6169771625438,90.33611900311031,158.56724363694616,98.8338852531467,59.68928968519839,123.48667178045368,78.64682945197215,75.61911849943318,177.89372068778582,54.02241344019622,97.10783822730619,123.29987610779054,38.34215787566409,89.90246066709311,116.76071402802016
18,10,0.0,0.0,98.07504772951539,163.77237984285162,49.10097966834723,54.6943918902967,176.32859680545158,82.53630194521685,125.16711964325819,163.14016365326552,5.929684931462836,55.41893043854003,126.3306430555615,71.29382555869249,104.74901439490894,170.2829147988415,62.48249778283176,113.66150409141443,172.63248656428252,55.96349324666729,103.35290890265671,185.06147580707497,61.796628398678266,129.78903050455557,168.88247589996675,58.74028496172079,109.78289850898476,121.46009875605466,17.141891103281242,68.7798022252941,133.49436325620024,72.83130188008502,108.86781330936412,136.93002693589017,27.732967727271276,124.31540873137703,174.69990425654754,42.01797973486144,72.01810341708837,162.11453720264558,75.22731073384159,90.59310912470134,213.70863902772112,79.55963128105675,128.1355887516873,145.28799248208705,34.3818938836791,82.55329750328771,185.84412973571443,68.22567371525862,40.28308869608812,107.12482226021454,58.54024754804639,67.42767896061402,178.32005784478693,81.09748592712766,58.98586788443564,155.10778271959407,58.00334550686094,68.76130613463275,127.9494778235744,78.97826534298713,53.892719907502,136.06974009912042,97.53742962722897,106.15059584003747,151.93668947066502,110.3435190838645,79.80154417316523,124.83830626036499,42.673632853932304,99.73402970699696,127.67715597045813
19,1,0.0,0.0,84.58753664700704,163.55336998801798,46.44220292885059,102.3091735148255,172.91308458892345,43.07665426951858,97.73847831810157,160.19038715557505,78.86199145327562,108.88753940987209,99.36446179734736,-8.532192082924077,94.02185059333652,171.76434948504857,73.99983828123757,109.51117602939519,163.89856658543198,59.33607306815026,83.98070731182702,111.7220974068375,-8.860124249209825,120.6752869956445,157.7150334185871,16.140776062787957,111.74569063286293,106.17844541789206,11.24419921899682,63.488064305855374,184.4819564555541,124.7142655729218,113.92394857191455,95.52713333053333,17.019973796795927,104.81244979670468,187.42349184613425,36.4801847750755,71.93149895809617,108.92737449224352,50.345852610111294,79.12899203406715,169.66948924442306,71.229224901899,91.84379822842152,173.24538238568599,73.21079282377805,56.57670474924567,174.8636747593637,96.76708985384444,42.50380467208777,188.64252392600184,122.86094016624683,84.8336214543553,148.23211108115356,109.93831280049655,46.23981867658935,168.8892414925595,129.83951766009636,126.96647012459854,140.0377972539264,11.531649954114217,121.33115137935292,144.26569050594938,39.17033033134333,77.76740262292263,158.612048369603,47.708011583902795,55.38979043287088,184.97097664599943,120.09602493338619,110.88852736723622,117.07989054581213
19,2,0.0,0.0,101.95591112558449,108.14799251984215,52.4679999438752,75.92804917137468,165.70195036292853,47.57842255464469,60.22569971783925,153.91622721275306,75.65684537152693,119.96866034162143,86.67408300494935,-17.065340546146658,90.79520731007241,186.00651677450315,57.69314576401888,91.54946970840395,105.61659175478626,42.724347498343555,112.35688389186387,115.11731403598218,-6.96117205822241,110.49789105492323,137.18193606272933,28.99405892011277,117.34800349218348,109.36138906727493,22.783312102075204,64.97581559144146,218.5388245450004,128.0272260881594,85.1179010242318,90.57970469800026,21.234938737663377,103.62854230991792,134.15062549194195,43.90093971337646,84.23864255664226,85.69904141931382,33.69090235541988,75.23865838642007,152.79249655482937,120.93093815802744,76.82469528343066,152.96894230420884,92.55540219821007,52.509835915639385,145.98361118960116,120.38674689938561,45.674200521334825,159.28713080033216,94.32928607455703,72.09191982198243,136.2663928969168,86.1661557252264,33.66434733211277,138.72833050866663,118.93764993429858,105.0516767950497,173.80299818903777,24.90798284589475,102.10808160411308,160.7461300889138,45.729273374002396,92.48305823897084,143.9848255841933,48.30999465616586,64.42249464982226,208.41840288986097,120.79484892790506,104.36768598994041,85.71176712327949
19,3,0.0,0.0,93.69165716279191,112.27095644980845,66.52086960676908,102.84213629121446,118.19880936265615,41.34391686981085,84.77470386781005,187.77317654126801,77.70010266158154,110.13625913076909,109.84545072639757,-14.268032579551264,101.25715623254695,135.34513469078516,94.74285273678,79.76201782234259,122.02372311782038,57.9462123461758,102.48479114195072,80.71842432705172,-6.353518544674801,100.59781731440005,156.22327623600788,27.644867888788323,93.49768626108226,105.4200365907561,15.185590381641006,64.5538178502185,202.54694586528623,109.77984368976155,109.49637049792223,118.37804809156114,10.935212166506734,85.71142127154812,133.0674512272521,37.410187955724574,70.7561785166574,90.03766750882846,34.07665292439153,54.06713713725188,161.04730321720146,72.97539991690286,77.20039876772806,165.28203698786513,95.34733204793886,58.67341647493457,219.90278967118527,148.47577620167553,35.69877782522044,148.70155697580324,95.72593306379554,86.8414926700519,161.45156698425598,118.08494925668647,30.880642451117858,115.10156464078659,127.17562573614094,152.5978152548165,137.0440188239185,14.012116024752762,112.81324898533823,157.60250268241305,38.42302793281152,59.55579112235977,146.67096208474723,42.828154143292295,64.25347262323406,146.57027791198254,121.84497333058117,134.0400219202575,72.76347283705243
19,4,0.0,0.0,66.6220169480566,156.58892521389078,52.54056919348842,90.87610118928183,172.48764945216726,50.40361196767987,99.64643826102696,164.63514403985363,55.35863721881404,118.12144389247106,104.5274845724108,-11.912976332451674,103.61151017564423,157.00217244690026,50.37387310378877,93.40446943561966,138.80204201799774,52.49716324382843,100.52841063106439,84.22995130073659,-1.97225492650339,103.66789689088188,134.4334732071516,30.937288945785586,99.83742950957682,126.4173420749311,16.242997230626283,42.28366211732585,183.11110476314653,124.06911887477234,128.8670971125502,141.14737912083228,18.572325641667902,125.87268758086245,131.00607345689514,34.13909670403789,91.7971626735043,149.01190149702995,37.83773288860712,60.21844446849264,121.20935282547522,100.77662863762136,90.99300726367393,208.16758546348922,72.03041069576047,57.90123319193875,163.42545915285046,132.65058874479857,56.28312309135407,112.29470354312859,97.05484816589505,69.19458538530252,204.8361225260019,112.2918349096543,40.21247884574959,179.41239109035516,112.68780431002894,122.13175685112876,96.51808142776304,11.609250553625385,86.54567336202624,152.7544566540965,38.84072292252253,72.91699804316441,118.69592046404954,61.1535837249129,47.010604196463476,219.29244101908557,103.9389842723456,95.03516317346153,98.18060162632042
19,5,0.0,0.0,98.75019297096487,145.36028580089086,46.07765307437143,104.20113986171202,172.97235665777978,48.62592976072781,72.92019811649212,162.49143129801803,52.42944480494178,86.67823365955067,118.93705346653603,-10.411623725069742,98.9127781280345,164.12619599990595,75.61929859563769,128.0428789861551,137.09231223705262,36.28997353987319,112.17687707809601,104.35193395402447,-2.527094447196235,110.4053944524771,148.82869236162824,28.63596749357677,92.64960775762059,124.4458046742835,19.39632038091475,54.62477485677876,198.50609091662818,114.5516455028742,100.83807883442915,141.31171158934706,21.46626121133307,94.24196504555515,139.0806242807169,56.1130163648681,93.30277226760165,121.53749209232288,29.950523075367734,76.93847409297419,184.64741127881283,111.02677760473105,72.98559342890033,178.46722187803243,82.97034056617998,64.21984545749856,177.07826498319426,128.3826242065662,54.14667649668915,199.867587116065,101.42617923212,74.47211592099818,195.87933356674813,100.09427702866051,42.08192944579094,94.97558225944118,103.17770572121528,119.23442656602477,116.44407893351571,14.734036309801272,142.06964708871834,164.33955210802569,42.26660954639076,87.25203278414038,109.43332455663116,45.551450749460926,41.27448210148151,151.45671489118743,138.08431365104678,104.31924572873157,85.63532951943905
19,6,0.0,0.0,83.78908385047744,104.44812519956233,59.41701196312704,98.5096168643003,156.84097926612685,43.274592293227194,83.85164821489916,166.49795726111768,71.90645475821964,125.85682728895135,100.74735380058031,-1.8764028458811506,95.19026795373662,158.9521811516133,55.525636096612914,80.61697669049042,131.02854626657683,54.94673933941941,115.10130069051914,107.134312422295,-2.2394349613668725,106.4022799967466,167.90163905543923,22.850568867503114,89.08699253744254,123.8378546244075,25.172966217037207,47.888502532757286,153.63149364895125,139.48389256556854,118.7451454051857,138.63660357298542,30.924932683804204,91.81483134956318,139.67819962565704,49.02168626810054,68.08785901792207,132.8692493435923,28.870245120913317,67.25253729983662,115.43905416625532,71.0749569036041,72.35576906370726,169.26940412021054,83.91252576167,64.43072239303918,194.65336432785884,80.6097642370456,37.459025535452916,162.28489059662132,89.33116406594995,67.26738136544601,132.20860560214206,91.60304833940225,36.94888421441349,173.182868080714,98.2617677720918,117.59351638686849,122.86316971285335,20.473588431340232,108.67072377106344,170.61137940140983,40.501847764953126,76.99980930387729,125.5988459678713,51.333375872590906,63.637239614707326,162.26061431985735,132.54987370271792,113.32696638044686,54.34466414723286
19,7,0.0,0.0,81.8300073643498,134.99868316974207,70.7534537389262,115.68860856559114,194.47012830214913,43.23551287817516,76.31240848861478,160.87226581132694,85.62391240783015,109.09612936310413,111.5459677439444,-11.562766207920538,89.09901001415824,169.3755321685993,65.55182946748344,118.92334325331137,131.68491859389084,52.596443880110556,120.78258145952078,111.49486955286629,-2.67602065275849,126.31264946779189,134.17122662153113,34.569846039940245,95.9800816704509,105.35949958483972,11.811634856582733,70.79725332717749,160.7665773457666,115.82853478343722,97.6741573986111,143.00276915002053,17.282696507766154,86.02050262241025,139.35564911300247,38.96854259083697,63.96476841709621,110.69612042752779,26.09109381963868,66.8284595515578,161.92096863804247,67.40472544650808,73.71524982305161,142.30207354158037,98.55460212968786,75.47015802649685,166.473087435678,126.14113896301052,41.12700160361547,175.82518831215194,110.19221598706514,58.47577094067987,157.76595093900838,92.93926833132522,44.81747947021299,156.59573066934053,71.73152417460145,121.69605760612882,131.52316196191683,9.113433512460524,100.92084949649548,87.31690074102467,30.294862367650147,76.55626879215626,97.50002785385719,39.41145828270107,61.10265004880446,207.3137070446184,150.37235055406893,110.89959935390142,109.70668105568083
19,8,0.0,0.0,71.81246058475048,139.80001146709262,54.03093156908982,83.25597707202172,174.46725088072617,37.2228876886247,94.38971458062245,158.03835745691342,78.62636160068466,128.8067287794954,109.14563206485141,-6.469681239021574,110.11425944458168,163.539225119101,51.719953931237484,93.78702503553893,135.20747662851684,50.55100052029443,145.36966908087996,112.91235743139679,-3.8935640016179036,97.49306661664616,135.57079720435942,27.17636926934548,110.71848394716456,104.66086760368468,24.921814304533427,56.31991397987368,192.8489607444594,88.70398182737694,114.99957141330249,112.58805091356984,15.454268779226329,106.08666131890335,128.6286415584982,38.459362855564216,99.60629893331169,142.37755049643033,23.077389944852044,54.875024335517644,148.25478443301265,63.357004390430404,78.1443043663739,129.1401768512446,111.98956265949441,74.19440336107083,148.34760311874922,104.71562488109151,32.977006033957224,166.87243675978794,79.74402265141904,63.459909284825414,154.4032608234612,91.04374305909097,41.68712171765192,133.0782171348019,149.3734248701125,140.11181358236314,112.37924545528256,10.821028644368393,88.70645017983432,134.7930892813256,38.452714755037796,84.74473640657683,110.87004681784128,49.73565852145704,51.50905037321149,201.0467810505473,151.98394951501132,89.36310549225279,47.52940431203718
19,9,0.0,0.0,93.20619451817255,144.60298627592857,60.724320009720685,72.39429587260074,135.97145360521918,42.009441703569884,85.91501161997246,146.70491132754142,60.37699766144989,121.5381050821174,102.76425521759406,-10.885580821772805,115.78885215145844,172.32037088061506,56.558558035903104,102.41631666913811,136.96593927831597,58.85350004134301,107.41206899964882,127.84929732923437,-2.935538034244204,148.101361523355,130.3922498535139,19.753301805102303,103.98620854815654,104.28924115661962,23.80364733634059,58.873413562957595,223.8613160852218,109.15175126484424,109.60942111727785,151.30573009140414,24.184882895538042,113.084154098196,176.39143188096708,25.98000487457209,107.92238906543372,113.04336799559582,40.351398809496764,76.84912154049542,131.50930208625994,96.28740530153296,61.73236725378828,158.3132076566466,84.27179653688998,55.452324670695646,198.6874666763244,110.18054188959621,49.002833536050254,176.43365526948878,115.47155426899695,63.218300543531925,181.75331382517254,95.20441016651871,45.08914004391028,212.42130834547336,123.13903494218458,141.1987908179666,136.86163797034897,20.36914639889434,110.67288553028023,138.3566407750925,38.70570961499041,77.68148698750062,127.22909193662726,65.14109647873215,62.493334806715716,181.67692909110949,122.09266505178277,113.74074429786181,88.30503329635545
19,10,0.0,0.0,93.89024318587347,132.27378667412444,59.61051774936123,71.92444786700977,130.73453157665082,40.778553201522456,74.31564040890986,120.07460108354115,89.0062045277214,148.02330615314017,110.87113488524196,-13.040160616350587,95.73775135171267,155.81983690378365,61.47863520723702,108.37713850579121,135.43547151466797,44.482121769595594,129.8009687096431,110.80229465739292,-5.1662612702401205,104.91613370088614,136.4335807064704,28.07741545940637,97.33883831692178,137.20104158691936,23.56302605625107,64.17192023786501,145.84268941493377,148.0112847034503,93.83217615740905,127.65441765535321,18.051053884496195,102.19067596275599,169.02393085639866,37.586665987229814,91.5612223150005,136.19325690462793,34.117063443653485,46.380474937942886,174.4804553380317,55.30261533216711,73.44411053346423,114.74694432060025,75.11746942506724,55.447595731899085,191.65510103581786,100.75429260225883,41.28009252141242,138.34974137809266,87.58225077542903,75.16279900977926,171.77067023431087,94.5673758683577,44.661441371337915,116.10061901188394,117.27687999844399,96.58057068137532,149.7674076902292,13.91276587516578,113.99767166807312,164.45424940761694,37.19795859192127,77.73820649114313,106.81133552012065,49.245041596810935,48.41622345230938,173.90076172118512,131.72959289691102,104.97195345668703,121.9998608294931
20,1,0.0,0.0,146.00122591129784,297.49568900081397,142.17981812029961,33.95484581176194,319.5355205790825,323.77744119595127,54.948347021571905,443.25027825626785,381.5022219167207,50.84138843675247,251.54947039553463,245.68945515565244,82.01774115815083,207.6071806902545,166.70418922346485,42.196400442881426,362.0194564091172,282.3706261650433,83.61066868405183,386.615034174117,328.06242854539613,146.74468655389518,280.8885677054156,94.93819925248194,113.41997147692976,260.12895457858974,255.84685546068076,95.67691187664474,390.49556934589566,252.30201465753123,86.8485275252048,424.7423850633595,285.71430879035876,61.636602785373654,459.7095871002863,298.9172179761233,92.53576491564262,295.1337385430086,271.417138721695,102.54006308961795,272.55438361734383,187.84303748865375,63.31228887276128,312.33335500966024,190.80317697766898,94.77545655201251,189.7663944488851,71.47231217420595,74.30977545590109,302.20751119881555,266.2710538688667,52.74868963800624,200.1262597353866,166.53827001887612,79.67989085538879,334.25438156195474,292.3876757443677,83.54847391710805,226.80728836238762,94.15931472265292,70.20719156384135,245.23579884842428,128.15393766052048,84.09972003869402,299.17760902778423,222.09559492442034,74.2687391593319,304.08284932465835,262.47499917631967,83.93877112843568,99.30218748053197
20,2,0.0,0.0,107.19686787318327,289.3397901628454,139.51928945538458,37.708428069431484,261.0123273146992,230.91621918608706,51.640861961435306,391.523705349332,355.2090081260227,40.83851213471564,306.85793932094265,315.02411862401937,85.35657374783612,249.4014049263507,219.5430646445319,37.55332901384979,377.55178538476554,350.7716288342694,83.14500826956575,403.25411720308546,246.8247558610603,89.50297101885664,232.62212589080164,93.42516697422214,94.44975295401102,312.81498527946917,230.00273535886544,81.72064340307598,271.45262959142815,259.74017294011105,86.03680570405885,356.8598599749207,311.5019646696752,69.34085255444774,412.680214378346,264.96362519620067,102.12453932414368,314.0084446541137,291.68880818289966,94.12874013630845,273.8802787415309,250.06398368457295,74.52451847274031,230.89179740745845,190.9123668861229,87.28562818121102,179.30913664064548,76.72009144043002,68.03896498683206,363.4788119879017,201.90223073054074,67.455906600471,310.52414125275186,183.32355532194774,63.93855815309887,395.82321304891616,177.25664678256683,83.27703805968281,193.71362989547737,127.14784831368678,99.97278276475447,250.84596581776802,129.9961986434723,64.09455585510796,232.5356698013424,213.07692191378013,82.86787959575753,321.54326322332736,194.10032470264036,108.593651174334,74.72031307130486
20,3,0.0,0.0,118.26863278003499,271.58423682997324,138.9750606485749,38.1054468889783,268.39588103027194,276.7372926129082,48.41923352628567,356.52676746279656,410.89953012733827,36.55025577240666,222.47728585871982,210.14986971362703,75.70669299856726,248.1837980250587,139.47911932234553,54.51877334267459,376.38427340360806,421.0096188437992,82.10447651004901,400.7132486241546,251.53165899848648,128.89208562110858,238.90207608916904,131.71515907005804,82.55473120276163,371.9081665059054,170.961230342951,67.83067341771152,377.3549583019147,319.38859431938573,81.65130122008058,358.7498766723473,332.2851314838442,54.293657665836015,302.890983584921,269.0866471040145,80.03248955257433,365.2146155326452,232.29667967851327,100.97849823243918,360.81938697444144,231.2788520686768,77.12862075915446,260.78104466787414,201.2545023144291,85.2045256783668,170.9049443827417,73.1416936933188,80.97760233961202,220.1967429596098,242.9044097276018,66.11631365044362,240.2198828694283,179.52275046645346,72.2137701451444,357.62753358968257,254.30301629237167,86.5963255626208,137.6359706598575,118.99575342224502,98.29530932403401,244.79459393078412,153.34291799360156,84.98236822936848,222.97921388521183,172.06290246927563,85.69336293868878,200.5511237031908,199.6789609103496,75.68840867060656,92.20512051669378
20,4,0.0,0.0,121.70363346616263,263.64958346046126,118.6323305682277,44.7001813269056,413.0192152499851,161.01709484345392,55.87061856328369,313.6472763589792,231.90872003403751,50.49409890567728,282.57147098916295,240.98501249343866,90.28831151756795,311.2975546323202,159.36395921239432,66.21313534613758,309.1128477574691,250.93078249262516,111.6184539930646,327.3646611998123,291.18068726209617,123.15197717938705,280.0345094331098,122.99860118770917,119.1925809207002,318.43577508850797,225.2525259075301,75.75267037176016,432.30240467421055,286.2976097838191,96.60211014815428,255.52569656295535,190.80718343391686,48.024122231035236,391.94382960749084,312.66547332207404,104.94164168678019,223.8919792543943,172.64533333578305,80.41675142829027,238.79696638711954,235.41341439157026,77.1650547715875,259.4568390529233,195.55512286178117,93.81294128458967,177.45805464034152,54.40074324978875,67.39193112895381,320.82975802771506,232.9917409729417,50.94722411449896,236.49779140342184,171.38035961538952,75.53086644799018,385.725948697703,298.9591859734049,74.21172688258417,134.23626039274657,130.11520791527138,91.19289197501851,221.08021083103006,158.8949990624832,82.98777925423686,270.4964380135453,183.3455017206055,95.57572705060252,324.5859737730972,184.5031488558847,101.50107321636865,96.87511090166295
20,5,0.0,0.0,166.6376326818509,268.0759957098143,142.73608024040396,37.43033955525335,391.5916276107275,291.1912347518816,49.504064838043796,371.29185721515745,370.7397177668427,51.573685522368464,284.4716819491367,254.21321892349584,74.8908267002611,248.00173339793707,131.64943755413302,50.620203371685214,466.9924719984092,345.3704613581269,78.81537516279741,349.3146221976107,281.8389675337069,101.89013233588688,258.1452206731957,76.6981690085695,75.50226220728396,287.00363818076306,165.68366289961529,90.11122619960463,340.5846779893573,289.1543905332121,77.68479035361953,364.37896075793174,242.921351408695,67.30715511386852,322.537908212391,298.41617623378227,109.96735785921314,276.4375535342455,204.184090040046,87.39327571587266,338.0961847784631,264.0478892567381,61.25417486574526,259.89016693052,206.31701411019418,105.40715440983739,140.38535219630762,75.56982377755998,60.493906370193926,262.1932457050375,225.20098136134706,27.29375968221943,212.8024080572066,193.73659085421008,75.81078875832895,233.21592564872955,198.62921450586788,84.91074916891785,199.69049633961814,114.96831323926868,75.29591796887766,285.5197186999825,153.13111693133334,67.53153673132563,277.20735063886514,218.01307510750584,105.59197164250878,343.5461543516676,184.30915240116994,72.83015544341715,115.06060992662313
20,6,0.0,0.0,103.39473449326675,264.80765615136187,151.2044121652872,46.948237869390226,289.4044586512528,327.8051561585275,57.68158665961679,380.3947613054646,334.857717479281,43.18035730510995,243.82645845757207,199.62342512461407,86.6784926257219,204.3891402996748,191.93284587442955,50.980845785785405,336.8239455795243,346.8424708723391,82.75249437772577,348.73502983402557,251.21312457161073,131.71855818387147,256.27955402639725,80.3236373541105,92.48533094369273,284.1243608812862,210.12623520253737,79.305934806942,293.09456878591277,235.12153889920316,81.51989540319465,335.85360735455504,280.96418826843245,59.65472768483953,328.65493500716195,240.73542580241457,98.4820645414813,319.44384620245916,198.3003265440698,71.61342401260178,311.95032003043843,227.15460315176506,78.24638401412122,232.60171744219542,210.57462616592943,93.45720056983127,140.99200040353088,54.981190262413335,72.594036164225,244.86172763039326,244.41804164220946,65.49645403234055,273.722603898212,191.22954404363546,82.68091562336254,321.9863082306396,277.99245557961245,63.668441492298996,206.48978438090998,116.57299238989353,93.08802839240282,171.42881296914962,148.7107131301164,63.703340732882886,403.71499063799905,250.62846676682773,92.78961277992717,275.58279507097893,239.42106675073293,101.90077680714086,102.79022830204418
20,7,0.0,0.0,147.5901627477037,255.91307120623048,123.12235039657051,41.910303301246955,296.6204960747198,219.75444306268153,66.37468786795307,439.45205008231466,326.4054148606391,51.27941494746172,254.83276456857732,254.46850067393828,90.58361056136359,282.7610403855394,194.73468114677274,55.9202094996275,473.6158509605219,276.89334491264646,91.76464928133029,330.5698062456633,231.41865164689742,148.1953054044728,223.10758539619124,90.7785485209408,97.4267008786285,268.0878849471392,186.06336342825475,87.85479442527706,242.01992152107198,288.7258740372562,61.45510883090495,356.1206506006249,269.49088765227975,49.898718357712774,356.2517833303772,230.82652452769267,93.91875044136171,276.63013315514803,255.23097353132047,85.43335431774284,293.7429770607414,195.80882705015588,55.71473639459501,289.3334927065262,130.1396300908151,82.80461945396148,216.735202462521,81.13781604513818,75.8444760995129,314.51130877362334,261.74821458119675,52.587847167104805,273.40683489951823,188.9464699357939,80.57972978050246,308.21255236294263,279.55653300975376,69.57882515830983,217.4595266132011,105.8080026633337,98.12049687303369,214.4606369729397,159.76602566712316,68.49449508341446,324.1316436621621,142.01065607468277,83.7985154224937,248.19678172884105,181.39832525960563,90.74693652745886,103.67575950273827
20,8,0.0,0.0,91.91583591678908,359.92544087348836,113.7808283013092,46.58594153909664,354.289496744963,297.78201159388635,59.267378257318576,311.85416714389135,420.34660033562955,39.776927023156,324.7182332879188,253.41824644379804,56.80051076333608,261.73543077058264,143.0008092639605,51.811297859846945,387.6595389687939,374.962634353083,91.13002917337928,325.9029925140312,252.20786115140888,116.96502853620211,268.23672152471136,81.54404979398849,73.40056730687557,349.94206542664216,272.40735872232005,68.37568854826674,371.33391497579754,257.348407759085,77.1684854647711,383.2221593914252,323.5566367063591,73.86840016625082,267.15354741252946,199.573457645144,94.47936721466071,332.36620151211395,253.93694878478965,101.31905054081986,382.6018844734178,212.98227350239188,74.56517236962954,282.250333897702,162.7326458521428,106.22516101500675,206.47158027556245,77.54678038212164,71.42488407634467,269.78039512333964,269.12805455237213,60.985287422889655,245.68263483701912,158.17984229682642,55.08651796049256,289.4231464481734,211.48753409890423,81.12813241606909,274.2445959925066,122.0836486135681,87.39081099930684,208.0582681330059,161.3122362544095,67.41108809517186,262.2785404626935,197.39334511336648,67.57058350418802,334.5969008907583,199.44336269293242,103.6008267234867,106.7692456864276
20,9,0.0,0.0,141.9621389220246,272.49407996565725,151.59397096961368,38.86528518392146,252.3253013757502,293.3287447708981,54.46698237955141,355.327820875068,382.84272647607384,29.16612660680712,257.7830367778547,248.60045084918812,85.22250905051581,301.6629658408946,140.46097961687786,66.74549785019529,352.089149493238,290.82590912724714,84.72616844758063,402.10581623719526,278.51561065613674,126.81281583790185,277.06800561935796,106.62292435731922,102.33819428027643,358.28616606305434,183.36916128872005,81.75502636055572,376.9998903860639,307.041928916367,98.46713032667935,309.09167767944325,238.4868334704176,64.18590400978336,277.46586189215867,287.6150655872071,104.91467314710964,294.9411577571181,222.61331051198485,102.82402780673152,342.2831346872148,265.17071816272295,69.40407508109391,277.3601013375261,194.0090643371655,92.17267174555467,210.51855696925855,59.246637509783,66.88611833307043,265.8089887805112,207.29484023207516,68.46555946352886,201.44531800784733,185.70181896554024,58.45468042684864,323.43239710317687,294.80823300691696,73.08677359720605,210.36089212098548,125.4311834829695,82.56965361193066,176.36011985698443,156.00156781991015,77.26599739451329,281.09891995783653,202.4455561097597,98.60675800821518,297.4268950151345,197.2974674880781,97.0248620503057,110.31972159127902
20,10,0.0,0.0,106.80883084160928,292.8732248583782,135.34008779080142,38.7347708371092,368.28934937962106,259.21246051681624,52.78129733069588,449.38273662786054,387.07816556243085,43.4929319033437,252.0146308039745,162.86201898440976,84.90782504162974,229.4089124429427,205.81808257353612,60.029575745218914,342.5505052503587,291.281292696099,101.04404457352378,409.94381245359835,272.83414075564485,113.17735443671182,275.4391246480568,125.17196719048837,96.05121806043877,320.02912906694166,228.12230413802013,66.44697003409937,413.9027805867532,251.2092747161761,93.58921075277115,341.835276157398,218.43812981188714,71.9045031646259,333.4141803722668,303.33143601286065,63.91764228382132,321.5492060737396,251.01746490330083,97.92363182607845,304.4664605090882,206.78880603414783,60.85633901355221,268.9637706147543,237.39593128101694,123.13905458976281,200.96092520342523,67.35267280113683,78.74212963539242,283.63428176347685,156.389391566869,64.20381854118833,255.4210712444259,213.14830748342874,94.44260423003385,312.6263910134964,245.08427150468265,69.66798285959503,255.54321609003983,124.18189552056597,67.28151205089168,286.1780192396663,143.84941844855985,47.10144802324716,288.04139727212623,184.15074094796768,108.01996097473857,258.5377067089844,256.832395020092,97.70476396523497,68.84807344388871
21,1,0.0,0.0,57.1023438574854,197.72521112788147,135.47760269317726,74.46700934842258,188.60111238429187,99.93530619511334,61.36046329708088,172.0153706900307,143.89400962744375,91.21998407480835,169.51637184326842,79.43734266598976,52.47204900968636,195.03127699520917,120.62773406971968,79.73565476005282,170.26119631155154,114.09886163505115,105.16171015452981,217.32586629542513,90.67276835911382,65.60479662062261,112.34586884197418,53.33335408232989,106.15941371279494,279.2641369297217,164.50854199294113,74.95486657215793,151.607367705747,74.52990195599907,67.22403869116808,123.51887662838956,99.01220542954614,84.55451689217705,149.6862678703852,60.93462044700218,67.81676342330869,161.33524738767363,54.22007021085717,77.62732818697616,274.7912943924416,123.35760725792133,56.488786314234034,253.07603813260346,142.49414349975333,122.06534506240482,215.35832767431964,105.89117164325819,118.84307314053127,224.39633362901975,105.51386952336848,46.41076027699624,202.54829250146997,97.27016784092494,69.03236756079122,149.44011726771205,83.77654393472567,55.35252007554175,171.78987388670845,162.3552401325965,103.7129859186548,186.06348781845176,121.06733627347386,111.38126572009159,171.95461616764382,74.93867291836831,117.70775891595241,197.18929144082202,60.81064283340384,79.33008807360562,131.2639564627992
21,2,0.0,0.0,53.12060088307057,205.8587327875147,133.32549841121343,71.03729797662453,157.46436988302477,115.65897182207159,74.26273767250093,211.93615602206214,149.4995175747404,107.78176887662161,218.25784068808807,71.46946469881243,50.14442080898299,155.5086988470531,112.32590576026016,89.09537037156372,226.48304532569495,60.760051864776266,117.4362487142577,198.18478732669575,70.24737273442065,59.12514235732799,94.81416025172342,71.43444860960454,92.4514125417281,270.64829186212336,167.5317385321392,99.90658793065155,138.1670190525949,59.69917137811672,67.92013779457571,141.5710392194414,80.82724860011106,81.59692664094979,192.60200432484078,65.8852414787531,55.02142069234303,154.22082108975212,55.942889738193315,103.5886420086874,282.0791411946226,125.05697070814225,102.95924547056647,208.01437756387324,131.03478803130085,99.71864937115113,215.01940523839605,91.69685242768348,114.59051205633693,191.45277492471325,119.20582164596962,56.1177252968937,199.71136398505936,108.92989433023102,61.11730143385427,158.3296961567995,87.66314555309562,60.75214494059171,186.55455089772482,182.8365580800062,60.42644591003763,178.7666253016995,95.37842231866274,90.63470478906609,200.6877812087628,84.1287756251138,86.11249817342483,137.20845501546256,72.18817812281756,103.67817039669808,102.99320895390596
21,3,0.0,0.0,52.579939113621904,204.77634711495256,140.47040853162622,102.19939513934482,155.0721247875698,103.72963814428284,85.32966756448317,191.04389476743555,133.00997309237525,103.15053596087343,170.4089586414731,84.10118446123491,48.272772280229745,200.67462002333247,140.34042055091382,77.57688799911051,213.61152468417205,90.13505532279372,92.36302744461528,197.77668067134127,107.13591531690415,61.433967664135665,123.48433698374656,88.51081319746979,105.39853002198146,259.84598336677567,163.8502940669924,85.36608941202849,154.67787154795417,99.97125406170261,52.818240219007194,119.70356334116975,86.40069764993125,91.00640640684927,223.79363904521134,81.77362560587329,74.61115681650026,143.85463467623933,45.509987855470236,85.82187370158908,183.4447095242341,130.71369264712155,76.11920526724654,285.75238189486487,181.87639197212,78.50782814385595,199.35974943445163,59.42334621727462,116.31292411412288,213.47657870081272,119.80512694132108,54.76311464468598,167.76144416508802,89.45541335796041,79.90415755674645,169.3787046722876,87.79821970130226,56.68183360627237,212.43270470765782,155.77752636202783,95.18890646378179,212.5029142491621,91.86127859411165,124.5369493087498,155.98432859846085,74.70518548025264,98.64693864851976,179.87842976588115,70.02852534772444,91.0673099434654,93.31243319562029
21,4,0.0,0.0,66.07794579314063,161.94989485020827,124.54637521377322,94.73464422271275,148.89192258840347,96.81180698552778,52.8117905746817,202.95184165197477,157.42210541492318,156.78954915046515,194.7931488778139,79.85829938598529,41.82179015376043,167.51366690829406,112.31038689051911,99.911141869704,194.2390000355891,104.47930951715992,127.54522300432279,210.7405914412179,75.80875240904452,97.17237172011652,178.87488702571682,87.16758091487989,92.17950169316474,263.15906764042495,125.78162715830295,66.94179114251537,170.2185761335634,68.26475134324197,68.123256064031,173.11432304249115,99.6786061238137,100.57558064921894,174.32351700409853,71.04628861133197,77.2547033742362,144.17431835670217,45.78960231899722,95.74107637807846,257.94103649747274,151.45508773746823,66.47845205212973,240.74006248458886,150.47606261395944,119.13769921544858,198.59831839985648,118.50050734527156,123.17116633609506,187.85489769020097,105.36252020850822,46.66168357996916,149.05748487111137,129.75461012273516,81.89790117320501,188.6164344117615,72.9367443704287,59.540831224508274,222.86339244930107,134.30904701955598,117.578308435932,196.46418088684942,97.59195041933616,79.31811490069727,175.81202596301108,64.79511476294883,92.80718290189868,185.68463974855425,48.25781345290643,139.5954728212721,88.46529910957793
21,5,0.0,0.0,57.23762750411497,168.88817884231133,134.43380751136075,75.20432470589911,185.20543922156253,109.87610468994069,67.73484810094745,200.85544907254962,133.9457063274023,108.71037876524986,229.3271089962958,54.73462724472715,48.181268553608334,141.87459316032368,96.74348141400733,93.85586195833787,193.4791201630243,97.48530934420485,108.20273241301285,246.40556189880732,115.04977110374452,91.67804642592986,141.7675670998724,82.94306758556316,99.93939740365238,249.36784504525193,167.12820568885675,56.93928960319898,142.45686142119774,70.423291763896,60.8205886844783,160.46087835013478,84.36205831657583,93.00698475165055,192.89984887206646,44.24510963595496,74.15563767475244,128.31314806501436,51.05583142366647,95.58548540772021,229.83217236241546,165.688675471765,81.93701852859924,220.8208835053516,161.9632485991851,110.96591205062856,249.48833472295448,76.38139174888664,133.08286333390765,214.38328922177848,82.4208630293798,50.23655669038249,162.99806441659513,76.6808257936107,55.676224544208665,168.07795091667796,94.13492516322319,59.441825039369895,193.66741252176604,127.17607924678214,105.53172516067877,247.60195199331469,79.59267210393213,91.72297814069489,192.92460552562906,94.18425063239815,96.57062473082568,165.21007438185924,67.86053390313789,93.83512882923114,83.20662640156252
21,6,0.0,0.0,64.16262565272581,154.5873430851618,115.77870253200244,101.16629465704857,178.58804940294155,98.41226264955046,74.57725127255588,226.31883035604733,156.58495264347616,110.0607233074714,190.69953681707005,70.39180119176304,59.651252003375966,172.31666251457042,104.37450125410729,116.40135323478881,158.87803666251378,94.77873661244531,120.0047337197382,290.24682350847445,100.30606124961433,73.74758029985593,112.92759983413819,57.85228013976363,89.0770798816502,256.4924264168548,137.12839063754046,74.19768803800427,193.48692115378495,77.05905895744952,42.31661777363248,139.9563298193072,103.58106069615557,88.58312530786615,160.62524265091764,52.576629093234544,62.16429812497086,151.97817150831133,62.06050245094177,87.43765245501966,176.64519385864781,170.75294083865745,63.992674632609905,226.86874093435853,145.73530626872818,104.41838822173946,229.7259755855079,77.36185217069841,107.53643679102136,265.6524853032969,102.04483491657058,46.9757219981564,135.46437613785952,78.75835536514823,75.8875713400085,108.519313720023,87.53901237039413,56.39019632036782,268.67056975682686,157.70719627355246,92.41691316651679,169.0260606798303,109.97702942867814,111.7168139975445,177.01553421555587,70.64093061456255,103.35324935708299,145.2955476525061,68.34927006969386,114.60610077641496,89.00103136024971
21,7,0.0,0.0,53.23270797991553,150.64057905082078,132.86691538235996,86.94062017160559,198.17144765782882,113.13238778574002,67.24340387745322,241.5913336443563,152.71015585859647,99.90316056504616,160.02366440294634,86.63112938453014,51.65820725859454,158.3133212161863,127.31400293655096,102.80741285547145,260.0443843458253,69.7675648099806,100.22912276109456,280.2370596205607,103.19541207756387,70.47001354514546,139.95977896800719,62.8222031434768,114.48434859385992,283.03699429420044,133.6778553889691,81.6938229640785,152.23046936334066,94.47344956934047,57.30506432924236,147.33861550872945,121.04503440762788,98.19439852785044,207.81734225866168,88.49062828457143,70.83647588680437,139.13310022822094,55.177629054446825,107.63748977482553,235.0751294256481,77.88946094736677,66.69984980571786,223.89110621490784,103.95066472713671,97.23948356826887,195.84615917060762,121.84299688730604,109.06960457043218,185.81174899919105,104.20112645923791,49.47874108547056,208.84574008902794,144.0492857654495,81.89544398864699,102.17518241706418,80.62864471065971,59.315267496307676,205.5144166612325,122.54971150414266,125.76204374697963,195.2579936262843,80.92240428590333,95.49161104235569,151.73153544770665,72.34934141876658,101.9868238339402,196.64499006735167,78.66175646629739,86.06338581859566,125.31117466576364
21,8,0.0,0.0,72.28400733268552,158.91788278050566,114.70663642808769,78.30631979526854,239.41499695206716,122.7982141281453,71.11098592656136,216.13142411413293,168.35996528447157,129.70184338249996,196.27159055434078,57.909359607846945,59.64903572246891,155.88602727656982,127.11015197222025,93.94149057989742,201.64814806808687,84.10809807654898,117.56371716045368,142.7672283438003,85.39129456219742,71.05538882970825,165.70207395235715,90.9850083424137,98.8313974611595,268.812847971399,182.94230593632355,88.29317565823004,155.739636136031,83.22180714660425,45.894468265126406,135.59193984735606,105.24097076401632,128.3966354597734,205.49626693913544,62.70016900350694,74.33741406833214,126.59421764139526,43.558564805820495,79.94016790997154,255.73616097527417,160.84616264003932,95.83323607083074,233.10375185203483,160.02360324391773,111.06704518853849,195.937084982817,134.01050813360666,113.95427428502201,204.26580636565492,94.70735551739575,42.5693237054182,181.32118228176535,150.10872967315976,85.74354479215215,181.87381869448464,79.07447824501395,77.81077752443275,298.1407602236267,158.96199109537181,101.89024093426805,190.78516277417128,93.30301078820598,107.81824863657314,172.9510420356204,78.09240759702202,97.9551073228147,177.9073305879872,86.84108716122552,96.3128707609035,110.4978563275586
21,9,0.0,0.0,51.38863299801669,110.19058047175344,121.54025232022148,65.85816816002621,161.49256671108844,116.35099746745499,60.505525840126325,217.5873345825359,141.73127963187304,102.14745704840816,214.2826328849543,81.63432952961797,51.57016169481597,160.67510180924108,144.2610793221337,93.71121853312734,237.29332483920476,115.3393093894073,100.80972895755185,186.65971237880953,91.94558161931108,66.37011198550819,158.2820028832408,57.62233231545882,96.93725669738922,222.73495637922605,175.96303312259175,66.7621320637809,189.21658870763324,60.22241192581593,53.024937169718,163.5820839509908,73.95011090115881,101.27629869418003,135.7821943940064,72.49635626678537,62.03618466739864,135.53852216120566,64.95106165176848,86.93026001088678,231.28553582803463,127.135764908993,85.8361058734805,223.04592108207999,126.59807460221161,85.76113130371017,195.67346390681186,153.35825495808285,129.56729355384255,208.06003908580857,111.03847806127419,64.4972996999324,120.14961955109356,123.56774630316639,75.49210398362362,117.79517556339351,88.81684923335605,46.292679750778014,235.4096410842289,142.63022094644683,91.47274134875536,224.815047717533,88.98838734488854,92.14865312782537,181.72234038645206,48.29666162575012,92.86830367016127,136.60183638001772,65.89889563722673,133.90192464101136,75.08278384146054
21,10,0.0,0.0,58.53939217516173,184.1484148938085,150.27404716597277,64.60894407666011,200.15802406886914,100.25183725695206,57.5821808812821,223.274401511801,108.8199095557392,112.98882951403276,145.34119436396225,81.89338363437382,38.12122563366432,169.19365062191207,106.06431066503028,127.01338845194665,192.3624037912386,96.0370925834595,128.64720471012558,202.48601893461296,84.92628329167967,48.06314458691362,151.27106058372212,59.27499880748357,126.82822761445583,279.3502490791084,133.12211473050343,86.31180325421944,209.51133025216376,78.36794643081349,66.56321656845874,138.16756705328098,109.43399176802629,101.88636682256188,149.03554340538338,63.464216089206474,49.345038937549106,106.94486162933998,52.4349130262917,90.88436371307945,238.35828938410287,172.478315133185,67.68114067279991,201.8881587681645,158.324104365736,88.06335120406439,229.7372633693438,96.66323009340928,86.2916815004884,265.29614798970476,87.26675735768143,56.42676765245626,203.50253712214638,102.3457075696842,69.61063228007156,185.8218340050805,73.53614431957038,60.87638158896877,245.83067637681592,223.7672452044019,99.23271090296556,225.03489801520422,104.21996256427947,95.84073315010055,205.84059401792382,80.03844107435285,82.8660773821559,154.4057405554563,75.37825976160998,108.70928906617395,77.80348233297012
22,1,0.0,0.0,59.26191339626802,242.31224140321245,193.72383594711926,44.46702159293694,268.33440871768124,214.52184114749923,89.73086341698274,204.32601485756263,152.54654057205298,138.1508549257644,214.79151372053502,76.02598949732487,105.9562985570722,330.49754710540685,216.81140335900614,60.267141829481375,293.1179552799134,239.76443253879762,75.58184481558646,413.796446433482,264.6127507460907,88.41631038616823,231.86660666149194,97.07225893648219,134.39645308793314,324.02742782380506,201.142014609853,76.10728333359097,171.01179335378222,117.03689795397491,44.076121378883386,307.01408788449874,270.94911932446513,102.69972097611866,333.7399646205181,187.0122602480281,94.40653107587728,179.6899576193402,112.73281203794454,80.60938702084076,286.9569059230297,201.05093065553407,73.25867882649982,224.67662965575028,154.82097272351632,110.5958326767754,216.52761745712525,122.25001296752153,124.14234278519464,262.55564982006223,161.39183526725765,39.471679727582526,302.84934526069986,195.76616758143282,75.19063419851939,252.59068967879114,114.74791215057496,73.72944469592436,243.98155482215805,187.3897523292934,84.47869899924012,245.72817644155433,179.5580384230146,124.31814929378672,204.30463769911523,137.27661860564504,108.0725884385828,251.79396967793085,204.91989386976738,76.640958703448,97.34642387740261
22,2,0.0,0.0,68.30043116117398,253.74656069332656,218.75279546693585,38.420195192793166,225.8575473133083,222.58138037927634,85.46214339227622,236.02854316560706,140.229769548126,127.22717145958576,244.49295126970938,92.34919010547075,91.33606512999505,300.2230768335038,207.710683223698,60.92756378820813,342.3293520832828,256.3441328432442,78.86952965048891,392.26637176126997,266.5519153626608,89.47087523811632,204.92218237688672,114.10674237678411,111.49853939985397,259.54305398119527,187.4405982411139,89.61971982082825,177.44511029667348,99.0655178826391,51.28153267826986,293.03553365132893,257.07730952413823,97.66380502349341,282.422056820946,160.4359841238009,101.33286315268863,188.81082274901019,123.60014363664138,72.46530027584777,284.50746189184895,175.10020083572803,72.0774086779249,200.38848266219583,111.63642805690462,84.50549746110835,227.8077891176585,147.82299849509656,136.35483434803845,254.41610458370266,109.53553713397211,47.420665038745284,314.3249591941047,250.8803027615597,89.24266640125002,218.5025017299053,146.0513722550217,81.15370735206037,251.00648824146737,158.05797021305392,101.13357157625884,263.13976088329474,149.86570612983994,99.14933823249578,254.1154945342125,134.32314350311543,95.92459860682786,309.4228738821148,261.5091215973644,113.60193974987641,140.82330878080248
22,3,0.0,0.0,64.14132867800522,288.1097763127246,156.3900807764999,43.413375533635026,221.84097990668084,214.99094980734648,76.20045273666148,236.29950272142415,156.39130693875558,117.20179487018811,215.8896880294934,86.2018760340926,99.31034460136155,325.0426275668155,194.36875511021805,53.87777830500808,281.42371417525766,194.365235152254,84.71515541207886,308.12577327832264,222.3111764642264,72.62860974309939,193.4411573794271,105.45374648215689,111.08774199466355,406.80061068989437,208.54768561959202,83.13866138998993,201.87411663195704,104.66189045297988,55.11262075631696,243.50640129960445,210.93692913118934,106.19190036091352,309.3316805442042,150.44058275831472,81.1328673181179,236.2202651358465,125.39785144400061,77.14375371613495,283.4645077268252,231.94847291636927,79.74829624323331,171.60986703495948,123.16819655226006,102.72068327501252,207.58046937580093,112.4978116150127,130.85108045112304,274.1356202251508,153.61674174407727,46.384738209603185,324.13113813303335,231.56089464831328,86.88201400244056,180.0721847175096,151.15570515477202,82.75783188022662,199.2517329414416,172.42044024104098,84.19968567025751,216.51897516663553,125.16443508787047,117.82936720342276,246.3675932524856,166.04403286661605,101.49680928755197,330.8483122719605,187.83862069576114,92.55173629817877,87.94708716216496
22,4,0.0,0.0,60.84649357647537,260.7225492653142,196.25662949283046,40.990648334425146,250.17565632810548,204.7361849557074,84.31450425974563,232.41787616394328,135.27832884720726,124.87540738267664,196.988883121078,100.99025109958833,95.99824649823289,324.0860402499271,209.1009995208024,74.96632059403322,331.7708645971369,192.97539926478112,98.31660565470345,337.9497643256662,254.7428173311039,90.77406303766392,211.08024506986158,122.77796782555356,103.30380050680051,342.02789483226263,204.02967564622372,83.39252789487497,190.70564340260864,101.24078959165195,51.44634443658869,301.7283697751911,223.1735114912364,108.90648623687235,294.86674897771474,163.01357859463042,102.56683016465556,229.5368481244723,127.8590408684085,63.37560486726039,288.64569813128753,181.85783584180447,78.21963861711856,207.09843979304333,120.96199140509064,102.89158179736135,226.90922774743578,142.54541475845954,126.70346375264529,271.7895458818002,134.02637091409392,46.226327130856134,249.37046612803067,248.41060825742463,95.45248384581927,207.87945468149616,157.6792537303448,65.03257228823938,245.3738974984473,136.34217818266347,98.47486581191814,317.0397983310635,151.70710331674252,125.64728689671105,239.64599927853322,111.78106810432052,98.80768433307213,328.3567224753227,194.6501911452601,89.81850188010718,99.55894280120702
22,5,0.0,0.0,49.59401656781423,304.49457717633504,249.0300472928063,41.91240448972245,251.02185012123968,153.32509163622686,85.81646446644417,227.29719895328773,141.11685298617786,108.61129987042179,209.74930505457058,94.79704481400995,102.0010924844969,272.90847467407656,167.5823571501788,67.43820563626134,247.69060260708167,198.44094354821465,75.24587057605962,319.5433914485891,221.44300850419003,86.44300528271415,228.1953004618826,131.99288179409214,143.2160462640419,320.5467613787986,163.06647951819534,109.91518328959819,203.5023300423328,109.94438692662486,50.9648891195243,294.8989400044713,212.97009298186185,115.2458708278941,270.30348959233595,182.6186910616476,82.92151090351791,259.8315472895131,129.45995541287573,60.62811065176118,310.49427888101593,175.9884589626127,77.25990859278167,177.71855259919013,139.00110408073908,118.23605673124158,208.49488805903064,149.82242181446443,128.89952846436455,289.2618896840752,168.96668085613157,50.61558319276093,289.6616317250628,248.3124437771461,86.36411710833445,190.49130668555674,148.38923561337876,78.42019147993614,274.41799282027745,180.91000559525736,83.61855014503527,219.25077749141153,151.00209317560896,118.04592506198989,290.69810319198837,146.95314219534686,88.13282783828109,331.99225045682834,235.55402402856433,105.25798126004246,116.94565630856563
22,6,0.0,0.0,48.611930287017486,240.66320904776146,200.6713035440357,44.89959249088382,273.50894566820017,282.67392975597846,76.12460160978583,201.2614864768922,151.84407622048715,108.70958525063142,213.57012715003714,88.72635170101505,100.56752621763965,314.48863824514353,257.43704175235325,70.68846679213136,323.286912564391,223.76087269871522,74.19306516730806,308.0869997335462,196.54012195012785,98.22842048661754,182.82383253372691,114.6977526299878,121.38137305842348,275.0905416167369,214.3510787359173,79.50178516077683,180.08126496120278,99.9769203172749,45.420531734887646,279.21815899620594,237.9659404698749,99.41374736335689,245.43384661752594,178.346091355999,91.73977200891599,220.92313153720733,103.98287571648757,69.72384395461053,301.5057251876041,243.04663157786555,82.92746641731968,209.76970546882333,106.46884184296123,109.23408323075198,268.2900089574555,141.0645161990922,143.9081733086732,273.3288654575762,139.36183912949429,52.978272850754664,329.51083029517326,186.2074009608408,79.7570142998553,248.13461193250382,129.74832826373964,82.42768615317775,260.53412297096963,148.87947958648658,78.85623917139146,266.5093840705989,175.90059258701476,103.03942370335851,262.77021337540833,172.50299762473327,98.35123052463169,295.43164685338735,205.0502908450979,94.93085164998317,100.23477779979343
22,7,0.0,0.0,60.84742735457886,253.4805783493548,250.12807622530568,40.989588109915715,304.7678511296149,227.14634594184616,67.1649738441543,204.6716245500266,157.5072461522939,95.20898082967832,162.61657650259178,87.61451205241943,93.31680220412065,240.0801832871649,216.85044886642785,55.51696835587686,298.7109292844861,241.08667705776642,81.88315717228883,330.80533585418914,248.18019617411034,85.03250727241344,221.0767221354734,110.00434241597023,128.95046268711127,309.0408337390672,191.9206575792823,118.94321142928422,206.8845020060688,108.92704198142451,54.053631083482834,201.75260968298954,226.8322534554437,104.27959169815483,290.2850203988468,165.33015317392136,82.12734794768956,204.8152668916044,84.3751635416377,72.16760429512965,299.2055187710772,208.38540483417634,73.34922841675653,227.74562927786698,145.22844778922092,129.95152812306918,222.77896160236077,135.15370376021718,137.6281699638854,252.4028050884592,137.7149441184664,51.645697828702616,318.36014093846876,255.79601417008658,95.29914466884419,201.7451123133054,112.20473067970399,76.86003222273781,250.77748668727617,144.71614013004972,71.52645363455764,293.5634290597327,166.95697642671456,106.8438829596935,249.749911729277,148.42377125838763,103.84569740474079,364.81300839955304,244.29947934749748,73.05807557924756,79.34530805334782
22,8,0.0,0.0,57.867874441238826,200.49997830910752,214.80827375843535,39.987756176405085,220.58746337094078,235.79377212277927,85.22399844066499,243.94015716074864,145.83460329534185,106.46420399050282,209.20426324410403,71.97369686577467,103.04452066417556,293.75332007123274,219.58060397376715,62.3036371272973,316.329762476084,203.76469565129577,81.69608682300944,245.29768386524967,234.0591158043035,84.56887125313119,256.71095205987086,122.03733803593671,111.06548069045144,265.4074912327539,250.50862907368617,77.23293474455164,184.67136868844844,112.75668929811951,49.83739460272287,321.9404328857756,188.8447361498429,96.21526616714134,334.0191607407077,185.3296360788335,100.96037550477861,210.0203384363405,111.42593269998495,87.49451390804008,266.5312080081812,172.42901668670305,77.2916020705418,148.277434176282,152.96982402917425,99.65793144287413,246.33292041366488,98.43517120095333,126.07612373793508,258.8221578627107,132.95954764088088,46.92616639713851,326.102188442559,263.22906339432075,72.70677075916501,236.62822895374296,128.50648615826233,73.87818264395155,172.22130769918138,152.97225059803543,85.08849147848947,224.2916170157755,163.9191389638391,113.5586157505214,257.1942020931821,150.25875161149654,93.17387699345085,319.2377034187812,183.1634752527283,90.0733182877966,89.07315137768454
22,9,0.0,0.0,53.632237484368176,318.58716658070136,169.42208630495372,41.59614617485559,262.14703113420774,184.3925509697705,92.29032399634447,226.18223102504066,166.18246920311756,128.24624387954742,202.4732583518266,95.11653647195358,94.38098487574847,245.77554339527413,182.24788275214297,65.85766636781135,277.04523138990845,201.49507134030992,85.53421352284647,323.8656427382586,245.42277219097275,122.66754257972138,162.76848176979672,96.34376036653113,119.53505877394201,332.2281847440326,167.08153597000208,84.57379155798805,160.18269219467564,72.49308485153271,44.442491016513486,263.5348446224521,258.5596054882004,121.98366329510692,275.73716840229395,156.66037702192054,99.78104758535312,218.03106246914072,90.8630086266469,88.811450444269,310.86416419199725,192.56207602283385,70.56858742200805,221.5400175401067,88.43735665943152,126.14499074241212,235.85952902554428,154.7539422892963,136.2877903073814,319.71093622660044,108.8358442875524,33.91461238127912,280.9448928036283,261.38497698172915,78.41726721125818,220.5362937313462,166.88171042006994,73.06274874648085,248.6224354781195,201.20800029867968,95.42231095955268,251.00082227980164,178.9964320606097,111.91607124428381,237.51143176012445,155.4552801728608,92.75899105627714,261.477195818946,205.20550667766128,84.41160731041936,79.4662783001352
22,10,0.0,0.0,50.55607409581512,228.0558833174946,220.19155598996764,32.37134314025642,292.5678757674277,262.9865900581197,91.57664998577533,237.88138888976533,144.1926047208852,129.74472356676944,218.92654212666267,83.28138940864861,84.4869595103278,321.22737132848135,238.31270050635152,64.48685696838406,275.3381164377685,208.50914469350124,94.75821573365423,304.9178591494891,205.3928261479737,77.40486289144718,246.15963868053828,111.41218867694417,144.07229395247873,308.18474963313577,228.9647598498458,100.21534281766509,172.1529546877067,102.81203410376305,45.36224182769498,294.4903091769656,263.00463609920257,106.68480779039487,330.2405749313833,185.08797692323884,83.77950541727948,237.30329835414935,124.96167757573978,62.68203611010371,365.95175941299067,182.98487803558496,60.455255122997855,209.11549519469588,134.68256345194973,87.08756580779287,180.0727402488079,134.79984599223982,125.59441112444779,231.51077277215632,154.7918568101373,41.009256788182526,283.22606749932015,255.74984419529963,84.0545925619622,221.40222542490056,146.95016679935608,54.467013207568854,215.00523215823313,144.20294095231847,78.23209152753003,211.7176234261933,168.05772512394455,140.76083801803787,258.49049169101727,159.43503689989714,85.75395252127659,298.4086191010788,201.94582331979333,72.24219213793813,119.02554964632277
23,1,0.0,0.0,67.98691702598308,326.7688512355609,182.53894213165222,70.9048238916536,369.82675500335796,281.4754701359601,103.13783938555083,289.5020702193211,314.67301104634106,80.45207554201737,372.96512100927526,275.336110793824,119.256338036178,283.8538757610772,176.6345186210212,79.91834182132726,356.13708301101263,237.52647406246305,94.94884590252238,318.3969885353147,344.4846910817278,59.97460083470565,298.3215296084211,323.1009709007173,84.76456042776833,417.73968065532273,385.0637174867198,70.50733050273948,535.7081427343616,274.16930793864844,57.508238203603476,403.1189588422815,309.72313009246625,83.95896077969336,538.8638401332115,326.49496666088766,122.2627538110984,354.9774035845086,321.30933024993135,78.1556116131557,270.030852482246,218.43041136586152,125.74451796273345,486.1872359262072,322.07435643846776,83.45215114554105,507.15009277436286,380.03057207678376,62.71398201598537,427.34337856681054,308.2674779130583,47.588490365773765,303.0366839880606,284.3855448049437,112.8968948781198,400.88360464315286,415.14890465531283,113.24728278922717,273.22859872527675,325.50932693992246,113.11634001874033,577.588492606189,316.4914403003578,78.07376137056595,358.17334432846644,269.75921564536793,77.78905289788186,486.127140679786,493.3130575199871,69.48719027455458,111.45181159799156
23,2,0.0,0.0,88.39117473815381,421.98250946266285,273.0481751762432,69.64182126364747,446.88641760859355,414.0275188874858,109.24735360197366,319.14707640472193,265.08330152606317,112.20689001559106,177.6297555674128,336.65962118627357,140.58745062740763,305.05490115499407,119.64987031222083,103.76118157222903,403.09264239438824,223.62246984856398,87.58489915622211,290.16877001867545,238.16069653781065,66.88992054572992,494.4156090003303,281.84684498654053,90.07979518113778,425.99997788365715,255.94886272133232,56.95082769531449,441.26357187783924,386.3201219715175,50.850394020013795,319.71880004301187,355.8508883585261,92.56039223431709,558.4399886518588,323.5897879622609,81.75181158434191,424.7050515207774,179.06417329028284,63.34594921674736,390.4765074603664,257.65160165358645,102.57697141348656,441.1866811453668,306.8326758662724,79.60954069710111,450.96195062584485,349.73323306386663,72.16329925735313,376.7903372919838,307.7079652910925,55.60678677569259,278.1893713795821,247.85568028882528,72.54007264967733,521.2533066007039,349.87005056217845,110.31404143318629,368.17391230158364,294.2200317875937,115.71380632253725,367.65517007586203,313.2268130802645,55.12581822126888,385.27789034606724,305.98494444841646,106.24055914218296,457.8977709611,348.9833399844675,65.5210629756753,101.57756459813642
23,3,0.0,0.0,95.86567855135918,339.9510728951585,129.02259602179515,85.32128340842155,403.4229242549867,329.8791571976788,116.26264441427013,382.9458250674073,242.09848274241526,96.0416635644297,366.91859141670955,290.2897732161049,131.62340218486122,225.34194943898427,155.25129301167755,80.35098225770945,433.12809859001317,275.1222369769483,83.04361546843393,279.8439928344058,272.22176870555995,43.86133490935201,317.5493889991588,372.06124595484977,100.6827855170353,487.3053638342798,268.9142437005338,58.31916440143407,502.6484195537694,286.7074535862619,54.73138458821705,337.5463306295631,401.2656497646898,67.81854674516417,411.3649672033844,325.94206747544837,123.22609128521853,376.46049402532844,302.68149158930413,77.52063585213295,399.79547751997904,337.2270324413416,94.01550355701826,391.8454880062842,269.9958462218948,85.32150345200344,498.6216227861413,405.8405623439285,47.512013211271864,380.9657942562125,301.2279991200797,74.15686956478427,296.316303441944,293.9833607641154,85.98838724426224,431.0686838138343,400.4389433940813,120.62405448899696,460.84358534645514,340.9273004392604,107.4148677340538,413.62480786425874,317.88930882543144,75.47372038335389,372.35160976782413,425.83344436522725,124.53362974415909,485.2157775514807,576.7311126783507,70.24503020078933,121.80972481830462
23,4,0.0,0.0,73.1993769073308,350.4764714181763,341.47589267797764,89.50929739247972,445.6690987264024,297.83471340404964,158.32646173186995,241.0548562969268,224.9110824480272,132.96871702144168,437.71939895887385,237.53071090011792,130.28761777801435,315.55753172147314,215.68821433097918,84.07948405774964,287.4180833227367,281.7688488593771,55.86421264754648,513.224010111694,269.2492030249344,59.38737065375243,374.8492193309102,439.00253772339914,129.17343047634083,413.6948266692106,218.96839555621426,54.171394595472435,490.7419274891302,276.8144369665691,41.610875205257784,411.84650130971363,240.59766936004405,110.01235218509281,370.76876713858485,367.28391807077475,88.25991505161751,299.7225938477349,254.28284709849098,73.26487789979134,424.5861826200454,303.8615476649647,104.23758762157715,449.3170058436873,385.2717665958286,85.53394407253339,337.30062338084053,353.00870047899804,64.48972443442413,427.9948786328359,297.4868328977171,81.24976909421676,302.22147631859707,245.4028311962401,68.2875917019474,386.87012637641135,458.2571909349133,83.93893099898142,261.3630388211974,202.32376465237041,152.43199174240206,377.8721276919637,289.1147218320951,72.0028711804917,333.67017305393,330.1469972895702,96.30019104874846,666.0123079359311,401.91555663323436,72.74260420619254,138.7277971692754
23,5,0.0,0.0,66.32148315899272,348.386760289835,318.9743845382344,62.949325936515734,454.91369594484365,263.5445936236468,125.96368850496727,345.79492197848214,231.69111549190256,116.5402124282093,333.4950628847821,310.9711544652288,114.41037330768555,294.7467839799843,161.5790974443962,78.21534520393506,513.9608448139506,309.80200134554696,72.1547279848937,370.3278187610989,312.861681431553,58.70225668411848,378.8097554355986,285.9292345570864,115.94303467483691,329.32919685794127,306.9625196742875,56.878220084664534,409.04172603851634,351.6178969129419,50.496282097434445,460.85190782080656,357.5390132651198,76.31310409521623,546.5680610895644,294.71518838852984,89.91054870332283,314.27522915322686,204.06236498924423,78.34746193677695,380.96928833363216,295.5529026505005,92.62490339293375,443.99294563614603,196.85678079420376,73.12709405243868,389.5703427645289,372.8651387048018,82.10248473946083,419.4641389735971,216.6954958069477,60.760179547253,250.73131159304342,339.74241208864197,98.99522821325155,423.62310727081905,447.0978492616074,104.09127722378625,445.4365244625762,282.02125468137064,113.71949733374433,336.6082076088086,246.22522341112744,81.44304707153012,373.1921311178237,371.21850332634256,85.94117635489339,445.89567204746584,437.7352068653112,87.57864191886043,51.69614062621893
23,6,0.0,0.0,51.80658691623518,374.75665010550796,223.82579753646928,71.43427953547736,336.2575383865508,365.0887220940797,85.22948680231146,466.63311946816356,240.34715755856126,94.92243526928807,330.80949608663025,300.37654910995775,136.8382683359746,244.62230352403978,125.0735555966925,120.73693674765639,331.1341424537194,257.0333717419173,109.64076386516685,334.3583204514195,350.73907346387034,59.686738734457045,349.5441063562117,308.429663487659,124.88827063887706,352.25528826227423,310.71599218305454,66.4241333834068,436.63161754417354,275.17122430875025,60.73214839896677,415.4281334420319,368.4797860332997,82.16108396447865,355.9302289759216,349.6222131014911,112.63037446288928,365.2682970854183,247.7856700029513,80.16244849676575,448.36968749513073,217.88664504374657,96.88037165668436,465.36606821174036,397.3171249583302,73.8266590177156,489.07670449087954,329.51136457884553,62.276439188698824,374.53545987527866,259.7952794050391,59.16805726442621,246.59477076721205,270.59305632572364,78.9231880859901,501.3992418825465,475.330903060765,151.94942907442584,328.318860310539,231.44162585934112,115.5359916020049,461.47998767808315,316.82816246831385,73.45817866228664,340.966499621446,316.81793289415117,108.15615167063443,422.01715964872915,444.88412608435743,82.35476755888264,96.68058783148396
23,7,0.0,0.0,81.9576918512486,338.6155041114236,255.00183307572814,69.88042883859148,457.1353697470895,418.27141801583497,130.61034678456252,296.21267856882434,246.7832724310351,101.68274017659532,461.42842806002545,261.7434776865845,162.81738071695497,294.6380309365922,196.20518444389108,112.81129845735,408.3391637705307,314.5265453655641,60.783613361299075,342.1535683885427,364.6844525709396,48.532670430505476,434.4881946035871,335.05622440028986,106.93601456924132,497.5557350646037,230.73853485238934,55.00804856040882,480.3755912259922,370.0053585816113,58.24165634711018,461.9742951284644,316.59927387456054,95.9545210545693,495.22136491328945,256.9784928107243,127.60066941753857,336.1275600082613,245.01020863882974,66.91985764223483,420.0098835674171,218.3311982773157,113.92305493857127,405.4946792428375,356.60968625793515,71.87709720012867,356.62941728129954,353.7284253815732,75.7861000935895,390.0075816905427,271.3500984649475,66.59137371847186,306.8848517086315,303.4759927431024,74.15815936144988,478.29076694760494,357.2017379263965,98.55458640668817,364.86084807078225,260.21137644153254,103.95289271076017,447.14730766765433,308.1873227428832,70.98811142306936,374.02287950426125,367.5705621301823,88.49147958169085,579.5537873770025,374.71673175810264,64.33819962205773,96.39577358992466
23,8,0.0,0.0,93.67582016583418,326.7487468808355,262.4190562770732,95.88601161154745,306.65980165966045,370.71040733082054,141.3635712161202,384.9745167731947,303.24645859400886,121.16545774176105,393.383098415523,352.6863563978798,107.70994358075804,338.4800432486917,140.28208127726987,90.64143683855279,358.9135217187175,329.06611908087183,84.3030935333353,473.4161844012736,267.8578888604199,34.4581916757233,378.1508705801715,348.0719065737228,100.9489284161801,374.750299178189,318.1456219202581,53.84734700039892,491.21732801252995,351.324476481245,55.65484748603567,334.3374102064321,318.48632440989263,91.13714251244787,426.03135357763887,258.8154588945327,104.33442228041486,457.8553021871605,229.6368729849707,80.15796206292977,434.1344809663115,272.2072056729096,108.12901375230658,488.38419782089244,246.20582784867668,64.07766705626996,600.6781773521107,369.7408885468809,60.308731584980265,399.8911671436495,268.4050404716683,41.02650899635598,352.0269154658663,174.8843298701242,66.26791778247963,406.0749823330014,333.0257733970746,92.41751110695938,364.63174114956297,267.7538109717486,147.9182953281654,429.2600117071764,234.19718344004832,60.31154314505031,299.89412719582447,266.4025447154481,94.92917584265469,401.3733173289295,452.7090526107591,76.57181158770896,95.74125717429551
23,9,0.0,0.0,94.08088708548622,349.7405639112306,237.91242708588422,66.49799247540466,478.37060308042476,329.6778757640704,122.46152032053318,346.0035841372459,294.73754819483526,96.92650103854626,314.82313257168573,297.5340534573175,140.15629262774672,340.59121267690875,121.22594719365918,89.82303832386033,322.68593045928117,248.4508998615041,76.24145516011725,353.82299348905724,290.7610070264273,69.36140368051338,427.6103506329023,445.34556012406927,73.7706707161631,489.37847674895886,250.6851255392628,58.20781138942699,308.3369915223641,235.26186203903418,65.19145510241404,357.81875804486987,346.8171832308426,107.75355429050158,438.71107701531764,419.594129800342,129.46251132836633,293.4415945197002,267.8817132917067,74.82172561452393,290.2836772919967,273.5890107718766,116.21460097144652,460.88645236129383,340.2673499061008,53.309227392402356,371.77951168268424,224.45745814757478,66.64390397639426,290.6962870654904,352.88159675139184,60.93278128706815,339.22713255311345,266.0192422576989,84.79484024199765,501.5326605755992,361.29348805695633,75.5714585719827,390.5041486883307,279.81686058827233,126.08175743737503,492.2920563004253,343.18830965602643,88.96482611885433,273.3179704391839,307.3437751409752,88.93737025959963,614.3244276449063,402.915000252987,94.21412083228142,75.3195802984305
23,10,0.0,0.0,82.61192722156883,310.3734669119164,316.70611267236814,72.65257222043137,334.3490732311878,189.77657950569693,114.24210816350052,449.21662809119715,277.14994593185367,107.5534485329208,331.77439704838946,243.68452476962216,135.67506817372305,234.95831984512944,85.97506329208346,127.8309782215832,389.6393277480347,270.12412747905313,69.36795847904988,429.0394461884847,286.8686200331923,69.38115794864032,314.76701815747987,295.5592778265919,113.89230757660007,425.5222331300878,248.13936035448202,66.71887657308667,357.9842642529648,378.63911223572256,48.69473993919905,453.80378205457805,366.5063943206318,96.05992222372628,454.2375135885974,329.7066769914968,133.7036467641614,376.45096985338375,315.06740046640607,99.37134809696127,290.47957894541673,272.47722411279943,103.99652435718022,482.81358038835293,338.58932883583674,77.36321892595676,382.51000871902545,284.2506179521497,80.10095406765389,450.05606837758467,226.4053570572772,66.52726068700406,395.95447799404303,298.50337693398967,81.86111763313923,471.58985195970075,378.56401923413927,80.68521652333757,426.0658604896564,339.01753437890574,119.05748520844195,394.8049993207504,324.98626584208984,91.09208322812299,424.6504673327736,266.95941002831205,53.28065050172402,355.16497844397094,373.987939548076,52.62530682681827,56.75555567054324
24,1,0.0,0.0,141.19830298619263,355.62022998019046,173.50203349492935,90.39061021797725,336.97630617163554,261.4080204485106,77.17341090490434,343.85008539566365,313.51025831525664,111.12335824126573,311.6475617332905,194.34716197707596,97.59348886332403,462.64306447114586,286.14277670052536,113.59077307838142,529.3353586772765,313.0830310865729,98.55619675280231,355.1662283974835,243.32432476590404,105.79905727342044,393.1009828399051,199.49142229167197,78.16717785220409,454.6128510535466,382.88514818982935,163.52287093384646,316.2488033428576,209.18323933811146,72.19504656349177,306.41766369098855,218.37388949802417,94.5329627860369,434.0423518176079,315.7441856996141,74.76449658610264,409.153664903808,288.70811620547704,77.90156186936305,339.36778742646277,344.4725602332577,65.38813757310047,385.6072348838457,340.9846335495866,60.97425033666653,456.2390148937854,378.37669357641886,120.88620038773144,428.418441414435,272.27909724222275,66.73525162950213,475.93424376351993,272.1293395938809,115.05937744173181,380.9958441954895,224.61489201916845,76.12108782850619,384.1580478770711,246.5273842472811,134.73441041020578,242.72218692655332,134.22242832743194,115.46687001692081,269.9395465586063,173.64796103811756,85.2756984418583,419.373286803562,312.94793936245435,105.44814193445742,116.85884130403272
24,2,0.0,0.0,136.4416606361212,359.5809292115218,146.00083893629022,101.7056734582097,372.5649995918825,252.10856977312355,67.95574071730685,308.2760908662444,261.8699363416894,111.58493478859434,334.1643839446399,250.22361932242939,92.26733385797576,473.24790250946927,246.3272824125657,95.59604507726131,425.38964446091484,391.2989296363485,85.32133012277687,326.1644127536606,267.8875540434883,111.93160839246309,399.1024174824395,232.69750558998712,84.400953505399,480.0878503700833,375.1780050943359,147.64310711776156,352.92870953902735,291.442025770261,77.18931865073556,306.1492242360715,216.6573721751053,78.79423570022153,458.5929468272819,393.8325505388101,96.21984109101692,375.57956890510945,345.0844049673009,71.82154867652048,472.2595490541836,320.7863483314384,59.14343455270516,319.5377621204204,319.82944283828596,61.527421610962506,435.2497282246815,378.0998918865616,114.58237404363028,376.5408444390525,309.7717437279759,76.43733529707171,395.06154672176564,293.1303103340418,106.56575626195986,413.47210831266364,272.4974907425905,73.4476205072077,347.09832333535024,323.2925354025947,143.01884341877096,254.67452965347547,146.32781972868113,124.61285550889578,312.3580045349124,180.45995780353599,71.83014114395331,397.18582863166756,351.9784800460012,105.99953970651059,127.48108858568725
24,3,0.0,0.0,128.49877920337434,324.89808477523457,189.70269837522716,77.52479101968865,406.89534553555984,282.19279820063315,73.10150553831662,282.271676071411,254.05996604846717,96.48109265163174,384.01136987101546,246.61142020823996,106.55350694363237,358.67210680434516,290.20195984324874,94.58093083444562,476.3034564504351,339.7258365276509,105.52648246911245,266.61258216748945,275.1174926183443,111.3277964864762,369.22516408000246,245.2201708573531,78.09156399030793,455.12084583958654,349.47695222410687,154.8829120420747,289.87802751492893,231.23029844821923,73.88341008782874,336.4324326525589,221.96890115267868,87.26772741064384,377.4055745341536,251.5179835377568,98.0602935107788,355.9849378971924,350.54980177623577,67.58439097836633,286.7602694904276,306.80563803212743,63.685832548861825,359.06400477431106,321.05309795855055,70.3314873336912,365.1438723636871,382.7558766922016,104.36676513482104,424.8812307560567,255.18186408263398,87.93335892397107,351.6515009346154,270.44014739653267,131.70012222552006,405.3346211551124,310.5350651887515,65.88549795439201,308.11978683887844,342.9437823520883,120.6880079846229,309.02837144483635,145.10898842056847,119.21810075475801,243.80106865212946,166.67243109955854,74.93555203958991,376.94815421151566,305.72245881831753,111.92277726686896,112.90540125598899
24,4,0.0,0.0,131.53873277409522,298.689986565342,199.97785012299929,98.05883936375936,295.7964808496778,316.7171570711641,82.26451345464262,339.7362939364085,285.02925108331686,111.3740502666201,386.60069048831804,205.29361620035414,94.5194812784743,350.7747883285429,277.9192877421027,87.29747159849761,440.33342286531314,330.7539558052378,99.08243111625191,377.7076042013057,234.44111002813852,109.71051781542911,325.81584826590665,241.21711656655788,74.26554191907734,374.8152073578869,365.18566628803103,132.78728288689103,387.90610058262416,248.3614745080543,83.3033362794702,253.59612858004303,188.94124881954104,83.68360458954167,422.3272232092898,331.132700609516,89.26382825063344,411.59350597624575,239.1319381680093,61.11892784118324,326.4561756118085,324.34000256554805,50.14639832801723,407.0338265565714,334.48543704848333,56.850422649587884,507.88880044957455,380.35820378899894,117.78760671923719,413.3758193817464,260.1723793834115,83.62342059026803,370.30013276984386,234.0518729584899,127.5104249371157,295.6978301532912,266.72325539092844,68.96774375010818,351.23248631075285,355.8186691542626,129.37054610723592,244.94208020020085,136.00927994264208,142.62668877297114,328.648845086458,173.8205893919467,69.73568040929705,384.57955492340875,242.8923449539257,85.20369554214624,96.08640049358357
24,5,0.0,0.0,140.13475534629148,328.1144490250664,228.52367586405384,78.80351622847665,402.73304349835723,238.73898609428716,78.44969723930164,316.13216750232306,236.91203719863307,87.67407675153274,416.4774309524918,209.72544962029025,92.78385614997345,453.2874807254013,277.68096290520333,100.030596557227,403.4026449437803,353.831405592226,75.10549397889471,307.72476816102204,219.74818361400997,107.33662707840807,396.91441398210037,203.63724895309704,84.88386717304962,444.35471563347244,305.9779686843197,112.01727812123899,342.35997178243525,203.79941358969947,64.23959843836134,302.0594045727085,205.86032015858717,93.38870226427255,445.0444774130044,341.5567087682476,89.92253569929429,446.01739438313956,280.0468481537322,57.479262803587034,338.84769266428845,269.5494470423999,51.80694746034432,396.14118848036475,321.1732005203148,51.62531626810675,454.1279763952839,364.58042749713843,122.3784098737602,383.7651467195562,347.81916294673596,90.72092484802084,368.67641901687966,270.2250338204234,117.74756809625816,419.07514681147046,237.7898931650802,71.5224488489571,402.80554372802885,305.8884721894325,95.8302537098463,247.8787407854073,167.20700013549504,119.60128534961285,253.93802914109037,166.0238642760467,89.539571350108,381.2232313115206,269.9296279875649,94.88323597639817,117.60467649018616
24,6,0.0,0.0,134.92950734557658,314.011865825954,244.0973141232127,90.42841364777325,388.72518214737414,274.1558986884847,74.7417492880319,328.2283649902317,205.749510666055,82.89542443477528,369.50997588610414,212.85725846710366,110.79257838401502,391.85665379580513,296.48826263732235,98.35486281203524,453.0669601864124,358.6120260517924,113.78218887594589,320.82518539611425,190.72653681203315,117.1028458929537,337.6720228345246,228.6926043274011,80.32954500041274,471.97966462034555,311.58906039839866,127.7953711087176,350.82077914874463,272.19782186700655,74.10675491623911,303.64202192138106,224.32314690296812,103.88985619001805,458.01800395054113,323.00674761073725,86.11452575040333,372.0377867826984,278.5596114539777,68.25077953070985,391.02081075641894,300.9217713156514,63.232624495191644,310.2976978384074,327.4686106916748,64.26937970028169,360.88902144913266,387.98960334138735,140.83180827259642,387.04794778510785,255.80030721572587,71.54241856078339,355.3924170552245,284.20200895893635,130.03546836971134,372.53935041606064,282.0017883781198,74.2957802258374,392.8988025446409,277.94527978096005,107.82352681532889,315.47143741597074,138.39679268905996,117.384964237198,321.251773598614,180.48178030304905,72.89993392449558,304.15343750958544,219.1340616904501,78.48868456086848,99.9354906334006
24,7,0.0,0.0,145.53107318747823,326.05876157951667,215.4165715534857,70.9101124911869,365.2209451879453,275.6651624771503,70.97316941454595,253.23765321086398,252.1176571647747,78.98445384026937,317.24093456548763,221.8751276879347,103.6046079607589,377.49557599056436,234.9084767403152,95.24058004932546,483.6833031214036,305.35706072626726,86.57156175429738,303.99332406180133,269.05485020527124,122.9340538008601,356.0702813786715,227.59103226369442,82.19763762201329,485.44331258723133,316.920482393262,150.61931009293608,336.7159699735432,237.09511070303364,72.2303515446485,262.1923770802069,201.1560870802254,83.0740444901633,351.64244073101014,347.56104547262396,124.28426779079949,420.1865273923614,221.43872742365642,77.20604467489001,360.0745040255341,297.7913347729875,68.41974498484163,326.09762228005275,306.24571429968097,52.87549507775339,477.25551429975815,365.9752590208635,135.8748573096459,392.48693868302684,315.4407343801832,76.726183757738,296.5647111910962,253.6290636620462,139.22075307868735,409.0763845481715,282.9882593040838,78.73469738887015,405.1452774916951,244.83388947217395,135.93948399195332,283.4806179668124,114.18108134154387,120.92445878090412,285.33678810661644,122.85012917828308,85.61334161036062,362.91570276036083,346.4351642010812,101.49680964957886,88.56863942349534
24,8,0.0,0.0,127.81953809286594,349.79944710390026,201.872806063028,97.23870512604867,353.7907144038267,266.6349417540379,78.77853158238115,328.4890633040485,246.89994312524686,89.35818589748382,342.1266034083549,259.84043481065913,115.24853050810138,394.96758595838406,259.9337690901386,82.94526164964464,409.0687584617844,368.43836534444796,96.80485429325849,346.8676799871923,273.1034939578734,128.74474021912408,354.52163191346784,215.9270007907584,73.61062800929454,376.28549022311506,323.8675598634971,130.00338534501608,380.93350172693147,199.2319423384793,73.75284841700018,306.47272080941786,208.30838730833818,84.9753111414708,423.1066484767854,307.65322538465097,82.93788200738223,366.9317940684846,313.37115809479906,56.267311091516255,422.7015947602144,299.9114877851831,56.873582760786654,324.00803167678185,285.1163189249618,52.5125939219776,402.57107629499217,366.7268484463835,131.4533999212775,494.5754229762238,316.2367551509148,74.90991405091611,342.66272890237497,285.061719811479,121.1126891068763,359.65278311694203,258.99451425469596,66.56880788282177,363.4816599139618,267.95951315625314,113.95094137163301,288.15727355888305,143.0097161962675,132.0924086347153,295.3443150722195,184.89598299368635,76.05139339430959,332.9035928986055,230.60514393923262,92.49660566572737,106.191091063292
24,9,0.0,0.0,131.36019097981668,370.48319437705385,218.64952351827208,101.14775636352827,407.8688003974407,282.4166431217648,77.20822078125293,321.1941278633799,231.2971493564612,94.40702028185027,363.7587525013499,245.2997651484434,110.97195583151203,353.038363549216,303.3711308903612,125.42090223680225,447.74972827740515,296.78710288044965,93.01848471852834,351.2821373571616,225.94536503377995,120.07290533428908,410.71173081792006,234.79744184843207,87.10978396260498,401.07734817784973,340.4126863112748,106.037428434437,343.75052848880586,220.40859595977068,80.00329153045858,316.24799080729537,184.52607911446475,81.63799374484934,392.88785430178694,309.82045472449283,101.43193894802643,378.83813837577964,313.08976091597174,64.0142674976735,389.62043819037734,321.1962982921432,51.59322403759504,412.1058136651412,237.78199671236553,51.503422634415855,433.9740392706925,369.00533119123133,105.20754179177216,422.3819534935792,323.8386974129002,87.51290196079775,388.3635275281763,283.285641764887,117.58758687028515,369.7366845264356,278.13932913929705,77.00468925443789,306.56078377978287,270.6951329683453,98.87303219922183,354.24578631606647,135.05836306590848,121.01802971586551,324.8626052905693,157.0133221385517,70.34364876573214,388.057199095256,367.5456877213114,86.61242902709482,122.1733323934553
24,10,0.0,0.0,127.76744133686348,294.20209590617327,182.12718140377686,110.36797250898398,339.00954077839026,326.6472368246242,69.967974700214,318.62301702274783,229.48563896833508,103.6660727991132,393.0081377096752,225.1301329001868,104.84991433697698,351.2536236544503,248.8005784292912,90.15269785665434,469.16176295894536,346.4423482664822,104.0018675502036,328.96611006564785,216.89879382935533,125.25274227869758,348.42692618794763,222.21349974977585,77.12689820442307,424.57770053376385,361.1959807321662,135.85231836989092,335.27545579043743,212.69160050666605,87.15066661276494,290.0427351493235,202.34206494069247,83.83888667123523,361.8174303847982,385.26827885084634,98.125195110377,352.75058590442006,270.13914778597916,54.81159886673163,394.714625951879,311.8550170467125,58.16473900941741,412.3122957832826,275.7898999363336,57.53648413486106,437.3277272385767,384.3879532715508,129.88758904816348,411.6014024348456,307.8076654230685,83.34081517052559,414.19010564601217,211.04829226444986,148.36041781017113,350.2314591973224,195.0812206537517,72.05552626605223,359.2967201852333,302.40606082972107,125.74347884182986,300.27769712957104,124.66110981490534,118.19548060619599,252.92463079746125,161.12239413004124,77.4840245262893,355.6188143424809,319.7004028940241,82.74074369947658,118.76493407981654
25,1,0.0,0.0,94.27930845822006,117.67104623855278,40.995142290000956,94.04173995596993,168.53639227539134,74.62826716855778,105.34527188672108,240.7871693298467,82.03554304674222,123.12808621640005,110.71064632476329,19.248685969310028,82.55470694835996,160.17824950647167,83.81500622208792,71.46934228678815,166.97987239811582,94.35178455009002,147.3313794094814,140.77174501791345,19.62323219740908,74.3298948709202,138.5345551072955,58.31761305000661,81.88374816847563,148.92128716448758,53.59491094521017,117.86420121298235,148.72545493562504,46.787081324791124,105.35012073598962,205.67902386427528,88.24452398965013,135.06745075835696,215.70381229575787,95.97213337748516,94.20985165919755,162.49500070795062,47.42006161609792,119.92754975991551,169.04797139541458,67.51501739701197,82.4878081772201,172.47716095527582,84.37811843527133,84.92468413684915,179.5607748512257,76.9140485864851,99.53718786128474,107.20625366331602,-9.237706353125182,79.62894038495148,135.71646866234593,40.17548531594517,65.02946314917416,136.04356471273,96.03351192036081,101.51524965738444,183.05524028877224,68.5304839349182,93.68532700102654,158.0275873930852,82.84606256290822,109.01268603478168,138.74589643316784,41.50766034231008,66.46837212466887,171.20960144593977,118.31308751029395,112.14481611461494,118.4554407421582
25,2,0.0,0.0,69.98554663954333,116.23636520089116,34.73650624145354,91.11188545350463,173.23631366423834,58.63492558390972,114.6565021432839,210.0440262177368,100.38713667669988,98.9613320588515,140.95401312602556,20.4373078234099,67.64592773296172,152.10457756001446,77.64782609166978,68.75147061217129,180.64731713941356,92.89768034646055,132.17454439504223,150.64745765521545,22.335395031004545,81.79861089284495,148.0476681148921,65.33569317462258,75.39728533195046,159.5042937530444,54.204049821988505,121.87011839871276,164.06131909625557,51.07636701118969,105.842278193175,208.71823356788295,84.38111512564262,103.45124234071815,196.85904115557915,97.8705525813916,108.78237600124439,146.50179750091658,49.281111423400645,117.9380585877098,142.80121879351108,52.55281607314642,84.84799726973593,168.23385536313387,75.55398520740398,103.20754290899077,162.619131926874,61.95322397767529,114.3390472565511,110.20590752812355,-12.213168832607115,100.2683898592206,140.1281404733751,49.522206851557,62.87196502886566,153.995429306324,76.22148906628067,111.89983833837819,181.10120411971675,55.6381509468733,78.11567257820275,139.9186634127865,92.57428468923553,103.88662573579815,137.3530633357707,43.01049319874101,67.31859893565603,150.88780477667873,98.12665819042915,106.82458035518435,111.74969154233358
25,3,0.0,0.0,95.1749780573164,93.53405421708612,50.15614581291814,89.38638108851792,142.38479963539157,62.37441791130476,128.53364667995822,205.74743357402224,108.01527380857664,114.29284387507603,120.40330873932963,17.332264047989163,82.60624938842739,160.78845467780025,87.01832992247515,77.74416052539809,172.1508837629759,78.68720096254529,130.93768427675798,149.70764290130174,19.062121630906812,80.08806975763238,123.40744779502278,63.74414331800294,83.69205399639198,144.9161986656029,55.21932749159605,133.02106961209861,156.9937506225051,45.59385160611736,120.00210062465105,178.33359703473357,90.11673768075512,126.91548986686884,196.94442403258932,75.39617494963615,116.29300255680415,165.51310737290584,45.14617953107092,108.55934115436024,168.20253341273263,52.984898122627804,83.18993621734319,184.15749892527373,90.41173632486976,99.59450395461705,158.88996346849578,86.06185675396777,122.83822990767943,99.17119007419456,-6.623899497723145,94.43894016183883,150.9148155441303,41.87209464260536,66.27788206179495,151.15819432036778,83.25823070290896,115.07947308121396,168.99625002938797,69.04473969047652,82.24490140565612,143.76914459181583,81.41869993581773,109.48894895769108,147.20984531402314,30.911704482304806,61.906654166860704,161.78094071405692,102.32269022430694,133.39910197385558,119.36043140639981
25,4,0.0,0.0,76.07777798982733,129.27251741528886,33.82754913637513,109.21183479606842,165.11287994464678,53.28910509224332,101.35060534362265,218.89683071067216,117.9875074850993,97.97942164393423,125.48302289838237,16.870359076576953,69.86840325289931,174.878709761567,72.43156122446314,84.65879481926949,142.64147878819412,77.3203470492185,133.3396536984108,156.18650792818585,17.857473350361502,86.04100438092784,146.19782897985732,49.99706062838174,79.64564611988294,138.05704415912015,60.305334113038406,137.7400571122886,181.39726708529673,47.127392573257175,105.02379691033028,182.66615243006027,109.1800047016562,106.14270285921921,233.72144692673524,93.88322798560353,106.01506039531733,149.4774564814642,52.15711763437418,111.52057506145759,177.25480694383108,59.114102390766114,83.10906186327223,174.8863812134439,89.16454418209335,103.34777086460377,152.57603294235406,69.99896278615674,121.47614744724979,115.86050795700606,-6.1495030608332595,105.28154408527172,136.90312427762385,55.16345705299797,70.00239009313341,157.20845396494536,74.75691869337682,100.82491571750823,165.20152887970258,52.06208152140816,89.57998871137735,148.11406966692599,88.40757492199378,108.48491844831008,137.77675939322626,37.66331951165672,52.7435739776163,166.80358064836153,96.06727591979849,122.74226168677728,76.14390826943927
25,5,0.0,0.0,83.78772137694105,126.91855404625653,44.303227525276284,104.39117417665145,155.97427912433807,66.21213881088649,103.94674632535013,213.99924768820335,97.27824854619799,111.52955940314195,134.4172589355975,22.297538862556433,77.62192012872761,144.66782450047077,84.98388926031933,63.02863481645949,153.56032003389626,102.0984776792437,144.83924502160082,158.23041125531157,22.254629317024225,68.06865882846174,130.73949837489505,52.42177937678904,78.86381790735665,152.9311893484474,52.67978839943541,116.00669297166722,165.46686859633212,54.184261041095944,106.38979090502593,181.56022857114377,85.98802439587705,104.43674173778751,218.72461405150656,96.59531291023796,101.7160005530277,154.43827281412874,46.10493861638653,124.35125846685911,177.3010875718799,44.9077945456489,74.24143638866327,169.5250238893929,72.91108343737939,114.53589917967523,149.15181431262533,60.67922660928423,109.76200039075674,111.34813442613697,-6.014336093514107,95.58988912723906,149.7574177953497,45.924610198899686,77.44554832620793,146.92210238699082,85.24285894457766,109.48616407758782,165.99710316487952,51.249109396459296,72.09311413575406,128.8096861785407,88.89026936579079,101.25732144690522,145.57006479215727,36.23048507547178,58.56409327153759,152.80962387828944,94.68257885641074,137.10406238952518,75.31727504112853
25,6,0.0,0.0,80.02539289294155,110.01411070548195,34.62253216922853,107.67976017932665,170.40019622807893,60.47876289172238,87.2489477512578,228.52138645833458,114.21046136558893,104.90838383997654,136.13916590415428,18.242987585249235,79.71303400557511,163.36821221267974,84.43665842413954,71.81134736154895,169.0584870624961,81.35701893980176,139.45757894877713,148.8715138962179,18.649603221185608,70.47893547871341,137.83730202765344,63.79741416177673,81.64393791589134,155.74256889008362,69.91826589140086,128.3217830554616,164.9490486551503,39.47509112192726,91.61387391452479,219.54809902099964,96.40629944295254,90.9791079740653,191.41315593897903,101.46692082918557,108.15457981505567,145.26268933170743,50.3700677867333,124.30241405131653,146.2287153292606,44.16284960061286,80.37909411705151,171.99018512282865,56.80533187233354,105.5537728666028,173.00451825612464,66.74414054784353,97.2907089733784,114.32364474796678,-8.224139384357793,101.30519904994846,141.0734353770538,45.25536897399346,68.2057427201667,123.17849963355951,93.6223375628313,121.53363304295517,164.6241507119424,69.74626392034678,84.72744383161451,154.16073057741698,69.20431503409247,123.45670866030707,144.1585497450418,31.27004881393402,59.414303502119076,162.51858876718802,90.30830896712006,119.9374373494503,112.95530590545891
25,7,0.0,0.0,82.45467669713474,138.60661349864176,48.938279807024436,103.99549163908672,162.51926288360522,66.31609671793268,119.59892060079629,216.71406253593128,113.01992334802435,101.4463163193258,126.06938052636544,23.491214886128713,80.33344374755848,153.09079274243342,83.48875281769449,72.42643434778148,158.03278394717333,88.96387380257683,121.74032224247172,163.27466998200327,17.071986130228435,61.3586254078777,141.62627944181116,69.29917798308054,89.85338554670417,131.83636469273608,65.9824222541197,137.88579243074415,160.7696790071399,38.82502946489527,93.60420011457443,198.4643055316574,97.84334165694659,118.91437865022792,188.73020492114,110.67149617187688,105.73791509885547,161.23837076681806,39.476027444507324,107.82826673231719,161.25795217625392,64.99184029894253,68.81099371724149,162.8199536726411,64.079016729165,88.52640344960847,168.59565876309318,72.22291307968992,122.63287211684974,117.62309728941189,-11.047365590990003,103.63818175375683,121.69829853917228,33.58340234923233,70.61105782584671,165.4322470729008,83.8586164194796,85.43511455849531,148.30807807059662,61.474457118542134,76.74211341064365,165.7408370273901,74.97726315936967,107.85753014022963,134.44445974941263,37.13459884339103,48.187969181263426,161.70563397535815,79.36986075801275,120.16758009081823,81.69398941369144
25,8,0.0,0.0,90.29176121202943,135.33756427645454,33.21157662665342,116.7938590910712,153.06433663511916,48.88335713154096,123.86366943659847,227.80414055751692,106.24071457614394,77.6254039931723,108.9170470050899,15.598804298353535,86.093594141338,155.75112189902742,81.8532116011931,71.72434427202701,152.35776665666484,86.43194777586544,134.19618189454317,136.47485603995196,12.409298167584389,84.66930378144572,140.5681552515507,61.63580526794974,89.20390960230237,117.73038849742386,71.68584491627766,100.74739484260886,157.97972345573353,38.20505582178032,108.023289229736,173.03960988069798,85.92810647592022,114.22316995382141,205.98696320422803,90.37697937568916,106.7640977298259,146.16669745553043,56.576367168103744,132.23368233861942,170.9986016099657,55.239296470151054,75.12554266247238,146.70776138368743,95.73771610030182,87.36685081345968,143.82704053490536,58.13577229456334,117.75538587942842,109.08368790054064,-10.285470981715683,100.65169923431404,129.73196772993631,47.3355573229677,59.17532477348168,151.65038889832988,84.88225913162492,108.2448260411547,160.7954690975385,57.08598911975543,82.49854342777208,146.6481290072487,97.42585944108154,104.86191411784667,135.55777251605207,39.576057838607994,64.95538807242723,151.52351721048421,87.86409929847888,123.47605386809862,104.49927454701165
25,9,0.0,0.0,92.01616694752963,103.74077073433148,36.510699643191074,88.45803701248751,144.0365426981833,57.800811143227335,112.8778160960081,233.35665150324937,86.34927223817536,108.06151949330463,133.74845374151244,14.703473717297845,64.94333121123059,152.64714135462287,83.96593068457005,79.4853384219957,174.8318893314738,88.04245671589955,111.88409898919133,157.32283512595026,23.464858217862172,75.03423972060274,136.7863292392305,60.01510762896694,67.7918377406836,150.6633246582282,52.54357632100977,144.6035233151257,162.20664129654787,56.636318928973864,109.09735189618108,182.34408078545366,92.50057400328937,106.99749434834158,210.50043877333772,89.38025983366342,107.99033978904772,147.0325217867297,61.42099980906555,127.50776729029626,155.41532015874043,52.73709397814356,74.10131505261758,161.78524412800738,98.64218536718198,78.04251850007901,159.88701528176648,79.84487172242389,111.27143534160957,113.35094973379904,-10.182407982509888,85.12524346033568,151.60980768294968,48.59257968776565,62.81984514651359,139.42628780077766,94.33754858042468,92.32155701942278,152.20204139830975,40.836814502080465,73.11989298673662,146.61395657325554,62.76459601559723,114.77518254229179,131.13272482284987,39.223392511220844,67.2768944972602,179.44201711308736,98.53691505897292,121.30187662534418,111.58225279749844
25,10,0.0,0.0,89.96744974286239,141.74874738093246,42.15763808950928,105.80983833352317,162.16268777663925,60.34210010427629,107.18078222001867,215.6797040563693,133.64046195285152,128.05208568523815,104.9213860749443,12.152540155308774,91.16848379713304,157.90213531222213,94.1634164923563,75.06921148588879,166.8507598132973,100.3618659148299,136.409161937511,153.49423397436414,22.3359175371654,80.99332107382303,135.1245478057161,56.32039990486167,76.63295842276625,133.6912312985217,65.99276401021736,118.91343225154145,198.7893717968979,52.76162885546391,112.2880470153524,191.6698315480051,95.46028664374515,116.00495895594356,168.82755646090004,99.29005769269706,100.46808018869064,131.5280637942082,56.58956598736662,116.6644633118673,190.82878359370207,47.8289758805235,71.35883059270765,195.0106660205328,94.00721019407904,96.8305153449541,173.03162332065168,81.99774133441078,115.76833494232125,106.45155631304434,-5.1255232751594075,100.08235245386894,142.54769284777822,36.82210976638601,67.26518840188652,157.63522218518224,84.52481973111256,112.42905759476864,183.4432370968014,72.29560952305366,75.7090894582899,145.8531471051382,90.44170061650871,104.93452105701006,148.59254622387076,28.547401659269404,65.22397944417773,151.38675893282382,96.9039123552536,130.01393139391305,99.5840854694851
26,1,0.0,0.0,102.31030167121902,199.98628888115738,107.0713085890822,87.36733719310726,323.5195841851628,203.13463578999335,60.779394173715005,239.0435441236936,168.6936093916218,37.760960589304226,292.03515548455727,284.2146329708682,61.73879122710162,188.28166732908517,127.73526952778599,82.59483549415158,216.35197641100584,105.3562393240714,89.35911987552188,274.79355674307925,171.0049865553633,40.01028442884191,202.63391491746447,143.5869956339978,108.94509786237582,250.60991871737107,162.65114736487658,79.91785109323439,245.33106580358077,183.7317735727745,100.00330823170722,337.97040670197947,247.96033984192485,104.16677937917731,289.64969895040036,215.5586947953894,104.91046635894202,296.3924899452669,234.17064602404577,99.98148706657787,294.6953246055177,160.7591969126556,97.57621900190111,271.62255727720157,159.6800119544631,115.90358348681687,307.81571317243265,260.4646030177173,167.76983294368506,225.82659773547874,131.4300826353113,60.87418736560191,307.2536036837747,256.5453209285907,83.36607285953721,241.21503103034877,100.8223794032824,106.07684012504073,249.2116096934072,150.47561274950039,40.978335992926944,292.8985736999714,293.94632122359735,107.05272517408912,291.912855680222,204.74423531965974,124.56874962762278,210.65734196669848,128.6579432064588,117.53608751336955,33.30992788807113
26,2,0.0,0.0,90.65157530003029,207.7070830627605,108.06261346006696,89.56695292604,296.2941131023594,241.13200835944758,72.91945478961783,184.35140698245138,135.1587297162649,42.72141876368455,358.6365970802405,284.19604067956163,69.18318708479575,202.07836215288188,146.03752744575954,105.91818262951296,167.73316590403178,116.51943689835142,105.33853183995906,236.25277233432672,146.89957747878393,52.1996045198996,196.1114479111218,161.62027642409686,79.49260175689082,221.9160144305485,175.14826327846356,64.8120468180113,214.72567040945955,190.48435971905587,82.51035079472953,333.01014204975735,245.94342855349262,95.12271964184818,293.35924241501294,200.5033702932781,85.8286727398617,290.03821961050556,217.0600034185089,114.92247402289897,293.2480784150635,175.7005610983222,87.11677170071606,259.14825111683945,138.34901962159952,80.38528071352415,284.9034586128293,228.53629815533975,148.7906332284695,298.16828449369115,118.87632589277055,64.87886943992707,270.94435189102893,237.84640344532366,100.36923717417775,229.9606433330958,84.1259569584085,98.16145966402581,249.8842994670763,181.54703376457692,46.37929277383074,342.7904320641355,255.61897033840341,101.76374223871069,335.94143627757387,220.12713804615515,117.65975601434027,247.40432532841695,110.1153218912001,110.23096042743073,76.10339209878279
26,3,0.0,0.0,91.93858569665817,186.93821658446538,111.16760430136168,90.3996500079183,346.33806630851393,260.8641935558155,74.84881163513998,194.64506645635632,127.23860237133027,40.57296075153529,337.3704428546684,347.41526648536734,62.827504346221836,239.30403078873863,136.86143904705486,115.60924172825587,211.93045389705898,108.21956117659758,90.97637479099863,175.97051699066472,163.89572368074917,38.71281149634385,169.36640410506672,142.97080632560412,102.26945673142484,274.7398638139756,196.4496529341726,64.76588046702085,257.4454730655076,173.45614405453597,117.46849010285733,237.75389987833876,264.6651470722058,103.47365198561215,256.208526187832,202.04473984433574,88.40678356061747,341.40084251846594,176.23358023237682,115.63448783699718,250.6206546577333,192.81099321193258,83.63303729911792,262.5950556509636,190.01808441399808,99.99368596351303,353.27580035005815,249.77519175727878,160.00034599185264,286.27347863681354,117.28660223945744,62.081919940013535,305.9951018574885,237.1193256475922,85.6573067206522,191.9452792767722,124.88571172433795,96.72114515518425,263.66919327121354,183.17221167014557,33.285328640760596,255.0262121235616,223.11593281946017,101.2113556119373,270.777255936781,208.88112457454,124.88009999627067,237.36780509623588,137.0435793109228,104.42876831833233,87.8914303221427
26,4,0.0,0.0,117.99105537589948,187.52013495061735,116.53052098157576,86.18543423958582,269.03481774524107,210.0497212506575,65.08237757298349,217.34654906079288,178.23561501719695,41.867489843586306,350.96733882141064,298.10693434873673,61.80674793502122,262.3122033591495,172.66367343008756,101.61345277695608,232.3448431325095,131.24972253473877,114.15271552892273,226.94552253372223,165.73043591146612,50.596747223720726,176.86592087272453,165.36978885990771,79.97378235596784,300.5509095038559,151.12718871517995,82.8407666830721,218.23020178698485,174.46039023812602,99.79447617898822,360.059786210678,271.83222439202393,115.22851960094557,279.4651644142077,182.61795864643875,87.91532103076005,311.4374683920847,246.79262153668003,99.75873544188362,274.9228673524905,186.29332194423887,89.18059385279383,267.12799144567765,149.37130976543045,90.66300848079887,295.2427362691709,188.42240766045202,162.02085297095508,302.0942173951273,99.74498773897025,66.37181893000852,279.3131206814509,220.06719678634457,74.84075565954302,247.72509576855987,98.7873358721831,107.84868717395038,257.87964637838803,164.9649290446717,41.83317886748243,302.0523750158784,267.31117909757336,95.37296916499845,272.87142948638575,195.88667100059837,118.4389472930323,235.26679168378166,112.04503430274853,112.57804497046516,123.10742456158174
26,5,0.0,0.0,98.90954893611432,211.7156542068402,112.69318572326333,110.00733808767814,308.1256459054252,219.28828089108777,73.5706830706694,269.5418870111368,127.40736844973888,45.23438599347955,310.05711752316626,383.6042972745187,64.70327422185655,189.01065463387454,144.0709065858012,79.30119215702649,205.49576657300196,105.88867541388494,91.29355049822225,221.8277138873843,157.14851710499642,46.44823062122862,182.78954318875608,120.98085578505231,103.06987258436537,260.3325205072064,163.36454345111093,76.12960712691759,259.7624388014246,173.85140198075771,82.76282989134936,335.92796782544093,262.70547756975844,88.14655844037894,307.76950779921356,197.3564799336033,98.12758186866839,301.01466210521335,203.67265457149742,131.91099788994995,271.2886068528686,164.70553310087323,106.16620030705118,257.9311962869026,169.6325429109276,100.9495094245829,323.1844469106406,230.0430315025331,145.513406608845,297.3626028494583,117.49058601650148,65.19244435102661,321.82944827507856,188.57665166608592,103.99258617832011,209.99865892053234,109.33386141240575,85.1085376493333,247.74578917818425,144.6824573531143,33.43508459847883,306.1555448004601,288.6928904077389,98.94328513630246,307.90313128791297,156.97730936708712,130.6874968235406,254.90605151711318,132.05020061311131,92.87830728212377,111.19686456058554
26,6,0.0,0.0,102.2685734007073,189.867796171742,120.41170277445225,102.92483765150287,298.48940202871825,224.36732889390086,71.09727274543374,188.78551599191104,175.808213746544,39.19836075450524,284.55306798410135,329.41343384654914,67.67909214325228,196.2738634567374,157.34688400690106,95.80392958707854,209.04009749130873,111.30294515428062,90.94735576589862,256.5626059937608,180.68433874852008,40.54357792249774,182.6426221610877,141.8542217413514,101.75893185641911,219.69557303960514,147.77247486919768,59.7641050605969,247.6033000531496,165.015300225274,89.73543597730185,321.6809577506755,232.9454136037765,108.69627553885142,302.39147480671704,191.61841709856836,78.34484569022513,238.3195652566746,235.88109368095647,103.18301860145772,270.3129427608459,191.45126063136422,93.44046858843863,213.5894904532301,119.0986744123991,90.60455229551111,308.09525239697393,245.51529714072223,147.05538403617436,239.72956637898687,127.42199050242205,68.5581777479328,308.71245370177894,271.19170461929644,121.58628161707259,179.49813357021037,107.98772372122048,91.79516751288703,217.46788930836487,169.67266681363222,39.18097969102218,263.42691750057463,229.1042684345707,117.09318886506449,332.46539940246424,225.45492306176425,130.70124686707368,267.7317697240692,151.59826252757526,104.97600395240099,111.66479727727736
26,7,0.0,0.0,103.98981836396445,198.42963053378034,103.92384820962118,97.54105464556407,304.5577284479258,227.57767294613262,70.15951539549312,218.69107528950997,122.07962537351565,35.43650514064474,311.0537689598843,296.4710906805925,60.84438741055091,173.3942058647049,129.4122314575009,104.94648003776962,181.74701916416313,88.38124467215971,75.88602577470357,246.11184886854122,173.53340333791755,45.88706212638148,199.331812340807,140.4240618562222,84.99943845615267,258.6666963918514,165.90066174539075,75.8248204673426,256.9175476625585,180.60305519746618,107.88771651694137,342.8627161200336,196.98096984971943,101.3690975383214,306.65621011159885,171.771662426928,97.15206988683659,375.97308216786115,263.3432671641929,98.70021853082899,265.6002211233708,157.11095217346502,109.5559962062287,266.6389656926324,149.9901951474227,86.97267441835263,315.95674008511327,225.4577037230388,157.58779529411086,199.16974341764336,125.97286593406544,64.7686745884012,273.91861596712477,291.9264663545701,94.81701115019855,206.18611360927477,99.28920256735233,105.18494258358635,249.82141862202948,164.9904126773117,44.440907331422515,251.49552822300384,232.81819556287715,99.87350567401164,294.51874156395974,180.7732750069533,117.48189692462455,273.4835405338282,131.56586013865268,117.85283421815525,65.29767693984043
26,8,0.0,0.0,88.0186502796942,170.57348344469287,100.2717417114077,92.47694065194152,253.22010236858122,249.30228025064645,78.88466507127981,268.50921514332674,158.05872397946086,29.2875016294307,362.50847756891346,248.6908770556069,70.94191309128169,265.46166470735494,154.62089695371122,89.05760512784997,246.67282989930808,103.52966919447799,82.18986080959098,248.95939673894492,143.57722438014648,46.11482120377343,234.86926945518832,152.78410631993344,79.7120574775576,221.488908266291,183.5454941568147,65.74135112178467,248.2088086649813,177.2170502767428,95.88402743804114,336.92167793109905,205.08908241647222,88.73163575252829,259.6907627618653,173.917588834956,97.39558347272465,320.1493878861072,242.73316906992684,118.95161331385525,284.370376265477,171.39405980788356,115.28609773121478,236.14809190276134,162.2666963438811,89.66170839932349,328.6475011573001,266.81223304713967,161.8088851952421,229.31115502257165,111.49604418536332,68.64779189045359,326.9188825851263,253.88266482942842,104.54485578446257,243.70543967516386,110.06212157299936,93.6726487509466,266.75706640898517,179.81284126086217,38.637935778914105,348.7039965944692,259.2270710908738,107.97347764164569,290.0523251663283,229.3962425165939,118.22454301564305,266.80154622044824,112.09470478998288,120.33952146374394,81.03448777576259
26,9,0.0,0.0,111.46195255892201,235.67746534707817,99.60506861998083,95.0715820186707,321.7890433370257,165.5819588151364,69.8629100300758,235.00832413118235,151.06491025589787,38.48766103658423,384.4159336410141,297.61618016940696,73.60850336687687,198.65935478744188,155.2700329327638,82.51718945794748,189.9788549252101,97.46335413834848,96.80268513483543,280.2672469092749,191.74974824402344,46.05359118703695,167.85584049171527,143.451079178665,89.08273904184574,248.9754418355866,151.26015038157473,63.00306495291628,233.60849843797433,181.54905875048553,90.4337980953178,300.15355007659116,209.19917731148323,91.84887414110194,265.2633623354578,165.89980404275244,102.44582482540933,361.3039160764408,165.03585263597066,99.5660150501333,295.42934881422633,160.26428697472318,115.50339209665424,270.432985025131,157.52541637158717,82.6786498693811,240.3323030583105,220.77180940729994,144.26429438469359,294.519351950852,110.68606216702364,63.45617952299289,353.2604499235165,222.6296143380503,104.97843425495134,215.14004397866861,100.08381773874159,91.22556719468932,281.4690657826357,144.26390387291434,37.85908555317626,265.17299970981435,237.0835547938736,96.43746560036324,308.66510186192704,203.65255336459947,108.27533723747884,267.10336470238394,103.50303946364194,126.10333672201442,89.12213533326579
26,10,0.0,0.0,89.50807954563558,202.79140912612746,95.44902093825026,102.78276874792265,307.20652476142,175.66163691425837,62.308125630705554,193.32706372876453,182.22883547800663,40.44793120087943,378.05098673527465,300.3272074217695,65.04569878316856,219.82921808027706,154.2992458383826,86.85925198778705,163.2195690810417,110.43362739753395,91.16586176497447,242.52240494891825,142.0832105049779,46.55529359312477,195.3197923069385,153.34649816108634,99.72135932277261,277.45347541664063,189.92234912324406,75.48539142458127,189.4655761595426,171.98250752711678,98.36989662288211,283.1745771597064,208.59937218953414,94.34589280556663,346.0558162563407,185.6035194140287,101.48042442164196,321.3019704246426,226.28951855764834,87.47939487502514,260.4082073367931,160.0353618189827,109.8577838320305,234.78148255824823,142.92166267037317,79.84703383158103,289.5190425533311,218.7943199282427,147.3916060747568,279.862006436589,121.38541290959827,77.48885375402631,259.93477383460316,264.99207556848336,96.77078162142888,216.65676820353636,115.96388991211589,106.66521434234241,222.9142266053453,186.10759350386564,39.11618626182238,287.420156549114,258.6483662518194,89.78194890559061,325.65526346068214,215.3456392275426,131.92522483405645,188.37557144356066,112.09294015684968,93.5184396876612,103.97328889927566
27,1,0.0,0.0,90.86537591705341,191.24649763888507,90.6441125519547,43.7111559189569,239.49662286968248,191.42973010359714,99.77302589449283,187.05341426063544,43.614105580768,88.54199741571276,145.16584179059367,89.41286812385665,94.01924282157206,226.57083039524184,221.31009433322347,88.270302012793,232.7445801290466,125.02369674718766,80.63668341564843,140.90819498732344,81.50153454892614,90.31724733916174,220.24217272584903,113.00139545739616,108.89595308613394,195.43257497253586,162.74298420663186,109.63693927704117,243.61755899234967,144.34428498969223,83.74570009255177,162.87235293335462,51.872847013134574,53.57254052182621,259.33350651871353,244.35392362573398,58.9892813524627,224.17620695609594,91.09262740887542,59.684295166808866,233.88589388405916,101.29494240411995,137.36372363483792,150.01328582204272,89.23734619725515,77.18777026579203,318.3194517850277,114.89764339950472,70.8607700496926,135.22936050760416,53.671422953364264,151.53674897771484,179.4373765544353,35.58983020773274,78.51275908490419,194.89020908141302,114.31290380604344,142.0958293781858,140.4303265413839,63.72416464378566,135.29593693992214,241.5088253900358,138.2584048236814,86.80115423762176,190.8437004254415,114.20100024844604,56.1166321175482,168.46125014447085,109.83637300985595,61.147389663489776,134.74909491536494
27,2,0.0,0.0,94.89863112105868,189.62417287741002,65.33843383289084,37.44589407318248,203.0577369032612,163.34145972311933,94.43391896588241,197.79034397141842,104.65196556692354,122.49293764079573,172.23281376789515,69.3056648780132,91.11575344370868,213.03183160530054,168.9231425826311,65.94033609099219,306.632722352449,167.41565350923648,87.65842917628385,127.79884910026381,67.3150835714234,57.380967853200744,200.91987858575533,153.30157101658926,66.95312481949537,288.1720125307684,196.2660991202408,129.05831526713524,211.088618453475,89.22044252829318,107.21417511821821,180.91856039250504,50.48136389242011,54.135189354256724,277.44452843640033,221.00584890383504,72.15979670935036,247.3013067164663,125.43086189326168,105.10486202968413,127.61057720550518,95.13799551986168,118.17250423882378,217.7210874787702,52.02085262882454,102.6868943299066,216.59329730887413,161.15914193341598,86.28324200049684,149.0018788590264,60.8864667578462,120.00615733584215,181.53280075628214,68.08461382615936,100.71710284991948,165.4753621285257,96.55297762285274,94.15926565741614,204.80589090297136,68.06000980836279,127.63293097103592,181.56639207781086,139.2299886132877,72.27669393775476,220.30274635764255,121.50669533090729,34.60713703263906,168.06807346526313,151.62886773642114,55.86448784450997,94.03672771994064
27,3,0.0,0.0,85.60221909927687,147.23933969967499,118.50998482066201,27.6876970032094,149.63998413845428,187.55951937689895,104.70364037055393,190.7228062040023,80.73063652941434,142.23899211060433,192.99126525764413,43.767266649999286,97.19106962341131,244.6998658442618,202.1019520697551,70.40508421146684,207.6075272014742,121.67730005292249,68.01012380403654,154.4027708137604,82.49757565648969,65.51279270375161,185.4605813674654,99.3658843469133,98.22843156016577,216.11295130272686,191.06569938211504,108.88848345775827,203.71586632921526,105.4570330391622,133.1475779824867,197.94962941772968,69.00552143359381,56.10718440063691,239.61218384489072,229.78988294720114,58.315253057794315,180.45899672057453,142.4529707016544,105.86737855234318,201.97087212762793,65.14245725558683,71.9860998271977,157.13805099488457,73.46196422318869,96.79498338152564,286.01374258498583,155.70015374773456,113.3137965958669,211.7503354439669,82.45978697396394,142.11363984206065,154.38021790432367,56.271999642854674,103.15559992390929,121.14565240343879,126.74033538655088,128.33730487171246,139.69385153536103,66.3165956006854,123.31458502602403,334.760208023125,112.71925326937034,57.30946113331753,213.65817267657795,108.78769218924725,53.89335206220623,222.57365439314552,159.61828629800695,63.575804092677984,91.80399259811803
27,4,0.0,0.0,101.81291470643028,207.0136926474671,91.89442644129299,40.51178690284199,217.17956376821095,193.37361100584909,109.60678211056093,253.4985104446495,104.5352540423271,111.7264026088514,227.25474103387634,89.59010941056158,88.7998798197187,219.65821785806077,147.65094771230676,75.3550559704323,255.84357705122466,177.00552244900777,82.50064231438255,166.72092845957786,102.14933042042794,78.1318132849673,99.05408108624837,86.87930157981123,76.20103040457994,242.7831480687535,164.232449630791,122.34237315676144,240.36082220392228,80.88194645133379,116.87535234879185,181.62145638700792,32.20632966827921,58.55377079866727,248.3450587672781,176.04633294919958,82.78496158100072,176.847337052371,117.3467542659352,95.00880535235862,252.35752357561032,117.37966493937975,99.43749097611797,165.21700280789528,96.40480096679518,111.4221328226498,263.79965214556944,80.86296625952818,95.14133670200867,140.21265397799675,68.66921432809534,100.62923198503674,201.73044841061775,38.72470604785873,48.28224747735751,207.76432582437576,169.7545024960056,128.00691638263254,242.61955542113728,38.31587107019778,125.98394313944615,297.50676594899585,91.67629404955728,94.92021162484843,202.43734059323822,123.72948912843954,67.06510008533206,185.98259691599844,156.1334152314199,47.11893191417644,69.85931963325291
27,5,0.0,0.0,58.08552756277052,175.82434833425773,95.9189083912278,38.000544298751166,245.69493715752046,132.74149049907004,94.63788892907982,184.87708698858938,76.6667051328842,72.65311923300123,200.32784067270188,71.69367186000284,101.78156597879575,238.38903532318764,166.64616827000853,86.40995401967406,238.56219568423893,77.4196741642114,73.50421669634308,230.49450654857534,84.46059022507153,70.63768976863632,188.9978110798534,102.59906624068297,109.3362511663718,338.5835052903066,143.48445280621237,137.3082161011392,233.59950841316643,101.65858994832202,151.03771164090256,183.18126482227228,46.620602729381446,30.692650563106994,273.5426182962084,150.6580471073555,70.34308855286038,208.29557538558393,102.22390746835917,72.38830739543621,221.90976405788837,112.5010000431626,88.60600457754644,180.77029781186252,73.58072117041159,118.65536116462498,194.04762559456168,208.6752720712545,110.70471571313185,195.70120361218633,61.68671081673071,106.14330887626602,233.36287536900676,57.074474274251344,78.98873481173896,179.88237420424653,123.29412010236415,92.48127749154288,182.09939541918587,51.613853774992535,97.62933559018823,226.15081940501057,97.42389402693114,102.61247789912683,264.2717274061069,89.25307795590436,59.640559794916875,211.4475429566272,137.64074303969832,65.14635056246821,95.0872035400805
27,6,0.0,0.0,119.07396015070864,214.7312563152515,82.2279309262729,49.09678062971541,149.94968634972975,160.2107231639734,82.50390273286868,202.75219838993553,37.20982165472631,132.03572692320103,203.83570280472821,77.01622294620549,91.22206431083822,229.50039678666997,169.04634640696696,92.78898264021196,243.37727373253324,153.16799933803662,112.08953048009464,177.1054023241305,79.6360836706603,111.57328446847283,210.2259780315892,112.3057104075992,99.94198761926476,247.6463795934126,174.58102501278395,144.37420315463328,207.27566489475947,116.9064929376839,121.45107669322557,183.45872603112628,44.33533922704915,48.94823352288078,269.092732528434,209.2012630556066,55.582758708182666,178.6187083673666,124.5749937101386,72.15082124205395,160.77805080143975,146.42399132981626,100.16013255745058,154.3891590646928,53.32965056201187,94.42944424180547,234.70085648291825,171.48580636455605,82.62020110216406,159.9535049064935,76.25888016879658,129.55198505491862,195.9533546190637,51.85234225621532,44.85782349100256,253.64290256503432,124.75524659166403,117.75526400138685,202.43181127687652,56.487312502472555,99.13653283691474,190.24349619783692,179.48222893542354,91.73442544991019,103.14627735250808,107.80135276625478,54.78013892957024,209.76339827555103,116.63823731837881,47.73027023202417,109.72922592784154
27,7,0.0,0.0,86.5566066843444,232.33701893858034,74.40976171563861,41.68673540063674,237.26228775569308,199.5802183248274,124.70602485914796,213.60656824272775,95.06214155404516,127.88672353659844,211.56751702751998,64.60659966757227,64.0068673658606,212.26684269180524,183.9872750076079,82.60284176733124,292.2275453614378,121.5828166724811,73.49242676765422,169.98719493108942,68.58368839736805,75.40810115142563,191.56158103873065,92.41711051879636,78.61204185096607,280.76629866571847,142.9215558491613,90.14204782260435,243.66236529736975,140.74613653387314,110.48788834176533,141.398020428846,47.2759648251256,49.31904446773402,220.9541999076698,166.9304428465668,63.966440498979665,163.38259621171855,124.91395074909542,94.92525150203208,271.8114248870596,142.41101545099252,123.05777345535449,224.41150509180682,77.96846304888999,115.59234070638985,194.04770475152156,134.2793056505045,101.90129162550744,217.12029084324672,80.40542258639493,131.1654770692116,164.08337326814888,47.93180976688833,107.60591644764321,211.8253853004695,98.60716034576015,86.39281600941013,210.12858902696823,64.15859647325156,88.1583407215506,287.29903163865504,121.73878318098852,76.50275127622676,239.96844951774216,69.44465836703738,53.877281026129616,228.26168115837064,186.23754711147927,53.62595382752509,90.60137825402836
27,8,0.0,0.0,123.35054214862508,168.57097032943403,110.29178386905569,28.641200502352454,234.48126081983548,177.35647902773533,98.93346445737197,154.95800575292446,76.95114062324696,114.8828838542748,174.9549830765183,60.2869135472026,64.16101532990652,290.10624429092064,166.36985438959383,72.3668891042666,236.45402781723257,179.8552097736244,89.30127563739335,160.87129953631725,66.23279420174575,91.10706881076118,194.26852414832166,75.62642710431396,58.72005860591334,252.38814397377837,147.2898959806753,114.90507545198518,227.78066483239473,106.25501185583929,122.8735936483453,205.92542147789948,66.19046836564964,35.73202783685893,271.7536723796671,280.2494331921586,69.80674215244547,148.80219635496422,140.87576259474883,73.52578657839217,181.69710631006112,110.71817627343243,79.60100451150215,170.67197133092984,99.9994502645181,69.37839853104495,257.1217375823406,154.17159158921862,89.08449669792904,149.09701577117823,83.62233060261799,149.6784532063753,220.76251998725695,60.21792766896838,82.26550331235428,225.09957218545972,129.74051212558408,116.35258637698787,184.96320632757408,46.6910392138152,138.05857462258777,212.55344847596396,143.39503429417599,86.01306782560312,169.9708144122581,72.64339252978073,74.16205176510275,237.9973908715971,134.27020694278417,68.97441368567881,98.4430063235734
27,9,0.0,0.0,97.36221581834235,186.87189679519474,89.93223274667629,37.017239931334075,247.01490747926678,211.25136541259306,78.80435157785305,210.94239273700234,91.58728951752794,141.27873398324041,169.50483644292513,87.52434920483066,80.99778966961618,227.8610712639995,201.51762141942433,58.16279429330872,113.07669495055772,151.51263319486245,115.32645201323476,185.03931307537962,61.640561103713715,98.39077569213714,159.08939795481757,78.06006939344233,75.0469227837352,179.9939309059278,148.93366837696198,133.17577700306614,245.85007708744615,77.55072467221946,105.34036123681378,145.17540487775813,53.934393329694885,38.98412843253654,264.3327231915187,139.7393420696685,71.80654376084176,154.1115540421789,119.66232824060181,84.34126494913308,183.42127379214466,75.89262858401811,122.41787555408476,184.7109148327205,66.13286964145463,95.6590493281263,270.2994934091237,135.01064929142527,80.65360031793358,186.04704796126853,87.00291701205146,178.19403448706595,188.85083926494994,33.957925049879734,111.28097891977328,232.56931515445194,115.78489185592856,129.82776709378507,210.25088600287404,69.2129825199352,109.16175124769782,228.87111672368758,149.49861125344526,83.58792197349284,206.12057648652754,130.49428566976385,43.34199359924254,156.03394820220996,150.05057232454328,62.43520756828516,93.22799010972741
27,10,0.0,0.0,87.47673217917689,149.33300383779698,108.47459410975658,31.35251808509414,274.2060477835156,126.24944035157873,92.80979367219625,204.11782141654038,79.47098273293976,116.46982000901444,198.09466317613177,64.9120607365866,68.39577897241054,246.72788653433452,202.8857165087174,86.2583100738388,258.48636779495496,199.3716425416067,131.92310616221388,198.24011691567918,58.715385310555675,60.601138282086104,133.0602899150078,102.58247383481662,76.16610523951678,230.1223288314003,197.38735572632064,103.75414991274842,209.18853054200957,88.68790401716412,138.16519847431874,132.62419007056872,53.220121343409986,35.69591968783315,237.76098825681225,130.44400344648452,70.18035536473901,160.4419890200821,62.23379121293791,86.04602618394945,228.67590893502597,109.1922318273886,134.5748845634102,187.67159615602165,62.17417408098943,117.25014624973042,209.51393868929924,123.90133999169929,116.0019450068088,185.0817691741051,88.65039432873255,147.05678123915058,222.59044762951189,60.318544850838165,87.99452195019768,196.8000952282717,87.23890152788101,115.01515576791789,181.08269808009246,54.13300038984978,112.47403724103921,226.1198201252639,122.79441026586294,62.148240776434605,161.11361106579614,116.14849629039281,46.66062047794558,183.81748577510763,213.88453339810405,76.5907108633832,108.11122116961597
28,1,0.0,0.0,121.82654321280526,137.36708143152455,20.970155981099897,89.5412165343992,201.41121182281177,123.87736230117429,84.9722479196186,195.25603316980514,102.0471968464196,77.53324901043175,143.22680669348856,68.39903192821738,84.62233849444354,145.2828826311806,71.53199984571955,58.1979093152087,179.97687943501424,102.4703952879823,107.09238832611538,132.95980399973226,20.845532830765958,70.58120587989796,147.35130838998165,126.01469881895618,96.81820770104828,117.45874354723033,11.90844816248533,77.37779396502224,127.3140618420428,79.20211567408977,126.70483444728823,160.73848749650344,11.491773259081873,74.89297552406832,110.52865136267249,26.372810550297633,89.07410324267262,166.01780835727004,61.29823064209487,65.87661392373623,174.89031864768668,103.78025499039319,95.32427983901748,157.17697055808821,42.45386664024958,68.77283211744947,122.3012085507058,56.11071057230326,88.11252466036791,133.37394423594762,40.15541201930194,79.90072329738271,153.8037398752095,76.53781813045963,71.81275337798327,155.1068745848019,67.46259451521549,98.34466350639742,133.1400162446766,62.09577114473818,98.93045626767113,134.0225269942117,28.75706551841323,83.18817250089477,107.61183045899575,70.15627631134839,95.97068015664247,122.9012207391034,44.8436441678908,91.44731277830961,93.5724946567646
28,2,0.0,0.0,117.60897615967683,160.48660171281605,18.17877040454126,79.63786005787964,197.8907285077034,135.16114602954372,67.45707637549137,187.905298217069,114.30131187906518,86.61230298911963,143.49837799401126,76.77189675216385,93.3298272971261,151.8021507946788,68.44567035190988,58.44802829414323,165.6772179104584,86.49906956176682,110.66388884308384,135.34332270498976,21.697528171975435,68.16700626550329,175.89366307525356,122.77529127580239,99.03543021782575,97.0684115776615,12.715954672607369,85.02775350385758,155.5526705063308,72.5648377212056,136.66047448799694,148.713047913251,17.84066280335217,83.42614119742127,88.40228166074614,33.61150881654862,86.63953695926692,160.57475995545715,66.0250987068045,70.06413127210743,151.09587450523244,80.24043703941118,107.08268864709359,137.95511293088117,37.93207545262547,84.00560026175792,126.95772901656645,61.95153737410137,76.81583168023252,145.33578711270934,41.63585638468511,80.90090805494958,167.9969116737033,67.24084229463102,64.61774168838872,156.41289371325252,74.66463986525594,82.3631304881268,167.90997095194805,64.78124696375781,87.55342658337973,141.3366068198753,33.72452407508994,73.74902761094206,162.00248374185304,57.98156915131536,107.17970711205339,121.52370866331016,41.560522731834816,92.62597378983726,104.16307472065141
28,3,0.0,0.0,122.26206714728745,147.66401646274505,18.395957504831657,72.24633379323029,195.7722703160768,90.59530615759105,86.48921792657595,188.70764410148345,118.96987231479852,85.80861306821468,160.64510918852494,68.6431556769224,89.06716760173306,157.97996567560335,60.80524827446796,55.07115536405478,161.46794568914538,108.69615959497384,99.15894757051983,115.46606522139399,23.076589790213355,63.7407176419972,142.21766033327293,109.747052791362,105.77141645951497,104.64411724046731,12.397650917882602,83.91727443458593,144.1539537271287,79.13995718011543,145.74194084782778,163.1809281785268,11.718749839916978,63.95805212880983,113.56890836315432,33.64149471890184,108.46956754812808,150.62607403490134,60.8879211816423,65.76230545950037,164.69503529455193,93.83873943222898,98.39646628551114,127.48310247461772,49.009455709893295,58.83429839152584,139.28629539746058,57.52454494075328,98.2823686556705,136.37367734588653,40.93433639339235,79.55947999491917,143.40935728159803,74.99957082720897,69.77697195555066,165.15872126397383,76.30989096057829,85.33378129796752,157.73238878369833,57.02482217872216,108.47727241938732,113.41573006421979,27.606832495847762,68.49492257322771,164.86767491513638,63.620898522274345,106.46757926767314,118.62358186614368,38.558932261246326,91.56928161501371,111.9897984183635
28,4,0.0,0.0,117.48731666497781,144.75040134860456,19.3147200198841,81.07974036629466,193.54813189419775,127.2350399986913,75.08770198466658,153.01029803405817,106.12010412998946,68.29686532278542,146.22703373653212,69.10146640389338,79.17087085441153,121.83273860906559,63.78269984040075,52.524144560352035,189.33026648457908,128.8084918212587,122.81101341183715,116.53680762591607,15.594538886146449,66.43064518966315,175.8920800442945,95.67903767871827,105.18562684628401,128.27561080991245,9.67486383318829,73.3530814950014,151.14854891159263,71.57617375460978,132.28244926198008,149.07953608512494,16.930493450503118,70.48434314561396,116.30756614837787,40.732294689336655,91.33529274117025,142.34916997049208,57.35449261820696,58.269241177902025,168.7164942298811,82.38712932294021,92.53504814028663,119.67194651220808,31.81838669429443,65.2282057471295,130.10083013477603,43.89089254881645,83.00550241540222,144.69583897705576,44.34060891583562,77.48935208704111,148.07190659083022,73.21552398801511,58.02135220846681,160.7554280358759,82.87164704293093,85.67545354601262,154.2745757879761,76.16602956802444,105.81653734898562,150.95865847410724,23.967616565996828,85.12130188798817,159.69052874107285,68.11745524297521,91.02702486140197,153.64731732611466,32.651654603661875,85.01996430763941,116.26188248062994
28,5,0.0,0.0,114.36267054539566,128.35102421357965,24.23162557343121,90.0711880034424,213.46635263609298,105.23846512190705,74.7530069938197,185.205387085598,99.56359153171518,78.13706696447733,148.93516815112,80.76129555341177,85.41970291617136,127.40369185213942,68.55147910709358,59.40230412518063,154.59996804718617,103.0089074186046,110.34853613753273,113.6160762105886,16.64342915438771,50.52323607380129,192.77433833211626,95.12675193892659,89.7856096669326,107.32987939371007,10.365035871313287,83.70391648597978,172.05088334800794,90.28164749926532,116.39819059200306,156.16709794386958,15.618542286517643,60.12971828338537,95.1278165716387,31.154119261239025,94.02463877343908,158.3680028621861,57.62340851341697,64.2321435661229,144.7429717270645,76.74500450143901,107.43529666437271,131.4395432964558,34.5511609833547,73.1713599283956,128.80213168296248,53.34969880768799,96.44989326847899,127.85895211717855,56.16866626796233,91.3136123941383,139.13218288967684,79.64473045011866,68.31883082231239,161.61790304448436,100.16459952451947,84.1953549418649,146.50015859002326,72.63602489757059,96.51374348760646,133.79579929110363,31.781413600618006,77.52891993986941,122.43995176110464,78.03591965287376,104.47780472132101,117.492371807215,33.384531936239384,100.85505503453382,69.38972702439085
28,6,0.0,0.0,117.94149590712391,131.4623581147525,23.36739832194225,74.6537939534891,200.66376356212155,103.4414570920303,69.82318035621006,171.60761969947256,90.46733449038108,77.51583773935958,138.04726582653095,73.04635006305372,79.36924337314666,137.38978349632086,79.40507748967576,46.75956824878492,177.47908369703208,117.14526837217481,110.01846254499573,149.14051738493313,12.696883238622863,59.48420648884377,161.48592698255317,105.97206234179907,92.71592775657773,119.55192227252809,16.690611425267207,69.98139508805396,159.78996242461727,84.93586054593177,163.1013841623651,168.39165687420137,10.719311940862568,68.88427419349435,107.67534815099938,40.03596859109401,106.70624002510222,146.9909341827426,70.49021317962331,59.03248899449228,149.6367639694265,102.39394753963676,98.43065018400968,125.58047383598974,51.28747600121189,70.57849950075733,153.72916129508735,52.55425975151531,85.68295273781673,143.62062346155025,42.301882064432654,86.21294575793638,115.93633991135283,67.69840644991449,63.489763474754135,175.14805531730488,84.14911738257486,77.07955982901903,170.6014036633008,56.77030783328155,95.61731825690777,132.89184808035847,26.495934773548974,78.67050925449401,160.45926016757863,63.7433663378043,85.90907044641074,126.82014728161802,34.525662416765414,86.46355654547912,112.68943747342584
28,7,0.0,0.0,118.0794944894928,149.44840656367586,20.347477269366216,89.32621011158746,220.48856807446094,103.02857808915302,77.25969633323422,196.22166913826194,114.76406342562254,81.84969957300338,158.1255954975194,55.62808059797419,77.26722230281531,146.55055437055603,58.48469631412949,46.799215934735024,171.7419588562404,130.5170084916862,108.40691254441485,119.49477916964373,15.193275037124165,64.48259985102217,162.45103010890583,81.03220232847283,81.40499252444143,113.70884373031105,11.369040523248993,68.20597564974949,151.68766908176832,82.97086046613026,136.23121372942546,169.16270800817065,20.30100078372076,73.24244638115759,94.12009424432216,40.633400639552605,100.43493195937867,164.10108074987377,71.38662954336341,62.34797194774255,162.2081956057053,106.63604288869523,105.74943492002915,148.8358837788902,47.02039432468409,78.65643315705665,130.3724085775468,62.843430842562775,87.94303204669744,124.43736173973353,49.43090301506107,88.52772495434215,166.8823990754789,62.46054982425862,61.533879295686134,144.24736587875321,94.05174038529606,80.1971172476922,150.90530740165377,52.589394192836195,111.76414185055184,115.88089908836247,28.06518710175337,71.6844535499143,163.58961397015216,65.46310944786681,104.8717812063964,124.87011471060512,41.766299886469994,94.11871639837766,81.147551022898
28,8,0.0,0.0,122.1329335958598,142.61662374507293,19.84444209616622,89.42991014813806,221.58803756716307,122.39108732875933,77.31713958695885,176.2228292674998,100.28015269151835,81.00481968474054,145.2220623860312,56.44325352776439,84.48596615468806,131.35825821625085,62.70709344176368,54.953519268489785,144.00325194752398,113.8035888589055,109.5475742101513,144.02574726047757,18.08297764476534,59.48151266837338,179.05010836145595,125.1526373054414,99.1065461409742,122.41110896649364,17.667977847288444,78.58885018907083,138.87912295990378,71.83861005370971,132.30740559589722,150.55942522399164,15.575318798998534,71.22715054823225,113.69811196983152,33.266537304685954,85.8239549740699,141.30215534431719,68.60170023947278,66.46384205735237,163.5254684464082,90.28532990563653,103.87322081205433,158.12250207058153,33.56395791863492,66.76437682583703,120.84916629808,51.457686864771105,88.77395955525907,146.2011802501301,45.89805869616831,83.80885942555346,147.80327599039018,77.10981351146282,65.95152786297712,154.8078111885328,88.83130259404612,76.00508211589164,145.67339695969088,77.8290275199227,104.04506283612488,125.77824788541675,31.198091994921583,69.79829795427959,151.50159148644116,86.17965583639332,86.39448613098509,135.16434985004574,39.10438699658414,100.82821202446232,113.48133574474264
28,9,0.0,0.0,108.51178277810861,105.3408163893302,13.315111432579883,75.10833374941049,205.8740548771131,110.83755205268376,77.766675432615,227.87687879217566,102.91695829016905,85.7583255401154,143.8439602652917,84.17948336370664,84.74863832510205,148.93732552756387,59.88816993245596,58.847129313861075,160.7967628279764,103.81779413481578,107.18493802821718,127.19255739101845,16.100123566039446,67.27412144682188,169.89138526572125,98.02859008637591,97.31803220346565,123.61748659664599,12.086765163108172,64.94488254038598,173.67285594494865,67.96707649767723,149.0121753431031,134.75283912071197,14.51305915270486,72.26344965327691,110.51195363258853,32.53813068630425,83.34289382008699,159.32291402930696,71.40401198962208,67.57300137746837,156.29438041004104,94.70065269385309,76.60640688017443,109.82354015544617,43.19954142641381,79.73514985103522,134.23837687933525,55.287670460696695,84.54480961369727,144.14094686792868,41.599914983390576,73.84567987015969,147.43982954565354,82.86419245332067,67.5727464561349,155.9559462317121,85.61990508143214,87.6917014347894,150.49301697434154,55.43208014659931,98.62714739105142,134.27028840831485,31.793546134825757,71.8606554828145,158.34113925538654,67.61757833190326,88.78260287402648,141.28279093518296,45.296338562098086,101.72741671997693,100.68510493748016
28,10,0.0,0.0,102.66574726456619,116.39970296566983,17.07699041802259,97.09404744243253,219.25397269228998,126.60146209443889,87.41892264689855,194.86968340745938,112.42882794578608,78.99708745704407,156.14175374738446,61.453765196336064,64.15007573126482,142.2621167742159,68.90197536941169,60.188246541381076,173.9494188481359,118.78076089483218,95.26614535849936,124.92112786940632,10.745869571712998,66.76582740526585,162.77390376421104,111.6174838350114,113.99512335251238,116.78968985374182,9.488594789352877,61.7424279378188,163.68511647563292,86.21587286499422,114.79456962750875,181.3044743193569,15.991119662145023,66.20304229127804,108.49862498590147,37.88372050965491,90.265592165517,156.4257594541515,55.79885295975974,71.50018247032075,123.70277625397716,93.58597374176598,91.67113684855975,142.4430381232454,41.57323671748529,80.5229500731987,121.76556903548055,57.27534475365072,88.83530512241228,141.6888793556556,48.722188746811575,89.39690576421376,159.57826836516236,76.30920808535491,71.54247666468297,148.3549613869323,91.18574715726677,78.32032791773416,171.47579901408602,57.01517222906802,116.49079160890223,135.3519174234451,17.375465599876634,72.09650458185925,156.53999043126584,68.50508076710246,114.59479768590481,134.53237170016553,37.923004738755495,100.82674696510246,78.96978545577552
29,1,0.0,0.0,100.77444114198158,157.88837372143135,71.72408240834619,54.1808872984373,155.5207408333148,82.6466753421167,69.49710627862983,176.68564691702898,82.4043351579892,77.00904106469132,165.78360930851588,110.02268891677221,79.55194563960296,213.05887400246084,155.0198042921036,78.21459970868528,205.8778095270566,119.18035545230839,58.744268024292715,145.90542373272646,103.22453157449462,125.81802618532785,162.91598773721347,50.175181376499985,57.64460850156712,196.6696283786614,135.5378718025343,57.43393543382243,246.70873949616012,172.29577031667404,41.6015825450375,130.9372768371228,102.30675157775366,63.82917461801999,173.92379998616136,117.654011949798,88.71486744557231,164.1983200886116,111.45659959131663,93.50923593963795,137.8599115253956,34.16987734169066,98.41892594341387,174.003230506059,89.01622000961108,46.94725245318207,163.94732549090813,114.57428993214157,127.25887497236953,181.19972330446652,45.93650932658023,116.78706461832807,198.10575716918117,60.82948758570306,82.4425181381011,187.9421130141422,102.45690208274067,94.35787461674944,146.32133569170392,63.85870176449472,61.28442025393521,169.3270796197365,111.88672530833136,100.9005015072,193.07751264904942,78.6945373017724,81.64153598113708,141.59644215977076,61.104691335358865,87.44858580101476,117.42836327632756
29,2,0.0,0.0,89.88093112339143,160.00512088223675,67.807031804281,60.10536341822742,154.21748767267422,88.66877632437107,73.26522130057317,180.202621333457,110.627844411864,61.54218389976439,233.50927901790186,114.57150684277106,77.54600813760565,216.85455683689216,146.94370818711545,81.74566201032545,216.62217908334947,137.82642793379625,51.303888423469985,166.92414480603836,117.53510386889094,131.58862936206975,159.1456923902784,49.724987109758416,54.48600764776748,202.0108153258463,130.32354065474445,54.75640875756181,244.9361384101298,178.12830704620112,36.59501479111224,150.7764261820845,102.84613530385154,58.081597540943946,198.11594967293715,112.75476376674045,84.88819878690792,196.02497265073825,125.40486178281569,114.64159207908688,126.31509404089738,32.573433539481194,77.11862021967107,157.1767084170324,88.34407313870916,54.576088657245585,138.08889788920715,114.53010288060179,124.9406186547502,161.59703620634178,55.18776171392918,118.81002965043022,142.63562638718452,65.17559453033746,91.29973394013966,181.25440919210567,86.59026809643771,89.31893460570862,153.08824843270557,56.59722938707521,66.10152977797702,182.76991006433502,109.63130732433184,106.04723454848062,166.60024000184643,96.19166152710764,91.18945378447205,168.12964036684045,46.1523296834351,96.36563182125128,92.82744313382682
29,3,0.0,0.0,96.58249859710072,156.20073516413925,72.91650764065317,50.563070343045105,143.03233600348744,103.28097634084871,81.06771487892455,209.28142212826853,99.36842303753161,71.51088950498453,215.02856396397002,142.8153547869532,71.03835961856524,193.6329681987708,140.37945928143472,66.35773033452502,190.5204681738301,136.79145932394886,45.46471813746451,172.51001234418416,102.77484052523968,118.86521180735389,201.7838013210519,56.84359118744539,58.91981272169356,183.69106952060997,121.82624467904895,54.62168274942954,226.40996198368578,161.37815554476504,40.47780877999223,166.3050780031481,107.75564935804351,64.17222248920184,171.31020416462948,138.8390214792014,87.87313915771536,237.4491065599223,108.97598757811963,102.52405296654784,131.58205732781855,22.45152674531772,74.30090557351183,147.94771829171557,104.93550677094615,43.720190518120276,164.98264864260722,94.96643674731304,115.57904258032566,206.24794755982742,53.977337197831524,111.00053773893745,158.35380874093659,53.32722138217587,89.3580718937722,175.07835571173345,118.06347635008706,92.20297080522374,161.8026077665708,54.238546750742955,59.91428128245123,188.83099559333888,145.18849092802625,90.78528104902976,189.39200107394976,96.98542419275805,88.17498872839363,138.30545962925765,54.2871460005631,107.60075084849643,130.69468811819758
29,4,0.0,0.0,87.67597643017939,155.97670750277538,80.13604083160985,68.37192639767873,169.36620527485871,80.02126597636946,79.26434901580885,149.0950574704757,121.16386651322105,74.4683197171689,232.18494423716427,127.69271888422938,68.01635453921043,198.49550287615676,134.77787232862275,68.90013306676568,198.14498219966606,115.07585239204279,42.30245251701769,152.3895488806649,148.3269267846366,109.62663961929532,150.33223875777588,55.08887279657668,49.8922540859745,168.65821428654058,142.08949706635605,54.00438388352728,189.76184628499507,175.03465765613106,41.565583595329855,175.32919587119486,97.95641284033246,72.07884793314935,191.41522624546306,117.9959133537574,82.28771882988717,198.8222819310173,85.97961177748864,98.20886688191595,144.66317965886523,37.87624332764288,81.7252884904607,162.97946419734444,87.17362590414281,54.05266268430377,173.50720110825887,105.71124919677621,117.72393852954615,157.42407489962847,40.56548890017759,103.86673781402177,184.81879122569123,53.31883544636364,85.69052679098247,173.22449351625008,95.01036793082766,96.1890797096642,165.72169369466857,49.755044199613906,67.38743931397589,190.80448067830224,117.12740770112856,98.88991946416341,183.93272646557622,94.62685619023918,86.00788674463304,161.64158609327373,50.36158003349508,94.67650380018026,128.15190853891013
29,5,0.0,0.0,93.45516419126288,175.4754906467997,73.56854650607677,54.87727397470606,156.6788024241226,88.79104413165976,80.41475526538625,185.42075325629082,110.32929570599609,85.37669479512692,204.67601883202113,140.90014666368876,75.6108530865707,198.57055015801882,142.05013334445871,88.20840482695885,193.45301490625266,99.80731431564564,57.744674949199684,168.1703957854974,126.89794661268454,125.58819791693713,165.04302438025897,54.82380019415363,54.54061643611473,190.2931287860581,126.92775330966761,60.50792959682229,252.95123750765927,170.2920732754962,42.297447693064356,139.9627657954278,120.27172690100346,62.261407909199946,220.03742320033996,126.79409004505777,92.56315437931232,215.22968732604704,113.91790348810721,103.2600779263125,161.30919034269823,38.1350569941831,89.54008271564174,184.404171505157,85.01705967646016,51.18439193878022,161.61423508127018,85.63147462408041,126.77653205377524,179.3255013856313,48.98736429655415,110.06959392996569,146.91454467502652,64.44610250661134,100.55361671409432,173.5540895447999,120.14248546621,103.05480020924642,148.98624415856946,60.40863691250448,63.87163229853253,157.87221479344862,116.40123633038154,93.5338718810924,214.7539849893333,104.36239044493269,71.54850638315993,155.95072856321448,51.351052092642874,106.84911547027951,111.24895903468287
29,6,0.0,0.0,91.44779498503124,147.43070223672623,76.96577463507282,72.49329050024208,177.84329442466827,99.03010083695933,70.37404277421818,182.5206841181785,107.08835138412664,76.64142242003061,199.88166452750534,146.34570075482614,86.09188906950293,231.76247142649865,134.83200709173184,82.8307510924668,228.92388340875297,119.02377928204595,53.380736425602805,199.00336605220778,91.98937288743207,122.92486183977702,173.69713201497984,57.60556080690567,61.207254581104856,185.1801520173059,144.5737359050261,57.67837027602922,222.93268580071498,188.18749655684502,47.22133019025634,138.6951429175365,115.75076732935769,70.62862661194524,211.5008807927797,103.26369540079975,89.91383282280668,187.87869077274138,108.79161913589145,92.87385636829165,132.683821040364,30.28967784135849,73.26371643201823,139.02442366269142,91.75526840964262,51.20268225041372,149.25085860746609,92.94408835620578,113.76540002951471,196.6535072121836,62.41303309758282,121.3978446579228,159.88921307289226,45.67348975600115,90.07674694949648,198.4894682253881,110.52982711225575,96.18488980253295,128.4255661388611,68.22254804535137,68.99453707776199,175.83509265668445,129.98363181226838,96.5492398310061,182.80926883101577,92.71129430924871,82.19190170076936,133.57717767958158,51.085160613638735,99.99159386170294,100.07646530389908
29,7,0.0,0.0,93.8385912360929,145.99492011554506,69.68261065090728,58.05377378284561,153.5914925424579,110.09120710588313,74.18395024116127,199.0928126386137,98.3913102081096,73.07440084073893,198.55178875177126,135.54828781292997,82.99121084408854,222.947437022098,117.90993817308774,79.2959408509617,210.9606212213526,130.9990797412847,47.66601109996053,151.90133791856982,109.48835257919816,122.12513924959121,195.91553525388773,41.324019314291206,56.5444850669896,185.13905815380062,154.125356697444,60.61829021957685,221.1040644014109,154.8847413562097,42.47094167791535,145.4811640569547,115.32928120425814,61.78026619007453,180.84998947296606,146.15972211520818,83.33979656064271,199.47225850048747,118.01526733871616,112.0408909118628,159.55637736290737,36.42474425311254,68.40796862219423,170.5931572254989,93.78360474600629,49.52667669776745,171.9603937457749,132.76964493151647,135.5108588404686,164.0014331837728,52.742003885166675,111.12848996866843,168.952888350283,43.51849038257132,82.78445675249351,199.40804622344973,117.35838696123498,88.06973041350533,163.10395839883472,63.85424956753169,66.62749765157248,211.90634767185426,96.792865895143,92.28858781641803,163.03828841606872,99.93432792934838,76.68781245917053,156.15542757034316,57.905291137641875,99.87548302902076,117.03704504066297
29,8,0.0,0.0,92.66550463914506,154.03699211956464,71.72453886685553,63.19244370576131,151.77470203468195,88.91098552339344,70.82954353124587,158.24433829047712,110.37177114517901,79.1992065203747,177.05896872589403,123.44113009744137,69.54855775428585,196.72602415786022,152.85312146041656,70.11753658127908,194.33833197394083,139.95984444203086,52.921240973719556,167.58685115468683,117.07121925228755,141.6178430087247,157.69405092363695,49.6954200736902,58.53551522817919,218.06150526158837,117.12069956540591,59.87412226810951,189.53627092535635,166.7907698565499,42.693781383682385,186.4986285747854,111.45683123121557,55.66008670507808,203.13503886796892,117.27939756521647,73.51860302141034,192.0142118212949,112.60439787578424,121.76148245210251,126.01473891591925,26.926771120555426,88.52791715748347,168.20935095694816,95.6855701745633,43.11280910239137,172.3023268273403,98.5127630892894,134.67122182769518,155.1435210308271,41.63044100596541,117.88899068591724,150.92487326880868,60.84470678726284,103.17825628485465,169.39281700898553,103.41994199531759,101.59890958035068,159.7778920602697,68.20372960565784,67.91193575429952,190.1428393872361,135.91665404918368,87.99993916583193,165.29426040904616,81.01170665788919,88.519279334746,135.99566654614358,56.05181257521275,99.57607424688409,98.8676358960649
29,9,0.0,0.0,98.45185731439899,162.29224418686294,76.42127310998121,68.80508328072554,188.9129461833278,90.20453213205896,82.85863521968588,196.73687952098345,109.58080861450026,70.24351938481469,205.85303828768343,114.80665719492677,85.19548834243186,218.53630459217132,150.26426514483808,73.12955206275797,191.1624449228937,136.56384853227908,53.006535338071956,176.1413877857224,142.82222433382796,123.58365432193179,179.49904208358674,44.320363949083124,52.30101235238232,214.80600202582116,146.56518425471754,61.83044257424955,207.24037093061156,166.39439276287706,44.20577559209462,156.73568730842302,106.91526206408221,53.14566438524625,177.82190789156985,138.87435093262823,87.0315120709601,229.48315508807218,108.04158732659072,90.36204457772666,127.02448145447886,36.79387856613033,85.18530636835335,147.88103432901036,93.79387858124433,53.268921238181406,174.4899292597618,106.14779057542566,121.66522991104408,167.03819639180264,78.23441950315716,109.89063319913336,158.86327451346705,47.99713592195339,81.68116061423224,203.41956068516663,97.62384238966524,108.40109662796183,147.95240262125938,57.218640620673,70.57994690780464,171.57266238612965,99.70600924764844,103.34355016316702,185.02165201914553,104.33152669123533,94.27275512716315,150.36346778530884,40.85433756299898,95.72820346574403,106.64612539898835
29,10,0.0,0.0,101.3241539357562,148.61498449155098,68.79273131130375,61.62205328915707,144.12281283100856,87.20566963012546,78.08263974548218,163.75862731899352,84.36833697355885,63.480463707237874,222.36003080612417,110.38736578008957,76.71950153628791,199.53741892788327,115.17314862925939,76.71539230548063,202.71252296041538,131.18536494459153,45.1109095563521,166.2886452574929,114.15336072737466,116.74412952179198,162.58792034497236,47.317434987721796,63.07526071278495,212.44383145668863,143.18553412448622,46.62318280614422,230.0072054716779,162.67766559389733,45.24322819563811,139.57934497689058,117.88498854669042,60.61222106005951,193.1556359870828,121.05520937604541,92.537617348562,205.92356598719502,124.57763527447452,107.41913845567468,162.59996563856168,23.75221092923251,87.63824304400099,157.8984015901562,74.17759097698864,56.196897204879335,173.81833133471483,116.44571465661755,123.17518868378119,182.2603996930955,53.09991465716852,129.61976870360644,149.23724329876106,67.02598701554105,93.1223657918977,162.15945223774227,96.75960011379965,80.9751063018751,168.81697802887504,50.19995850246598,59.135936540812864,172.98601369954477,122.181456007979,75.22154122971077,182.76356578609062,91.86079769469909,96.69682320755712,144.2807281206913,43.95376764455486,91.67977128463606,125.03042519406787
30,1,0.0,0.0,102.49520998806726,540.6811369946741,427.8612261005188,122.16890431365937,612.8147529381093,467.6900802700649,119.70660807447858,486.11871432865144,339.95409067858304,99.48618788503592,461.7475317496485,438.10206823518473,83.81179799408879,585.7316957705261,647.8298446405827,83.19007240274911,651.4161925611807,605.78716526066,142.77682755273784,411.527152336847,396.90657443885107,98.97198425384786,604.4060491673483,502.05693760611166,78.43051376012612,364.0957685334554,292.72345074356645,138.28587582624914,420.1731564936384,246.46862769625804,105.33465596612318,470.01835781603336,337.8925847975302,45.922552606359076,702.8744107330414,715.7198012976685,59.45618970233651,419.2503338882388,399.48669262254805,147.23069082216026,559.6627171891416,453.7865558722817,134.60225335947712,382.7819705845971,240.9627427477114,91.81396089557005,470.797742929373,461.7237364211285,63.68949784491283,547.4748933161136,471.7297329856387,88.78142475830445,549.4467840735035,456.77263663588786,72.26473840224766,519.3135779057168,421.27010830613483,46.393619657227596,516.7055696714232,538.6199411454237,100.2060556131431,534.320034752562,417.2406999873115,115.62885634689316,337.6952007563364,231.14211384562566,70.26437169958832,570.6000089286165,430.3494538089579,87.07136272370957,121.70239804641066
30,2,0.0,0.0,102.38590076150521,492.2561779771621,438.41767928023205,124.36485656730967,583.719903246142,482.1096702915065,136.47813073461285,462.28469788631867,313.1548290427968,105.83366122679496,509.810716649916,430.6055136472358,86.55820740553267,656.1461043768843,576.8867712994062,87.96927859249531,577.9421877053828,581.8856822816775,160.05672773267332,511.03710454502755,356.95202731722856,95.81655905162955,563.7575923393163,490.9463973980538,65.9210960090998,385.0761727271317,309.2590882319622,160.74394177034975,406.2680156035111,268.05395475109816,80.41855041379966,434.0459234051866,358.23295820255163,43.18691482404844,776.6892146072471,659.9444891120036,64.17147971253766,381.1666510915168,354.9764836214411,139.8243750820245,557.2978624137266,419.47164927706234,109.06462358825087,402.5661804474112,252.08855581489954,102.25522389658617,487.4527012549752,406.041165179798,61.25255682672895,590.422907977271,494.26837699742754,93.95313601945048,460.6843549121943,443.0925357622427,71.60756649512601,513.4759718586204,351.8037972335044,51.24053424690573,569.1456516635823,518.6806221786015,115.74817385516725,566.639634297343,444.5676829362199,111.98461203490123,287.3320828368635,279.97011465311755,65.31497660259747,586.5739395965611,450.55713104917754,88.02356770984717,82.90906615520558
30,3,0.0,0.0,117.63446437652247,486.1942647701324,419.92761605100384,150.77162190778387,581.6429480273376,470.650612869805,116.10101909500561,499.5366659542061,328.2548719926842,107.86695792577403,538.0717541611211,329.09863288571984,72.80637576555361,611.0610981307489,470.1328533616291,77.03563651261543,588.2988647496421,553.7495639274252,151.87843554416605,540.463396210395,373.1509785345803,91.01712544691789,679.5925765300522,529.1204867431038,80.37711326763716,338.14765544919254,319.22063423021353,152.88142785220663,447.823753746072,313.0795857248749,113.42101306246843,523.5276721825412,431.35431667194,41.30437009861049,675.2446060117966,657.0921110510546,63.13062088089241,442.1110697220015,303.38912240581834,162.89437695169232,597.4663728160922,399.65780480869796,127.8314026254394,425.5246980106303,264.43231547428934,98.4882475240096,549.5636097458515,416.92212208497136,70.35974811019533,648.5988612715242,502.08895604591834,80.92434394995955,531.5541753738332,449.01705263205343,77.9368988869349,514.1624421066124,453.49047523464634,56.27178847865565,526.6353250572149,443.1452880297283,116.82762338126291,555.9489682076611,353.1464533825132,121.1182717648056,368.40826258962613,241.54294535126002,68.60799151460743,504.1392833054087,482.97918634564047,88.24784671402054,107.10332090273332
30,4,0.0,0.0,106.63038588802605,461.7256000379418,371.117803060384,129.2578369354016,555.0122805182679,445.23993885488875,123.06195649656337,513.9733221426338,394.90270827564075,84.76843215621486,470.0505113897303,379.83244485828493,75.67179575128755,637.6711926837553,605.7862501871524,79.95415118940262,610.2459395535855,552.324065555481,142.89839483406826,535.8410608836908,395.28585851297623,100.08198502993962,625.7583575673864,385.52470949679696,79.7360687599898,368.17637196943446,298.20243608896027,137.93919330613983,424.04268805642226,287.5072405868452,88.37344332175323,468.0579926799955,388.2894132052333,49.17353385472719,539.5468163378055,615.4815571986596,62.900533750592,458.2767037863767,336.95228088080864,137.3091659491089,630.5378423645735,428.4606592177144,121.08699973348453,437.4596592252342,282.89351889688476,94.05187664729677,479.99648287467903,367.2900887933273,71.91409186121868,597.4176799445544,432.60029548221587,74.36229862333433,585.889353090225,487.2414759886585,82.52808393826992,488.2841624089346,437.6262046337288,57.156632155696265,591.6840286173975,492.06051930865533,109.12223859064977,575.1239590380135,457.0897167770261,122.48988609264316,420.8188563323155,261.6801397823102,75.37344661185902,524.6444180540998,550.0962462696399,97.2190185767019,78.64219725171635
30,5,0.0,0.0,97.3022712150429,456.47844589454644,387.4895508236769,134.49952917150142,568.8633893819762,424.4465428453325,109.10544134767211,509.88559032548125,345.45875163706046,94.08828144339662,527.1759415983701,431.69082237293844,93.42862699481712,683.6912695978854,578.145075123136,74.9616127316676,647.6646069587463,596.0668622954421,116.4677179290534,480.23133911654963,404.9656049627306,104.76994336799103,577.7954582171176,560.1169557156501,74.65601411459785,369.7997396407637,329.84148686843287,129.4156574355303,348.0402868174749,257.15038082081725,92.96147699391616,440.55862793880056,381.56249643979817,49.75132351789409,639.0181009656923,715.8782595112111,58.65276964829844,416.49090609739375,312.89386236028133,150.04023542026795,578.8804857138871,466.0939021763712,126.88067972996205,322.56421530999006,275.1509727487937,105.30075527987286,539.9504866360886,466.1159122670334,67.25068475554968,598.016900511565,528.5574263281652,86.71067739477387,531.6474285841899,480.9022122388303,67.76380353075122,450.7426007802121,385.2556948006793,49.92151598919328,587.9447738634483,570.842752748287,118.11328384909838,530.0594080148146,410.0337343866908,103.24788350057469,334.64242739380427,235.5733449189713,67.42421441312368,596.0044730737637,517.0217863166615,85.80666946978734,112.72153139551675
30,6,0.0,0.0,112.25128472962405,485.6690928536378,374.7650537017934,131.10073504107945,678.6251091368744,426.8560918017564,113.77436594074946,420.2384586069753,341.0306139242018,94.50203330005347,460.75601305895805,384.11118996899233,86.10849317230112,623.7940875182577,605.4920664106412,86.57820684959404,666.9681645018751,475.847755411534,135.28683983239458,554.6883237671782,361.2894898187619,103.6817654830788,592.9540690519548,485.25034892318695,73.53414072332919,375.9538166921496,318.52712755148434,134.2967959688687,365.8713094428092,304.5668858686459,104.08616876176019,426.9224609082278,377.98171617424737,39.01420821148355,653.2480223890277,700.460249939714,57.85339473727519,361.5373705589194,339.2180944240545,162.26102464592248,526.1275260283451,449.9006625162821,132.4050009521563,349.95165307724295,242.41393889207492,95.07432356751355,388.38641043696595,393.3629879180869,73.49818401552676,622.7531022223632,528.6812293403447,88.20704388355477,660.981028616389,402.8308539291211,74.57895424087745,480.79253060145265,351.654020447583,50.86322156965464,542.1374172756035,507.4689230763289,111.88450654807303,422.48734643363775,397.8995085085471,107.04498055522723,324.8209008968301,235.91582566158488,74.27383312926287,548.4517767722142,408.3760958767658,99.45336853532038,101.94195004863448
30,7,0.0,0.0,90.60244669329738,488.1506166273263,351.2535002370236,151.47322376322563,628.6163074821488,425.06798123855356,106.59421573622731,488.5174819761028,352.084034364135,101.03594392527333,513.0785754748086,371.01779816267316,75.47192593388627,605.1883097010475,475.76736567175936,93.30860140504417,568.8874721136378,584.3554833546197,134.08035562716853,550.8921361192308,326.5469071432543,105.48923702406768,580.4259996903495,487.0635484307079,81.90493158407315,367.4155164641626,311.2009819171775,155.42519307424945,345.01211387234207,285.99738621525165,106.66864793908924,537.6178355189495,413.315954887481,49.16766791810065,683.4393987941413,559.7491637972703,63.30153931168989,392.0122108569256,305.5612631337234,171.6087029018784,596.2979379924294,465.15101693101747,117.31903964005757,365.36331619013123,282.828061046976,106.36319676544802,540.6575340714298,395.539980307998,72.02755314196504,577.3584396062196,513.8291796165234,97.49103077028877,481.28747709258914,473.7516267392682,82.72614918700089,482.3711273788007,350.49796782545013,55.123806205415576,599.944839050296,487.83855784177473,122.43702160998389,563.6139380487525,429.86194541828434,109.29057839175199,384.60992107668835,262.46761842507584,72.56257895023268,524.3649811536906,481.5949497791777,93.33510887080422,73.7483777093613
30,8,0.0,0.0,106.42465473478757,477.4222669702875,450.8310309778696,139.14196730683443,538.8066673281057,439.5666292916146,133.46487022134883,488.69295106711854,362.83968402540194,95.00580324546591,466.6599234145848,387.1502181492478,87.98443644029415,711.0213011267033,610.5860169501492,74.64388626539198,590.236981386094,564.3463098602338,134.6632028289162,569.8912012882656,372.9539663831875,97.84185148974383,599.0084390717417,448.36874786024157,83.45540706955255,379.892275546911,283.65156876582324,131.71859181148628,411.36937200243597,233.6918743608724,94.17825448423052,415.70682575045623,390.90163103532336,47.10401171803868,704.7321289943507,525.6954198416522,57.70906748881016,465.7528773909612,374.65557848826023,155.67867055794787,551.6145278744599,412.2036472343065,122.55318946822354,368.8721389812587,286.3272917269774,105.02082231439296,494.02233289913937,422.64285701633895,71.61724738499437,532.2077910317946,430.10998645277675,86.30190187904515,527.6359261417954,498.17441507930937,68.34429123158583,459.417058258854,446.6565909706522,59.28647938689342,601.4752657074555,464.356155371099,113.14585753462991,596.0526250319595,475.88590023379373,120.47312576267738,336.2365069484748,254.52909762099785,75.42192387220426,660.2083461068295,541.390446275159,100.05059015745977,102.62269125736628
30,9,0.0,0.0,106.18198634058,549.179503401928,410.4401777218366,131.00381240134868,599.863541556867,471.6927383658556,128.1499194059426,542.5604535328183,386.92169672706495,112.89364459397157,551.6817335296745,472.9659999134438,87.51102566329256,585.2718515669683,637.1703244600801,98.87153057115536,489.9807931877497,508.57530753065004,144.14275144079977,460.1394237201975,407.2370488473111,83.71961887038375,597.5327384625974,431.7380475808782,83.62526785637853,427.8066487437618,333.82459916461835,146.41342570767333,425.197424498604,266.4560330500882,81.32226190782482,493.4502194265808,449.32345515259186,42.42421064472464,741.0551091627689,633.4938025585556,53.139106896920964,436.93162484882805,388.4307571515661,145.1562188186625,565.8866064384138,444.9687902447012,115.93952556915747,376.5090147388179,238.83002970717789,107.3368103479565,474.9776623709133,416.0392195734782,56.851088196502346,576.0615853334322,470.03361966134656,89.58252234436614,581.6955968321269,450.1743852919917,85.15118290660531,466.3112880045025,402.8844382916549,55.48296690447527,557.783629628708,501.9503192671882,136.17639563826546,564.6089991058955,427.4094960233915,117.67493849252925,367.9781840857054,269.5896108203739,74.79877064495135,585.5648704602372,519.9710775762884,92.530084611448,100.71688228562151
30,10,0.0,0.0,84.030626164067,524.1942925036755,359.19744668663844,121.87499990078604,556.1228809604967,511.51544256602443,112.2548907735801,374.6607025219729,342.9906492530005,98.05146874305038,460.1977030186894,437.7848078189858,80.50633718621471,691.1401195392002,591.5194773190094,95.46372289158963,702.1753063043266,595.0979732051387,131.83581487227,614.1970070345391,363.0853458524039,90.39918526916351,643.1974614500313,518.0495812920379,73.73164828800063,414.6404279638432,293.90169576239725,160.45923861958659,390.10495961698143,269.77787168727895,98.5039458933558,518.3262245031189,368.4420298563351,46.25760300774237,701.3280793161337,717.3109394839429,61.24556443928426,421.6626074212076,329.8257587398117,143.27512915247033,635.4175809156696,428.7701932333301,133.0599718129169,396.6024950567148,247.94872657362478,90.07559696125293,526.4678750680602,411.91724367516485,71.82305802339488,573.8468165466027,482.6139392364292,98.3377301869372,583.4807392716169,472.54035488922926,79.1830144248787,464.460193204776,396.5837057819523,54.405844713818055,621.972358210835,525.2682820642418,106.27492031989856,485.0216245233217,469.77558290323117,120.76918970110013,340.8459483003649,238.92609140996268,76.62081289810997,559.5555752786993,468.1143985051714,101.28099512318988,127.0002001051387
31,1,0.0,0.0,136.04414789841223,174.53701292044678,53.4381485618338,88.1055201539842,148.99986335119326,57.98568928631259,50.070251976196815,122.92276709535987,61.797818752119284,145.78013148134485,153.05578204861538,39.102158503409555,96.22748591100809,177.83599149858523,67.78954433252181,113.9801571094053,157.23670234743014,37.474176135359606,58.33343440537175,156.52173414810326,99.86666834349867,49.08906137615565,147.12949825921393,101.30830752962578,75.11670851078458,141.08389597393668,42.19553635393902,126.7977326266156,133.71253390011165,50.06883430592582,114.96226657165707,233.49276209619,77.27573179295662,73.18471837439893,157.14999520936252,74.20717475737047,108.00052822410065,183.22299785165052,91.05993859805349,161.14249113435287,222.4360026917,105.80654267107886,101.13476677483115,110.74788832011129,33.66973452815345,80.25537387628603,221.84164994067424,142.86265755821768,40.63297099101301,197.14176240833413,171.59897562110478,103.94105937054988,167.6820392166959,69.74434719470212,118.53137934163684,217.38311169129923,80.55376587488844,109.11889869454487,162.55889927147834,44.737446181865636,106.49328521881614,190.6819004598873,49.765503548155976,79.07968089862119,148.86158801383735,63.91135704942984,118.53277566287935,199.77755784841938,100.92543685286118,96.55094288296736,82.23074234440814
31,2,0.0,0.0,119.49313264068225,175.82496013177754,59.32623482965262,92.42207982763043,150.475632027011,51.19123668498624,55.16899410955981,140.18523359817024,66.05060992380126,138.76114021939335,198.8459451541912,42.98131810134831,90.37802565573888,162.2527514043565,67.83925418022142,114.37808485231017,152.43055476645995,34.55172988537248,74.03618173461396,148.58676321590852,79.94205866156703,57.81475198052898,134.52509902244253,101.84481737818903,76.9641727685609,109.5471033124155,30.65895233823906,110.18831986089278,155.92201822288828,48.78448419274477,109.51464435583475,201.39267770766736,88.65828997161312,79.96687158203733,146.6557083804765,94.62885084793896,99.12873435711613,178.9732692638881,58.34773805301633,129.47893122078,208.91087584003327,89.39630596873324,109.73671962458772,135.07565950062727,26.944293967997215,73.27595662876011,196.17823418594634,130.5203084092174,31.45949031175423,200.5014993909414,199.82205948774262,114.72939589362336,142.93758346074486,78.16946640302517,109.0174660931788,207.26446995723998,97.44493272636939,102.58337227553491,127.3536249084502,49.53295822994262,106.8563487265687,167.56467730645275,53.40166186725457,76.45338909612875,153.94625175017498,84.58925803570072,99.70795097843285,189.47495720686604,90.58931310386505,103.14366729121026,121.1783992848082
31,3,0.0,0.0,139.01173102061767,155.70026940566356,58.276099584528886,88.92251925700774,168.98676616417524,61.22417264184156,59.79186354713688,126.14054390576314,71.83545159296716,142.01072915361684,176.0846775860917,49.87178063536552,96.78321835753317,165.94602512334345,82.54454897775659,112.66342202308125,147.59417073800915,34.271858153166285,69.09926012463787,158.29443435782514,83.4498550616284,45.68549571813928,162.41721786310626,104.84263577320836,90.34914677711103,109.05362796398359,38.88255661591195,112.53427649992778,158.02843767188733,51.85037639951139,110.59804580078817,169.8595167316672,74.07800412463261,84.76531156634036,159.32178559454445,96.2037162664824,91.56790865023152,189.70533809853387,66.64612550301571,147.92335259183244,195.67145394637356,110.57857511322008,118.2684015772431,152.0819148212024,34.060638909532884,66.76213283446734,207.68256383936802,125.22948737285012,42.871084568678114,173.20971299525152,172.65712612535697,113.65379875911506,172.8516011894807,70.09513608168643,110.12113418723287,215.27926903574536,80.22808012827737,119.76315882235735,127.88085193907466,34.431440753122416,109.34443334250274,148.56318150631193,46.17030217884825,73.06744777394799,152.53257887025688,69.99731833591923,119.31595485357333,181.30482762974236,80.61123575075167,97.67564782029902,126.13079156546758
31,4,0.0,0.0,135.65154694934577,177.63067367127215,47.73238852655639,101.96741459135694,158.8831489304448,73.40748999621896,58.945082258252754,107.5434377894721,70.54973670279176,129.93139757847598,163.0871151109339,45.33420453611636,95.45116671007953,173.9606924008053,70.52342616467689,126.78940454537346,168.95980110304663,33.24023387004198,76.53656086222274,171.03141891281334,86.46621734499082,53.820937880177596,136.71114307873268,91.37617865785771,78.21310157960785,107.66475931352514,43.455409889888465,108.07088381870982,137.53416309117046,48.957947679446036,123.16785321314995,211.53512575696237,91.08416805165855,86.03927642540512,171.93165948348283,90.45070068178165,107.1367827452161,195.42120170239716,71.92241478556672,134.12787401192617,220.69205797345862,90.03588626907585,100.30618123220256,111.24407220520466,32.665246681329016,71.7116420575759,219.7413182945258,147.03169629008,36.610105336668276,211.26769006533507,109.60745741664468,113.87389410219077,188.41467185054353,62.27265595838746,116.67615811448346,191.7590976617231,79.8209152409619,99.89801440275524,144.46973479759933,42.478950247335675,125.17720634677057,166.1534122467122,46.96765087241582,79.81580005605068,159.65864263167006,72.52402361674896,130.8439968525489,197.14330430375352,93.71996828904786,86.57797659185736,122.76027296904441
31,5,0.0,0.0,126.51081710267556,176.25437646715622,48.238025467605084,92.78827104749934,161.82890264455423,68.62899209155242,54.42811043652823,124.4315475525041,78.60647670119636,133.96045087136665,176.96676274704507,52.1418630873498,109.39062031544137,173.207164462303,82.13693179588054,119.05616039300428,173.51242266253792,39.30298767403828,70.35879930067313,165.1668828757242,98.28825951918755,56.13043869760984,143.4120672401537,91.59887288797376,73.82769150886281,122.52580914562618,31.861921992297,109.2765539187667,175.2605838619245,48.90334190942983,115.03626243890206,182.13027539986786,80.40218861738852,81.98260170911777,179.35122080633732,87.10751534388052,110.11685037323707,195.45083796950658,85.09986201597602,153.93943058938177,225.1082759528348,105.72995664701206,115.80641534877115,148.5307676661051,25.810865277216053,83.1656542014226,212.15881725062746,118.4787496607143,39.727833157250586,201.26696315195605,141.26035251411858,88.67970771744623,195.7395604857086,93.15681515349736,107.46803110236635,177.30612334803354,61.90453737180658,99.23692342667513,158.5101466490898,46.571365786962225,119.69244403253896,130.61280255403597,34.99095830320224,78.03114016444658,136.0617531724473,73.14689042616476,113.1352680886254,206.57097781943733,98.88574779130434,91.33982899944543,79.26202549897477
31,6,0.0,0.0,122.36099560520263,177.1479268868349,49.84500526569225,84.89355899348926,170.81006146091633,76.39086357832454,48.473153477115055,129.9896480532065,70.59932745052157,125.19712984361102,193.11084722036313,37.88438421689986,109.00128300582567,158.10496289873032,82.02479398727816,119.86360844166269,154.5108473789422,36.480737806689056,69.26577310994473,150.14925642581062,83.1244741543938,59.46961961298524,122.84821807340018,84.70057258892173,92.09671985128645,130.53898065487104,32.674681435929024,109.14137070421322,149.72962450313912,37.890373626788644,86.85929752747933,221.89406124895572,74.30344770767549,82.19528170247564,178.5963353298094,86.4789348556604,103.33748062233649,203.45477197156558,69.22888220242172,122.43431384043363,216.9530897562501,86.37977836457362,106.50960701749021,149.05160422243677,31.776711591914587,73.80179049125096,185.23477159852493,121.13497238321717,45.35563936445886,188.8746862908383,138.87280741775612,106.03622242326531,193.65469533075935,97.83474111036338,90.1410021406195,207.53114968916034,73.2577865764741,104.3442641512876,129.6071946235076,38.492051505982396,116.8860911606201,163.2611074237142,48.286465810277754,90.24237944763966,168.3804154924484,71.39099170715743,123.24811824385334,181.86936495578163,96.9557519208502,97.9031937639704,108.57766220198735
31,7,0.0,0.0,90.75782648222759,161.77545192636018,64.51326778409013,91.98555712733146,172.7350543326328,84.74879901388931,59.010400643465,128.99903896758087,77.09892031208017,132.00617495446798,184.08145790625278,44.01688042373136,102.24379817251432,171.99907228331446,59.05157992364251,123.97102199608284,167.54680822238117,33.545741125138775,68.36635927771128,145.59731825120323,98.32358931848495,50.76789738662858,132.62726177359937,106.37928689177095,84.95016972037888,136.32713415725445,30.839154428966832,108.72461153705758,150.60882905586027,42.690661655853596,121.91752895339572,215.35989401239857,88.67144345879325,83.39261259668136,167.62434991813925,56.06918170501379,99.32237234006773,172.74801044036099,63.8873905831099,123.38327959318602,238.9695018865133,95.16244160956282,95.70203292602743,142.5247488933044,39.764121585553056,84.12576689032403,196.01404958811267,144.6066729549488,38.44900381678182,181.92559585552132,152.6326651802118,87.97835324010074,205.2143617348808,68.3720812691547,126.65834127751653,184.95420085554935,90.14352879878044,113.92235186539034,139.09912103528612,46.35738057297553,106.26138941756017,157.34382504525527,43.311132658047036,72.93279370993704,150.48664598494668,93.94362576139456,119.96380417712027,210.37553872250342,87.76502946682483,90.07023223773209,137.25513754081356
31,8,0.0,0.0,110.35355904952613,164.58489993201195,42.13651146638069,81.85563808603843,150.86822476783465,73.48278110370532,54.27282298877454,125.41516356537723,73.61736142791159,150.46778340839543,187.48255944829316,47.629425305161355,90.63163326496482,195.05193589991188,71.81228364879294,138.60781466085734,167.73402318516645,32.434324918726865,59.170708521831955,162.44961158782766,94.73313522883018,51.33630794507985,156.58253868168413,76.39835075778078,87.19548134139139,114.40120214398459,32.10561256765376,108.74293087556948,141.04986222884975,46.37093857592544,120.23088974716126,226.62599642013265,93.16164903244157,78.35824801352696,185.15678967946712,80.18014374961017,93.82914114309871,190.81113473580828,78.84914500514536,129.56974727906604,205.57070698538843,80.09460265430712,108.80627801743674,152.14156738392975,28.937838342717324,77.05957887762328,185.89478464531618,128.63332143775898,38.18753649593226,183.03658332733846,147.01918371205952,98.98629592452292,172.56682589629364,77.37596597662757,93.09135675761213,199.25969705139389,92.95500587896275,115.74523105953172,163.5285743975091,36.33710095649837,117.67897844172018,155.98090932940605,57.645152611533376,76.94426044907864,151.43414348459115,81.09261026332544,122.34670951094559,195.6112373026947,81.58879479742937,115.4568336152133,88.74338310060507
31,9,0.0,0.0,112.79366611404164,174.24019718242732,39.17964348661917,100.49932480310827,156.40542011796515,65.47006289276716,56.3190527356718,113.78078913548651,69.30212205630251,143.7571629880125,164.03778962879312,45.028247206393715,96.02206055525451,195.01074689548327,81.53748534028904,123.43408332193222,159.18024782565,41.04289325843579,78.97633725031989,173.59324234796753,96.70436168280042,58.96222079217224,153.64779086326595,77.48921546992172,77.44851665402169,117.36625570920476,39.594372019162364,123.33896887560208,165.2510046870688,47.24346442800421,107.70142914363528,181.12252658945036,86.84483082108126,78.18777738401216,153.8509857028389,92.38341467898556,104.79868147657446,173.83791984596704,63.13993235552265,124.67527358717092,236.69680969249362,87.78821504295023,91.41446241425216,121.56788553661849,28.671380423612163,69.64271763388473,198.56857258441937,115.5963156029307,41.33541710012549,214.1736223759524,149.96865554217746,96.83234058695352,174.33367517541416,68.04286715037985,130.47856941263106,204.70792655467073,83.66105962849343,112.34298976158337,129.0929985572044,40.038596989719444,106.06478019535693,167.49986179489952,55.0600981076847,72.88290941199944,159.77823280552687,71.45802836333371,100.38781161348231,217.8198436737987,86.15849642255735,92.0167123576253,68.74046064621419
31,10,0.0,0.0,116.59449198990708,173.8334421912847,50.02145453923977,88.80438715364512,162.96308701487587,61.346994131989824,64.98013225560146,128.0285739389199,72.99019648904174,133.70073837172743,151.1959815763628,36.29889633032773,97.2335067512158,173.76567933128487,78.62093105146033,138.36163665573625,154.27778404302032,41.394995811542955,69.11332869314963,169.39011064120865,84.4599027648845,54.26309204305659,151.34517693248137,115.84179059674148,62.89779237256759,113.82830030511114,39.15628347368959,126.83819973114996,152.8785438990586,38.84118870651969,106.91589123061033,189.4089952199827,88.49855116664723,77.89221540472585,183.76285133497603,79.6503606640715,88.01646921085394,176.2458881223913,76.1591751718051,140.39021081266273,218.471066721212,86.19665436082138,104.6232241975116,134.56673568786937,45.16256046304112,79.10737028882542,186.03916623622024,143.95776285840418,45.56945647435123,206.08318729838652,155.8186677102857,117.5179994942929,190.28100450852043,84.32644799636148,114.13477122501719,194.30423924305668,81.61250655427601,117.33569406999237,150.69159414786333,42.4713383340833,108.71036297504908,176.86530929246956,58.4081923800199,68.90101158386592,159.1004584764654,82.39346239038682,121.78176634718301,196.3597875196681,92.73931076860053,84.05271239673988,96.94894406105261
32,1,0.0,0.0,44.67828215424041,388.82086281601477,471.15706938171473,53.24017074023622,554.5851425346723,520.8952169243796,58.34684514239591,544.2282691161334,468.43751775091994,71.20753001068523,354.72212895416044,323.2374432318734,70.54512888030979,342.0233989358975,466.73681464265724,74.25837955458245,410.623661087565,277.1717190847512,93.97614303425149,628.0912799463746,616.2502105483012,51.58161572397273,451.7837416113944,263.76965972581587,84.93768129360903,430.389279065621,397.7590618395522,98.74602806594064,439.5364972219904,361.2193154633524,71.32149895430437,497.5708512978361,385.01677526390296,76.97177042083696,506.93610550690704,480.6332529788795,130.65383103230855,329.0586449439512,125.22932209901387,128.90524907292414,471.6946666515345,397.57614160006415,112.27477515502781,582.6594218958555,483.7139418444667,31.56696919771809,466.9369345913889,288.9524385176734,62.118270313779945,704.5757422962414,482.780035307203,83.86400120726522,470.9205549105566,371.6697201613241,37.44586696794033,416.0820791489775,348.94085226362927,83.9803038481652,273.96440704826585,285.7995317816276,99.90010178980653,532.7603999434863,326.9386624227104,104.28429367573573,501.469390512701,391.3181845102728,35.80727171024651,304.2891772409401,372.3069984190339,120.59184685641895,87.54427008004845
32,2,0.0,0.0,36.65442823290077,425.2825813545892,377.8241243841468,71.97373246589319,347.08687150655004,400.4312234584787,84.77159655183412,546.1901425104832,376.7451023956015,69.38211375696771,411.214529776193,361.43803477788845,49.05300656744373,510.47687305832756,366.0018972186886,122.25088952822405,567.3703259966426,365.5564091359728,92.60586784778366,654.5095585821543,710.9494578431229,53.41669513651516,378.4474415446086,364.05243768814137,108.91656905378207,449.33986318409774,401.62838276281065,116.0946344488953,492.93704005422694,367.250715080522,103.94622515963056,550.8672427844072,422.71883609505346,90.59699892667942,578.6396247319392,572.4432864154238,139.45224164997293,441.86705517696595,173.2985939672143,110.42261292749198,437.8147999446684,241.86782615491566,92.77292925097673,458.10479978394574,588.3047753859508,39.95690862922098,428.609138646651,299.993237031013,41.813070594835395,469.5838105222418,291.67564221773466,128.27060565768605,479.69135091755913,521.9158284176767,30.41471993659971,360.260113306351,414.93314444486,82.09583403517877,321.6053516546649,254.67529313859959,104.41920411787842,491.14513125580316,402.2515215647222,96.48089008873919,500.2496765821228,262.9261336539959,59.75794171292186,240.57459024731588,397.96744501439014,70.04615542038506,106.76991237360453
32,3,0.0,0.0,44.87099128271764,562.7262324599926,257.3764929188324,61.98378348391672,252.88938346104155,434.57541118622015,80.1304436773912,551.6204627405422,373.07143277559675,64.17407371529244,510.64390503749263,582.8989534382792,76.28971289397064,472.9287842673747,376.8988151534276,94.54086717983438,553.8242508121946,390.9069113470875,66.10523103362772,710.321462940065,506.6884060230454,50.062689355039794,334.8480159285611,421.86427444831537,93.90736060285427,574.3535281695094,432.8829368853268,122.55119412707106,455.003993772204,291.8676244776049,73.80981280162788,490.13867385162985,420.6100495725429,78.23645208146799,682.6143183125994,365.91751792489777,125.83304948465072,485.5540799831775,266.93934590407133,137.84905643284583,486.31018594047833,389.88861675546957,110.69069635984654,463.047968776472,403.8161607001438,32.90891737202917,374.31800062277415,364.7586601966747,47.56029014972859,523.4155222666574,426.0116274705474,83.1278607683482,360.6149189549791,540.4897702399578,42.29452457402892,540.0454906168042,402.9345647968043,114.29748710484532,381.94895605619985,296.2313476751309,112.96097633925584,389.096618518849,468.79480951121377,69.69744122950846,548.3589697167424,372.55135526688093,65.50012594369389,430.67363832605434,355.8773514306938,108.161965426046,147.66052054912487
32,4,0.0,0.0,27.314878333378754,575.9713574425314,417.6682764673778,38.11235300044,437.48359849131134,428.26730426346217,78.7726252850706,481.33971519912564,442.14091884468866,45.50215413553544,619.4138202411668,506.0360922713591,77.14716916366028,463.4720172806479,319.0897958774484,102.8555587299967,469.2018301082466,481.442396111805,87.64860668827893,612.0766202226789,416.23181247554027,58.402384711258016,318.7325707417654,370.1084834512499,103.08412147785806,436.4095738358349,398.8169300115394,88.88791428091544,468.10736905096564,323.908292932416,90.27350696900095,417.5594336028135,322.53428630830604,69.15176687534566,526.7297766919953,401.2732202159417,118.94439890079637,462.0878067635942,270.20326082316717,108.73151276461668,409.1922354543998,479.51648052206247,80.58136805669422,419.7174638190986,445.5073603740091,40.00428135263915,417.04094262285037,284.45390962426995,56.63013969422604,465.1414501845089,512.9704177309542,95.18530121227658,630.2303876000469,565.7833353006984,54.721403059662435,333.58878520566964,337.87015315261965,132.76160168936048,365.68081397218197,249.16274998467574,113.89851532428479,670.9952033442988,338.99498505923447,79.05817278464727,460.38673081031106,446.15622170981385,62.31454601562286,369.02882433876096,217.3546913142081,96.4616493627522,95.58494547549981
32,5,0.0,0.0,37.38808700951317,418.67090307926236,446.86974025792006,48.10516295864342,476.9811752092105,386.8443496875299,85.65191197014856,584.6739694801687,401.2156472151214,101.91697521930088,559.2425241316433,472.5587752319661,64.02617269833576,378.2778727431937,194.41455023631917,116.6849601697548,465.7330774175347,368.307140462201,84.53701087984648,525.2940416045908,516.0338936593945,59.208860102576566,399.4547930376825,413.7769542193554,108.14519113772943,483.7179366227788,329.2526298630275,99.35708827866266,499.5506995995473,337.34666619138346,61.58691406104903,616.3531362993349,355.53247880805105,58.54830903425885,472.4588842764384,435.88956983237773,125.667272273336,440.43413712233286,243.4169276007202,85.17237767024781,566.8090316133314,351.21751648868326,96.18798684339033,619.2322471674506,438.7142064787919,33.59377121821087,415.95278343045277,362.04893533151926,58.4131482764918,599.1954831395607,436.8140665828569,104.5178465120354,598.9123761317943,289.69044435069657,45.61567480971415,354.39883560473646,506.8309704899508,130.58386663790063,378.91952712455264,193.61676094730785,107.02579942921618,559.2226238643964,390.5437011279796,90.93710858060675,511.76848585178396,417.3634428071102,42.77441696927773,429.73124665875775,375.3830594724452,95.21046556980016,97.18361626806426
32,6,0.0,0.0,29.350411289245113,463.0629948166794,510.2994347866169,39.6353046206013,454.0710733396368,340.03856482284965,65.07364432721886,603.0451251204341,465.4283893812281,63.00019250205637,521.5550452207334,401.5622593422377,55.46035008252875,505.30082376544715,408.9758189990405,79.97047311457906,641.3831146855117,409.06982073811963,96.15315541478576,593.3683088870464,607.3766709634303,51.32608807773629,387.45287587985644,279.7640757877901,101.05049779603593,422.3466370836491,427.0511056702287,110.86541038420368,377.3970467557833,302.9178463408281,87.86849029924733,443.0761103891892,433.86306816706497,52.89611500091785,554.4720540004346,544.2526824062942,139.36214032346695,350.7970534220391,240.35016333900577,127.88352901675472,516.4386941143625,317.5945219036624,98.19654454086633,504.6608807884021,507.194145561302,48.86759673793833,251.6853263355747,297.0676271879628,56.750411364302224,767.4380170941288,593.4801872216246,113.1866062992312,470.29267728628514,464.7923614859813,50.47251232800604,433.46682730461794,442.5750714006517,114.14034426705945,423.1422288632815,197.29802171266607,101.9325552635057,495.40109724871746,362.08722202542924,70.30709151972053,489.64294936881345,365.1064394483224,69.74475795684764,344.89737944426577,425.5246685693304,92.07441580175477,115.81404959221942
32,7,0.0,0.0,42.750853661596395,486.97361637906914,372.9447804160069,54.907023312864936,545.9230244290013,305.1055006062455,79.05386582978527,512.6417104544335,417.90965849680225,64.42782764373058,399.00065418720317,524.8625333125918,53.69055289042034,471.63497115503884,484.5610020819909,85.4775544065498,384.5433381105955,337.6698347968108,103.97590584571282,583.4121992723638,509.67067577448466,55.33056874806503,372.12469663986366,341.25843538113065,105.02810219463093,444.96392661354764,180.630147312876,112.78397103865582,481.9684278483365,384.05967367184087,103.41118037331893,434.86217481156467,365.14345726936295,68.68546065252973,576.5145496220753,566.6290438204969,105.16676931349103,489.1400822108424,248.84668793998074,115.53752894981235,409.9972383889124,302.54558159023054,103.05191037070949,511.0868861339113,436.26717889859526,49.881727629385765,525.6716236491361,297.6212521748537,54.61787878139541,363.609705652854,440.66378088280896,103.9071570114344,527.5964822542751,353.01391638451105,42.720195939384034,418.5214492736605,358.01684647926373,120.3588291683117,350.3653043200876,320.17413275014616,136.38283118590928,519.9154764344796,414.99993611186056,79.96607796618534,496.9825600611429,512.0407071903013,64.4488523563201,387.4102534132395,438.65664632035197,108.1474702907598,101.3022449167435
32,8,0.0,0.0,37.94247383570537,466.38500196205575,306.22541831201266,60.45404786290908,336.73108243475474,385.5881460973418,55.47845351754036,608.8462330260473,507.8183451513292,73.02666754375245,641.0222860032876,427.63577967730674,58.7698897202296,508.2072451595598,326.3115107746821,120.54362958390445,460.0640890801736,437.192409305618,75.76935685925743,551.7440214288468,563.9853835043557,57.807495862643634,288.191849140138,182.1959230298864,81.95857999731294,432.82140676682826,409.712076251041,68.78842718475309,379.34070083141046,322.62137474113376,70.30003323032088,535.2364198866595,331.92828380980467,66.75707032967469,563.9555912885706,481.8580127071299,101.22807344085811,401.7836295132167,279.79736911504807,79.04713068597471,313.3808078252333,385.972494577403,91.5444705499157,612.5347281290282,483.7301572667936,28.433462979864352,519.5575558986366,320.3058938528079,50.85229156132406,500.5241213591457,549.316750683203,99.65160092773299,498.49057852354383,415.3003838259,39.33256986943457,523.8454637929375,375.8511447627145,106.16250930754998,284.9020403277287,261.02465298126253,100.48307418534901,463.3994367498296,292.7109775737714,83.64844977704817,372.8379476146227,394.11933787196364,60.284711022308855,380.0445707648877,302.10922434067925,79.97993026726915,80.1810640281391
32,9,0.0,0.0,42.23489091176397,442.5076068010837,415.64115434731514,61.26594816170007,517.4177317722555,454.9143193883176,99.99336718496482,469.69232533650927,482.8204054814365,79.7766688444157,441.4344405044145,388.3287740980089,66.55414015271197,499.93992010083787,387.1218596952501,82.14285136713507,496.66470181213344,372.50701150673564,88.00208052937387,763.7208060870188,390.73606121738106,42.70726658583523,452.48733652829696,351.0662197792668,112.49075048937895,495.81169988384494,293.28435790233027,110.54776305096114,551.3698936819143,346.81694789303754,70.46231084603514,523.2465534375735,403.3627471222452,73.41231860673352,436.43873814001034,401.473303618602,79.513272077798,446.8286038987745,243.68491162334044,90.76587791250856,384.1391725054566,346.618896708742,67.79736777126098,574.4943188257199,465.3659238679669,33.34260871243414,320.7582595654687,318.13617690618366,67.03931362290515,375.3943400585554,537.0371573574638,96.4083723824005,641.8993918805733,476.26950939969555,49.95654555611236,475.46412505707576,324.49616196935716,100.51676226681313,344.5561893601014,211.24051070366144,117.53611371142287,526.6880643828549,339.1605324258763,95.63273765774728,541.5192016488834,549.8042409025483,46.0703040818373,466.9985042501978,295.1611184502252,77.06466523954401,84.82276534605967
32,10,0.0,0.0,42.269583990145385,280.1626911221533,416.86184781429546,60.22683884708748,466.080893351728,226.85057904879034,69.39828445649789,592.3701329672922,565.4946640771898,77.60164313367926,653.3581341708856,405.2600531560746,65.00204483338146,484.51283589219844,460.33446687178423,90.05725067622866,482.3240229742172,347.1887630313767,80.98540176483161,713.180788134825,520.6358790115743,50.568517755666335,398.2649613794427,294.51096129913395,93.52753663722088,440.293949218077,373.6918094109389,101.51033571593767,401.7485333929362,314.90871044746274,101.2254114000395,408.60507268656283,328.0446716770982,62.932456400207656,518.008562054798,434.056405734473,129.86020974445228,402.54345759586084,277.149047284588,143.55652810461592,436.62586537688964,420.276705220368,110.21131734566734,509.4364867839995,311.29586292511965,43.959100441561205,317.99726575359955,323.250656941868,65.47506674689147,586.8812056309403,575.3447048381997,92.15081646846508,529.7182250645072,459.1731445282757,45.94894667031216,481.21746671297535,357.0547470403749,159.97239736980808,376.0479548659652,218.3503351115423,133.24525362976402,412.9590533635833,391.69249412220256,82.4636063134341,486.3012507870915,369.0758945051165,60.456414069384344,396.72669726677196,291.53438792767406,64.89056095776361,105.2994946558563
33,1,0.0,0.0,69.87480562170532,141.43816083567836,69.03621831047636,77.41885310309212,124.10081776643517,57.562796913188066,46.6932865245811,102.12950799481189,49.93409383229535,41.589823570291486,156.5895366086287,100.11675162164191,71.40835800901112,178.10741929155276,73.33607736419042,117.25175941723491,131.75888787541317,22.45948437546585,79.32086386107478,119.69089002484398,8.398789372045648,91.43830358885822,148.02908732508368,39.20185121531932,90.74452197735138,166.50371661641486,71.9789367758274,100.18727933572423,200.94723617018494,48.68087944321384,44.502278192836094,237.94613913770874,142.95739307572376,94.65274141073918,163.58372942555263,61.87495456046792,68.18989730790064,206.77731117372127,84.01676234302519,81.51210386118775,141.77100556139388,60.05568797720642,86.33003681161759,152.8259822727199,87.69986655222422,103.45982806959438,221.4928369406782,115.72654608848575,103.40917603774236,178.12822781080567,89.2781801595792,99.70583776790507,178.86648637477884,82.47038532665152,92.54663435317029,108.01769038664493,0.6859197074446031,129.31955742631413,142.40417137926957,19.887214994755613,109.9264439701233,137.71947402127375,53.45024059690938,59.50994950153314,185.44486854707372,115.59713491297609,82.5729489320131,203.31444662102624,109.20820202757197,136.7226873550665,81.68767906592613
33,2,0.0,0.0,78.93087065724716,175.37959572762733,80.94751470632488,83.20027404753334,121.394001610489,35.716985682031776,60.87951582665419,109.30545019136486,76.60692933319014,34.59872208663747,162.87689113249203,86.82287175794849,67.40798954267743,134.3383753791603,70.45342902081886,127.74207639097165,155.25740441597657,25.01850942217072,110.89138949262704,109.48774316202554,7.53962943815232,98.3852853428854,134.54663302183866,47.50421726051286,99.60651942314061,154.99540334535394,63.509270798217905,136.9075722786106,191.25430259453785,42.1926788486611,49.8225008810421,191.36017849674565,144.27108058112603,89.99661842309843,146.16831649098535,76.22532857462909,86.5678499120311,181.67405011121224,68.23695804992556,62.36223761675073,120.99784989296684,61.453760387291794,83.76231266391126,185.05162153289385,71.66835047594469,96.28904125391391,209.46813811040025,108.78587202174438,88.00686037203484,178.48663710018124,100.25272691633745,101.09348370812916,187.7238991662945,82.18831372756311,96.78011927477007,83.90065977846595,2.4326802364343534,124.39085165904565,188.48971320430383,11.405108767670301,104.15561631696521,159.02224073238406,66.53869057675082,54.656987331731784,186.18023950957357,96.74487493977979,84.34468710497877,205.22595283011321,116.00011164928122,118.66374745004796,88.67483605498073
33,3,0.0,0.0,77.37559438598859,180.04153077004395,98.83180124273933,79.84668017524375,115.66629271556201,66.04957385382912,60.99433138609027,107.845320486657,67.66991520522889,46.83488810067073,126.4437813506901,79.46216908638355,72.8880661749386,172.22130420295235,54.51324102764272,114.85956928185858,135.0396533473733,24.36277950851846,119.08212366609541,109.02505409341373,15.725163220646607,90.77246483812213,118.80670288104054,51.91768405873185,85.18080301175726,144.48536034593005,67.11862476179512,101.24540718153386,180.5430007758312,43.408578018571504,43.802078660730686,208.8365796125662,134.46871196386786,108.21689362124384,179.84612587807572,59.05073870975904,83.61720040515213,186.27180326891073,94.56272240484924,69.26411280704409,127.3580226724668,47.62143343375268,74.67991948536772,155.41574183274383,91.57924144566563,85.9564572345131,228.49938528289192,111.99884375618511,89.78737003897979,221.71618080569118,94.87288110660735,88.80971801744869,105.61396766538346,71.80580508701449,91.30586314413357,103.6398655615342,1.9738792064248107,154.06893262106234,143.33529160246252,21.530636827633945,93.44765114563104,171.03520031718153,55.507415139313956,57.59903330229017,208.40259335057922,126.19382068139946,72.75310728814681,185.78982342091155,102.94880215536784,159.137563534133,92.15232394322413
33,4,0.0,0.0,85.3013656756003,153.19571569640345,73.48889659543613,86.0179806876516,128.438250399417,50.260001783790436,50.29969034318147,111.25156945464957,69.29002586489021,40.50836676207962,121.58376585001935,110.32256156435142,68.50452195953353,157.5845646272538,78.62416629660517,118.09523904621744,131.9437102073194,15.132577607064182,97.302273685502,105.43191215215012,11.875961707190068,80.4124589693899,122.65944924251711,49.58388091624495,88.24773938506547,151.41402719630503,60.0794008387891,113.77911598752854,152.4839575372171,38.44230212727973,41.21754555451275,221.5383798128867,136.20621197971167,113.77592074516262,114.33028776313225,52.41556082393254,72.34598979658743,181.57820579091145,97.42818495151222,59.605862355796376,125.83134431200176,69.9561578329183,61.00851279530628,198.56079937634007,94.24814924243184,95.74227294856672,204.82064475792825,114.27852853634278,90.9925034477947,170.06179018555545,96.40387476225953,103.3916797339969,210.94523100047212,63.67942366821557,93.92167589404875,103.00879673229478,3.4630386512902906,120.07084695848285,135.2619222764891,11.679097739826505,112.0765729925971,162.07335835469075,54.738961489727316,60.69620983118014,172.61586623935736,109.78536389921695,75.82280111618633,209.97509973765986,91.72162983886003,89.44363124922931,101.71550083663828
33,5,0.0,0.0,60.12616010481311,157.8418926560936,70.35959596971807,83.0530574754663,99.55074111415277,42.29059352370987,53.23960682148159,117.59382135645508,59.73785911169658,38.731284699455244,154.1466817844257,72.63999430221153,77.86828328539974,155.99516781717676,86.19973499068337,121.52228136799158,118.90087944348657,27.01520881389304,118.61340300316652,103.5172774789304,13.098192127664797,72.02508251566704,145.62708671430227,56.06576027136933,89.06473583578273,189.9157179014014,95.5462616319635,130.97705694910448,150.11440641032985,38.024010233311365,42.172289020666646,179.59600246994796,171.22204346517555,102.4648290240318,171.44991269542663,72.90494999149752,96.57912173257793,183.37894698794838,109.44797817283127,61.2481265715873,140.9446497462604,55.28603342764022,74.63124443191296,180.7915659729429,94.68615933681819,77.40059940894497,217.05356438073667,112.55811230893602,84.12138514519718,210.35672195544606,94.10419634149768,94.4240042694703,124.82153226056107,83.62132589059856,78.01571031874008,103.12136612749175,-2.466379445548065,130.69624603220564,148.83038220856542,15.883380783048633,102.25446533643125,168.07546525895322,63.25276269346462,73.87569605445643,167.33965662602773,119.92152588623051,81.82648909303236,206.32566113582283,101.74247167245738,127.43783784122232,113.3375052818523
33,6,0.0,0.0,68.9094606227933,175.64919618188256,91.97445901429688,91.73407239492937,129.0216099511883,45.167223291695294,50.28422465914142,114.53602805598246,69.37898231111136,36.22762550799751,132.86468621139787,95.1747373868157,76.09189741048452,148.1617810092647,75.4722727360911,124.55167306566142,129.31737640478383,29.74208532284034,107.81650923711928,116.2158612651858,3.941139374518169,69.25264581030822,165.36945384858743,41.38948180660422,88.52241181490724,123.10086602431528,72.19428394816957,126.50987284250537,149.592640714802,29.41242998034676,47.81093310741555,162.37888186075267,134.63422133946608,96.19222964783019,164.51358731534614,73.89726988083663,82.25701612090285,156.81659859500706,94.24213057369646,63.17844661006953,138.40426132466985,68.8694670166415,84.85175317196843,156.75541636871776,99.2382998133036,78.9012585045004,186.14406404132612,121.8912311354631,87.71807337218065,179.06504046644372,97.74894011025954,85.64747293557112,159.43327563470956,74.29595369032397,90.13852558145845,104.36244777780563,4.243971652255369,136.55879795956525,151.99028594356574,13.014531504144756,87.49948961866286,154.43191934770408,46.54646297599784,62.03265651076055,183.96043788166477,121.93400720356092,89.69666308610032,187.64312959826523,90.83902632431925,135.03002235843192,111.38727593041757
33,7,0.0,0.0,68.21223548428287,164.17189143806573,75.52164312048512,87.75503327764535,145.80222048879673,64.09797317643554,58.61745834116077,121.13730852621383,64.67285518435985,36.23227793525139,151.6406295731868,98.56575727689811,60.16157333646326,138.88968777317905,95.49046611407636,118.99183048788191,115.8307151537684,28.489613714418294,108.10268182777901,92.06835966621732,15.00478976814156,90.2252190922336,147.61749843255822,57.109450154292,80.80979644633413,156.00088084455933,57.336194432183596,132.2098120115412,161.92192273683713,30.94813907745118,46.08340506561439,174.47885811570166,148.75399267082338,88.74604587314509,123.8398083640203,60.51617890626537,75.86545695072195,178.73375577585412,84.80270984568247,57.16446086300073,108.14912178844574,65.52056397813672,98.01337397579466,171.20864675900452,97.32824452157955,85.98260453483915,176.5129457963385,109.80559857752742,69.28319521406455,187.70971918132463,96.66100526007104,92.61277494734315,160.570526155148,48.523939305381475,94.9426886707252,110.6793742978968,2.296734937738933,98.42044143192884,195.1856649309106,16.53570249233791,86.67405425119429,157.8311335683282,46.892652627236465,79.04454515213506,180.54316358907417,108.69745396699442,88.51010426421746,154.3303794113287,83.95305082958288,131.98540211820364,110.9246976571188
33,8,0.0,0.0,75.69863610180673,164.81907538746216,79.10219657296138,91.18689263519703,113.7802050151084,42.20835334525643,58.06214948053813,133.2625523704234,62.92057751247746,30.164501176100877,118.47079498151928,101.4402368279769,83.81073085238306,157.89251574501122,68.28638718108628,116.25820864882115,158.0435276714807,21.922439382919578,98.75472341294874,89.38449233218121,13.583447632408694,86.9321244157412,166.92101091462374,51.88775741328015,106.5483064231357,169.78075648886903,87.07974359793536,135.76146405612133,181.82920623747987,30.44306725574142,54.91662414013099,179.0080774019469,118.54217586313383,87.39389778952926,143.50617668663492,47.22254568787274,78.78392722146135,166.44135475824402,79.02449000130804,63.40441275973139,136.6764535609352,44.54806179400455,84.7890593076145,149.68320751721106,102.20061918548137,94.75818355016834,165.74841672831576,116.30885912847594,87.02606898180834,152.59209768376337,88.2785801342495,113.37506509754141,184.6603848483839,55.27547743931117,104.66452622479115,96.58818768709365,2.785766862859913,113.64341411187367,159.15031050954346,21.775992401784826,103.32142714372083,153.49625784583176,52.26631658646129,62.5363213100603,196.08077217159993,104.03879898985738,106.44719496515157,215.01343232231875,105.27830452623962,100.54467828606944,131.19949159931073
33,9,0.0,0.0,77.16761084140704,161.10303311076834,98.38477474558057,84.5887699963186,102.30283462657128,46.33132550008529,48.603704366925726,122.62376465868392,61.41809279682016,38.32393829897976,123.26898172167361,117.27410770847521,77.44819790428275,126.94736898022194,90.40006893954634,130.09991988335582,133.07689215977447,24.0482944554347,88.50423487894739,131.55907812663685,16.536598693652568,95.86250260775188,144.52251738324676,54.017531760321035,96.55275355196602,160.57260228211675,57.04278248054264,143.88257597054707,155.01346629035677,41.41395155513537,47.13070592989647,192.30526007433076,148.4335936516784,97.99705101867326,160.2352768063672,61.93270922053327,80.50868944129225,172.16936398462,85.48450137421456,73.82934810665506,96.32664459972588,49.99768417673689,74.26789806133132,158.81538202177208,79.16677110446105,95.50854042910436,212.97832617986177,111.88269181876966,100.93666969479433,157.97802657423182,81.6273541822201,76.39548792741405,163.70796697863395,62.72425010325699,110.53972778414955,95.75825150497467,7.526309496874172,126.24316711062578,125.0158598612233,18.62084650776996,96.12830536187236,138.44545180292513,57.71455445171625,64.66222247673251,172.33379470918695,126.95344229197967,86.15365063012706,168.89001507772815,97.28583813902286,129.99757538865347,104.48400423952312
33,10,0.0,0.0,65.27881331019795,158.12917632267565,74.03548232055728,69.96904828567187,150.44428687185575,43.56563464124352,51.346440061446806,108.6806543637578,71.5011113266732,45.8480112250798,147.487850525043,94.82664926864656,80.01669383177584,118.48109641389898,92.46278500018929,94.50215599082262,141.88897975835565,24.302919656433897,108.23913389161844,101.84395445323835,9.303067998814228,84.34206224498342,143.86245963416152,53.44950520210578,94.16322786962478,169.2042079526848,70.79658345073828,130.0650950411516,170.78165777296363,30.317058238096557,47.094622133295836,197.27529123164635,140.6369381619305,88.4054177939825,156.19864558995016,48.74532457695699,87.25791867213691,157.28100123339294,72.78589003069092,70.23633037848454,121.22786211683692,62.98124199715821,95.34847774203287,176.2315005925795,91.26663746058618,108.97359592302956,161.05778707674983,114.12717669426495,88.08329079101128,198.3613197534129,89.56077865879621,87.30205531688893,172.80302255312432,53.779988604829654,92.38499988252491,96.42788725276264,1.9819183120528574,115.98919793929008,155.42464742973945,21.127305025013214,92.819508065561,129.5311007461294,43.49267903430976,61.41541560142656,193.9202240548867,121.02589224254568,77.98443611813707,167.10118384504574,110.01602271717285,129.5990770624476,93.13272189328103
