participant,entry,PP_1,RP_1,HT_1,PP_2,RP_2,HT_2,PP_3,RP_3,HT_3,PP_4,RP_4,HT_4,PP_5,RP_5,HT_5,PP_6,RP_6,HT_6,PP_7,RP_7,HT_7,PP_8,RP_8,HT_8,PP_9,RP_9,HT_9,PP_10,RP_10,HT_10,PP_11,RP_11,HT_11,PP_12,RP_12,HT_12,PP_13,RP_13,HT_13,PP_14,RP_14,HT_14,PP_15,RP_15,HT_15,PP_16,RP_16,HT_16,HT_enter
1,1,0.0,0.0,93.81055124967439,100.86212937815071,1.1556275292052929,65.30612827612434,97.69616307647692,33.81526513443795,68.51758895342925,110.38257032101652,47.0440273770212,109.9740704770291,126.28183244784178,9.677649576995643,70.31418581514306,102.78468326086842,30.726566517761963,69.79288444498734,124.099212119094,55.214263424421304,76.96842584469209,83.53568519022456,8.152726576597452,78.81777671341922,112.288082383779,41.32265699876745,86.59678744858958,122.98961380465256,31.465402768416272,102.15949172232132,93.4774726882304,-9.181318265167397,84.01558081569907,125.44007694567237,37.042055481724134,69.33287658716543,122.53437728059637,42.19191087452696,114.44318249211142,75.51628264624604,-36.90525973541855,128.66876531346867,94.53019559074679,-28.01144591229985,97.12811211847296,84.99315833732739,-8.610230926295241,127.5920094631079,89.1500331695736
1,2,0.0,0.0,94.40293071672623,98.65967063139661,3.9257385238462477,65.67727864404901,92.909799940041,34.98710092962419,74.49506552228293,107.4566864759233,40.543656526371244,118.61808131174743,126.85639634416985,6.417228532393639,78.36020565034147,97.39967153136467,27.303807466347003,67.7880537957569,115.3525980647986,56.27570380510737,80.80540546911212,81.68683750094766,6.947561497334378,73.47410897343185,122.26641569519421,38.24396465011693,86.59835609616603,118.41916682387404,37.32362340810938,98.8129606848842,91.52750272417263,-15.344382795171331,89.0296990849291,124.66760252476399,37.68397758784388,70.75213752295069,112.76746710180495,37.910908967071585,114.09907993229926,82.85676466190795,-32.41135623692278,132.1028548023387,97.87000794684057,-27.44802622660268,106.50350213188256,88.97646003043067,-12.669140574315332,126.31561746296723,94.50844758752507
1,3,0.0,0.0,89.29313744915282,97.77209900863953,4.614689239113226,62.99623321411951,100.15558800552805,29.253201773093082,68.69367150334944,114.50510235011264,42.5684825646117,116.25369558303727,125.83589427726125,12.496773113869892,73.55331236177916,102.19928706896108,34.02302218863202,67.71107750827109,110.58226990686846,57.33846207001564,77.70112412219652,85.0009023352007,7.0264216754637285,70.48255551320653,114.00910311140086,36.113902468379145,87.19213822701636,119.87362504364752,36.12409871399646,104.83597859915584,89.5556659566768,-9.98442828955772,91.01870748477648,124.7928344575149,43.47317678283108,75.22143265384962,116.08297837397156,38.026865748450184,121.0391099563727,81.69014410942896,-35.040352927773554,121.3678595735502,92.90313653020912,-26.08183176161205,101.38924017151432,90.47644209255361,-5.557744111210307,131.16891131209863,110.48488618833828
1,4,0.0,0.0,95.74579455342885,100.37150526346615,1.0386870580368401,61.83406686394685,93.5854272158297,33.89509549396206,72.27787023029217,111.81406112667106,40.96377738046086,115.67246188895356,128.09627986707886,6.462773636209679,74.53411473386711,97.68498387476937,33.70128635724119,69.2006620416503,123.37140437718178,53.29016200843855,76.96149549908597,88.40844457773751,0.6611579105651222,76.51279218089718,110.55596637642039,37.57277534666504,83.48663768330434,129.44002841148045,33.50741517526825,104.75034576056088,95.79752023383816,-5.856843659389872,88.16304128066221,127.9752891636528,39.06986254225846,73.64924816852543,111.25889725006346,40.89703476178053,116.69808999148317,83.27503927104979,-38.61111647756134,134.34855694677915,90.88203557974204,-31.45594678802398,100.1327183778886,90.98987419465233,-10.431272420577137,132.77175395609652,92.63543156600643
1,5,0.0,0.0,93.91975674875967,93.18983916751844,5.6436781675656595,64.30714931140508,96.78134660151396,28.9053239776512,71.29716811917898,107.87176992533169,38.33885380952434,116.4338678690466,124.60782354414755,10.239913485355304,68.81892693875771,98.40924255918199,25.94399252021956,66.80101357377735,123.24150614772807,52.12167016343942,82.63980963909681,85.90253240203468,7.910145399770418,73.97544502567418,114.04945988833289,40.325801529060904,85.42233767126572,119.16767105268015,30.142084488192875,102.83484703793118,94.6893710734836,-12.519180045287804,92.00953273185021,128.55521855287495,39.164691081348174,76.15507631634028,120.62980855959168,41.187742881638876,117.86819213926582,76.38074518384057,-37.35810767293546,125.32218530986499,94.7820297778278,-28.72281933334825,103.04737489225752,84.867712627875,-9.941664309646509,126.46970688826723,117.79786257051084
1,6,0.0,0.0,95.33888464059577,101.33628916090122,12.79817513200981,66.73981665923445,96.87313704174339,28.89203107252827,74.04506859314421,110.31854684614221,39.950119183014834,112.14647911881227,117.85671101569103,8.383495366085281,69.89578479095748,100.53022468387456,24.36014096852252,68.28392485244076,117.98571822686908,53.61607729920405,80.35534109138862,83.37663551213612,6.838363750752815,72.86421541568316,115.31883595172773,46.67106016955651,87.29424214392573,122.72618265965374,35.03317644024311,101.9481061355075,91.10119672353537,-8.625939950797,86.74998791462181,129.77839487719916,40.94308083736817,73.76686931376685,115.3250236540016,36.879168069706225,112.29838529627939,77.28442868531191,-36.98323511166043,127.30213035837845,92.4454603790952,-32.39017209952528,103.08345267942721,92.75253519427321,-20.361649890057677,132.29357216013454,83.910304129227
1,7,0.0,0.0,94.67447020330853,101.98370768816234,6.257670620899586,64.91626342055386,94.68766478085631,30.09884646283818,71.30295929288948,107.38443866770338,42.12657888229239,116.28221227355306,127.96742976267366,5.2680220313748105,74.63334254975628,105.97983367803226,32.363958427509786,67.63955694929587,124.35417099150312,58.74493315530044,77.46751491851423,82.00101806177594,7.2600847858159,72.03801760842809,114.36159715179646,36.572445285786785,87.37827069709184,119.42176677607061,37.936445566908695,99.91082394346995,91.85219960929399,-12.632355042548404,86.28834607563242,126.17780656221879,37.300422293051305,74.16085397969505,123.60256252097746,45.90275871442077,116.35116891961152,78.08447768747594,-38.25454923430138,124.50301294051405,98.93106747106194,-26.6715910886631,100.61530000454421,94.12903467758716,-7.878673382856057,125.88614698319711,87.04203911932035
1,8,0.0,0.0,93.42250385559467,98.80788196619703,7.567439267256872,65.25325269355831,94.27539618225462,27.85839275826757,70.57362621173606,111.15651637413046,41.18532598496734,112.55453950579603,122.58849338340661,10.352983404904712,73.83385118027833,104.39229252694744,27.242100742495644,67.90952769442514,121.90821727138132,49.80098877710882,79.59563008188114,84.33386183786848,9.165505597950283,72.61257769923213,117.27500009222273,43.434235087160374,87.69035334160554,125.63312627648646,27.2614764898902,106.46220196218758,93.57874384186039,-10.265519475526716,87.94318364277146,124.99005961690528,38.95929610215014,76.16144382182681,118.21865145981322,46.92439617848546,111.1000342513342,77.75501798831722,-33.69096851191715,130.51787648694838,89.81659153802008,-33.787461734414805,103.0167509460175,89.90845582540251,-10.328114522362352,128.22843975627765,104.24190047205379
1,9,0.0,0.0,91.43446083341055,96.13176479805665,8.258317521276474,67.03628242238663,91.26904330796391,35.62530085126795,69.14557589551087,110.51144165856752,40.97606984349495,116.22347671451007,119.29930894254503,13.032194849623489,71.41788190406608,104.05860188418742,31.984341324787554,70.50336974293606,126.7808226381186,54.168369290625705,76.53129567254442,81.81164167465425,6.844499055885563,70.94022633908463,115.05072723378132,31.74020188451377,86.33096801753845,116.75866241534932,34.48065599988975,98.62699037059767,92.24195262716218,-2.1458700552435257,88.59753377142961,126.1987500825082,31.836904074618147,72.91576329694236,121.23305703234672,44.333236618333814,113.12533204446032,83.45881543500063,-34.37900191129188,125.81628850370969,99.43738390606352,-23.772896935823145,101.07015447956849,93.08224137225088,-6.715335151403944,133.59228096089169,87.58988712066795
1,10,0.0,0.0,96.32371346172977,98.4654172826245,7.54512337694808,66.46766922217034,98.33589744369179,32.90636170219738,67.41344636716822,112.31991702910737,39.083594414794995,109.24701761619454,118.77489259245137,7.196815237792494,73.3922591441033,100.87805425526687,27.54156432439354,70.84952380574508,123.99219341425858,47.180431163171725,84.00993049232706,90.01474054953368,3.30996902184172,70.67922945088117,116.8140257398549,38.82474082055281,83.45290144449498,123.03497958013857,29.316411807688368,101.59359643786067,90.92580026418945,-5.344691125272171,86.86508320005224,117.80354891615563,38.89012264266408,72.01002044146138,118.3290265584127,43.685766463418915,111.09229642180512,79.79376162954901,-36.47290047114972,125.70740613280496,100.28489206423069,-32.22253997289741,103.83253533544757,93.9844819215891,-10.102294559809303,122.22874539740718,101.88993173278368
1,11,0.0,0.0,92.38576789288513,93.54460895254057,5.9229091789513175,63.818333138138826,97.83752177441367,28.59655202768261,66.258020239961,113.21323427225222,37.15272215674068,111.51658041157359,122.95191368723209,11.711200032965117,72.14201852041407,106.21118815290076,36.82616590195433,72.14268400379659,119.49792249199052,47.717070287094515,77.29181854313869,88.73373632853236,9.425455625256728,78.01014291177046,119.48308432419677,35.741054324422215,86.90041077290027,121.23718957228226,33.48264299516667,104.5605395273729,95.12271442934926,-9.667530564466654,85.21120815599883,119.98263629777881,37.358835668548785,76.49392329748638,119.34165956524808,47.41725502831042,108.6260818616422,75.5055319528151,-30.735132794891793,133.291286529658,94.98927261875725,-32.44107378165762,100.53466930979239,92.76620029088424,-13.449755471112656,127.07799453133241,84.3734184954866
1,12,0.0,0.0,99.56308834455179,99.55309803643952,7.20096706082194,62.97108702029369,95.80580598645766,32.323935989514375,71.38440719091903,111.48652871785954,44.96932454025419,113.12527716272359,123.8750059250985,9.572363717059632,74.20865130606238,100.66737348680272,27.115504565333236,71.6705317998935,116.93216951481314,48.64788082987151,77.61682790650892,85.35597243208343,3.120243562403399,77.50575940515087,110.77767021024317,40.82207081228087,84.92741854188836,119.4812349694029,32.20854964408171,102.37302731367583,94.79254880472284,-10.020901589222996,86.11205087290672,124.99841220600561,38.09312210621365,74.28837435830357,113.43277945449472,42.39731040910402,110.93232613847536,78.08015779127324,-38.232575785204766,122.54127463445124,97.93030051029893,-35.76940934485266,104.07444444749005,86.6986154522723,-10.132074348776655,127.7511274782813,112.44525489802197
1,13,0.0,0.0,92.1950845016079,97.76111810161711,2.356509855511723,63.63176848755366,92.54289646137487,26.860416366877597,70.70469482851921,107.51748461358352,39.86085777576158,117.69597446651532,125.15664262438092,5.327240866077693,74.60081563977663,102.96394870568338,27.663065273082683,70.04716162388908,121.63794341095591,49.42511530121314,79.62898824869232,86.45264601307191,6.667430089024985,77.41666600773853,120.26732656437126,35.82451920054641,82.05015608654618,114.31500892530227,36.634786539311435,100.24999292582714,95.1299648243303,-7.203764589339849,91.69591484156335,120.17195218019516,42.01029150922115,73.79096510751855,115.97605018234499,42.85753017660882,113.14158774578884,81.8439524477912,-35.71041907827823,119.52386674465798,96.3405141614356,-29.64540532371226,94.36250472243324,87.30057855116927,-10.975991102755374,120.17850991205836,99.47124348426249
1,14,0.0,0.0,94.86699913743318,98.15943111885974,3.4030218285801377,63.63289347641346,96.14587354674086,31.68828948287614,67.57687659807652,118.86564896641704,44.981822007951784,105.99699544985019,127.9681328193764,3.8832058644728153,73.64716905178798,96.99842942355491,35.76875241479887,64.87415303283632,123.98373558782326,53.73457081768744,80.18816447790681,87.02229337784836,12.636374428034687,75.79917575893475,117.26051340684648,47.85564740468704,89.5148030597221,118.8698638208936,32.92043913344299,106.6647531496983,94.48699521799892,-6.916914574512953,83.07661219550869,122.58452475428017,40.728786744807486,76.78805968335345,117.73357977733602,41.83568653716388,111.77563611982085,79.79359771684327,-37.22333947279113,120.67756248627225,99.04988685406734,-33.062852700084754,106.75654602182323,88.5551188640445,-10.461522881668865,128.0853593420802,87.17371101176376
1,15,0.0,0.0,92.01072351769106,100.71693093460361,9.041786559721467,66.70344941115248,95.1665287741082,26.23955514487825,67.57255379947289,114.45948547979286,44.72349124690597,115.52904389210951,123.00132054748534,13.145519049652492,70.7659258921588,99.59162764812012,27.992430936130503,66.9072308369415,117.94542431286274,47.16274295359278,79.0123089813078,80.98247007048758,4.775250308861206,75.37492924843077,116.92873661962608,44.56092444954485,88.18642539229643,117.3977071364751,37.966754058432684,101.95039816311305,98.87307993199889,-14.531922423729458,85.73853760515968,123.79365715448549,38.70068261800412,74.87648426588538,116.95180023620615,41.4138774123221,115.52251780445127,79.8121215250867,-41.34325852665439,135.7685828993703,94.81771587668337,-24.235108295913204,109.13593212894828,88.22860142533744,-12.849680001307965,136.82742358248944,99.94189864819195
1,16,0.0,0.0,92.93585954438188,95.33678534644142,5.605563298150133,60.39786518848796,95.78785927823533,31.474728441571628,72.08828480209671,114.30140354984637,46.62336238906363,118.00670017790976,128.90389775868556,11.352544817794449,73.23653048116222,102.70598485839993,29.515261876169014,67.31245760850193,123.21691048936427,51.670720886297815,78.7287342100533,86.75516818558815,5.158093864780457,72.50697143408564,116.63866760524854,38.9037055260712,84.91265551149466,119.68974619010787,34.70642593886347,109.38904419647166,95.78346432788325,-9.459927453340995,81.05742117365881,121.48352854849978,35.04754259330799,74.87502852927669,117.30610108947262,43.79765063602326,112.24985196772103,79.08965220901958,-36.093472671483894,131.74897647810184,96.31266083246082,-31.37092672942632,96.91196127322215,93.33475171341041,-4.9626421098568025,134.23524619927068,85.431560148474
1,17,0.0,0.0,96.11105512158571,98.16171881355913,10.087308282838357,63.41929525579922,97.16632636270539,28.639636209867962,67.52986220846118,115.24328930732543,42.616913394378415,113.7089039716788,126.15143441731486,7.047117388332698,76.18673982214268,99.55063612568966,29.958645127231335,65.68971121728525,119.48007353588098,53.767680650269014,81.2729587594353,84.20537340221827,13.607015044197269,70.89492230187643,109.7071847549783,46.29496980854449,87.6806226825452,115.9536737375805,35.82329253923077,100.9451741817988,91.62074605868516,-7.52605739725112,85.56509953527356,127.51663108754099,30.223539796395734,76.87041774250223,121.96109002166773,41.4054862441311,116.37129578506546,82.81430282229637,-33.37050173433356,124.9951613628073,95.88994907847115,-33.680011311981275,101.11486730034265,92.71014471643568,-15.173568676005903,125.95240676877206,132.6760286237914
1,18,0.0,0.0,95.97850850616594,97.01926149720015,1.2420434671499123,62.29899857943015,96.30230719907244,31.074487189066023,72.21746819949337,110.24235415108426,39.3372794735361,122.26545399505893,129.3087926990246,7.412503843109894,73.44886165021423,105.15238329430957,27.990408686833227,69.61625314633602,119.94727857118674,55.08807103945435,78.02559375571666,88.58942227500448,0.7002938525381062,73.58792503442378,109.0784274517079,38.41741800099412,88.84295161824726,120.98934282404105,34.45767079381212,108.81038738055038,89.48523156828547,-11.015405134373232,82.70377023564997,119.73791967177668,39.00279310981385,77.09466156544373,118.868319343288,46.08009595049745,112.95901664660677,77.94315516819775,-35.93969874303719,131.4177686932357,95.30824940506156,-29.917979381869735,105.43254203215149,90.40652667018263,-13.68279419700551,131.32515255603835,51.180519340893
1,19,0.0,0.0,93.54958702092239,101.91612402594554,2.2791272745584097,65.17469917057248,96.00430509607321,29.11663739281728,73.56898713787233,120.08409871775763,44.065743360918304,119.02214938319754,122.95518445411226,14.85331222315235,75.62582387764168,99.44643186505053,32.62803893523454,65.01938512479101,122.74345344521288,53.38990749709307,79.45772317415192,79.11109798187206,3.0727871082593388,75.88971057108783,112.41304797382907,41.138141878805584,90.08958743060988,113.83704596073721,31.290834655316562,101.11123509791307,98.89961694661503,-12.846410661671415,83.94619190516377,124.53986810800943,34.705691884622055,73.89732993736263,117.97490915483147,41.59854455289736,125.63120660315592,76.07200505273383,-38.60211597836641,121.96133294742177,93.59327331160276,-34.61501870508392,98.96071313669549,91.02291045619384,-10.476482473954576,129.91277784338655,94.79869799398611
1,20,0.0,0.0,95.06747007025017,97.57855599030593,6.8844032582905115,65.60134753784781,92.01442677739948,32.38907051419638,73.00437840170564,109.96261631939628,43.122396343905834,115.76335128518595,124.4192790713808,9.846783948086498,74.8406362068315,99.96471982100022,31.207647695362446,64.9224637618794,122.48700290479407,56.926848079523914,78.65817067537478,87.92195709486079,6.362068038371742,73.61440408787598,113.41973730102414,39.85207539653783,86.89072691585513,120.35123316057785,25.496838843462818,106.56633543242114,97.59489434529908,-10.339389055566915,84.88210573243197,118.86171427894824,33.53002942017367,72.37863172366741,114.96992890164752,45.66694758303498,114.67174369722079,79.76257382080713,-33.52542419102921,130.4832510860238,97.65616068888619,-29.624539960709853,101.98272825309697,86.8661424266152,-13.07228403112,129.4438321376505,68.13949451684445
1,21,0.0,0.0,92.44659501110687,101.24002825304828,10.954549494025144,62.879421325757754,90.16744406324378,28.811392384434193,71.26510756505172,106.81636339332303,39.71681734601335,117.6803612138871,123.85016861322617,9.209069012745848,71.85159390648191,101.61381148667773,26.61412566127816,69.55226650057975,123.5312682024244,57.02263996205991,79.48514722019712,78.94124963141599,6.6506182694590255,76.05818186070718,117.12003851193528,32.666572737127524,87.14834423821817,119.32915531910547,31.617788582306414,107.36881305970546,89.8589413165258,-9.26190234132133,86.02438320904385,124.65588222964136,33.126234219435354,72.9892057763241,120.4646110611128,46.81200920501014,112.73377330180784,78.99389439290616,-39.59815596713441,122.60037063362552,98.9413684225997,-31.418741224968855,108.81271742366384,92.1890265968802,-11.392988186586996,133.00151164697024,70.23452634185126
1,22,0.0,0.0,94.78738645121769,92.90445974186784,0.1551766466007818,63.57756130365382,102.42026587286514,30.210619353671486,68.40251037824522,112.97134741899714,38.602286638516276,115.1079638498337,121.74445058669579,6.513596074933096,75.52278553216013,108.13461593114538,25.038544955390737,70.90147690098414,118.69566910430194,50.60295198522135,81.45200031341808,82.40593295222949,8.30160864738266,70.58861549891847,117.39411241718336,39.08106317426852,85.75221349754047,118.75745956610083,36.15770834232326,109.0607424087847,92.87346660985956,-10.36850750481436,81.9835445633752,124.39220005637387,37.877414598453775,71.6746268639546,117.89028880329992,37.131821802678196,116.32082690981741,80.09207809179483,-40.90564079200759,121.3980563790008,89.77690117738183,-27.764864330236666,103.69472179940746,91.44500279061012,-10.177041217758893,135.47092386897913,140.46371369755695
1,23,0.0,0.0,86.56832588284024,97.13268082957914,4.380409724997367,66.87556512866955,92.60764305481356,26.3228588504682,70.34933628122985,114.02986395778527,41.25152086637288,115.91983685937717,120.4180444995948,5.761185459513486,69.84553040991578,101.7755387259069,29.34185872869415,68.91294349013889,117.60302651538046,52.990730912435616,80.2583192822028,87.3772676585597,9.332337631560996,75.20962904123047,106.40034930786607,38.32803944856745,88.11959226582732,119.14958040831559,27.625318109312936,103.9865743654239,91.0480283053787,-12.173139341168671,89.03297341207951,123.9212040400995,37.53382646787058,71.75193791605768,116.28347344239414,36.77550065585315,112.61152403605175,78.82502909572821,-34.01490064107646,124.08891163775705,96.89733537795978,-29.52168381694906,102.2858239999065,85.52320325261209,-17.107824739473656,130.82900857794237,140.6259147678875
1,24,0.0,0.0,94.38003052213155,98.4363992026712,4.472954331988945,64.32879699391445,94.4923245136728,28.366878525640935,69.89292343293573,116.21626983967236,39.65279394728284,108.8727532011596,127.10034195042442,3.7922999329428224,73.25610400764957,105.2928774117013,27.182610518399347,66.4779487963341,118.35929958596715,52.42476704645773,82.93587558178281,87.47379673995947,4.72736092521121,75.06390341359122,117.02960233620524,39.74583161544608,84.71164667577408,121.94216427456143,28.005026844313406,101.58675806235732,86.91526428062932,-10.511407483657209,80.72588142032443,123.74214635935108,38.47296068637555,72.36621533099739,117.30860757183564,44.95932958392638,112.07381013920332,78.02493964185211,-37.04171025626172,127.92698626913746,99.86596274390907,-30.49452245199538,96.9769694329949,93.84774452888844,-10.466980407428538,131.53992862252403,112.72413776921695
1,25,0.0,0.0,91.69350618109658,97.38782521465112,1.5067979997022096,66.2680736732442,101.97558040268873,31.076825306276028,71.2574025743545,115.4081505339986,45.481706215283765,116.21043570825586,121.95281056478301,8.302933793554507,73.17993753066244,101.07776688292292,30.224686768309144,68.44919925107008,122.56749758666184,60.28252443092906,77.88624127865704,83.28783788227105,8.841149692440867,75.07652606771894,107.76130689444057,41.305707091973474,86.74646245760894,122.26418980736375,29.769550426250444,99.80704059269185,93.91442814768129,-7.172468508987589,82.30772337649081,129.02688559683725,39.64761651043888,73.27344655536415,116.39346631413054,42.22812357555185,114.49579255806093,78.50129087520351,-34.58487052903176,131.43921897607896,88.22497626701303,-28.066013094223653,100.56066454809431,92.05830185422738,-12.942158603596749,124.83203462354484,128.94127077745014
1,26,0.0,0.0,92.56508528187852,99.3544077036785,4.068316959662379,66.6143452766819,95.439801868667,26.36602807118237,74.05663715521501,114.06160392636232,41.417211765457864,117.20381259551606,126.66093596798652,9.317359320017058,73.53193365908754,103.25596537331288,26.129248002253878,65.28487291055721,126.05620732253277,53.153036020034094,78.62440492368601,83.18325076302297,-0.7790694143880303,76.43269957039222,112.72268170333173,40.74167170246414,86.28063894018041,119.99843520938097,28.192622649258826,103.19395317868556,89.15422478817956,-0.8952994553029754,89.13424288001677,122.48958069405899,39.399012084996656,78.39178987140049,115.91949424077663,44.46791313281921,114.66350594162196,78.31389564681561,-39.704993552923945,123.98689525002423,97.24006336526344,-29.468556784801596,105.13094926316164,87.89981701020761,-9.730436391136516,134.29751288534587,77.67262350270292
1,27,0.0,0.0,93.32842323031956,101.27190938812535,-0.007237734294436748,64.84797058993935,94.80874173664542,36.13024410559322,71.06538492815953,113.05127464417495,45.53136320561492,114.04516084542838,132.94143687677678,9.247552866545398,74.96247039600358,103.0059606763215,30.19120229344495,63.050577997873795,121.400435634251,52.37087865766554,82.45482436034101,87.16794156645994,6.709932208540699,77.15816209275982,106.97637675360804,39.713199520244565,88.27369226221401,121.1648803355403,34.20837375964325,99.03586440165368,89.69649508961324,-12.631748226380665,84.4568693466122,126.49748123156851,31.10843176475265,73.49263144714806,120.54071941085978,40.74018664966974,116.76887293616137,79.54395107574962,-31.166443176149606,120.09452607205937,96.54265547571258,-29.936386200706256,105.0787461375441,90.04017747868996,-13.05019057155786,131.27081685536226,113.86862342890547
1,28,0.0,0.0,89.767237429745,99.64582623840201,8.50554725737797,66.21741587832932,95.83072407142791,32.722043677654774,73.29651228036077,115.90012973584564,37.569525798315624,117.53787552046072,122.94800961384146,5.916337471805747,72.01411754770608,102.64271979973797,30.251750633794543,64.54727303531861,121.88143154013675,52.699618055525754,83.51158265296053,88.77260469052094,12.652247559837633,72.49360101689396,115.32537138611492,39.11672672080998,90.16159330202179,124.94426588363537,34.25243040071154,101.21661944772829,99.33309083700885,-14.50140819964712,83.0492819650597,121.27654733756846,39.183345813559875,72.8136826432446,118.0478377810082,39.64802142765632,113.02927231442504,79.42865639134556,-34.38386509042274,125.40191941890023,96.86867826268657,-23.62501699132848,106.15378167311111,91.92963456798635,-8.169236851157653,131.53706108582534,88.98824116417907
1,29,0.0,0.0,92.5538615552776,93.0986408747109,5.378530856510714,65.25566159176513,93.20427047704159,28.901728341347983,67.41023628763462,111.81105236223125,45.43065402721545,115.03145521153873,120.20464810167988,13.70378451544519,76.96520416003779,96.00416560655628,26.779004801394798,68.45739694987358,128.62928039350385,48.34233054766429,78.214839400581,86.34430300830225,10.087416296009621,71.98509194874167,120.68611370101732,45.01586650782454,81.69858501307567,115.56062738355642,33.38093516213248,103.08812858618482,88.58863164029053,-8.714680441218281,87.96646705289398,121.70535852074869,39.0719956592614,74.69558499162534,114.66738637226328,45.087692859617,112.0724899671941,83.82779617863541,-36.078360579783926,126.28627739699,92.80789407844854,-32.711390241219846,102.07427670589585,95.88302007273342,-16.45270278758104,125.81517224905214,32.07522059186128
1,30,0.0,0.0,92.35872570596004,100.57302675383677,0.9478602802355036,65.0449234339379,96.46983751983585,28.2292852582238,71.81904964082182,115.10901344554249,39.07960763998225,122.59368126330223,124.25895049846584,13.144856756609132,75.57327899939244,102.79550414506781,29.8301623946754,70.5732356433587,126.69887753113672,53.82766582714229,81.91697969922348,87.29677420422773,6.954939516278721,70.84195569360001,113.12002204105926,43.800438289641704,84.90919422970084,121.08613795188307,29.54067327109054,97.4963953191273,93.37431876596654,-13.949639500449278,81.58004981647234,121.68648466876527,39.14779038108862,73.01013049350853,119.46129654847283,40.26159785632755,110.26306322952958,81.10832961728283,-35.603100149157484,135.21178362342346,92.61738619475163,-28.11598193901351,96.27316486437338,89.75415811431925,-8.526912886384235,135.13496921884814,91.01756642044077
1,31,0.0,0.0,93.06845236833473,99.51961833753693,2.331510187160219,63.92520435906591,94.99968342319919,33.90513908851723,72.68238738644678,119.8265178268047,38.47551765299775,115.40371046577404,125.45045553768045,8.412887881536783,68.85239709893237,104.38032606680937,26.079848121356385,70.06493116831857,118.34716318473274,43.40732541229458,76.61964017787363,88.67677563768936,3.3095317604694574,69.77017207032925,113.8690513344093,38.929807844080315,84.49137950660078,119.72467716493921,42.03766802308673,102.48989977708874,91.23766755001284,-9.822448604457145,88.88587880053173,127.24209590222284,36.352703152808274,74.8393693784739,119.18334308892257,37.76825917253508,117.98318225157021,76.54022359613953,-33.24032685121142,126.24432511371906,95.0142161308649,-32.32567829900152,103.73237006160916,89.65549290017371,-11.698847108136826,131.93518808377186,110.95409147864417
1,32,0.0,0.0,94.73480305166419,101.91236639509866,2.3901452312195817,65.94431144917216,93.2222232442345,29.543470340287048,73.4184464903026,113.23992455968892,39.3861796181494,117.92073497191718,130.18485982509483,7.508343813013462,70.77876655782214,97.8932177018565,28.29045489909949,69.12325859575657,116.57837021180758,52.82457760436584,79.59209615528685,86.30450045953957,5.092133683370915,72.24788621807035,114.03168975768719,43.27400415149062,85.75469353583108,117.93758686639679,33.13938123850239,99.39098377895758,88.46611835162986,-10.547543650912377,87.93653618475692,126.63726664309539,35.10355645924238,75.85290025239998,117.76978664432596,42.97584268810063,115.20300082641934,77.78643082344485,-35.47828731892426,121.43017406165852,91.50367299362874,-33.48863090477022,103.7750668961064,93.40016906599624,-10.022200192085249,133.5543642070171,103.85657393009953
1,33,0.0,0.0,92.87844069244883,93.76399552219911,1.4671257207740798,63.05604108428654,96.25499314202479,29.091939506618747,70.44247493802628,110.24510121234061,45.92697095219758,112.32006935049313,130.4216101402641,8.884004506893813,75.38116657667231,106.47710299341315,27.984212496939396,66.66526529587807,121.06181369827796,57.22035874535519,81.45453257741983,85.2249444286553,10.26905241832117,78.3917646418892,113.44180942682414,39.402891475038565,89.79662170839961,116.4332678239442,32.39128420368163,100.53234560080408,87.07223199535856,-10.895707854789475,83.32715644691912,118.6069219448467,36.06332588759462,76.40084653474874,121.42320910244965,40.5912008365281,120.97057695182248,81.20603670800614,-32.52787264628269,125.57503843512269,96.08282271908219,-35.503134673275426,102.03841488748783,91.3638401992425,-9.829136889993077,131.9936115485931,100.7480360149565
1,34,0.0,0.0,92.43552585080556,95.84190325000122,1.8775361844550513,65.09384324463286,100.24617856424108,33.16536911822041,66.79984733870917,117.95403788986388,41.19171323268109,120.70754272501307,121.76367553379146,6.469152577817145,74.56508890110413,100.67533760059885,28.92130011838962,66.91536934562552,123.23814798952571,53.16126894982478,79.42062038327542,82.63317223589047,10.891685958649411,77.06285469588451,111.51729511602699,46.346875812420365,87.5650911982802,122.36574668807535,33.20984081044039,104.81069342299425,91.54407538790872,-12.270549991166627,86.66891315107566,123.64809141938952,38.0060891405114,71.95749796354934,116.07191615645128,42.64360498652115,111.11149042868453,80.9168290673602,-31.225159937768616,125.27200723701849,97.46261217951105,-32.18763427409622,107.03255614798708,90.48183045606669,-11.000717058861017,131.87403867817102,99.36506277280208
1,35,0.0,0.0,94.72175647547698,97.42084357267343,-0.9215493595429951,65.70030537391563,101.38056467236837,32.0598914406612,73.93423478131058,109.92955582777853,41.52734207880467,114.98126539791888,120.7458690470171,4.5524177699364525,73.27695215112875,107.57803250655635,28.666435692176396,70.44993220231694,125.3445581263342,55.78992798344083,78.42048036267883,84.17547596805034,11.303638022878756,73.42451541581748,108.72424543719272,36.95332727795279,86.68821783699046,121.94148077830471,32.271722074158426,102.02758023433724,96.48200332203174,-10.614048757952625,84.34091507206647,117.2839702732369,36.90801170998824,71.47288161146882,120.45244330350243,44.005377335967225,114.0536088109885,85.78919075327863,-35.447912248968414,123.10865267767288,96.56406037550322,-30.27412639455826,100.15869966599766,90.34851341212823,-11.575016132315696,125.12104273642092,89.34157054663997
1,36,0.0,0.0,92.82162409566075,98.03229323096825,12.3683335352695,67.6368741697074,101.95549089413093,27.552125939500602,70.7083372118758,113.09172003001679,40.872816659358875,112.56338251567784,122.34443499159723,8.561855314623015,72.19910245744254,98.8544002729849,23.434736417112163,65.94511712876604,123.31859845707328,53.57037826114925,80.69971310360859,83.00881862917063,7.655363708261483,73.31487205831796,113.50680973049873,40.51782854198521,86.59374714090411,114.64160126802149,35.86189168804034,104.6650227323208,93.09259444042685,-7.850091181111329,86.16098534888019,127.06063416501009,32.90904205241328,70.24655351598479,123.81196506214768,41.45823378952798,113.01086234720192,77.92586676549175,-35.900469742456195,124.13371063003382,92.62211289157402,-32.56335552347393,99.53857700455193,92.36152408239865,-12.518657989337344,126.18252638797745,118.30472100443959
1,37,0.0,0.0,91.72829196210775,93.60215184747577,9.448350780032715,63.32752268401312,98.83765873919835,28.533019626366382,72.62992097063274,114.00157800779897,46.00759678187142,111.87909234453357,123.16464589509769,7.215013693544755,72.21209581903435,99.67071405045472,29.53623356487732,70.09018444601047,120.94323905556521,47.53011514699829,81.71021326556946,83.30490168714142,12.778651849664216,74.41812163097028,116.18810696967735,42.429167321831166,86.55172494805667,120.17276534892184,36.02128538976172,105.75982783308619,90.46303690152136,-8.055962924224401,88.8704983797653,129.957797438483,35.41035675651789,74.86008307876789,118.26055259084391,48.46298203589015,112.78428864092146,77.57496429610165,-33.23678609537541,125.73684882081474,92.20869555325298,-29.303530237128015,102.00625677279606,92.98526650701403,-7.0830686028492345,130.69680065152798,117.45857494197078
1,38,0.0,0.0,90.88003778995878,94.28259522547091,2.54429313047947,64.90762572221391,94.84786677723231,32.659107610498225,73.04917645770699,110.55788961547417,37.69401264479351,112.61762348530934,123.24178269968394,11.398921636773999,75.16680524113269,96.80627954819265,31.13987324366105,69.31058398078838,118.95591497670064,47.35574221334623,78.03895656277598,84.74425043869417,8.496035301374986,75.33478958609365,112.39904604229824,39.70500101646468,86.58651268543177,124.91215109898019,29.590951102290877,106.33644444140617,94.88464624662967,-10.509663878819307,85.41570716113667,122.83136798124912,39.58348589756756,75.46263690032745,118.85995463227862,46.71345193175748,116.99573437088982,80.69115066305459,-36.45804920886702,121.47143381142752,92.53280185454476,-23.045008501020252,98.75069985173752,85.6327722653056,-12.7734414877822,126.5085796048679,102.65095657028296
1,39,0.0,0.0,93.00570596993883,102.45088130060637,3.588037346912862,63.29925652620204,95.00388139393804,28.169108923567794,70.76732532492417,111.63187373943144,40.92192574065442,111.61247585130756,128.5564922587353,13.343959955481498,74.59590579518398,99.22180683143446,22.039297975315975,67.05364729049987,118.46395049190696,45.87459134917556,78.55732234658687,86.10913116196491,4.995895291304588,74.54009460397684,119.2207589346635,40.97130022092236,90.17923941699617,120.14704438948247,32.177149863847646,106.32469833575892,88.1711880185307,-7.104178210201953,84.40391488769468,115.67556343026098,32.40943765983888,72.82865546917728,112.9485587162699,43.21233455190934,115.64363495375989,77.55832391896824,-36.360351058137304,120.41618685325906,94.03174287177949,-31.313047426403134,93.61284024149612,86.09602657495722,-10.538924164933487,126.19679889140102,118.02118767534226
1,40,0.0,0.0,89.33447192413755,98.71124698423581,4.16551514522703,65.54831063366969,97.5810166192376,28.96213164025837,70.29478402510253,108.15023295803681,45.16999680447813,120.8510615242101,121.87146191652914,13.469550955851815,70.17363654059652,98.25030123896808,28.13512672433015,70.10292927412763,116.50186055971137,52.98587354069296,80.44650967101325,92.39699439588365,3.110004303943928,73.58677480929575,115.1760901713858,36.04749130514837,84.64645068071405,120.20643374430381,30.446546333896954,101.20681185103659,94.93163506269319,-10.173343395041847,86.38693086656255,123.73200784291666,41.6962367590032,74.72013610694572,119.77390498726953,43.47499848863829,115.96316012689033,75.70427889542847,-32.869360080249486,122.66172634547733,93.69174743210542,-33.516099458945206,104.89718679833975,89.37872774050983,-6.454023922491769,127.02781339408608,136.74276090621362
1,41,0.0,0.0,93.43534843634842,94.15724493865706,2.4533260512960995,60.97836062445633,98.58793904764819,29.61518700551554,69.80151838179172,115.52000187525522,38.03660724046356,121.28845810425855,123.10863221624511,11.711390743719175,73.29170145884052,99.58108707460079,29.286288862439076,66.3307790997486,123.29804108153203,52.4641837382829,81.16479593990711,82.41584677311886,7.544912378041968,75.94996528937766,114.21373923794077,33.42614805789577,90.18158553772531,119.65291372340087,34.85391697353673,99.19577260727398,93.07155574785828,-7.488344390793097,90.8072022607062,120.07303920776619,41.843977267384005,76.9147595042251,115.84114967427497,44.92591586069791,114.86920110427496,76.78224535309846,-34.281021012624066,134.19060642633175,93.29634718633774,-33.9887512445493,103.66823430731402,93.08316912827708,-17.388211584749364,137.81986442914868,113.40441124117572
1,42,0.0,0.0,93.83323083259602,97.71403177358438,1.6014883898642545,63.46092800668447,98.45958790736339,30.20475698253643,69.35489991734025,110.87260539589835,37.30358699828361,113.43457049300746,123.46596381615727,9.073901270348115,76.72280070636538,100.11963711310635,22.912261129568268,67.4595312250055,118.39612404714524,52.35322783890158,79.07862019114444,84.40895684622717,6.138345336478038,78.29450739472051,114.02291274017453,36.49169747385408,86.06229950919877,126.40655532928422,31.58023794022953,95.19567451950189,96.78271570522841,-8.72623086880049,88.39179487317763,129.1817762851771,37.70264707712637,71.4155285845132,120.76118231036192,44.34438457760538,110.57670376974643,78.03973199220125,-33.689057880263526,128.55369197582328,95.40790762074157,-35.38388973231345,100.68463792465894,87.59273752384051,-7.596307727321639,132.06006186110483,97.29325028662494
1,43,0.0,0.0,88.42136288183175,90.1012791186758,7.606070109917283,62.325231819458324,92.06000480017444,30.492856942081737,74.5109087155152,108.41987909107542,41.782830599740905,114.66281256278612,126.43808964243985,5.029244881109827,75.28232079409784,98.69251413038455,31.593859927289973,69.26050597429769,120.02862100679454,55.48046847354438,77.54248936595467,83.57778894763446,4.049411962314546,73.92755763235158,116.87697632424621,43.7612378942766,85.43389104834827,120.81040765760189,29.284354203196617,100.88794057162274,93.47896450031479,-7.286381043986109,87.46787183902308,120.90517200341165,34.62125066776335,74.25369711100035,113.21587565612124,43.74254353983028,110.18082849798498,78.75770441670852,-39.34034648399131,124.90470487263423,89.85528681374235,-34.040125685775386,100.80515336261188,91.7551888001922,-6.564381856457845,133.55286581956696,100.85722333517401
1,44,0.0,0.0,94.40069105936587,100.15265361470401,3.5232195735859695,63.225367596664974,92.82396304044066,35.772889665502674,72.26135652057867,111.65327628245325,39.00127289998683,109.41748892581286,122.6683124774593,11.421990594641178,74.09330399778655,110.70391399270225,32.47550840006089,68.4983515718894,117.29010571324363,59.545631795528976,79.46615324795394,89.02659413292942,0.5987345644272652,76.4427120665294,114.86156374092793,44.349050983963025,85.12643975679578,119.07752510800364,33.16859913546348,97.69360573782266,93.10133292538102,-12.526505546830185,88.10923716555718,125.72841716368586,38.76223801639401,73.48833999715394,112.62113975501615,46.145525878792256,114.06448097325546,73.58155695416603,-32.79914676294703,124.91357379841416,95.43717167338997,-31.632375678860566,98.79408570108085,93.28594884389341,-17.11794151818002,131.09291097408828,116.94740786272789
1,45,0.0,0.0,92.10758936115532,99.60338437168205,5.99661682463171,62.83140559454985,97.0593813926091,28.614555146909208,69.3150430645142,115.15076510133018,39.26615109738622,116.64491724598295,119.7117944205738,11.748518782118754,70.5301383219357,99.51283054005165,24.332584070106133,64.56698150527268,122.82395923281233,55.250362186500425,84.04565693441742,86.6577521953769,6.406635710800412,76.23575136201185,113.39314892208034,40.08852698163703,86.4133588185594,121.20330481323613,33.524924315605524,107.04235492650608,89.00072916371201,-9.3968127258045,85.56477537876097,123.16220906351465,36.27436027667118,72.61849476015966,114.55967518008127,39.826707731432116,112.47040215295135,83.02205645172396,-34.4969636859103,130.15946108664917,97.53549138583016,-32.016671795906106,99.23886126972415,88.89984881918573,-10.82217473864611,134.92687068931414,84.29160932861184
1,46,0.0,0.0,90.216148934123,98.43771018504978,6.42387842993703,66.64101090105916,101.23989372111593,32.715320185348894,69.12018624994623,112.24237682217512,42.35264567206556,119.56927772224864,117.27911661944819,12.782788743883845,73.78296120295711,106.03251481108259,23.86218042816578,67.3753164520399,122.12766837472417,52.72558440334868,79.82810191541128,85.85007993056452,4.165189715883699,75.4586492327525,116.20850838391432,36.64986276265135,87.20816496862302,122.1186159414145,35.80967763864623,98.02909578339464,95.46617931452053,-9.373082800997219,88.78998582706531,117.42851832802421,37.03981740315998,76.85164892879018,109.67111752568604,40.756691426685194,113.18915918027031,76.05657232058918,-32.92565352398751,123.80274610554517,102.26744012065555,-29.379462385564867,97.70566420392285,97.60810934236208,-11.996207430028345,127.32975232647856,85.48466863313692
1,47,0.0,0.0,91.37388858496692,94.56131357132179,-1.1682950693964225,67.28655078566645,94.95201123757226,29.618493984424745,73.51811506842765,110.17680380376922,44.064544237806615,110.21730464095774,123.12795823047301,1.990444291322115,74.26364113125504,102.38413374156073,26.89514732865798,70.98556783200179,122.05233563743532,49.78321876579917,80.8257280394372,86.88649650419227,3.422128197929804,73.48857801618226,111.28277003742683,38.55999974294822,86.183022841885,125.41470018114907,36.02284176333909,110.51729533203144,93.11191407740736,-5.348013915818627,89.84203879896089,121.27427232185437,36.9431589029184,78.40032989578691,111.4962539917122,41.642778051128595,112.63041940550343,77.11363126529692,-35.47114426126324,132.05267559082867,97.5497360467543,-29.28942440235811,94.73051826143829,91.9332498590915,-9.62948577682419,130.21883114042092,117.86935504287202
1,48,0.0,0.0,93.0993524460656,98.4114760936787,5.6782773945502765,66.6776459927577,94.8864727527989,37.44820369650543,74.1724168569882,109.94054957697324,43.23501577225228,108.97838221024358,121.69256461145758,6.902503071347613,74.51804023058415,105.40758060434734,24.79436101244702,69.47176348186524,129.66644074029574,55.69933459076272,74.64859206600434,86.31400055414639,1.948497313317854,76.42562876930945,115.60046463902142,40.927708912640654,83.57170358971767,120.41773361619512,39.935896532797535,103.61420134407744,92.08594025306459,-8.118297820276373,85.53456720114214,123.96385991923908,40.20004214279142,74.51650520468563,111.88380895183113,45.52945006411587,114.34446565365259,79.84466377826158,-37.9051005156569,125.79544981480652,97.06595949242515,-32.08529775294897,100.91572763630174,94.59929253535566,-5.654854851051727,122.42991021145576,97.8037581608217
1,49,0.0,0.0,97.8044672498435,100.05005029127474,8.364149221261998,65.88263439070144,94.87387732643586,29.255041452367337,71.72525055954651,113.07591875012066,41.1617126726846,116.75692304275734,120.87537086540064,10.859329330214946,78.92833432391592,108.025750921835,30.36253827293794,66.77472314917853,123.49962790756933,49.95017923292471,79.14612778173345,87.15039819685026,10.544044085185861,70.13857704576078,113.71889716673613,37.958001447962396,86.31119276300632,117.73314939716167,32.77322149602373,99.8150283709713,93.02285986620947,-10.913913731871517,88.46731955986233,118.25129039356318,37.18404575153799,75.60967501346775,116.87899108637463,44.38942185496763,117.46921573239648,78.94326356684084,-37.07630637646403,124.97220175394146,92.41312199715648,-30.843308949673933,102.31073437601187,95.02318522962115,-8.28087726521738,126.63259788891303,113.5609747167663
1,50,0.0,0.0,95.61709298902811,96.31830539995606,4.571681366035885,62.26021900525929,95.3030868489336,32.88102118371089,70.16029318918021,116.8566755836488,40.62147033719732,109.57383564479419,125.50586106095197,8.886722555850529,75.31164085714195,98.23367204127348,28.043882867377135,70.67133922567072,112.98670637941446,48.46129932590804,79.98617287835877,85.8320486398759,10.574215870818998,74.85330668200478,112.50008667147378,39.83847640930237,86.43147779834885,124.3086918049324,30.336692510624065,102.82639567952826,93.1717970917979,-10.371108522017662,87.75452077224378,119.45752277272229,38.64982808991372,73.7555615616979,113.22273640871857,46.202945763064214,114.3698076784118,77.7106178644342,-35.40662405898999,124.10506518882067,99.85818365686488,-28.392158769563203,102.52024557335571,90.10732656069645,-12.035819213949507,124.88102863606967,114.18128688402125
1,51,0.0,0.0,93.16949313273687,100.18379588518124,5.783072213941457,65.75060947994552,92.70355348264312,32.3589792228846,70.32999018241922,107.46782345976807,39.74440631157485,119.9276681130718,121.99634913518123,7.691203587862102,72.99532504944847,102.3439020732578,28.81828093116798,67.5379052403207,120.6133190826429,55.41529709767793,79.34710541194194,86.07753850481922,9.11874967388118,75.65467504595935,112.54835992489043,41.23988437504963,91.56830849875969,120.91074682766069,36.55322177988809,100.98679411958362,87.17528891011315,-6.294807882624126,87.34410458116554,125.9999352216867,38.56585455561995,75.23615994603001,128.84406482840373,49.34149712256118,116.16237447143583,76.41939709343525,-38.16548703739892,131.12536832976127,95.5001750064752,-25.996973983331507,101.30542921918908,90.71112923098528,-6.811158453637649,137.6055697630344,70.735530370686
1,52,0.0,0.0,93.83007093419619,94.95278000625251,0.45730958849977377,63.60565213643747,97.62007663293674,30.450934971103212,68.88495707525499,110.36861059226092,40.91229651890467,119.44814911899658,122.06016567342323,11.392282012419713,72.05072867981656,95.50691713126349,21.943068222398715,69.22823967009687,124.01896929534193,44.29565934019108,80.08288653664592,83.20785725232709,8.364064634581538,74.20536111399161,115.25344771600379,46.22844016204249,84.71995363009361,126.28787484067315,32.33978620956903,105.96396001251175,92.20447670594203,-12.095592448163812,87.15576659654884,125.20529277538829,38.45338057168743,75.25683750559925,116.72944838502066,40.73353493957376,113.5328891352472,79.32757353056437,-40.03463846952764,130.51881257457882,89.0106056695395,-26.665876728277937,99.27430958955398,90.23459176913862,-10.956101185686256,126.55329606645789,128.03245998416486
1,53,0.0,0.0,91.37941103259683,98.00307217541915,4.013292769665327,64.53698641750073,95.97147809965155,31.35024002541995,74.59533775699153,110.60067784618275,38.293249394944716,112.9086919969633,123.35042423755321,10.119511657810484,75.98716901090131,102.6557950715061,25.30730474273299,68.32115280355872,122.61477358751081,54.91463530470204,79.14909999117965,84.662361182355,6.771370627300744,74.71391903406139,112.40654051990873,39.83477830971148,82.61037395856215,117.2278591068844,36.61716515929187,104.98133609852054,94.26253468013415,-14.112044400797096,82.55359199584225,120.88865812613798,34.305318651074685,74.11387371501863,113.48580398179489,39.5933951404914,118.59822233171327,81.31940696200486,-36.57237616600377,125.4290919710142,91.31737769822172,-29.63115190911513,103.17155939956561,93.6633626658012,-15.580447645757921,123.79076626523488,110.45389651618086
1,54,0.0,0.0,93.71127089804911,94.78293014939234,2.903083242903746,65.71645778802552,97.34140751957308,27.288772577302446,69.73564914105715,113.30212970033422,42.54768114509958,113.41353563023365,118.30196154785106,11.661466621498818,72.9235327131995,104.23898047406446,28.166830023436255,68.99798895691441,125.49761109197881,53.12739017010335,81.73151490457349,86.7642509342844,1.2714819709718572,75.06664743143419,111.68140722851342,40.726905448976034,81.83785937810724,120.76819486861362,33.77874853258073,107.03625365167764,97.37444700013272,-11.755067786678122,87.10215625500486,126.64477331525627,35.624965795034484,75.46694500503008,117.50326584527441,39.38104025851642,113.69126280081872,76.29086445578305,-37.89592776649411,127.63776879842912,97.39314556103785,-35.991945933240984,95.73987455594083,89.30720074530177,-10.481584452224261,130.0800794097204,101.37125301421092
1,55,0.0,0.0,90.84745669261946,100.65156086759876,5.462013159528867,64.38721121174517,95.56413517451966,32.49401859546643,71.51769452976703,101.68868963129948,36.96504545076407,116.74902615036439,125.61794312046443,9.803629340655077,70.13369964960509,102.92756041247561,26.26089577784485,67.92137765670898,120.38630870139782,55.41336759395869,76.39203021879223,85.40123635802048,0.4124038588400465,74.68246524386097,111.25533780357041,33.76351207831107,89.71467451914634,116.04693371379825,30.474938298754576,103.85002954926476,95.21082408249903,-10.4304078515307,89.88529464794208,122.97097477743242,34.873475080449175,73.58050468034764,121.67834698706234,46.98679950834743,114.95855681786583,75.06469740779539,-32.656995027641166,128.38503478252764,95.70948787906958,-35.865354675187334,104.0539938822888,85.10833960356891,-8.868141356831526,132.85692151773026,72.55990086363389
1,56,0.0,0.0,89.98187446947178,97.48426320775928,7.141691313022766,64.54052453258574,96.24886421966549,30.749121025011405,68.51264868064114,113.11333843261423,41.74537462227391,119.35089100320528,133.093476330406,10.830796325547183,72.09830583896115,100.95601939981638,29.272311329635848,70.30330860824172,120.34267049579658,48.741605365845196,77.68532954992975,81.60021987703783,7.642873452586202,75.68777077578441,120.26180286024079,40.411891272859506,85.24863274327973,122.57643529923101,33.35433545455022,104.1547728042179,93.99256533863203,-10.000425719297033,82.51782638970778,129.4469815626318,40.621630091969294,75.58448833563195,114.55066231719442,46.12363133487777,114.80986548823363,77.93281749195535,-44.43466472343773,125.40598780493472,98.60587323186917,-25.688709122263184,104.90698013785322,89.78037128344522,-16.8792426867312,129.3925149120875,88.94455101479338
1,57,0.0,0.0,91.85940711728188,97.715681904541,3.4494172624377475,66.35983065906535,92.55813104431982,30.493752583403385,72.85736882635301,107.61301266991218,36.68825412225386,120.9485519969258,122.43044069018747,6.418450693208341,76.65895280484183,102.23687365694957,25.21803330426715,67.56509964075426,120.24918735080928,55.89246236893477,73.36450283608823,83.04888339319751,4.12073424737664,74.5779812452746,110.95316946714526,39.494392220036296,88.00098317048872,119.62133776006968,31.085384663348705,106.69794104418237,89.453959578082,-10.250809881016995,84.47452075013234,116.80494458799204,34.71169926092692,73.75450696281844,116.85213758033454,41.905219607927485,119.88347187203179,80.60510525792722,-37.73741572462942,128.22621329911178,92.9915214964284,-29.940509621678196,105.87104810109118,94.11961499648703,-13.704333936316454,124.57005022935378,102.32812196860694
1,58,0.0,0.0,97.5108601947838,91.01792329184212,6.1729743204545855,64.21285360388828,94.54403756818213,34.313285759437605,74.46132711153551,108.87860871533907,40.96718222969156,114.70192553111517,120.93669221217165,7.04750068420274,74.08036831104118,96.20950729600331,26.1975470668591,68.96356238511096,121.79981425532536,54.38090401436709,79.90751438270242,85.24647111800357,2.5103523695108865,72.66771886037102,118.67878866319613,38.795423314265136,88.7903547058035,116.61601813966118,31.809476305436654,102.96394585496036,97.23738939036065,-3.9782137391788757,87.86885381176508,121.24509589401063,36.506796783600095,76.81922129476318,117.29432745299873,46.08561067106881,115.25808512630532,83.36841122517318,-40.553543562779886,124.97491455115623,97.96897787094939,-27.763882051883073,107.44249409058868,88.14867947202042,-8.688458865337406,136.10067365237114,121.49237559265819
1,59,0.0,0.0,94.86146463311441,100.55312988495508,4.340934059844616,66.09600647968817,95.10136732534609,31.690509038529118,69.9215475210386,112.8599082990918,43.81411976045602,112.25013955636989,124.94796307650668,7.8704473646274735,76.40504216095539,101.86073159411109,30.359578399976726,67.34824814394152,121.91208558697542,55.09187578423471,83.0578483579932,90.24648122467948,4.785191772259332,74.50392273263388,111.45926033591655,36.24843755862594,87.78941705871047,121.28407597196706,30.34165281016462,103.6765820078354,93.91223285193311,-10.656153880530544,85.27922051242973,116.31050001411414,37.49388624410505,73.2354631667441,117.74283942511629,47.15138049811417,111.05588570871481,74.63955288395377,-36.99217811289773,129.40288482065262,95.49501765369803,-29.848576190554972,102.75100838282424,91.34347488018744,-11.599933469583174,130.89442516588124,128.13886592405734
1,60,0.0,0.0,96.80405757157007,98.13272457023038,7.620724255889286,64.5612063319132,96.53404823929581,36.288870439271996,68.56382510831546,107.20507236739049,37.858522700760126,113.98729899580194,127.04603751201162,6.35387120885077,72.67063911136968,97.65302007003362,27.531253749850208,66.20503089902574,119.82480635398575,55.95727070268239,76.51243212385755,87.9252086512806,6.943457191576255,73.95808326558863,113.25858456292605,41.15442699692886,85.53777776866228,116.4583102234041,37.73158064144101,100.28717835360334,93.61718250952663,-9.566272727442332,87.38842252458004,125.29361496880122,37.399166687845394,73.31758737866745,115.25525566434442,41.654500433374764,114.74972429658764,76.34948489271746,-37.54304703229659,121.89537963056834,97.13236383058201,-32.23815971930476,102.29635522680499,92.70514934233364,-9.212464059347557,130.02750920180733,112.76233385070293
1,61,0.0,0.0,91.87859576777666,100.26932122731759,2.1793641051970463,59.58129577768137,93.29018468945893,36.31453407040517,70.70451371691503,110.5593251070119,40.10979684130336,118.4270229515331,119.9644439743129,9.382155550125567,67.27941496537701,96.5684694310728,23.61088742951856,64.61876845620516,117.39272119500536,51.70156283845865,82.09397977334646,85.37761186597305,4.66709505275504,75.52283976312962,112.06209622352785,38.099669579142336,89.36931941691974,116.95275933650989,35.504111745012885,102.37872396565793,89.37857844097024,-12.587869034244463,84.07422326858153,124.18241774524773,35.235700536210906,73.64878223020455,119.81787413215628,44.67034169660377,116.16558161362438,74.89863852414715,-41.75208087482505,128.1129621101041,95.98645578107217,-35.14073266231782,99.88427380142717,91.47758261975974,-10.290437170945935,126.88124169275237,114.45725793160057
1,62,0.0,0.0,90.13154277877265,98.69419777723574,1.5345685084003708,63.12740153168208,99.61780762632358,34.158236555291985,73.4009545876102,113.0839464974188,40.62349678085461,119.20913725720544,120.63325055059214,13.757662129365,72.68971028139553,98.61572811497203,31.122867632019137,69.70706449975717,112.31893216745863,57.85983188374472,78.22580192184239,80.35367270834263,6.706510848373694,73.143576820894,116.43632458465922,39.56977930189788,86.44649955472731,122.19020268291631,36.047350755987104,100.73622705833691,94.91115318596832,-13.046221395799964,84.6028685392124,119.9297091404067,39.723439537795585,74.22399363909142,116.7495810888052,42.99454401916206,114.81529464071704,75.89862143348626,-40.722315544313474,124.76744850486625,97.09474571956004,-28.32537387039183,104.19159330669464,91.97985205960495,-13.671007604355584,128.7914640654782,77.53925353351312
1,63,0.0,0.0,94.41484588380969,95.5011010820448,-1.1169499080469372,63.19928948384758,94.48859061355725,29.449159262055456,72.07620162932292,111.0003895511628,37.85661177076628,113.97594758787987,124.59949025850726,8.91269765894994,74.37639781168878,102.88706133526026,32.90669751450748,67.10466137151212,119.56262684052851,56.60803467850634,78.90517367635121,83.42355415767489,4.4912023935563825,73.02335734327661,109.28935581182023,42.50744650660698,89.72253739731119,113.03070621021946,32.9015936202681,100.43356975846446,95.35127539212024,-10.271198146153388,85.86503341295794,119.35850258314477,36.01769876106007,75.48001564750932,113.75558897156861,40.95168892162087,111.59913680632052,79.01824862446435,-37.55800640640106,129.632032859365,90.61806064677393,-27.537770305010692,98.86273084084235,84.30099525679421,-8.290427945079063,128.7981138645452,75.71080895724586
1,64,0.0,0.0,93.88872979382808,103.56808781073318,1.7301290769883395,67.09596545082732,93.22123766348517,28.559218936469513,69.2633378141524,111.53236219351527,39.71870122584935,115.64396733379272,121.63695418008888,8.227688190003066,74.72744334945638,103.90004257666878,33.660716541511555,69.96584601095321,124.24285212439065,53.885182476045955,76.86916835225776,87.11504657763206,8.380924696721818,75.80835593120787,107.83952490456548,36.17224847032629,82.97624778948139,125.27528860626357,31.47499706521506,103.09154626613554,90.97858771106418,-5.608798737243024,89.80971772289735,126.94571209609272,39.48413875299924,73.29485041394598,117.29530314666556,38.41845087193462,118.54658788130997,74.55421314631884,-36.05521279164874,124.86713889606646,96.31435144636409,-24.907771398034477,104.77853179197037,87.71185736039806,-16.589004012622805,126.84934555159639,108.20872360897683
1,65,0.0,0.0,97.33221668075606,98.91919945723487,2.6935252797158675,63.88094806733888,89.46723682179883,33.89921258237462,74.8051419498741,111.29840628570335,39.26277273504711,113.47134363872274,123.16682062078824,9.93127820631285,73.18138984190043,103.89725203946517,30.23103863573238,66.54110190614227,121.43007222847045,57.88502858197113,79.97856236721341,79.90472945365417,5.321815119539841,75.10233915310906,113.47792222520174,39.06385622832661,89.173549060062,121.43963243912968,36.856401791092885,100.79047696976656,93.35893764044685,-5.901612645554231,83.1552671007887,119.88583422555955,37.54487209967154,71.69762355192384,119.23301152964943,40.50529739934521,118.89774650059368,76.46739262854621,-34.054972045339596,129.67741121010874,92.90918385765241,-32.220345621993985,102.25367734163427,88.09023442775435,-15.436433441155907,132.32481648803426,118.35661578905007
1,66,0.0,0.0,96.39300379808958,94.9470739539198,4.455955876747573,63.75977589032315,97.9265020600789,31.65387342854108,69.5899010794085,114.58861333209178,39.90975697378488,116.87716524215321,126.76744570541489,11.59275002549955,74.54727876203069,104.61981623803908,27.06685260149018,67.00530883887477,120.33409239653201,57.200339733713,74.71251630768134,86.22152167139481,5.677834449106241,70.35757521692231,113.1648745209155,36.49015009948102,87.32244495526297,125.92566197501327,31.21969885825358,102.40191241403677,93.78346184257666,-13.439359030929145,84.17472896239043,124.56313257716056,38.81306300974623,72.00607751125213,122.03606701492582,42.82704944349905,115.03513768850259,75.0437562179504,-35.718747228355184,132.7228506978709,93.37543200237874,-26.476425464835486,98.38199778132618,86.03155848233195,-5.607102435964138,132.53334499994284,101.33999875053767
1,67,0.0,0.0,94.5620406320478,99.59447754149436,7.405115028754486,64.43020898215734,97.98731841502945,34.49183377783548,70.55295459914676,114.26495903467375,36.20217542722176,111.47518386149275,118.96509717824698,7.385873381134415,73.66107874102235,102.43242213409741,25.18462944836901,67.73056634710316,122.49075920628566,56.688952672411794,79.81302760991386,85.67995415219741,8.645973600863599,76.06133423583573,108.96685702746596,39.63852236562411,81.81819711627725,117.24399932395981,34.038785345458585,99.57683273494072,95.88686619137141,-7.964281884306473,87.64349152300035,114.85855529422903,39.02582181585612,71.8298711762675,115.0172522045018,44.92916061387322,113.55763932809027,76.30817891021239,-36.29579011645722,123.58811598922276,98.34034140528357,-32.00518004093689,98.95809894401748,88.0534320290818,-5.415670929594882,131.1932931677774,129.46616706783544
1,68,0.0,0.0,89.77853976286929,98.55028361867555,2.434492142097425,69.3963969687399,97.4601273982124,27.7254623889225,68.40114349627494,110.92765395469186,40.498359813023335,115.43043456054667,125.05129190525057,8.045365368104688,70.33826242493821,93.480696238679,27.101516674699038,68.23722410383859,121.4544408096397,51.39651141700876,78.99058424545002,89.81966202417411,6.89258790918295,74.86054076210237,117.76918205986493,39.81848252670003,89.1991033433289,126.65869640379171,31.771413943853638,107.93526211238749,89.71150510551841,-3.597332573170495,87.2831405315006,129.36455444582302,35.872416339621715,70.22725429239796,114.7662700709261,46.388452947678026,111.76530681766991,72.6797635985312,-34.316302836215,126.71396787961491,97.9697235362869,-28.951873660588443,104.75585130412637,90.02253975557322,-6.928949889573284,132.61717732237292,120.59136492509587
1,69,0.0,0.0,95.09268135412474,94.2272982320447,1.4427286641006605,65.19284657971343,92.578127714053,32.55173823179372,73.14997655792158,111.75942047118863,49.12625660972648,116.17184905003677,123.7987869731717,8.894468288382917,75.74330903148503,98.6152035681816,24.45457674495614,68.87872443651557,118.14505002694722,60.12914804613574,79.66755354354525,86.2842933437457,8.381148259537966,78.09384001535892,110.19571770813906,44.7682009225041,88.4193750153831,125.06548105677308,37.27206244203221,99.3830824716081,93.19449252983624,-5.266057805681823,84.56510604014433,123.68076300145356,37.003535199832655,70.99171485371615,115.53523004886524,45.29396284178235,115.54187047942263,78.24317163006582,-37.49282763058363,124.70834395123623,99.43084646938205,-30.403429008054196,105.49012741882413,90.96695896166072,-12.951972206006632,129.31595081720747,109.02937566861526
1,70,0.0,0.0,87.31337851993399,93.47902836986253,10.51834167859385,63.9931700883403,95.56521401992842,24.796287196742114,67.25047507323711,109.7964091354506,40.32489459005981,117.53457993217542,124.01357319897438,6.13089114314678,72.97349677975824,100.20557681860595,30.92913447903406,65.14373659297226,122.18228432851265,52.20624212567057,79.82993378101683,86.0052429440756,2.921756279307381,72.63725189251682,119.63458933292948,43.08387932148048,82.6897515112079,124.73663050676637,30.75334683599702,100.41463673285737,88.8337605162806,-13.073384004250384,83.83131409670187,120.60445317707283,36.81712397022221,72.7550207958788,114.96577484610695,44.223971418353436,117.34472620586016,73.45562790079055,-36.0454794354235,119.15516326293219,94.06434792447074,-31.05666715545549,100.05640121297807,89.78884142227272,-7.7157622080597745,130.975162082467,106.74384662783828
1,71,0.0,0.0,89.09867858611237,97.35257986516518,1.1189286715232765,64.77255251325046,102.03914646489399,36.7071793490331,71.58011778797018,113.59991932294012,44.70477950526908,119.62046451612525,124.20551983967991,8.958678910584752,75.94897173651921,97.93880350931533,30.203613740137268,70.6416804822692,112.89420978129546,45.43107460317431,80.70048843686929,83.37208886673329,8.257586089020581,77.61325998596146,114.61218344802965,43.97341343146559,85.5896846863105,117.36513065382677,32.37610089085584,104.30981082608334,91.99484759323242,-11.890754697461041,85.85055642134353,122.28354929369108,38.823891313648,76.28630253668538,118.66727445825508,43.96086677775879,110.67077025389099,78.27008684093471,-38.33539002296173,127.55904476209159,102.51175501924851,-29.40582788312118,97.96584394791839,87.1233544166827,-11.125434728955147,128.68823130617432,94.33394061892318
1,72,0.0,0.0,99.55273417852493,98.36317405100844,6.678298321678049,67.27881408154849,98.58643456739048,32.325455131313504,72.72491334020529,112.4969700935601,37.91509091788708,117.37602720182588,122.12444923964033,6.811061753962105,69.97607346895947,101.22053920083812,28.208192025748723,67.3512264211605,122.15066752488578,54.56386572961107,77.13259153876588,88.0898979887804,8.213169333696868,74.09785060052477,117.01385498736276,39.69742967339577,86.45747004039914,124.24791747842184,30.29465506949285,102.88184539149474,90.3175769117216,-10.642724142930591,86.67577191834606,120.75647239630223,36.939756959144454,73.4091406056513,114.14842114012762,38.0336438583948,115.32283546655276,78.52892511692933,-31.73030010600141,120.76380023536503,93.40180113027816,-27.189132614141318,97.37072376194659,91.20516293896917,-10.00515256292452,136.41942609941154,88.11347444616236
1,73,0.0,0.0,91.07676777102294,96.14474232964308,7.945894914907608,66.60122127567956,92.38252047570481,31.67297729043031,71.44415206897646,110.09467483755718,39.31447224323982,114.21563884882009,120.73746931362491,12.367802635017673,74.56374479663508,104.18857696427133,28.433942971283678,69.32545782760957,120.03157205930428,52.514198158187696,79.30642676472759,92.98827468619373,9.925473545074698,76.1271148385004,109.38964590908509,40.92154854039832,83.50418168980481,114.45879011688389,35.37458704997084,101.21909234160236,92.42774694132243,-9.876315082739545,85.96618307689886,121.62732214801731,32.42533735877841,74.6712080718963,116.85041605572881,36.954219084420295,116.17207436666752,74.21629335428221,-40.54471615999986,122.25806195481435,91.0778381998962,-29.310494765295136,96.74727716488373,92.02088323911768,-13.565027920511486,128.20926208385615,130.76249713113418
1,74,0.0,0.0,95.24832449654777,100.70779770084022,2.5662881790463232,63.55831091446933,95.64235999911729,31.305727551806672,74.32818570711922,113.59447788403901,40.83382132537427,114.16679228036404,122.13926425665707,6.633281710970858,74.88323675600816,105.9016378690912,30.14288139705828,68.91687115177199,115.74066342541954,47.50226600940707,81.52252187731897,82.1157425914068,3.2117083907968773,72.57692858466804,118.28693222850686,43.388797568151155,87.56122870985418,125.79350577112382,36.65107191716678,100.6443182580146,94.4017392905419,-9.898771823080187,85.13716936850335,122.77721703282508,33.70044288766192,73.40253220635813,122.41938267560043,43.33192458097126,109.37754441331701,83.06524184228215,-37.54797222197262,129.65334041140133,90.984537334435,-25.1164772874159,101.25950353632494,90.17808438541653,-7.645392371886809,130.25378597991488,82.62070890821798
1,75,0.0,0.0,93.71933352756992,99.32059460282612,6.6645861033779505,66.7527411730424,99.38603426335516,33.85495560460177,68.81386626488063,114.87519908265334,42.949911669190485,112.74605439809483,118.94374668611782,10.680234195918285,71.81993000967981,103.35493561450195,28.948585027746635,69.63540950531225,116.9127712957654,53.502747286802986,76.03677060919105,88.28808320242948,7.856399720310234,79.83790747637724,116.24153458336701,30.801519790907165,88.03675782426419,114.99684482709783,25.21745509872379,103.15218261095433,89.46897986454019,-11.843500257053451,87.7238670588337,124.75456274035058,37.72092988696302,75.08182818486027,120.81167767129604,47.14683847635679,117.43795919538097,80.6277524308554,-33.09233870597753,129.19756615987671,95.49058368210113,-31.413703382179488,101.17515975720956,90.4421198076366,-6.46907704033829,132.50166556090466,80.87707549624263
1,76,0.0,0.0,95.45891599340814,101.00210237153048,6.098506362585018,65.63650776015065,94.9634858857835,27.951073988716892,70.61025640653502,111.34486572346063,40.25217841766938,102.16753611688765,127.95510264562888,7.956686825519712,74.54508258802868,105.01392072541243,30.07953550943329,69.6185627107956,122.21819855821558,54.21730008039109,78.80920482076144,89.47001861548156,3.8005536513682907,71.19484848434138,121.79946298516454,42.110330444680834,81.39133158813992,120.29823419734626,32.378684613595794,99.1198902465463,93.31564978179213,-6.847017649762197,86.08171495737572,126.16182595669079,42.0403030042907,76.37614257954853,112.19984681041335,47.541780419841764,111.55045165654283,80.21977642810869,-35.85574442742418,127.60005848130459,93.76561945146916,-23.87823825461215,100.22978844525989,87.64770111322676,-7.793810709003421,128.92949069744085,93.02830381612488
1,77,0.0,0.0,95.22663924512332,94.64897862306547,8.083416348778137,65.99458717913357,92.33263843372747,31.048216778365926,76.61842554118934,105.37273735435423,38.34031528880858,116.32880439004282,120.8052792391753,9.917940161490117,75.2245218168911,98.83759418962879,31.71362858232014,67.75398687738867,122.90956304328874,49.85486487117716,78.28259100186364,83.84087210136799,6.4516515280552955,70.85860851738192,112.4556981264959,37.342072052356734,86.80700485130755,120.06716940036121,34.39630876699651,103.43405082149972,95.00347667604905,-10.615017212074815,91.04343937093702,129.09495163926962,38.39138669799043,74.28160809504895,118.52985133477402,41.795671668295405,118.84829532049017,78.32582015780147,-37.45782076263995,123.57875644975854,93.0769133806893,-30.11155128366953,105.8707341506631,83.35806413929335,-13.139873970741203,124.43182080302896,117.42918538474919
1,78,0.0,0.0,90.55611989204529,100.91696353418057,9.581381559127061,62.44887462516822,99.86231274443432,24.38868265652653,67.08328023498613,115.5872541273687,34.48232749606242,118.18679840670409,125.47299986392979,11.06616536904243,73.0145679686611,102.48705736022714,33.98910227719274,69.61312061966123,119.5913708272987,58.12177283099344,79.955768501498,87.39649509295097,-1.6165559872392459,74.56599174604348,116.88298170712775,39.31639405306556,81.66781588231544,122.49186926356205,37.53749470392468,100.96520625452041,86.30348289728374,-9.392298490792099,89.28270329828533,127.64182529348763,38.26778399271142,69.73790177982374,118.10998828608493,48.88111983217556,120.64093765705123,77.45978889787366,-33.90382866355904,124.70907614598953,99.14604952325712,-25.979398708996687,97.92301961322381,94.53127494485615,-6.817553898368312,130.08707659007158,106.57817933108187
1,79,0.0,0.0,94.67544936253961,93.63892337050683,0.6381392818391278,63.6681251504589,97.86646820646074,31.22246678828973,73.8180204695168,113.91954677697699,45.33476035152945,120.02804192224879,123.40538174476599,11.810221735318295,72.8707204664123,101.81470877102926,26.255854523433186,70.47964352606542,119.77097344366653,53.3820866246086,79.42171383538981,83.0640652972938,9.173338689536322,73.78536641613348,120.70405269951927,37.528626730785795,91.01391065078687,119.0820120347581,34.836388762763214,98.84713138030732,94.46382467053657,-11.082833976885468,84.45635407721943,116.72158800350802,39.177850655144965,74.45624895710812,119.70271720657526,39.360817836345326,117.75386677721717,76.89175142572239,-41.16502019819764,123.23942368483424,96.80824442500484,-32.82474213804794,100.58128769019994,95.34930995325584,-11.52482549918746,129.3577788032226,126.18226389362059
1,80,0.0,0.0,94.58266646002055,95.44219762583093,9.125312388372453,64.55924369536483,93.13110797512519,29.481956914053633,70.63239643422341,109.50803849994367,38.93820570875108,117.0966609878692,127.4081020026403,8.654836063390638,73.96174000979195,105.78078562098725,23.161735014589617,69.64652641583652,121.82138686179522,58.44343493840873,81.04035670530443,84.75313503666436,12.242740016046634,74.26990509346817,114.07702040785148,42.200936194422916,85.45698604382551,118.05649521320022,30.866029534824442,100.97417142888172,94.11477915573369,-9.710883760912239,86.84164819720843,127.83626142766586,41.28286001722784,76.21032342912521,121.6700446014545,39.13587915222651,119.46676699344003,80.04132999692982,-35.876048962198766,130.79388354981552,96.77504657058148,-32.04252536798806,98.00310360290969,84.31660246508392,-12.64090784323042,129.30627183852383,99.86697260678413
1,81,0.0,0.0,94.68413674898248,100.56729868441171,4.878775382374638,61.93935626417387,95.55051518687293,32.577471417000716,66.43400430482288,112.19825051955667,41.29760675235228,119.13912441548699,122.76599340519753,10.995642975069662,77.77659995488901,95.45146638664677,34.8411459710178,69.34845895522236,122.29660028758661,58.025572115648494,77.04220561663988,83.14511347203559,2.5269982404795392,72.5988560483972,112.41301648091316,45.38516376670381,83.73036338373993,125.16847413411813,29.149670555755435,99.92725189788774,87.06382423213223,-8.852604072457073,86.29273612792319,125.61749406627358,36.15397651019449,72.97158266397815,123.40747193198156,46.64145357677495,117.11683098202718,75.57073688147815,-32.20704783413287,127.9353003675781,98.0829995437644,-36.35852806233147,102.5001618308502,86.29654649286796,-8.802422792072214,125.3522952494041,90.47540811714835
1,82,0.0,0.0,94.87851212012026,96.2704847154008,10.990804741674756,62.49140442125991,96.86559416693619,34.77372172238827,69.43969277937413,114.59941661002756,38.90475776135103,112.65706976116691,127.18733234059297,10.337626456665136,71.5254657083204,104.9074573020588,26.03113308195766,67.86619019996553,119.48915651734231,54.679164648063576,80.45412660200789,87.75165552907366,6.419827560775105,78.19584331873983,118.49914125591624,36.97914874087782,83.9554509886006,114.50866815131624,33.89744133275451,102.40643754586486,93.67823309070397,-9.70188831597464,89.19640343243692,123.87851769617633,37.71745315076795,72.08284427552391,121.51973856534981,44.37689806980678,119.58149138621455,81.34017622433659,-31.179167270264408,118.40616781332467,99.46683932484741,-28.789082974048274,97.53604450286416,93.40598851433154,-11.207078791087712,125.71788536039713,110.9212328952771
1,83,0.0,0.0,90.82555454207683,94.67353691068442,8.481164028066265,62.69650851659472,95.53296758427254,35.40579377657126,66.94692750912914,110.09475394522241,35.95809221262481,118.52023254259637,122.58369746419368,7.581571236434197,72.12439294325523,105.03596573515202,30.14112634745022,64.9334493621135,121.70409461951542,46.67657212704664,79.24395215424867,84.59141883935551,4.639525156974755,72.96631120389578,118.48871847932432,39.488515991810175,87.93126860889197,112.16315593894387,38.397298523611894,97.84803404333121,93.11021073887022,-13.502416675288696,82.90721037520446,123.91035322209389,40.952465459524404,75.57386275697839,115.24490033807214,49.01178413141872,113.90289717927593,82.36514772417146,-37.27375334379614,121.3161955228713,88.24541648967025,-27.19025795106446,103.90566505461565,93.21901571355924,-11.91279074205312,132.70514482158285,96.8676354138223
1,84,0.0,0.0,91.43517635909508,93.44425740180384,6.426341600894626,64.74669003909473,100.42897951283022,29.44265934983449,72.2181115430539,113.94935396043994,37.85677856416171,114.58021254338607,122.42934434126761,8.473990181857209,72.31241114400152,98.97190929624739,29.78895485103763,66.83093831194947,124.89016385143051,51.20615817770066,77.57613193049099,82.2820386730939,3.0026705990138525,74.86763726925341,117.61709465652343,43.49557036786733,86.25571409880838,117.710295223309,30.250666064615434,101.41775247569063,87.81505398382598,-4.441427020613071,86.90115263217504,120.69321403645259,35.2642281898385,73.36697498003657,121.67784095957643,41.318310997785616,114.4424434261768,78.00257042991525,-40.40635294561101,124.42438928659789,96.2081738770952,-26.51222171540121,103.36874659988914,93.32029455402298,-18.627341785068914,128.10475980101393,111.51693181120032
1,85,0.0,0.0,94.7743707024105,97.13574388345108,2.3522560971874356,64.12790736453299,100.42691488257904,36.30519125740829,69.56668582951205,113.14522408793819,40.800859231074625,118.8267493051824,130.01288850322973,8.98908517943245,67.89762875538005,100.92988809184875,27.23092627748058,69.92347100932612,120.2230826864919,53.581901231854474,80.8187764033961,86.0922466854566,10.110072335394307,72.02079158964293,117.15295676590972,36.24929362063245,85.46931580611955,123.39962525359444,35.90677619944127,99.47024420896224,92.08389599455143,-4.894216054909757,87.58741736847158,127.12223363979372,43.58924330705197,76.43682271475176,116.78934064248405,48.94156594808977,115.9797373923501,75.35380961524179,-37.74674253382931,120.80827417780897,98.25732437005057,-30.52286356923023,100.31672517470936,88.79823275647254,-11.128598774683823,127.08510389757919,88.53952225268704
1,86,0.0,0.0,95.99715882988393,95.5384283881447,3.130798110905747,63.187771245804264,95.02966130014879,25.98857822088356,68.57106240256884,111.94064214894348,42.78584479052628,119.24017373553322,131.43640850744018,8.538505830829454,73.15605032754056,101.31123086773601,29.99943506658753,64.88731412829304,125.38224661968812,50.621746086947134,77.96196303073086,86.52624514137983,8.105022889268719,72.70619822674281,118.14758264075338,47.933463641056505,81.44595289842933,113.21142243620255,36.16164210273435,108.73686373690359,91.23130475088979,-5.693165495030209,88.87689630282324,114.83013171781877,32.264069898849556,71.35220691078983,121.00169517570349,46.637703046235,114.47986498445385,78.08649513620045,-31.972966660311528,126.6696417041876,94.63469191268071,-27.472075342468383,102.04007921234157,84.79093834534441,-12.964370083076574,132.12374307308423,82.81681038360787
1,87,0.0,0.0,96.8888172639797,98.71001127503952,1.1015347097751444,64.15163324975916,93.13533991374322,31.84861234466848,74.63248545848421,112.8680416350765,43.759178392890924,116.79312951188538,116.77424252806071,8.45174657706689,75.99387845983964,103.96575546801715,32.049573525830574,65.69605333870112,123.42024297232604,61.473942443978515,82.38847512684687,83.93617889772868,1.986022801345991,71.69797987598164,117.5556898668961,44.68222066478623,84.08897454231463,120.791886866234,36.645786218447036,109.66829016286094,94.6022913249299,-9.599549800618536,87.20076461048517,123.28359290497717,33.892186291998044,74.97483038184953,111.1809709068885,47.2480168206962,118.04816315486518,77.56292025420306,-33.38598611769913,119.13820592735048,93.0098799647464,-31.794555786721226,102.39877618262439,99.55400320218395,-12.886691336292415,130.08696035359867,55.38151047675518
1,88,0.0,0.0,92.29909466728269,95.41573000384916,6.4489821593344185,63.41561763128111,95.77343861577518,31.873361878288545,72.85458743962172,111.47200947869614,40.30549773713568,117.1383533800029,123.47288958309491,5.728586772939925,71.20068822666548,98.60068168080007,28.227922602996994,68.66145657734843,128.81423432325474,53.86288573748921,80.61101593957974,90.78698920091074,6.834314132512859,75.37241206473561,119.2609613161611,38.88716769514841,86.52181011872518,125.56649497063663,28.223734739259,100.03312628550472,94.60454217627964,-6.052137733831101,84.23545352965274,122.26312253073644,33.72383189613891,77.6912956223815,120.7604733094323,39.82154548669101,113.31630954266662,79.61457961614207,-39.26155440397152,129.95361954257237,97.24488583897579,-29.85910973846122,97.24510368805839,89.30412892458095,-14.935510243437527,130.95439120055516,94.83012893904503
1,89,0.0,0.0,95.44241169694871,99.41746155481641,4.090841122218363,61.578204448917205,100.78970576329274,36.76621872699256,72.11869819726414,107.57505812042332,37.55249237313072,114.34984945998426,129.17193110231145,7.669676195427307,70.9344002287711,98.09463104968718,24.878392086812006,68.15446803509289,124.31222234217809,55.54703198304631,80.59069910192221,86.85624850363506,5.87258262789141,75.66200691912906,110.22926982481059,42.15558566032636,85.77130634700869,116.86216199969603,29.922645047479026,100.95610829706226,91.49106677226244,-8.308419391895006,87.27286584765643,121.12258120940074,36.162813656675745,72.31544083933225,122.09586719360898,45.71186006447482,118.38694270028608,83.11406130495173,-37.99907191611362,126.0389951668605,97.01702888610454,-33.59101922190831,103.06251405000273,94.01941882960764,-8.712501308845278,119.46193240914552,92.97443295650426
1,90,0.0,0.0,95.58361585108885,97.76075661661585,1.2495606300658486,62.46896742083572,98.04560954930731,33.383123381947854,68.84136165222992,113.38699318307265,42.27288026915774,116.95960510844908,122.84547729625717,10.802317537151328,74.18220566599034,106.78910846808205,33.04177500813511,71.10005059475719,122.70897126823901,50.94004825424461,82.73325582067275,81.59073499685917,2.861293118496933,75.6499486828778,109.96853687932233,36.32891050832169,87.30520400201961,122.24999270815977,33.949238514127735,99.87247422891693,95.82363076302205,-10.762180089095418,85.74842149634796,123.24487343977849,33.206095195632955,75.3331128153406,120.41127054244828,40.33785301079019,118.60006258668112,77.27357264872194,-31.055234620766797,124.90168589974849,94.90387366351588,-32.72890380816024,99.11818818964596,90.31824018621761,-9.512368881284276,132.86993455107086,80.600667665386
1,91,0.0,0.0,90.68653452140121,97.86530673034959,6.731861815233121,62.89332475199471,92.28850879520908,33.914640718834754,68.45122777313942,110.01069604718606,37.52787500871088,111.70716193125351,122.47054724299946,6.911523602931195,70.62614941778831,104.475331320052,32.54329905801901,67.99682846108728,122.45264614025979,49.81204135712013,81.19773665272781,82.54167290282946,5.785449142591935,72.9011248281359,118.21484008944388,39.48638770685588,90.90664218354232,116.5322033729976,33.20042428148304,103.03226608836152,87.14040057493823,-7.555662800029214,88.9130850308903,126.84952406507048,39.409567868422684,77.31407888971314,114.04538236769748,39.244735892151894,112.2217687642039,81.01350719747765,-37.3021452632353,127.76228720374559,98.86494365574143,-33.01976147252268,106.24513874286028,88.99337467089165,-12.936342194306432,132.83718828195612,114.17504168888928
1,92,0.0,0.0,96.8022647620157,95.95842886145267,0.6865826660251244,61.85250493846543,97.97393562241372,35.11211142168014,72.09609624249626,106.93431629097373,43.43254774323652,113.25039636212131,123.85170441411626,10.55141507122623,74.12074547472679,98.79079830084457,27.22682381209892,66.0879870994572,117.45312302830042,50.7628954274415,76.29416811180783,86.49690174696892,5.827600652318714,72.76573226362211,115.5830476455746,46.08566663994665,88.64185440653458,122.33670202328219,31.372197348017252,103.5063682159199,93.15728850786476,-8.167658630316513,81.59171317761653,123.37487180225784,34.742947357577414,76.56825510962474,117.47610960764571,36.70615279811817,113.29048468316033,77.81138088328879,-30.692297632629888,125.55738742337111,93.37140006724375,-28.247481325964145,100.70971313566997,90.13681386068981,-10.090848634981914,134.84447707387392,120.0636118188174
1,93,0.0,0.0,90.91271016964498,94.91210392710812,2.06758651992193,63.533363181292756,93.02870098800594,34.541003466195946,68.19114541090656,110.58974650083009,39.76928366259323,114.64053067254275,123.38083166282998,5.617935791262578,72.82860020718664,99.51667010753394,30.898310885696073,69.40082007234722,123.64393458045227,54.249010192722906,77.80084092624527,84.0179778289095,1.2358672314791646,73.59917676676609,116.6039211770604,33.49809840397705,90.34949809161168,125.4328539719359,33.784169753635915,99.84175594706585,94.97713857937141,-15.01067198377038,86.08933834846133,124.22569192271837,29.111341790817367,75.07966775588991,118.93251215321003,40.33645618680267,115.4867407344095,78.28701505792411,-38.92314823863503,127.90986892857754,97.66703151830328,-28.01770223602263,103.40172535952935,89.72202948807777,-5.3953719084334475,133.7286788253987,120.78112667962242
1,94,0.0,0.0,93.23415313604195,96.5303476039978,-2.4260077470511954,65.58135115845533,94.06399067206712,25.39702640280383,69.73982703689084,111.02229208279547,43.978395581856255,114.97180786007245,131.36776657310156,5.056584829934881,74.51077056564819,102.53010425553084,29.18558869053691,68.421129688637,119.84944437468202,52.49651534662473,78.85769873496773,83.94674836540838,5.515829029690998,74.69351731161679,114.38147134973246,34.822830312920196,84.1464222230305,118.04141306545628,31.53433395288406,100.38120733825903,96.00508412431114,-8.07170758921248,81.2534685584525,120.77577237789463,33.82715087568664,73.50384863683645,115.55004948165097,45.170808035015774,119.91386527754096,83.78132872835235,-40.8177891737805,127.40700749228651,98.07795644602365,-31.655996727522403,103.50065057398021,96.65815062728991,-13.829698836291204,131.4325714185861,100.44642037814856
1,95,0.0,0.0,97.1920454335773,98.29934397586322,-0.21766532962393548,62.3029931343275,90.4926648465206,32.87535999274622,72.41731177154519,113.30446183423975,41.094043598572895,117.37325774925554,127.28689338611323,5.475925099588368,70.83950059232104,104.24107410625761,29.74037982933403,67.13099343529312,122.83236595323665,53.46870425962025,83.52294476499866,87.89123801608433,3.4095023324140437,74.20742993290226,113.20445302535545,38.33560053487681,87.95438093915446,124.55944886424969,34.17565681691225,101.99095843709657,94.24499226064363,-5.979033090151841,80.00820258810668,123.52606928954259,37.44698036462239,71.5844196894159,117.49188211285691,44.16585035896802,118.14233018967869,79.39408971182122,-37.996054355152054,115.33609133273377,94.94988549641603,-32.22539598732058,98.91311488046367,88.41452635835779,-13.745517659518713,125.37445974927725,104.04532224913932
1,96,0.0,0.0,94.67444397460166,99.61643506950662,2.131313556087863,65.43964913351667,94.92059924598611,30.516416885301293,70.33008263895275,114.82411477472485,42.98228471652826,120.32730548486096,127.97002093234197,5.880900645343223,77.65455889865636,102.90745975115394,27.767496917405214,68.58246052219351,114.70355403944258,60.6978722655212,79.50420313025728,86.16651301764057,4.697787390574629,78.45200228369119,117.82023928920923,38.278221872444156,90.94508000283348,118.59176212688784,31.73527316828511,100.61960963106843,86.99297187607107,-9.795958571409924,84.84229179803454,123.83564330768814,39.283071070633554,75.49486339127299,111.55159106684546,40.06113059052454,119.25683127353985,78.21664472940434,-36.759425785941445,130.64207574091105,99.72280180897215,-28.033705043153674,100.0901747458623,88.07705169761013,-11.062468291674485,129.88303585396213,38.941285869461765
1,97,0.0,0.0,92.68484087274601,102.87377809740012,5.301486440408686,62.4855775405263,94.05589663837512,29.96427874809592,73.19242855626196,111.92350001954418,42.182484725649424,115.07077082824081,122.91635295285951,10.775237179869464,70.29959003047433,103.75633756909662,27.811121285068054,69.01733486380449,124.95799914938874,55.85400122994699,78.17738891489847,91.25616601023043,4.4619120801837,74.80772707702204,115.75490130038976,39.70252561941882,92.10749021265566,121.55328269778686,38.89201914134299,99.50809128622917,90.97735213212958,-7.5642782307841046,88.98631093192853,121.00706438171373,39.823727184552325,73.45529511512319,117.40410130618612,45.925913662624446,115.34721062959342,82.12058904271348,-37.21074223886412,125.66314987115953,95.74507444292018,-31.273980131634683,98.429828946373,87.58834508184022,-16.490643230841368,130.9152511447915,121.2266292342237
1,98,0.0,0.0,94.89997184364141,98.34457069335869,4.578895464025983,64.48060615715254,96.46903485053446,31.358787514207354,69.42757116509952,108.88550658116405,39.51740663065608,117.00015567492434,130.24643653384615,4.376960137075004,73.84970216814648,99.58885239730236,28.19492663948107,69.15779123467746,124.83707915812293,56.25531270635697,76.62134250280191,89.79958831565065,10.97774720483293,74.77229192296387,113.17031639070011,41.299168998931776,87.92033087385127,118.93456890732394,33.10927849478531,108.9232489395452,90.48537118127261,-10.460731201843258,83.96333216293924,119.1208480049256,38.76520354083162,72.1018856655984,115.64760934059503,46.90391641655465,116.16184724433326,84.66620105498876,-37.76268678045264,133.7817169552827,94.71467363709114,-31.838769347437786,101.856177669154,88.08445620044016,-9.269778612637557,123.0914154164558,105.65390074385654
1,99,0.0,0.0,96.24584327525854,96.2181954405177,2.584286410608673,61.68948164099777,95.10445376655619,31.97746152666667,71.38770028471217,111.11549172530863,42.17959492644095,111.69072335315057,125.31460081981005,7.168233494013083,70.95947867091276,101.95522242550597,22.655988291138854,66.22368769425833,122.129347549361,54.374088522536766,84.46175248445584,85.23890729716452,7.796996637229089,73.46130356054668,113.7054313937089,37.83389745046568,90.29398897722314,124.01246462276413,29.284393072990895,100.18737438687722,89.27070325329231,-10.06288649078244,87.0981542711494,126.72552530570333,33.126783154209896,74.61010047854475,118.3671329287302,40.098975280863606,113.17313310898831,77.03360584109606,-40.35631990531812,130.38217745067888,99.0033736190596,-32.87526293870894,102.19422253456108,86.27162369134275,-3.8135448661842286,128.95733279452006,103.3894831235105
1,100,0.0,0.0,94.71149720490035,96.11853859104556,6.3016787923394135,66.50546362019374,93.4691876899654,33.22740214849964,67.56019795727106,115.2083603288118,38.58204501452813,112.55684582339066,124.60408508499191,6.462104748491479,71.84498295676411,100.95309914715847,25.684718540667035,64.6375192039527,119.36361448386944,55.220474395499345,78.9842215096089,85.77422519550537,4.3145812609468095,69.39859764430729,114.33827181720608,35.97812588275359,90.65052944678287,125.85774519491602,33.540152752626256,105.77455430970114,95.79017973160002,-9.557259842198572,83.0484213059761,130.9947358867212,41.16074332044563,75.67707971943346,120.1674910642585,49.72700903822177,118.83241758007685,77.8656819838209,-38.01208102086218,132.24440386834826,93.33844604139718,-33.328497754241354,105.56086115529884,91.70653974120434,-8.994440716802636,129.08953917448488,116.77841803895102
1,101,0.0,0.0,95.24210746565076,98.79807732627654,4.704958623076705,62.79734127128332,98.36238526221035,29.243627197977435,67.35992604746058,109.19558679328507,44.18588146509619,117.17597188775544,125.89766611197712,13.426796944662275,71.8085443954844,103.32729719935287,26.19925262037462,66.5991860157809,121.19445024339295,53.55583982508722,77.182743804862,84.95846331694004,10.092264760616057,73.33556671111258,113.4084749048323,43.234449699097155,86.62211121633017,123.21382817434535,33.748578109411376,102.15649522128695,90.83509646071974,-11.996447780894902,82.36465947284599,125.14034507134915,35.14059453908757,71.60951347856646,118.65418841542949,45.38315985951381,114.18905872489302,75.72239027373453,-31.903942834979134,123.57255795783071,97.45213805334356,-32.94134439324336,93.96430291397107,96.04887755395538,-12.261455182291794,126.38483824525736,79.05258382466194
1,102,0.0,0.0,92.16583026656436,99.39789718517666,1.120800514948654,64.43077012111443,92.91433859710885,28.278039853048774,73.30934390528455,112.36680618525365,41.84550681866783,118.21328018965322,120.17478148078052,9.669812501964584,73.40614409245505,107.45235784480639,27.188291823928985,63.737163682274485,121.4416076252452,59.34123131899895,77.71217497431809,82.13833199198613,4.528517944299104,76.65523536733897,116.15729590146145,40.24141773868205,84.1413964093585,115.90509601339822,34.198162846319235,100.38615914273974,95.373503579848,-14.346822075514428,81.7917386765506,124.55925810759729,36.52295414042397,75.4319703341366,117.31844375670153,48.933063658209065,111.80315519570637,80.07313169751987,-36.902674195613166,129.49621724277404,95.7728116555331,-26.493878667308838,98.72253852048208,89.81624501120872,-11.454758381144776,128.8164972492119,91.20347280187598
1,103,0.0,0.0,99.06854734826254,95.82822221378566,0.3165644796157707,67.01342212390507,97.24204757403706,28.190010355338927,73.00077325884922,116.44387379391925,36.30203535892336,114.11594282278554,121.45983856962215,5.414826253549248,73.69808037954307,96.51459850312037,35.42004786150022,68.81819396224223,120.83559330398691,51.90830347243592,77.84726528939032,81.92467004671138,3.700529786742629,75.66623730514654,111.68681731541383,38.10692627109488,88.60504019769417,124.84513418755907,32.086855912471826,106.86677282331632,92.16797356479479,-11.678302297424676,90.02757773342236,123.90571899925287,34.70281021281825,76.26280916524831,120.99647555189777,36.88096638536163,112.27005841139542,83.07551966926792,-39.280681019367435,126.99702789742703,91.1684899720159,-27.578145828655323,105.48453689867785,85.02283379467431,-11.263564094159165,131.10412991664245,60.63476906474205
1,104,0.0,0.0,89.86959486556509,95.9099426844333,-0.16497740247984272,60.6078191894868,99.58644444962256,36.04212953158607,70.28422382464707,114.73604905054411,34.01567963985091,118.90048979752228,121.45029350939019,9.560686895420455,71.55937364440406,106.08923947075105,31.036271007289923,69.40342540813421,118.06253682658526,53.635716310393875,84.71331355423582,82.03510073460804,1.0473208435172836,76.4464147668871,106.51579014769254,39.320583001855056,85.05300258491586,127.2507598583612,26.530070409104,104.3790409489367,91.72716988164512,-10.619828038345243,85.23209825438222,115.94560212477597,36.312062133286645,74.17248306099678,117.27845780084886,42.75399159798886,107.18871790956118,74.84935905949075,-38.72435451976597,124.80425938323,94.05543759933873,-31.905962600649016,100.00221036793076,91.75673245635038,-10.26736500939009,135.458016445873,100.56600229815355
1,105,0.0,0.0,94.30846884320391,94.60965290000698,6.93704074690399,64.67683933303783,102.81205308458559,33.38613694006526,72.52088734164255,109.14004213469187,41.47415563314928,115.28061000563572,123.70490071037476,5.62018066940359,75.28863716250565,99.9911678121276,27.45071919817275,66.91455879803142,125.65199733246007,52.1467377502111,74.12123746960303,84.36246418487167,5.724830722344843,76.24794346159229,112.2210982429717,41.02845480060165,89.75137969017119,122.91919913291531,32.014370097797304,105.76004534587832,97.22013174435976,-7.664126938264961,88.03646929795381,130.09943125421069,34.64192141148293,75.14682339724423,115.047745808879,40.98415615546107,111.68141795332765,74.57607522499343,-39.40377619922569,129.2824973287896,88.42578157582119,-27.636060854834426,100.74777262447593,90.14988021605835,-10.052582871349529,132.85808892035163,117.41153453682789
1,106,0.0,0.0,93.55816741858779,99.10770374119492,2.4310492874644893,69.24948419024737,100.78287844523139,33.17596021269611,73.06667654264511,112.6624514741761,41.2447029311756,121.10460849897079,121.12902819301817,13.136329480866841,70.8704148056028,102.17483262819934,27.055923776117982,66.0751562621051,124.78170018998398,60.016082659367555,79.5422567093442,86.11695824090057,5.277772622222933,74.45868937334946,113.55724943630615,40.98918720882816,84.80718051883758,118.71866601398926,31.734635196088743,99.10722433666734,92.10053526718067,-10.486551603379658,89.0169602856932,131.48371971122057,31.994486896263965,73.93240602318014,119.35911912828335,43.772178602822734,119.0318192707205,75.8818827742895,-40.07444553609743,130.19895051825637,91.07150184349896,-30.955070487308117,97.10522820610635,85.34274214502973,-14.148942369004198,125.38381058069876,73.9711747743413
1,107,0.0,0.0,92.7381681897198,95.73461592910596,9.95432437732122,61.80455708944683,89.5626484788267,37.650975592710914,72.20704645812532,114.58226954310466,35.70690908665024,116.52679694169565,126.41557345379476,5.7832844395423635,69.2824452842234,97.8879781598234,25.77158414125193,66.78478351825089,122.35285060228887,51.84424111385814,81.87924633055206,83.95929429869872,4.7848482733708195,76.00031708688084,114.08513015200346,35.619234962700894,85.92179151992806,116.49166779679865,29.268506937959252,106.97930862106372,91.9215190151092,-8.238321907209807,84.45298965686622,127.91699300782561,42.3613537764093,71.05670112001111,115.87020760252842,42.24233994066539,116.78299960467311,75.89006808079127,-39.75912045479497,123.14668627107854,100.7743093496995,-30.211103972492214,101.0411740770727,90.93477089731395,-12.525694604526368,128.08881837788454,91.7494865573791
1,108,0.0,0.0,91.05530516710198,99.03252805906908,1.4344323421013354,62.92842357282957,96.7900064006818,32.07892560771608,69.25367396201685,107.6595641635529,41.0909168465055,115.89971595385438,119.66217542603262,11.301340323020515,70.76293157677438,102.38337550597792,30.72374763315362,66.68930090173082,118.4207661120415,57.06279232258537,79.2813330643282,88.73285384036463,-1.1032809935893964,74.31348156920463,111.60503346262038,34.31883777983596,82.18702090263793,120.7588432066753,26.07232532328227,105.08093548389053,97.2988883173741,-12.586478654185257,87.825123196385,123.66123829933817,38.6068302043326,71.26029135234131,124.72373907772315,46.9227086720104,112.16085654271131,80.15358380815036,-37.53207442838129,130.1402220577483,93.96485970206761,-33.74383791312712,104.04486764248406,95.30658232733026,-7.09968730430367,130.2953703599775,103.50185853013312
1,109,0.0,0.0,93.20595195209205,96.81291532561278,-0.8404331548009321,61.259528532077425,95.21089718298985,31.09590394668816,72.87337103610605,113.61331386812117,46.84471400001776,112.31808102142173,121.90620243033611,7.787734730478923,72.39665737982817,101.4259289341007,30.193397316221535,70.61278278957302,116.23002365865675,50.053729914914015,82.60881898945354,83.78657609703433,3.8411343507115197,74.12728656970248,111.82155982537148,39.76861615599144,85.41429113167419,118.33574058666633,36.16751380434605,103.56053651583593,92.96448576499198,-15.77661678894958,83.44339411174691,116.0980529082178,34.20075181570072,75.74024323377054,112.81636007278294,37.32598033538684,116.36686467771635,74.39413214925457,-31.564465797242462,124.70842023290857,94.71571977904449,-28.892306331014566,104.46525134215273,91.1235353125603,-14.981485582229041,131.0219196392549,68.72725190297965
1,110,0.0,0.0,93.44004705497913,98.11293346457322,3.4461361126884045,64.58897237552719,97.88540821546144,32.00275586376481,68.95873873175164,112.69938338869892,43.345099671922355,117.27583292245724,123.29220659210196,6.403317448725909,74.58118454074605,99.96361061108706,28.639845146719704,67.34886237629355,123.57854614210127,49.736177035683674,78.57931366188342,84.90181585311407,2.9964360077917997,76.40649037373367,110.32533884072019,36.448797091706396,88.5494687456455,123.8695954555113,28.064301784298973,103.34635900118398,90.51080395476347,-12.1067561740811,86.12441658206198,124.03124317501604,35.10298134483644,75.54713267253794,113.77496241863413,43.39889696443661,114.2597502608951,78.39417326262982,-35.75411610173055,127.83933925225266,94.64347093596325,-27.637031529236516,101.34933208729707,92.84061987480229,-9.290851366839236,133.99541831283025,103.81383015709541
1,111,0.0,0.0,95.16176138980667,96.20121953306058,4.788968154540002,62.961664902721736,95.44584814362412,32.96623909284764,72.67246557206741,113.09517867049884,38.22120983598146,122.324899999502,123.10381803265626,6.778019071485926,73.73142004228552,101.15433298311498,28.197811897965543,66.23855735055382,121.73136644844007,51.45778343284181,76.81748655330352,83.77227068073975,3.204145252273678,74.50438277678957,114.83220707469349,41.972345195344246,84.02987445739534,119.74542217359775,31.162543931771022,99.07358258062763,95.82835385540014,-10.982727863267574,88.77775771023163,118.21293970091729,37.496191830966424,77.1620996722038,116.98032966485586,42.36038525919215,116.31763353378074,76.74287722779147,-35.248023602860414,128.22478972823586,95.76270366283896,-27.077698560024942,105.8585175507207,88.798503420551,-7.101884018051937,124.72596302366345,104.54470835022099
1,112,0.0,0.0,95.71196963370093,93.00558471782155,5.0165002463673645,61.91154351072601,93.82630441541122,33.990856016802056,69.05229809933563,114.04484855404709,42.598931716139376,113.78835227498698,119.76423052279242,9.27256633367954,73.54600013380544,104.0688519643307,32.06982618162193,69.11196020130559,123.24317296320507,54.24774819475394,79.59040532969007,82.97288008943899,6.506351379839423,75.20875747970813,111.96280024336602,34.500739499333264,85.80691928095047,120.99721530988329,32.127922154267104,105.50416459751851,99.0753639862861,-12.849471569413197,91.51336152998637,123.16975940712194,42.23828430690017,72.13217120556708,116.27100134019145,47.479047919901866,116.81211155144936,75.35442253269555,-31.395121890152346,128.2972629949022,102.09187795304084,-28.944389188069014,99.38202349156217,97.07674532398329,-9.846547255091362,122.44494288101805,89.15026231841112
1,113,0.0,0.0,90.16693865670884,100.53761065377478,2.4490540294004717,64.20360334180769,97.96465994840618,30.497266152091452,64.069267468149,112.18248565644893,47.11507328300566,119.94323406905438,120.81588123647077,7.897758651534225,74.06044810878507,104.50489816832949,29.99200808576908,70.86965948728377,121.16142302779977,52.947970466042726,77.0204547609041,88.65779772407038,10.483557797553797,73.77339709108367,109.17768279148393,41.67033693753975,86.46326925849024,118.20677093039804,28.252572426491646,99.4767299417701,89.31410328570605,-9.468717203690103,87.07562904922654,127.61996999671253,35.41938573909839,79.6782303449277,117.36384233866079,47.57499122414744,115.77944259464368,71.00449809971934,-40.00871769411982,130.66712330611853,98.60418175773214,-31.87054818370038,104.28529131331588,91.44877657976052,-12.737888768780245,132.08352428500226,84.82873119723591
1,114,0.0,0.0,93.15080201875415,94.5745924324974,5.708784563842993,60.75806694114724,98.51528375353374,31.000424664171515,69.30926969057437,115.61784073849701,45.53536395650485,112.89547002490384,128.55522235317113,11.592958670142663,72.2362886766796,96.8319927671598,20.911200376875627,66.35521736381317,121.91414061014443,53.78188586655384,78.86216198093938,83.79905653405685,2.466715674187466,73.54724643719773,118.0011288429976,44.76704161673865,86.046850765077,123.18431871672001,38.85530279491026,106.87381965370223,90.96021982145825,-7.5145275180710644,86.77708696871083,127.04325751459714,38.848425856957604,75.06856603946741,120.10202949129408,46.15337990251966,112.83788690341676,78.02003964943523,-36.33870334140596,119.04896195236142,94.63880531682297,-26.478214889819057,106.03427884913911,95.69057542742966,-4.472422305888841,127.6145412874169,99.43417192076485
1,115,0.0,0.0,91.59049521315792,100.87243270633186,4.020518741096021,64.88256764633493,94.16427464291122,30.875898773359737,70.89993062679893,116.9582717688335,41.20718806101207,119.10458620078751,131.4307764193489,7.269856891005892,71.3053655583693,108.32730029774702,25.06241493415724,70.57284973065839,115.73137541370552,47.106424030567936,77.89243639191007,79.55867178632931,5.028288356791426,74.7362856453328,114.95674193716677,41.090591933783585,89.41622512344362,118.77712464706995,28.19914231436649,107.66457184446264,91.27164549823986,-13.651772689937118,85.85910357314005,124.23507845177876,40.271961234035246,75.77147988823654,117.1746927681384,45.95754659923451,114.92695956842219,82.38265664385308,-37.65503033483487,128.84914779951959,104.30716625420203,-29.97959560495921,101.42716914130646,86.70886340805814,-14.430112234442902,129.37907993710306,86.32729297470368
1,116,0.0,0.0,93.26253215413752,102.60275381424763,3.28195888107648,62.030178074450006,98.08103719228103,31.836958129756017,70.51378877721555,113.25079039377054,44.098424718440576,116.31060565566308,123.87947784869597,4.7828156809704225,77.50727764743588,103.24517818184378,29.900374478500442,68.86638792485958,122.32737951097641,50.17970925389508,75.95848003372888,88.7944448126512,10.041802295086985,68.35094642439775,110.82672628452511,41.949394807939996,85.19013988139079,119.55906002899005,36.10067960584524,103.07849630870842,94.58482621902394,-11.525841451582302,86.72234180764255,125.14192614912572,44.940466620673746,76.36393580686973,116.90529445913982,42.562926417211514,118.7804739403205,79.18303395842581,-35.77204998640953,126.97082466096042,96.62058223869353,-31.942492268832236,100.91587400842201,84.83031165437048,-7.191496514733087,135.21138904516388,119.27238933340863
1,117,0.0,0.0,91.06748429680437,95.21276659589508,0.8911438940964271,62.385550820200386,99.04546627448386,36.881153311711465,69.66334442654234,115.66962233366984,39.20203142914582,114.06739506374473,124.41735932747392,12.272215889543784,72.94509464858969,97.32933313074675,28.581259531417935,70.02398650385781,124.4672348595613,55.68634765066398,74.6993796144792,83.76595139937707,3.7727973398209596,72.63259021348446,111.23988356328329,36.89408877317858,89.54405768357391,121.42311643551456,35.22392992997371,107.34033203577599,90.61564636790075,-12.599308070440614,87.26276511269928,122.81528441787074,38.403342380216394,71.09410107627708,110.63203226686363,40.62697402003501,112.60637147998949,78.43210608683879,-32.48128187009643,130.5759037478018,95.46834658134541,-27.950127646390307,103.51705995794543,89.86418972122254,-9.249837808673009,127.60214555454463,88.76472470107322
1,118,0.0,0.0,85.07770513782597,95.88742114748482,6.279036717173744,62.62571084590476,98.14351197892866,34.866419844858946,73.14074851495259,108.12186982988291,39.8945764073098,114.04843442428324,123.65627140991826,10.29820663219075,73.17293022568246,99.48198586560981,23.158767504473023,68.53208149518028,126.12427150878622,48.71453008393306,77.98976487488085,87.75005826981305,8.09553781672519,73.10762266838383,118.24702130852477,43.24351648400467,83.70922061167178,121.39286225725732,36.874878872033726,104.71370947486899,97.70922046264278,-12.455996990643627,87.59577472907105,126.80792711909153,36.041647291748376,75.07605933487888,118.8451796683035,42.59730971895518,117.64973829365131,71.50594124371267,-38.55117419377756,127.408295145166,95.26650770668891,-36.91429724936607,107.23371038000937,86.45450635836941,-11.317258123290475,130.2555300203122,100.48682763362531
1,119,0.0,0.0,92.69498949573534,100.46371013228979,4.9607441354790875,63.91262627683866,96.21198924991806,25.814932075020785,69.40963406629878,114.69845006331683,44.619755111592845,114.08530208201508,123.60058735940927,8.16076833324195,73.57707422115405,100.02562676779228,27.940546530260413,69.75854113670934,115.3595755575715,56.150842813417555,75.67465399451586,87.01587463830872,8.512558227440046,73.25330291137848,115.68018945031436,46.53050906627189,85.19657460041657,123.44579716942414,33.44709702665338,102.20532386320507,90.88334195960726,-3.768521942417653,92.37475306445583,119.10115892445398,30.419709173686236,70.68664442708891,116.59782880456405,50.28439835793548,115.33216940319336,80.36836246925661,-37.3818888508628,122.01537360332513,94.596732319016,-28.451574526287704,100.5556137893478,85.97323079389541,-13.93451876575938,127.41673004968449,133.89138937500374
1,120,0.0,0.0,91.6091694416723,101.02437258919628,3.734299860371468,63.637355871335984,93.00661690895885,34.50029230869435,68.02857579393466,112.70602240437096,38.38777792253562,116.49201296350337,124.29174529154858,10.534362396059363,75.21683612547895,102.68154427960285,26.05585939583755,68.68524798387088,120.66121964971886,49.37821959438542,79.15214140579403,83.2504678068554,5.39500575345287,73.83495559289103,115.9927541218446,38.13461554927961,89.2610402288169,116.41221205584318,34.924357100033774,101.43341945643178,94.8758579576153,-11.073346666209696,87.5855797629105,121.43963979258233,35.10071140943686,71.71043531871521,115.61375355760545,42.52275145174645,112.76206840611252,77.83715655822435,-33.60333582428435,130.19008892344624,91.56492733587507,-32.41129564268955,107.33503480378505,94.42163476926162,-18.174064698886404,121.75993387142404,106.99039087104609
1,121,0.0,0.0,91.60957448642006,93.24086451251483,1.7860888367642889,62.972500454235494,97.12620898366345,25.069961562218047,69.21269154563825,114.21389275257026,44.218613681664586,114.35123104224581,122.56920686494361,6.975178141482268,70.99776297353702,100.38991532960108,25.504991965521196,70.29368276028185,120.42991617313302,49.279868183688286,76.03272596283094,85.0244379424199,7.414105302088049,71.74866318526152,114.20217468066866,36.54610822210495,87.53593770452842,119.55045464489224,33.02288555455868,101.03069896807959,89.63844100971889,-5.207402990570486,87.28314451074273,125.67937343536302,32.759150171993944,72.42605154803186,123.6914255976324,40.365468497222274,116.56343021618135,83.92620811720087,-38.88995836589269,125.39420142139043,93.00294458655742,-34.17987067120012,98.87042934790918,88.02173797982952,-11.600125038675703,124.43550496188136,84.8698249942181
1,122,0.0,0.0,93.80798947281394,100.05599335795925,5.894274546398228,64.1897035273636,97.66630382723369,28.705927664096688,70.50058908689415,116.86096564295013,46.53899820850354,110.87565949742138,122.97802890900462,9.143302033420323,73.46818034353306,106.7671190947166,25.744015864022728,67.09681532470603,124.8818567825753,53.435631824331224,74.56457186776933,89.74827320819932,2.5964301055358687,76.83714859527426,117.21542436709736,41.12185270142383,86.98355933194343,122.91415276973562,35.23171591714811,108.54517646359315,95.50858096269579,-7.3456982285457375,87.24771623670476,129.42670958070144,37.22092953459358,73.92707776693736,113.02613133876733,48.84890898658918,111.38248618228698,77.11075307050257,-35.95211974045014,129.3670540532899,99.89580454019193,-29.24311823191817,95.44438007188432,89.21274354886458,-10.937737314432669,129.20866796724636,97.01989316330258
1,123,0.0,0.0,94.97213515223132,97.76616824523838,8.309175512345945,64.86810700800147,95.15205791848628,29.26872501286942,72.66075045373996,110.10216292538286,41.69502111541207,112.07282687188578,130.52344971912845,10.58212042438413,73.84758788832774,105.57936790549678,22.976814439832374,69.17764617166677,123.81106240890853,59.17749778914238,77.26974917489376,85.37554788155863,13.539889989328895,76.64403777894736,115.66189580187098,47.09473871838203,86.91726745104823,120.7097303966361,36.417826712243645,94.50225786057541,93.86750597168154,-8.934625019805267,85.37742502518816,122.26110960472614,33.96610870627956,76.83859498322089,121.96531771741945,47.4692807067143,117.87739230002214,73.90545026438323,-31.864304530421002,126.93829501569525,93.89032603276914,-30.788226931830177,102.76128686287306,86.6004630838073,-12.299802686618964,128.90090912182077,81.17455945140762
1,124,0.0,0.0,92.44456137280152,99.43408744837778,4.16989290098241,66.01569978194033,95.49457259990258,32.177040547138894,67.49975249907371,113.05166752921323,42.34821136759245,115.13818782481901,122.07487591401804,4.9504878283177005,72.81920870033608,105.32727811131383,25.436360948844282,68.67326236544592,119.44060216638606,49.64395044097403,79.87491849173303,83.26433998623988,5.848916439099343,74.31114817780482,117.35849451599987,42.506279929535864,84.4631417427049,122.90967245430681,32.8001603744902,96.34867437207002,94.40096375532633,-5.0952604799825085,87.12882477685554,124.17206117054157,32.9714941300843,76.44579751678626,116.10622010278733,39.119287215709235,107.4561029374277,78.34618070616932,-38.680366160232346,127.02913627788632,95.36096295922317,-28.900096502610516,107.13173264486731,89.37831514237885,-5.269544390668646,132.75844636674006,110.47941261350746
1,125,0.0,0.0,97.11799374454532,100.83321209139103,3.1737386411542854,63.49731693367059,96.75693175894065,27.994157171644368,66.8407008195459,109.94359548471972,40.396651699250334,110.05689796356575,127.98485049558865,3.944358438556497,75.4182817069704,100.34000092063297,25.45161813577375,69.23189541101044,119.76160748536765,56.19528175330437,79.39445656942806,87.53118534880701,5.895071012401858,74.8347538740953,117.21489000683295,35.89834777715458,86.56051277470196,118.28005362656502,33.47446821436565,93.89115887614714,92.98871396873028,-7.782090568499493,92.60299503092271,126.06730664154674,34.56864299142083,73.96894381730952,113.91100723184952,40.92687995455972,118.39401155124027,76.15666339414676,-37.04997116499504,129.74818176909426,94.09379776122964,-26.143393361204858,104.85851313348783,93.33614838538612,-10.873470806966951,124.46625757051835,95.35087933028917
1,126,0.0,0.0,95.6160727530106,99.74567659821324,1.9356659240683571,61.254601626155136,94.49304977859155,31.009325432892897,68.32753483458221,114.27880535137963,40.37703875757277,116.06918675014802,125.09972654626792,5.568546520010434,74.59288296757823,101.18034967354703,26.905588952935894,68.67167391485107,120.41525699905753,51.30240339838055,80.80154035479708,84.7368913768797,9.462786772261838,76.83604714029377,110.59920573463164,40.4465810700272,84.71565437401986,117.73568280629111,29.461023629622762,100.59134985954765,95.40508274858797,-4.183130399492792,84.81878723203953,122.72553268180071,36.26285750221255,70.9158960233425,115.01397751655414,43.88950328146273,112.55503230592153,79.66918171754321,-37.80918612984439,119.93851806451886,98.37145760137415,-26.825888039872606,102.57230593850176,93.94618646632084,-13.841640132600059,123.12677814465204,119.66914273817957
1,127,0.0,0.0,91.82324483303985,94.27880523548413,5.2437697658122735,64.9051350451141,96.13440055839655,34.53716142357843,71.34646847388484,107.98602897333225,48.86420531872218,115.86595934427692,124.44901971529345,9.680263874494429,71.36677852888964,102.37710508926217,32.601853101912354,68.20433545980002,116.4895044298773,54.53394968153125,80.01333948949163,83.35345882481892,4.745861743938482,71.94633980280244,112.79214129012915,42.134232945451586,81.05107270882661,124.64273809544102,31.261859161706997,99.6161404324588,87.20285856819434,-8.547021575168216,88.3621882904933,127.12452718848712,35.864624408658145,76.08904603131765,115.37193725221495,48.52791225043245,114.20325480166774,77.85237816655166,-40.659307346172746,120.60558405501135,93.4431982062473,-30.994069087084622,99.29531632572989,86.26777402206655,-12.168410129299362,132.31083697336814,89.98379736239312
1,128,0.0,0.0,91.47087379156184,91.69401709123356,3.1077932860361654,63.33930569010149,98.51342200444033,28.25892658855198,72.10158914994071,113.39105183428535,36.78347730841542,115.46825995175472,120.14444126460926,5.395441495880703,72.64857088946174,104.22894078152599,31.595183771516467,71.29204245728002,119.47331210284015,51.33333800008503,76.85935611490156,81.8673000787525,-0.2888679120857027,75.17849579947651,115.05142665198107,40.4082491663795,88.1043600717396,124.92629460041901,32.09932086046461,106.55681885246726,97.17592960311875,-6.197879826809357,88.22148461448157,128.37927452703735,34.00153164576541,74.38276045882544,115.75087340826289,37.199197706402224,114.53840780081624,83.11526050615925,-36.379439611502676,130.37609044526087,101.15287248128132,-28.57083591242927,98.25490762443584,93.17756574646367,-8.29192893009343,129.85716391891106,124.36175313122888
1,129,0.0,0.0,92.35464365529465,92.6457668717317,4.877541455097474,65.72546398308145,97.62793088570153,29.12210644445176,74.88205688954012,107.31044428085288,35.532386058752564,112.86705639549999,122.57083003482765,10.891321543116302,76.69553066431784,102.33187364309035,31.106812533841545,68.48058848998421,124.38325523553074,52.128357420757496,83.47526448496588,84.862595974273,2.7357438267127168,79.14874466012584,119.50662907998914,41.013063737146375,86.36031743393237,117.79603536487474,35.67551776913091,106.10813114333463,94.96283809934329,-14.454739672090724,86.91522831886944,115.67558920639556,38.79670363855922,71.11535899298579,109.66637202644226,43.93208358874747,121.36057314996091,75.07100476815387,-31.34874706062815,127.93710822070314,93.1487869397842,-31.664810490438004,99.70800956784547,84.55448475435749,-6.440105799417351,125.98934402129129,110.55722231083479
1,130,0.0,0.0,89.84157450887093,94.38556717024228,2.8686739871397657,66.69159181662612,93.91291600614882,31.877169242672814,71.41502198732381,112.7709335805777,36.95484014726608,113.97450129748198,116.50376281822524,7.298178409018293,76.03634284199558,103.22442908386954,29.288875271792335,69.23711662033969,121.36589725305019,57.53716140212413,80.98697124846382,82.68814988842507,9.182215292199391,75.01790954454562,122.60555697472024,40.69055123498966,84.4796465013913,122.6070561595151,34.78236281406609,103.10987513095903,92.70921291165394,-13.599771009849924,89.57377884591666,126.7876441856837,39.22434804085882,75.47989052000277,117.34615952222674,46.86611467191896,108.79972575602936,78.15640374835071,-33.41791669847405,127.15140962828005,97.96605291914803,-30.198468959667085,101.61550312579196,82.6222167032793,-10.584115067486392,127.5203635213462,87.80894348943818
1,131,0.0,0.0,91.95075256586802,95.25454963156363,0.5772527907620919,61.40795466855922,98.10291195523223,31.827074037504836,73.63521757251316,113.55059436746006,39.819124422818376,119.2035421558882,121.19079611160421,10.663737407149814,73.46782552266629,98.80902117281853,31.383407480088657,66.4582547344254,117.50271582767466,53.50545496999422,76.35078863396353,83.32113266522563,6.587537467865511,72.87831909092937,113.71880246254251,41.46682706523661,89.03307704782983,118.1952059079183,29.52116151448125,103.86218893074899,86.5557166026568,-10.470779375376697,91.04360577448574,121.66518158226361,35.78065253754766,71.49109634736743,120.63723840642484,45.52281748687297,117.68948576132529,76.8337861833732,-34.77749260199657,125.0549543433654,93.484828822392,-33.00345973760041,101.55086739558476,88.29057414467385,-12.367560901871194,122.00001347824526,94.70362640935886
1,132,0.0,0.0,95.23851039702042,99.24839099164652,4.628671058225359,67.42532975493667,96.78731713884827,33.151228816327894,73.0323337029264,116.26800167467424,41.72834982599019,114.04249783685542,123.11116493699535,7.011649738909954,70.56794681092603,99.50496356018645,24.829019478357004,65.20885169429678,122.90586922341808,49.773483897326244,77.96337268684272,85.87981453821111,4.289446447691437,75.08993745957514,113.83269000539988,39.30986966139575,84.2420323526175,116.68986354968943,41.59045792907712,100.72456274589726,92.74736068089477,-8.088705307401863,88.74023620380186,128.63555698755434,36.35560935733823,72.70487846628653,117.91509968387817,44.82404959477249,117.66639051703184,81.32124866410743,-40.682186833291766,126.49037335632242,93.72034785782867,-25.28434938127781,103.98355638922496,87.28328965552726,-10.73267404847697,128.48308035082525,74.42653090936885
1,133,0.0,0.0,93.7261209550579,97.93191094677624,-0.3592965711433731,60.32057007805679,92.23965079612857,32.92480848074374,70.10025840966378,113.19535627828161,39.87547182513089,122.90423662084183,127.11748139123623,13.60321291434127,73.10246150896303,96.88735783288155,24.42249878257099,67.00234161551417,124.41203571805569,52.823047804844,78.5099728281744,84.3758462260235,2.776109934050498,74.97223511498973,108.97800871034195,41.72599851544029,85.12686538437337,117.18739917968969,28.651703261102988,106.52324679505536,91.39487821874708,-10.687000406240088,84.49916208708719,119.04515950316474,37.18206820732901,72.48558068495176,118.19126164594115,42.64684011111331,114.63644022578735,76.70818173393114,-38.865607428630405,127.61461389279714,97.0228164374958,-31.54082496893737,98.93127351909132,90.3560165298155,-10.15910444359052,129.86350423851363,99.96457820101864
1,134,0.0,0.0,91.37871623456036,97.76293210906772,3.5228423997149734,63.72108649277486,93.86901109845579,33.775617223743595,72.60395614408294,111.12358918684956,44.96274266734466,114.16410773142927,119.28809429425132,6.516458461082959,72.27831768767788,102.28622598097311,24.821335822826036,66.50734596926205,119.73737805716672,50.61781246653927,74.88122419519328,85.28307458962664,2.938415590586507,74.37690152829225,112.966674785708,41.536173195553836,86.78204801272508,126.47467751306796,35.46045066260609,102.46476429475686,93.7576352916226,-12.330323475140402,82.5143153765288,121.01002942010473,36.209984423671045,75.1918905005312,118.02592734065914,40.35651660460257,113.28933505532265,77.80632850878364,-34.89363290263759,124.6510505226719,88.3856061133491,-29.24822555845022,100.83977426504812,90.72451581837532,-8.511210643618028,129.09989008873865,91.43314977810839
1,135,0.0,0.0,95.85419238383264,99.14110814332896,6.476864835437661,64.16154591474579,95.01448740822421,34.020618206907976,70.17278443794319,113.94515931832706,42.25819469573579,120.37308843883646,126.820401072929,10.979326510246814,74.19532707550005,101.45339796471922,28.36741414012911,69.02826805853465,127.66166600925513,53.311033016067036,75.0862958691425,83.21160071495929,1.1571990644262309,72.86446353485941,111.84934964630307,39.23328337789311,88.07682545964148,125.78065673366417,33.35960829951692,108.58432572033045,94.70815312835188,-8.792509539905396,83.69633426225066,127.2769974825116,35.33317460211838,75.48235322057327,120.8836854456643,38.12127230952755,117.4371483963138,80.97994323389514,-37.43848416948393,129.75435977657253,97.75414291030107,-32.793188826320936,99.08950758180575,89.66806596100476,-10.553354697748007,123.44375672689928,132.58761913745764
1,136,0.0,0.0,95.51884952726908,104.8220915021498,0.8754538757079655,67.34638387013959,95.32823030700425,30.10561295171771,69.75275759097043,114.67254169780385,40.76295294939426,111.73401329126676,123.23357480195851,11.65246852521415,71.00593658853728,101.06857696278975,25.594903471818114,69.90567108969172,120.97719907725657,51.085272971528916,80.2652870300573,86.40479786016844,7.587966221414362,74.18799410802029,114.22097456993707,36.49681626509914,88.68867465951351,125.56642435310458,24.437445159477665,99.03950721964384,92.80155858842326,-8.141475310813716,87.33762184366506,124.00067563596396,38.56220020118725,72.92041537901332,116.35803140247842,46.21905616207977,122.55659955253938,76.96488064621674,-38.77490131330192,127.5912393857531,97.53720903563737,-35.204664116262556,99.82419961152387,96.79937903985923,-9.016872846150855,132.8417772045991,117.81485534657955
1,137,0.0,0.0,93.70292963438787,102.3787167608019,7.178052539928643,64.64033984042915,94.88263295359873,32.27192222027105,74.036647439432,113.7985199183267,42.92418412317282,118.62212169155458,122.76461861940298,6.855197915326264,75.51280230128563,106.27844865400073,30.594866167065945,68.41769313470229,124.70788340332459,46.32099359043762,74.69468868029921,84.3570898995319,2.3722081939224546,71.5975679482671,113.00845138129668,43.00368091109101,86.34035370993291,118.09641969972967,30.70675630573095,100.47319758577588,91.0808194557541,-4.288000181464499,86.27054346300672,121.17438956541892,38.797828543867055,70.53936672249027,122.71327968219192,41.004293434403344,119.46618180923828,82.03197373107635,-35.35171759077922,124.42710183682944,100.58751772136978,-31.965164112853746,101.03891854293714,94.61027603378447,-8.342891011049153,130.85584666995194,101.99950623208099
1,138,0.0,0.0,96.19574848532442,100.96956775664076,-0.5043402613858667,65.24934360399796,94.27994607566735,31.18673223774515,72.14148608819539,116.20566028742974,39.91446619463038,113.08032208218056,119.47522463016129,7.430451243441062,72.90964796566445,99.14562244825443,29.41788706010428,70.43526222386492,122.61056014213105,57.237555479657026,79.61129909406853,86.94192784917571,-0.9138170915366111,76.99125284267964,112.87807413687975,41.605837372409475,88.61856270918034,118.49424497626133,32.76981896673911,101.60913287311504,90.69829275719066,-13.37667911666836,84.66872025268376,133.12570383371488,33.8626225019557,70.32775603508188,112.94124126687846,45.426715112991715,122.74450930152146,83.41009409206973,-32.79963197453455,119.25996482242819,95.48960631527083,-26.84360021680621,107.90334252658303,88.53967734273421,-12.859253949582351,127.75116602068192,55.068474165661925
1,139,0.0,0.0,88.23530497496643,96.34625095616798,-0.1909644610025918,64.30839672837432,101.69415972224246,28.560197537400228,68.66049904788608,115.94395843413253,48.02813912275535,119.9942448898308,125.91401503630256,3.8041438611390177,72.47562164029067,105.18451883342483,33.25513214398494,67.40360940984367,117.7929367655445,46.93148114903165,82.8924476456072,85.28434021208061,8.14501291260987,71.04153849739762,116.12051267770343,40.392878658011234,88.95126915433606,116.3241199491164,33.35071363393976,107.62614920201806,98.24946871701296,-7.042926570932767,84.71008367834919,125.31894852377033,37.88860070775041,70.39226842259413,116.90397414932461,39.2359215013533,119.67186457985001,79.28906815245644,-42.52433038962393,124.02039290064697,93.35036775842917,-27.737873912879664,99.78102809979882,91.06774660467927,-14.006588444744583,130.0905573605492,115.32318439890426
1,140,0.0,0.0,91.98992214708966,93.76183539721971,5.847825391385287,63.75022061073963,96.64623098032341,33.23294780606109,69.91340536345125,114.41023546204457,40.5356802658145,112.86356088740779,126.7583084889656,6.555022285400348,75.70059918862907,99.05057336057519,22.929573749628894,67.85112120746552,119.18983686197097,50.804618240426215,83.98293824722656,81.32236858741295,6.123177494517199,71.40553340415153,118.57957266323457,40.21212381858552,89.29753663012055,123.03017099928509,32.49357967107425,97.04381232708758,96.57647221830922,-3.398642690513759,85.91062668812033,120.94600572485137,35.350042295796044,75.06577255212638,116.61617550892554,43.542897044879474,115.29715777817766,77.7953434543345,-33.50994088309713,125.72226949958218,94.9912593132009,-29.187194853111645,101.60358956678773,90.27098359913306,-13.108657266139335,130.6901572791081,83.99219600101691
1,141,0.0,0.0,91.56431061844685,98.25244876209138,5.248022556073873,63.92099058365016,95.66526497536368,29.395276593878148,72.90875584749988,107.68271053356942,42.42078856990733,114.94074134791839,115.15869467350774,8.442629732094678,72.52300647300686,102.96920432882627,26.258322145364364,68.84046972245275,111.23947459394466,49.69822570840393,78.4452272685982,85.66683331922633,5.794478444845035,74.81354590272197,105.52759553150878,40.69404666830712,86.32770401407289,119.11045406561308,30.999194354455305,104.98545636966571,96.63608839959655,-11.325317205668528,85.83682643711794,123.71153137761691,35.004438565172144,74.64316791608081,119.02435422970828,42.63388195860404,111.5891650361748,73.13606564133943,-34.721866938326365,125.17361288550497,92.61095004917468,-28.418984759373025,102.9017144741312,90.82641405913371,-10.785026962957046,129.98369241194743,80.90874624932707
1,142,0.0,0.0,94.68967270440955,95.73273358616883,2.2807234754475285,65.60758170040413,92.18504645079406,33.29174546623194,68.9018379607057,112.48303254904069,39.59610991186706,120.23611200425103,123.5724909483489,5.846986407839093,71.54045166385346,102.15067344815142,22.66161623945508,67.49210059141662,123.0340386189105,58.29246621478027,77.10377332660106,89.30963308015782,4.141022686385553,73.01934538503825,114.66153135298299,34.96915647009295,87.03089186905672,122.23343082536014,32.351783454086096,104.35763746328854,95.3765271566475,-10.209503517093127,84.95541226416145,124.40264533862093,42.64736014355624,73.42714752526966,115.40819368626936,44.57752005621091,115.44862819770422,77.9424724555758,-34.51187714507765,136.41435291288164,97.12351009425086,-26.73324502635171,106.66196195303175,89.9934615004537,-9.495057400248083,128.41712172946586,59.901786674030014
1,143,0.0,0.0,97.00340911557095,102.91521110824708,6.010290116194026,64.45702406705269,92.88237856709961,32.79059701103946,70.47669981836388,118.5467935912831,39.76671597329973,116.95381585954254,123.07931177129741,7.0926832162352405,69.79247319272909,101.09388442792991,25.766509624080733,66.71648613835073,124.41398865424028,62.02506018958482,79.15350851337915,86.30377134458149,5.767369862128163,78.65591563998328,116.7210554845183,39.98562218232125,90.058689537989,115.92463208252842,26.50980272393242,101.75572414563558,93.99081282604492,-8.50652569961731,84.83860537774049,122.82112633339067,34.29995650827823,71.87045690076397,124.04298137344786,42.63265433258489,107.61420212881166,81.68844960172542,-41.15035145914796,121.50266061990256,99.7440368807078,-31.161457834065224,101.62111053160433,89.82917497409498,-14.890644104008302,130.82153117541222,110.57431001257208
1,144,0.0,0.0,91.56330722424296,100.59168126028283,8.359574776887216,64.78498226818921,97.44996425868199,33.1371233127883,70.80444101229753,115.3455016390953,41.93182945450291,119.48999227688131,119.06501042726794,13.199410390679818,73.8228959274251,100.83814722577354,23.48738316046444,63.621502469907625,116.55957603156833,51.859924748123305,79.90840461537674,87.24586436043039,4.976871332849774,74.5039195561235,112.34014005529563,44.18113784002051,89.66639966496247,122.84302485626449,28.123621784159987,100.96596660357233,95.41152912983608,-14.832591116104908,89.69943184350441,125.79486484397346,36.6516704518204,72.73681565005872,115.85560001779652,40.79611446930598,117.74952226408672,81.88255203048594,-34.833814555380485,124.52387773370434,92.9424519035471,-31.332335684627502,99.62386676155565,90.54538800507746,-5.617077432629021,131.33660041391784,112.76563814768936
1,145,0.0,0.0,101.55991234831882,95.59482119260007,1.3617779682818818,62.99292412641181,92.77141407644234,29.350639646690787,72.06618602699189,109.88107004282138,39.30184792872929,113.57359924849874,124.00110677368016,9.828506299054037,72.21476640359562,100.892941227529,29.39657056894359,69.15104103440439,119.39302189480911,52.65032908476655,76.23180120243913,79.83952956380982,5.322526777900067,70.48412134867722,109.363429509491,41.1905672690533,86.26830717008714,114.42742823735618,35.21645199939341,98.65466853419422,98.99178571762258,-9.018389419193564,87.71848599524971,125.79778780507414,32.36337357998406,78.60641624671442,117.20159959771681,43.709210707857146,115.55042820320492,75.38175585850384,-37.01002882471373,127.85588480467135,96.32311118425837,-29.49564204912457,100.61604882385495,90.9279218524425,-11.722088992070601,132.0819007244523,75.92140431708401
1,146,0.0,0.0,93.02811805740535,100.47424196066089,-2.25371951552785,66.30522784797574,90.83191051261905,28.1147628246279,71.44780398672319,113.00359120338184,41.35152910668501,111.6891767671003,123.93021154010408,12.074046602695775,73.07945603093057,96.02165968631398,30.89529236002901,67.7715791716473,117.36614912199609,50.88992917781016,79.7262401626103,85.59114701507036,8.761737066260567,72.26008795489379,114.09907990593425,43.942723183244425,87.93711544305327,119.82236255166133,29.559136849380394,103.97606813193438,89.71067177430201,-13.75597522334407,87.80811898841696,123.0777056426913,38.735385574321626,69.46919056313281,114.36165124515304,43.215405639322896,112.36725233126455,80.92490254507923,-36.324488970633006,131.15225644135504,95.56672557770663,-27.326590246915025,100.19216734045814,91.84969957316574,-11.4140448087499,129.37203295366072,105.83989478346375
1,147,0.0,0.0,87.39041793006325,99.0601375890709,4.526968638918883,67.57607479749133,102.38541277691886,33.00757961116745,66.64580220212754,115.89313290454416,37.07976918364639,108.26178262162084,131.33453434033663,7.465274897454922,73.38145937735705,101.38805078389538,26.81993684781952,65.39592961555164,121.23773255317631,46.946220574354946,76.86719675949642,82.41718604208585,3.3682595350564952,74.57862305283369,114.28798874051746,40.70710014451535,90.76233304973087,112.30954427095273,32.581567437806314,105.35527140788146,97.0394385011761,-13.837058682491751,88.2772781613142,119.83282250682532,35.276464950079344,70.84355966015745,123.8834307976237,46.06886297620754,111.05568647898986,80.28154134592911,-35.65902228953493,120.38559363094298,95.73987716766604,-32.76250741673783,101.21782367315068,89.90974058096661,-5.273465615494283,131.71373230596294,112.30987920392943
1,148,0.0,0.0,88.81870042441841,95.4990241189026,2.3851009118513633,64.97005439455201,95.29610134528619,31.520328415404215,71.42213343446758,116.70212483204597,41.79637666300025,119.84164617950624,121.42469333361136,11.589614332744219,76.6415544149006,97.97880298911613,28.580926032727845,69.65180963205177,127.9546518736446,46.611800826636255,76.85508504986397,87.38010610926779,7.666489323347421,74.65552371789356,110.54331432415464,34.72179777989246,83.89090745100917,116.84563301587478,30.860361639194323,103.89828629026874,96.23707130686827,-7.970092522238723,86.52260668694798,128.94573311583684,34.06018969388036,78.61593379255807,118.24442493240994,45.75613993980712,115.60972888184857,83.68550197384258,-33.10497106934852,127.67542264817045,94.0301034656285,-29.932835782958463,96.12777018834404,93.34683730683024,-15.117383599644217,125.81589635047936,114.05953376839307
1,149,0.0,0.0,95.28751640823938,101.75239624975916,2.1098673907865786,65.50432324731032,95.1200072006877,32.05989386126253,72.4819067995057,111.59298047496284,40.65720054742578,115.72220589664192,125.40615229981752,9.303342189429502,73.00712847086326,98.51708555109884,26.995988732679837,66.16796768095304,124.68106697541722,51.187402462813466,80.35884456377902,85.22669042256155,1.0222442513152323,76.23717062918044,113.81501552467451,34.27176845389366,84.20496385946669,123.37706463035988,30.271137832087412,101.26613349308316,89.49782857743995,-10.124570783906048,85.42518881748698,120.64017956632134,38.867624584735616,69.97459122575104,119.90867169937563,45.75128608425015,115.35288583119434,77.82484669514943,-36.64119407464584,128.85350084190281,95.10030898704672,-26.67029880112795,98.43998115211295,95.83183383640805,-14.48906045421738,127.15953449151391,110.14062619018532
1,150,0.0,0.0,94.9812886365575,94.0638502935082,2.1130158516454065,66.7530580505532,98.61259029930258,29.328042215220062,70.8804219824577,110.48250641769503,45.892527858191,112.9091538349421,123.89397621667781,6.487455632446488,71.72590906812927,104.24202076254382,25.193441239812824,66.69502510746297,117.06796273848,55.3936500012687,82.29321220846619,82.78231841975413,3.4880799893073373,67.4473111052872,111.39812739983797,41.43031523735985,88.93909257644837,117.24893201393743,28.207942314110067,97.50814238949361,101.18242860506797,-8.613746886533432,84.05297320372969,128.89440006618432,40.50849821067381,76.87659639748917,110.18380068544926,39.86555951170731,122.65601356514074,78.7001007782892,-32.674698542125455,127.42282095656225,92.03016656630656,-33.78421226205464,101.91076116006369,88.97528905361922,-12.418657002188768,128.1931127481527,90.33406662041031
1,151,0.0,0.0,99.17688682079233,96.31775926711721,5.420675822779365,61.81239186422029,96.2935438440312,28.96564276911948,71.4078852418219,117.19315076231234,44.432090267963346,113.96996430641042,126.11585598630741,6.666797207078373,74.2229892463794,107.47956791910099,25.849498695173047,67.57222104507868,115.78245573178043,54.91377657336838,78.41769973531218,86.58935983162797,7.67994563155735,78.72234501442952,110.00830401203034,40.16144127271288,92.5597607534393,116.60287269324085,31.152676751469656,94.31718253808961,94.80484406240889,-9.011340295696169,82.01566893508247,118.04327625459607,35.817195110335504,78.24301815176011,117.30539330120601,45.23365526709871,116.06697177971058,79.91788193755988,-37.55718005596647,121.97898709051348,97.30065512353647,-30.291933567982852,108.67465390148706,91.17339955754055,-10.862418789109062,122.7667442112297,102.14379814434649
1,152,0.0,0.0,89.62862774371864,97.45800841781254,7.903170964352766,64.33291504887083,91.91441589236149,35.41675558468252,73.03759405128011,111.87742733360376,42.017121056531614,114.96789523983536,121.37175796158311,8.696423377865074,74.33586130223978,101.1109786090854,28.618738020688493,67.80428338011856,120.31996789203245,55.48624956387095,80.84690493417433,85.86510213039357,9.80508752795086,74.31511699473488,120.05166521928736,39.34142020760041,84.27607586420088,112.24543865884718,34.49343531759292,100.71878454602974,95.33504004461106,-5.7688263237304245,85.707147408655,116.6606613447407,31.334724426170567,74.27025382740192,115.23579028853445,40.038893965434404,108.93822345615428,80.9105660918854,-38.77570531569139,127.16355538186964,93.64940659481032,-28.94619255208854,98.74018520116684,88.33281889675908,-16.448783902613688,120.80339047791786,97.01594193124659
1,153,0.0,0.0,91.03722457828204,98.07036515012668,0.824797260904675,65.17589778749017,96.73784433536905,28.29675703798515,70.5656122945419,110.90089805174688,43.33438813732897,109.7859705314568,126.50802225120074,6.421874391723351,72.03221017462646,106.1194526881484,25.118682860694427,67.56805893453395,121.31145922504537,50.52981352473725,79.66583859115669,85.07489064473576,3.557941594554501,74.43959409553327,115.62454238105178,34.262764960474414,88.2576925496469,118.00810008776284,32.01187053692503,98.17399254802598,93.56017278047655,-9.523534823456451,85.19177246071048,124.93829487651567,36.06334941580979,72.30195547785186,121.5611914890099,38.98653246208755,112.54578643540951,74.33906724511806,-33.84865947455434,124.02359508219216,92.47482101445694,-27.589508751367962,98.8307336448692,88.63424450403252,-13.100848319145452,127.62922066564671,90.27105256780204
1,154,0.0,0.0,97.21916441874546,97.34027568479294,7.316981552342618,65.08691900078911,91.92674518027226,31.270283346178026,70.9878202618427,111.07039721858897,43.11903928727793,121.38066475873048,120.06918479414125,9.775892337959307,68.98690076654664,98.38808793496514,30.967077651009262,69.4439023478365,122.748413945796,52.034955198253584,76.77194105805555,89.87909968450701,5.113918453579803,73.14390037596188,112.73156421905063,39.46477821699026,88.94102815306711,119.31202229117812,27.781776609795674,101.15200133168231,95.27246372979403,-9.973601284703706,86.70699257239028,124.86671404317065,37.12430155737936,70.66281811626459,114.07876754750454,48.097694820766186,108.52447633948113,77.51245904666692,-35.36443379206404,123.9451168605829,95.87905317898401,-35.09804266347092,100.9199704502983,90.20040996834913,-16.157259668675678,130.66138932252616,120.74766598320895
1,155,0.0,0.0,90.83273637770803,99.91662604416854,6.801375762922355,65.65178209013479,94.48235268884662,38.98096321673554,72.79826152101103,116.06045100826799,45.32362565316776,112.82450961657078,131.93235670946405,8.228255639090504,70.64306879756374,99.75739597432444,29.94562397989199,64.88570212582621,119.20684768555658,51.755597823334604,79.968990278848,90.48119590705977,6.97241647039915,73.68041825260181,113.26317544474315,47.709980980785666,89.11879640035339,117.15588525290055,27.396888938790568,103.9577311893642,91.53904018133433,-5.1761802365956475,86.3370790713905,127.22346944290082,33.45108046306459,75.23114759267308,112.32252700697327,46.24539869634281,116.22384961614982,77.39092758000895,-35.148612263643635,128.02736448496069,93.84645241418784,-28.26201480562387,100.46752393243989,92.67030657607603,-15.658589447478708,131.47857893796333,91.3528876677715
1,156,0.0,0.0,94.30475030169099,93.41917663172629,4.289491336466006,66.18273090919101,98.9400531713434,30.529118544348975,68.49039680861192,111.61742769814816,41.39481945485943,115.61948566718739,129.0315376759751,11.0358448700785,70.7004034000746,102.70686025549324,28.568224054916744,70.48939749531318,123.74915664913713,44.91371390327632,79.64751040538049,88.85702251740807,6.58780759066216,73.47252120761944,113.94275805366888,39.22445794358255,86.11950014928904,120.15100069339633,35.86296629864626,102.55077694041684,89.72906517761157,-11.507715250129397,83.36013652894525,128.55186736718065,34.888766766296854,75.5946538622528,116.33379968651384,41.504193806977646,119.67237358258373,78.11583151902451,-39.305184378676195,128.20150356293894,91.98697118263095,-26.6015755665866,106.30249944784102,94.13517692746404,-7.932137618958086,127.43556427452324,82.65081336553084
1,157,0.0,0.0,96.61332806507971,96.5304256579314,1.7948812122883857,64.41680328307913,103.23236122976147,30.61578682637787,67.94756863587939,111.73968437296774,39.32478303632075,109.31030507248146,125.16387748026548,11.410447554569771,77.01620661550498,108.1348725025363,31.93359411384971,65.38795824897228,122.52676861750025,48.951730766114565,76.5955643352955,86.94627602648569,6.815279179396306,79.74324364926488,110.75288133199476,41.52547314952935,85.5928613227372,118.88247949960936,32.42070957039483,102.3050942201293,98.37706751330734,-6.24152089401594,79.82662664926649,121.52348526113913,41.724614408671705,73.68724253132797,111.01113009049187,41.08209190035065,118.2183935974731,76.79394466873255,-37.874604705229125,125.97398822247979,97.92687887177559,-32.88889498838893,98.28167390853032,89.01879506122528,-10.889935910980807,125.1648154906005,113.90896943717547
1,158,0.0,0.0,93.7071013598437,92.94213233002127,12.695232900264116,67.72339600265508,93.77327309230562,27.787069548843036,69.88955951987882,108.44092321049888,42.475457653093315,116.58451346228846,126.22907812280775,13.288874490298632,71.15514717876094,97.929053064817,30.231833725538166,69.22456966417775,115.48949682574433,57.21488558202368,80.22692116054415,86.26512105393628,11.836676322615126,76.3043026778924,112.71461775142183,38.50980403852533,84.90074657813551,118.80855641128574,33.444149540725554,102.54993458831717,89.63356660145247,-7.954623717516181,83.13641438423704,121.4453813458043,38.994958864938496,76.3570030479353,119.64764124232957,39.19771130150029,113.76165202171869,77.07753163216663,-40.635184901925385,123.34417541234251,87.25313772816808,-26.0878343650489,99.07579066208785,90.39969441420517,-12.963279074265396,137.38716820512354,117.72239169464459
1,159,0.0,0.0,90.98300350985343,100.935053546098,2.9490375984117962,57.78543234102693,97.01179512501282,28.22957909549521,74.15658442468046,114.41834084327441,39.27853769943787,115.65528612387419,123.29225840581026,12.670482878061026,70.95016957144179,106.08534413077298,28.510066471635078,68.9589684852956,127.21113593926049,60.04262285281235,84.29066960747811,84.86312928427407,11.481490789323647,71.8888080826503,114.54611334100782,40.68525513324131,82.39284835305746,121.51488545307701,30.432367579241646,99.60941392722054,92.96892470702676,-10.483881302080437,83.1064452201411,119.58451679445096,33.86544241153092,76.44856935431895,113.9052833961664,46.45237320699459,116.26454110118199,81.39762515454787,-37.57933168900395,125.03113326033245,97.25615791184222,-27.217685199653424,99.1384130118554,90.20453452911474,-9.246455628891027,128.4667642832319,113.2216609729577
1,160,0.0,0.0,92.09537331551289,101.15732034926842,3.44468894777779,62.49825527256871,96.71201214695427,28.975917031926794,69.79947046685899,115.22375731541717,33.259352619378674,112.53342034752518,124.21803089970386,12.959986650294912,71.66695172758145,97.08469526999909,25.743759367701028,69.78754873882245,119.33134170135914,47.61458524350449,76.56638087522249,83.92652188530326,11.875582502003544,74.90768586201779,109.65980848931233,39.664094306961445,90.04306890013669,115.64367743245377,34.73981451954786,103.81691702490312,98.33288133898618,-9.603493714375023,86.43514595071765,123.46323689980909,42.659684540618535,77.72267667530262,117.78264223046591,45.00915790114413,125.99321259210356,78.18169920855911,-33.75186972655266,124.96447677195428,97.33816208087673,-33.22858667667603,101.47792506227519,87.84472912476352,-12.104775916783511,124.75124542139257,100.69252432638893
1,161,0.0,0.0,95.18983169876473,100.34046487891922,3.5794337188417322,63.26103867251503,96.59572358879805,31.54862975688024,73.28800059223042,117.55434596068174,40.25029347589908,114.36847242934458,122.15455753863182,5.892314208397536,71.7534644351931,100.08780340918905,24.3260961647483,70.2654245199178,122.42318590644925,52.77631981372181,81.33159731869458,85.95309570093167,2.827617556689528,72.62420206677307,114.77994954367473,40.67157176930083,88.92247530802156,121.43705946474495,23.0154759069967,101.03149043896883,93.3449137872846,-10.709672642459761,85.24887387705655,127.8892900138775,38.0537179282668,75.45190619284841,116.77458708065633,38.02260450069872,115.997161820489,76.61107203386001,-37.34534734832665,124.24384770197129,98.73090310244214,-29.966418638915034,103.34515709968129,94.06956366403952,-13.68997830771738,128.69502608556223,89.39105504584273
1,162,0.0,0.0,93.33508470482481,96.24778896599933,-0.7918854508392865,66.43348404621996,98.78778384390928,37.146266553104425,73.49593556900643,108.97300183982593,43.701207793703176,120.09873317616623,128.4052218139498,12.354088605325723,70.47740211194957,97.0982844586813,26.03115152934246,69.36695934144879,118.68864273342302,52.505158651974476,81.87533056864952,86.33424025367931,7.175382668480761,76.0218688323644,115.8245207211235,43.871572210224166,89.02200398374258,119.29315315729285,32.86939159654264,104.28255147821937,98.25998623803824,-5.826747354348587,86.16743160690416,123.2666392973464,38.27348129421381,74.9666348671999,115.94740717245838,46.320002457092265,111.72167131870215,79.64592660065358,-35.204011805911115,127.23471380931669,94.64958112586052,-32.429412428251496,102.05207272726118,88.7073604390422,-14.82454592351207,125.3228830555387,116.57521607524924
1,163,0.0,0.0,94.14998033581296,89.45281063553398,9.434958103068718,59.755882090849795,98.0364169745215,23.022552027718213,71.91341304579363,115.06129770480014,43.17781078433469,118.78173432780046,124.32129969975459,8.057446049731936,75.33493890415957,99.72347795726209,32.10022171973616,67.0149806710727,122.08829152867348,59.00570846086237,81.55432534150627,85.05504670282755,9.704529418977646,71.40918265009284,116.14664895000985,42.59293425216588,83.21621058145033,120.75328511717272,30.90964481895351,107.78550842547442,92.09403406186271,-10.866885755179215,88.90283434281021,126.31218526280465,38.572675709886134,79.6207473628274,122.47964083701137,41.662743894025695,121.01018537212818,77.26332587583828,-39.44967848617189,126.4873208809281,94.08058002136868,-34.382572739527674,100.71429076308364,93.26388095167698,-12.567132376370036,124.07376222219479,100.55682892186876
1,164,0.0,0.0,92.90628678509583,95.17920755250634,4.068052152143737,64.27748889286913,97.8270623802293,34.06203897009394,71.90557802478605,108.13794845112093,38.773945583930114,112.5256814440221,129.1772557937155,3.692526809112178,73.49308351206261,97.16281452167263,29.83355568199878,68.58784465998188,123.68457021760717,50.16613724873516,76.80930216376555,83.41195099772969,12.91036960257664,73.41540809433182,114.67907047182854,40.240464171188094,86.72746065088185,118.09449689291375,32.68931925929383,106.70093092018703,91.59697373700494,-10.29111899604821,89.65261027687033,124.30813075163042,38.045814664204336,74.41858515956935,117.37743227152052,42.19601232402022,119.79245167645348,78.36676832451572,-32.77091793918151,123.54589280729034,99.8406050566258,-32.218501261198085,103.332443109409,98.46692319692055,-10.972444971053068,130.59449186773358,103.71562527887971
1,165,0.0,0.0,94.13765690709434,99.02454104590446,6.503277770910368,65.25555091909094,92.48930400202097,27.33814324451757,73.39452284672883,110.82499803599083,40.231621606575594,114.48901269746929,118.08885655368856,10.833143093888673,75.27368638855182,106.41060392168687,27.872823595962952,68.47295888501422,120.4375811525139,62.098007686876116,82.9400716218348,86.02183740352237,4.9353176660520734,73.84101024000546,109.91630622900067,39.21722818557099,85.63789500692025,118.78619571443353,30.54346697244954,106.48824296103457,90.44910190853285,-13.010596700798924,83.32170035250765,120.91920545512272,41.47433829487835,72.53218321698543,114.3621044802986,45.0172557516197,116.65554678927468,75.07806588482931,-37.120054490885224,122.76605830595557,95.74540356062803,-33.449440102386035,104.80835320307798,93.7832514031206,-11.700850320245651,128.54136154988828,98.27471610100223
1,166,0.0,0.0,94.0988803075415,101.92549543388431,7.40301469419286,65.95404334724827,101.68031879176453,32.04997746165387,70.21599022004727,115.79178745814515,43.98232296767609,117.98028344173814,127.70099932500189,13.230819120589999,73.10435208408522,99.69216092055271,22.07670627557,66.16875368969527,122.02705550430308,58.252723841610724,82.28514411307255,87.07940284544955,1.1047317955321425,70.47351093543281,112.39543198359576,39.94183376542766,89.78467253216928,122.54374954603338,29.024169216901598,103.14313137495469,91.69170328368521,-11.860607217082045,84.90811914593915,119.3786866663998,39.13301961760019,73.90279284166868,125.18628593259349,47.638039730444035,114.4012283947263,78.29239318402931,-42.26770058606713,124.71710848538619,94.20320858571358,-28.271949589078044,101.58844381931746,93.82598920838686,-9.730572673389187,123.02554420085204,117.88657460036355
1,167,0.0,0.0,96.95719571065636,97.28689912144601,4.268762828548803,64.30466554537803,99.0694492877118,30.14316999495473,72.82475399104777,112.40578523985005,34.55214317572809,110.06642396263365,120.78874738843963,3.0293731419711385,72.8958455798888,102.95822769001839,29.539690163288228,68.79822965100969,114.84904526372155,56.12689675026471,82.25288556943198,80.75736071405579,6.247938755884191,71.60778139935795,114.36937080002903,37.48100111617946,83.59177945046564,124.69494344919771,33.47527370423688,103.3618502025636,88.94292583332337,-10.883951532988672,89.74572392361375,125.07628720693307,29.04205374228258,74.46226744688185,118.4280580694432,50.4909184726916,109.22549542839543,77.60690007736738,-37.325865173087806,123.70494774834953,93.57451309151749,-31.627707287898872,98.14417903398284,89.87859295987563,-7.5303252389221464,131.8007225815872,84.45167050072935
1,168,0.0,0.0,88.5482345981383,95.00909002316001,2.039730920220735,63.483000855259114,100.0107598957125,30.73779665223594,67.51864893200012,112.94770581604072,44.48661084425634,113.85300539112151,127.79707960118412,11.525081532193981,74.03816119270758,98.31615706280256,21.249982082260583,66.28623443440304,122.67592400649426,55.842215745946554,79.57809410663893,87.92780640957433,8.887508680912285,73.81108210438953,115.90887876017821,43.149165264186415,89.83956066214913,116.44485378575227,34.6828516467464,105.03874211298442,94.70268739692236,-4.260781744450923,83.9947966994042,119.48859339501163,38.69261615466072,73.85001636760632,120.32404616037631,41.640416621486736,113.25171212709552,76.65293131465629,-34.241274508427,130.14424889343104,94.55530836590478,-28.266272661917956,96.7871715940862,92.08949577526933,-9.145252760709202,133.00114313561866,130.70031528994667
1,169,0.0,0.0,88.04251912137218,96.21756853569512,5.59764188300074,66.07356706847196,100.40875647034815,32.781522785258105,69.90666351839671,114.76996500398073,43.447650886164844,114.29454836795267,117.73321244015159,8.614828983477283,70.09622577904703,98.44287160770507,26.736762323549893,69.73709133084931,117.67863626794959,59.283882710053305,81.76810061806822,82.47593330078601,1.9511053487716463,77.31133318890105,113.31173211924182,42.56444125055008,85.27721753887185,122.60880662179535,27.590483646221877,98.86703968266185,91.136491999566,-11.178427264560932,85.39153679556547,124.85757787809591,38.67853266486492,71.20004452759405,116.84142861119065,39.189824155335295,109.99425695343808,82.26212512976383,-36.238801910212324,125.80862979915781,96.64862576319005,-28.63914914584329,102.09160503537565,91.72110147019731,-10.193407300704536,124.58622337023897,91.16092585646342
1,170,0.0,0.0,94.60510072953119,94.9300551269606,3.9532574536273835,67.55535833237082,93.55997860179409,37.00359510362446,72.29329811626415,118.5373556934548,45.111249990653235,118.0458817919132,124.71254288372765,9.988337356679747,75.34538197655628,108.41478208060832,25.584765865110878,67.5030596414447,122.50974783150038,49.83308712322234,77.16246379972716,83.36165143928469,7.942255533760969,74.79802872603369,111.07629033900298,38.234156889512725,88.99558853484956,120.08047623437602,35.96181087465724,101.67232477520567,86.63260737555161,-8.399097449068224,91.9272920868345,126.9677308074151,34.67477047195492,76.77331479526228,117.79045750061569,43.26472833580693,108.67225741320641,78.57704249644874,-35.20502284240072,122.22199528993112,93.79644626013804,-30.714998666257237,103.8681401785462,89.12998184152606,-13.602232079360672,128.31804866209572,114.48940795908582
1,171,0.0,0.0,92.72597023992961,94.49740638857091,5.596073221092158,64.75568047650496,98.75129690156534,33.08715549906588,70.74581186461376,113.69675255385134,40.91796667002344,113.42708823955944,122.77283253997761,11.954305996363,71.1045436751541,100.65837741179502,28.017781941517764,68.32201932677715,122.93266668491448,48.17055228357314,80.11697239146926,83.58193618220005,10.994855636947023,71.13671191236774,114.08928513393032,42.70986664285242,88.26424164799631,116.98085723843981,32.66597308167685,104.30953313270966,86.95678141577073,-3.3892518636760993,88.36584556255264,120.2029693849111,36.160091718761315,72.81368392505236,117.49676877981466,38.62988148347247,118.48241407906913,81.97793319775542,-33.429413667800674,122.8456412765634,93.96685133742228,-28.15516238700299,100.45263043707384,89.5265253650643,-8.502875061090066,132.09605464919167,87.29379266805091
1,172,0.0,0.0,98.59614276454231,100.48348828983117,2.4627772194144555,62.50003375346283,98.18457442106767,28.97919387413446,70.97943016987746,112.61727204984004,44.78708888210728,119.21843432867638,127.9283084038144,5.121645678382064,77.77984401887733,108.62651656496513,32.18306612024535,67.93993203259643,118.64086285996571,53.65678654612967,80.01903010942767,87.62297156723878,4.835079382702542,73.57237607218754,111.49619248980261,42.00858968596855,88.56752080752693,122.94379893664183,32.30942880383451,103.68727686192412,95.63683991867212,-6.610664439444128,83.86334538077739,127.51865199288792,35.89482109155939,74.24099628189157,119.57441427804825,39.21149153935573,118.820552945838,75.79408374564507,-45.186547796992194,127.83387798737184,98.90579134336677,-25.658550095198116,106.86374235393129,90.34561157732996,-12.507363453652363,126.46192825261312,114.10859445183286
1,173,0.0,0.0,94.16030625214145,94.7141969763411,7.586992640985312,65.86396569492989,95.22246926266325,32.33565538313659,73.68289754596599,111.03065103115507,41.43821836055108,119.20139515270597,124.48360707188372,12.009543332184286,68.66260516171951,101.44464868202351,26.90115090842992,65.39534832108438,120.45961488179607,51.29343755182887,74.46904602630138,81.99145189196811,7.203754501276868,75.03397172315087,111.6517999923179,37.497506036687525,84.78410002994951,120.35749375303031,29.69508801292137,101.2716423523043,92.70923817783054,-13.025843137624864,85.32950656968568,117.51395348786033,30.75371629618329,76.66397630963566,114.01205152058775,47.44241556544871,113.47952708970855,80.63409702898333,-36.31293970850121,124.27933661302582,93.29897790779607,-26.434685383133623,99.68392430478275,88.05301278397533,-8.579710685366834,125.35346972458679,100.7444677261399
1,174,0.0,0.0,93.09545122702076,98.65952226324727,4.510251937653592,66.72357193178816,99.07604094834035,27.124725711401773,70.63194049364105,115.44722616559532,37.90346541884444,114.40965196497804,127.52398401256794,7.652309951119642,71.02093922859046,97.6233905607513,30.182817262487315,68.40513549358107,116.49706074174509,57.06322229229551,79.32119633261138,86.42127423175978,3.7526298276541508,72.95928855546147,117.10678840640824,40.13913038548507,87.06650691415562,116.0069440440881,30.40243530568577,102.97483268681509,94.19303681617912,-6.258303711091709,89.15733234409888,120.81048774878911,38.152092376797036,72.38031823550416,121.54339590934241,42.23128861378806,114.42528265382724,79.32031784565595,-37.65494270841709,125.15533333138562,98.30387545930559,-28.390602604682,103.32195932931387,90.60649935372396,-17.73789271891902,123.7947413111972,120.43613554840668
1,175,0.0,0.0,91.47147060520399,91.6051286050765,7.695610364413861,63.51930474636529,95.73424194313091,33.08134759850381,69.50273616833117,113.66838059566092,41.658163037507315,114.68089594191545,133.47559434436715,15.190093148007293,72.4363286006421,103.68273232368944,29.74118639547977,67.3712562493629,123.64184383622862,47.51702582883,78.96193656733553,81.5668930174234,6.610830019258785,76.28017117877656,115.9827173558599,35.67375879929716,89.98020588012646,118.11448639618375,33.58519599106911,99.05759299610416,91.0556457941415,-10.209233584015934,90.18509469877361,123.6015255467506,35.13076813079174,72.83652886020862,118.47861749959559,39.33248302583462,114.66603606819302,77.33891863674529,-38.94651680031549,122.56794392025355,97.67376216414426,-23.649494304956008,101.94334776370802,87.88982770749291,-12.626156808026671,131.42923752590715,101.95228111223514
1,176,0.0,0.0,91.63380789262645,97.71519953987114,-0.18865438154732583,63.741591338524806,93.29135644586138,28.48564229993254,71.92314969860374,113.58783829844002,46.40883056354593,116.13200674178876,126.19933117956231,6.588713561641384,75.76741152438073,101.78850720367838,25.891661270323272,68.51894639247244,120.8574502469452,51.78169823035126,78.65913922263542,88.92287194487253,8.082965600591935,74.07698556729967,114.5217239818844,40.94127896415504,83.40059405920417,118.96506877448144,31.167624397260063,106.38343408433025,92.3291118477466,-15.512712996038076,87.10745208564545,123.64025145336281,37.61737912586616,74.83313586101595,114.6809649662166,44.77221984666662,115.64315660519266,75.8568165314249,-36.8687644620762,131.17218970260816,91.71673700467281,-29.330550731977166,99.0998544266871,88.28789754992557,-8.850114708275356,128.97988606253077,92.60664437249125
1,177,0.0,0.0,89.58436255627984,97.45640045659482,4.034876374664372,65.65295258402223,99.45472399067586,30.20265442664857,73.2926743609501,113.91962253204512,42.671936911348446,116.32676272893507,124.99449270880692,13.664111848556537,72.02238356845626,102.62801953356622,30.730275756815203,69.90060485582495,117.87970644467136,58.76203274908421,77.46262270627301,86.60404127412636,6.9303511803000815,71.79986535033991,117.25652092952683,41.540700090234196,86.56018918292024,125.66888640997168,30.38716766964707,101.7733048150436,90.44200394562749,-2.7119113146835216,85.01445551478017,120.20287855388035,36.42604531016407,72.54637850487792,114.86006099107678,41.591272104049,117.03825559062555,77.6635146458484,-43.60625070087036,124.90903253358756,95.5159707869454,-35.653212973871625,101.21080375112992,85.49151794855825,-16.944463945630034,130.521182586428,86.74096999902739
1,178,0.0,0.0,91.11042041566543,100.33575908201824,6.364794547571326,65.35982003663518,99.03354976582851,31.896291703312418,73.82945443674805,111.86601188040041,45.347637431355,119.41149682382195,119.8543734130706,9.376193546230482,75.54757550266008,104.82019843157843,20.570480989087642,71.57806252051807,119.57977585165474,58.51226732267515,78.22404098052591,85.5454133964825,11.39613599267831,71.5958234042193,114.5694929466203,43.85373320835664,85.56349598187846,119.91402853753294,27.004315636294624,108.23137563883165,95.83555847767494,-6.682544127464424,89.5721561569972,125.02872954306027,34.00503288999557,73.88855634368865,118.24780858302879,44.37439849810796,116.09880546614437,81.71891557809288,-36.4189388380795,123.89433090123588,102.30491925190942,-27.552858364024942,102.89837712727892,91.86128327813339,-7.192847568026658,134.01560494032967,88.18945043519669
1,179,0.0,0.0,97.69256186641925,93.89238713532433,8.430117046590825,66.34586865069762,95.93781338896433,27.906687825467444,68.69162412579985,113.0134422924863,37.01546672403498,114.63346060859949,118.8089596296642,9.09164834336205,73.32961649050623,102.07157619279947,27.61204071878555,66.1339250966402,118.1147512811412,56.21864449928913,78.37403099636826,82.73149748454088,8.973603030300591,74.88079885131835,111.53448978408466,33.56829895624343,87.96577693408186,121.76690645581776,29.49488907599566,105.46405976120958,95.29834678553478,-7.702690936260613,86.34193714848068,121.7099143566531,37.835821158705095,75.68616002537038,121.51121036835097,35.446245289513385,110.18338108623294,82.95760166700556,-35.81501490793625,121.72281263524663,91.26788529063839,-29.117326448652253,105.07247593836749,95.22470287416569,-15.528418056025469,127.54153378666554,123.46072761999794
1,180,0.0,0.0,93.09362209793696,93.2195815933552,3.5226879943095986,64.2621808362046,94.63136638396595,27.285062991015366,70.86266358507653,109.93186448888154,39.525130506475904,117.86800311195033,124.936019397768,6.523702486557333,75.02017813952331,102.2303750391937,29.34619000809306,69.71571890147563,122.57424158074495,54.103846298973295,76.93122673450057,84.16667212248304,9.321569389141125,77.99352231546159,113.69152337716329,37.68608388830469,90.25140153453825,119.79332653519035,29.785170693657637,98.7708082901063,92.7866548849886,-6.420524480892777,85.45445611587058,124.31485609154394,34.54857147489301,76.826350620351,120.61433056465768,46.85151330399383,114.5860177788559,79.2158466156943,-38.60262177479071,127.21570881034772,94.46207355813847,-27.788356088331355,100.5098544668659,91.96013192372062,-15.582467249907422,127.60548331218467,102.5052009847061
1,181,0.0,0.0,91.76692553222834,106.77992303272306,3.7295495121393016,65.19013530442774,97.35749044181425,36.87407089541341,73.25796723373736,116.73615382745487,33.51993030071759,121.60107729807676,125.00234860479381,7.097441816860005,74.55228836996221,105.59590975358431,31.045027349614873,68.0541160586952,119.73529286024005,49.317821882762296,79.79020939924123,87.65300132997551,1.1108997192480965,78.32471962989105,117.70935972715664,40.78769838946943,84.09597761486022,117.27650868833,32.77783052361406,101.07399106710342,91.77954554635227,-11.745522884467633,89.06589367183797,122.91099616575468,33.10072966980671,73.91503683462035,121.16463293574414,38.65583393238455,116.48740370248001,75.18293815715714,-39.84377547007258,125.41704996819963,97.76548701987986,-27.70070535859066,98.12413080022662,89.68343400470154,-14.017027719670192,125.94602416096073,115.28247889283409
1,182,0.0,0.0,95.39926177052926,98.16655905756298,3.218285480142317,65.77527754356274,92.84949997371427,29.736762003947106,74.2790139028241,110.3517988388589,40.56253887893097,118.13831827210385,121.91923393170188,7.623985861350301,71.45622164605172,104.85286306805013,28.549464304661758,70.1043798195753,123.97111285635982,47.723507940630796,80.89786553224633,78.07187713891395,6.232879102329363,75.64580246688311,109.53640812959017,36.99203207497268,88.15488550063527,116.89179702186118,30.35677516209293,102.58126813496801,93.18972122125932,-15.614505750703778,85.23189141196606,124.068814783354,40.03487367256154,73.58135752252265,118.12621256407633,46.69840525395581,114.14851832506672,74.16942998645435,-33.60963048613724,119.43503216376341,99.48543024626082,-31.658808541095677,99.16627749651508,96.07929940600326,-10.17309125630237,130.06888126172083,102.36217643902827
1,183,0.0,0.0,91.02812725992726,98.43610472988439,4.025123390444995,67.68246018651706,95.85020813421207,29.71050686554582,67.03397981831816,116.95323562544624,40.90955214588065,113.44679701563652,129.82412909449945,11.83021010750971,75.7123394416803,101.98556266644168,31.146626193441026,64.60434821910107,122.64175544959188,53.82748397657139,75.84514721492147,92.76081885844995,4.319342926046832,73.71245501596859,112.12291090701889,39.76278011969655,85.54111152159972,121.69714033207183,30.582402364608388,104.98491160247394,89.75227007874608,-8.746079324813415,90.5750958660451,121.87352411871912,40.5561649603943,69.68461479808781,111.40972104330356,36.43525985664172,115.86521101586565,83.37768533340105,-32.54847563720965,128.59422146687555,92.68035888718349,-26.845066806007257,102.8576345155901,94.85535615932389,-15.08248652336107,138.0872116072273,92.19428852036343
1,184,0.0,0.0,90.92755610616518,100.75091504156009,7.516929328291686,64.48747405697182,95.5743020761219,35.4259472948226,69.24174575408883,110.26666264183561,46.18662869610695,111.68183621199732,122.86238517227864,7.101785081612882,77.54577048822603,101.12414338753219,27.02041068071297,68.19228381737143,120.611166646467,51.996787174790484,77.31612057362209,82.38531587370169,10.942266499810085,72.16146259672372,114.8189977709483,40.811829740343164,89.10310347760236,118.52320574794498,36.02992856822417,102.54126071594322,88.32397330648857,-12.544987216544044,89.11274149566734,123.65388201576854,40.35730387361296,76.8222285174301,115.62138662022359,38.79912922479631,114.44333421616425,76.22452554855407,-38.60956010927641,122.6683168579476,92.04952534165591,-34.01625431442466,100.18350840665705,90.22246315215867,-16.001443582587132,124.61275728326505,85.45292670772432
1,185,0.0,0.0,98.46089100076979,98.31456832417945,12.608625444159564,62.677212877626395,97.15766966101063,28.930304796461556,70.96274668657007,109.74895864696722,43.133199168519454,110.68527170681841,122.34182967957034,12.74194768694461,74.30022739643267,103.439516693762,31.08957798920119,68.68855677433075,118.53245372977415,50.36810462689136,79.92820243991139,86.20355011247848,1.1136447362843542,77.4877823530361,112.64397856133247,37.12151699142627,83.91137335546834,115.7425867600952,35.52043203136182,102.83366759669042,94.33198534548852,-12.529517696261024,85.39161715464606,122.03616492604023,34.996529469678556,74.98697400850888,121.41630536341064,43.774260778947045,116.98883887352011,79.5396006134137,-40.56439423580257,125.16587167683824,94.04685623858573,-33.35663833926833,99.81809995653865,86.80692835795308,-15.155524433427757,132.20261965731316,84.57457436970893
1,186,0.0,0.0,92.4860581253463,96.22046946197979,2.5246582406565548,63.114853754249765,95.93892461659472,28.790237250319876,70.69329816766644,113.25805707509288,44.04675274550443,116.0369012348023,117.49777748948738,7.843846875958237,71.08818229921984,101.53940748524445,32.1926792807362,66.68836165903902,115.23754398464048,53.08891110226456,80.40038598827172,79.07690621549561,12.321246515768578,74.79915039599675,114.93264824234998,37.767558395481544,88.21321202956696,119.86439520577358,36.54009877824742,99.62438828272981,95.36044883253622,-10.768546564201165,88.41414451671395,130.3455440681499,38.57851933784698,73.54289599985457,117.78226703690372,47.35105634125368,117.5096720553893,79.39391517719264,-36.91846628499458,128.36375702606415,96.04170070961801,-32.54231919052154,100.28135984068649,87.00939523018107,-12.797489907275486,123.33810079673715,120.2470127442067
1,187,0.0,0.0,91.95700126459099,101.12822715906452,3.8534945347082177,65.56676142802499,93.8425438148158,29.67597322337387,70.11712400438122,105.81708148829124,34.11549581649004,123.11318678489391,120.98027115106619,5.635316627059506,71.7058492774785,98.9705097876235,25.586728674902538,68.62931030589797,122.4635083426653,55.64608147665846,81.05676770048896,79.63344413376467,5.529952440188701,71.28571476376842,117.58011626194985,40.075065593540124,91.62823375857906,120.98446303406067,30.21154263715261,104.30360230097546,91.47622388199645,-8.87426453438579,86.07116587391623,117.98728178293138,36.62787920971086,75.64799802945414,121.45680408065442,44.017781684349025,114.0029784720552,79.07459163109795,-34.989422498501,121.3993615385394,96.36636972782098,-27.329004759958185,98.87074063381209,83.41203415335676,-9.405035872018587,128.53734352596882,87.7568561527462
1,188,0.0,0.0,94.96151635951477,89.7613033791238,4.850485333858624,67.3764946844421,94.49329924557416,35.250020641825046,70.79306614075178,113.05830891556256,38.271388570261465,117.60728197852964,118.51818685025074,11.071060065419902,71.62616577235798,103.98938964760913,24.55013167733901,65.6663533302023,124.378799545428,52.20815475326553,77.9214593530834,84.76373104287434,7.304756859449375,70.66506136786064,114.89474620940445,38.36212717515184,84.58931884852649,127.28068947078546,31.54510080391039,99.8673537473181,99.06149747185407,-8.949563259349977,81.64594851346037,110.35527701647496,35.650002380376876,77.56745733182372,113.53339026412324,45.62893228022509,114.53093905575105,82.15463948939521,-37.223175678156835,123.32165862233646,93.61262711733086,-31.47009585146382,99.73777131171956,90.1547133398467,-12.8816679395737,127.26329748632017,111.91675523568024
1,189,0.0,0.0,92.25491898387226,97.26743649691298,6.189024065995092,65.2122263857088,93.51260857475249,30.776196667289106,73.02505345380354,110.30263343042316,35.770082923147974,115.35115140874468,128.2526368629155,8.176358111173847,73.99097687274241,99.37564498583752,22.173261553217245,66.79364829693644,122.2867275340968,55.18806212422324,82.16785342312406,78.48304036662758,8.941403370241064,75.57319913414246,119.43975772087147,41.37211907533054,85.40353539576168,117.38255882015304,37.21069209728645,99.98550152170579,90.75954193496958,-8.423558906652966,85.44873309980429,119.96924086850183,35.56798024720481,76.40588258797823,117.16136905233884,42.28963729633423,116.60678683736367,81.1629877766449,-38.12278631319738,125.63633124488679,96.40844299736523,-29.156862844397516,98.18296907520453,91.36682425699024,-8.800599544899203,131.59660552430714,112.25154350939764
1,190,0.0,0.0,93.96465339124674,97.49175905978085,1.0486395645476732,65.14432855214976,99.87045977747741,32.92068120290333,71.73615024507717,110.35398251012771,38.41749876222789,119.67409505633393,121.18992327509072,10.118677470908677,73.44958051982283,104.91735907591985,28.900072631986156,67.70573993262832,120.07304232827025,59.50834377274852,79.21381561393133,82.78664659889081,3.117752437884185,73.7282640821536,120.66274558284681,45.255183835367085,88.68952463662464,121.0614633518822,30.33242466395145,102.91063181120654,92.3932685566829,-13.219457365681418,85.97394766010314,118.77407236957656,39.082695640236665,75.46438328063734,111.65853420699051,43.48316557334622,110.23157994141616,82.16380318369333,-40.27433489224063,129.51265334582163,94.92951010236467,-34.46122996917491,102.38480192825973,87.26808084224955,-12.332702783175206,125.6241992653755,140.05679995462242
1,191,0.0,0.0,92.31985945828669,99.28068310586231,5.292327518196836,63.44405491755948,97.95580208847531,28.06640638417282,69.55900251843839,110.09945596744457,39.628758979059654,116.33699548564022,119.11386098282492,3.3198242904113497,72.74927484636576,103.5164949307439,26.94834881234837,67.44944577562285,120.3219783745479,55.79063278726925,77.94508259193921,90.4757334269084,10.085467973315598,71.71122484501039,114.72691935262486,36.96793664887376,84.29860830821441,118.31413053517673,31.620581652127974,102.06778485033914,91.82269979259932,-9.13842526697063,83.1019577319506,118.74250860752252,38.59115724641836,75.23737072340506,113.44010039434497,44.00813498797304,116.5085151878559,79.56468134152055,-32.610599120687155,121.34424855541471,98.57359269162885,-36.30186888108924,99.6234947546409,88.2771167013969,-11.812919522480515,125.12964343138938,127.221079686975
1,192,0.0,0.0,95.40552744902968,98.4027754370039,1.6391323088519867,62.585317288395906,96.72475063290962,29.35890806142927,74.2269624970446,111.3982157198186,42.24078395669924,117.73215715309911,121.61601113907292,11.412049796732209,72.74715145468339,100.26065634944626,24.452180980291732,71.69239107483001,122.09210417279118,61.07777402696354,74.5355264783834,84.06677153941237,7.171900493983786,74.37642324908145,121.17655095642142,39.34846430767769,84.38641273241319,130.33250900020948,31.705286361450785,105.39120101775508,96.57800290345837,-4.868778185372881,88.9492974717407,124.40724693463787,36.311184473808936,73.16725217827373,124.55959742516556,42.63795555807724,114.07271535824724,80.07060967141467,-35.684159441420945,125.57707380721847,93.66486870401111,-27.193667781111515,107.67516305364829,95.54289770896656,-15.335288769234165,127.33370159550472,124.67642538042914
1,193,0.0,0.0,89.75313175958264,98.76342855025209,4.588425507224521,66.06184058152226,96.71162226363728,28.80148831899471,72.46704877414864,108.76345271804175,43.06581938733427,113.53347168809618,129.99750112598454,5.701695176513292,73.12485495072166,104.15094100372444,33.315504319673536,65.74676207354928,114.9338544994888,51.340190133837694,75.25011439443871,79.85700030166058,11.965058983162745,73.70658145236108,115.7840979335556,38.19783469110758,89.62699847165031,118.03693971159552,24.735009707537344,109.48313445146545,87.68724515252136,-1.5194667074858064,89.38225535667792,120.14438903565937,32.44399804676862,72.08828104419383,115.61649464530765,41.77739434867496,116.66767773106523,78.33293622133237,-32.11692862230321,121.86617802087447,95.35223189754015,-29.06213496104939,100.02544507806836,86.30444680879752,-9.349816516453558,133.5111331904943,136.62239266351958
1,194,0.0,0.0,93.99480976877653,99.76579562727987,3.342730325825785,61.02885771905327,93.41816405272856,31.244752335865087,73.95024567222016,118.21160662536847,39.23280611917157,113.31509859388161,125.30156834360473,9.10505666364226,76.31933298510616,103.31652586662526,29.06753703614025,67.16399964943055,119.25544239483958,53.696172776289046,77.61120037702189,82.61628174649717,9.721114036908592,76.10302050788628,115.52186144685186,36.64850524817357,83.05890647307727,118.6293765994024,35.61143340544043,102.45533171014068,90.4979139722006,-11.340047759623237,85.94942062926555,123.5172403408259,43.22633913309121,71.16953348178055,121.05735777948742,40.11757825001567,113.35986946991852,79.81328761781732,-35.012503369158715,126.42310781505815,94.749741420228,-28.875782934794586,97.03857212492898,90.63129264509534,-14.912641854634465,126.66966816413725,87.23286899031605
1,195,0.0,0.0,89.45250528307126,95.32129801710731,4.954514548327222,64.40490520277551,92.13891699234381,29.224680400397553,72.5608094555893,110.36193049554286,42.76021296196306,117.93982930092872,123.14644580568743,6.43608235118897,71.32656633792881,104.54635842147036,33.58966080654715,72.08696168261916,116.7925569782053,54.04165576413286,78.10190407389545,81.11294082352343,6.870818730119107,75.30476358819928,117.05239615274618,41.8665873623415,86.03960779126606,128.70887466440763,36.245431433387374,102.90733262031792,96.1644551889698,-8.041134833139132,84.86106556518332,121.20838620448313,38.58779932459925,72.01216972284168,116.78992299638668,40.36914275420605,113.58249685786326,84.83513750477559,-44.35048939922799,127.9877321924849,92.07204936270581,-30.839438216001497,96.9802645970556,91.94052862902156,-8.664709523951107,127.4106706831097,97.47491002892119
1,196,0.0,0.0,95.94954470711845,94.86916004986676,7.541604644757548,64.27563519285201,93.76860163563848,30.983879216336014,75.05092489020196,110.51511626850102,45.05273466232608,114.87505916395384,122.24728664546988,7.919157888815475,74.98369221590988,105.22108903697733,29.832200916753592,66.32226922987527,124.97381260026685,52.658628130460905,79.65743163355427,80.83439708255557,3.680228459087414,78.52735926297287,117.7200589828199,39.72541603981276,89.19670918211773,116.75548289139685,34.27469216786094,100.51052430922407,89.38348657081512,-6.239402122273189,88.01472869234985,117.94174481899884,35.39669136439082,77.90042397276746,118.22957670170626,35.17745149123731,120.36614004777624,79.56729553322035,-39.80112536782172,124.809438894942,97.00995530121887,-32.87986884506321,97.75653077536995,93.37585031931522,-16.275830679216636,128.2011411866768,66.79470098090614
1,197,0.0,0.0,90.76879288139381,95.12498379784901,3.631104074105921,64.30562882079398,94.20733475560844,33.69870745020855,67.11127035409531,111.65831378458628,37.22158450663315,122.62530311193422,128.65701355206667,9.662253563775119,71.70213911267967,98.86411126958387,31.408280602646318,67.39386210209999,115.66742923327028,51.60131829010659,78.4787842783737,89.91040839668717,4.425132558318571,74.70317043757566,114.48279664082358,36.704414803412874,91.02059580213918,121.2497763479987,36.18819322587129,97.02679534461629,93.48876140754986,-10.129132966884315,85.20103471936174,126.0365838631498,34.31853503856228,77.13937869345152,115.44835891234841,42.63581831839958,111.54960997130698,79.85643732593222,-38.52040875185746,121.25144215005173,89.47875502778317,-31.00116875375364,98.8702603804311,90.99322534604526,-11.847832053325485,129.28684196329192,117.36738710609785
1,198,0.0,0.0,96.18660563666934,93.38427130500702,4.4846184350752,67.86853196243729,98.69401737283314,35.37664979339111,72.44180101283378,116.87583600410042,42.644404149854715,118.88603525704443,130.1740956331992,7.607850782265984,74.26493230100002,100.10816117357845,26.507410132957038,67.46967188893943,129.572808990497,54.28124966144405,82.0306931417654,82.07873653090824,4.97189755429571,72.97267613256207,115.03525764043631,40.643576959820265,88.660503525909,119.28240482170855,38.29497915042866,101.76940043261008,92.3645693052375,-7.94521971422997,85.38863737541382,121.95977531421063,34.48162142592911,77.1720520182532,114.611858134732,41.82968247375482,114.25254866034327,76.23155589248539,-37.20838075786007,125.84788577876263,92.38809125945045,-30.88206920462928,106.27508231626653,88.45064358465636,-8.651344784066296,132.10324040616953,107.83270566512851
1,199,0.0,0.0,95.82305916142714,103.53534834652577,7.543821151469018,64.40592763237134,96.50835276362652,31.829646996771107,66.30037814203799,115.06073435911593,45.10526353695161,109.74511058062237,123.20319035291212,2.9213404878546134,72.67758553918506,98.15007757139308,26.855650327662904,68.228569342642,115.16399590632592,51.87396605655783,78.25072316533459,84.63885661642581,5.175099519819447,74.92258049621577,113.15820528108026,41.86212594307814,87.38251087582954,120.89128310031357,36.103166966063945,101.18941546527083,93.51694234062293,-5.470257603015108,85.3408284971939,121.62786310871931,39.760884469181065,77.63941926272169,121.5164090843235,44.777762866569155,113.30207743998972,79.49865346373944,-40.76539089897291,129.8410288189981,97.2773526530613,-31.263189849255838,97.40107356601916,83.07838291877452,-7.2029672466901955,128.70893989434478,105.28703780564217
1,200,0.0,0.0,94.0931395511491,94.76983701732316,6.865374750673167,63.13099925138645,95.62987702780069,32.129165025998574,70.0312717637521,116.8498885876012,40.544114758872276,103.98330325529838,122.72857103010224,11.013216700711862,73.09669797688873,99.09349124819936,30.203536665087622,67.07991251696413,121.51088622078657,55.389628840050676,76.25380701274506,83.97713867639675,3.606788928367268,75.00368084517034,107.83023946245953,44.04049580902874,86.84423231957807,120.24562147454647,34.81780053749574,105.61769571686554,96.79201000431786,-8.134752043143353,82.56207533091337,125.10470616195468,41.39800976246887,68.65644997641522,115.84716661129949,46.046308825183566,105.85263299672398,80.41887917213086,-32.803955228678134,126.0655688453906,92.50726531472074,-32.03213960322508,103.07228787358565,92.42353163612086,-13.752829142148542,127.00126965619182,104.33505079753391
2,1,0.0,0.0,68.8767245260571,178.7601880671296,110.4912172322683,121.77403132249478,197.15144502067267,84.24068023350256,34.86672869912337,167.11821663411612,133.56997639125203,55.12553158636996,245.63683558294701,198.1818666766764,92.99819831738083,168.3594383438177,71.77699320189251,107.29725856944526,198.87568770021426,73.25673628805299,65.02994987422143,186.11814099211315,134.28959442818473,73.42465502600082,189.90190942060565,117.03633664404035,44.36817654173844,166.92410146652202,122.65240233121297,93.21592848609447,204.9817520161959,111.36494571293275,99.2899885263503,221.88789821144573,136.900936494757,87.9025736625557,205.48693381039146,122.85939581647195,51.24894229754242,156.26317419093243,80.7042974628012,85.82977651022185,178.53748233864053,103.296083844937,48.59801069384334,192.08768111045123,133.72855839849188,86.63566506959359,84.87084096964342
2,2,0.0,0.0,74.78581523347997,183.47232058685756,108.39083068887999,109.08022172557935,196.5392847370407,93.80931106910616,42.49899943194744,172.4326145605856,129.83766803005074,66.45994093029286,257.86662885078624,187.59788129931496,90.64659394216662,154.26776109793263,72.46005020291902,105.94464704836395,190.29412126920155,76.81274060646281,52.803405168176766,186.39764532289263,126.04567690132,70.25894487999108,188.4425523973105,112.52572198643922,44.1633262630898,149.10884332547465,104.6849100176588,98.66683061666694,199.8307292709741,104.02273214317306,96.80832450641235,219.9567772352353,132.66716879365907,82.78130503596105,193.52386073185585,114.96383057593411,59.28668336783622,155.1981363911153,84.90231905909673,87.700835023454,164.67042592114746,123.19876272390636,46.76798776754555,169.9858283453438,157.17109934472313,92.40155955146686,97.16039330668936
2,3,0.0,0.0,61.825010128235355,173.24043371071284,128.38632032954774,105.00423815312882,194.54182627334524,89.58038437293858,38.5536599740415,174.86583767465893,131.34529167018403,57.1961496781675,231.29689415245474,188.1750472982338,81.85483450547814,177.47143081399886,85.77333383127232,110.91852397235571,198.5428733097358,66.43236802279758,59.59165620367364,193.99449148030737,120.21407646040268,87.6795612714962,205.96337284941444,98.05800761529571,49.27840938526771,154.64563700479715,101.44275445179491,99.69490572072125,207.60239097448488,102.01498040720678,95.48208145493014,247.2641425557501,145.92809380760983,74.86047332669169,201.4445507238595,96.11526374110618,61.89776811520908,157.13505241126177,107.21332761403286,85.80805883678198,204.0972542061315,104.81862234900709,47.7440133330351,202.47708518389402,133.30124045961213,83.99381146319517,129.03946910617486
2,4,0.0,0.0,66.60443041436142,155.26601220385396,85.48627566334392,104.94753022689024,196.57122750465237,92.3178935639441,39.782002340424114,173.11100822226388,134.9905119494502,58.974879869805555,246.7186061681116,169.45802344143968,96.60045068921455,169.00729045009544,74.29904413826263,111.25349676328712,183.78765246730208,72.2575288481203,61.08715518814968,188.37224459830293,136.50586576433014,77.41953907207326,190.08018052850994,117.79749970035209,52.30155456208246,145.89136433421123,104.59567318666112,100.34636215734781,193.06391931889758,113.93482845277774,97.97745953018453,220.16860032673384,129.724468151157,82.19230564232551,197.74588988170584,103.10667517127727,54.24427587535276,152.06367624354297,105.20340446272337,92.63977256374075,192.6279442382504,92.09054328112254,49.421959891944944,186.81490812740276,136.58908817581874,77.39978831669642,96.39822751856549
2,5,0.0,0.0,73.16802557185088,170.85529387037906,104.90201908336924,107.10513953947253,193.360739419856,88.66441363073739,35.401474827981424,145.74324429778923,116.18510772159723,58.73809899616627,231.55805922121704,160.99876608260354,92.824597265894,180.9046937510959,78.70379553388746,108.05331381177753,184.4958450698949,79.21402391419419,57.34419850273589,200.52751884211284,150.37802935330825,71.53713860173998,198.65982736064927,114.40719675536879,44.510686290548485,152.632439939772,97.30544093607239,94.41900349736464,188.848282310176,120.73719720177614,87.20142953886115,219.5944662977789,132.96864991192442,87.39908224651869,208.83316549257006,114.10088674405567,54.91670438498116,140.78005886457407,106.15526895156158,84.79223275563595,177.3329047150022,113.3918647106086,44.90834669007448,191.49107842439136,148.5741222404155,84.63207840527095,95.72082002080734
2,6,0.0,0.0,65.69705207492052,169.28595468667672,98.72281350384421,116.17374111742112,197.9746326076783,90.84150329496143,38.56828810611598,183.30277664839065,128.24244558748393,54.63408976122057,244.35889522722331,190.26125880391805,99.49789965012414,150.68725538365476,74.85718261834678,123.05292954462061,184.96831825568637,69.31602330701443,63.54482804417672,177.5228053517743,139.2761844675958,72.46059302754728,183.6124268998086,103.74097776724642,50.32689144809787,153.81608764131659,109.68906153918127,95.14396671913758,218.4821770965568,91.5988522812853,89.34880437515625,236.3222512837147,137.58402202218645,85.85188211954343,202.21598587904307,115.0994394906226,63.12451692321671,143.99203280479264,104.71273617049786,88.70170224068673,184.93035794860884,83.27548392354518,44.361616768207746,192.50818949083924,125.39782833600655,83.99176230345971,94.06072985128547
2,7,0.0,0.0,64.73554302043202,172.3019933672868,101.06581858887401,100.19235211260437,202.30489838125735,77.73460690489095,38.1139909956963,181.3413942453129,139.7389747246736,61.31821929775008,234.73681733243856,168.87940562732166,93.97660793791724,177.91237001052593,70.46575418072067,119.98498634309934,188.0069403928893,71.8731636500397,53.98453901785084,180.0732028675575,152.91393661155976,76.10608197522959,190.40197749882762,97.4532632080768,51.11854239745688,160.50558477205146,107.14972088680236,107.4487062475268,196.30385309339405,102.7064213927525,98.81715482498196,237.75824056624313,142.08805945757274,78.848287920617,188.62886031422326,134.19559302120558,62.01246780035626,158.62887073478683,96.56399302990985,86.9522080369678,169.96851878941737,109.79683613703602,43.36938442115152,184.34936103047397,142.21128170775867,87.0949553851925,118.90987526669306
2,8,0.0,0.0,62.828539716275486,173.45604702953256,108.90199233893232,109.78440221209146,210.35597147413654,68.38377064315327,42.42850128599443,173.3748184815633,120.85628771022209,52.61179941442069,253.4481433374046,191.90393800707,101.4010337628045,167.48633059167895,86.30945520427424,115.79589958551628,169.04696981995156,81.6742690420756,53.55498790909009,201.33400437643868,132.9432834342202,78.69329869058683,177.81353981440765,101.72499809538425,53.073559216701035,155.46204299305455,111.51985177374266,106.82811190768224,186.06455846883392,113.40655422902101,91.89859934222336,249.6207857288479,158.69522379424362,87.20631149563323,190.23995698906225,104.97758250793333,60.325484318767245,146.9957594615895,89.1845658864274,96.16436715775126,188.14040091985416,87.5480821476544,48.964776285876326,187.5342573289855,143.31656621920925,75.1931825753711,79.4359426178865
2,9,0.0,0.0,61.04890382434808,166.04417955199872,114.79610322706463,103.14147554678753,195.2264838920683,88.1279855881027,37.51174170195236,153.97763202591787,126.85073286386526,61.02616763918401,228.35920127401408,189.55739345726414,97.37199406265184,154.96530541266952,75.48737285419257,121.96039546558887,211.98319442176376,71.25008609578362,57.853170308707945,185.2112297207804,149.4226556233065,71.17129432627118,182.16977766887686,128.82096537440336,46.96804193522066,152.6963102583843,90.65274297233304,107.75965272519578,223.21357183225288,102.98176484466926,95.1766909997127,240.45828423634157,128.56890798126153,78.2773877758896,206.6332739355664,112.2237182058164,61.009305164679205,158.924337940447,100.50176221846586,94.88311896939881,185.43476533675272,102.33026718944562,45.090886611208624,191.81616571334558,134.01663945084437,87.84747644442666,138.31668773035545
2,10,0.0,0.0,63.97937906254878,174.75477256829598,101.94975064909168,126.27666623976015,196.98699430435911,96.93884974429909,45.60794463501799,173.30255915584382,139.08129095641908,58.021066375928605,238.78569840090026,187.9678271399211,95.92956439270733,147.40324000471895,78.5929438898747,120.25457595172675,191.3820216296664,73.07480105793644,61.567535720349944,184.8798795662234,124.33223360503834,80.92968559207581,184.93459279028272,104.77176551668579,44.71976571265802,153.54830684826499,101.82648597919552,102.90165927585831,193.11808346212652,107.02920109979317,94.6178195626717,224.01535441563402,132.33524743939998,87.06638512641373,175.15826473680477,122.09681686012173,58.091421273437554,163.37715158765013,96.64149952709163,94.04624370713613,194.72456199211337,109.52036439832094,43.96493692821959,204.38896252988297,151.88520881704525,86.85575965174023,92.08573257671182
2,11,0.0,0.0,64.9735918227594,184.2930601767358,103.77917241146513,94.64293911283465,200.5765957237674,94.10456175445259,42.97285032693377,168.5430301192033,131.4234733463607,57.540790679396366,227.00239960260163,185.60825793700604,90.677659792155,184.50887911407375,88.44509239189247,126.34883504348176,201.16358257119532,80.61460408196675,51.889091351195205,186.83285399277526,124.52645489606502,79.32846974354652,196.12277380842778,108.40717475218511,47.02180272932498,134.61730428410732,102.42350947609626,97.88301516234014,208.09774159624038,113.86995197840963,78.76860323388482,243.82836487909458,133.99476101281127,83.37451151754465,184.54803321851807,125.16791933602363,60.480696289154494,137.52393589100825,97.20627459710663,84.65412018008253,184.7444711415284,110.4441601467265,42.18163421703155,204.3429803444929,151.60434873262295,78.17621957810964,116.37142278136949
2,12,0.0,0.0,72.61093665193914,183.99074804859092,96.85813281127798,104.58786947195637,181.4755888592555,86.1766401419211,41.084765991108924,178.29481072163614,119.69722551334365,62.768498905550075,209.64368594384428,181.95848661558887,97.77133268388476,166.3164876978834,83.149077622042,104.3271239559184,193.77855004255454,72.36895748142098,53.60230447444671,197.32345576537153,128.50308861403892,73.55621236912627,197.00729067796016,115.03073190983122,43.07931491903134,153.10405804919512,111.84295749226538,110.83933628975132,218.46889029619572,112.53406182430135,103.81287991171219,237.4658714728592,133.48206464656832,84.3764143182646,206.05287127530698,104.76426188661712,57.47750548193545,155.63656014881354,94.3215673742241,97.21886700517378,182.66496020925024,105.88541289861028,48.068010595038274,213.53419735826293,141.31055079417607,80.65687178319996,93.96009988787077
2,13,0.0,0.0,67.00798268061443,169.429206560408,119.70652636277651,111.9704306776509,189.8507765439344,82.40191797189296,38.654725316407664,170.72286416149137,130.35556198406957,66.63560740711698,244.62025630665178,187.15385425985792,99.39224875321634,156.67532885310305,86.82497527941807,112.09495846857715,174.7333550580359,67.80912977928357,57.882065470838135,183.41774608596802,119.51833171104397,79.87359716532848,186.7194879751658,116.25048234563872,46.131115042794974,146.0773594649953,101.35045147810793,106.02903145514591,197.46094553891672,105.38462579426059,92.7092477898757,241.93580764026774,155.1842477757272,76.33310642676143,214.1180582855746,111.04271785745922,56.1842570512485,165.06446049804964,90.03444534417139,92.83038493275014,198.19761109073036,108.75827477146154,42.45988408620959,211.1743154039635,119.54764324060123,79.26100245781393,68.33941776824545
2,14,0.0,0.0,67.96766298865207,182.21865086049112,108.03062874349986,109.47124591777424,181.89395854664107,95.851125096087,36.02811722349496,174.77634738693934,119.84412883253262,61.26652001779182,213.81610823193392,190.6487849583997,90.27783305436486,169.99971899212463,69.15593784715864,120.58700442958894,200.94015018965263,63.33021719208503,57.07545051856768,209.0577906141135,136.72904930674852,75.05764858742043,205.16030667193814,105.93505646436817,46.68673511666466,147.6620743838637,107.23194105643867,101.2394785847956,220.13457079733269,98.01837829955998,101.66423941896385,259.4197116712162,127.64980305330076,88.62667287287462,197.18524167005853,122.5205674467448,59.4679843792635,155.66963764208785,105.47726143874101,86.10119544668842,181.2148556159466,98.562127982781,44.35559637089274,199.6120118710857,142.98328958370035,80.6308739338941,68.57531600059792
2,15,0.0,0.0,66.8005537588759,178.54101073700528,112.19989721465176,107.43972883753956,199.31089480162385,91.84014446323134,39.63112638604901,159.42102640470756,139.45901591965742,61.94986620125762,231.79951985713134,187.4510257484022,94.20240740021215,152.8591797154133,74.70096531656557,114.35553815892686,178.70783809954767,65.26422417328813,52.898646271033726,199.16010975729836,115.76141717993735,68.68826071522182,185.47477583017505,102.99549312049676,45.06571442064533,151.49668034834073,105.71601261953846,98.41330811672529,203.40537184523498,94.26026968448703,92.21157262579192,242.2493883621815,123.25697189997247,81.30890339997758,185.63401667021833,110.25848265746782,58.89296895076472,152.10835551796026,112.59494677637718,86.31992613897295,179.4356509345918,97.71672947004636,50.740843327589246,185.13524914023347,157.1076136738685,79.08641310528914,95.5827788174833
2,16,0.0,0.0,66.86005508559975,174.6707155052957,92.37814462699635,109.04053598364806,208.66795208815628,99.62623563337581,40.61957858359995,178.76353870710824,129.39514945866156,57.09464122057418,249.0636711958901,175.59595358826644,96.96079951199289,186.56945870976574,86.85236261728515,116.75696901991708,185.18566586132906,71.65333232814842,57.71965012256016,185.14595820130077,137.90151139322063,87.46973680583204,177.83386184187108,110.79189761003747,49.405511731723635,172.14520987647336,96.84799675926858,96.33688050918914,201.70701281759673,99.70036971652532,89.79532438715506,255.1127993135655,125.20070246232925,95.62597651358115,215.17559186812062,117.73821423437363,56.97329229358556,154.70771815244868,93.24910994594751,92.70499229637292,165.57688623126307,105.86890942608449,47.82399836266362,193.37785147829337,160.0328756498633,91.40564772047868,120.5852341892323
2,17,0.0,0.0,72.93115660075073,195.9188968299514,99.77968881610424,112.71488336627733,165.84875175359446,92.74174078074286,42.744274146311085,155.79544417795523,126.50689779661118,58.32740472495471,257.5857750577974,183.96356179713533,88.31978227913197,166.8375198133468,66.07584096995032,119.74583959846498,201.16928341116306,68.50351844168785,52.451673137932104,194.56262128316556,146.81964096207406,81.39044582321092,199.79522339360113,116.73425549315364,50.292339430284876,161.71656408666612,96.83925837176656,94.19630575927313,204.06270855328154,108.01104388162632,97.40934432452373,219.12472688080928,131.2298150496971,86.47708809058463,196.46130531766667,121.44937710553205,59.14860346612695,145.15145243990568,85.10832413656907,95.19955898338671,183.05008651992887,117.05672495036725,41.82025124781697,186.65755733803675,158.57347803128584,90.03403809536,127.66881279614935
2,18,0.0,0.0,62.805171550116924,185.4754080642773,101.6856859192008,112.65511420456045,193.7319981450615,109.78998574004981,41.14689515933534,179.29226370271758,117.479286653202,64.30595318498474,217.2021286293312,198.63526057799004,91.84553417023675,165.11778644269646,70.97991213184835,108.44256695831123,208.88458845089778,79.1873388777898,57.473384912420876,216.91523358434515,129.20904335246897,81.59799796752768,190.06119911436716,119.78928714429792,54.29630029955905,161.62478007242714,106.04285797816719,97.08332829446763,204.97155968170176,98.44299932016109,85.23176141010065,250.89341162095732,150.21503215924002,83.62838799244736,200.35746350132305,115.39672980724201,61.15620048284529,155.35491405929503,100.83086504062545,92.19183690495527,195.70057327208562,97.97875874328817,44.080637159807885,177.8347109171361,134.0751916133903,91.29050516879741,94.87258325826231
2,19,0.0,0.0,63.12128105830266,187.6379244047004,107.67699688662589,94.48470828082984,175.75202891313887,96.34295283755608,40.13983166213606,162.90304374865235,132.3106624638256,58.54440704818493,256.6652582866365,179.23199902138873,92.16765428655661,167.51363320301948,76.51816703882446,119.68187086149878,193.79416647323825,73.2018427259712,58.65728037026316,183.22165552046036,119.01152813869992,71.77960411972767,183.9266454520813,103.56161841499936,50.668940131453006,146.8082871944819,106.19825595720589,103.43402026989645,207.27466062211994,128.25085139542801,94.85989129740815,224.23313196690398,126.65235231819824,89.50357934663029,203.73432270637832,114.99280634583187,57.415423308656386,147.03027078252478,98.63228878197346,85.43654894487835,206.97758906360016,101.49498450889953,43.88514617981174,208.37622813169014,131.09277691084458,76.76681508185388,98.46270416712208
2,20,0.0,0.0,62.23919365799081,181.3374656865954,106.08373022538878,109.66755566258811,183.84281308274595,90.81287025133688,37.891845387785686,174.69998663877422,119.00468665826929,57.959895229867236,236.6857834038778,191.7211217923588,78.61554324114799,150.74053624397834,65.64051404504781,123.956710983823,190.89451122653836,89.16172100491659,55.00448086048858,203.53479997705514,132.6978478895653,78.29901096113764,190.8020929869176,99.90850901901547,47.68182615439732,156.51906751650532,108.01230951317284,101.73207483654652,220.843740483124,106.24196209699582,91.28335621346963,244.41197502965778,141.29982489505417,82.55731588543713,193.36893924828138,123.54587822252483,59.529395365690064,168.07879783571136,97.49513201649081,89.16755287098569,189.98822653188472,103.63609006173985,50.214761887469514,181.4249430013452,141.11790708620111,89.50148733095378,63.96352842126679
2,21,0.0,0.0,64.35555680472298,177.08675250645007,90.54420268376956,102.45562753091835,191.54401812961393,95.43242462782196,42.514515429138235,161.27289541687873,115.13761772664827,58.462529833832164,234.79623601023752,175.34339098311258,92.73810938277464,174.4873409066356,91.60448760651204,102.26456261795505,185.10964166957504,77.13451775210015,65.7816216028633,184.3741037838962,115.9694777287984,75.5513162952485,179.6271790453074,117.32513195686317,45.097171257226265,158.20131456401057,94.09491551034961,97.7315874108394,195.95273422327745,120.581088820767,83.81154722307967,220.76486575350452,136.57847578538863,84.27447823549207,189.9032967137205,130.56350919150728,62.63716740706628,170.70284104328246,80.75582273446662,81.17568040649672,174.49268079716336,101.61481183825789,45.06381406879245,179.86124542754806,134.34225867345612,94.86510985393917,103.79185542255065
2,22,0.0,0.0,62.814530508033215,171.85627165658906,103.47943002734236,114.65146796866135,200.73141797412785,87.9393413883938,40.09334410691441,169.49423004821358,131.42171806979061,59.06722394709648,268.844816497072,181.90203054805266,73.0424205416232,168.5958260470898,86.97085377383216,123.37365272706818,181.9814123440754,72.02000126341996,55.668963011847794,174.13238076711386,134.17079148488,73.79350839371467,184.82889022746838,103.58360595489326,46.702124632527315,149.48405143354898,118.71274016935462,101.90148261429472,199.72768223505093,104.89128576403957,99.46941681546866,218.5102483553408,134.0970772601214,86.0685433653963,183.91251332156938,112.13676392834185,53.094735721943515,158.87169426146244,84.15584378200089,88.4545791898449,185.8178076960315,106.52112033105065,45.20730881283519,187.3630338458788,143.33716467741027,90.20006146398825,128.3021324796724
2,23,0.0,0.0,69.44930339047829,172.44403109239173,98.04251876480691,104.71333069710317,195.767134932091,114.07909476433029,40.410034126815404,173.4567975711769,125.9133496935086,59.16132676570807,246.29150491342352,195.69716588190045,86.67379840314416,167.09736526989815,78.96459198456888,121.96988924824514,169.5994101088808,84.65548311728116,48.576329244256485,190.3924625914734,129.32552888183807,84.66806776975785,189.00099564061216,97.34168747803322,45.28122814607355,167.43755195458516,100.0406525538619,99.7764566384917,195.74027550740672,92.31651634534471,89.96115131471562,226.195442593412,140.80439697042087,85.73332854589451,208.0389733678447,123.38613032598028,60.33735242689478,142.43382468138157,102.48988363252533,70.86800508458103,191.46460853666642,100.8698097682626,46.51864398732183,202.44293961438834,139.39166692435114,87.18139054821006,105.46564727313086
2,24,0.0,0.0,66.24720599573375,162.19284789270515,100.17905445465878,111.55910256578895,199.26603098127472,83.57472000918946,40.098359420067595,154.38679215929616,121.44605927305535,59.624670167947855,246.0814479852347,185.6027932812695,98.48884683838764,180.99094780309917,87.17355976705261,121.15463689778389,177.03361304515988,69.2074920041849,53.853731800136664,186.43106901987736,127.63835803663805,78.59777998292827,197.32203817050444,125.8480775704613,48.89878600378351,136.2266928270233,117.59879736957085,86.13158034262904,210.2897717915944,113.26645994384947,95.60685856290264,229.40564171490843,113.8351260803289,77.67286787699094,202.72968354257694,118.48924692695314,54.66915013472726,165.80847084512317,95.05694240174397,86.19497221391359,175.28003263057417,105.95210219522704,45.466183212926026,185.31225904058712,148.50862610320033,84.52905183012538,75.07728178177639
2,25,0.0,0.0,72.64584741836309,163.92772434408332,110.12944327670196,108.19241820208538,181.36416015286454,95.0221973436984,38.45923030753306,161.6999917052354,121.354881386168,60.99505768520372,213.20992365055855,172.03641197071627,95.75180502760172,170.46662539158066,61.76133951332005,117.9038632634709,195.3513228205062,64.04915751347289,56.911638923245725,185.99958847169236,131.51114222808255,71.95734368759962,167.20096713620057,120.30613878448877,48.270961186618855,148.59832485777233,101.60665496175743,96.7425535710118,201.80412069172502,113.67589024149588,96.13456060801246,242.30284134745511,136.46760142704747,86.47279787057667,184.36525950502892,118.44434618163804,54.71644240185251,172.5929012671262,88.71845149528482,100.39330016275484,195.19327652642244,108.53628738550252,41.45450182236154,159.5585852963865,144.67861977037413,80.5966128562512,70.3726496772552
2,26,0.0,0.0,66.11060406066316,158.11294060698577,77.76629428727288,97.56588435655898,202.7686855948746,97.61268936900147,42.68611658486169,174.83120088326604,92.86072167785049,55.1358786167995,282.3369550113075,173.8194626811185,88.8113321200767,165.6908787859192,74.76763801900229,119.14025908931572,182.38025448230653,75.64536182889108,57.29977739579765,177.8665355917688,133.97413501347106,81.81166751563761,198.6091292201656,117.35298562373818,51.857728216873724,135.3535098922955,116.13650434383199,100.64197804363953,210.39777342871122,101.01107696940934,93.97869373485017,215.97335039208068,136.39343711325432,90.06844095814819,193.85260853098626,127.95964844153241,59.002525785835985,141.31758734273103,92.27246860084573,80.15556949719793,193.34259425911384,104.49476741850445,53.07843703199076,195.2667437444514,143.4294617540685,83.43307990463803,118.23799626175565
2,27,0.0,0.0,62.75627230587169,193.9908851417705,115.6445461055545,96.50104815043373,192.38201942467302,92.0233659969078,46.28359813641589,158.42633271317885,122.22576537031924,56.500553065008134,258.97787125016345,183.66089376786482,88.36449708021566,168.00089928667288,77.91282912923072,108.46572861303227,168.76729357475395,80.91582937320312,57.823628412707976,183.4273072360365,120.9996418342141,78.4701297721032,194.86220198307802,95.48990299796174,51.812254549925534,158.46309744192908,104.27519699286165,98.43274256783977,201.1032588940727,100.20394386805677,100.10693089421291,225.4034773951909,126.43863945353931,80.47169674078965,188.7434043137175,112.65732166005292,59.480051696008296,152.22721894306184,114.29734932274799,87.10695666860066,169.4045970053353,95.59828495691895,46.17770537003365,185.43155859007823,141.34783437894382,83.73428406454433,111.34494567644296
2,28,0.0,0.0,62.164202853531464,183.6284216271123,100.7640565334276,97.83016069777837,191.3565262826978,85.03373219098073,42.04832003253704,179.8645225927199,131.14942578346015,61.1808989698671,245.71991304580047,206.81033222948412,105.95046186094874,164.15379367700695,71.75286288570784,110.15950051244268,188.07644909119105,78.17732948687092,61.51477047214736,192.25499584190302,136.16055734402204,74.66725422095791,208.57153832221536,116.39204411947982,43.22061420525261,146.69644117540636,121.42659542341998,106.90128539014468,218.82790457288584,120.82434057122063,100.68508515395342,224.67660551236108,131.8174723570449,89.07039576028461,215.5103570594907,113.1579543514396,59.30705594626911,149.17263906811817,108.6281157856666,74.53596145867786,199.48351932035794,87.9852133575239,49.86387404302061,191.15636552112485,146.60999437086681,80.24522833835726,116.14993438861723
2,29,0.0,0.0,65.67824988624157,174.47366890444212,90.86681694995124,105.89874207836391,207.48714931334462,105.70772180026331,44.82613201232837,167.50876369812968,115.01191132647243,59.24189995798505,249.79124516682907,186.7991999720741,93.68820347790064,160.17657230666853,69.02127113798271,121.28690580881002,193.28115034444394,59.996141179179574,60.41704930193597,201.2149059681294,114.48796601499319,79.8113111308528,183.53271939044146,129.6119806416227,50.973478475613796,158.8318245918383,109.60923961599875,94.43860703939288,198.11279504139597,106.03793907288687,92.87234320134651,221.9855769790664,146.7840964522862,78.29723642944126,192.23365409350998,114.01170907760783,57.68111291668851,163.21067271580043,107.25903993347956,93.43229493724102,173.92505821316968,108.3666427728716,46.048952396739836,180.25720196694618,119.61648869586445,84.67118640292605,85.23057105026604
2,30,0.0,0.0,65.79065846417802,177.64814870501723,117.58090765548133,106.95897268472443,187.26095335228783,103.55701269544348,42.54858063262676,174.10708762185862,125.45669396687221,57.112692593997096,235.24293408058372,167.09346169371315,101.48723637898264,170.89165678787012,83.19523870571625,117.33950974659841,189.84224755906334,71.96838897993341,59.705794685318594,189.54977499178568,122.43653811612637,72.88410002931545,207.78320373000054,90.04557302902029,44.56600722023323,156.92291717672393,101.0195634713645,93.35938589865937,222.28163968548174,116.57153964462918,91.28498574925894,218.7722957953171,133.7124885404071,93.56354362738237,211.3344118881337,116.48781986027517,58.38916133035045,177.2210827334344,106.13884773957214,87.92089866096205,187.06501480704173,89.11676664160956,44.43471325873639,186.58896603052133,141.3179975574494,79.93879540214444,145.78342311533044
2,31,0.0,0.0,62.0613039601864,172.53134825308314,111.3551711252922,117.61901762435966,198.9747728378399,93.80729185027148,39.66882424075809,173.06566132814527,140.51050432956566,57.24218587329359,230.05784192086657,188.264758511214,96.04983255821556,154.92864269693445,83.12074804011262,118.9376725281448,208.20715737630113,68.0745582040084,58.55189683842351,175.02460999055745,141.60629672473704,80.47447491408882,179.62010347251348,104.96774637755543,48.2003995905585,156.6877055579187,100.62405997504632,98.97684872922436,190.84611784597925,112.26550421786139,94.09177833286304,224.62193354851712,137.38654751123516,84.32900628000758,219.3328814790624,124.73948765497077,51.021201855592295,157.2981388438122,102.01495135917543,91.85163887589314,181.46297280801625,104.67180840231174,49.3767503808454,193.8481619497616,124.56963520049018,81.22276731277722,104.60138544607683
2,32,0.0,0.0,67.34324744207103,181.26184129553613,118.77145518283221,116.350813847565,199.2058902538419,78.61814078458245,39.9783733729013,166.07091222555002,129.86711047004252,57.59737095665016,271.72687273066566,175.32930026721417,107.29139182598519,178.89804579623578,66.1026418653562,124.96370414325183,173.70389046104816,74.11320787606327,61.873803758045085,186.98479771137715,142.6975708082045,69.36367535294814,195.27426119574918,105.12859148452587,46.046052232450215,148.62537586835683,99.62549749126379,94.98701198203987,205.3766369751965,93.4180692735719,97.52168797404093,245.67741046928487,138.94058311703074,87.98867250409941,173.44979705030275,118.66435172427376,55.09671101641642,163.20870267237908,98.58885381976314,87.24757502376777,186.54423627773798,97.2539719677763,43.3382203838685,210.9092512854104,142.9396899970995,79.40078212426226,96.99748596406168
2,33,0.0,0.0,66.65299865622453,178.8025222649919,95.08784487274703,105.32425345063773,196.33579593590176,76.22634946011047,40.02999581169231,141.4236006980998,121.70367086379287,59.31921110771207,234.1602352659335,196.0481435838736,102.2174587758292,149.9514787110724,68.79331646662537,124.76397151842076,174.56124149288615,74.7539950438496,58.104810627495446,174.24928696320222,124.1602042829355,79.43749077373117,200.47589865733212,114.83790406594653,45.438594945242684,156.34810245578075,102.92021164909784,101.08261099629708,227.1266967316164,101.6056727217198,98.10544145638843,240.56415521719939,129.07095151565792,78.01518385204099,176.49214844420248,118.70632320733463,53.74230635763,157.14815923810937,105.63438703398651,87.17484551298826,184.73326629418992,98.2666394535476,44.93242348055615,179.04705874763434,138.07946358023244,98.69240765231135,80.1844313213749
2,34,0.0,0.0,69.43649664465379,167.89618247386574,105.16464477687973,110.83238795316673,206.29793810496216,86.38260481601063,42.47832394016364,177.77878342525813,123.5441535973955,58.861744516778934,248.3511735822588,185.35453633667234,101.90637415829485,178.3717817577181,78.70882261891691,103.21242224820617,205.63675703269686,72.14628572923942,54.64830728949005,184.6585726216314,128.11640508241376,86.39078157899469,169.06182536608932,122.44560989137221,45.611101597417424,172.3222969145876,95.13079865659755,104.38496185876544,214.85885000740873,103.27571451794115,97.78323538459595,258.05413932557167,123.17441977430254,79.46542722215113,213.78968968622777,116.99716971990064,59.05175592078847,152.74301639727128,109.3157187964016,76.10069253302427,202.19733970362563,97.60870724082075,46.96703419118019,178.66150024859274,133.01570428365142,90.85602597544712,62.387851664216
2,35,0.0,0.0,66.49135797646936,160.6597055295817,120.12416937786429,111.48524766011107,197.87575356898347,98.1870135222961,35.877593588581554,157.6233956807502,141.44042535982243,61.08103322002958,212.94055612725407,167.14853964926402,77.49410054270831,167.11072524221407,76.11770342604345,116.95104039879944,187.30416216626517,71.29689006904378,56.561150340180426,190.54731685333078,151.25700563796423,81.67299464859471,187.75562995547793,128.7071332795838,50.7567502827192,156.27991818813229,96.40059897030085,94.14121687913274,212.93721035278958,105.42386603438102,101.86908291356315,220.60060430924486,134.80566381785627,88.88887208917505,212.95624923513319,122.66337551696952,67.12768965235307,154.73965372087855,96.21469039035483,84.97235806762085,187.4923857158914,107.06022737285603,45.67190062561203,189.38491226798502,157.70421542465934,85.85796407777657,81.06417324285985
2,36,0.0,0.0,63.26896324651036,152.97488752404743,123.37917369012033,108.84652094663788,196.74265124965413,90.7261633459823,42.77263071734307,166.36562271032653,111.08818659293526,61.76211222859492,250.54301504688266,192.5933825768672,88.61874851245871,153.5775391063785,72.52139028394598,115.14798906778918,180.8823174741637,74.52121290470953,58.47446125294426,175.76415530693012,126.88985115432143,80.26945985985758,208.5521217045092,116.48655420465934,53.96547095991092,151.91833645180844,97.84496509056552,110.76369913351773,205.47628612756148,116.1348848683459,98.0546254650959,214.35444667799277,144.49026075450266,89.57544917940194,211.53218021222784,98.87797936770528,59.556514263700315,148.63314083422551,97.3177683920508,83.33241112081095,178.5933350940833,96.99862753401985,49.57028327722793,198.6286140870244,136.34466606429822,91.25342004992959,101.38170107355087
2,37,0.0,0.0,64.95056662430262,195.45791598547316,111.33185026409092,102.64690502188199,214.80609277054933,98.96401257258603,40.143638035848454,168.40193456159565,118.7207539233929,57.33813616980165,250.45311934495055,173.3932757524563,93.39961028357821,162.17499428496382,81.64199606515673,107.95398344221971,198.12013458553582,81.53725063402575,59.72063012461755,173.7258339346922,137.05244929762688,70.45909272477705,191.6405301524199,112.71164232150208,48.17315566231084,145.09460630848722,112.2537928774972,97.55938608265146,209.65766110615095,101.88926748217543,101.51921174579101,232.15756497960234,131.80347081328551,86.60841655731835,180.79800269041877,104.10156467669337,57.98706668192263,142.2761308964295,97.61679196786234,89.76844632695833,174.21953411169142,108.65027231724251,50.8091546874473,204.1176480314169,146.52580491990787,73.27429224151571,133.4079869373581
2,38,0.0,0.0,73.18810948430948,163.33415553441574,110.84149343217013,98.9777473824652,190.97037232754295,85.23190421326676,43.16153022892421,149.36805364419695,138.0175156816154,65.80327346882915,245.10854191401637,183.68412301051697,96.41711411874822,167.2986010402694,66.4900899064246,120.54353729872935,174.4225270688029,75.51267545655048,59.990815939637784,203.52569081642918,136.19351134386176,71.96396627398313,201.6428529648131,109.35544354845479,51.63957300126194,148.83267689207653,100.38930755760353,95.36094856147491,179.57865619795683,101.89809017557891,94.31256299608617,231.62977270874472,147.84515850239197,77.11115152255547,184.1809958513834,112.81445670942193,57.77184890406798,174.13920719280847,93.64277253873075,79.98772218232553,184.7516045540286,108.35151289282668,43.393734320810786,187.68941875927075,141.3114999851156,80.96476374740023,68.20505486583748
2,39,0.0,0.0,69.60371878184512,161.07332631792846,118.35593181567214,110.62810414269087,207.9347935166928,100.2108024795797,39.97733222250151,186.97418432919437,139.95233045221616,60.78409807643386,251.2444935290248,178.09933328327907,86.21755513720674,153.62319748725386,76.0387229982321,130.939432352582,199.62179166407145,75.80361014689093,59.955918411499965,205.5881540906949,137.7601488286912,78.61247354105424,185.48908229402528,107.7083463159845,47.92289628807944,157.02945838716445,100.16618441041382,98.5681799544223,212.41918266368506,106.22742070146587,86.53976541230091,229.29246654855774,138.61456740748238,84.9188730549244,198.84651485176107,121.44886800942442,56.380520875724976,165.71617084497254,75.16419283357239,87.48910489757023,175.40466108291193,108.30872878383353,43.95057498565121,186.25323980322298,133.4679998036325,90.4265724131579,80.37908986706569
2,40,0.0,0.0,68.27626043633184,177.05504573252583,108.22818253113847,112.28520177505297,216.19498486811318,84.37323189895487,38.3721298279967,166.54348785427268,138.29807106459143,59.155577931860684,233.03412764232743,191.626124670528,87.25238523823835,161.14638884520065,63.969034662203775,112.33500287520178,187.44553832162575,76.9218620529807,59.63020777409366,202.9789136326816,127.44893508506817,67.75191350393254,207.34959567029017,124.58804485230237,50.60226649156885,135.72685652676807,105.95949453248393,94.62591872630027,225.525948190869,117.74811896644245,96.33932171519002,262.296830454671,129.85324570850585,82.2969660103766,189.1431933997178,114.50372777869131,54.401910768908714,159.45817474960415,98.31947762366089,87.76208410484395,186.38136914110422,93.57784188397,46.03481190016321,171.08599639653198,124.23800468331191,87.69243284334154,87.0791214174548
2,41,0.0,0.0,70.34633841763142,160.5134362298049,109.86667380734183,106.1806612125504,181.2231690256397,89.59720402228112,43.96561433942969,169.5877267355398,115.16620021765935,57.51789853037012,253.17384302171155,170.8542572085417,96.24302079927753,141.145889133607,80.78113359810207,108.98231448767325,193.87416294005732,74.85655326828453,59.450224843256336,195.2085162328589,162.94861823127428,72.31926062429744,166.4457629173938,113.2565052229535,47.80032246571018,169.35460104118616,107.00522994257685,102.73903378321083,207.4947261902322,117.70699949043885,100.46995653491281,218.32659869643444,127.68256427326844,77.55910323824975,195.52105742098837,115.03096515312585,61.864368311731994,157.51167993624887,108.97861254597179,84.7310905426876,187.7107440784948,106.01103456028962,46.23129169810551,190.9706048155235,146.43247408373563,96.57846165595751,149.50133412758356
2,42,0.0,0.0,66.66219865426045,173.60402812721213,95.34909083403714,91.59387954177981,192.62071790184845,95.57178378660608,42.52568219873458,174.0523604803655,125.0487915350837,66.78103600817843,214.54750812793313,209.07049338120717,83.51760105906219,158.7500712385819,74.26877124754922,118.69658142857239,210.88461171622998,74.93082454994531,56.50204967809055,189.4654209605513,132.9022259321881,75.14388687800223,193.23120282853068,125.14442791890737,50.08536461304019,161.5368409453751,102.23330874988032,99.6666279492715,228.19603112972914,103.54205804315437,105.25050890714536,246.59402286630754,153.79402299906704,85.58829776979353,168.1470402032023,117.00598135015304,57.271601067225426,168.17178124383167,98.23298245209753,88.70752219590412,195.58642335003125,103.98494394048255,51.59058616018639,194.7436128483326,143.6624711857967,90.18931229522516,68.19751620990019
2,43,0.0,0.0,66.24926435393199,180.0636539138155,119.71978741084644,106.75183063024238,200.650976445179,77.71624790910283,39.87195082453972,161.63458045148747,145.63890258116555,63.997476485772545,276.4733269978464,178.5888291030999,85.81043705774795,189.48621520670372,74.18102648911952,111.88448850997874,189.96696732270266,79.63061649504671,57.86767476962577,194.9208646590322,135.07276822444865,84.82835200108991,183.89899674472287,113.65303062725985,47.58924023965979,161.965704062889,101.64384506448445,92.74695445320437,192.37988320974853,116.51428822798994,102.66432094718854,238.9528373547663,136.98666334935993,83.32139218806745,201.33378395117688,99.94534330583816,58.17660279156217,155.8957500564402,90.7386492304715,83.99628788365675,172.92929216643245,104.11579691735537,48.49333852851623,172.82870791329447,132.23939560506105,93.15542780784106,61.841460969137465
2,44,0.0,0.0,67.19095555096115,165.06880299292553,117.26784793379133,93.0727075050123,189.8070601533499,96.28521217644017,41.809036502152786,181.6986987049569,121.97569332569785,58.29514896882573,240.97417728689354,202.821249864898,100.2873701413621,174.31106799009982,61.57545113490425,115.63264882236079,189.31710153246334,79.4995266362475,57.5832260941927,209.29897715789954,138.90834639951774,72.28935063216198,211.47962061418224,110.8661669617749,46.31536470621003,153.54069686870207,104.08129292315007,102.53558773339142,196.8194468672336,103.13188855765985,87.77527403641905,228.25487012516766,154.62609875741623,84.74279412485366,193.2846667734365,117.76956922150022,59.74183518327956,140.5968348316398,97.13431116861246,85.54756040497202,178.3098276214461,104.55449404615956,48.85622027777146,189.66157452292438,158.62259318598757,80.53539328909281,109.92997111911811
2,45,0.0,0.0,67.03146257767425,174.3027856205407,112.47135130257902,91.08702017129674,187.78435261761777,95.78020469932227,46.48363349926738,177.54108574920699,130.93468824368364,55.83308444113196,239.4735016270821,175.16958319502325,81.01821210786959,152.24986058291842,71.66433494817178,109.13846500206093,192.2771961896407,80.16631680128116,59.46098811129485,180.83982557231178,130.3692514219164,75.28367143326373,176.43070408749628,110.97962510325965,53.99117619016042,158.76387665175642,111.29594893328729,98.96887764343448,189.91998661397673,105.67546638076044,95.62716985152261,250.9194432606891,150.36518239655845,85.03339030916251,224.111438253864,104.46131270603766,56.409722476882514,163.9588408299791,94.67619102915523,85.71383441492704,207.59380002109413,111.0256591361397,48.92534028174887,193.64901995365463,140.15197038945448,82.44477448296153,85.88929236491734
2,46,0.0,0.0,67.81939275727669,186.26216636495187,104.94595115141927,106.85127988272251,193.91921578649595,89.27397308176268,43.946443573536584,165.00381929594684,129.0960180002651,61.35428524779693,260.10539503927424,177.61770087521407,88.77758077643902,181.3300421238113,70.5092117134356,108.82783456361018,193.68801493413127,60.60488705930035,54.27254812699802,205.1197231925506,117.2644640639472,75.87050727138868,175.84032519622986,113.5479020726929,48.77344858781515,147.83136958187632,101.23897903094691,100.53722901318959,203.83100600276168,91.54629188397513,94.5879850505256,225.56388978839396,133.36258865263622,90.06329700322739,204.1346435511883,124.66161879588732,58.99055927816614,154.96846442584356,81.70745593324114,84.9954656963412,204.20350467961055,101.04893362053625,47.20055894007364,180.27400794173255,129.0870686248345,84.77684341744886,88.0471667275581
2,47,0.0,0.0,68.87127769365492,199.39909794962506,107.030239655391,107.2020722658052,209.6494450580798,84.571318262187,38.64792481231778,170.4774599745767,127.99269158409678,61.46063669224035,268.4051366340442,174.08189214660632,90.11120806507701,166.66315914079476,78.25813210497196,104.70423452120386,199.20349589576233,77.03457690122696,58.60541273137706,184.14465595807442,153.1153515815859,88.35254602292346,187.61996127150232,119.9648409303849,43.52934748836411,159.62792807702658,114.68048579630911,102.08575151266207,231.28070390599564,108.98017837281714,89.40939020015061,237.34553812524192,123.15803509756272,83.71518599568853,198.54539913837536,128.55147198485017,60.043442879434295,167.8812264396373,98.46185743055784,83.20773031566635,187.61111052936528,95.7708923816831,45.67467480397786,223.42907253649582,151.9944876997678,83.28797932897771,101.22714815081842
2,48,0.0,0.0,66.05494050368532,166.124452104973,94.56959467958701,111.25861813702734,211.64390546553608,86.32886279749111,37.07961711237557,167.79313864850613,132.3404916318213,51.260953438506654,230.67476986906772,186.05082915248155,90.67153682092955,165.60430039270733,67.64402021928979,108.27793254552476,197.52230550869405,78.75846776858423,57.73862769772566,185.01181962159086,130.23267354689756,68.23505577570064,205.32306750739446,99.06442673488763,47.72709973039844,152.56020662567997,111.36547009887819,105.81652183817066,209.01368564323803,114.26542651759728,94.39073915998797,210.7569838831237,135.36868054360298,90.67627056360253,210.2143607010462,118.36364955067326,60.04644117440552,145.8569214268116,104.44188620326878,86.24044484327204,177.0081337398148,102.30679552113047,45.81583285806663,187.495887821986,138.38042241504274,82.37634137363662,74.43880534866405
2,49,0.0,0.0,69.86854437597374,161.7958218464039,108.173876965183,118.73556063152894,182.80798382639048,80.320572520645,40.784679157378946,180.76736981232753,127.78940686671132,52.084391588745675,240.113414751388,193.453359230829,81.2949646184601,154.23389851249644,64.78731001998273,122.708694312602,173.97563379974014,68.6760435854473,56.64543400644063,189.95241915273675,129.40585428323413,69.19948721089071,183.30548450918232,108.68006906664878,48.58615926238539,151.2801269826156,106.84390093547174,104.72179535452794,222.21047089347076,107.90525153273299,89.96265330996765,226.56797136206242,132.93817175812484,79.68711655125992,196.20236505336717,132.64819981985298,59.91234722136317,159.41862929082134,103.21079934830797,82.00086077449478,172.00802627559142,92.89308583574538,44.61884929620551,195.520008404079,131.1420495604619,85.64157156647263,79.41486567706193
2,50,0.0,0.0,71.84522922435741,174.20295636546373,104.38001871813366,105.47217510407647,183.2848081578732,102.34893902832485,37.563932039449384,163.7062772514192,121.76745916758728,55.454958437011975,236.29937147478753,179.5235603717923,87.36925887326784,159.5756145193288,76.74040748048064,111.43945794265323,174.00134324094483,81.13771224767916,59.80992207501951,188.38037632256746,134.70999998481292,76.9572154616746,210.78394864150388,101.95322303815465,48.85144132177445,149.5894515172657,103.2474841357045,99.01691583804734,213.6416864103737,108.82188185568958,95.6161162687431,226.69710599385442,147.9211249106534,84.12106617764361,203.80567912460623,125.06843672661304,65.03533252648216,148.34982670458862,98.261645789763,78.60461812637739,179.63458484778872,89.11046036137868,39.329951989618735,178.85101819951217,135.72684767949164,80.16453037505138,121.56954643161902
2,51,0.0,0.0,72.4729625026614,191.46744025210344,102.56898887723372,98.2014007411345,195.18133459384734,87.55449338044906,40.48213387871067,170.62402872468564,140.3911715671741,60.30208125851773,265.66975192510154,192.1054245714595,85.14891751322781,157.5044753754088,64.1916735377385,120.04565828500058,192.31923069588632,77.27891695734169,59.721669026643724,192.58642928650536,121.54072264591908,73.37090441465696,188.38815635103643,124.79760624119578,49.849060555960385,152.50201544193686,108.1464679363697,100.43263815896198,207.55793616354944,116.56314126610808,86.11712236167513,211.303522864478,146.77357247905968,80.1932808257782,209.50383101349576,119.37483635385694,56.99456462509848,149.1770538256845,98.26089309180527,95.74190830535684,179.5305923301751,98.88882027997664,47.34560984087582,171.75327981727253,143.9096484765275,82.75219798627552,87.89556332267745
2,52,0.0,0.0,69.3932258267719,164.1898783245259,103.35423735722458,111.39833028841043,192.4782423159195,86.8320606441819,41.84451474890571,174.84081826219236,118.61180617997096,55.38259659163905,228.93478812125832,177.59657155588593,84.35769653902625,173.86822269892727,85.01445657387366,121.47560299370403,188.27504806354503,73.36135489915695,61.60996103032653,192.64499706033888,136.06515897761878,80.31027608390507,181.5714932394029,106.14652959620366,44.71954950825208,137.71972137785696,89.9452698047341,93.21360753684955,209.5667010128992,120.49818888224934,90.7379797243126,277.4009132712574,139.63154139898813,80.07410756509799,196.61481323885138,129.97093080538374,59.459420382503005,158.81933826807688,103.37941876302058,82.8449983334157,197.11037171859718,106.219391376462,47.19150203757405,202.58758519663385,128.77332634569865,86.31389885583927,140.43066944945377
2,53,0.0,0.0,62.614923573583916,169.27587769196825,104.9292828769916,110.67260652267576,190.7185540116197,82.13314681713082,40.56989844899687,180.56911910150143,118.78548951523064,59.6734166970828,254.65991743747995,201.47062136438285,87.9933898261312,167.36731975749237,90.56263512076032,124.79247756049003,173.30857108765628,65.59381218957202,55.69697337968211,190.50985105727813,141.4685590554247,78.1697881149919,199.64071322995983,107.72038239666891,52.05827288400691,144.35293726118783,106.33203407338287,90.97600579886966,194.1620849496137,106.83700278951376,102.1128623579704,245.10225465633403,141.45379422756938,84.08817534916199,186.28597156850034,100.19529298008757,59.39674631345637,148.12642895215532,103.13851590188203,82.24605914496047,187.35598538562527,101.23945946974105,47.477331340796766,186.71258543409834,139.4535974654579,88.62700472853086,104.24525496706633
2,54,0.0,0.0,58.74645397122089,159.29845628464184,101.16942381859278,109.9247458290952,197.0789309515512,87.40191769704282,41.38013321345335,169.96169987892085,122.9290493648637,62.993020441501116,246.32428210727304,178.473730062068,95.50456841377205,172.65994315563705,75.93562586629422,117.50546787390176,179.4536900821628,67.38842891357424,58.65257846894943,196.45006987902644,134.10228338832758,82.0450143230101,199.99482061335357,121.92952506989785,42.673362666355104,144.70667722957754,91.28087387896763,93.76179927143328,211.41668854758134,110.50531044561792,94.18924762992182,254.23757992841678,157.153392656091,76.47276623349117,205.33234187891532,112.29658803927977,57.11715632158756,148.43712658686763,102.41519353760032,88.58298001447355,197.4925614238617,101.44364952627075,55.66543079302201,200.50561165664473,137.1488593722777,82.86302141937587,68.23210982767496
2,55,0.0,0.0,64.0803823472944,168.51464101830268,92.60429864400318,102.70976621839999,187.5388274830657,91.25458850389224,41.515332500167105,160.31852898449895,123.3180356506893,59.731143897899926,241.42814978497424,182.39717435259453,85.50699666683113,194.38750388808808,81.16566789999997,115.49118748123716,166.88123781094347,74.74194437280528,55.10512881173478,192.61586175271353,139.52163662976037,75.36735048906803,193.59375845896113,115.973531963523,45.50056713219949,153.81306018616033,103.73563079128644,95.97923695953914,206.22672583077994,113.16403500026345,101.9300822082916,218.69267735730142,149.53976945669888,88.70941349188516,200.45415522057456,110.51042469805729,62.34978322579343,155.4475278394146,99.39317808685728,88.91512015651615,188.73778874183088,107.99371107758219,44.06319178395062,167.31618349792095,142.3419855421873,85.15431650200878,112.55505434208699
2,56,0.0,0.0,64.0872080749694,163.90344072380248,98.43003460732103,102.80218915492736,188.61519042746835,103.04634165840865,40.464004037800095,181.61332936654003,129.72579725448279,62.76271600936962,242.90653895473216,195.22348814100465,87.07431393584616,176.1261365420015,89.0049487205049,115.75548555090016,204.4341515688431,71.86791331475911,58.71434566953583,210.37466668380617,130.1670387925338,75.57919892921016,195.42328660028141,110.8835328931538,44.706581448451736,142.34318334779053,94.32356235241946,98.68831313426156,200.93018400390636,119.50571097971073,86.83984562672892,247.75418259420078,143.57104168440853,87.73120406582281,204.7885984221514,118.2082654609144,55.37010554881307,158.29485999255374,92.78029211744689,85.66478274543874,188.19892739600218,101.43789254463817,42.925900910674095,180.65052724662047,137.74304935461677,85.51254484237575,88.99780472492898
2,57,0.0,0.0,71.32546775344328,189.7031013813402,101.36817886006642,109.11934369494452,198.81038050497511,101.26566898411892,43.53816505231188,160.39057448137135,142.16389123455568,62.38408788513253,255.19042017187684,199.0458878128358,88.41601506045954,155.62504380545835,83.51136046286736,109.33872142478312,183.13111660021852,76.77179095489159,63.23164253275076,167.0071635159782,135.38436971374054,76.66520529863702,186.98505627009618,123.55473300204861,50.5471862455955,160.11674289139117,98.70003764471339,108.51210649240754,212.78093618306198,109.87194495664852,86.61990847825604,223.7682876079485,158.37974149415592,88.17147891801227,204.91594313118503,113.06054632219133,52.08501682946892,137.53938463084398,95.2775458391034,93.99412047908399,184.74524666866847,87.0260204752258,47.34798103688432,189.62064341157276,111.73559826408325,84.49740764095085,120.88137152264838
2,58,0.0,0.0,71.77879768290133,179.71647027597874,102.6803562475955,108.34560361264573,198.86730404384494,85.36184285655732,38.69796774808803,176.30687252487013,118.99117708692602,67.18519150369681,252.34564569684943,168.02365723286218,90.27942863729645,168.6350510123136,78.86491673692397,119.62153583454852,211.89653899738192,82.87374417562037,60.03704601785473,204.24906484486957,124.74372601591489,75.45505968573009,203.91078130105095,117.11605812652837,51.010676241601416,146.2035350603034,113.3231730145288,93.498031155334,207.24347977461798,122.32650161636782,99.26627866585436,237.52202235627755,150.143232743626,91.32807587810423,200.82673200221438,117.43753221110082,58.98202437822995,147.36519332401537,92.35752846239103,74.62637103717414,210.05059004774702,96.23549745802774,48.544962091931055,201.67430121371055,147.17807338204366,86.69145608695706,117.74764697057944
2,59,0.0,0.0,64.416862814695,178.54706798540207,110.94205908380792,108.85216214345249,199.93198391689958,86.84672609879773,41.885590888858914,173.3829369465686,146.2979107411762,64.36189474270871,249.77301087753324,204.3603326061848,84.36305720813678,172.43681296438618,74.22141782211465,113.05369613162661,205.6311533586307,80.19603181902252,61.018526706680035,201.93248361945228,126.07285666916067,81.36530476486618,184.708508775586,108.49696869719251,50.62863539193473,147.6607679836142,119.52533651655338,97.67580864350323,215.72319696334213,111.50827145203078,90.38450561716435,247.411778102714,139.9730037829368,90.57853882592484,190.57536609971112,113.97605650217423,58.65034785365374,160.84377368656664,86.72474540272646,84.04381461138894,188.35921418787905,108.61121148689364,45.18483692613067,203.62827529349502,149.73322323522166,83.49829764226378,94.49388647328716
2,60,0.0,0.0,72.50049930611044,161.71812399586733,100.86651042125976,114.86173061400909,198.7901258217411,78.43778795829984,38.235910771552625,162.6744486806415,120.7642786211442,62.276460904699206,260.9652998100091,170.6947707197866,79.52374088966137,173.4062963830605,76.90606692446572,119.7222218425622,193.12354129174955,76.75887131173826,57.14016221752308,189.125418555458,135.0623106465774,72.89226610184453,193.48344071965886,111.53885621320572,54.639015747387155,149.28803734488068,103.99022655310378,99.39804669642386,213.52619506153033,107.13568635285037,95.07108221369501,212.82689022634466,146.32662019902705,76.28206638979204,223.68179182797365,116.25465322428927,50.271422614413716,157.11130668770636,100.49966969511767,93.83093830091899,193.54586415223648,105.967481262776,44.01449904328153,206.87614503101037,155.6253065054203,83.29811777940402,117.88515700326325
2,61,0.0,0.0,69.01431553360558,178.70981628448442,117.17421938621116,92.71542397347706,192.42422099047818,92.46459989682515,39.5485745379205,176.4349490410824,119.0817345102417,57.74633358570891,232.41146575652462,202.18536193920036,81.56932069484314,153.80805288763088,85.81035596824036,116.13347957675884,188.01555248279712,70.485928900533,55.96368798555958,192.86037411125363,153.18850865740058,76.58114068256387,165.40302019381355,115.20693537334915,45.101041899754215,142.84692424734482,122.02714045924336,104.32911298273179,183.34851355307228,105.54621510955764,87.04394406606663,249.543547513559,139.86518381447303,86.63621551750379,186.45446462068853,112.2375251724762,58.94502036770538,150.62638163321202,99.2204103886312,81.17866007395125,181.52470304220904,93.67921709600688,45.525282702854746,181.87295060400274,149.4587553168767,84.2800595562913,106.33595187328183
2,62,0.0,0.0,64.26077693105225,179.290502593864,96.65719430676909,103.16145912362862,203.01338945802706,91.83751367647571,36.198365093874514,172.47515098478527,132.30748698588664,60.99010540495112,226.0459776148237,171.48433900063995,89.17391475784649,172.31186685082668,72.6992903569834,118.68625293108826,194.03992124420884,77.77961899013916,55.117261230200896,176.82404786428816,142.1280510485307,75.27804134421424,187.22261992624988,111.4750733650982,48.530624414726,156.57207853679543,102.3216567615402,99.84377115799923,233.5963974957395,107.22659239372548,95.06352814611293,233.56841394146588,144.89462020988412,90.04583893811116,213.49783358378423,124.38839116644091,53.157589297950935,148.9717065947931,92.8369639254818,89.65626112175299,193.64372423415267,104.84069055136789,48.79933809992189,180.27550795890804,157.29107755145273,90.58490120671738,126.76910084095877
2,63,0.0,0.0,74.78848980986848,173.6765134536672,102.54547187379806,109.83645287357037,194.28488309106453,98.33852027622682,37.40734346235187,172.57431208035857,145.85584504939837,59.93909506974706,270.07805571275077,193.53035798587635,85.02717637502253,169.51914138435473,71.684511787275,118.2936296781632,187.46909064995012,70.8535026758911,60.18814568823051,172.50789899771053,137.04967037995223,76.74162655506649,185.51231217374487,112.12355330210795,53.75333240745626,165.05028520944782,104.39883987194952,102.59644185244458,194.34576180350598,98.79087812927673,91.91495841123796,224.19465538919798,140.7769769256577,75.84266549395572,203.4264012506012,100.73972544463679,60.219227199996126,153.09445405316836,97.08678434813582,93.72291135843624,209.55075488608628,96.96223099702627,46.85648791764044,187.73688482781793,163.89062620076828,81.704313996936,138.60201839751448
2,64,0.0,0.0,66.70991929702754,173.71975165155155,116.17849170430796,105.64917922730916,193.9985238528334,88.56482417773708,42.10602454700916,187.2682200233707,136.27065315401074,57.68003913711825,229.35538172872174,191.60665531534704,86.6922839332539,179.30045502992624,81.17649486274092,99.05881896981796,206.16841855787487,68.81462192651264,59.96489213685496,197.379434133588,137.97986598456154,81.23085200076065,190.52737779820953,117.03529581576674,52.04775275005408,150.3137143136891,109.63267154045994,101.8975431876299,208.9473092436532,112.75334701316002,109.0292581600346,215.62116699693163,142.31446409532393,80.51987849279004,195.4422255379286,101.83574391069153,52.497657823420276,146.37358407092037,98.38236788959402,88.70769761483147,177.66163961602513,95.27066016711923,46.595358286456914,174.61271358415078,126.94654958242263,91.33344784720927,73.6916373066144
2,65,0.0,0.0,65.4686254524736,199.7700413916617,114.6939307778359,110.01238393147372,194.39064357181434,84.29030375744989,39.57692516767931,175.4552553918817,127.1007639570935,54.308194388845294,236.85663737055341,193.29248807001878,82.41172234982194,170.44415254374175,68.41004778369584,104.43321752721961,178.61028357539024,88.41095585284765,60.82460045925224,183.46769930578088,138.1376878476156,79.57699540986242,194.5647697210375,113.45544083122485,46.68447144437625,156.92525240149237,107.85304972335649,85.94761763264553,209.10044396707735,106.77916896946105,91.837208192945,223.28638088540274,131.6584180704305,75.43005750017784,178.40661211867675,113.37594516422963,59.673836371363855,157.78485313625097,95.89378957201956,88.44463999603052,176.365854387192,106.55765618248887,50.74888174730717,195.845705578001,145.06562407690853,93.88237847999085,76.00316637631667
2,66,0.0,0.0,70.16201044175978,166.2657606245548,108.22783013687031,108.28366765427837,190.4698783040687,90.67334791626064,39.721717043855605,167.043591104091,128.32202963006847,61.43047098853417,266.7443390640724,177.26446339073732,95.63288553950312,151.02010777077095,73.02974842582366,114.27415125652837,183.46108265953114,77.83922190516452,55.92441151414939,187.01143138854138,120.20962823434009,82.44929476970186,191.50654229852236,106.45453778834981,46.25693684414979,149.8657496358329,112.01861951520351,100.00658603996122,206.00646608161313,116.31758610445303,93.6719765341966,209.13250897552425,139.00777174478617,82.97022084430648,208.22191897348594,126.81687595192733,56.15133969217078,155.04079585099038,82.44707395491241,88.17487962732503,188.28498806517644,96.99302893408145,44.9885536170052,176.1550195596644,140.90274397847014,89.80735283356202,76.16347809851668
2,67,0.0,0.0,64.48249040637067,186.11530307730987,88.99294121652754,115.22192494882289,181.94816987271574,90.9589848375105,39.82067204068047,163.1507469395949,131.38199803479853,60.42872090920034,251.0963261056696,157.38888850293193,93.79365749301171,159.26842879440952,69.40202380607653,124.87671472800558,183.41028494862428,66.63785221813805,57.845423490414106,198.73929203848533,117.44445120310246,82.31676435066034,190.38411869446574,110.7134999996937,48.24085334492636,156.98844677502024,93.14270611813917,96.14708219006367,200.85811658933332,105.32740856507878,90.7346124977431,199.54684784965343,159.4017414548348,89.71585057526786,207.3132250834978,111.78997532143791,58.13258728338059,160.05578786692027,101.73220458142076,82.75064518188033,200.01196002104308,101.59787608619327,45.911793918758676,173.79493456588906,119.00635841946149,88.42825906769859,98.76381539465771
2,68,0.0,0.0,67.36107974018883,178.07202348649562,114.28090058170609,105.36679114258285,198.08319500375148,85.69993401004943,42.18615488050578,166.63280613201005,149.13600540972854,56.483061973149084,216.81734464773703,197.85613025884368,89.34375381175315,169.05099944837843,93.85797983837722,111.53872240699584,179.41535631299445,73.75464658037164,57.02707086844526,192.99511124433045,120.2527592149182,78.59763217884017,192.94668597772883,107.90002396015943,50.94136930450828,160.0556445472672,107.01743769197198,88.99021091461455,196.17813851683982,112.08396329443393,97.04236267967246,220.12631330083323,141.92607751988749,88.7749825306541,188.24481359595137,112.1061142564925,61.86202277694001,148.5172325841234,96.7655144975121,85.01042912900826,165.07179439075864,98.74989346813585,44.79070418684819,185.1310972675719,135.1515343549508,86.70294710621476,102.2310226311747
2,69,0.0,0.0,67.99659049525496,175.50465024273325,103.74044089402821,102.49474732271567,178.98365542942705,92.9363271459657,42.35396332128148,158.64006984286524,131.5337281371404,65.27967193562081,234.89752117332003,188.4563852849794,80.86857869797461,182.10803482359435,80.22576889669799,109.96747316769033,205.72784627687395,79.64107381328473,53.111624880457,186.21271467143566,133.28768640547315,82.4803020769657,202.3065750850954,113.55237007141363,42.893299088328135,153.6738232143952,101.45253477771887,101.48742174320329,213.41741342753292,102.41292369099767,87.81154926705548,228.99864533537246,137.4138799952,85.62618246512712,192.4572370694703,120.33722889096828,59.70364395327307,155.30346523312096,99.4877537777649,89.38695833283839,189.3413394613814,109.90655064036895,48.75970436819752,176.50498495059142,136.80861551231843,83.40334399709282,109.57460178123077
2,70,0.0,0.0,71.2173429678674,170.51258615728435,117.91048472483025,103.07455735440166,187.03145302557917,94.17784569159073,39.262393457961515,165.79292607447624,113.48250052186965,63.136737522231684,266.2087334282285,200.01183188237366,91.29228917710383,142.49997649457606,80.78896194674631,105.56477268474137,179.3873805728286,78.9216683287348,58.01442634532691,184.5269346729924,120.77802380748558,77.77844991594458,190.86084699558373,117.30540914156755,47.52337974027022,128.74452241499256,89.96256208210727,100.0403689302821,192.5459153744229,94.35799548429404,79.39665869876066,216.60926732921672,134.38678535516243,90.8569234786274,201.55112972277414,103.29094389629036,59.146615261159546,138.4531593250816,90.09293718159721,81.02369098431998,195.10603526414872,104.07354813905702,46.141154925236755,184.4197915151035,120.85934608383796,82.59645581340092,126.9374233486728
2,71,0.0,0.0,61.55260233804509,169.6284437903995,104.25483756570132,101.61948640075663,173.8300832889843,77.04058567474618,45.46832386356128,169.32204669040874,123.83425013799888,59.920035209831994,247.28250290267647,175.9478098378152,84.2198039360323,164.41104377056038,80.25486963255733,115.95936625911037,215.61081956227804,76.23527248894487,57.678945052502094,220.0179298699749,137.52504951247653,80.74347273760662,184.74270570764062,112.35630320427475,49.14774817081731,155.58352232690436,113.13037944344683,104.17882220189449,200.85569381721203,102.33249797525247,94.47441748792885,219.80210876837975,130.72346040279976,93.80531898370253,181.1277632348947,112.98199391064514,58.7775306001219,149.58873700724735,97.2401801222608,95.39137691337352,174.56771478332718,97.10179219451447,50.3488188868216,183.99476718642518,129.75522519124752,89.42628433221047,103.31355717139986
2,72,0.0,0.0,66.1452459717939,183.4251964449583,100.8030383614852,116.0843691781638,194.89797572791912,88.92165366923837,39.18932204727627,175.59366270780086,145.16338364222807,64.20894294673113,230.0577010472629,188.75487801833884,88.77824875314089,169.96266199516788,71.68666148240017,114.26720498760743,198.10130234684203,55.541760064096565,57.71429572838939,174.48346415043414,127.3890859641697,82.2019881736248,193.5443229165736,125.11165842258211,47.04703959722895,152.58989616738137,107.55156658280583,101.32545258568192,200.42401360507097,126.39018713661694,88.3093006377327,235.85612826560936,154.94115285882086,85.10717825501996,203.11095016363842,125.45961756483246,58.269865575628124,144.33146036561934,101.22504215943114,87.51134796906011,189.83546074543364,94.3566438576966,44.46568004501097,196.30529567490677,148.4481825662389,89.88503868728414,68.22383346479808
2,73,0.0,0.0,66.1280430946283,179.65822739220334,109.9674537114255,104.28024741053915,208.45246402445272,97.62121164085508,44.94458863859008,159.06640822821777,121.91019214598138,63.517745059462705,253.3216816977511,202.70767037310375,90.25738783795302,160.00877533253222,72.34699787454917,117.20870393143336,180.86036017457937,78.90772006678449,58.883305087525,165.47127170481906,126.64082597105471,81.86745264767015,193.86686684308847,100.89567163231027,43.478304543046704,153.62471590415913,103.35979170454864,114.26058931975886,199.79134606986202,112.33714770854709,93.64184185085342,243.27856298584072,129.60303395194336,84.3279196468239,200.88606157507365,121.71288243397433,62.30880919261304,154.58565630862202,89.39186298229257,95.41419345313831,179.9560107879341,99.31578147768933,45.93677707561407,203.2807306426953,132.87703321215537,92.20470440294918,93.18712315860978
2,74,0.0,0.0,63.01458337455132,180.71880163506364,103.36289135774729,110.89710292066053,203.78987548243333,76.35249814530879,37.066557498287466,174.25201419574876,105.5750144528341,60.234658095848786,227.8762749093349,179.94081814852657,85.66932540869126,147.58959165109798,78.05085788113344,124.79865435383881,177.68527177231033,84.61977178628672,61.83413731979311,190.5656368136547,125.2660607325077,78.51176657404937,183.5664120710725,117.48888751115527,45.671138992429995,150.35533019173144,104.36381083063395,109.96234573513696,210.78740166382843,115.29275756328592,97.0134012033056,234.49522475778463,121.99886916467806,83.18278164144974,199.4150558592475,117.73067928531137,58.1174674865009,155.86181916276175,94.22124455736297,82.74686637174287,175.76788622881372,95.96596457959754,50.1222643360811,185.59995677055474,149.31398441058155,77.70121028844086,79.42913093183998
2,75,0.0,0.0,69.55797481556691,157.2973429496813,103.88240184905425,106.37561907132667,195.31424777513732,102.06882161292148,38.35675213762857,190.61176083028704,136.9528617743826,57.38415787655932,229.54424250276207,171.27460866444156,92.72440057714621,167.59731775182922,81.67484327513127,112.67692251145235,179.9250015843602,72.78429468396108,54.61469661287033,196.78819152788208,114.9798833720849,76.67866055078362,165.817115709009,110.72677236395684,51.671306399841924,157.23275549536888,107.36969648940689,91.75827001457759,216.8058480624887,104.4568565512312,90.47330227217974,238.84803761320694,142.81189982681548,84.34975586310233,187.77578131456448,119.86005090849449,61.05241779180308,129.90485964055168,105.55177422509787,83.28199877749897,191.98988126371282,96.16528563893645,43.08723990050914,180.05587914461523,159.22609855603508,80.5532279836831,56.40658381268577
2,76,0.0,0.0,68.80974012644421,159.96335480137452,115.00038347756151,115.77219515717576,177.8967501672795,83.08099548525993,40.23613386258343,172.62009489752748,118.78475360182992,58.78150025356146,244.462845839704,165.76158703258764,88.72008241256691,162.33956681491398,74.28567663430343,110.73532319272117,189.57319102424955,74.56002443356935,54.418870362724256,196.20046003064607,138.81068615450883,81.12985638098559,195.123364882021,99.66697650434126,47.69621452856189,136.09616377467302,108.34003362461623,99.75693081045391,193.48235862834764,95.56309003382522,92.2544915933458,206.82542257247303,138.81360578333735,78.42335620996468,185.6061623412261,120.80693051255112,52.09859976875838,151.42070530568023,110.08116495300881,95.18243583932879,179.45041462753258,79.43795364895979,52.02213316191141,210.7976332250363,138.80149833333715,87.56348083018324,94.69240373930455
2,77,0.0,0.0,71.5655038417033,178.03517696328254,118.82198010759961,100.39774658560265,205.51767283090382,92.38952666209812,42.72206629575929,177.3793920062913,129.87629311741426,61.83999591025564,224.17399998577835,188.80702152818924,91.98134386988812,172.478382401875,80.10797048745917,108.22524220084283,185.0370742358862,76.48330530567351,61.42884205970556,185.9600156843219,132.52823510774158,73.48075850347513,198.16397495734728,108.29424972213023,42.91959238253942,142.77877520647644,111.48501277276715,102.10998521225017,224.55003117928894,100.03526313704624,89.58423349416984,204.94980144752174,135.8271983311745,88.58608847473062,221.97475580177283,127.56176181602538,55.76326896897153,146.80729773328846,100.78613249875269,87.3729378277006,175.8416159856007,97.10672609920418,50.78170697097374,175.63224939650644,153.52179664347705,90.52685373586235,131.77444666529607
2,78,0.0,0.0,72.60175374309942,155.20707932732168,101.20220381012264,113.04234680506212,203.11562494387266,79.52424599553513,38.91400390864636,165.74126109494765,132.79216564539252,57.06729737347171,232.27741196466886,177.7682758474139,83.92687303178245,149.8048502130131,75.33253732573549,111.75848715494031,184.41686123829814,79.10430439327172,54.671748573294565,187.89226899827867,145.02580492881737,73.41874675366572,165.83150200648845,109.69120985400762,50.77972500840968,142.0994092984133,97.51452277330249,95.32462417359598,209.8961783609097,113.21274705772986,84.74531695740797,258.85113333737513,136.2596911587634,83.39377652699586,191.1066421157434,135.4426579686413,56.89110465153575,154.84068567093598,108.87321627427872,88.02406855019535,183.76267337960897,86.82863025059534,45.79946674094545,187.4296173876185,144.58034580356644,83.17141473781672,89.90866238670517
2,79,0.0,0.0,62.49736815467829,189.0163586058627,106.4402431985698,102.28453100238828,200.1493158184222,85.91364998596792,43.143850084419114,167.9835808980202,120.74079057713425,62.75113926961171,253.77678809472127,188.64151274826122,88.93290731912762,156.18067056569754,77.81662101187322,108.47826410168877,204.14491927557103,71.00994973604091,60.02141617667216,197.94079953406577,136.20409737517016,74.5325653289942,186.76694214064455,102.77130587646995,55.15073368118174,158.1134481596888,114.06183882498581,103.40896905197171,216.04817867048678,102.31712879312057,94.25870939825488,226.01506738699226,151.99097392432682,81.9417288654444,187.36943758051217,111.33251155156862,51.930606042379594,152.60429000754897,89.43297616510033,89.60457229445652,191.4244488835078,101.7005031202686,46.05109794392956,183.72001474392349,142.162451189058,78.85275395966735,98.35094558535447
2,80,0.0,0.0,63.53760906787681,197.58235378935558,108.2480993518046,108.15119167833782,200.95709657231143,94.89761289186757,37.49218071239324,167.9462962076309,122.5440738423987,63.44864056797004,215.28115144245118,184.56658541307664,90.15534747025946,171.7257774602593,74.6031004548664,106.96658702625346,184.94197060627621,71.76302764752026,59.57303390639427,197.13317681039928,122.04733027532758,78.50091827241896,197.90108562550407,125.3954896960749,46.67869705154997,155.66565206136255,100.80937013278728,97.54728323912497,205.1201860540253,108.97239862150295,81.79396413746645,228.59588086295,138.7664138911082,81.6437381772787,194.20199436110124,123.14984138891037,61.0234882277738,156.4238935317625,85.92897650219729,83.24128617072664,189.4953573429995,110.19517949368732,46.61314106858797,205.8843135399379,137.01664182768062,86.91827271458178,95.95531355709556
2,81,0.0,0.0,72.09212348282107,154.8180401571705,103.17224542614763,113.20779648835524,212.46095136149265,100.42449091690548,38.241509865822565,159.08966375982862,120.64699289025265,56.45537291313225,223.098239831906,173.28882163017167,87.65615895894364,170.55247917000156,75.3174452321548,124.91934909813544,165.58853043413924,67.81460525380041,63.487478851766014,179.38921317908495,129.4215613221036,73.9106666986053,192.82960743729748,108.50985343659383,52.3790781631616,165.23771505452464,99.56093433405083,106.79024370893089,206.2613136373374,97.83341535189065,100.27008606254363,246.56847031966242,134.37532627397246,77.35750866320457,194.95163947517128,118.82085904629128,63.313312424647805,164.05317824755988,92.37455418109536,93.126327827636,180.49831662540595,112.51545964100997,44.36470505116938,185.27193537605953,138.30091955797144,84.32984236025915,129.19654951263743
2,82,0.0,0.0,68.7718426361889,197.03565252835176,114.77516559621984,108.075218441698,201.8975790866572,97.5366709123272,43.16176716395127,182.08782068200048,127.90599936255754,62.52417277693231,243.5854615087034,193.17149729999122,78.32215751499969,158.27959085351006,63.00965854663915,113.67263590943104,204.99082253380527,75.48784510691648,56.65058989771245,196.65477343283413,164.01637415292555,76.00159892972806,183.25860224812573,110.39601529818057,49.96247459646531,145.76921885058542,113.39586071514967,94.99058105527712,202.73252102008212,96.86149160806832,86.714685815872,250.71732641889264,142.21248882481672,79.47268018866035,199.55707963789754,123.03312048388369,58.6601070423442,171.0280139493569,101.29056025189797,90.90196215706655,167.71710416802296,87.23122006948985,47.62575609592215,182.3633405712276,120.22761728830912,71.53885643752646,97.11896529081797
2,83,0.0,0.0,70.85131240431143,176.05640443546628,120.98872290423053,114.4038577858831,216.17200165864776,85.20662144854013,40.438988400211926,153.80786631944238,148.27971164778904,65.2432934558477,215.79604866635674,197.12235076968483,93.59734102983587,154.42929952003485,86.04080850563487,120.34219487192635,211.3918356558316,73.26675698419096,55.99770651791387,208.11825468360567,140.2597978127582,80.61693154691636,201.46131356014672,130.10662810009,49.347031861689615,153.73868467192068,115.25416210333603,103.21762608027048,177.14599893638757,107.17578607600501,94.07150597709729,248.6265857573347,137.99127867134902,79.13571180089262,184.10606128941419,114.14115539026467,53.57886319077546,159.75452020214203,94.42073467659674,89.17241128386341,184.44713764192508,92.69272351557007,44.61557662837218,175.85673241027314,135.2308208671313,83.07447465931278,95.83994366927526
2,84,0.0,0.0,62.30588115793088,164.8066186869995,105.75831858968783,103.58089240132782,203.60436517384971,86.95815779636018,40.7839060376772,179.89451560699644,118.99314754235043,57.05760313166287,240.3302270195503,168.23361449968465,93.4918584423714,153.85307271428218,76.46329561392274,117.2049019371152,184.40223284575248,79.38008771450393,59.06148796434463,178.48489827875323,147.38335397128782,81.92831232616571,170.01659484323721,98.51269689141705,47.35587094323254,134.59362276649068,102.88274171148647,108.65200223721921,196.04138880904827,111.34846545954113,93.58595138572967,263.3328149454281,150.09759654867617,84.74906583721922,212.36846001170358,114.61472496221384,62.450193104668415,147.1780663741276,90.9042525479721,90.34670258716432,203.2057446894103,87.00867407580371,48.14653064398877,192.00789819386463,141.35857835720077,86.66181291364579,98.22997739449086
2,85,0.0,0.0,67.70770792708173,164.9776694665617,100.11929090498228,116.81302443217173,199.60596812890782,86.88315460078685,37.740403664067394,173.21427216054872,125.39817970360491,54.25777057130003,230.83169990805652,187.7375187979159,93.92117348743842,158.9642970935269,79.16516296815703,120.38690154524019,178.70247381137773,80.96516711008643,52.636758495480954,196.86909436094174,137.19257705221798,77.58399217944134,211.12756471196658,129.4802463918838,47.19144438192143,152.7488561051374,95.38230485758874,95.44439477568956,206.52632081301908,106.8068936940704,89.67805943843787,220.85390454725012,139.8681619506148,76.71954942573318,213.1870456547042,111.47765768261954,56.362042929553425,150.9097213214383,93.9807364312791,87.45142354067197,216.3353896993739,99.91969117888408,44.99713507629124,196.37751649580593,126.77893891650535,76.11445797640661,106.60420752551724
2,86,0.0,0.0,69.29151724236328,170.42309009293263,97.59667847363139,105.97345700302851,157.17531702251648,91.14193594175617,43.846715269288566,168.79455724128837,118.41579535857632,57.39368616336607,257.0851430175465,175.93107772285913,83.80391251881245,167.85209176799586,69.69165974975411,105.63116524359404,215.53273345922494,77.4089023589035,59.36594731322554,199.04925939538128,139.8293677928705,81.73801121256983,169.3616753370302,120.72173785140919,41.84057627621438,141.686850272059,101.41173063544372,98.84156709411884,205.48904536847192,115.21937570974582,95.80217693976863,233.63462677144028,143.93052751022148,86.3633495221437,194.7920066614292,109.63450529468805,52.961476180793554,145.88671615016315,95.80400111204503,82.66386435237702,189.3944321778392,90.39603513365451,45.42724068442183,176.55990966143582,151.18852646513662,84.86392240140657,94.67187220870142
2,87,0.0,0.0,70.46136255726546,166.57499994866762,116.86925546361275,101.37586837130767,190.99788292775926,93.62257354002863,36.859516408733285,156.45130162510364,142.38669928404556,56.86298260093736,238.4042768033704,177.75528460811583,81.21985468258757,175.52927600060482,76.26164876376426,107.27716197365963,197.32573367711146,79.05435676666073,65.32884810968956,195.07521432147772,140.02605130772753,80.97282868352839,202.43700816640157,111.34861817647483,44.13893998130508,145.91986529432185,89.85664807319256,99.1977674199841,219.8641630221733,111.50865663063232,86.16360347222917,235.1666369806979,125.74688416174163,88.0066924636512,206.76159153225467,117.50953776710502,64.03433339963668,164.43769301568508,95.83316510948315,79.7143586166007,183.46386268007203,101.40891238086738,46.76022863089797,199.8092825035188,146.80645596665394,86.46064769808532,114.75788301392507
2,88,0.0,0.0,64.82348907045535,177.19993020940643,112.51384658963603,115.84636958660329,170.5202838958592,103.26516512836984,40.31953943217405,156.27871318948763,131.01652399264256,66.75050424342776,234.12619926834037,193.04996070114387,97.49376956719952,166.25117779310554,69.20953531435134,116.45035435868355,207.30713804013868,68.30914502491068,56.98253567008775,184.77502077670465,143.3057482792754,70.44892944521347,196.56357734456665,113.26864565860842,49.15775277425989,162.51586822195407,99.71248791333961,104.32350709728888,209.80927500767055,114.53432798988976,95.46425830515828,242.9459639544835,130.4020390054176,91.87930731611645,187.15525764952633,121.36275318875013,53.22030243478647,141.85659415884317,100.33931445041131,88.3104102324616,192.28181951740396,107.42959643084907,45.58371657857831,197.6674959875998,143.29683803010772,86.98119226515155,89.60320573519773
2,89,0.0,0.0,66.05315834093489,160.88921443283175,98.02454120504993,104.69707679075917,191.9371522922576,89.56348969894859,37.5320503585932,155.07399402717752,135.3845492832085,63.36206801175405,234.44329557744663,165.05901854560744,88.39201186907576,155.28086238124155,77.68854893386589,117.25393682982401,185.80146490381608,78.33693017344024,54.990240554103885,175.20781938043822,125.1375494137954,73.93101252214305,214.29012736775508,122.25636166060363,51.54767262578392,170.63002943858805,102.76248523775196,103.72915892306779,208.01277961850042,92.36063788811937,94.65638181428109,225.92152877971714,136.74861236345023,82.58267451696123,202.35454961784458,111.24336465042474,62.17626933451982,150.35929436231757,93.13536149326835,89.78898065802417,174.7992659442994,104.54032979541837,46.38555306173896,177.82236360484836,137.64491186269848,85.77395899218618,102.66313287788886
2,90,0.0,0.0,68.7468141164641,177.34890736424936,120.14134717122519,109.13787241988007,203.23963768202728,99.43346602188912,45.155175310756924,165.3479570341122,115.58273085731089,53.53311842968594,243.93644946670125,196.22718385230056,97.61664526755771,180.37593870115083,78.01665379498023,127.05229261002948,190.2454537431989,86.79284349255342,56.96715717697533,190.5800055562922,135.7974856646688,77.24463940303187,193.620705185428,101.13085647518184,45.400138992665,148.90871961880794,111.42444914828737,97.34681967657068,200.8641994289629,93.57437793698882,88.96658655922451,238.66325672894055,121.86266990687446,85.55475112515978,202.53408989482563,117.8301510332838,57.687988231859144,165.98797255741474,106.8670284807808,81.46608085362382,216.4763186166455,88.02712641196439,44.128002447974914,179.62409183975348,131.10988802955438,83.97955923878993,95.41210046420578
2,91,0.0,0.0,65.75578418674671,185.6319828484969,110.13920244204694,113.82848578696046,192.49182658517302,100.42637544433612,38.303206757673294,160.12089279862232,124.38607182470547,57.42225179921887,231.42608149057455,173.06031075412466,92.61646098776534,156.24835857488293,79.01783482438256,107.69257158079515,209.9416270664431,65.11880529674971,58.546874827259515,194.04288452824002,142.03261480207482,82.97117081168645,172.80099589079316,125.56062751999704,48.40890352232179,151.15881118945876,101.3720213668061,103.3546803431589,182.45750481402084,100.65793647253473,96.58665645202977,231.25510769920862,151.01098148901588,82.8984995726442,199.63742259145351,117.23004184093304,60.31568792338939,147.3460491523205,112.71849388505652,82.18592719138167,172.13874228345816,100.51380038280813,49.90126110742262,174.904672354181,125.8403787996665,88.1066894911601,130.02336466513418
2,92,0.0,0.0,69.52134695319334,183.73499246057273,97.51328723604442,121.33751492745148,187.21189449744443,108.24468953237735,42.295733998094704,163.55621957113652,122.45762466213995,61.65031242222464,242.9038530423665,177.36703296515995,95.36155802265306,178.49603737335246,74.86708471093567,104.59001696264394,174.80297008101414,76.99203799845084,59.135263559512104,214.8376837430217,134.89427831987746,85.31491569062052,209.357158640795,110.26978402083489,51.9318718259817,146.01960323241616,110.21075854603232,99.21402107056437,227.62636483286357,110.92874722101844,96.2752595317552,246.20100603456666,135.54943258252644,87.94831336754969,216.80434654499095,109.95469010072433,57.43910213544445,155.629260037397,84.14923493022177,78.40768764992353,196.9686866629772,106.8211468662219,49.26188691893897,182.40395525030175,159.36171327777154,90.7154495072957,102.34476555723977
2,93,0.0,0.0,62.248566952371235,174.9552330300616,100.31063040677742,103.64180827144983,210.15595296415248,75.95994769180759,39.43056022613838,175.10263393604,123.37854792521503,61.38189673850996,224.249991893378,207.32094055861072,94.97072524190348,169.9982244536468,74.92055746896054,107.09300225035999,177.74226031826763,74.09140111313644,63.841140121830804,184.89682485751936,141.1018128289328,77.94220718412448,177.90765554225626,120.40417264056121,53.57215989115398,161.45051190708907,106.21990385958689,96.08023605193775,200.43552323547593,102.51877700539686,89.40165729189138,249.45317744083945,133.48181553684302,75.59339047327133,192.82492106922098,125.35820657265886,65.38759448978145,163.4682910212411,86.81473339840478,80.3540753091771,186.45700844025046,110.42421945507118,41.63387478113289,183.7239179544308,144.3646035754644,76.74123692473444,126.66588790627713
2,94,0.0,0.0,63.02676158855781,178.2631539285502,107.78278332129959,112.10775124563489,214.68332761451757,97.75560662877379,43.55447220992003,184.87010117049783,119.19721334286787,59.96602972783591,268.91984834768505,164.8784098884808,90.27190963726201,168.59515778519292,74.46737147536733,122.00326290231529,190.18366643276943,80.11971923361294,59.668581276349826,202.25667361444758,132.708701239405,83.32461761237678,177.3848397462576,113.12041848103044,46.80592871988807,151.89026915626496,95.55153551685636,106.1979191506137,206.43689856299986,99.14593315354085,98.70257315126534,241.49509965437298,123.35658579172059,88.06834346535292,191.8712393458603,102.32879132808317,57.56723708992235,154.55120442922959,94.90444494896484,86.26775598174603,189.52473471853736,107.2510366622255,40.55161661257223,188.40950344997475,137.2465219433022,83.00961584394997,96.23345474066828
2,95,0.0,0.0,64.13785962167056,184.58015559895932,111.64303378544213,107.02886375760961,210.53131124748933,78.55713523540012,40.48987056267445,175.00694148554845,132.90346794487027,66.36096122877873,249.0985546485275,208.49779044366917,83.83307585694719,187.8128224705742,84.22940643026062,119.64735713021804,179.00455112079732,66.32006524940216,61.43206941450308,187.41927592779172,128.71010984304485,74.38399749911864,179.04712456195907,125.68301740674106,46.48306129103512,160.8000982537831,103.31434304238978,109.37288542460752,202.9684014928643,118.62727327754058,94.16484946283624,251.04958919315692,139.26298329726188,79.4097701223341,209.03716729482773,115.62187000367115,61.583212402537384,165.7110884781317,98.95242295973713,89.34034272637642,180.72586677905883,97.38280802933016,44.755461528472985,186.8198748966708,130.44694845824563,88.88622470136488,137.5209588434471
2,96,0.0,0.0,67.84519532756,186.42811715124947,91.32434136691484,94.37446638559054,183.1699590157073,82.6560870291878,37.87379015228114,170.97180252960246,124.00294163091988,61.99039401102285,239.24478107273674,194.28020914670003,94.35543335201135,175.40404732862385,76.9210572228051,116.06125653057512,188.04599041168572,61.533852061016496,54.98637336275828,182.04255157679626,127.27919401349504,74.364969865084,172.4174286499009,103.7127063846405,46.37176905418027,148.1348946077912,110.70784962954095,89.8567742768551,220.69787271400028,105.23457368958441,94.27308765044485,261.7391688145743,152.90056526127148,82.24561008896993,193.70347799393366,104.56062874643864,68.37399713321012,159.42145636884754,92.4727703542189,79.81795809417184,181.25706715034028,105.84022925058935,43.07575709718767,200.55440542017627,140.44490414152295,87.32142302040454,106.75616699173804
2,97,0.0,0.0,71.34210007892568,178.25159507663685,121.36495836503016,106.91799867151559,182.16875500271667,78.47774785443205,41.3733386053678,146.55774484444206,119.28896187464305,67.98950425034255,224.6202005040105,192.078689001833,88.32675125844904,166.8520623986562,70.58444860787941,113.82411274064317,191.6046404572523,71.59441038540874,51.439631884268394,200.9665006536213,141.35851670313238,71.80593942390047,200.90897638317836,109.13443489113125,43.18474447242761,147.99829694739267,103.78424860445362,100.85873804493617,199.81712709949906,104.98112639874894,83.38152013421472,222.0510423459597,136.95599166110492,83.68294668920119,197.2129114799429,118.09946573123216,57.95811929653951,149.97962847486372,98.38623471651928,81.28149047064893,176.60130329627117,97.03470906519595,41.81456026531671,197.74019233780626,119.1655941474811,85.2512055852529,90.80745952620615
2,98,0.0,0.0,61.72790461066177,181.4809007473484,102.35207872580787,104.80152664078243,216.95394423409954,73.11423276210222,44.03669401074998,185.48466872107727,119.90665826195053,57.14022935075825,239.09980709161138,191.10487929857447,80.36112124283541,168.65429377921157,79.1018832529873,103.80203320504481,197.11412642496316,76.99061353796479,62.017841605007504,201.4835509045113,133.70973613895833,72.37239904914107,219.81429480472696,120.52229456905725,50.55376967010359,161.49246444104622,100.06026611214105,105.26236423120969,221.70088327758128,88.05841070150109,89.284559916258,234.5608464565072,141.71209518943365,76.61470622302367,208.71165372585628,123.90249451648565,56.56760230428556,154.02495721929012,86.97354275827627,88.3048189820982,186.3392372711392,99.91852998243101,48.8408184729265,172.6878385479229,153.2026891672689,79.4898631901941,87.35172510415238
2,99,0.0,0.0,74.54543770683559,195.13553994435227,106.73226914425018,106.79123668589963,206.09714105516406,97.39874311031708,38.44913366908912,168.61479257113746,113.4606293454203,59.3189797840547,237.056225427686,152.69699889373743,79.99568450834542,174.44685853050007,69.68655164079738,108.80966948354619,210.95063685405626,73.61228572266012,54.006098067967585,187.18210186548959,135.62914466507283,74.738719517991,188.56239863008298,113.2080704616339,49.43609716189952,154.74432408894177,89.50703600378363,89.76115412727907,219.47602739637958,105.46933802718199,95.21068294128703,241.27494796843425,135.17342019046646,78.42192005755541,175.02522449496072,103.15584548308695,57.473330586283254,148.1652778002048,100.1867413125041,82.34554602999914,217.24003592176422,110.38226979840631,52.010962760607185,174.40175355289972,136.6177807807976,90.77943844475021,96.10560418281881
2,100,0.0,0.0,69.50050529915929,164.98380705675618,105.76200675668764,104.52131025224308,192.7662031885921,96.275017852474,36.53584515790318,164.96585830265448,113.86760592095492,60.8900695641747,246.45949899105366,197.65639934653467,92.46946479793274,154.8045845750507,75.16032176404102,114.58748622018099,177.65158392075531,76.09112044932952,59.55694679550348,191.45955369857,140.31907450457797,78.41363552292157,179.97691191073116,127.30735438585266,41.96784197312469,156.42515396168045,102.7576453000225,106.75741652762294,215.04075571969466,121.78160806656811,94.7970508234349,204.3694436823133,118.04983985284291,80.96479749905848,192.7212162720113,107.46662738330195,58.3288875216461,144.12814792263902,97.18115212712709,90.43640133270138,199.26615719167714,114.1308404515082,42.85695934125117,183.15307254563024,136.77605532041642,76.83635234220442,124.89473540839388
2,101,0.0,0.0,70.98373977084103,165.18841923758305,117.66370701568688,105.71714631629538,208.2112440408802,86.21745085054597,39.52769791513723,170.13092618720526,125.98639270240314,62.34815076462374,258.20776980924404,170.99233903972925,82.67825049663807,173.73787644166427,77.11578803290043,123.03532929903118,199.21659356485543,70.57933229944706,55.03766814437138,187.67022020876595,143.00757542081885,80.18464205456404,199.70306984667607,99.63861061360026,45.52212310795453,142.48258904121593,112.53897751336284,108.32348357323805,204.1404051923529,113.4707734608653,84.4485720286048,223.84995937103847,144.56258917322344,89.64385259335369,197.2435774044396,130.8026576134891,63.191652639000914,151.2557014609991,94.95335511687084,91.096697294889,191.37440440418825,109.73454338193054,45.72262865972369,194.7696513635201,149.8440504600731,83.0691366072685,117.83429426540567
2,102,0.0,0.0,69.60646400592915,167.76823834634666,116.14479875784535,93.08891948529529,219.23385865013503,91.66081766273176,41.693639739900505,182.42298075913814,124.08615668643209,60.44951319099296,242.87698794606573,196.16668882538713,85.81208014381619,169.82516544320328,92.61794594709286,125.54858360517775,183.49328840273324,85.20434601407143,55.09279242803885,185.56155284425492,125.29125304666361,76.23558534022324,197.76628998151784,109.45532595922447,47.07763501739089,148.98100639138733,104.20260752857983,88.41246012784666,207.95897745791427,109.5011776689486,96.74772184389153,248.27756906086552,121.0799161938908,86.00362705163496,194.86344826784435,116.3988578040772,56.53260732640119,156.48777098900382,92.63491377270708,88.63963121277764,185.77741413617272,90.52918829372796,45.745186398594775,179.07295414796175,139.91255008675134,75.50035526652198,107.70315953873856
2,103,0.0,0.0,60.86948029855217,158.2210447008532,109.67166170180971,102.82405622076236,201.17287945975076,91.84495197338693,38.59350984908424,176.443117922976,128.68668068133096,58.88619961173917,262.3001270738881,213.8833456789608,95.79152151175525,158.24054456574788,72.82827148771557,132.2139773662404,186.36214270368512,69.12582379413371,51.79048947094565,209.25267206202318,130.87788746589305,76.73440467558767,191.134087730568,93.50290204572056,45.8282687867452,153.02246521371552,95.56866758813995,106.5619985311384,210.74750990958367,104.66670209154223,74.25910161535485,229.97793922158863,129.72906696551638,70.5656045329468,215.31878068248224,119.80026914306197,56.01088827427623,151.62222372328867,96.06785069310833,82.69713277971198,190.9339169205859,113.10125163104925,46.44879283490102,175.08658126288677,145.56112777215324,81.35280943946486,77.12810779488052
2,104,0.0,0.0,65.56800868742357,159.81681336210946,104.49734885210218,106.67925124063706,202.6237318309716,88.33499603445799,42.58778776230726,172.36885625460144,120.41933048243196,62.37104520161713,230.042081456309,210.71585613250903,85.19190158667132,173.9789446191214,71.75803792098637,105.0140617918952,196.42762296188545,80.8819992365922,54.162265293624245,204.558374147864,133.32119656256975,79.86197819641221,197.01039000451337,125.16118961630211,45.90528420319854,172.39191637226324,90.99357369636762,104.75289540861954,203.9576675070418,103.7598198699602,93.11131390387482,234.8807631780907,131.23858734301095,84.20296058617922,174.02342464817087,107.95518114921492,54.76931583567702,152.5287277836522,93.09217168889332,84.81775983598143,185.92255438489076,109.46014583217733,43.53534241806019,211.18648087651314,149.73121119657839,90.70375537267027,73.82070279398728
2,105,0.0,0.0,75.18037805562847,155.18767959052636,100.64083234129606,110.20125485294595,195.76848176383768,93.31420490290546,39.682018529636814,167.57415259269044,118.55377393036147,59.69602901172565,224.89508148157557,161.6721156500773,97.04036058760347,155.17977683611295,74.10915870564165,117.64951898349327,196.14876106811232,71.7309368564442,61.44552582849477,198.79759100712522,117.66747567589687,76.20668263216265,194.2099836752846,115.33597345608412,47.537592798333314,155.5649959169429,113.61061612250506,103.93121140959433,210.83868968667275,107.70040211789292,100.07333427940952,212.69225174693412,120.15148109527483,90.56945736037278,215.6271387515034,121.20306224607013,60.306027076609695,147.03060964408328,91.94185310695589,85.3705934342176,176.06990106276456,105.97131143907257,45.575797709298925,179.38016761046828,137.79377241280014,80.58503303220827,117.9213629441
2,106,0.0,0.0,72.63983738852392,179.98304543237356,112.23519754162588,107.09184134197947,192.011266871214,92.89168096229015,41.21603176211774,155.33759764616698,123.46841335093411,59.342694755747274,217.66955044949532,195.70649768688043,91.24245736648747,163.6755804994513,70.31851782506708,114.63160805983203,192.3260621321896,72.79516568681464,60.58406950134675,180.71253539341404,133.2981264343606,78.00823281422522,197.9910832489866,110.33383386249942,50.514412934926135,149.7758184986176,106.60718698345272,102.80335290386239,212.38159132217484,112.27922267806969,87.29729259911235,249.50316986426358,136.08752923042508,80.49681296675637,184.47916424158436,106.88176659342379,57.82005898115697,162.09013979485437,103.3931090468082,80.97209811327546,171.6017312848201,98.45259763791101,48.96408758878649,174.62455120941098,141.17276795096424,81.96243565406823,80.58471424062625
2,107,0.0,0.0,65.62308577091096,171.9064416211178,117.97268872826743,98.56292778821569,197.77022774248377,90.86622341005175,43.64573945933254,171.6058209796313,140.5592627121599,57.344327596478735,250.62216890160272,186.38338193476244,91.86957467895762,161.7303669637805,72.64506570590541,111.71427420426225,186.6902016344113,72.11576287379626,52.29789327066725,179.96366022784287,130.57563522024407,75.04031046407202,204.5136525527624,119.31391223930184,53.729742814085355,149.91437507954151,112.56577639890446,113.27723157943282,207.0450882258318,94.78689946641775,98.04391262196165,221.3972000984669,130.92660149939715,80.92180719454362,174.45142866358657,117.28928067568089,56.18853637626128,162.739430624673,101.1237843954781,86.6632885795096,170.90956207287263,104.16956299046059,51.22384374893371,191.01980629522737,156.14493012498923,87.69056623964282,91.26616208844197
2,108,0.0,0.0,66.94896767939618,154.5429617506774,115.32878684795799,108.20334215116978,194.00416259833506,83.00766295386984,39.18517503453303,180.2962908485087,127.0932880884346,59.78944527618652,224.4745164079711,183.44096252434403,84.73154809214073,173.58074881475326,69.44117727614208,112.98821756120091,195.08880004439018,73.08847558496957,56.80076562439797,163.81161851132407,136.8900537242501,80.83087384484035,211.68759604839474,133.79546927914467,48.12952307687623,138.15404117113275,99.92921095229819,99.68693484771326,202.56677947241204,115.96945428258199,91.35465838732237,261.64273444883355,135.11941352361447,82.44800434105119,189.11030500580574,123.53075645812305,54.161014168993866,158.7895455870658,102.45407225406016,79.98412387717065,197.48499322827038,99.77925493340075,45.10311036704863,191.34287957119994,143.0507113331558,81.134446224872,117.64392025786046
2,109,0.0,0.0,64.68164432007198,180.94629606563046,95.62031583719178,104.82530711572188,204.79879120798543,103.77156660087766,41.8837047737163,163.45926251045978,123.82244358349348,61.38997807558539,261.90771354109717,181.02158907580747,87.92932901557128,165.67881050540208,66.93856591989893,122.05205223573036,182.63815171546548,80.87926685910377,58.87937575687686,199.77505637942807,134.35954998631541,82.84774982684444,197.99161781681738,111.32916386715925,51.21214706881088,166.2471710540174,115.11385785933456,107.35918022773969,207.1377059409166,93.93288890802843,87.5924197599427,236.61357667835549,148.5745183814551,83.1080004416842,214.85100624586565,99.94059586801393,57.330372007558424,155.54876071516864,90.17920832806786,90.43462739936702,199.56075603128946,95.72843188946385,49.16609075083208,191.2436115562401,142.47990669815206,74.5454703074035,116.68308040658648
2,110,0.0,0.0,63.048940276739046,169.62770490135594,118.65036073330103,110.95975570423177,209.04182852578774,102.15173202840076,41.50607859220897,180.66382484746293,115.19035773777357,57.47037434650109,259.5829839904972,198.98133295319897,89.28935383330702,167.07552397462962,76.75235867962255,115.20336242500017,179.26473250821283,73.18635199483933,60.60932447567171,212.59476760766572,133.57773512719268,82.20315498564742,177.46806453025454,112.57476379310046,51.54364812441454,156.56481931820645,99.28804743480983,97.52134184914755,187.79513002232338,103.89110064948144,93.47424771044442,196.27854165139286,135.84071447144117,79.73533254752158,186.07527797252823,113.04222338961837,60.815976270211465,160.9833313291639,102.9137993200591,83.41717247563082,192.14769769203875,102.24319002052134,52.52958230134198,174.05943166808652,155.09259313369256,84.8189838981565,127.8171371199028
2,111,0.0,0.0,69.76383518616292,181.8744327032713,90.39263709814352,101.1461435206878,203.7209959699641,87.48486814492874,39.44490205696703,163.62414858713774,122.94652202639928,60.2408533352201,212.5592824906051,172.5438294590704,88.98561941496003,154.71736235777476,79.23314067161759,105.80330167124391,195.0910367872194,77.46895459196182,52.66427076665912,197.132145214574,127.1879762601803,88.66540009498121,190.11456933299993,100.35562360515884,50.91791633941477,156.70969339977063,92.07697893069307,96.84332244893729,206.96597753258214,116.14124690184686,94.59797631055147,245.38454254608035,144.22695729981976,85.90940628845067,198.8055829751708,102.3440091442209,62.49786512615382,145.45067102731016,90.73034334660173,90.0295916388343,195.85727743421575,101.41585409023266,44.355289686816356,179.69980455967436,124.04640306817468,75.00473340347303,84.72084397988078
2,112,0.0,0.0,63.12166489125414,167.3160825800312,109.9426621416203,116.23936366472246,189.14120320669656,103.1959030787539,38.62071957494155,157.504246065958,119.00451177807618,61.12208532679505,253.7091979149403,184.3282269064288,88.97148785942899,168.70652070022965,69.06344890209793,123.88206231175425,176.11051396801938,70.51770806547214,58.66274585170938,188.968921629669,132.42325245067715,76.28731323419657,220.26163093038505,111.51561558497741,51.184394133441934,149.15905343941412,103.70839301309827,99.49247425909233,199.98529711702454,102.86277115572844,95.16837506175217,250.5642940044275,120.90996728378441,78.24129989636923,194.85753748928744,124.1056533274188,62.18327224474198,140.96500796172603,98.21276865742763,92.28956839523879,171.56154348476068,120.54406874441239,45.67224595171091,189.67198741238562,137.89487710672844,82.62724001450856,141.5418724266768
2,113,0.0,0.0,70.94360483341737,166.6935395320466,115.42949381289891,113.24345643987564,196.151135561042,96.74951265285605,40.627471105459044,149.93779563509133,116.72860039958375,57.43768611184795,235.1300462264325,183.79236528238005,84.40978861490701,158.01759476242034,70.6435647671484,118.85278788881075,191.4383281921312,62.02660411986178,56.982224288223456,194.49347513377725,131.8209879212031,71.40922460387986,193.92582071784116,109.49533218690951,47.82415095866897,159.7198052593094,107.74212240305683,106.74391685898802,224.34990839049797,104.8823553023561,97.46746849344618,221.06528853271007,132.0607521152184,81.73728537398432,186.8144750402573,118.4781497008391,52.39038969209341,149.15278612091424,85.02006266952121,82.47542374206671,196.76507327443224,113.37412273055584,50.37916231509447,185.91265501584562,145.88890684867243,90.94430351266982,97.19013231277042
2,114,0.0,0.0,68.03572146892829,178.07821551971637,122.41877146757746,99.2074329631975,170.73118053915601,87.25251064253848,34.32068105640361,174.89567925592374,123.59676614433243,61.71062242908927,253.53654448924726,183.94170229841626,101.24985085614156,162.73101077930923,79.50377439661537,121.6339021384248,180.6156966390401,69.69757661851098,53.79571889450239,192.89872101640069,119.81390708368733,65.31582252142215,184.4692432993899,104.68562013000331,48.40170355415418,153.12454348171403,96.44346861742292,96.30636928347538,212.40093188448964,126.47875277493739,96.55354946879953,238.7054375014306,122.88260178599323,82.28694526121382,192.22656428239597,107.05751191323574,60.73109529820645,149.45296067494527,85.955739647817,83.80464479668095,167.46857348602865,98.0833899029939,48.47646602274819,188.71917815416285,148.33651789342255,96.03373514039035,50.23387610479021
2,115,0.0,0.0,65.01121124583834,197.32578911639462,99.22423963909247,115.85649359434709,221.94291586529903,92.62491195640986,42.52307880181021,157.94131555973738,115.29263859975026,56.55038962337942,250.24594159712672,188.3896728327528,79.60968806686766,156.94354455431593,70.74335420578012,103.10405859570871,207.84550177702084,79.44175436135517,60.15399128953806,169.79182543073276,114.2563428241283,81.27938067144797,186.28058556832153,110.86536236788436,45.87755918970111,168.64242601873212,104.78454402279772,105.98196230353346,217.1776441461975,99.24560879718632,96.92043793344693,229.31241667358512,142.35089496008126,76.08687694860438,208.71414359772703,109.25559930584478,57.95934202828193,153.09766587620402,98.65485028117226,89.44286078679927,206.13619804811725,96.50559021911069,53.063462207388966,182.21611176635068,138.83562171721982,93.47995755823361,78.33291443798451
2,116,0.0,0.0,69.21932935156543,167.95808406610303,120.85007416811165,114.15384497732691,197.2276862358607,76.28990856093128,43.50850096466173,181.37584474501273,128.24657968108693,61.63516193488496,269.0075410815393,190.7540905932331,92.06795462581468,160.03731742345806,62.922054745976865,129.9003693585789,202.24579114393063,67.69946373771866,56.17214956263884,174.46234541966027,122.019339084743,69.37893330187175,203.24848058107185,122.38548836417093,51.24431934634891,151.94410546433818,118.18998525831329,92.49919835078892,228.03825911197492,103.99680055023836,82.13599068774225,228.39175117753877,142.3322543210972,68.90620742996023,207.58037619438798,122.83735245102142,58.87418758533223,160.993139675093,93.58909710660582,85.9868508256103,178.69647711130403,94.6306908983858,40.76948170288844,175.86382204018432,125.04326156451626,71.05015439240883,77.90064364038199
2,117,0.0,0.0,63.460765513321086,182.16281792758525,109.0745875830028,113.39239875271757,181.79784536441215,93.04283883805037,38.801973395888524,164.6461352994938,147.48898080435006,60.709166895583664,277.99198050804574,184.5197145921556,96.54844579940705,167.33744728869283,71.16717124200468,116.23750550836688,198.00648611886479,71.86160161150207,51.83567392742631,197.3910142566688,119.9950988872444,77.15515579861184,185.17086377939543,124.96073915129939,51.25997973398581,151.67994818761292,100.51363394591894,92.47985545948093,186.65324586366125,109.01005661747185,95.59358350121448,252.04374123605626,144.7778820804065,79.81984051530233,209.10104518991824,103.83292315967017,63.68215995726502,163.10552098613692,76.20918478899317,89.31877740229281,192.09962634150267,100.82174641040062,46.13368388224534,197.04762904277607,145.18006293835785,91.35260850506845,82.95616799549038
2,118,0.0,0.0,76.32410677959453,167.68031160700806,113.44915365131139,111.62403260548056,186.52024474652478,92.43501318518337,40.29651278688876,154.68899876127574,122.07617415663438,54.23131126598266,254.64866243914364,180.2881473100305,95.93351786593335,161.80329875369233,79.93934522879822,100.3115622087217,184.4109289601883,71.2283329014359,56.95870753627783,184.5657412532662,120.0643444902635,75.2328985474265,209.648088971652,110.2562411949099,44.894970807881656,155.17468372030845,83.25351778525642,116.1340198861348,215.02951242464704,116.3271962376328,88.56963534290455,249.12750399612403,131.51871821080482,85.09201517751522,190.48477860589452,117.07153396486517,59.9904183841638,160.96532689072407,88.74267983075053,88.59352256113328,177.48838172578255,105.58126818866603,53.34483312300154,183.2007059440656,123.86842918139254,86.200183053968,120.55640530012245
2,119,0.0,0.0,71.40119601496406,174.05267472076878,92.94777175518854,95.66313765762555,194.50967543006203,89.27753734542198,39.04811262720289,182.59424654183994,127.00264649484696,70.53932232321752,247.15322218448642,173.03647623795052,93.23193564220848,187.07373486981092,74.14606680744618,128.32935286328657,187.3649373063448,75.06614631826389,51.337597631633315,189.1824507501469,124.09996295853448,71.73330944247179,211.68024548984883,105.73135785319216,44.0385762900821,141.326696623836,96.28201915148391,102.99404006904892,214.89813848669812,103.32418784728154,92.64038262710558,241.64195480244123,135.34560425003542,89.35398130767207,198.18458100354894,119.16886138192639,53.7604922268963,157.02185789703833,99.08677227827688,83.56147046945824,173.2299098525943,100.07213771732722,42.59007887904477,175.97829172726028,138.24846181338216,92.3491514662762,109.13109948375784
2,120,0.0,0.0,66.01848555919544,203.5987154486864,115.89481108387888,107.32154496615958,203.01971842503306,95.10171428632272,42.62784042489985,181.5466381706383,120.70225904030508,61.02465932285603,245.17301121954605,175.64569701363536,89.71750649316105,160.30109080198855,72.29533075934148,111.51808316867007,196.73641698663357,65.93008197057902,62.972091530294406,178.5507977082707,127.6563588208853,73.78751883946346,186.1456375862829,110.18207476234284,49.96880233933096,153.93965394315487,107.77106297305302,99.66613930556291,215.9570242790375,107.82425958519981,92.62693936501485,259.1694765026547,146.98016870648416,89.2257884941908,195.89362396253733,115.89438042517048,62.534832286740055,147.98794476972438,91.4611535365864,98.84529721985524,188.22191647274298,111.98748708433095,44.63034103443939,184.69575980885244,144.85395238653783,88.26973512899553,111.09856442557265
2,121,0.0,0.0,67.53870457459512,181.47301456619493,113.53064122066162,116.79554228245595,190.9506796960274,88.07524270346434,43.82945020764116,175.18580231439074,145.63885073948762,55.107030490942854,240.8024877163136,175.63183900194235,98.99521276600332,171.00209627155462,73.5083924825076,115.74985247671334,195.64055332912147,70.92134320874906,60.403326078560085,195.58063938822377,148.23766277071798,76.85356825255204,173.13544986727476,99.8108261671249,48.58081262413679,146.8774461515907,101.9782670469738,89.64629307303777,193.02628061505266,115.85956917327445,94.68875093605983,201.93170205467547,143.40257290894715,86.03439660737465,199.49874403970625,115.32775369552462,60.771480969637246,155.00989476922302,103.03993074819535,83.90767172145749,183.5706462920707,109.94064999775166,48.95341124003908,196.8190026028702,141.0978961895268,90.31934464017877,81.29837955297145
2,122,0.0,0.0,64.48090530577905,181.31091933268885,108.24179537132778,112.74059412955506,188.6040435857029,91.89901740726562,39.053970016352416,160.86948493715076,132.65602185485886,59.08155692091957,228.89123006924268,161.11376258026777,85.89993077767704,160.58188177378915,77.92554564140289,117.44952283765198,168.17898198532663,74.4951137260191,54.72117371212624,199.1059665004712,130.32857492492815,77.13814742429943,169.92247231011225,114.76902444562695,47.5838646741234,145.2695750559505,106.698633829773,99.43488294533476,221.39880402419556,113.67876825437835,90.91311893034676,222.02094315643572,137.90397472378223,83.36495676614632,194.56468407873737,114.86466692558993,55.92234504678349,175.51475955045308,93.87076587467918,86.05601584938239,192.08956731596984,88.92191575998382,47.36842885417619,198.34840598632866,152.52809664904146,88.66868150193076,106.54596384654567
2,123,0.0,0.0,63.68845308573014,189.6674016836206,100.99624794410634,115.1527002178081,212.41122418859453,86.13179627715593,40.4618205931315,169.19577459802423,141.63018795370647,62.74581997343156,237.20580314449637,176.9769429651833,101.28669262951365,168.86996750232336,77.95874821541709,121.24061954802627,186.06148275949178,77.82722437334135,57.706400030063506,182.61540154898427,146.88291317573984,74.63438593725208,194.35272593266168,97.05342684760856,49.24794533504327,172.087206972276,106.41175370007919,97.61886232759075,222.81082897175366,97.32299328007967,84.07202060546878,275.37278636080714,141.6916407561297,82.21212580909327,203.65194438078697,119.29397326502281,63.408884572067436,158.51947063031145,83.70845904433565,93.95116705470444,200.07102013124333,87.27889983936561,42.01465187739517,189.2969846264666,150.54601181499376,87.80806193328615,117.08169111370204
2,124,0.0,0.0,66.98345631320659,170.4438484132105,108.11037392993703,101.8377603134078,205.65508461522404,85.31725622452976,40.750539166857656,154.36157219523915,121.10304296850852,61.242090489127456,231.34636974605797,193.86516317262897,89.20701304513533,186.82822225892784,70.92443097596791,111.83407852143871,171.5751622470753,73.79990286874775,62.20221724815683,193.0412681687296,124.97698940132135,64.60465186713117,190.1711425240885,112.6093839852024,54.76792322470421,157.89309926654607,99.37632096606086,93.97456252364738,190.81314627827555,103.49913639640614,95.46221523228303,202.97973669770454,159.88583901453796,91.39534566810964,189.4594780851345,132.54327435428493,56.74727935146739,152.77573399486528,86.22088435442149,78.89351471558751,191.38866507034174,112.71523169818602,41.77328594466404,202.5392426123726,134.84887228737136,87.98777564396036,114.72593736672766
2,125,0.0,0.0,66.3681700999654,181.64318981287468,91.48489782565211,104.66134925506206,199.8944075059653,93.37972252474133,41.955636782454384,187.51714008183978,111.30901155038671,53.97697390191063,250.3863854902052,208.22944465343167,86.56475416653389,154.0989136218478,57.57490667232288,108.65670035873086,193.61354975838643,82.53854117274358,61.80109975506363,191.35022194780223,128.4067363310117,72.78236229412772,204.04014490549878,116.03201660928185,47.122907287346074,135.89997324662903,83.43506457851694,104.4400789449065,197.6185560101743,109.75274852833674,92.82018769886417,223.2200079262439,123.51731044670265,85.81181719610312,214.01103607732978,102.17256588929841,59.79096533927469,152.6584668661947,99.22548391595355,94.46769726142837,176.56172565127707,104.33729664924363,45.36538979492445,171.88761346915462,144.1630839556755,86.57001731096163,114.68541013104453
2,126,0.0,0.0,65.9791923704522,178.86378437933922,95.64502407843322,111.42129754195892,204.79338306271583,90.5605312269739,39.421294885039885,166.18397076974034,153.5235719958885,55.966664544339245,245.3965313496195,204.3134940367679,88.35642309744125,157.62150376359318,74.16727777848034,99.5825960343271,189.16096349915222,74.18960297514775,57.27060809762192,180.75550166345357,140.31677171744718,81.25745499719028,218.25943286825614,118.71341418127683,51.95711841302604,148.69625292867977,118.5656001663411,88.10487972124213,194.50085273802242,114.25489125166924,94.48750129108454,239.63118074131128,144.746694989825,78.99469589466383,196.94377274252005,104.40568041454999,57.82675266572822,155.81164052355552,91.48296581108042,87.8744880283268,202.8095860468283,96.61541890668082,44.10464733479638,180.6265848724372,158.04022092412941,85.25226271418215,107.94236010473206
2,127,0.0,0.0,59.93798907516722,175.60970889271945,102.37904016718473,106.97225568697853,201.14573329364663,97.04754283813533,41.88331892979594,167.44522647843198,125.1390436486027,52.64887206429604,251.75845657484743,166.17834255369553,95.52718609262881,174.82073630555988,78.63372411022155,110.8446198480726,206.33974102419654,78.24331235353021,56.38637319074671,193.9493357409263,130.41005793202305,79.68185968397272,180.50346289638412,98.60435071007625,47.42906135281806,154.65920837124173,90.9958185702547,99.46422482593702,207.60083832114128,111.52288234211146,96.19457519244737,247.2668093448057,161.0168871883442,76.93880037681663,192.60159821952868,116.64654951901957,60.98620509451094,157.73741226450394,90.82173244799573,89.37482026038953,185.5428682673803,108.93051778074361,42.00592110793772,180.82911876158678,135.45505406927583,87.66288016536896,134.06462656895982
2,128,0.0,0.0,61.894595743147356,183.30381460759776,102.89657959763356,107.95229781365488,196.26045861369025,83.80716077382915,46.351819550679416,163.33163091772107,114.89127859807517,61.57104615533847,244.50006339768868,185.37917700168407,85.04912553797978,185.01011845464143,72.66993590487732,130.57846821327797,201.33700752391442,71.74758974148351,56.90168644066569,201.74339845600903,120.60465524082537,82.39587063728783,173.8176028685149,110.27149864471596,48.055023078279426,140.73999699356906,111.63613146670262,96.86903991982165,207.4501142848983,99.7599766781439,91.04326249843832,243.39649225937535,144.71905951505929,88.99109620757527,199.57807322290586,107.50079435634673,64.53217168463752,153.9864373769261,93.90913647695405,82.50464010933727,201.84281101987872,103.89087446655677,50.37150549144297,178.5291507111155,133.79482248707723,81.20018387656226,82.01970389791556
2,129,0.0,0.0,64.36216861760306,180.62675318204745,115.5696869999372,106.87416229011716,190.7420585196796,82.07651178946679,40.6147832494608,171.34972226430082,148.1770734129774,53.99628134455346,217.35237858764435,174.24224507599627,85.34940205913341,176.84789128783075,83.36686699977554,122.11595441690325,195.9574591180994,77.3069342292531,59.782671696099456,191.09117690015478,134.8748997082702,76.4796830805016,178.25532809717782,122.89885559816805,44.053910955247005,142.96073235757365,95.7137362254009,89.51673312921628,214.7738395284039,113.3385603032484,88.91047026793116,252.42474333183884,139.13295451551588,82.80327203860378,197.60598471269455,106.3177256914617,59.55776172219251,154.50108864382344,89.92442644239492,83.26185533221825,194.51862790530356,89.28886543063604,48.90722088858211,194.90380429943943,144.05066075369243,85.32368882771297,85.8381319437992
2,130,0.0,0.0,61.79465177683192,165.82895673775556,98.91550467012163,105.23302389932023,205.6103233547346,98.64587826385227,40.73788419527798,180.4735873066068,124.55898889100834,56.343597917649255,236.0743079764722,186.76692935492164,89.49040152968219,183.84725875295257,74.54109147044468,121.42487018979931,204.60261546392857,73.88948394405206,59.47151293137859,190.28526892885273,155.59319689521746,84.44015884651714,180.25282120217202,127.8557676744514,48.28970403389907,160.28392180358682,96.22968401976337,100.19206456603837,195.99275800735066,116.60276789703563,94.54900203635441,224.5242790760667,132.3638945374027,78.45937428140024,175.62526731253493,109.9716775320605,52.55749386193515,160.45440048453634,96.66227944152607,95.77301484328969,198.0196213227993,94.4413914680405,45.232040813958584,190.5058792753902,156.18827768641742,81.41097637759503,115.88438601175405
2,131,0.0,0.0,66.9968229959421,155.75050995575407,118.86551683801898,111.84012699878545,185.09035392063836,93.52257466108163,41.228742127731195,180.73502688472118,124.55582238415121,63.049974240095956,236.91001060572012,172.25604147616602,91.93950434390212,173.38607144430327,66.14287829092848,117.83852637840516,194.87594204235643,63.550033413493594,54.58567507604564,198.39648884142065,139.1887916636557,76.37734795936124,180.79412529738713,119.41803549485208,54.22152267233603,136.96197414632877,102.56823069511557,110.76252688563575,208.46919182838434,105.85758474463549,89.84211588210671,219.29644576098966,136.36062812920989,77.24029542856333,199.13178598809623,113.35172570829184,60.557062418099875,157.7618216583593,89.25875294566607,88.14422269549641,192.81500148806956,97.69697793344723,52.57389261990165,183.799500865838,141.2044588474185,90.19661359588494,120.52367856478682
2,132,0.0,0.0,69.8204576784876,179.07123645069504,106.4714689351807,100.39076403111252,196.06898359592526,96.92029917459885,38.8708242596996,177.57060784869358,144.2671560414889,58.14052549724027,231.632369637977,173.97495217440323,80.7632863767713,154.73053197203635,81.43928128012773,116.21987870685408,183.71755998325528,83.89528951652342,57.95685337143266,189.3821217019618,133.13613327709973,83.81434897224563,185.88039611394507,109.46533930724544,50.53728484403198,148.57936041168136,96.50121930425475,108.07307364353689,218.27426138301746,111.81046610669941,89.65811631802079,239.81227825231525,157.13322830807428,83.85260787753171,213.62923487145315,96.76818705692376,62.77458952899064,164.41546076242253,99.47141545393258,91.2836408968413,198.19301006759054,91.15143222316317,46.5147738445438,191.11814178660822,141.22928356073783,87.76532669848469,121.43984600377631
2,133,0.0,0.0,63.86624710743495,169.39649107242892,112.07140867161488,114.05230048157193,214.41948541184334,96.78447309855002,38.84450796463406,181.91847356683084,122.8485154353772,53.408611632526586,236.00473140387143,181.4156693760406,92.4971553026943,151.0422404767548,74.12179671636828,109.01580157261908,190.11736768198796,59.79380862898125,60.98231004512495,195.90166750414437,109.61337228344836,72.96625857570427,197.2103381839446,105.27473302773292,49.94929314063221,151.05095869992724,116.30755191036093,108.71640052963362,214.7505585962771,121.88931286822782,84.99508403156385,231.28878693166206,120.36750815292694,75.04544475674594,218.21376638308726,103.72999537529842,63.465988186445024,146.96863581908502,96.88814847830918,96.88297615037818,193.38998100170525,102.82480194431999,47.85131521249506,188.8683634780246,131.54441431117297,82.73437524810164,86.63352163393931
2,134,0.0,0.0,65.03455819342045,175.3848268164563,100.46183317005493,95.72177215063913,174.4876552470698,89.15988320033391,42.87438203331848,167.81537200912686,113.45702427228645,65.12182321848631,227.40646922523035,212.3221548000922,92.15115786582517,162.06260875983415,72.55250630967403,122.25730569020223,189.06531503775332,77.75109980873867,61.667767444605,202.3852177576058,117.61529893813875,76.41010144876572,207.5644522565487,109.42426528368281,47.77727324154605,151.2374361281002,99.70032214221455,104.68994226856174,202.73476483653465,119.78478334129602,95.85524123115313,233.42988816075516,124.45570662885578,82.44498376701826,165.32447684751872,118.8745925694589,57.23481415573572,153.1918341326452,84.11255328307865,84.90047061988714,186.85148928640564,112.94113430333108,45.08052174115188,194.45417984043385,133.02696435655292,87.91051516938265,70.80904974666527
2,135,0.0,0.0,65.31814737665925,175.12756062157555,97.97750967154893,98.47763229963462,199.9761446527746,77.07106574359156,42.82426706123654,164.32054121488585,126.60698022961746,58.231437891592286,260.3977204208085,191.41798328496256,88.88323455938752,153.2276785109,75.00973205671372,128.3716533598399,198.74361182442198,72.82997696587873,51.417189749334696,197.23818438307376,138.2542298796816,77.17955287172464,195.2619490444621,113.37843071398316,48.19706024950367,147.39891098660095,98.08336121921134,96.57238665454473,220.73817828826859,99.24003852472589,93.04332445718268,225.0112979577934,133.88010469486585,80.94621216075453,204.4282372665521,112.87275398006162,54.21679611653395,161.6727305692454,110.96202992599612,86.02810047660412,198.22553870397834,103.13814167610553,47.99387587771068,202.49194773587155,142.91949511205618,88.97984084204673,116.74072969926918
2,136,0.0,0.0,72.25499140548628,181.87801416768536,111.59035106453695,100.09485689242176,197.6128970796446,99.12355584822464,41.85806938747251,154.81985740439987,129.61434397543874,60.40124215856919,249.38465186684223,174.63019391528726,86.66158331212263,170.68421321817462,62.150946792330856,106.22536044671317,182.40537697631208,79.69801114964459,59.495546777054514,188.69259020696757,144.94141176474977,84.25582027032085,214.53202953260913,106.33199901659486,47.39166717150324,155.98971246959715,95.25872678654764,105.02509302598735,217.29254137765517,100.2302022775437,91.91450213220075,239.63766159779465,127.93073088360698,83.72896304514427,201.11014212202775,128.97316952193938,63.61886136580963,161.44945194980082,90.05260039113264,92.61839785380592,191.647697533778,111.0652088809151,48.72642202819335,198.21291229133445,151.46331549627257,86.50372572878368,87.16943490805494
2,137,0.0,0.0,65.76861150373473,170.5273531951502,100.40639790687482,106.43068233692702,203.1323866576969,99.0951928064059,36.42102007060056,160.87811529565192,136.53437656744933,63.07022421433273,246.9745832010558,193.7332738257475,94.90620574223534,165.1681076586249,86.41170052526007,110.42655014580085,177.37086071373562,79.64661867052811,54.522419232518594,178.61292950146105,125.36235219258252,80.8193803351817,200.41936590471727,113.53618674584456,48.43148124018411,156.5591736347566,109.36214950002935,107.27585153411567,218.7980908040401,100.3507449571902,100.41124946042002,219.0377472716571,123.79943924355182,82.70633210276536,198.33688743806738,119.68213946658113,56.358471787306556,140.17725212605595,102.05723824746755,92.81764950483567,192.9917447535304,91.76739961864698,46.80387853406432,202.7632546365651,130.52886687193558,87.84122122693479,132.6340081346797
2,138,0.0,0.0,69.59778084747609,178.68915359605901,101.18636282866085,105.46046006220604,208.89257865993676,79.01432248937095,38.34431163774737,165.34475410697317,126.84753192668215,57.70698052646757,255.50317293226504,198.21033736982744,88.89215914189262,171.133508444578,72.59858497864114,127.44619046808994,201.77616203345775,65.43538135740457,63.297069582609836,207.3719067490943,136.51526798342638,79.87864002071811,173.03857842525372,116.6191405256561,47.132075502926156,159.38269598256718,105.5916520831415,100.96610294873761,217.58876074653807,113.84588969387329,94.41868708323992,225.51074042735945,127.63973833336749,84.71808468891925,226.5660362445613,128.4079212530983,57.57586908949653,144.55015756635873,103.4847234301011,84.20760119049388,196.84870739498285,105.18954202724106,44.98772973216425,185.95792707105716,144.80063722958755,81.02256573529714,97.95673629916695
2,139,0.0,0.0,66.10029408497064,177.15521100153663,114.63730323195432,99.63934594926295,190.8368478319888,91.57973011514177,36.9699709131512,162.0726145788777,115.66696546542664,59.40248929769908,277.7572691968285,175.1323211125259,86.57850035755682,171.1654108160854,90.55192372853588,122.57188801370036,164.0708738913233,77.97482329884488,58.81830290763427,183.493113816724,119.2481056337483,74.69430683754285,173.1206515114406,114.64065795455535,43.89945142085263,155.44330800748554,106.33118429497632,105.21198501229141,206.31761288557277,105.8207593050521,97.5466883561598,236.59227029917557,150.99464112836367,84.46985999225967,193.15997676064902,109.4637595232366,57.57496615605363,158.82418437896712,79.51059505446335,85.92212845876477,171.03665204451008,118.83093231877655,49.37319291488046,161.2196188960215,151.3359671154966,80.70956213354918,131.63150357504165
2,140,0.0,0.0,70.9960873753658,173.55048205955245,115.53532020354056,107.17383513652574,193.96733327046115,102.20200767945678,43.04089769412071,144.78957006634195,120.92335438567532,56.87856723564529,258.10076665666946,200.92370305649982,88.57924165386248,166.7921219508388,72.91245663052511,114.65196742260517,208.57269983157528,80.88375259487883,54.435935902707335,181.40038447149428,131.87384409048252,79.2171727028467,188.15642756579172,116.64463285650135,44.57622682302117,151.3018409003977,105.12078742144344,100.24148162768303,203.9050794392728,121.1107647099542,90.8958765375974,249.40149324319927,136.31371250022195,93.13818819970479,196.2429306016173,113.4060177127948,61.529024799974955,159.81136600118498,87.22802692254963,78.06976134594578,194.2090818111611,108.02165312010555,47.470861155323576,185.37871578440587,126.74276358705407,70.7273642293,95.66327978060595
2,141,0.0,0.0,67.15441927085969,179.39536137877474,94.77286113190766,103.19221377175951,206.12049865533027,81.40802742708867,38.93835044580303,172.41128137554765,126.39308699323176,56.54868014373701,272.3814098978098,173.89236402729355,90.78743095789167,155.6589941975677,79.3335463240327,101.39246501288278,216.63948373847649,74.99741801092655,55.65442940958745,189.28770258562204,130.4893357958394,74.00838007375438,193.569494401301,115.98336083514897,46.001142899614806,138.02014488854326,96.2774930330873,117.5343754434558,215.79163532755163,108.3007203509533,94.23287917953385,240.5968145141436,133.80977765185278,85.02273165725795,200.4653928286559,125.95283712105143,55.137281748868226,146.52869848473912,89.93517551257172,87.8496327671122,157.97083322984506,92.4257142198581,49.66961043670322,186.20871036186594,150.92720443776,90.78128010362151,81.65750736604855
2,142,0.0,0.0,65.05446611529239,182.59318121857584,98.22816848513223,116.68663552255913,190.91450938246965,92.92447318454005,38.10033888927665,161.65650951193504,128.88036737698545,58.50678679245881,253.521720993604,184.51586705424722,93.32065638276784,162.22003479813745,71.18733588531376,124.03827901819575,179.34148942032164,72.90679025314746,54.298814939778715,202.00163165423777,128.57558223509804,80.49231541212573,180.12591407947693,112.17275235251256,45.30682772828708,139.67402682564955,106.6262820105083,101.0860672507623,207.24129762842463,106.58493932242831,101.14096356941234,252.9330255381716,130.63861821598562,90.14772530986853,208.110575161345,110.00410588181715,54.11293624006547,152.20145507461686,103.37133328888831,82.70613746572617,191.3722955629695,101.87559381377598,47.328012807838775,187.13738915840926,139.23171565110636,81.43541205820272,124.77444789445481
2,143,0.0,0.0,68.69752919023333,166.33373426504062,100.99342117373307,97.21882896053008,210.6760051829633,104.63097491021621,44.43190319506653,166.23464806266483,139.5397667637754,55.265678641372986,247.10478355852877,165.59300602345837,90.16431466499797,169.69702349684795,83.03074318087587,112.54961841983251,191.58886444820095,70.28388043547261,57.107820724541384,185.74393479355604,134.6140810572308,75.43778368373438,199.70836806007955,131.27117397314913,45.10775514942703,158.6174851868772,98.48341186363271,96.56618339529588,229.69768272658607,98.4235050870465,89.65443101215286,213.86509614243602,113.1547868824352,95.28028207736355,184.46559427336658,122.94594582187281,57.409164071144886,143.65253768287144,79.22934094649547,85.2029062694227,218.75873715636735,110.76620521827681,46.7355132154322,189.51587200175422,141.21428526419805,83.12395858520551,113.93767296086384
2,144,0.0,0.0,70.13318027019963,172.72886391969377,110.40096703769001,113.31235183652915,194.93696980220676,80.74307628665787,37.50100957697998,154.67045715143942,129.2622281795717,53.118380842984436,258.079020688952,194.5269664709527,102.31427763827136,191.02542643866198,73.27651211152913,120.84463724976763,170.6456979156965,71.42729733917498,56.94991295991449,178.30700454249467,149.97196097460778,73.97843100424987,202.82092213173195,108.14020676166204,47.96841585918692,154.11190857730944,105.10563053264943,103.48289148069746,196.48819911245107,108.17167536329104,93.16469363532217,242.27213307566583,133.800551171998,82.77178270240913,199.22809041620357,105.26110693985211,61.493356311114816,146.468229715973,121.82393133433398,85.89080978939637,191.94904322808742,103.37547653881434,48.966282918444996,195.7560717180089,135.89817138072567,91.64399432602605,98.37106586827781
2,145,0.0,0.0,65.14825419924168,197.5976641323816,110.29919886792982,109.55292039033827,182.6616787273436,90.97975947772122,40.89713182802375,171.30518328005374,128.17534520732224,61.8646442993008,233.8935204928711,165.69272884999492,100.75881401626626,165.46843944553098,67.49510927847969,114.83451444609824,193.54633586549906,71.37701841711866,64.07225307387355,222.14146115637405,142.5660777868988,73.51051805090609,201.83239600126151,103.28008467309286,48.37382839233556,154.51311305644577,99.54211684617731,105.40293090787142,218.48494354883823,98.76585280998715,104.6983655806034,236.24378942278776,124.768363346104,86.5542230642227,198.0112250254636,114.57620052646854,61.28705167397051,157.741363138179,87.38782806270544,84.66866210899124,178.59841530487566,100.70330454324146,49.13654449878343,201.68919866580148,138.6012851185774,78.63868719113752,121.00879807309911
2,146,0.0,0.0,68.60775447419013,187.9985517056821,103.07835811587115,113.41519666052695,196.8227383035204,89.56653016457325,45.41189925774125,169.1627862233602,126.63984220900043,64.3243128833611,252.66579722605994,170.62558186156448,92.78707260602022,155.58138739438064,73.5761478783848,120.79280538934134,182.49218962980234,78.80476791742005,59.36692579695674,189.13334999556528,127.06775998731676,75.58296862411086,183.66044770346903,116.51102938403736,47.53043458994899,151.8432977395926,111.58771854015292,100.17722914065804,218.6283237497462,96.44499122014419,107.11154577094918,238.81543919907182,134.31510084970336,80.29596166599848,195.87291344934968,115.22955528594403,59.946938991209976,145.81987779381276,107.04452684636638,86.50598661492187,180.22821147434178,94.1120522912772,44.25233744021504,179.6471476230731,149.51182997349787,82.56586088798755,135.83870452895653
2,147,0.0,0.0,63.88132924199129,196.33435724115918,114.38827086065304,110.22034570899852,206.8351519119653,83.5057756190305,38.979596395976166,154.78417488463217,123.84405073652273,66.92868986337315,221.25588397802866,187.7073471191622,96.20259393753257,180.45457688893904,61.20077347835737,108.00385598268893,212.48453418927906,73.00733955267373,54.361054052299444,165.33537755995647,136.09917894801237,65.57107657154945,212.7717327338679,108.63800140255947,48.882031056565275,158.04551515352676,107.0578291916219,107.19827989175839,217.7881439294868,112.9461793571555,91.095737184572,228.30520854402315,146.21345523169748,79.60581055406446,191.58350935308724,125.69539410604982,61.47965550950379,155.92073846187077,84.39108972431033,91.19395467700379,192.6997123982968,97.9558471161702,48.457438443198235,194.2634217747295,146.8758937817371,90.34807494989697,104.09007464683235
2,148,0.0,0.0,66.10592522940377,172.68996283960684,108.8926686685489,100.32552616674829,202.50015031901415,77.78469183473513,43.130172482292316,157.09080204042854,132.42436974966688,63.957133816333496,254.506343797673,167.4239088460927,95.28812825687532,174.3310246981264,84.72922217623933,128.90627699607708,181.41630852296356,77.82802000637857,52.49989805324077,191.75386868809971,126.23477172165299,80.20005998394362,186.27046990411475,100.42066750712839,48.84324842057765,149.45705875270693,93.83793864465163,105.84757574069283,226.4847347056468,116.24314460382001,90.52586590400908,215.97571781939396,148.0137217985867,85.17634009359166,184.39024081469,113.18861347077647,67.63359346339875,157.77921884703497,91.43590197368603,93.65603745011454,209.95850515696455,92.46818894571268,50.39260183789814,197.31650186278537,158.20555946311663,88.22231734021423,83.04921546841508
2,149,0.0,0.0,73.60066531545694,197.23712410151398,105.52352925866751,104.01158061990299,191.4079156085075,91.51585002541594,43.35630041224257,174.32992706654113,137.41547303536717,57.373637122387805,247.73670340302138,160.90200531442397,84.30026737445633,155.97301107041199,70.09147913651391,107.54909753269018,196.80974163734678,63.5973546444454,56.65490035863436,186.0764122456682,128.48870352590103,81.13872472754818,182.60483313602327,113.20184844363094,49.47438214884972,145.9892479328855,102.47479821948696,95.52668870460944,209.8764552101862,107.58486885223317,100.433189348731,209.57084649244194,133.52151906230938,85.81996227670774,217.06004702487874,99.27894965493414,65.97358739496602,143.52963962180152,80.67179636136632,93.4946596473386,202.50332330353478,100.03500373810397,51.8222674757162,186.2717456156914,124.6173002208748,87.88168630550307,112.32242720352859
2,150,0.0,0.0,58.11124432632665,168.85054816221538,105.52082788740228,99.79418014255712,201.4143905177304,92.13553105945586,38.579543601758644,169.6846586744431,138.89846305508368,60.5093787280105,243.27730040752877,176.5256992144902,84.75595652481265,159.4126011305899,70.78604522690546,108.55358354612076,181.1677057750776,62.171943345251535,62.02413111160707,195.34278170543047,136.66038766516877,73.87991496955527,193.053669017751,105.52115681773657,49.78790673883131,150.34214729076808,84.38629315608247,96.57840289512063,205.1820639253187,92.85177408671724,87.74003212626367,225.09998095612588,138.7410645796489,77.37478509564102,205.06344736656774,113.63769671078384,61.136221670527036,143.36454955125228,81.24950177833261,84.9904117933008,174.4241483658068,112.20366532726398,45.329232591941555,176.19924655974071,147.69068973331204,82.18507877148889,106.54751636083016
2,151,0.0,0.0,68.17378219508498,185.34761608839452,107.43530398975547,107.84652544096267,201.9769863576928,84.61972673712285,39.02880871478302,172.3105169025195,131.76191062447018,53.32354019636311,230.5208073645864,189.40635562468287,83.04328675046592,159.91511594199648,66.03897937022163,120.64993404114304,203.14162424936032,82.48552231702462,58.90221548452177,202.44448231186746,123.74538887825237,73.4422580074702,192.8730111363725,98.29143473498279,49.923540789858116,150.33518518453377,104.93929105658378,95.06818329802927,187.7906134237017,117.502788077159,92.27881063133735,217.15340712204636,159.32033573812504,84.8582910971947,200.75104912700323,123.58212507278986,56.936209476155156,154.37504659326964,94.69150781404394,88.81296686949423,203.17227018435864,96.86503105988457,44.389157889141245,191.77266895241473,131.0974036886035,84.3236932291847,127.1748967443834
2,152,0.0,0.0,67.09415571238873,161.08434354933118,102.71058174640001,107.9460730118888,198.82751336652248,84.33437659621362,41.16139772903772,175.74292528619108,92.39010180252178,59.690703746992206,236.3555440403595,188.73546857007452,79.88294559980038,163.35327320272833,69.68360049872075,125.77400154365745,192.3036669607234,84.03734078943667,61.676460804018696,203.83167847524066,136.76238820473841,73.864707548556,179.29165423098343,118.99357775682202,38.49698180793864,148.29738371250215,109.06452633541146,100.29855193084757,223.52156573832,94.1032800839797,93.29304987609481,210.06852501901977,121.79044737475016,76.89754193853858,216.487787950682,107.34275843071612,55.355964635760905,164.6783253521233,95.65174790112447,87.92696432003629,202.8395932249409,111.64553468272078,45.88860920639393,162.14475909027635,128.07575130548761,74.33607553126811,104.82199707146385
2,153,0.0,0.0,66.25964312615852,176.12642244789143,103.72683776956929,114.66342169134819,197.47128070586754,90.17954074280578,38.540326387619196,173.96791348140925,118.44476901877229,61.557353973440115,222.42245577169297,175.5962939811757,95.42725779279895,175.41256974485663,81.81054695070004,132.94742649466073,200.82243347872208,75.24453862858822,59.700813693998846,174.59851472096855,132.86288968721547,81.12267102042807,184.14670609417968,117.32369993471943,47.754352834084486,167.57223365435456,97.25607896630632,102.8000845666539,206.4489391960666,115.78699635667196,87.97215879650595,241.823905260084,124.91676402388742,78.61672773256544,196.66297328890266,118.37407081497999,56.580895008204536,165.93811946619206,82.90089946952888,83.36465081317469,171.43291706843215,89.45980536340198,45.209578021362525,184.70961245093153,133.71977929628184,85.21469292144027,94.99345276252363
2,154,0.0,0.0,68.389888066541,159.48739096721891,107.46102228767406,105.71854772522022,186.06715737558807,88.59806972735448,41.946083536292576,164.89738454585265,124.00864107500024,64.36502699322469,262.37170428075166,183.41512375756943,91.91088596084823,161.95341010681102,71.01874290165074,121.44689384601834,197.07674799483624,77.19567418882039,55.74294367966977,175.10924759484925,137.5212396056803,79.35540192251456,191.9758954947569,113.02148105517016,45.697360747470896,176.19682798275704,106.90261457798617,91.95547769351997,190.007774812777,102.66989194187194,97.25255822372958,215.17540471101347,124.01437886509336,84.89449906103081,178.36139832678384,110.22139536235039,60.034836567412896,168.50908158036043,93.91193709978486,86.26944972394627,183.50252991281732,102.23243071672978,44.921208485469876,189.23037387420132,135.97820576048778,79.68233843838392,122.39894260779806
2,155,0.0,0.0,67.65108083964314,180.7200306206067,113.24862703860983,107.84283943082664,216.8797547440005,90.03530093687613,39.65833732055986,173.988241491501,130.79544214922365,56.46824642076449,264.70272146023297,198.42625617566637,91.97361293882595,172.3478133564951,65.79919324521605,123.5172052066318,197.6982519394054,79.34982863049552,62.625121451489136,194.09861303927738,141.93878236977278,75.88745157765076,180.68279619943368,119.18609821533829,50.56124310452199,143.6413328006568,100.88856622015966,108.59632041797778,191.25572176799054,114.24310556130622,87.6222519208304,236.6248800431078,137.94243926362554,83.82635467972463,197.65930745086942,110.14025121745162,61.92472368753152,156.9827311056941,87.08074987057822,91.49689132478773,208.22065783700117,99.39437305782576,52.95552655935718,195.261506887799,124.4126162862022,90.16398107557185,65.32863928639595
2,156,0.0,0.0,72.76118200467123,169.55511755328362,118.72860690542694,103.17954553617074,189.74922502241378,98.24291973786232,39.44383018237245,163.09855434392833,123.74229447109843,57.28493427502555,250.78881213780375,194.80261679361212,97.56446176815801,165.718918315149,78.0700067601501,125.28133165457842,202.42102349619543,74.09957267954859,59.89559169861176,183.6059349152329,134.00752012549808,68.80279736457118,195.15732718255353,120.7594294448405,45.19736471630242,152.06981879745425,106.08315124172482,112.21050387044775,177.6498382656979,108.55712070658343,92.89433593038294,219.31008168806073,149.3775636687346,79.23324533872295,196.7768965946138,116.09424255944202,60.10098056660619,163.09217479760443,94.20025245654936,79.46102470058761,188.90003495333877,109.88247662347779,49.65076691677476,190.97919030993336,151.68174751122078,84.51951752211333,130.76377445059077
2,157,0.0,0.0,71.68322265426309,186.3122534459609,114.6241199370576,109.93295470689999,191.57920914678218,100.81640456103513,39.97163517386943,169.3100575160142,136.94750010898048,59.49330586158705,244.11876678235623,182.2191216586521,89.85816611778706,166.5909254488354,62.022989861658445,124.43020591199306,191.8575120336988,79.46252348520576,60.550986252916765,197.33497959332746,127.24668387343722,74.29296074969152,188.2415801104478,107.07363731776634,50.86166473310018,151.79899300678184,97.24107879148728,97.05139461568092,218.64364425727942,106.85388044305792,101.38884488314173,242.1986804499826,155.38321904896463,80.64605985838192,192.4227993708475,115.41026953707147,56.53331940203985,160.84178859145763,90.2312307212304,96.352328931252,191.8499656579546,101.00785243860771,45.13910026750032,193.61925454702734,151.76119591054098,85.95069195617313,82.49476696985667
2,158,0.0,0.0,68.15350449452572,170.87513196502232,127.0287974287018,114.44918114395922,199.44657868620348,91.42831482448827,44.16642409040561,165.4668401193325,121.42179261240543,51.805065836965355,239.54030977986264,162.2705086767449,81.88173177412702,169.79567836808354,78.81517875206374,116.32965200311705,191.67813105424224,76.9567677126106,57.26618685848579,199.63855366829054,128.47629932830696,80.54143558415257,191.8829613035833,124.48442984150387,48.09772480172809,154.08797581006266,105.72896966770543,96.23251260304033,203.23279844458744,108.96621506039645,81.75406955991372,225.7111878503017,128.20174228929375,82.79992822014744,198.03329043917736,114.6650987015923,57.94214575141694,146.25766729057852,104.87312942253787,84.26716960195621,201.78783319238678,111.34662043234192,45.74857116810559,196.44677998254284,141.33534646577704,80.59368515283127,122.61540582753096
2,159,0.0,0.0,60.05644135720325,172.67273969936113,103.24826769269546,104.58356284191726,188.28966059031822,88.06316573261647,37.455514770056546,173.2373791681447,135.74280609384,60.25273665561979,256.22796287948074,177.3699616396556,89.14984802739995,177.248316379981,77.81858685768987,114.51033483121779,174.63576520136988,82.61766142284041,55.13283428203795,183.25421230525203,162.5173622638398,71.60857745392286,164.55000259723937,107.52780647896753,49.72415927268468,136.78902751612557,90.44117222622656,101.24126222715608,209.8719623184615,109.39567877379893,88.45306851340861,254.192057388873,140.06650175534153,84.56584572750958,203.43190455781684,125.5964004111325,58.39095001331088,161.9477300221046,85.2454087048759,82.61429631252584,215.7266814342559,100.77046198179374,42.70025205081711,192.55193330529775,136.94771282736286,83.25652378853765,106.99302311453692
2,160,0.0,0.0,63.65147430367884,165.35118332471689,117.2109695344029,100.95364018954876,180.30994248526815,81.66510051953621,37.44463450436623,168.65156626007953,133.04280566073052,62.88461771318764,270.05787237426796,175.9814996903149,98.40849619552678,163.09965363128586,73.0723305297925,117.88062991226651,200.33632948028722,83.62101609963692,52.93212827447544,200.9470566126436,126.27117136690934,84.18504319899913,195.5345058549901,111.87951741442107,44.45347415367074,155.01184355359678,107.84862026467644,102.98155183812497,206.35375437597824,106.34417909853235,95.97513420170262,217.8619655633001,125.58603222382652,92.80282790641542,210.2271651999471,102.19826113552296,58.45753510174489,146.23494125249377,103.98729830359898,86.01872003455577,200.184147041878,105.98688128998346,43.73472209283679,201.77023417825245,136.75643772132966,99.20033590027543,93.02521894642399
2,161,0.0,0.0,63.7711442694588,167.27659544352395,102.42325483299135,114.23076769486346,198.66898072889273,83.5258851609189,42.29563615783712,160.53258773387634,130.03291288440371,65.73648645301702,260.2010289330529,163.71326199139546,81.26071369751321,155.32029714375062,71.10976396242174,115.39076889098622,176.0049547871645,71.92092364126526,54.982384392712326,198.8055883340454,129.5895109546719,80.43844645092142,179.88669886883275,121.3740631184181,46.01095821510664,158.2672962842773,109.35388348596017,98.02918888211359,210.27276680380785,96.62930981498273,90.8776232179354,227.83620253650724,123.6329989048864,90.01020726587366,194.82795834499632,108.8045183421726,52.28574375150605,158.69487035644477,96.5497870602561,85.29518781765266,199.51115406825045,92.95742489204324,45.447839962236216,206.80460419460962,129.87569128558175,82.09357845370162,166.27390216450564
2,162,0.0,0.0,74.932520943156,160.5846153008311,96.11600782539318,93.72558685957979,208.18339970924336,82.81515435777402,37.395877229196245,185.52879765858157,126.99888581580599,59.93161252684452,235.10491846360918,177.06938754720318,95.86447202591592,180.9582128366552,61.662618842366115,114.46947064910474,220.4564378883293,70.61334183907586,57.12289786535469,182.23827524774634,140.40928878049263,70.1140056897119,188.05955294343744,109.406330184115,45.57430922575599,145.24262472484145,101.07460703643295,116.6018251439188,211.46461008089344,108.00590362655913,88.34242072121225,221.54087981101847,153.90949188230374,81.78810416171545,192.44951711924304,107.83186887499092,65.95268845518088,157.1044565242182,100.38109355342408,83.90031294574997,194.35961463282982,104.27619929323187,44.78992162405844,193.93583418748042,140.98923442260724,89.1622438055583,88.9335731262933
2,163,0.0,0.0,69.32506513509873,169.41391422788183,112.36449379780036,106.30055895083115,172.39588621111864,86.30792113717072,38.01627971699079,163.91943163217655,128.9519313002021,60.88712058101321,225.0241751272517,167.76495064606507,92.75897962864124,167.5489753956656,62.52589835640984,110.94542965557496,193.89697756091772,79.57747123848262,57.078963653680056,206.62509055051433,126.08171961907406,80.41029811161988,192.07686669597874,95.58990290604999,48.65782815075528,140.06841216030168,91.58546716979629,99.81880841938877,217.62012141310575,134.0249503404385,88.94942509643884,230.339158704141,136.35581880698496,83.487048113964,189.70252994437115,104.51856085222708,55.11051418757552,139.0951512605121,80.01725202609745,90.06393164612356,188.1674666037427,105.89487961856142,45.66643217131794,187.13114967107083,142.61780859136394,76.88416402741586,97.45580465213429
2,164,0.0,0.0,67.26221986682181,189.83995049543697,112.80444178399044,129.4076933862193,195.2977314415487,83.06254839719615,44.456444194435164,182.63702009986454,121.34101552108817,61.20420647614078,239.78541495618265,181.1978015436146,87.2334614429985,155.35048069648462,72.77194905304405,118.69156339061665,186.39428247350133,70.07531496872927,58.2909277798403,194.26351378806402,136.99198012081732,84.67135996444448,198.61029692898794,123.90313778850198,47.739909336578975,156.41637894852502,109.22249656026143,101.24341567911887,194.40020257919628,102.58692774074345,103.28741349403325,238.00540665556719,148.99252053974996,84.45089690199569,184.25118668234387,116.4679626638514,63.64928125523875,161.38296593342574,82.32148907930419,90.88292253659901,195.03788901473308,92.14728559452817,38.54088630777766,202.9911869961604,128.11323725508657,91.00804414154914,119.86295228296288
2,165,0.0,0.0,67.16837153280215,180.74766842250912,111.22490537308741,113.0502236118732,208.12218971072903,89.45077430491705,39.804570736882155,180.44183686344968,131.6132717282207,54.32446906961879,239.5710385758429,170.49888943155813,85.20338183785177,178.88458467694514,66.4501281250018,115.53464115258394,205.4224638387043,76.3454986805464,55.833624457758695,177.08134726027504,124.72975517373085,74.61871385469038,175.83164685714533,123.09151234362793,46.190351449667965,142.22978156212372,93.91483248111247,96.22459837581218,209.38468495822954,114.8821536614231,97.3142507343337,232.11321260983755,156.3384286543217,87.40467624972997,203.06109860624056,108.80193922934131,54.0146178972837,147.33959981982403,107.14964350698209,91.75423419899937,182.11735900901073,103.95276071973954,46.855473456086244,200.7291593157921,142.92522156102012,82.13964576897588,79.14723746394651
2,166,0.0,0.0,71.78994775552711,177.82408711300442,91.18284869973911,93.39989685026626,201.5660408227384,91.5003762917183,40.90848562604083,170.87674498660286,133.6219493257308,59.44616247777419,236.17589153899556,196.7026230195654,90.85625697952955,167.26457078665766,72.65917175793996,121.87257484376778,181.08059448179958,77.70899535039024,57.111360000388345,175.18836111398028,140.51638105123567,76.83400830763343,210.9692914840926,114.1223133343791,48.079744537816765,156.60155492503546,98.92685683829542,96.32685968174397,208.24043548930638,114.23613961266048,89.14196149988953,245.2869783420139,144.00518155883108,82.77515093307211,176.27289741833957,130.8137235676379,61.6026328230605,153.5864813723029,97.94870073962534,86.49982879540624,183.29703847833358,100.54606528354783,44.03656076170621,195.2579617762105,149.27237763580595,83.40443914684988,137.67837500902783
2,167,0.0,0.0,65.26246118716915,157.2928285725069,102.42858857032029,111.0336022040831,189.98652717075555,103.39112335556858,40.20604728069528,177.76854980567288,133.31769807111488,60.7936048333838,238.95931485339148,191.84312430449512,78.43808882893268,181.9836960991696,73.57062520596854,119.90678208044618,190.22595264697983,78.32876140036305,54.120142358431465,185.44580531438433,121.2205524291129,72.17278928477651,180.17774248386365,109.11367093478383,49.530614231137704,159.4762687175439,104.09675203755626,97.79832551648194,211.29991697802325,109.19409611584729,80.32899079598229,226.51838429983007,115.27974090374505,82.38122712191944,211.65181440843622,120.62412956710293,53.875558052855034,178.69960791898086,90.41386222780599,84.02291087792219,196.23653308303204,91.7845059615745,47.161140071907205,190.4569319449342,126.3588831093191,81.60871360290054,129.81227839326118
2,168,0.0,0.0,65.63445656561963,176.65776929934705,114.69014338954622,100.24930062783454,187.5202711890686,81.50846423019094,38.947118209126344,191.94789681833464,127.89548105595719,57.423700784478775,217.23555710197587,195.25721287819417,84.18763989388204,155.61646281074133,76.96645913199599,106.0477907748364,193.05160398645168,73.53980463919245,53.818242928663935,180.5764179335335,131.79532020813534,84.44909266576052,168.49675328319654,137.10315227670532,50.128394851291986,140.88910399215467,102.12018431621847,111.73122508703531,197.40955287566584,106.36803620408838,92.37307113633014,247.94535796713424,132.341565549359,86.51073632718226,200.16160424407232,133.0125737651495,59.87625109413898,158.2761625234428,104.55645220829594,99.90162603078308,197.71077939519145,103.6888512234969,53.22849739611654,178.0767282972107,135.91341186988265,83.9765335710396,78.90552707136548
2,169,0.0,0.0,68.65889090186606,168.88117720519804,111.8583204605212,112.9616948387552,188.3546456997139,81.47813910066498,41.84057019557769,163.65560983259272,123.06538284831743,59.04139770712231,252.12883734293584,172.97406523899397,92.08362141875932,170.3950429613126,72.585187867014,109.6074516882186,188.3699689113556,77.37511481973178,53.523609785472715,163.43153764862274,139.41306768525249,85.97257406956669,186.9333148368175,122.40098016122593,48.160846479017145,138.62483593197365,115.85384651986986,99.72430077372927,214.42437762107153,104.42851120156486,100.62361079557942,232.32312800848035,136.60063925861516,71.82052276675016,209.23784293107298,122.2107269040765,54.29770254892378,161.78087938223263,118.39362074270838,81.3646965563215,180.2080350985733,100.33283765158234,48.68882511091026,165.86846361325615,141.28595866365174,87.8899221653457,101.60782652182615
2,170,0.0,0.0,63.35705046239495,171.468950613289,95.60542764417093,115.05069622313349,197.78940163941763,82.44893189823142,43.9476702656464,165.06662818870598,128.1125543800199,60.00355558504858,219.2972664656088,180.72600275152496,86.5887580834089,165.79532569713513,82.30232640085727,127.96176094451559,196.26402800969498,76.80759500406785,62.20304704560153,185.59136546217357,123.65603510949278,75.61483361077548,185.41925218556358,107.84519513581346,48.11165260543267,144.47195528617246,115.36130451504128,99.97916148813133,197.78551301046946,112.22778097925456,98.37871493030148,215.1653592510336,144.926732347063,85.22088856825744,206.94131753554714,105.50533714246468,61.39628958043514,149.75489691136048,105.38528768284377,89.07317386482681,187.73437385678463,105.21681853112068,44.370066430150565,192.10877217706997,117.22387341680412,77.69028490017045,109.84771610273053
2,171,0.0,0.0,67.17726307734527,165.02336356830892,117.24686570319436,108.71839018890384,181.14233884904016,97.76554889808992,41.629441427481694,187.95484795850933,129.334077047724,65.3012827566175,241.37303203183487,192.02192966188775,90.20731941297832,171.78464787649807,79.95707405574413,114.96124101049776,187.47501872579292,73.78665751784996,54.225013435413786,191.72397116975463,133.30886690292368,80.05427202449141,181.67577990188633,114.99038005466258,47.87329191297987,148.66064063178248,110.38870421652064,104.59777371875914,194.89318131274578,105.86886899938794,100.34203577393892,205.97018482875316,139.94564173682903,87.44124077718726,210.96882639884555,112.12492100184575,61.80349309007402,138.2172223186214,90.55012432478496,84.00551088545507,192.86261710441835,118.29473815672416,50.072803632315036,205.12320033441665,134.54154233920616,85.2818112010119,104.47003850512041
2,172,0.0,0.0,66.7244434234211,163.86779579035527,103.33511903795868,97.76205303902454,206.96522473712855,86.10002773859627,41.33084019012554,156.47718309463255,113.8813238823079,58.277351370156,249.42132423508684,186.25631813021977,91.84825979658049,161.45797763986758,65.21743718089627,119.61464979521811,179.47811003878914,75.93560482818265,58.61745952200587,200.7801500249816,157.44670932297274,64.26676770525673,194.5211623983441,125.93383691711634,47.26006074347641,162.15413966571828,96.21558058645579,109.20160990994111,212.50153556280932,119.42002264654067,94.74340664042485,241.51857700265208,164.076384080735,78.23331938525281,180.1681964790025,129.79816540617102,54.45301078183727,164.31794911283728,96.10038131955943,85.29709749771338,205.312050609302,122.25686033493413,40.61300865451097,172.31650083069022,138.70360279404932,85.93018142229977,88.92601657797387
2,173,0.0,0.0,65.21588660756197,177.64717571536755,106.04297770615635,122.35296727593803,198.4701288855224,100.94798050924996,39.462486542684964,163.86077143804684,141.28663178311768,63.61401480294205,257.5689299705108,176.9216117400023,82.79228545352063,162.99577271908632,78.2236232882213,115.9807255006577,208.68942332765988,72.98430599065507,50.33482832705435,199.25777969412889,106.68034448779187,81.61498369637047,185.7486392236567,115.4118299413094,49.90926081258832,155.09084039430653,91.14668106841815,97.49393316004095,230.40109046841155,98.58300197037241,98.9112701981538,246.19033630330563,146.94842698931626,80.72387303652906,212.58784399893892,115.65664987367275,57.49934288876023,153.06260404077628,96.73252055889084,85.80354136463521,186.15116114686475,115.04991227002296,51.744652735682656,182.83891854356838,161.1733251635015,88.47199505135747,99.0883280437398
2,174,0.0,0.0,70.67638214825165,188.13730900880438,110.19574778405148,102.60684101449688,195.50818242351366,76.1434368179126,40.031547036111135,178.98639951389217,121.6502259074485,61.897851740494175,229.0931560473559,199.07968770746686,96.2967414241581,148.66476982889154,85.06587008183713,112.74870272410709,195.9330005462533,85.79278791778155,52.63139927452123,181.94782343707408,132.53674218751254,78.79536586372387,182.49453164286473,116.81072751576224,46.51353021568638,147.2577051066274,107.7572647680126,94.73714967430146,194.1458801859901,108.1970609249666,98.76799487897873,248.91165886903502,136.17892479596432,87.85227683266098,202.3317741448631,112.24748905536387,58.28161577154402,146.4055701598341,87.31145243393476,84.87670263268632,184.8835145057247,103.97995012274225,46.1809422307792,179.80451036614465,149.75590470907542,85.91518398501778,83.37508057276727
2,175,0.0,0.0,64.29319166999576,164.52222909780048,110.18320366735682,108.71940992131032,192.3170566664622,96.0997951106504,41.07762003983694,163.24442826476846,111.12219654401393,57.05387729091771,241.51959234201516,203.18551776592003,91.21727231900954,153.3047597283475,72.70951780718634,104.64848704708905,210.52426349538058,81.93649497461882,58.07693433631186,169.1561593700491,132.38384889107672,74.8572436276649,174.542250135365,99.73993094063837,44.62842515186637,157.2429376281798,104.64155909247931,105.29726783880852,216.40568094278078,124.80476133076495,94.32030139736347,236.06498948298204,135.78505167737384,84.27048033573192,220.6645331811847,115.86081629146459,60.087921824570195,138.79747144708423,97.91028254764394,90.95087150954194,184.76809924577654,90.66031938338028,47.796826991237914,179.8455424885841,142.9502425094173,88.57605076817175,72.56095599390005
2,176,0.0,0.0,76.54379418864879,162.42340155180028,107.06477264038054,93.03619816257857,203.70138620484673,97.64377436110864,41.718414315648374,173.22572368319783,124.65243824417094,63.174988720735755,245.79739982350895,167.88308407579382,99.74326432665319,149.68877138025812,78.24960887360703,110.45853753447336,196.76614776814,67.28875187248651,60.318174235572315,188.109288595604,136.62117802821936,72.7301684393383,167.0814453610523,95.74768203716773,46.13811195911172,157.89034314261156,114.49408800003123,102.00682921268526,195.38250433935454,112.23470892679299,99.42898474478054,258.18027375484786,142.9366227302527,82.31339553159884,207.9808941380752,120.20469412717937,57.02554356339947,150.41647278761204,100.22796067642567,81.94466965460178,186.98955282550867,96.88220964502851,48.181970810287396,174.59276399943025,157.57369400475477,83.2292820101778,105.65151330152958
2,177,0.0,0.0,72.33421552725102,175.96136646659383,110.78663222085952,94.5572093149462,207.88520313738854,92.05317494100107,40.300071160372795,159.84094583951898,137.45588304399536,55.56366417608435,236.17214808971494,161.49884577293017,95.92302196710672,167.196578309338,80.69077650684963,118.87412964156556,186.8505877070983,76.06040345279936,49.812922312315244,202.57429820962412,126.03297176775436,77.98510951029658,198.90618959211122,117.75679352144368,46.748906760412936,157.7555705690915,122.1925358743703,96.60663604726888,220.16912392385933,115.41964305044452,87.20833044357374,243.42470281756738,135.64972316235944,79.96685661125694,216.35327092131715,116.85910576579215,57.67545459802476,152.79218881232106,90.37539269006821,92.15200191905102,182.1615864755749,97.03968413335554,49.837652912793985,166.06339197601824,134.20496473520274,85.1874153547316,73.26810293308456
2,178,0.0,0.0,61.985045083921214,187.8714975634152,95.2616212081448,110.96305875198114,210.52299438243253,95.63333284461294,44.13321099635448,177.7277936861556,127.80919325572182,59.624764063101274,248.11989136488555,192.75482759142798,92.31025134420256,173.02075753124163,92.37541423966506,112.05871395555432,212.4352734866945,71.71351813772405,54.01012299648697,176.34978411730506,150.27612096534415,74.41323204560518,185.06099235551704,120.04555041569189,45.984081327466214,136.73375142228662,111.26480107749887,109.55451550634116,189.3010933879806,106.87424153503008,81.77695153220732,223.53314345175593,129.20082071273626,77.1547504350069,197.21035453180926,115.51012688978966,62.222559537332316,136.48549731035024,110.34480755783582,93.46741711255483,203.30698431733884,100.02727016963688,45.1055174080727,189.59982306527218,154.1089980319454,81.40934194067964,96.27676465560998
2,179,0.0,0.0,64.73893993542121,192.9260129062484,101.55282386316179,113.02801990143124,186.91071818686157,80.26066226892667,38.90066323653884,179.83010349034842,119.4306322015182,52.254400361684624,258.2647510121789,202.42903419250842,99.3229049622757,156.21779759629516,78.1738919258363,116.55489894790044,175.52215576365114,77.74216648241364,59.90986326349909,180.03427006892875,144.49412565585214,83.76715185441398,183.7509430929596,115.09752592375048,49.3172680123633,153.36528913819984,105.75298362173562,101.5101255168167,187.5652731598974,112.05613726141877,91.20598354518054,241.761638327189,131.53543253458685,81.57101758367492,217.54758024159185,123.51352136320139,58.83991098133052,160.66638049074948,101.91136800823945,80.47594860974489,194.74448123088717,109.39970661372081,53.10203545099729,186.652821549532,138.97824080181113,94.72851237496087,101.57486387533037
2,180,0.0,0.0,62.21230787757961,177.69607418951193,107.45256273286655,111.49441237173788,182.25360983283204,84.72202386766419,41.79751391674375,151.8053263721092,131.239450827668,63.38466865703365,255.30889070529136,186.20729220562677,86.45520363029155,165.3579018011141,79.7766786772975,113.21781771883346,195.86853811212427,76.89542322599594,58.95859760085097,193.19880369591803,138.04815791371533,76.66513658048459,196.9404463047623,107.30379125630799,50.388316414010184,160.6806372158146,98.09219605120859,103.30556284601856,219.35549148867224,102.83578865610211,98.75240248315434,214.1048285182083,139.46819134025802,80.30014441665571,212.6297240117358,114.34545378579753,60.41133610622781,135.31694595328497,102.25893303184377,95.02298525188948,183.47563360974627,93.52972951995814,47.208774194112785,193.62540222387176,152.34138912529562,81.3067586252054,86.18116191149977
2,181,0.0,0.0,62.66447877666931,190.45498434319103,108.9703816254035,95.92150271234787,204.3939150014329,100.18914174679003,39.484024448746915,182.40958857988068,131.03874964812925,62.325817784453,242.82749835236933,176.2566232886458,86.20167318466892,174.45451421614655,78.70753836699244,117.28356282444048,188.43689740843348,75.4596993919172,47.889464387140535,213.41814640790895,124.70756245574414,80.09677607883505,208.62707428807073,92.43098905103074,45.21546971318671,143.68148151895804,105.05643446742025,105.72828955680649,215.8673116129494,104.92485074587819,95.8339478383114,212.96227650000577,135.26238545574185,84.0161838972311,191.7436916585361,117.7320159020717,55.060480923494914,159.635503061519,110.74329309957,92.12956546031401,183.45940038957602,98.58793676249564,45.27292245563241,175.6592249284296,146.58758187526507,86.63350681698675,94.69266758839824
2,182,0.0,0.0,63.31164221594754,168.73728568694509,117.87424597705734,112.46668464313065,228.79752554647422,93.35423353071143,41.77840025271506,174.8652300665767,122.36617491276941,56.97786146411593,251.75180464461553,192.9931335239778,85.64237506219581,166.2837569725952,75.88069688796469,108.73251821178346,181.74486545667173,68.91214307808622,59.47156623222597,199.58281413690045,117.99825907673736,74.33282055073978,188.59357602437075,118.04277037011475,48.17420668153521,153.51420200863978,92.03543005044516,101.39307217663068,210.5196977843539,122.4319960049073,99.96288676596753,214.51270267356279,126.1865562499486,77.38251758384334,195.02592096796258,117.46281641579226,67.81236046193759,148.45359090810035,100.1884243402367,84.43075762954855,190.3611036132924,107.45341565678612,46.86205433301181,185.45296436476107,143.12364197032173,82.22794347149578,82.94437063130555
2,183,0.0,0.0,62.7483086580951,163.41970536462705,105.59787429884142,108.61545455140093,183.02829879161712,93.62772986659617,38.46410701394701,179.82400151664248,133.2094853553387,62.858896735524894,227.38951557498285,190.0097960820159,95.74514077744179,172.72341876385002,58.56710142303905,109.96490263119091,174.0271541013791,73.69430145711941,58.12984082649218,168.51713843297637,134.9069593916271,67.45300215063119,183.8718603351847,122.46926416485904,51.71829415280217,138.68258802686796,102.29970540672882,103.01493149603446,197.38713948654117,95.78315969164964,102.68664502491002,259.9527846371043,134.58418458004925,88.13978541131767,219.76273996087315,143.9969613569414,56.6158246451396,145.02062295481855,93.3924420193317,99.54536327287794,190.05545888542278,92.8844522404149,40.41310490275272,195.43920232099302,147.42689543420647,81.80418405752033,84.80303783132672
2,184,0.0,0.0,69.06241157580173,176.67877875151217,95.51243856576198,107.07176632833122,208.2602037327163,94.95508401661066,41.51687335468035,151.15494133744852,119.64410854480745,55.4836299001341,251.82597156125857,174.9260478869999,89.30148223116362,171.35673008064856,92.47623807955566,117.19904239640863,190.66616005896364,73.47805618589129,55.792353410978365,186.76493916089441,129.40975251166296,77.67640393522503,200.05361527212963,110.11299844277455,48.637052386106525,147.54179873022352,117.68755468925022,96.7145288997676,206.76844391551637,102.03143660942116,98.09073479983877,242.86554631587413,143.35232779258985,87.1494476445949,191.7596864953555,134.18951823396392,56.185691427406795,152.12222578195338,95.64444091836413,83.7177420593927,185.18625314695333,104.86784131276578,46.52125792179465,192.25654290275955,143.51113429279965,76.27555285305847,115.64928760318504
2,185,0.0,0.0,68.80122035649958,179.91750617334662,100.11910712178454,94.7486647342941,222.59790293646694,94.39692286817565,43.15517472571519,162.85687658800137,131.49876229653415,56.53199063884502,222.67765535542318,177.88419026288827,92.48422466235276,159.50183505571093,73.69140041777162,117.38536825076073,196.20094267319095,74.32448951454256,57.61946600648118,198.15008224459717,132.0396174362323,77.22228441946604,185.75846311961368,112.80249269686362,49.137091522007545,167.18630102079246,90.25594689817522,98.167682640565,194.1459956527545,110.80046953223973,99.13987521949475,257.088512389505,155.68870812561164,81.31503594683635,201.23322378787913,118.19382936900848,60.86812616056586,156.24684633321536,107.14635637188367,82.09957912979915,195.42172747468695,100.18639939511428,44.04106682571619,184.23146169962322,140.01131835827678,82.80030554823145,106.75515254731695
2,186,0.0,0.0,66.92278573170604,190.77624527295035,106.4751968271278,100.4970962859315,196.00762442793717,85.6008504507209,37.664976667280705,162.99242494270163,130.43810888073557,63.092189507305406,268.9704711070491,190.20020557974496,86.78770099967767,186.12111861381814,77.34326137798318,117.1006899295697,188.7370198029254,70.92208141791453,55.82860991263152,196.77101945266244,145.2393297995018,80.5171200618848,184.11991059232366,114.36204718462527,46.688161541900826,146.1035699938322,114.60784647151043,96.47303229937872,208.23691893496516,104.77745436133812,96.79811536580111,214.1964251143622,130.78520721997066,76.840155192201,209.0619838904033,126.46234951144362,60.7812381797286,144.75406276949587,91.66668461046733,88.4732139428271,186.73288015031534,92.81013863671431,49.855651371275385,186.26854622375745,138.15395527660303,83.4055594288039,109.08017226114764
2,187,0.0,0.0,75.25016050793552,168.51329628925143,93.91309915944447,103.27692084811771,195.06128494443172,91.63340925183668,35.67081363839765,184.65909983312568,147.9154333468324,64.93092536307053,268.1561667092734,190.96700423745563,69.77919186804354,166.17557194056906,68.9100544628643,122.40010878033573,154.07975193064118,65.89699837943935,62.05663924742735,183.77129599255954,159.39398097795817,81.7994425718892,200.08627240600836,119.96608998546483,50.84242517441429,162.12029428864636,101.44049147002058,98.41012314416577,231.75235522110108,99.54334627593241,93.16614307981197,217.66431439619774,154.2522534814394,93.92683165211454,190.7801621651891,102.87477095581896,60.61552189801817,133.95006987257653,93.77956941950332,83.270818050427,181.45792496649594,95.20676471630057,46.406581749321155,198.87482467900148,141.34333349358428,88.06630687275454,85.88355470579558
2,188,0.0,0.0,68.07516323729878,197.70755581222377,88.75831772309809,105.7931946478552,176.1824656952026,89.61508553468481,42.293962700502476,170.0825706557725,123.43727699056254,63.90114053181733,239.7973870709291,168.68309657688656,93.78129395375922,167.72344932130494,79.61215050212662,120.09377154608315,176.62193200784301,82.04858295201555,51.42205869245774,180.95276735617765,128.4854044676582,79.35603252812645,174.67183751878258,120.90809862010998,48.19427311820946,169.09347983357293,102.89783637231652,103.01853908604676,204.09788175760966,114.0835871891321,94.40950147617443,234.13064212098442,132.5389925312719,87.98055035902374,210.69430963647542,123.97501167652193,57.204491519832835,158.20547170232524,92.86612413580346,86.18966089330175,197.11904363145158,107.2541555955255,43.71456054057927,174.04184179451863,122.72831116552335,88.44444237410791,98.70046665734971
2,189,0.0,0.0,70.49843224382106,176.11232537923448,119.02601419273967,116.21596155085598,204.3220027709489,93.98781480561334,42.47512783257712,165.02489046552168,125.32955989225573,60.491602506752024,201.2894837256503,183.31547998304185,90.91929106844286,159.32049513229202,78.65232839629591,108.54432230363925,180.79837970685045,86.66713531197942,62.35613318046555,196.78948247194828,115.38933622204054,77.88465040995123,198.32038341084996,108.60706373584645,49.41179395435792,133.7618702327425,92.93899847102635,104.94910408501701,222.04801176579304,111.36968731068819,91.44637582279059,215.5860326952799,135.37301419608087,85.43668793776146,186.59135343409292,117.65333670259862,58.66269489939823,159.26780939851707,87.9374923513616,94.4463320058706,169.23216982171297,107.5255859158752,46.188922776972454,192.9075315821079,148.21308166285093,87.50645330152041,112.1870179458023
2,190,0.0,0.0,72.67997268677327,169.22508443715813,105.49555281469746,115.15239621333185,179.43407475816358,101.1979233576361,34.97556513632097,177.30935489104778,117.27391948234646,59.74214373872725,243.8711973196315,202.11934336998766,91.65399490522218,160.17634791123152,72.20172888231778,119.22490645871753,168.5330929712123,77.62801004019246,66.19664924559285,206.41692954615365,127.32699227174037,76.84956879795766,205.94796200312703,118.32827162571672,48.951357227279665,168.29286153001016,101.55940509098475,91.37412038384538,197.70256228935045,100.71659772468409,79.01642189036217,252.52802951772568,127.6368632079463,85.68628912109065,210.8106545651698,126.08483342566552,61.67345108834174,148.54473697235633,104.67658844028234,83.74489202257959,189.6417933886552,93.36380390108711,46.71185920066192,166.2943150975767,134.33201930183134,87.4578616763289,88.85346749241906
2,191,0.0,0.0,63.15455458929509,178.16855609238308,113.42734375512018,105.2256268804776,204.39877668074584,77.93031775409348,38.2921688746027,156.64052428988688,121.42519820938872,60.68519191925209,262.150218404527,180.3373021047693,101.14857462315555,162.3983634934181,72.65752957599562,114.3840449026594,202.1430029024967,69.57794976278127,57.08244774505947,185.06944954188552,124.689444658702,71.27854131653831,195.95672605287677,122.8191788207383,47.862540160109354,152.82933838868777,98.72082643267711,100.4794745072282,208.82576632528378,103.27571584008064,95.5266796096996,241.09255446232038,153.44868468851791,77.01805807905819,200.86653443759127,108.53055279685918,53.45357633419468,150.53379817507337,96.01267843891465,94.42735562326541,187.31542401035998,115.05458031562821,51.81258002538843,191.924037566546,157.12109055358889,84.01678165290755,131.31825164085132
2,192,0.0,0.0,71.41640373856347,156.37643069159688,94.44604851770883,119.66296037226498,191.24136641303693,92.25461956276223,36.446043014642584,177.36571988842812,116.94235616051907,57.054749810571664,260.63529133140145,188.94339394375692,90.71052577261601,153.38026751438528,77.12415241069773,113.66720901161007,148.7080185295128,78.48764873191611,60.15086861685357,192.35160182644964,136.94593877232046,72.1270808680866,200.47637773674896,121.0432355333507,50.43469894658077,146.44221027318517,96.8941118667897,101.19683114487452,199.12273836592627,110.3223023100374,77.29269011506074,227.27001137429377,135.30770994981657,88.59787549290114,186.02935922907815,126.15420696983242,58.85897479885939,170.52736578954952,93.44453493353156,94.89972939241163,190.2867422254701,107.36322020817354,45.21670506919449,184.52502794487606,137.39168482447852,82.74948371099543,89.83301031559047
2,193,0.0,0.0,68.21585709927865,158.99304846051731,113.4961105018582,114.11365232601828,196.26606204374445,83.50913268683087,40.63746458637229,157.69948320625815,124.42160587312812,59.896627181292196,261.46385188051835,165.51111375201594,89.64829057183326,166.8471631384067,78.72265700786237,112.35056339389331,190.21069977496737,70.96606231847773,60.62007440818445,190.258817294244,134.88787559398426,79.55652608027073,184.70440872782302,122.83161006750855,51.81383554138702,155.34858542816457,103.9371563671412,97.2998580253858,217.4247163588939,126.29102977733885,93.30519586181373,228.2394218227309,141.7443586471296,89.39709393193206,213.4238741873644,101.59172891785475,52.85545654078,161.7189584656089,86.62353682714934,86.55803458070203,206.14082791036515,100.4614463955416,46.84723962819747,173.75385950519842,118.83634794912481,93.57376937836635,106.71289598758295
2,194,0.0,0.0,66.97803782900345,163.67537388821924,99.18557823253704,108.54692013487698,193.50080629680795,99.30252819423038,45.56146109177574,167.89129151204025,120.76610558621701,57.143064648096576,236.49082278020657,179.86842447844762,92.33049058516629,150.51437089244342,78.88968236465169,113.0299633963082,196.51501217401585,76.87590777891137,64.29366398687513,182.16563618254634,135.743075159847,74.80557775164277,220.3575872809168,122.28256812901992,49.217218511654764,160.60349862887543,110.65225143915158,107.64338769658629,195.66375354901362,118.6009764247994,97.21027333922659,232.94924873377866,144.14434783050297,77.5424248931437,199.4310114041095,122.2591338263439,58.82076595994083,156.51450454697158,87.32890999332346,82.71330830831943,193.20157496245756,108.44470951619388,41.75865227197545,208.50675186079923,133.83833776565592,87.4591284996428,119.98416020908807
2,195,0.0,0.0,62.165546925105566,176.54310800583056,101.01555516627226,91.44567996121273,211.11185792277212,87.64049782553053,36.44279671764621,167.28035132236295,133.60813194810783,62.88420055220065,235.39962675158827,190.75834514012334,91.34161903640151,149.75009778250123,73.76635272015854,120.28853513584227,182.13763169406707,70.85636534268492,59.44563490386898,199.00384892409434,115.41897651247284,79.39078827628755,202.07097650914184,107.13972952240965,48.370596562008004,160.43309891336443,115.22977817551649,107.72801006159918,199.21576397393105,119.73316148190895,88.1098566465433,249.2262160879443,131.35524481988443,87.43858031922873,195.8308057901094,111.04615275044425,58.09332878154802,153.92801242610759,89.35333621380838,87.47983326473944,185.46139795357982,93.21892196464272,42.60022376534045,213.36946630156706,146.99691291057752,86.33166948713466,116.82817593536252
2,196,0.0,0.0,77.24900325596161,172.51585007064577,110.60381976318276,103.74550323629057,195.86764777534,96.38391959757273,39.90459324153347,168.26768882376965,124.03900758028863,62.191391258311036,238.17807429663006,160.7353956481383,94.11912673932741,181.21204722516347,63.86815022584128,119.52714212321912,174.40632385490764,72.04643958372017,59.9646053762173,200.46613347827943,136.96109238204846,82.89654804305243,190.4627677599593,123.62054761939955,52.460970027624406,132.95095518526603,101.76817621852402,110.51927061942273,212.9483312028297,101.19566222327795,93.07799028465088,225.6767371232932,137.8430467442331,86.09898158356872,200.56701724942624,107.05464489654773,60.24741318030964,150.4974582326159,88.56726636712476,82.58630678246539,181.37031950114223,89.26421859229212,52.38304511189958,184.0236412743583,154.38120504862226,81.78104923853239,81.5277099776498
2,197,0.0,0.0,65.62756160446168,159.94299809438334,137.58303721778296,110.05616839652285,196.21966369890364,84.4200545300472,39.19484256035642,170.28470788802105,132.62688237446704,49.875424860558496,256.7755483953165,180.15471881827193,88.93194854129672,182.09757934967925,71.27987887989279,106.65998739687983,189.76319859907662,70.86724187289933,56.84502342194874,184.7965320846872,119.9525550458605,85.94799496038692,205.87890091276404,118.02416380511055,52.91064146067263,130.3189879940613,105.65422641728553,95.53719137715082,214.28753096310516,95.7135684212318,85.48595751834496,252.7466258012039,118.78770635302944,79.13905622617872,203.74955654443727,136.4775544032097,62.48294625868137,158.39067849771922,100.00443644923931,86.13823091189536,205.84801534098386,108.23634156063738,46.46441770727697,191.9266086213643,139.03535981220622,77.30772983299981,96.84293166896536
2,198,0.0,0.0,70.52631338269536,163.59835649393705,113.49950530439271,104.45684408968783,203.00463277166511,108.22015252514605,41.731325286983356,172.29443671517004,127.10134045591074,60.24341305515399,254.6990032080606,190.72202805539234,99.91875948853865,175.21272221658762,69.04283769779514,118.57004748262051,165.97289757362884,79.72547189353585,55.879849856183384,202.97173449133038,142.8541212885617,80.68787791319203,204.02526693381796,109.50992088100583,53.88313828090285,158.8842929014888,101.30520755691366,100.78610475425573,214.21596435049972,99.113602681355,95.11942251716222,236.9144520498358,139.06507513286954,79.08789351273187,193.84891163734886,125.41069261635776,55.19516731002261,140.15507859647798,90.99896547332874,84.59629856504387,179.7138486102446,110.85170226473508,47.5728282277203,175.69737167126317,136.24446705081422,90.4627386876736,89.1807002037738
2,199,0.0,0.0,67.4022061199396,166.78851854559713,122.41901571755707,101.15386301471888,207.2974727592262,102.83430490331737,39.5389160453029,159.21427157480483,130.08287486799384,63.34679244837729,233.036942654477,156.21871635746717,84.68008923225965,174.7960368683897,73.03524696331282,121.91262643435805,192.58517807374736,77.3028056828592,52.293153142224064,211.2462093692049,120.9801272933353,79.3988214312752,201.89879807921542,99.92038535284513,41.43426235014146,148.0794460439655,95.46625823997779,88.31700842793143,228.58191260536088,112.22132266919775,94.90518313847193,224.1758143420289,138.3720690203027,84.5154962729983,193.27427847868262,117.30000325633199,55.74151898769754,146.6973542345905,98.95981782129917,85.92839482571111,192.0341004837456,95.74950764325415,44.20551192513725,179.58789801016212,127.92198487794329,79.8128580504846,70.59279189698748
2,200,0.0,0.0,68.04944894940257,200.6288915387332,118.69544074037027,101.94330331366824,202.12536867436802,82.92969495969494,43.87682867519049,160.8789643254053,131.2756661890003,57.26060363780901,245.443608101292,183.7478968775567,86.48982237071652,172.787862985999,82.11606148738497,107.65873047996038,196.69441594236562,68.47709809407995,62.3635799501216,214.28030597217264,138.8966023020683,79.72697338296871,202.90894510763795,108.02401350332167,44.89212764939703,149.94173804338314,85.65861043818535,96.70175836833259,211.08802280757695,102.83407089583507,97.59044088172158,256.11453222865845,142.18575420053028,84.60258703980921,180.0915548949155,119.41200429462712,58.65584380174183,159.60849710088536,95.26324867071156,78.47672250112373,174.4400912970462,92.08723748508464,39.57081965920338,200.91978016190023,135.79703863385257,80.89682045363809,109.90340698397551
3,1,0.0,0.0,77.8955423475811,106.57477605920474,24.48127711385012,108.57563073717867,151.21931613695693,55.80132578521134,40.61362425841011,165.9282666321658,101.65623733434433,97.07744362810311,125.18264638398648,24.454337992786197,44.865951949112564,137.8024934818312,73.09271898964641,71.07819868927734,113.5803749464656,36.936932316290935,145.99596849172843,105.88646957351631,-32.424429287125164,87.04920072382218,86.80510219495558,-6.459342724886486,48.36388701881258,97.93784240755974,50.866359621494944,88.63907812249633,132.89516674935942,51.073157706371134,113.30212736985553,164.48816832453414,33.723507682581364,77.65791873053604,110.9335397359885,38.12046908900099,97.78750864578042,112.40720043895368,23.29697274343014,146.04475520931442,111.23651715882633,-33.98536474258997,71.89591210715436,111.64888657132923,62.54786408384423,56.616606699530934,114.733809978518
3,2,0.0,0.0,71.55956638206366,103.15562040965757,20.249980594270728,111.0835141784402,176.68151726999636,55.38544148278807,36.90608530714255,149.10872074691818,97.8452595223488,95.81267228524605,108.56597058105467,19.52046667372086,44.07549780456457,130.33383709489775,80.42658384242219,74.82984443949279,100.85293042877015,31.08354686412688,137.63218813926056,120.89867672092126,-30.789501433933278,88.8043192876845,83.09318804896004,-4.640994000803933,45.514620619936935,94.35214693819884,42.049774214503394,86.71295064798743,124.94560261448366,48.14323859426881,118.91397441628266,147.99102406573962,37.51540731209914,73.8005882587997,117.71961799112653,27.34467026480952,94.80706836732628,105.48871740100635,16.5832829999557,143.2695359926886,112.17136145008145,-40.887967729817035,67.0889393341713,106.46555313343187,51.40205702045029,52.41179319645905,129.62983097463047
3,3,0.0,0.0,76.8151146304618,96.49721130844983,29.464658407044183,112.70004167866963,168.28394199137426,49.78255032808672,39.905343883987584,150.396100979183,111.18292446815752,99.16082551906773,120.89553800155875,24.084273992822467,44.43664409095242,123.19805585349533,81.28468410673263,71.9981739658366,110.59853933779505,32.1520774570394,143.64240609976088,112.55429899736001,-31.212541564240016,85.86835086607405,84.04546256329085,-7.189169130037327,49.700110685105734,93.79535069049817,47.33792539282075,77.02123057370457,137.09823781589077,46.83227782746068,132.34202134441813,139.72843077107265,44.6887988634619,75.95312974880453,112.31350621087427,30.203700158957737,93.89025093757253,116.13499424236167,13.569025513419021,144.42408846096464,114.33865537104221,-33.14857532436965,65.32728271739967,122.78649404728012,46.62599163082902,51.41230943875727,105.72596509341736
3,4,0.0,0.0,79.85417162804914,101.85979543209815,20.84939318903486,115.5603039212979,146.79110155032308,48.429983170700176,40.48727292751834,146.52977626189247,101.41251831397382,101.49100281744427,129.70922952322996,25.322754662371963,43.65511131617724,133.21402462614276,80.56840301531346,81.49619307821534,108.93255440846104,34.55613012668434,143.16095239193612,103.29621290835166,-30.17305799762818,80.13494997803362,82.13642631096641,-7.409588364219659,44.93351090425764,90.01901834064657,46.14907938010768,83.64803383270609,131.02945255431666,47.41155957580721,117.90846201630492,159.05378638692895,35.8305767113409,80.27068830497606,116.06427356191095,28.048397608164542,92.16875706242026,121.7761356874485,15.699460713981379,143.49196476486378,107.30053374921036,-34.665680870258036,69.96066302958064,114.13922284990225,51.421826869259505,58.2954460369926,111.9821331113922
3,5,0.0,0.0,78.51499123802031,102.06226818572618,25.219710072580533,103.74817152166314,154.70897717093092,55.64333576613488,43.260697374113256,150.65333611166793,107.797146291198,106.14253062437845,115.11935642704215,20.30400315584154,42.472372187130006,126.82194617292437,81.92274935417979,76.48801408658557,111.75930016702708,28.12255526297816,135.8033295447708,104.70570435536489,-34.79993324015097,89.92386330753516,83.64702139492987,-4.505876221786374,52.41729417241012,92.3605090319028,46.445571972376335,83.67344372802982,130.99478443074645,55.12750787441368,120.237878698756,152.48955072264283,38.339130694817,83.3136251753753,112.54317299868733,29.574366370294037,95.59704848644583,111.50429721188428,23.838701362642006,138.6631417321775,105.86619700544787,-36.074567463567405,64.31956330077728,120.10690106329452,52.47969441125116,55.5059547155623,104.92676828499783
3,6,0.0,0.0,76.61902643483118,98.59792045106947,24.230932731289013,102.94073151593669,154.0043588813192,38.54033976667915,36.68798067218097,151.70600836640375,103.80645433235641,107.70532812829445,118.53869294534869,17.889819240759095,39.09813613947915,133.82983230356004,83.08936441112441,78.16894600589178,113.95974107222436,30.35309773072525,129.68748051499136,102.04265187171995,-36.986915285720144,87.87351964010563,86.21101791506422,-4.942728881944723,48.03446959819544,94.00210141208323,37.17744588859732,77.07913589501453,126.8121823104612,48.38355845368916,121.82789289128158,148.4238251865246,28.514946502851117,86.22538868951237,112.5550114816348,27.70258001416493,97.5284167232818,118.50729946953479,14.419839076665985,140.83895168611835,96.29895051719348,-31.667948719872456,69.92688400427349,126.54065946950016,56.207581314947596,55.03562801897152,83.29709701727523
3,7,0.0,0.0,79.96365238953821,98.15382502756131,25.87350642159298,105.09270638478745,147.3859299357671,54.122864648238405,38.256025255364314,144.70000891617977,111.11014454687756,101.75061992818345,112.04227524349162,20.2119067311262,39.730057855249854,129.15585390993792,76.69650408046364,74.29548206257381,116.24890229600874,32.87657132039107,134.8915383732242,111.99248219774657,-28.9215635414259,81.06844613127595,86.59434454301127,-3.213961620142527,52.73824776413255,94.16476230977908,47.61862080587322,82.42916789522016,139.38435101461278,50.96746526451423,133.12042019369298,173.38563292325438,35.86548759514001,84.36429302447551,112.59766020848804,31.074208697290494,99.38513622426085,117.50099300057443,19.61927264809071,136.39776004277044,101.8999843074887,-32.43885898725717,68.70156084036341,132.36062885982236,54.8764624821103,52.1405422762408,109.50466110464221
3,8,0.0,0.0,78.78845962517605,110.06087501000133,25.69066820094077,113.97735389674239,150.73033499554546,53.855910182294906,37.77833619997045,155.41856050521753,98.90639582862396,101.48162974010737,122.6907473125072,20.55240923057754,46.27904825111875,129.80523600989864,83.94799440876523,68.6934580572062,107.20400723188577,38.03443306055,145.93539952316544,103.42746794239838,-31.235335507198897,85.59816132033588,77.90745953287365,-5.808520817369763,49.88512109579603,91.84231900327082,47.356064570484115,89.13210012825243,130.9794868071687,47.77851155296828,134.73064650833462,156.06780610107992,38.49995680730503,81.49361002087817,111.26201095434625,29.35831416619878,94.38588093646797,110.40495940548374,24.681111959899866,145.18290377828072,114.48922712628749,-43.098978869330345,67.26193376754709,122.96113809884167,52.45776223687487,48.316482088475105,110.26331409277891
3,9,0.0,0.0,72.46098244248441,103.46686005790073,19.81357578583252,111.10472538715932,171.25513122760873,46.979555839701774,38.74306788423541,131.55486362622077,98.10213116870422,100.15798675927904,120.99420972159844,19.973627617840478,42.91607888008696,128.0727002204382,88.07331411923062,69.41074846462416,106.81039036955568,32.768648842134326,138.33256850243305,109.59003492039173,-33.5667992829748,86.67796958523381,80.61942317925909,-1.4220537315340156,49.170435949875596,92.37107869464185,47.850109968545276,94.03849362557008,143.3018685282762,51.94910481967906,123.23704450127285,153.80339889521952,32.595190235569376,89.06354184381539,99.578159005258,28.875497981814814,91.62814473865312,112.83334271296597,22.01894928150778,139.57567462880675,108.46069939377179,-32.45254594353122,67.56685628175985,113.78939939293664,41.836934248826154,51.22947727390586,102.92318394607692
3,10,0.0,0.0,79.56806369265485,105.09861035550524,25.765574612017506,98.05449386299003,155.46768539329256,45.336753895469,40.73138554871355,150.30574220610015,92.65143993625847,99.66464849430236,111.07672408626539,18.82860091429785,45.63301607119799,119.61144448837177,75.67358564417991,69.54794247233798,101.01857193993683,32.10409249445436,130.72163295063498,112.08666980275572,-29.56995937088585,88.96863411706329,82.91511095288652,-2.800314284680934,51.48605197034816,93.96316007107231,37.57763991798734,87.0844548308226,135.1119157081319,46.13475211739728,122.94342219457691,165.2818625986153,25.90528957885371,79.61201962043114,107.14569439760785,32.29338432934767,95.06080163845029,120.36713379359973,15.87109728398162,137.04907123710018,104.78372347270692,-44.73810128577,71.20846290487708,122.1296182750749,53.00169147619943,53.19008114011876,91.1078264667255
3,11,0.0,0.0,71.39585273636797,102.53261003459902,32.59606761268969,104.3654004151248,155.56443719066212,50.607533848067575,40.20053237946392,150.59329022250486,101.81632124320294,110.33532003491433,108.21052412378079,16.525299308684644,45.174393645477075,127.49617409767194,79.09985055893583,77.0185581261032,102.60795030142958,27.322645838407343,135.4800720369811,114.09939617635878,-30.653162660163865,83.9693229161251,83.46235459908962,2.604279551116921,48.020579685746576,92.1124772885627,46.211583380307815,82.79492954972625,127.00663881839431,37.848678563224496,130.018555710172,160.43081964756084,35.89313005712333,81.97866792733329,112.68236383744141,35.843706608875465,92.03018749381664,108.89390662123621,20.26149675803802,146.0666966360774,102.78438305382275,-30.35297910929109,70.10784401439692,120.00274255590455,44.59353144743575,52.3630031318733,96.7548478424237
3,12,0.0,0.0,76.70954555221832,93.22216330695183,22.295897789928176,102.24394798936943,162.87290729907,51.14284460493526,44.411604437815846,132.32043482633108,105.98555899667186,106.05586435872546,125.69074035603137,21.513518495438568,43.33108037942762,114.32716976689554,90.60698153702712,73.42100066948817,111.43513119960917,29.855978898345793,143.8901101794848,106.90949039996342,-25.04258841621109,94.25491595615006,88.31247906879125,-3.4860853671780907,53.41744776346072,95.31840834351125,43.00568294057488,91.95322636751062,140.92806743328708,50.04799551853234,121.57678879338664,168.28643781467846,34.141427838614206,83.40518854805195,106.5512694426471,29.433233625337035,100.33735146458774,117.5564663324038,21.814328591287783,133.8513026898538,106.73066991261554,-33.98477942552183,63.31978436236557,107.28865236452907,55.61216445091316,47.865483398211396,136.3911541811892
3,13,0.0,0.0,77.66581237272199,98.86302200354815,20.924616699402662,112.17839328328769,161.49220387862698,48.679565197689534,39.50124173170139,150.68534725710003,108.35678157589437,101.49765721057102,125.64314072017697,24.820067341661186,44.46481858802787,118.59227292991262,98.78527484930645,75.47584574861327,108.12671142394302,31.958322824754582,128.71975004241708,107.5895815040663,-25.262818597082816,89.66603073716252,85.47930177978307,-6.754044970090706,51.27199176631204,97.55498785567015,43.379367305223056,83.68095009241812,134.74726444504756,44.610102624969656,115.66184200537386,144.31297656191919,30.469142383252596,78.94799027884235,118.40118586941738,28.30455010255191,96.1298776019799,109.99548537439124,20.20318946898138,147.94704189894912,102.32412919207495,-38.80848305196484,66.84502370043501,110.26809093871876,55.47354831015918,51.740726438545494,104.184556492807
3,14,0.0,0.0,76.7994371056086,92.34670315970163,23.78457859471704,116.31255875577268,155.33076444452766,51.40230511734875,39.0567781582282,137.54465149044955,97.05450902701804,102.61819489764824,111.26596788713002,19.501629925760643,43.739756058555336,122.94586910426649,80.51948861120165,72.71668325566178,101.25823976196759,38.430657352111965,148.3213247799003,105.58436510439535,-29.949920078297616,85.3761118574969,77.47304103841448,-2.9933135028277307,48.79181428502957,98.10685324201603,47.12138808898383,91.71360956321439,130.78122322136542,51.7532822406033,129.69887543905506,166.41763953487933,30.132217550298932,83.17057313132995,116.08647222510206,34.05959625597319,94.76056509998948,121.80629244382082,18.718682670904002,150.2731256628954,110.84484908525461,-31.654201493926784,65.45010213027125,124.52030767820142,62.03360242582043,56.99966555479706,77.99231636752303
3,15,0.0,0.0,66.37302833944186,104.84600751334087,27.71691784415561,106.1091692735944,157.98410122076004,52.012773566366334,40.84718171510422,144.13771888681381,101.9322239315856,103.51399092100768,115.98944301558191,17.089089467260507,44.41167997632903,121.660459659413,82.99789061576016,75.81002323316888,107.8695931550067,31.238802082041353,145.5425165143116,114.35808490945855,-25.30316993160111,82.97989979500365,91.44100861862374,1.535430685887011,49.238795820394145,99.76541899297399,39.949155913209985,82.9743451500358,142.7346598980738,44.0039930992137,122.8850933377034,151.32935918518916,31.548311994822292,82.95446832745218,112.44567826194739,32.69689143555269,88.24822719919031,106.55138534961738,21.40538357311809,147.71904803708458,105.02364328478046,-42.722467233161076,62.58232541325046,121.33089556751924,62.58913759651415,55.079228973175375,61.47065435487775
3,16,0.0,0.0,78.3987337842309,103.50879848965465,25.111937326553978,103.03440506295283,149.96666185405263,47.22566764389913,38.88925591532463,141.83509325535235,105.88226444358595,100.22772933635103,126.43533825914444,18.414129703538826,43.82670440535987,121.42273488004732,75.85429273312329,70.7567818886299,109.55386030829442,33.5682072605378,139.72902026683605,119.63115164502193,-26.025101652289237,84.79426546076375,84.94532697237392,-1.599183764600924,54.986696851376514,100.39652217229214,38.14654080819899,79.47793787766935,137.6980248262239,56.77540593213631,111.3542991654603,168.78850661477446,31.28686985059774,89.07320865573422,112.45369651110616,32.80829740327105,89.19041871157675,119.66274337314461,19.018303691095717,142.7530585679208,106.59073381534489,-28.050973632764478,66.79377443958055,115.93371589718373,53.80333976631608,50.03531062548906,79.37886023410576
3,17,0.0,0.0,74.39919367564625,107.89213594832056,23.139646075910512,103.07503879756622,146.10525369041952,43.63169162124001,42.67614094360776,138.73793531351288,105.17943285888424,101.20685761798444,122.01595969687664,17.449603001998554,42.072482564065766,113.35008257850944,88.12691409028267,71.68722666327832,109.72438314759393,35.47360806815532,138.86643329583222,101.37463330152183,-43.398240903950125,74.34617589479124,80.886079878639,-6.587582279255468,47.99603974955398,87.0004525540131,40.56492449537615,84.6885533902873,131.44435056031716,53.73613952926082,121.85996649501509,158.17316507958415,30.0909857985405,81.68680057121536,117.85000105559288,31.709166736105153,99.90121419921618,111.72389173606541,17.85177925341347,140.75324311437632,112.13736973899695,-38.20547875571671,68.43267425494008,124.64730787397079,60.54402681031612,59.087997985712484,79.58060897253583
3,18,0.0,0.0,79.18116033547776,99.85744179440591,25.407783316924196,110.78476587343646,150.3355767773461,56.234375532807015,38.63629737443597,141.72540120296142,95.97801454987287,100.84640170091639,112.51921582240436,15.872621859226424,46.58956139917215,125.63149254061973,77.42668151677599,81.02328088684006,104.06471308869484,35.1966294618153,146.34900229026644,109.5957324640413,-27.797335842654924,87.79636054013207,92.2711314964462,-4.39013956602046,46.80697245787767,106.86128960374053,49.22720475766845,89.24798089206027,124.78688757065078,40.541629862731355,123.6449467020807,160.3145327365519,35.49229740973815,88.72974257912344,107.50308825203741,27.9450450616629,95.91158789745806,102.51391872927044,18.23592141696005,142.25571599396932,107.1482090403706,-41.68327969746192,68.8919036483738,113.77428955252303,48.392900464443784,53.49749044350743,111.67399712756891
3,19,0.0,0.0,83.3119326624984,103.93381357133973,25.91707235164234,102.80243531293887,152.46695371145807,52.546676144285456,39.584752693384424,133.7756413068235,117.56506536195668,101.43906021953059,121.96024759923617,16.74265708753331,40.35230451115362,119.71859143381506,89.26007447964619,73.43983519006647,106.21364016665322,30.659785914713385,136.44819379751962,110.08811949027925,-30.496754139127336,89.94833890420956,82.61706144175228,-3.9819405726499273,46.657515677153555,89.4968972176766,42.59861768987905,76.99371170332924,125.23018795758745,44.58152045162679,117.53287669784739,158.17054948836318,32.47452353897888,82.13579238121834,120.02510644236264,31.518526790034283,110.75663499958067,111.37716291055462,19.70471259807399,145.7008014630067,107.87194027294561,-30.22219497188977,63.46920459180897,119.8123099847368,43.00642654304016,50.75095498268384,61.66382140628902
3,20,0.0,0.0,75.29140225004033,97.37265952806702,24.79115564493315,102.48821645243441,146.1433907658876,54.621909105713,36.95667542109988,133.43927722639404,98.4730184743755,101.67372784568742,126.12447518300449,20.20406187007371,40.96147736324634,135.15817454013623,81.87855059645393,75.86078498279413,104.25376708633713,34.86191263702146,141.19453248341802,113.16179666489299,-31.837273550518354,85.38729772560603,84.80541876385601,-2.18187641495393,50.44102948625242,93.6309292956362,50.80161623725578,76.61381370435161,131.29300797868888,54.62793708516257,111.6992278076676,156.4799894821726,31.988572080033688,79.19679599539131,114.98853037956329,28.439169367468622,91.59391515795578,106.36965839620359,17.57685105742435,143.918526244,110.17434968171393,-33.084637413975585,69.64917026643955,116.9360078458811,59.00319260524267,55.63942978550999,148.9150677104745
3,21,0.0,0.0,79.64166889619686,95.77309571924721,22.506679034294535,95.06761705084016,157.19437275433165,54.416577402863645,40.58420225277248,159.59448154082398,102.21273186639554,101.45700804804967,124.65943700104287,18.019251291957456,42.22824536682316,126.02653368642174,79.47375056805352,80.60075107695987,112.10324912963536,28.558516359711074,135.27810002293444,108.72782684126825,-31.428130802847317,85.98472255506883,84.36147769051837,0.7848029465711326,52.5625248364118,87.91050394773798,41.256926312472174,83.5495223366498,140.9607567832328,52.72194874388498,111.17318076387289,158.2742899263579,35.368279855505634,81.92188900917957,109.34481168794925,27.656164420408587,97.6577980241671,116.40479957393558,18.702443677503737,141.88905965706516,100.82459728120776,-34.161598318934196,68.99351910447555,123.08860551719677,64.84886430866707,51.78331747606475,89.200823362828
3,22,0.0,0.0,75.70120100821363,101.52790439791495,25.652218924548073,100.37880776964656,152.08028854557756,55.53591726572226,40.944072959467015,134.69443006950226,98.88379194721101,101.74282261281877,114.59853354222714,17.714286502883493,38.478417382260155,113.7704364258766,82.52510750416859,77.56484677992076,110.64402832467775,30.472818887763392,149.95369373232992,107.47157323588374,-32.16993642985463,87.03698742231227,80.62828075742792,-6.2534463334535815,46.15378941202873,89.08410945220663,51.95084000044944,92.89351204342039,143.4654050731108,49.27433194675033,119.71989220655706,153.59158524669863,27.375384781204534,83.40678083680602,109.37827979133235,30.627484404843855,92.48482128174679,114.28171664592327,24.004889845664106,154.17140222138565,109.12118656081402,-43.12938433936942,62.86046847378843,115.10511125055518,49.44955991983844,51.7831391126262,90.50602210074017
3,23,0.0,0.0,78.1620812279588,103.8201424637289,29.39968057686275,105.87301359242734,161.544746638186,57.7261332750513,40.65480452546045,133.9544388946352,107.84982980417902,99.6992199547515,124.15532433040612,16.240041258770095,43.71390392437013,123.63998505436682,84.37783313131962,75.01643901889939,110.9897830403018,39.661606198707844,126.19859360264897,102.22581677758161,-27.30403225400733,92.11494308849255,75.2496726608222,-5.8035456927454,46.59716541747521,103.22786948962626,48.056092493612454,81.26704870976168,129.21449505884885,59.043036004564975,124.33861111519677,160.91620628994787,30.403122362979946,83.07560960501985,114.6939989038805,28.028281615638313,100.79903593558916,128.4344406966071,16.528701970606747,148.68540346602688,98.48132762745902,-43.21384271266601,65.77261826894721,127.12902471327087,54.200590343594016,51.74011788168311,103.00863677708898
3,24,0.0,0.0,65.6860060528128,96.38643976387705,21.12420014285328,100.69555556084093,143.71870148710008,51.89480957411598,40.80829675011789,140.06421339744816,103.05720553985265,99.96034499684484,123.56889702926114,19.504960013145592,43.79043765174464,128.50588476349424,76.55217911349902,78.02471747737349,92.2656739942155,30.62690950635246,135.00187942432166,110.28456014735981,-32.71209515580358,88.65692407324651,80.65439652812768,-5.370138998096907,51.23934038822926,92.88595158500317,50.91730982102504,79.78842453925732,124.88247596538594,56.34606610612479,119.6748231156151,160.70714331388703,37.995859009622016,81.30540377899644,116.27959464062523,24.467087834599738,96.47399507843669,115.61885847685943,21.245875553893057,151.04900640754713,99.3006361643619,-42.952270244492155,69.67364945497569,121.43630919479304,43.18539283364112,52.28115984958494,96.99527500511775
3,25,0.0,0.0,85.09673612476207,100.14895435212425,21.790225069000495,109.72145103089102,153.4093165929052,54.39466795916634,42.019526862880554,130.77214489196456,106.72836533019509,108.02671618064966,126.84154127350129,17.360525776195004,42.03104868990976,122.27619074514992,81.44019080896166,75.64529573111525,110.34321447996837,35.56709862118165,158.590339840705,99.8324689036133,-26.194785742366285,78.76017552186502,79.33500253010341,-5.020921743146106,57.36228074144661,89.29017605139131,51.187158947643745,88.64238120335018,136.02124954519684,53.177348465440325,125.28119717578116,159.48880982746434,41.13264315639717,82.88297697877141,100.63299939689281,27.894648205231984,95.14534153571977,119.1461286324576,17.83444055157435,141.92170455517882,110.30872318858437,-36.004995463072426,62.726306071170235,120.05842348564839,53.8625075841832,50.090837040674884,150.50355364360564
3,26,0.0,0.0,77.48858102051723,105.27868977559673,23.61540475242355,105.14912441075754,150.60012169701847,48.52350720899713,41.727212658007126,144.01375878564815,106.75266779931238,104.04211456517936,116.05879514597031,21.610137392817606,41.21126068747274,129.22967450204243,87.21255346162435,75.57091766965465,97.68336378507546,31.71788468330371,129.13003382958013,116.50871853769544,-35.379775411541225,89.52855182950111,83.53084856016568,-4.472599854517029,49.44904025660767,92.25772672930098,38.53087713922038,93.02795062296826,146.81860388088032,38.81202767240554,130.4621769883552,153.9196261256807,35.3374079907942,75.94588941724564,106.72479442335644,28.459500803523163,97.07564727730765,124.81261812738006,17.220196124326815,152.36203073308747,100.69009539490843,-38.29068317001218,68.27804758433741,110.29516024764828,49.439384919311436,57.462556846043015,146.61724499101854
3,27,0.0,0.0,79.20969241131954,103.75896696594755,26.820356759180488,111.93278023374373,167.4958568097525,51.92184877158487,38.79059628467594,162.21036580084893,105.38445482650972,94.06854177812178,120.00226062563785,19.958047489914208,41.38608220245973,118.48152340894437,87.7294500460763,73.14679894807722,110.09893915494695,32.50053240943744,128.58153541637859,110.8698909005284,-40.652317530724986,84.22047755792471,87.33142790281146,-0.6875695934873547,47.07680346530335,96.6793306653117,49.76609748606763,88.82657793107778,128.80440365305066,39.122591677396,113.55677494202429,157.02445437072132,37.49282249717136,84.00842684323099,105.23307336416308,28.405420410223133,87.72262837402913,107.1152121830586,14.509649190468012,139.80434391454327,97.79851959578274,-34.271119827385306,68.21648159271615,120.08693945924308,49.62123848446198,56.439256029092576,73.61312460439163
3,28,0.0,0.0,76.47592231262553,99.9400612176689,18.887857648184177,103.65797320387816,144.69852356437258,58.41841927286014,40.11406880989441,146.25639901950092,98.23888901566612,92.4441229455046,129.86339867735722,22.337063066094604,40.394273366890516,134.11230994005706,82.28775284255683,70.56987847833227,114.57431473835435,34.72283034303215,148.9582124401418,106.62731449574532,-26.98976140384174,78.88729046882288,86.92632962549676,-4.95545667986833,45.45041714551937,93.4512890006106,41.99830488626421,79.70149118744544,133.89702046356518,47.29437618273837,124.51648403880381,156.34553567342246,27.52948144508715,85.02540110814853,113.33265505461569,26.611404659244567,91.25131693111567,108.31090483272644,18.261404698742375,151.09141517307543,106.06644812220394,-36.41166748769898,69.52688407501175,125.73396583499496,55.3536525343542,52.633189924171404,78.14318332778065
3,29,0.0,0.0,68.37383402590582,102.26864646012426,21.04272512088197,100.30641354704228,156.10780653211248,59.04687691130982,42.144847146662414,142.67512045134717,99.5262173880447,106.77656225446086,122.04411608773093,22.404689257954644,41.89658917072663,135.03302719810108,95.29917229468997,71.70168892936364,96.1289375016112,28.140259951167117,133.54131947658257,115.70319663660239,-37.96938653531893,88.00643793691401,80.93476057843792,-1.212919667816192,51.959743922317784,90.1761528521136,42.58344184376845,83.83402486025076,141.04187488819113,46.96326774986805,125.0069915159089,160.9744214383481,34.49777297291446,81.24340448069702,111.98184933098112,29.941023714814865,96.65818637380016,110.51792908168738,14.923037499038925,137.91850380356775,107.72162611004477,-34.285236958756755,66.17689731077704,109.89317527468992,53.97408826207296,54.19844678276891,78.62998337888467
3,30,0.0,0.0,79.12033313723025,100.50576274466958,21.15638662870311,108.85970472753871,158.574009543386,45.975625986110735,40.28781238501176,132.8827126704848,106.01905501360959,88.47973974198263,118.4151981812961,16.24977603955047,41.16249278087354,127.58768063677714,90.67709823916591,71.50003139840938,106.83035339013692,33.64876973762796,138.93420272947924,104.17889516735242,-26.04158323426039,98.35055508830567,82.19525166376248,-1.7882180570017847,48.55254701401389,87.0561706993448,51.82830593577856,87.00540137880762,142.4524556004504,49.80434042020366,123.09913897080001,154.50366644453032,35.23811121706968,76.70986673758254,109.365784126686,27.572375407857074,94.46050945516721,110.46204384767681,17.982592806482053,146.15571897755873,103.48173996259327,-36.73206466421409,58.34175998222383,118.77829693789943,54.81090844610136,52.596017632744456,91.48711169764152
3,31,0.0,0.0,73.00297713251642,96.2235324225428,24.717379977420705,103.15206393452792,150.91717615258926,55.05878070124863,40.15370979010225,126.8347317818764,103.9898358932196,105.64814699161069,114.54273509545932,18.22530076278263,42.67867354293483,130.0283117509935,89.28872346174869,76.70467204347786,112.10583622498179,36.860190828741835,148.7571597022201,115.33212537089247,-34.67308050794669,83.49070989287064,81.53833503430474,-3.6663770232560737,48.67964659342906,82.80646878760362,47.890784548052984,87.8069049784808,132.87701217769424,47.1656347250984,120.15814797976057,136.8818739856476,33.636317328435794,79.40426803578578,96.36421932626692,32.64273500010223,102.2449273435447,119.30400067626772,18.814280194940814,150.85476492638233,117.36058822180529,-38.99793369875776,67.59774514952477,114.50153689393841,48.8103685442704,55.77591051573552,122.5681546537322
3,32,0.0,0.0,78.94764372629508,98.35302760752637,28.32421983352601,107.14221617221095,143.5320333068316,44.86523608883367,43.19379990824608,150.99099357147966,108.14772092765818,97.70091482264027,122.06543407082751,17.167947726434104,40.018353763503264,121.54844434937883,84.33688174139807,72.11803788282407,113.81552217045241,31.349109410205276,153.58024635102655,94.31860058385558,-29.24206914353984,76.87480313106035,86.26220446393228,-1.0871667571064165,50.28271737482367,90.02588028399158,43.01379769100692,88.56257187952787,152.0167325926461,46.67548156725171,124.21483183627065,153.37045053553592,31.788084879688633,80.27132695799442,109.93759719176066,17.48197444851705,93.13917963886037,111.43662507054498,15.683526680246967,157.18253573284818,104.98486999620137,-38.98771537844343,71.67998816180177,112.37951610713777,56.138750940429325,55.383247238638255,91.17799942348023
3,33,0.0,0.0,77.18674821845917,96.8511717584399,25.073375116111627,104.25220852531186,151.4537006369929,51.62189264779814,37.059618247692406,144.70454738534474,108.11338489706861,88.58338267836152,123.5013099426287,18.270830838921338,46.473888986609055,126.88651794624397,74.78368270168144,64.62396420927772,100.97485271011682,29.492102419276524,134.06542890594991,115.49928198957822,-31.181113258784166,86.8850998435825,79.97685801457388,-9.261466450182295,47.31843685344647,99.36833874066721,42.918371607477354,86.49239268638699,138.10970202392048,57.9537717729475,110.41535221660493,158.51078927665736,26.848426314255036,86.77988789301442,108.83624931455986,27.68946444307478,91.59721758241058,110.77117387370667,24.22280092389743,138.03171942712495,110.3235832722909,-47.31401408861411,66.00363005219025,120.37583783572867,56.19839549874754,51.310544153882525,110.70213635313861
3,34,0.0,0.0,77.30221873665016,101.64733690900489,23.20545431101894,103.15581423953455,163.2376233527481,56.807839237170874,39.90497622907575,141.76246077092475,103.05868242550567,92.88456121247222,119.53860814610326,22.14022462451616,45.962840554684306,128.6102425549036,86.96750388751447,78.27886208724311,97.3666968725829,28.28936156611596,136.7760109786462,112.59348013519781,-28.662911957035536,93.2642092845919,81.63710316470372,-3.769296755664651,49.401034141727365,99.09031012372303,38.839954216121654,85.67831394499463,135.76273178524383,48.213065614632406,120.59263962538255,148.88235138843098,30.020093254509796,81.46059861165259,105.08073425012095,31.27054938709034,95.27020789034854,102.52860791539413,23.794184864496874,149.12648456952576,100.62401253372722,-39.97936306298775,62.884030185667584,124.03801464975884,51.996619353365254,49.142196673632796,125.2908578073305
3,35,0.0,0.0,76.1637533665443,96.07987979631773,31.37320846616671,107.13595158619778,147.93050311791515,56.35238870017845,39.70803001466009,139.74944067376347,96.54903481455351,93.20221586831398,123.03268216257598,22.31726261122429,45.98913472758094,125.61910119740044,82.27431548531668,79.03477030019215,103.36449143942852,33.86174436803282,141.20927513075122,113.4926914998243,-34.86538519773764,84.83053312110334,88.1128931148064,-1.9151127260022345,49.05540593714777,91.57326538321942,38.56329606782844,87.59482982469996,133.6266706127722,61.64211132828564,122.53425023684674,150.50597166200896,37.09171259660382,77.83631215489655,98.541726304252,28.695962211300365,98.75580069510633,113.60366452229647,20.51134150019834,150.42965278776094,108.59536563225456,-43.29401837046095,76.00310154237371,123.59451431241817,53.04068977838645,49.30218826004006,135.69351616211102
3,36,0.0,0.0,77.5772610117415,95.98725317445995,24.513335814300916,114.4126587825841,150.50769817022405,53.87365870251307,37.37556700678444,123.21187684778523,97.35912728687482,97.20466328221366,118.61274719824256,15.14270560875283,45.20603744738036,126.4907888233239,77.80192841516904,69.13400244419681,106.56639860111612,28.985077176651835,135.02245263169294,110.58536510278897,-29.984921460478766,91.54399243186774,82.22630350372755,-3.071071660630748,47.09425080718947,95.82644332937022,49.29023713490862,91.51187597974177,132.45386351622602,48.385803458829784,116.00429991365417,143.70008385612357,35.82420576815797,82.49629610820018,109.58974563819281,24.62793042047363,95.38342026707642,106.66896470334574,14.900393184799423,137.99022674785013,102.29105038998566,-37.85129031304236,71.0932235003028,117.55049229930056,54.625683644494224,48.56931966980783,83.08621309334129
3,37,0.0,0.0,79.63343502160811,106.17891404559715,23.223730061459662,102.98817616321462,164.89945824055567,52.94713795594263,36.56513595344169,139.1248379624305,102.73875477423707,88.646686780686,125.04395781197638,21.96717399154764,40.567036894443035,132.60611446810546,78.73149164742176,80.54231563200577,98.88637367562022,29.12013749140643,145.21699729384974,111.96731164128653,-36.27951088282535,80.6851795119035,80.88001923490118,-2.6799595730684063,49.18531515820629,96.60267382668081,46.6903533899114,90.19410565863662,135.9944655151986,45.11082707656422,134.43704600797906,156.39564078149314,31.776803238124714,81.0464568840225,116.61431429562423,27.322717704875625,97.09275765907162,125.17222399959455,20.407346918189102,149.74674935916224,105.79056082392482,-37.51183676305726,61.820287113673245,119.74895758833549,62.071401195554394,46.66795020659428,148.8334021000469
3,38,0.0,0.0,73.5095379766196,98.89613646876828,18.25060992572139,98.32935900423384,163.26809188546468,53.2544814786619,39.741123082603195,137.60595512926855,113.79067446396365,91.28121773216091,122.13705784053637,20.177782351977836,43.08032205955756,118.51806781029727,73.31345578093709,69.99500491054206,104.74260783484635,33.003040669227836,142.79285255914655,111.76809038320488,-35.059424384372925,92.29225237707725,84.12416441604752,-1.7279342091873748,48.18376561932013,87.72370759671081,46.36909655293423,81.23453461085727,139.32086318226425,49.908441212193814,127.26630035321604,146.75677674209587,33.68784184084746,83.70856076667827,108.29109843624234,26.992807475732107,91.66675481868673,118.76147131350513,23.825600410050715,145.34240079937084,109.29058791256705,-37.306060616620584,67.0710223295151,110.76781104429693,56.047252452962674,51.79161602105927,126.02677519370839
3,39,0.0,0.0,75.58435565679515,100.75417441421054,24.02230851447552,93.36738730181796,135.18962520570992,59.34814877550423,41.18576758993434,140.06559369066628,98.19139100182738,109.82435926694086,126.32056952024527,20.465557995799365,44.82452154578515,115.91433764863673,80.10370652646449,75.90239335606077,105.67378935525322,31.36346351683258,136.15823315354265,100.2892294043962,-26.672170657655215,88.82090408209446,73.16975128507121,-2.2932263441190788,48.73309326369373,95.30640871971676,38.9126825189836,77.709491325128,131.51634904530317,50.7693513860009,128.07373183359843,148.27836411910613,32.481615997242336,79.55673163686905,106.9617011463661,21.316454119512088,105.09945935793789,104.74090460372364,19.852614297311643,147.48159410871165,104.25382503919732,-36.48903419871206,69.16505960042151,117.84029232457327,55.12046941990282,50.092186968275406,116.38975406279803
3,40,0.0,0.0,76.26680239839995,105.62162182490984,25.581871319569874,110.41236747200216,146.65685219243758,52.67221882467183,40.84514904080651,151.36440196287745,103.56673097522332,94.84643180222167,112.4584377522285,28.46801986920041,46.269612731327086,128.7678839288633,83.61863854260334,72.11758131678822,111.34774869480559,33.58469382025274,130.93169293563594,117.76284203262955,-33.288736208360426,90.04537791297847,90.96066398658995,-5.356030320709779,56.05985712416533,88.98407492517879,42.926500146748516,91.0011584758753,128.75836478085878,59.11690148742136,122.30782134191315,157.33431652129545,35.34492728582009,81.86314367751933,106.70190125879527,27.32800004461414,99.7773488926066,117.31929677561378,15.807298750714327,150.71236394960192,98.42917798009525,-39.40173134981492,66.21727155984436,121.25063280462155,52.29706239732668,53.74893886938818,96.99200048570839
3,41,0.0,0.0,77.08343545153863,90.90453447209309,24.85109605907616,106.53211775058841,148.4027518632629,50.50282476092119,39.78925262791788,141.312246149258,98.13581487229044,106.91402408826649,117.87720623780076,20.549935908747788,52.836213416930306,127.86832297767698,80.25153861812562,69.92010458905976,103.18807377838894,36.97633041941571,147.28976125219603,108.88121259960128,-32.75478393858218,83.38518404960759,79.11705624388728,-8.49051999466722,54.97327142471054,94.94786246525587,42.05781569636842,84.1209027305454,134.31040069089278,48.36962955520776,126.99581351244169,160.76192014108622,30.5310457472327,82.63117110066705,118.44154422292694,25.130048970951066,106.36323823150705,113.5087250153983,21.06711793914154,134.427393410231,110.0280369156651,-31.217928460849443,65.1787631046054,113.39264777815234,50.39648465093722,51.70149661235833,91.31722948364376
3,42,0.0,0.0,75.10962494939747,99.33198064574337,29.444850660652925,109.30908551728403,158.94249021052536,49.754434136351634,37.4737817374635,144.2776677856602,104.44421089588177,96.7429694285821,111.29462854919863,18.799395925737386,42.77204164461582,130.82079364380164,85.36624155470689,73.84310228612364,109.96812718918335,33.09549813706801,133.866797034104,118.82369911526484,-35.000009112861456,87.21993934816886,85.90220723338791,1.877417993228037,45.94879093551015,100.65867063224694,41.6116967065908,83.8714716529591,150.55622949836035,39.15561572295161,126.03509225148882,159.81664925799137,40.410959903094934,79.15307921220015,122.64129139680396,25.168526178210186,92.19152726167069,116.21428845258937,18.234059923825967,135.37569906608107,103.25911428219227,-39.695485707380314,69.89634696913467,114.71285972725595,56.17678629893361,52.65867140481298,82.24945588073678
3,43,0.0,0.0,75.63032584198888,100.7522915736405,28.64437858218262,99.17809678415308,159.12696332461712,55.09289448582988,40.16248816884255,136.604561624873,106.82431358262954,107.05014684819238,115.55464932318586,11.085810715646822,41.75811193638115,126.38845192073025,92.90704595342605,65.08039420958666,104.06979544857208,29.649340638568933,141.88274964932026,115.57965550742888,-33.35020745832049,86.75764480185481,82.6615118403634,-7.630921745610415,51.11981918120135,96.18745910861178,42.53551168253565,88.67029452777793,145.87355671995624,48.277228941816645,121.71105614643895,152.99578489562307,30.92041271478334,81.827334287656,112.71409389203541,30.16887808881131,90.9604018191154,122.70228648139772,22.097487233944516,143.916358140047,105.73363186762585,-32.92949375299193,65.22473954122744,118.57612821829144,46.58424904217608,58.25232129950034,107.72364764501636
3,44,0.0,0.0,80.7987188709756,102.5504695342705,28.814973177238677,98.39026610252427,162.59896115227704,53.216957867785055,40.687250262964675,139.66077470938944,93.35833316851135,98.33411864376292,117.66613804213401,22.61225782185194,42.84111304384408,130.1982140774415,69.94595309244048,74.1943142396248,108.65399248075366,32.90198797366268,143.34361708027183,106.7953561230055,-30.94983755732009,92.04449567071694,88.47982371686008,-3.7046210137229885,48.0732677727873,93.04640395099902,46.54670948240078,92.41726605518961,146.59132967926416,49.72544782451141,117.479037470384,158.31837845289033,36.625315732589264,83.95868708223543,115.56307252535538,30.181815534600883,96.60711397167826,122.1486109000375,14.381224116852195,151.64793451889605,102.25230546525822,-39.31643085446123,63.87513353353407,127.00861677329135,51.682679159825284,55.39502646878973,122.25056678473378
3,45,0.0,0.0,80.60026425128405,98.80452559220521,19.9427649037233,98.49318546744759,158.88279990637662,46.40785645022228,38.91971533647713,149.18566680733082,106.94704063254596,99.86476644110586,121.55912351065884,17.044141244391923,41.91957413971782,131.09374980025945,89.58459989624245,75.48628842192575,112.46512429058076,35.817175312993804,144.49897217687732,109.70701662813282,-30.728503280861883,85.84839017266619,84.76360369718172,-0.8800654970934465,48.023778754935684,89.25565961872474,48.117064769196304,89.97305727296428,136.5156420208121,50.860134827954255,118.23002429981672,158.5114989972267,38.52149578394453,87.90331800475046,111.29855106401985,29.317118312362435,96.38515498998439,112.32783012992685,17.711443085499912,132.71428362257728,107.16958971163085,-33.93807672134176,68.68832661320477,122.69024296811725,53.08074061954846,52.04420950868115,79.3584112618988
3,46,0.0,0.0,79.34362111139379,102.86409291139614,23.90002451331021,102.26594539811668,167.67031848114794,51.03373278972283,39.51525805838999,138.32658469980484,94.93340369868167,92.45343661191401,126.77065227716736,15.375417789516362,46.82016586379097,116.29624541656597,92.44560168992362,72.45195231619645,106.40313824829786,37.9255770368434,134.30561103277353,116.55681139240104,-32.1773143547014,87.64511246517763,84.52670437289285,-0.9156256320291525,49.91344258193482,99.55167906805362,41.245946674398716,94.3511960458535,133.30023166994084,42.77280404398427,125.64988450254017,154.1561079446332,33.29205238234701,82.85906375547093,104.46320134561564,27.994342087129098,96.36089304396566,117.94585124517967,24.011569925832156,146.18367106850042,106.11661016981871,-42.65015121786637,70.4794746270874,113.07699355523408,45.59207160378247,54.04251056888866,77.31882900031557
3,47,0.0,0.0,82.18447714801789,102.81113872919853,17.67220814742953,96.78098535105356,154.5919188801826,53.552224242528936,37.76772583200911,156.09079839866595,99.34111810622166,104.95028127314903,111.25708959985207,21.307214544056247,43.93137039651461,124.15318960280041,78.6463103444911,75.24941240770877,105.32892254979454,33.35846033083046,148.17912772130487,106.83552418251801,-32.189036980983694,82.86777694873105,81.13676242976913,-2.670861068997681,47.76752556173632,86.86099676060341,41.82879915052463,79.76048810197253,133.38395381705453,47.931437889915955,127.36720403327715,168.39594730556666,44.90470050401615,89.47157589528999,114.99247272016368,29.528825206965838,93.25798413975781,113.34429850710396,25.480088376629872,142.5409886375205,99.94633562899381,-44.001458429117804,70.24103352095206,126.95404418153036,47.53791000681858,54.01437590198472,99.77826265342934
3,48,0.0,0.0,78.13694847741806,100.53513120854797,23.485367812741366,92.29355007940396,164.39357960924127,54.406219057005295,41.831171281300534,145.24822653047266,104.97226159666752,110.76384342719332,118.49218157701485,20.072381372515128,48.0457044502361,132.72660243128814,69.8781231401573,71.19403651454644,109.02795327666351,24.866036977993968,145.344188062948,124.20445600395472,-33.089644749584345,85.28428250540696,82.40533408853904,-2.744315242457758,48.71036179039911,87.1863385535477,42.312211675722146,81.57824455485921,131.5620951392957,46.23279421282276,113.51184373221324,147.04207930320965,40.75092313569706,82.77340486757525,102.57370071515206,29.573191706120486,99.3248415999033,121.87233432678856,21.41533897800126,137.04960112250316,95.4077869401407,-33.99091648351281,67.68870391605502,120.61790302807897,51.22726095696247,54.672347861191824,114.31054401160188
3,49,0.0,0.0,74.83543156954487,102.50147167974421,26.81024131690147,105.18982777904715,162.6900061273802,53.259739339158145,38.20989436760178,144.49741081712935,113.38011246408107,104.39765105722188,122.44750547192967,15.145109030325678,43.71761343976119,123.65012840726448,82.15582579137586,76.97942253234697,109.86477183801235,30.89198575486986,125.96463153603243,105.19601022287524,-31.507076029317084,97.61342404326335,91.55176927816036,-12.031329857836145,52.600525907618376,98.29048180540265,44.24072386800767,88.42767329119975,139.8931324856633,53.942348928453306,130.85527768230463,162.72904609756222,35.31290131687834,85.42416401436316,115.81798860411647,27.522665811553438,98.24170163314363,123.5399289635947,18.90322623010043,147.82551525836504,111.27614846877627,-38.61159361730079,64.38493465786891,119.06418847557467,46.54385130317968,56.37267619473717,90.48852446273793
3,50,0.0,0.0,71.07841573486304,102.12618537942028,23.497998895500707,105.29389372469971,153.5399513849325,53.19759136501825,42.42242217604628,147.67515584379154,105.91979067048429,99.64646627321562,125.4653890211898,22.84445543657771,44.43741941933353,128.92911969095624,77.96170836034125,83.18389360289116,111.67257436889294,31.882455940614946,140.26686679536292,108.8277637646968,-30.373871291251447,83.9051641168883,83.0383308972136,-2.7344675502410434,49.94379802410172,91.44022547298916,46.72096933954908,83.88804488903449,123.47173395346076,43.46993486304655,125.50297666034636,156.0816368298385,31.706962806106905,84.81168026452701,109.68480292854466,33.75354848671188,94.45283846129998,126.55903141016738,20.138366104442664,143.34973719917897,108.93199136886412,-30.029929924262632,67.54407673127619,126.88358198215502,63.03524619634947,57.208365561923436,110.72036475923063
3,51,0.0,0.0,73.23571052768702,97.17436380630883,18.434774179601916,102.93421440481458,152.8938675179157,52.220134325178,39.8523429049926,128.83338183792955,110.24165354391549,100.69969783897952,118.30813732074543,17.570807915799193,43.45484182459568,131.95993478772718,79.2975314355786,65.36840269463784,104.52769451619308,33.502357249870954,152.6552835535049,114.62287767900438,-30.62673400393276,93.19419496964031,82.77136157336501,-6.076934177476516,48.543588160951884,88.99842493970874,48.01721194020001,87.27068525394576,127.04099255686158,51.76418631455983,123.06918081653394,151.23292203941122,27.38194321199193,74.6932499527077,108.77858131919697,25.483440511958957,89.55014402704202,110.06786461562076,16.70792120639579,139.14321913730123,106.87592515241609,-36.24882256003839,62.41727862866878,127.39008387983174,60.388505028080225,55.58464145122896,97.39661751577796
3,52,0.0,0.0,78.58875783518585,94.46221482634537,22.98529974319799,107.43321448840922,154.81973098365404,52.36310349922095,39.96704688901582,144.94476481009676,100.18467220733189,86.92366655580699,130.08907244137268,20.68688161336475,46.127929246587925,125.38276464248547,81.57021168833653,74.96789120541578,104.7109632465661,27.331721591246076,134.00667602417087,112.12108489523938,-31.737033144924883,82.06179288662429,85.47099226380897,-3.4883685329480563,53.030849646588436,99.46968593681771,40.655675468593,85.61695948153326,144.2481086389769,46.942364317726636,116.00672099719053,164.98623738005824,25.459515161221375,86.83543117170815,105.03495016131235,32.11252928193001,88.37868370652681,109.89014890482007,21.972111671492428,152.5024390237749,113.67689083186139,-37.47455956409511,69.91987358621793,120.58651444146177,55.29408036265887,52.75475912778912,61.72244215230535
3,53,0.0,0.0,68.29665351387267,108.61651149918416,26.51860770395979,102.41959943465606,156.48861042898886,55.843197035105916,40.24391852324004,134.28123318219528,95.74275871807116,95.92289277639601,128.16910598264474,15.94906608966879,47.26651626420027,128.987355222968,78.75537972936225,67.88786922730344,104.39131096777642,28.49470093031818,153.63803996981758,115.59671823453684,-28.780986805395873,88.05992101746824,80.34890861052294,-6.665354805897357,49.91835073448434,100.10506281740366,42.31531365112309,90.7259469845794,129.21223975891064,46.486384193741976,123.30112188381004,161.7571460731238,35.39550693926041,76.7925531518027,106.68479982406772,26.97386191813984,97.37612645262145,112.36705906793178,14.934451449434242,142.72999284404648,106.5431926552518,-37.25862227185475,69.60875776389265,112.96246523739023,51.947206449977976,54.2717476240706,77.4620102313616
3,54,0.0,0.0,79.66945376210558,90.8157538124521,23.63942144066158,104.53911717802819,151.6045896262268,55.18237714402491,44.169520287582415,149.80905383484583,104.57244707615845,103.35934210176863,116.75238501323744,15.40515797707842,45.47004327439205,125.5522917886734,71.62033665369484,75.13546522149807,110.99278388604863,31.761837953888218,141.31758229445038,99.77470702899531,-33.57112125268497,86.13448493324607,81.01339147295194,-7.123806158909056,46.666477134028966,103.73151648627352,43.31482818481255,95.81103006043728,132.57263164333497,52.06258270355799,131.68028309504967,174.77186258551868,29.682398860655038,77.48851779188973,112.54670349509998,30.529579293238868,88.4263317534409,119.65802612462423,22.415701545739456,143.11095423291323,99.87384688122448,-36.28891817758637,68.21738495900979,120.74615233864776,52.59690092697664,53.73583553047535,137.77998246037887
3,55,0.0,0.0,74.54187394743828,99.40898745670692,21.78108984186382,108.67926211189285,149.31379306510811,48.486180925475864,38.06384171622557,140.7038287730479,104.18169987236827,103.95195819162785,120.07716277725847,16.31777675468161,47.90614871259455,128.32981838229043,90.68405594302875,71.59746712754662,110.74796251844238,37.03639063627052,138.08880208927607,117.20682225338352,-34.21431979245377,83.48578712143357,73.98472241718986,-12.266995964914681,48.54631404368499,97.22425855436808,49.77303580608448,86.17156563600368,132.35564628334825,47.80265005547931,111.64732957580443,168.07972284680955,37.95865489775749,80.29007337638562,117.7394528416508,34.70948006206521,107.8309630492262,108.4371297758788,17.240506146824202,141.19500174896646,109.09343640908715,-36.59459604355744,66.03944985441298,120.08525529584318,49.34047933200845,51.344335109194745,93.58700899972062
3,56,0.0,0.0,73.9802307454612,96.66761616594098,24.644136825410552,101.83307828058514,158.01402167860593,53.89867407467197,39.36657990706544,144.58089602370498,93.89015501976729,109.24604886460763,119.38466209189465,22.795904443304156,41.79207324168125,131.91135266791065,84.09432736552321,62.881869256821226,110.22300278387233,32.313645059935425,145.344282252925,114.58354693767643,-33.91787275608347,87.82331274359811,80.89088523738022,-3.5084563626852088,50.900267412545034,95.22839941035406,40.71271044597462,88.02950786440954,137.48219134170938,52.34316056041603,115.87048163267369,145.05607494328368,34.7571043185233,78.99367644377142,106.30760014158884,33.976751582086,93.44211189627433,120.11704947024349,15.576412285078685,147.18315095283796,112.46814387441533,-38.30832379301005,65.8506760420561,126.74708082233659,57.0355340279934,52.33045982779364,76.55020795918165
3,57,0.0,0.0,69.56612837280954,99.17315245765674,24.22209850900301,107.11322804565887,150.33446755435187,53.254508176537314,40.69138146324994,143.53783713861145,91.48195764184167,107.95631825080953,127.95594540912072,21.25515959215774,46.33230653760798,131.9623819480921,84.21698424916333,74.19887018639542,97.79695935287704,30.18736108729318,147.67828944881867,113.68711602637605,-28.591030368537385,83.72985875483526,90.08385338142996,-2.7118805870009894,46.08174448056002,93.82285352413317,44.56881599103268,87.34002969598649,126.4132592562609,50.225790255526476,125.98686303201373,151.95364066705798,36.138034788977016,83.57041463868924,107.64846347825409,28.33228952277579,94.61607028035645,124.51389177163544,19.639698578099864,147.89282034269883,105.33240808907561,-34.240200651076954,68.50364843379039,126.44997399923776,49.201236610192595,50.9771384768085,69.64006038619286
3,58,0.0,0.0,76.88754352730997,94.19997694559179,21.979794210957504,118.5321618952527,135.44889860644312,47.31178178229484,41.744345870123055,140.27836165990897,118.28937934885536,102.93852443684365,118.59267103350571,20.02304722706848,42.278914657532454,126.31288713775817,70.82451467292914,71.56875834448549,105.16546393342504,33.41549548260348,151.03203898253474,104.03279499434585,-34.640410515043826,85.83058428787064,80.68039934054688,-2.448518257813351,54.09436186316414,93.86145953692954,49.62669171715095,83.43640602953457,129.3812490469112,48.079839094713755,123.71362637553108,160.7971932200552,33.27719724943573,85.8782983958409,118.25755607147603,29.436556341944467,87.18081464394794,116.65762904563266,13.64775063289919,151.13356855483218,120.89708875806997,-31.792555339702925,66.90952303251036,134.12843887125484,56.94622048606495,51.488569426413164,97.74235596540976
3,59,0.0,0.0,72.92053891221047,103.12340001178185,25.09167778974506,108.45412185323697,149.55864844856532,52.51604945048032,41.70194286902604,138.07764547783484,102.55954279653227,100.758439337736,121.50280930158956,19.479661955236768,43.89189927190393,119.69028673895244,74.76506573936574,72.43356393910612,104.11223104978029,30.077458494313817,140.99182891352675,111.27824743947669,-24.616704298268417,90.7138134620147,87.26206611488757,-4.014134778529743,43.9042764657173,99.16351586429617,44.125805875181534,78.7223867360833,136.4763627620869,47.31495924744933,116.96684947492585,151.08980442125983,33.79451469434237,79.93501215600645,114.42942403796127,24.100255074425466,98.47197837262415,109.14221227332153,19.020501938371567,136.52580048624418,107.41189080714153,-41.84466699811131,66.36241779373448,115.30872845496651,53.491498125676834,52.63417538854559,86.38569700600048
3,60,0.0,0.0,75.6510859477457,99.91098977432574,25.665436123724817,105.19953893090405,162.69050087686986,48.81631635058737,40.35230727101556,146.20560002309608,93.89318656899418,90.67872499322216,126.55281835442176,21.78131456396837,43.91847761849942,138.10820342709908,87.63209684368995,81.61555106500009,110.2912642513062,31.449975519402606,151.3351605179302,114.94611120034479,-32.01134857213082,81.73102768709069,92.46615015687314,2.4591738262502565,49.173173840517386,93.12480708366427,38.930959174009345,81.84412922631145,136.5316700480114,51.2065336800184,126.61280430093528,160.91734601571363,34.760187812819616,82.327640928954,111.75419865262776,29.30403336088101,92.09454448768244,118.66345717099584,24.715982310854663,139.15301971049334,95.48220723327877,-38.552331485428475,66.80401948163448,117.02507912462295,56.04589381224009,52.413369615168364,74.80335313297529
3,61,0.0,0.0,81.27708087460545,92.03780235092569,29.881207646242743,101.47697489699856,163.70770765611292,48.48171810411522,36.96428565253985,135.5262585668569,100.59348690558035,107.63331719036059,117.31254256209509,15.758978798279863,44.961604249045756,112.54620640569607,79.13554523964443,79.7949591899159,110.39484038350886,30.77743182887362,152.61759646555836,113.54049553928358,-32.45229539519967,86.49571584999185,79.5021753998547,-3.808542154468785,49.065165715240475,92.03256556689671,41.80605597203243,83.42354062051994,139.41761422921374,50.889627875234346,111.35256725727325,146.85896412607565,29.425204452603268,85.15015552572858,115.79546223047153,28.43562333281172,90.4598182892343,122.22698479928006,17.652461208473188,144.98484573495887,108.38273443990758,-37.41592989842592,64.04619313240534,119.10492820115297,50.13267513454578,50.533232383806485,102.24622704201792
3,62,0.0,0.0,71.68916442707516,94.17334608189302,28.318088828316874,104.82645446166072,158.68525810919317,45.55431723014549,37.913250649094664,129.97291095438595,91.61230645155838,99.59645316820114,122.24273860737969,24.726736895558577,41.70284347745667,124.92678116502428,79.11163082827959,73.87234617301512,114.38129398062777,36.624356267022804,144.19669528349897,103.14536649907807,-35.229056529021875,89.27541074633248,77.85941192924669,-5.7308529834816975,45.50168976255938,92.89722287249437,51.368496547382975,83.80250050276337,138.83749299766654,47.73156532396454,117.26651867433313,146.80885007378853,37.28016498186814,79.90035699599991,111.45068683008697,30.401213692155363,87.72249605339128,105.84623426444679,19.763695576320085,129.0188047549582,105.040410503024,-30.565194579362878,67.082596102131,120.76567917151496,48.8163620167536,50.072805805897396,79.94271823794656
3,63,0.0,0.0,75.51212979060188,100.76418864061016,25.97340414182344,108.28069259156531,166.41920674699196,52.055873815223826,40.869843890801825,145.71829971685466,113.0319177955563,101.41279013142778,122.41221800329706,14.991418460819661,45.10497389149078,111.72635454592418,92.17700184325983,70.36073839198889,101.54300044558126,33.49895235993055,136.81139826953117,115.78057310833606,-30.645555777631436,85.10700979632016,81.53210429532017,-6.961793219599797,51.831725221651546,106.11771442849856,47.882355434454254,88.49595958234782,145.32882678046644,50.66405417888426,118.78669081023702,152.66589841320769,35.237646515659996,77.22818275087809,113.59596430971112,28.884410120506033,95.68736295398791,115.60002971236455,16.651706569672207,143.95318507340613,107.3452252119702,-43.99124259547759,64.83014680810763,122.07273137210083,47.06107665840838,54.47950359970333,93.58414785234723
3,64,0.0,0.0,74.852373832833,96.94562215480708,20.548986288661812,99.99578644538151,158.49771669703213,56.166752509475984,37.204120016975935,147.86653226534278,94.45518503840721,97.81165157285959,114.08981534250663,23.914066221644553,41.18243238720354,122.27000034138685,79.10706320582241,66.84018899980502,116.68677792622123,28.531568471752124,132.66883191593521,115.28207140530614,-29.793950857742242,85.7665903100295,89.12619969824058,-5.32009486168939,54.735880528491926,90.68628808235738,50.15965493576601,86.71929794879593,137.665109680082,54.92370111333363,127.38201947101533,154.97553628391157,39.30765637870189,77.55235804945033,112.07304406594409,26.034978481256523,96.70381919744167,123.3959796628882,19.37124063009447,141.5591387177889,116.64744802411789,-43.43493711374448,58.78836662485294,111.8840085858476,49.002739393517075,55.83835859390853,80.85717154250197
3,65,0.0,0.0,79.29535754756256,95.33042212351357,28.8735101052256,111.91698677083235,161.4482454093038,43.397116438088176,42.984766172370776,155.85227446354662,98.2546677662187,100.82790551144555,118.27888708055622,22.759957652185328,44.63812221538538,119.47417191124754,82.8468212896144,71.0322705417254,103.92353359379383,35.08286182942148,135.9196478303578,116.39575267383378,-35.05000752146276,80.82331479309305,84.09924914061666,1.671286384827627,48.17315129695626,93.20481923604633,42.73139724733545,82.20181539623053,136.070625059048,56.47561876421463,122.55338534331213,156.66347771856385,32.36430030739258,81.2006548988392,117.13433168965074,29.160450606696116,97.12155068719011,106.14216931049533,16.751227789644247,145.8167188330849,101.42498884936754,-36.02625071796029,72.61919528946753,117.8072691936756,50.74920546865426,52.97777668098663,120.99873904074437
3,66,0.0,0.0,79.3701762506359,102.7583003266633,22.299396005146225,104.72045778514577,148.54839044553924,58.342222084229284,42.387541475181514,141.65386705904757,107.75595506270729,99.70312567444657,111.4592545769129,18.345058675431517,43.139681187159596,132.58361152923501,71.41830998739147,81.22351485730437,106.47701729069203,31.372266039162295,131.6788601821157,104.58288200578183,-31.077396168303768,82.07925089763079,78.50472216479119,-2.527461567522484,45.65347205355368,86.41864848031119,41.868524912789624,86.19629413118408,134.59729578288238,44.267920049014265,118.64621218780634,156.78603993886802,34.15068578489755,71.42464334509876,127.23584919397851,35.7897859976147,100.3921628488753,115.42071249057643,17.26945805247751,129.05766909652664,112.56990827765483,-35.487107747981625,69.98040531958233,117.75948493936622,48.66429056969592,55.21795206278215,74.95521773968059
3,67,0.0,0.0,81.07530783642943,104.62682937350851,27.91965752121076,98.79614421817172,158.8097979144106,46.2717449635119,38.99546837903665,149.2422218521569,89.30000313195063,100.44665582521903,113.61230938572223,22.915194968408418,40.56644538055177,119.72161915618946,75.66992380470589,74.74573685262327,119.29750095500636,35.4580944640765,155.78494078782765,108.09231339288877,-29.75886058712099,84.85094345270765,85.24812793962452,-5.899014098383631,49.324200489812554,93.04319285882467,45.79774185117117,86.8495374826852,135.8766654444983,44.950787748870816,116.37207299851462,149.4142391079298,31.435452535748862,81.44170667254157,102.37549106766598,22.94484540136582,96.32415861314263,120.94487174430431,19.593783237422123,133.7944585743064,101.1180081794492,-38.24288341170408,71.89349291219825,121.06190884603298,63.018193378120195,48.99830774509608,76.53959353594688
3,68,0.0,0.0,77.41092075737343,96.18053767365092,23.822485859686154,88.04006588238249,151.9889604686835,43.7001527778288,36.85815648843885,141.1357810917541,108.54217266282738,94.77147303027014,118.93051218743207,22.44555760069721,44.15675380378223,120.52261916217466,77.61908722029483,73.33613394314851,98.48083837088451,27.76564560002483,138.1597474649257,108.03239935996355,-22.672529949395447,83.82193560231528,82.68416643374832,-5.486112882359793,51.727614502057534,94.43933541572757,39.897637766877175,92.63656019777264,131.87741852017984,48.378960434187704,115.9409423075088,164.06725887991354,30.955723234917503,82.68628390103025,105.56586194468808,28.786958657508595,97.70438392725063,105.9054825699875,19.634809998708803,134.94649852973905,103.20616715526218,-30.666953470010224,64.12984268823519,129.8552694877891,60.80883044556037,53.07453332809238,106.50143300522905
3,69,0.0,0.0,74.59938201377324,98.99885418943406,23.150146823090605,102.16098874999676,171.29655123742165,44.79439267355203,39.35153248047058,145.85165422067303,91.39070908188532,97.9076755085229,117.96709688190884,18.87883321854296,39.494461858578966,120.05824386124733,84.05473158766038,79.78325332649273,99.64954761678891,36.10713297263222,149.3719136426624,114.02546375686494,-26.30811292568869,86.46533675767037,82.5910493155638,-2.9317285675136624,49.506110496413264,90.56753027932182,37.09674962878256,94.64742262685725,122.05012586464815,56.92834614675017,124.99695125278417,151.76032939342363,35.378233187072226,65.54851201754413,109.87183219606705,27.96053291600996,94.87100120866145,112.19595805966775,19.2225085026587,148.8943756722829,103.90673060587234,-44.69927815417646,68.7501863766904,114.62752914108103,55.71892779637098,50.08528119365485,129.990137247142
3,70,0.0,0.0,77.29440872662964,103.30086705794052,28.126387925065078,104.5306546592731,158.63396359141421,54.44155040745305,42.16385121731865,137.8527760687429,112.81972553416313,106.85588458125991,128.2684370016251,21.68940407643983,45.256668391381254,115.59422881374749,87.99397498209129,77.91076241163147,107.25312095567027,33.379274504484826,134.93135704956757,103.05245837185034,-33.921083106615725,87.26376376031561,85.83943544932784,-2.591256293190119,55.67816456846725,94.72463464007342,42.189442019713226,79.31891708523821,137.6191516705377,45.03798198019898,118.47115800604232,155.78117728468857,32.49842068601411,75.66550874947474,108.39086770169806,36.34918165256475,102.75396730041832,104.35029468945865,16.534934046203674,142.40359594036556,109.9334499373713,-34.84782671042385,64.70089350094159,118.9098035768611,60.805164767999685,50.486827265364575,110.41554217793852
3,71,0.0,0.0,72.88120982187894,99.111702339501,27.332248674293098,91.1100751665599,142.24079287483602,46.59919579730547,36.347696797299136,128.2832750051114,102.26335936282923,99.02335815421364,110.5003894043712,20.814528023206027,40.25605211043855,123.993710207142,90.64951888131728,75.00671491529846,107.68633435399686,35.8381332174167,146.17192701804385,115.47622719921057,-26.915185869363874,92.91045650889978,88.21830776346431,-7.53030813312432,49.05210776313238,105.17999684219757,40.52318065831231,83.50909068527841,134.37897727035167,49.955150173613454,126.58589906687874,149.94652771765416,29.667212850860736,87.98202712326292,102.26885381465912,25.193740685565093,88.07994830443093,121.85011131492989,16.757217460052996,139.92881732504722,99.77592052626983,-39.89561499114006,73.06634985181906,125.77484086772881,56.866790511173406,48.536538754734494,70.01199257581719
3,72,0.0,0.0,77.35647270315518,102.81945219711999,25.694558028790443,104.60152250504454,158.08349288302097,50.459304015198185,39.55051863903502,150.7789992699959,110.80370250021069,100.06122139549989,108.25058470003303,19.278555924052615,40.93475311885334,131.9854570925965,76.42569737346517,77.24697032261251,106.40460092256869,33.7656313097165,157.98637676018424,114.83213227287636,-29.008155111227143,85.75946064548829,94.52170630742637,-0.9305120413001986,50.19623493370839,88.96894424116327,46.894552617385116,88.87941955547457,140.09704508448183,48.85179922745048,118.55289438000239,159.6546590732966,32.441756100838255,88.2424997660629,105.61889113350719,35.74503676654277,91.7854984490397,114.8895326482226,16.706747975386982,131.53105545354674,109.81261802139188,-45.28188922553838,66.13329033813586,121.89790836528667,55.85046458161293,49.80607537661977,111.88268746420586
3,73,0.0,0.0,76.6432991398478,103.12826249275294,21.267733181954473,103.26513938061962,149.4401779854662,54.53573825417478,41.08815688942133,141.98124133445825,98.97966586704193,95.43034721495233,117.87268088523291,23.42938571855305,43.71072526514138,132.72943668011808,78.61824531628085,77.03563746167274,109.59678858032942,30.016435626335234,132.37164026863888,110.98657753613726,-33.15238392662825,85.23611477668793,80.64069121335596,-3.383645962372519,50.519666242642195,85.48373731018256,46.33023096323429,85.21129372832067,137.4053362276898,47.07708892711324,120.92534973961416,152.29501417559166,36.09155578183185,79.3429062947038,109.72189960930216,28.91940139496439,90.9720342340024,116.2411099285091,14.667789037906381,160.74915044098447,105.71986194143977,-37.473567453324236,74.17714528904015,130.29314847244515,47.19288512672777,54.09260874787619,109.08302327747273
3,74,0.0,0.0,73.06089398057253,97.29404746278524,24.995262135963266,101.02477430649353,159.3280983329322,44.728507767774154,38.980544879872625,134.94960634681354,94.49389808071372,114.50769649674345,111.9032987620652,23.012628719802454,37.32559162060234,128.52985145703897,83.649010743419,80.1769628260404,109.76565167325938,27.877591281458315,150.49863705029802,112.83217962344514,-38.86630992116942,88.01263564199182,84.95015679365291,-2.375210312393574,48.70815846763843,87.13904074819393,39.645582755571766,83.12927706580396,132.98976210570157,53.04787491602135,125.57562110299644,169.97570656582448,36.46689661385148,76.32913280741023,108.60567322344983,31.443005259206497,94.01521890530746,123.56232720017077,19.869457152037267,146.40322453076752,103.6301829318999,-34.10958534316663,59.759573536899794,123.7289524704526,57.53901805981597,58.7575772120461,92.1899308441209
3,75,0.0,0.0,77.36458367129947,90.93961406581735,21.53895425990433,107.85093496798598,158.02556279706036,49.67757678230435,40.23971748077663,144.49898511269333,115.55946045678745,102.57055369716942,124.46747840727352,18.321113048553023,44.43650222669429,118.95519452053881,86.53568286695398,72.2966665534753,100.66971733342518,31.820993230390727,142.48089473421177,114.39725854296933,-31.786644268737618,85.30382055815056,84.48148413434251,-9.750667183100374,52.1144015279911,93.5859735501098,40.41339890135838,94.98309255722192,135.54707027006347,40.18885177861444,118.82980802858836,156.42705263592185,26.133971065765685,82.65703341023554,116.70120290713128,31.297332640619572,87.96990731754242,116.0262458237305,18.639570575748653,141.03775146340746,98.10530236288238,-40.49728038870271,65.69495051942867,118.29161980432471,45.10614499132584,53.754838960438384,96.7367321792715
3,76,0.0,0.0,80.68219729225856,96.60507473488296,27.031753612549004,106.73927267776239,149.0559297627706,47.300074664465214,39.599807115475826,133.19857778565157,111.99641866026403,102.13576125202401,111.68216212776147,17.41220755539327,40.477812389810076,126.44273855694465,82.88922077776004,79.95487556668556,112.23631065628045,34.98845254761805,143.9778659615496,112.02237824757204,-31.659749322304293,89.08703349131048,80.70627768775863,-3.085157309401672,49.938440327726155,100.83772429107924,44.087073840164614,88.03197315254334,136.98232360225103,50.286748192641724,121.92481346561796,162.99502862041857,29.92182366822551,80.05743598449351,117.94282554025685,30.838081228515186,94.50816167168212,104.99303708857185,16.294604175026745,137.75115311644348,105.60150261549319,-29.239689499341946,68.86521979789327,123.90931087433306,44.18131883124802,55.65868511818755,102.83025832030528
3,77,0.0,0.0,76.12853320221214,87.76120002232473,23.61723357917284,107.30946342968555,153.14959750092058,48.2486277421288,37.41582427678608,153.12486646171703,91.28230665195991,96.73488512217327,110.12888537992276,20.740242447657568,45.766996699633324,123.87349313732103,88.3965970139659,74.071503229479,104.6887231625829,39.505980246097174,143.55806657007795,112.77925079964368,-36.58840093358946,84.86131929719427,83.2333699194814,-0.2477128718995667,52.25507115851126,91.16489791188089,44.023104147142334,80.73831422504144,138.6123384020343,51.399494799394404,129.89346468153633,144.55592449637524,31.793240253933334,77.03662794834636,108.01475014542602,27.578950320964807,93.3788305360549,116.27533209057434,13.383985616273366,151.2119814498166,108.97395397891826,-38.86043832608921,67.60007565759493,116.81706984077613,50.56317144375843,51.24683239134038,99.3542448160841
3,78,0.0,0.0,69.41442407544939,96.82040567984981,27.38750706688558,94.52699973771624,147.42970398164687,38.50641794807279,43.01677419984052,152.67770706398002,111.0068510497799,103.89907935169543,121.18240383440421,17.283832663693367,42.79739738828007,123.5006212397752,73.55631934912978,74.34848353990738,95.06169872802818,33.031686778443834,151.6304844264103,102.75482437472344,-29.047364254436715,94.4849617380092,89.31941580148676,-5.3631398200311144,49.410656517965954,91.6503957740603,48.646413818489194,82.63284872277313,133.00085565392664,56.372512479937434,124.21289359134887,168.11978734024345,30.959442099509705,84.9183197818702,112.53137214978517,28.805138427361282,92.95240211189228,113.81975765710794,22.507569251064975,141.25790714759285,99.55972163352614,-41.2630561641112,71.67269818805805,130.20673495078796,47.5848067220265,55.584370867385196,85.08251006764927
3,79,0.0,0.0,72.8268653206313,101.65087825521563,23.451471904533552,105.20834640905657,147.4539951961926,48.36774799600434,37.57573277276588,148.46345605961216,100.74637933796834,94.3394861735498,107.8242470168673,16.49719806275738,43.59280516672435,126.95443892648674,91.35833171018507,72.10746969030895,108.3630797979751,32.347547019740766,147.42686720706453,112.53450760101566,-30.301126747933363,82.61556481361836,79.95099205139245,-3.407159968205372,44.39854697735928,93.2376872236502,43.045562167502744,79.89215176864603,137.65649134535133,47.75779609728234,116.0247832827357,170.30403763370677,31.395187016389915,82.12603198511538,102.94216335191314,34.763135410174364,97.7297704855809,115.1237709961047,14.735726633405186,143.44292447154479,97.63467122025655,-38.64011573551526,69.44551687815417,121.13540267217991,58.642964168874364,51.254612590695224,87.87724605465728
3,80,0.0,0.0,80.18067610292549,103.01558735976502,30.970665491498583,105.1221884401111,140.5973138708653,42.3791088163121,41.157153531225916,134.8856691919556,100.89435292522961,98.04436376258964,123.19733499230765,17.275603260107953,41.747363450256955,128.30114734351946,86.39886610807058,80.07482131839201,107.45872195636315,33.604199587797076,139.51649731510494,101.71787662112762,-27.794826201674823,96.295964074359,73.15313810071326,-3.379078446553668,51.969428737933555,94.16909703850878,48.65260142583184,85.78526816601278,142.0714690820852,52.15201183562655,121.57379557827849,148.27666574674635,39.03944216892203,83.20487835147581,107.65717569960809,27.6214307503326,89.72511277318985,110.85891528143554,18.315242376532208,149.58892164364053,105.87824310707876,-36.810888225044096,71.79579029129683,119.37796101032836,67.68267666921807,55.705809562550996,116.63963500262338
3,81,0.0,0.0,82.0360393914973,104.14443967761642,25.473387334621606,105.37026093485089,160.71677586688145,38.40946497083494,42.90015739791196,130.33901850569777,107.15214599446553,104.84983226353343,115.76005491499546,18.784232747633812,42.92851303166918,125.41787246810455,80.83419228580432,68.20961976250302,112.3889348382128,29.365992193110788,145.22111980661003,111.17643450680863,-28.531350131847088,89.49192409252522,84.75078107067733,-4.523022730651856,51.48223793564823,97.72001652265325,42.34352254138849,89.40873755837886,136.66042350809613,49.56977329191222,125.71330217457736,151.91351718273245,33.11125516102419,81.76899131807288,116.22471865815909,21.787361805966654,100.14558074992587,118.65071790643945,15.755676196912002,129.88963382340887,104.50505051939405,-40.44776538212044,67.38478209863878,128.64274085504076,53.34245182423657,52.38920421093468,94.6707535710451
3,82,0.0,0.0,68.95894208072532,105.14389934507444,30.60692917775209,99.55349074186603,153.05228649885123,48.08232668989769,35.734157282079885,138.2875582308345,94.2408296870668,93.39199787381894,125.67922352905741,15.561751560594438,42.85029498936491,126.27080867434809,76.50227348050787,71.35838969742323,99.73560129560576,31.488384958380852,140.8858657545433,119.65175784659301,-34.13997714175009,83.11913715153625,81.90114166986291,-3.6027327643557676,51.65247465031391,99.9626775067374,40.03355128704655,83.244094656241,135.9725360745399,53.7066368145665,121.3755908214117,153.51288811071277,34.23460498511785,89.44002776696206,110.75105666278031,32.11659353871297,108.73190136487686,111.6289761268853,17.926440676753433,154.01327037424207,95.40847520030931,-41.996769492518204,62.30535068982938,124.10192414811965,55.644685707373014,50.9747255334936,90.6615785879328
3,83,0.0,0.0,75.44640409687511,102.98451506397917,23.62501005252477,107.21606395870751,153.45061163043425,49.51877936962743,40.38416715655581,138.86980325085344,90.9358841210056,102.91133098084728,117.13489531725045,14.395708957879924,47.067140566530725,123.76993636612441,76.61529227769552,75.73052165139777,110.16525647037497,32.86588753487845,138.7826556205104,104.55490048341919,-25.22665952624973,83.29937379741396,82.58991832528591,-2.4105362407494115,50.43841475658789,98.98671194323468,42.261534142634595,84.18041155477057,128.70140511375567,51.47588623603142,113.79722928536772,150.15867760442677,32.27473805509336,82.69817758188057,115.60913690850663,36.26227178420902,96.89246874786689,107.98488984134097,22.871999757103232,152.6364503947729,116.11895322261057,-36.56992424910149,70.55475429017099,130.62318778289503,51.956366506085025,55.7364243624785,82.93262466704796
3,84,0.0,0.0,71.62103716999927,102.44531618193805,26.477693542575494,101.8723190187821,148.54217907105468,50.51776535636945,37.37708617609458,137.4470111616463,98.97227107441445,101.55717611849485,107.51779543865882,21.008675208735784,47.38057292991535,141.6203814992636,82.15973748746728,75.12706952148035,103.65662025478284,29.625215633642227,128.75096050449454,117.56195589136375,-31.360515620014837,92.45392573783856,82.28098847449944,-7.4451967931665095,51.58738227720214,96.8559355212729,49.241905451095,81.50396662755685,122.90013277953882,58.684215991422796,115.28616542687512,159.84448357029194,39.05198848578434,81.76286509764259,117.6388013470569,32.9715897250484,97.61074666875194,120.76668091746336,23.2553554601643,150.96765824278452,106.33696721977094,-33.97724967916894,74.52721025627376,110.17330722733827,58.66972422674085,50.24533912606776,126.73551782701942
3,85,0.0,0.0,75.9129248521395,104.0802622246316,31.756875336774566,110.78627026662448,169.29559199467622,50.208269772452844,42.018513563328185,131.14347078771465,96.57226213737911,99.88716698403614,118.40413743230873,20.36811863375367,43.67883485149929,128.14478885101906,82.61282854514985,78.71141448808474,106.60880423438414,40.2785693216986,152.2301295713583,111.06382393339523,-38.5907585531729,85.57264418378536,89.55831422881671,-5.814523140445923,48.20254098448684,87.63389537743545,35.881558504075294,87.14926257796235,130.1225968626859,46.39039903283027,120.26587971488333,159.28391842254408,30.978534613722324,85.41619597579216,114.74634854194659,30.788924498844537,94.95419026282009,114.99635064733354,17.948766049027586,148.05275039042425,98.06623723042449,-35.96984501801319,69.1885468295085,131.42701082198224,45.35308909442168,56.59050804765376,88.17497840621266
3,86,0.0,0.0,70.43369845109568,104.34296103699818,18.705441834460945,98.1168278775616,145.21825246969377,56.57130993736923,41.50976771508842,138.24416748719102,107.58738659942345,99.98680315196239,118.15321049666353,15.634875014297734,42.672695276714734,129.56842965066696,89.45395171770332,77.89264939371604,112.06066899594495,31.029203039371264,148.43397876330127,104.0279712565742,-27.65421659519071,87.98729710694579,87.5850131467861,-2.1899690064531425,49.991623990719255,99.3416549268757,39.97883692319389,89.40529601150922,125.19309192679268,39.0143472699321,122.02491347945299,148.10875464655285,41.1113534905578,75.80595142096868,108.31621657243952,24.67520337956415,95.14096718232791,110.26130853841825,17.599216667292293,150.86805435899598,110.83038125858326,-37.086277267692424,68.83053461421623,127.28133345583743,59.95000651637837,49.01464166498499,64.91345457547317
3,87,0.0,0.0,69.36795859463909,91.50880407505772,29.001954007162748,106.95485590593923,161.59876040215963,49.39826636303077,36.609888088680805,148.44799484281776,106.0457904025412,103.54085198475228,131.29167002524238,21.764983241632475,43.839984777497186,118.68805105674,82.54443165513847,81.56286846919562,99.03712608784457,32.74317006108948,139.48999397060348,107.2743094075477,-30.31406183327588,92.73939820316589,86.16778191792629,-6.732737303389669,49.2849280427295,100.03919233264322,52.84414652554736,94.77011528491695,144.53898776915665,52.644178094749286,119.99568754992497,158.21027250088434,31.636809510979244,82.01054847720388,115.84435343813082,31.224316101729222,95.67353708187979,105.96983659503586,20.83231770896449,147.44294291765598,99.55255568220393,-42.57522726600661,68.88152292145668,117.63493994385827,55.14642187893776,54.76901956185162,90.35546591432197
3,88,0.0,0.0,64.8394307117215,88.48613511601461,21.095264974586424,102.70865496301926,154.64359894287693,49.42683521517476,41.406273696326885,148.11058177849924,89.1568680844223,105.53349049622764,114.12510652281956,17.128615832477898,45.06646799110642,127.72150644265761,86.61073325396535,71.25268446734742,104.08884483164528,38.91515104040048,142.0684746154769,102.13048923209931,-35.25542687349922,88.30810163830301,88.55728171931277,-3.3626422284975095,50.8540422529287,94.45121664617167,48.69368321416681,89.570474723082,136.00211407317755,52.12387304607233,124.2841681061269,155.5470687707237,39.961679567464316,75.59359656981647,115.90532020586078,27.79231249750582,93.10253938049027,109.5210693371511,22.668821720192355,144.49583841900795,99.23233119931798,-32.7826516085322,64.15405414082898,123.32900486748521,54.08721467613889,52.500638944710495,89.74888774819385
3,89,0.0,0.0,79.9633699755952,102.23642799081273,22.851682807139227,96.43348929102575,143.68548968343856,53.47867525098055,35.53449270360756,142.16948542345142,111.96115972341147,99.23898453701058,118.86921285113283,10.412449711203744,46.40158189682495,128.03635512227672,66.75492955894993,70.58012489884914,103.94240728485572,32.81961910434408,134.7528020128212,119.21395462338958,-30.554775915472618,85.73933447836869,81.91666868106667,-4.735561106919471,51.21120396828331,102.75714908588647,44.39421001691554,92.5203102289219,126.63176060241106,48.702178880279334,130.00074572095824,162.55977603175128,31.801740533358586,84.02477364445016,117.33505274570294,27.806664073147868,95.67452843318141,110.04531120256887,14.071784902522943,132.92213909089938,96.95263675902619,-42.06786263444455,67.83386343188968,115.46469316988633,53.550110798103724,50.46744481166773,102.8664585072121
3,90,0.0,0.0,69.90019655565332,100.04437213581286,22.509271831060445,113.4773715437202,150.25436461292853,53.06524571712021,37.11202769420354,146.82912649463657,103.9340758533808,102.87379580777417,124.03662705110449,22.70476942156954,44.56415801979538,126.34461589770842,86.17431418174297,71.4724460862015,106.92348726541215,30.754061295259472,149.2390404921042,123.64220053872317,-30.133121481181867,85.1967910986035,80.89160942160882,-1.3280246734436965,48.672151846812625,94.65005061178998,45.62861587324457,85.07451586311599,129.72852258266767,44.77992063392573,128.7786919928241,165.10607292424754,33.29902373800419,88.35658914256325,117.46898165168422,30.44695542251816,96.83352296739126,112.92296549876819,14.01634117260986,141.20535328177868,102.48470774320427,-37.611237284128,65.71334759522607,120.84717005998388,57.24555254685248,54.9377926322019,117.88186233763986
3,91,0.0,0.0,73.31006735621509,103.24722322104874,29.144235835406555,108.54222410381838,159.23263844097457,55.29322275365567,42.680422243894895,153.22605169138683,97.78294286727399,111.29921995397592,114.62861557085232,25.979159474006202,45.18780611941942,136.89982995818676,69.97465205891673,76.52429987492891,103.5322959111589,23.81203462691512,149.580538255477,109.28048296621661,-25.925098921608406,81.30212927428407,83.73990164924392,-7.405989665642801,50.3403546598662,101.76998469809084,48.8872882406294,92.78084410676858,122.9650773396133,49.6526759039352,110.84718360206269,161.68726687027987,28.10618431626033,87.14638986126376,105.74763381497975,29.433218088615025,93.87664754601315,112.03604332766379,16.481482007169852,143.06941404995393,111.52481972109273,-38.468133749715165,74.33260748182317,118.18236330021165,52.08327035559596,51.38823926999676,103.79174177185963
3,92,0.0,0.0,76.77594525952394,97.40427240515679,25.415893638914717,110.7117445420488,159.90931351170815,52.673247471910635,39.99882523249705,149.72164754674026,102.04997469341431,97.57570033668317,125.61022646550151,21.983911192437496,43.010027228347774,121.93204424176285,84.50124999566226,73.67866437159834,99.40644278266569,33.39867512175464,148.72250394430728,108.82688677187468,-34.01674515533569,79.37283993956638,81.84084819761219,2.834466603637951,54.430486333917194,95.0983794545401,36.856239916187775,89.1320589002282,139.31478689240404,43.262426766119226,131.1571262047157,155.8246945677428,31.909726533327195,83.78439585521231,106.82399226151577,26.71239078089784,101.39881031658737,115.38410392515428,16.759683014965468,139.38281996140898,113.59176023985582,-40.05580354138709,67.80858664735676,116.96098491291707,53.499882112637195,53.13085206383537,106.51718361205799
3,93,0.0,0.0,78.71978906032714,100.7120464575058,29.479240837450142,103.57126367742589,157.2171785336489,39.604779489443224,39.88746016511585,138.74773818146681,98.32732589768433,85.1008743999011,124.01414354674378,20.70812574012082,43.75464029479749,120.0946894111892,86.30280833004782,73.51351316517805,101.99732070689322,31.169031087451785,150.5285960933847,110.55019553310868,-28.571285991989278,88.16995094526223,84.955429998047,-5.872048029641881,50.589939791641314,94.10418433668683,40.991351873612054,83.97693078813356,147.7883571866702,49.45956306673946,120.05510099038472,160.18990419468233,37.53436993809638,83.73716255274286,112.52551739374785,23.65544896117442,101.44237040997282,116.40463910564205,18.141992263427735,143.85859687674744,107.18678166799951,-34.73640771106397,69.20334148070903,116.0953202055877,57.8103136107424,51.123268801790914,98.05798244872567
3,94,0.0,0.0,79.44412718610505,93.98503018384623,23.174113841678558,106.63244828316142,161.71167442979058,52.596039408126614,38.34887076911666,143.81451047424835,98.01455849101701,95.33264834314869,113.97671279064055,19.913809169994316,42.04100059522834,132.68977282242332,84.55955328599312,73.21542994762117,112.35718505293792,36.14882792608962,135.04551653678348,111.86848298578936,-31.94986581376048,89.88632096711865,88.46677424150909,-7.579194373931803,49.022726165303666,100.3000047129299,40.93997000326237,91.05057641730583,157.53146032491173,52.275394118072555,115.81595275947265,153.4383793716919,33.25206865399952,83.85615167101597,119.35276776967629,22.21932638660576,97.27298485745597,111.5564441369851,17.98298281456599,134.12175280496993,110.08173350637509,-38.64959901623546,64.21972020451125,127.29729861603502,49.062970518346695,53.22592966955786,117.40453511565013
3,95,0.0,0.0,75.43062985163616,101.37709432929546,25.103591325718877,105.05526699578719,153.34652036843093,48.630094236430416,38.88908307911326,148.2491300864351,110.33842348765457,102.6917565427449,126.06088130937681,18.13486400884857,42.23822396226115,128.28127497718597,78.62633606847734,80.45008038243773,102.30305831297898,32.24965280046117,143.63971266343657,113.62676730337081,-31.067331745843212,87.5925863349455,77.5719883353598,-14.506858482254168,51.18356520141034,90.98885505081309,52.514413459669726,87.25728381868711,128.4906395875799,50.02706447296435,126.60169156033376,132.92646918809294,34.51942433598553,76.31634397362595,121.84393224016641,28.487185447430328,88.49461946299391,110.41757865793014,16.700234404875648,147.10842578484005,110.53981113414712,-35.795614543789654,66.70737334428848,117.4189758057879,48.07381226394787,57.69293928836229,68.15478330043912
3,96,0.0,0.0,80.62316846966567,95.15286074070895,30.3738108061254,111.95715589767468,169.32609796860223,39.49050061140487,39.57778946136132,140.78085254295237,96.7473507302969,102.9407980873433,124.82095193472328,21.01706915028109,43.49909967220459,135.329627196381,83.10472363499633,78.06647583612082,103.83947318228181,36.80080255475467,131.06837654237805,111.90934327425485,-36.36645561037505,94.47494061993864,84.02908179002928,-4.550926401911378,45.55893510148513,89.7325041920157,49.008082850466465,86.87997059186388,126.20191804265198,49.2331552072027,128.33747556493714,153.53681273432213,35.786950632564945,84.95278651138678,108.00622858234695,32.44413869654339,93.76746606416658,116.238269971707,20.730187129995002,139.93592260059032,105.87931387742505,-37.68222352885158,65.63985411918745,121.03796224451433,54.560593826925796,53.53772056033922,94.83829333510292
3,97,0.0,0.0,83.97634897710434,98.9162557243361,26.181027608751382,108.43602331123172,151.75229239491927,51.072402511467786,40.454401333250885,149.05830462009928,104.76037467591084,100.1083369481104,128.07497688961718,20.970974639181332,44.30748774550315,125.4935216103227,71.97265857062067,73.9234752436677,105.85039227686741,29.320042302258543,137.23942172613908,114.5270593125157,-31.63501039181689,87.13518853103913,74.68276917716456,-7.296614185324403,52.493688762387386,96.24040427351203,53.40185175651707,79.87733074097952,133.85827841740314,57.54256320711727,115.74747955772308,153.71318597573767,31.162578917318154,78.78950051772148,114.43200529003852,34.597262235341695,90.66268037918847,109.18907831908663,13.96865752243555,141.32935570874304,105.07457147766056,-39.34738891141815,67.90742637660982,118.19934094975737,52.84881500618753,57.284348334648186,132.6333060176554
3,98,0.0,0.0,71.31989259547005,111.09684659027113,25.515719163313463,115.39761923929163,145.4334357346959,59.057099556911844,40.72519746551743,149.30445971950854,97.41341034574883,100.49858777742187,118.95340727590202,22.138176244417455,47.90228651503765,132.33343781936844,71.18194896886442,75.16345680801686,108.0180617900146,27.041707600708513,147.30759583980182,109.26877753862647,-34.00906720811847,90.64023085931024,89.4598535002579,-7.103752999426432,49.46105110559443,97.53222054760171,38.388403994792036,87.25150984973314,135.99174499972742,47.46783972444121,112.72060455731038,166.9425551550867,34.36406851322379,83.72287490727047,115.53262891670484,22.049110535970268,85.64053562180874,114.11539241901578,24.459791113868096,150.67807628229937,106.06067711459649,-33.006736145831795,68.82402315957948,114.05746255314989,47.886814982480985,53.98176652085507,92.64875328841141
3,99,0.0,0.0,72.75370740874152,90.95403318432437,23.990459144290426,100.14433625427985,158.954627278126,49.10844935336932,41.65188410509323,135.38934477992268,102.84034344729766,112.20868045447374,111.40285362489482,18.66072118830019,46.41296664798458,124.63458008269122,80.45379595172565,70.94249075270346,111.29784733927585,32.58794189788462,137.1073377333393,107.77261620020485,-31.885767630810104,89.89065723369878,80.24979218311053,0.24123567434277504,47.403970323611865,94.22217742214076,43.58124469211272,83.47884446932518,129.2585474265498,44.9833029102254,113.50871062619547,163.81765922863727,29.455765415248592,86.25437858204485,109.16480468897211,26.69494417604571,95.01241714154565,104.5306626073282,22.08841686972293,146.68366690162551,108.54757169386309,-42.23138707638028,66.96716065566162,113.27369583668367,54.42320663901929,49.95079151111955,74.1934657213146
3,100,0.0,0.0,74.97575857192264,105.19633728803508,24.738516869947148,104.88389898103303,166.73768478805297,50.63725082127452,37.801299250031576,139.6782891191785,111.69134203719265,99.30133240627046,119.4816099510014,22.210419494167347,42.92532764411372,118.72957305261292,81.91027251040768,76.75842038104736,108.092539347667,27.208714237620566,145.98347860860443,117.72594131108032,-35.31084974491454,82.29768384361586,86.18141445943485,-3.599345622990877,55.80422644196197,95.7314339694889,42.960121077373515,82.03783214125788,134.6378072558053,52.037695098789015,124.80706442908699,161.23871213356867,36.98522642205428,85.19396564569098,113.22919949499584,26.30283081508204,95.15819408878674,115.63431564284231,21.290854354737785,136.25646434845098,106.75120441566672,-36.11244007107392,63.098152971226234,125.87336904367098,57.00052139517687,51.48882573426526,111.54865834272452
3,101,0.0,0.0,77.40363705689431,97.37023047450595,25.70814167346258,103.76880302222249,154.12215723639298,55.108590166597445,39.66989758022038,137.17258828530862,86.24429828499399,107.38785290984222,119.4805136960655,16.692565048139926,43.22251707132699,139.8913104381319,80.85471255293834,71.53018810250352,109.18299938889102,33.225980372411335,145.52295252436525,106.09079560831663,-33.38910228679575,83.3000112665984,87.35354670615995,-1.6591250555775767,51.093476057172886,94.42506816635873,37.28379439666888,84.08188056610055,129.42333945950818,46.695093288518066,132.2603852230411,156.94750503124948,34.720570549371494,80.1864655414336,111.97215381204911,26.752232248070793,87.07869757080526,113.14436419122777,20.3774232427426,152.65309355170257,112.53016201036203,-39.53905956006261,70.61332242484286,109.25478613435774,48.77743427691659,53.42236906379855,119.60988801505142
3,102,0.0,0.0,71.22542582310594,103.27058262690848,25.82060806895491,103.46527351126066,156.44183951661796,43.98044954928093,40.717089783852835,142.41004816411441,98.3129875454935,101.75806785674689,126.953979458128,17.559152894997688,43.507614466222265,113.03155355427873,90.6401318757328,61.89586264668881,105.83478016572573,28.105247839757645,139.86586211680242,112.44127504342146,-35.800881953547695,85.68708456301516,82.1052618995218,-6.582782829130042,46.96157113676217,97.66874890969927,47.3414129490088,87.73301101084216,136.5724007730942,49.68941773936169,127.93035972090995,163.93342995258587,29.335368985331115,83.0388127660107,117.57962867103177,31.369093655078153,100.82663055167333,117.66847335507045,18.365662228924954,143.44553494644506,111.1405275577925,-39.71038394959725,69.9707868264221,128.7561942404524,57.6650033324386,53.24115423736886,76.57903803912987
3,103,0.0,0.0,78.3766510746182,102.34644990113065,26.452614407766553,103.74889183130848,154.9679238936435,52.165381841046475,41.42841320823714,138.80402315228145,105.37587030417859,106.04124199325555,119.91915063104817,19.062356645710153,40.40740007623376,128.86972833566998,77.46083045411059,78.03418629736444,108.56666786800727,32.116201327553284,149.06223852949333,101.8857302316816,-33.61502222229332,87.18239233676334,90.86624174883181,-7.276539698305651,48.2007255437759,92.8754957602841,41.681957801942985,84.98738355227884,134.83443002203262,43.57327165635931,129.99024661271798,141.4674881120319,35.39018677615076,83.2037088928878,114.3204729968502,30.723123943461786,96.40585387446146,115.40403542296643,15.015438687325648,149.21747810608943,110.43043452039308,-39.81161424924344,70.58762800397353,122.4634650727306,46.41370161463511,56.49244371652945,87.144439319751
3,104,0.0,0.0,77.76576201461356,104.91318484698951,25.65686901944455,98.03723324218753,160.8095622362874,46.69236630379051,38.72844439044566,132.64431263736202,101.28857970559106,97.57698056806737,111.1267797210379,16.596814005191092,39.567588088149094,130.89609149084552,85.19165047845763,74.80663441122397,104.14217656994748,30.69658599171552,147.11403081806608,106.4809063075417,-33.153935363733524,92.32115584933436,83.70232713200845,-7.221237632689464,45.969343834749644,93.255472243347,46.0232301185797,89.73401144927439,125.04176635194499,47.33279179316974,115.02826810425724,148.71265283242926,28.375481571496707,79.69947459870352,117.30938381364255,28.27596151913033,99.70404218096897,114.84604515659558,18.390505945099736,147.7345936641704,94.69806747565859,-45.9559680346444,67.66584127563772,128.809120892438,54.967977586502585,50.75971908994611,81.52263980873718
3,105,0.0,0.0,76.3669535320841,96.38074883161958,20.566628057977706,100.53914758125919,158.55879968171274,48.173231847698155,41.40622198942338,134.15961931671282,97.23919930765558,100.52035239717681,122.99059798158461,22.992040812588336,43.15521508162876,118.73800761130589,96.40488931734922,69.85656838315583,109.41098014452481,26.27843943757665,147.7071653857595,108.46473158098827,-32.40474509221503,88.70462900558314,84.06813386092522,-6.740683512072096,57.141015704412176,93.8365494537627,49.652179633905774,88.25526083286708,145.9017005025939,46.96555550725468,98.55583607180483,152.95405689443928,33.27926418662703,82.81900101287525,114.34420279533482,22.54870469883062,91.05223091009447,115.24225785815591,17.632909494410026,141.20431622617224,102.62522298498611,-36.692798905120476,68.05804955325982,126.23901487576072,55.90088968250491,52.030816191691905,93.79708557047992
3,106,0.0,0.0,81.2301944353543,98.40774065616382,24.492244891812046,109.57761454474306,154.80910737113408,44.504552306473144,38.874582088081134,142.53441740474,105.97470432699949,102.56945682754501,133.70723307491244,15.351880660662998,44.02411561658615,122.73028691688631,78.93526182762959,74.4814807928666,102.3175496629555,27.81721413033774,144.31174936568857,116.39869008340077,-33.40348902202719,93.80740463032566,83.1935734372469,-5.344797491804487,46.12240566546773,92.26152786316274,40.084964232855654,84.55912898766172,146.73073723156634,50.63916582173863,109.99998607845865,152.0467786269508,39.522525725138124,85.00038558766394,106.88735797149613,34.84999407917012,90.91517143747689,107.89085884984223,21.236911920960228,153.29391780979302,106.04501942812485,-35.47106684194676,69.25029646097497,125.26892996825612,55.890911279269126,55.44159335215765,104.86805549125202
3,107,0.0,0.0,74.80677166172877,107.00357579358555,24.719615420412893,102.79923190478983,168.33214543031863,43.263848870480345,42.84782298989857,159.10848495582354,90.12817710831311,104.01809433795869,116.21808113675964,20.150494562693655,41.071155397578835,120.89814001341787,83.48818462652547,80.1836517667154,103.11616298845591,31.46496987667497,150.0051809470637,110.88234844330555,-33.958917153469436,84.18537044039735,71.81395203336095,-4.8727339748062874,50.37710514101468,91.90038926069987,40.82114085407513,86.91084739227536,136.58277777936678,47.863317988088376,133.47489717202873,166.1938100778102,35.94140169993638,84.8224442617124,108.83296617034058,27.60853783057142,96.34624567136507,105.30051408088825,21.824359556763206,130.8286066007927,111.48113717723294,-39.81670558319763,69.77148037145497,117.95907911125836,42.92600487875873,57.78087006331988,77.51093686137722
3,108,0.0,0.0,77.38921065411093,97.27644362071655,22.919188017212306,113.00845920956772,167.83916959685564,41.56014349489257,42.47538698405192,135.1827897635611,90.41947371783309,97.53647724406702,110.63121427115351,22.644256840634835,45.050752244904466,133.61332046434143,78.0392854057387,68.27889915507289,110.97145744537269,33.77059132950947,162.70785922127712,120.7486803133459,-34.644550349214676,85.27147178737194,81.29423931417894,-5.89571770284971,51.38277011736773,102.825185591906,39.94163899372227,89.25094546499763,123.40277262552667,55.38684753079264,117.83567048401524,150.35867504773685,29.908432310995202,82.08351180098622,120.32732777255148,25.937667206886175,96.24806317818202,112.05980496534283,18.109996147705733,143.24824424715823,111.5236952310509,-41.724305887780474,63.65804458684865,113.2102274746432,45.97988203610733,57.36843816366111,108.04845353598952
3,109,0.0,0.0,77.72835098563027,101.64901867755069,23.837308460547863,99.10844932868831,150.01861660668806,56.67685202232611,40.41310078395163,149.27799376672613,104.94364628840547,98.64776561426498,121.44331096226546,20.977133873944968,41.7449386342154,124.35392807723123,90.6005677522031,75.20231116111695,101.5711043466919,37.96194745355467,141.54011935552793,113.44989211982968,-28.683368812844336,86.33297486688913,84.68125658685479,-2.802530540235784,49.5903080366851,96.10352876724053,37.24477302439139,88.64092986504039,126.29168660809732,50.2551925201428,126.80202172841328,146.38535935408945,39.50623855924145,80.31513144585064,115.57855920518872,29.836906563286618,103.68257299556427,114.32812525673316,19.640033976770308,143.8967462842992,104.69210230248322,-34.38721200148944,70.0881510058249,116.91930236029017,58.746851144594515,55.53745173462218,88.29401700804479
3,110,0.0,0.0,80.04742311878289,97.72440469217555,23.157578043519035,104.75976207746481,148.7023704639258,51.461071102108185,40.635646799657266,130.23932168141636,99.959314488122,101.55207943234245,129.14678261615134,23.944418165321956,43.32528090318441,136.2503277526491,83.40258136393972,73.82836725814404,106.57583311942277,36.485141266050384,144.29449616920954,119.76684806930932,-30.9581244548276,90.21536803868393,85.10579123206209,-5.10421988734642,50.165732768211136,90.29932467335696,41.706650211987125,80.42294364767027,145.2661868100752,44.29311729451963,127.55634859629924,150.54939726069716,39.44635043718565,83.03451927804144,117.08373350241956,24.637739405765895,94.36665136299315,114.30920237782958,17.219899274841488,139.48937940197092,103.134248282156,-46.32659780998255,77.05606013159058,119.18218042251254,48.63030241511343,52.61213416919716,127.79615855481404
3,111,0.0,0.0,75.3046786028697,97.81654885762714,27.012284365635608,103.54445927777941,153.72920147619135,54.30618140183366,41.6961207912451,139.0619699164463,99.59084934468363,100.33047611162476,116.98857589575833,17.600812792387167,43.500216235732445,117.66168557728972,85.74841145015816,74.57341693449399,108.19493527055441,28.62652970027616,142.13871357023166,111.81223808007485,-36.84415049545902,85.23907975059302,87.85346448721724,-8.754427672210241,47.529830989015096,102.8697311264242,44.49215307035937,81.12719097908996,138.00422196996158,45.76210733577338,120.55624080538995,153.09665596404696,38.72481011194792,79.73753995856585,104.50612815545425,34.20878776880965,102.75793963538491,114.04137563426578,23.115783633096846,145.85918919595096,111.38720687811548,-35.1935536680021,65.70250643606425,132.3791859427969,48.22419013205453,51.643050713016954,108.58930205757237
3,112,0.0,0.0,73.43872910700617,91.32963364117941,20.630189451580875,98.13660471806664,157.788344901612,48.11863270930008,37.239056851812215,134.99299276357758,96.03144912821772,99.62549058675356,117.03249029728615,24.316949134371956,43.471401123810665,131.52078092229155,84.89227434691433,75.70259204579256,105.71720673786746,32.56352600595708,131.7011123614811,117.01760561713034,-24.481025594232523,85.81138802135723,86.28201041408714,-5.444941427097511,44.61740702579536,94.22766302876705,49.26402608803672,85.03293122141055,122.51512904644454,48.640158506578295,130.4958445823586,149.60272072047462,37.016046463333765,82.7882527580574,118.2767433705635,28.95699213549863,97.00313805429036,118.30268183154884,19.12332315614185,151.20945811004248,111.74623818161352,-45.40829148444021,63.611908372561885,110.31894092952808,51.35366100111751,58.178647036679415,123.0572375067068
3,113,0.0,0.0,75.74823954199012,93.9393946712367,21.506676423023592,102.67974465450357,139.2440047828693,51.0429911243379,40.68083043693433,132.1454247365315,105.0011326137108,106.59857552341464,120.18284816806509,23.2761334404856,42.051098201151525,135.35587600653642,75.47748009842499,77.60667016214195,106.27968351153497,27.926612322329323,155.4862461678781,110.43550787343288,-32.78458923167508,85.90231817910595,78.34740899980547,-5.05087114876089,51.634073969838376,92.16501742312636,41.69156366351318,89.32631828020216,130.18268667572215,45.218150041687785,115.62304749683929,157.77159022016852,33.43766785420642,83.07457305829935,116.50926687318004,25.870718621891687,96.22724930474743,107.7714804275888,23.755863064542222,144.12997797736276,108.9568626299209,-46.730931085039714,67.82848169951629,114.60634428239698,54.78111283266177,58.242896202556246,93.4699592342672
3,114,0.0,0.0,75.50981879992885,101.7283211443425,29.249797184449843,107.34662479740557,166.21134938244114,51.55653609980439,41.90702442453354,148.1078651117914,90.50016488067072,103.3513145310426,104.46121911309467,23.035760733007237,44.993325966338865,128.39322807946928,80.07997552607684,71.6546692350302,118.16067419851231,31.8050439837037,146.36018307935038,116.32800464690158,-25.279001687268675,82.73525721230706,78.49775799872354,-4.626341457962753,53.85852219918042,88.57716311819193,44.947042038604636,86.39139227540396,140.55456339479096,56.448752274699764,114.09312602053821,148.638700192596,32.6731597706128,86.27915018973908,107.91213142576413,32.170384431718716,90.7641207042946,113.95016536108251,16.467085278924767,147.47123547288535,112.94945237107306,-31.802632859920244,73.79683830915798,115.98351695772052,52.67147713492784,56.183314762223986,110.54104850815334
3,115,0.0,0.0,72.75348817372489,110.8587084108671,26.75569548099935,106.43019326777706,168.18086256510668,51.11660580699454,40.934823764827506,137.09532204427543,96.23119423038142,109.95928626480995,112.71840681986514,17.393980292735215,43.06453052225159,128.45931044145343,86.22882761389266,80.1714648937782,104.79907562859474,32.61049506451512,146.32559130353667,108.94262854248575,-30.83787117530429,86.83380566660851,91.78486466243359,-0.3438034900744178,50.7291798799438,91.72501807175989,49.00026129075724,83.94194087896382,136.5708141816665,59.16966840189334,112.08520367840916,148.05423471890344,37.33128384357235,82.98733108795786,106.90779426029358,29.52727091460316,91.97715610046725,109.74967072564814,26.01840929000439,146.1085441819741,102.89785293306244,-35.68974932857148,71.2126511273833,120.99291528039323,52.91998786930458,52.87623777971862,65.00762186931681
3,116,0.0,0.0,69.01242481650156,109.86792741461792,22.959050196060904,106.74221201167155,152.63819982317514,55.820781575035475,39.255644258169134,143.88986085138563,88.59902243344715,96.9272458117893,124.20509458236063,18.61434888269256,43.52289054213246,115.32982554767388,83.12200650190863,69.71548378047558,106.51583358984067,30.65199966440521,137.22267370931573,117.53010608634801,-27.55393624106433,86.06549667484516,80.93641199757269,-4.388659812414137,50.86797564911277,93.99060017180338,43.31269306064461,82.94018103791065,147.66263370826252,50.28669330532923,119.43959384494536,156.08379045474229,33.98081026780395,80.06478823229254,113.2256832813187,24.556075050095238,95.41930204546212,115.28671039699819,16.769920509199434,135.0840341271262,109.64011335129676,-37.8404317132054,68.52635982665706,124.9521572695672,55.00277932760184,53.58555055077482,112.40724181273994
3,117,0.0,0.0,73.87145128802393,101.62851769511353,27.80757196188631,103.26693582260673,152.51991534590337,52.05116638571559,36.232959357629234,156.81231473812701,107.46341763934763,101.57615858353842,121.6058703854793,20.721110704672313,43.2877474109043,122.05390595850041,73.7801857884478,71.2569935473756,106.22435939079703,32.391423743144195,149.3348446666515,110.84970753424179,-31.437764089921053,89.64082834734633,80.70329495249808,-3.0080699073597215,51.08824658380249,100.05404542156025,43.881861781975026,84.19827602257345,138.88362287826104,52.048867461645884,125.74073391116636,156.04766502480166,35.64225102032097,85.23886881479707,112.77111358293214,29.75323176680017,95.59682107982141,110.17908128787403,9.07582473589554,152.92898693148422,102.22016569244579,-38.654187244725314,70.50670415812473,108.51382180233105,57.526580892729896,51.13253781455292,95.22976369130609
3,118,0.0,0.0,81.12399549534582,99.1912315505056,27.07454080486777,105.8561305139506,155.3505697729329,58.697852387784295,40.33079885495831,146.9570828548297,111.28420409373504,99.11257875862121,111.63816629134777,17.615865593036805,43.56149630013307,122.15774979573246,83.26584266849197,74.14263199100805,111.933354856663,28.627269532140726,127.84749418899025,108.58058668020841,-40.472704610322694,92.03724603870641,79.61534192986888,-3.590091000639273,48.465184800574086,97.02271459456227,45.16479110061554,82.78870266445107,128.8788288197767,45.71330846758678,124.41312903893879,152.77722757271493,30.240320819123415,82.65247661744631,110.74223440714067,31.024937912486035,83.61517584916308,122.27126018403965,14.379897048387605,133.7908674078113,99.97261738207558,-42.89601247648912,65.64075713596313,117.99482781218387,55.3177679553246,53.90802718454358,128.26286290762954
3,119,0.0,0.0,79.43070769090848,107.96271024752144,23.35122737888345,111.05013173224525,149.80659900103416,55.0351111124025,37.119060833168525,131.82538569168037,100.12163045247124,96.72289780357202,115.88343304797479,24.17545437253795,48.61891880365478,116.98544626055116,85.20669437529982,73.68058617120217,108.97411179001722,36.31800364378293,140.71575368493356,103.95229052216997,-25.00073068460184,88.08617274240828,90.37567834693643,-3.7430884882686057,45.21318754006672,96.07214455380314,43.263419771156165,89.87634459151023,140.18221662131285,51.06669192326791,130.27878018865394,159.20177488382333,37.191654159777954,81.1245670777965,110.14111033662303,28.083945450778682,97.06097178174954,119.4421103312006,16.23956191427378,147.2894293925821,109.72112665118384,-35.95082686632186,69.48566822905993,112.17664005847959,55.09758996602055,52.59389996524663,93.01136187733536
3,120,0.0,0.0,75.40143041419792,106.07357615596192,30.013216403751585,114.7000703133173,150.94593437980313,52.660725939460875,38.60099732366423,130.92399853748677,95.66044752648115,100.62966026711929,127.66846370726091,19.228635566537957,42.03623671726039,119.84194297908783,78.05370982340514,71.55111648342233,106.69235916493132,35.3978931060103,150.14455962343357,102.47108722573361,-34.83887940510943,89.96150059340575,87.67207254676319,-5.30343247495785,49.59070686823549,93.93225080375151,49.81422863071057,88.05764823454935,123.94575745019925,49.3555139808015,134.51220683465453,166.59880319314598,39.7772003222187,79.2487250825057,117.05530814427857,34.95523146476589,94.57556671877633,125.58664465086538,19.838671155721002,150.08813817507573,101.62063368325539,-39.683698741284694,75.56335589849189,125.29394406831307,58.766880470569575,53.23979116875077,134.43788154151812
3,121,0.0,0.0,70.5500635222062,105.14897066387663,22.59477912168653,112.93335390331158,156.10484534153593,47.61545566588306,41.975933234674514,139.22034068805692,102.7234673787298,99.49229181231368,116.50632847618466,23.355195749530434,43.51848474775595,117.45843472796864,79.87572915898039,79.29137133481387,96.1938241649591,29.435875969829127,152.90937075570415,110.61332560568175,-34.959731586623285,91.09010273240543,90.38247364841197,-4.76489024512879,47.788952431452294,90.94644474881409,45.25042113229407,88.65960670981583,132.26965015393637,46.78762087503535,121.39875288680125,155.5883737467237,30.69250372676467,85.48570743839316,113.74995919592564,25.97010557850457,92.9106010114988,107.48582473315939,19.15861023128574,151.88030641043432,119.24361503864318,-33.8827975019645,73.9660685136557,121.35060824532417,61.63616969015213,52.40703949556842,108.22612195363772
3,122,0.0,0.0,78.72614897090216,101.80437838547626,26.176932119548812,111.04132190417758,164.97351787658084,62.594748605193004,40.80932985547365,139.71865909896127,94.92308298324014,98.43719285277189,101.96801887094878,14.107656368278406,43.07961052960579,121.4527798366195,85.73510317706572,73.3510437435578,109.602994785021,38.169814151813554,139.5967038424886,116.08681711948037,-27.174486487780058,92.5727937182591,78.63373999431414,-4.1563499938694015,51.99029420680235,108.04069060186663,41.28012932948605,84.86095729000954,141.43222340841447,51.74138374661428,125.2514383125205,170.08222244919696,33.71962512476279,79.38657693900774,118.3770714662636,28.045823371403028,98.57254275139202,125.92286345345275,18.188188830902327,131.23648208464525,98.671257377197,-38.03768054517656,62.5339792680299,118.28737632702355,47.33526640178682,53.928187725186625,90.05318844362122
3,123,0.0,0.0,79.05451356914686,96.5725765256099,30.790938657672445,100.8849983580674,155.15969487961064,57.15669895381947,40.67006191369369,140.26412921412094,93.87836609506464,103.88741847711925,124.84701577030346,20.658003398828313,45.61024576471501,118.16360608871669,89.22237820689242,77.18389921054184,115.03913887224678,35.00453409233548,140.7407786795885,108.04324627412814,-24.59415984916899,76.49480311556091,78.45625127950373,-5.074540128433034,47.44461704523774,89.55178424000397,41.4778107468178,89.11563293515185,138.07110946978986,58.63616545015803,119.25839798795178,145.99835736251373,34.4625222630104,81.54236547287736,115.20227975919666,33.20963594725921,93.49414118205337,118.59507808050023,15.52740392778588,128.60430023419013,105.30131587438117,-38.7948699292406,70.56690934878077,121.99169477693741,54.82503413598247,51.19618724878093,98.25809061618523
3,124,0.0,0.0,75.3227614483458,93.39651260152438,24.339873705557217,101.35600282799757,156.873565286978,44.40627106573909,39.78165527916796,134.3645130333446,100.08911116606956,102.21344137952488,117.6660474112689,17.633113514251733,39.36721652087517,113.52691956763627,79.69638749496954,67.11771599713883,115.72258023422795,33.251492273903644,144.10472381415383,109.32970629239566,-30.61529701515291,89.96371876192424,82.14740285184,-3.593228317863749,53.529622858192624,97.2666714729136,48.14150150250784,86.16698584959147,130.18589764439878,48.552802278755514,120.6450772130347,157.0156240470533,37.74089454623836,86.02189371267703,119.50503724698957,27.701238171772136,98.2049061986397,122.62414572631084,13.509090869537026,140.4667455861767,95.5849802398716,-33.6621641055192,73.52881018430662,131.1069995790546,51.39647234815094,51.166973253669745,117.05034588921258
3,125,0.0,0.0,77.9910792745959,101.40186455474412,27.58490622677585,101.39126288870929,153.88976165917265,46.6439557438485,40.17911912671976,129.72007846183033,108.70307961722705,91.07469402364217,122.4649133645183,14.065694288759925,44.85009409466691,135.203205390698,75.27691656743782,76.92101427164543,104.60784305910913,37.27621775721874,145.17876173211368,110.45635619352068,-34.85878544689208,90.48173364288071,79.49446571518986,-6.449549806820141,45.877636702465736,104.89467476917976,39.69578028596006,84.17615723167468,138.56932520960493,45.02355755089938,125.3819893473943,159.35470132529323,32.463912025274475,80.98318743375054,106.14749107019189,29.127887708222403,91.37692376796234,109.38551405292161,17.67569504275074,147.30406856204206,103.30170216169925,-31.83071683196793,75.947028085531,110.94106136512058,51.645487380175524,57.08005411790587,116.85102839126208
3,126,0.0,0.0,79.88008992598708,104.35050107488941,22.215783829013542,100.63325574035225,155.30706292057027,48.528622296729445,40.71812596454766,137.67757639461402,101.70305151071943,108.9834366071073,114.3737360015931,23.844885189622133,42.85995476598348,130.12656977176138,75.64602028944813,78.5868699787982,111.20976909434098,32.47726260502127,147.4162392611817,110.64960953411511,-33.17095172891188,85.99238586005686,82.34489709893926,-4.518060085684972,51.212942960220666,98.92910977280464,40.41032744172621,81.95162842589734,124.3116300001116,46.68925744162465,116.93264673893725,149.2162644531715,41.98979128768419,82.77470827085915,124.72456628999377,25.260940344328983,93.12087888418831,113.45872321652685,17.477658846361322,138.25778549516835,114.01186778653482,-39.990575530210656,62.21550981739056,119.39115172524677,53.707039276975976,56.99861759237084,60.370320738037776
3,127,0.0,0.0,70.23715403845114,96.31862391421868,18.35854710996988,105.02012467350563,168.17510679966315,43.27527299541085,40.968405180689224,141.98010743412124,106.46890015896588,99.86278244740849,123.04039115831134,16.522802177732203,39.40626473628623,116.10475673353561,83.42805583444199,75.59032951472753,106.75609251363623,29.316579377193317,133.43244883217997,115.80849682771557,-27.29051121686777,90.18083696372894,84.9664012054128,-2.103244116984283,50.79855597963238,99.6610418777084,40.315577863236776,89.3934679022326,144.44740125072894,55.339549131702256,122.7690751748177,166.849770809883,35.737412103679326,86.95211483969491,101.0816170655149,24.04425155216911,96.6245845733522,114.35091579630587,19.09258124980642,140.03519842509536,106.12734761264655,-37.75531708909948,69.54574220819514,129.92250809745832,48.79704865709183,54.17278234998356,77.96372509726942
3,128,0.0,0.0,86.36653216886927,101.06021223046903,22.382323216104883,107.35794842126177,142.9798127105757,56.37804427910171,41.117111680747044,147.62222556795916,118.7093490888505,98.40832511970888,136.6918818629579,19.67015297086757,42.09642060638746,117.53674649054769,73.9385298641449,74.02649942135834,108.54639807491155,34.78701458462055,141.11330839664316,113.93474168867459,-26.721603883456766,87.07390423546133,76.24919923974382,-8.81158074190782,51.02046924342519,95.92863761491162,49.68518297883395,79.30299417952665,133.5745009922518,48.48533275313536,121.78218162643824,157.37533056816966,33.7457072396824,81.17219313404043,106.69541402007388,26.536956086048683,96.41716578462743,100.25677320377895,18.595590674697792,141.19781871663372,103.61478242524059,-39.93326791420725,66.80385201602077,120.32558623038359,55.562655568787235,54.67530889806157,107.51231625878144
3,129,0.0,0.0,78.19960160967875,108.18654356786438,24.252396044906764,95.95364939261644,163.70125124540215,55.39786837948958,39.294847873765086,128.08410709505662,101.47788135215386,96.20268460191961,119.05618603157895,25.771452828020678,45.362694704977116,123.65531861301456,77.66489128300961,73.68266841179633,101.26553529444806,25.706862079916014,141.6089700036553,116.64816520791878,-29.900219325254106,90.24466765230541,82.97535877705351,-0.35873701660557966,49.03978253800561,95.06655103050811,36.85103848749304,81.62703155723077,131.9512042134434,45.80615987127007,122.38697874103026,157.96477719785156,41.76527653703761,80.89214944953443,104.9750550101135,32.88112580076559,95.45868864483182,111.07124586495094,23.472343404641112,137.19555573210187,112.930235492502,-42.33743311664963,66.29715908696986,107.35561969837836,54.09969284050437,52.52189047353421,96.2178829395967
3,130,0.0,0.0,76.90356810844872,108.99427677238296,22.41784039155628,103.95277953209644,155.91372564066162,50.523945270521914,35.79866395641332,141.7244823762091,104.37892233855726,99.40084635171134,117.35932655630344,17.73640046279596,41.33353131539446,128.64304764291626,80.04703381872933,73.50787286708827,111.75515511527699,31.45350147136109,150.14745661320976,116.25128779623172,-30.948440632827385,95.68208094382717,88.54293684133175,-4.762187079813939,51.13553125715819,91.47994606148359,45.36332074631057,89.1370090333388,134.18394640278845,54.02698251440611,127.69376166740118,164.08627730259843,31.002269166074345,89.35362073627168,116.59292712213721,37.668298860292396,88.34305976198848,118.7540578156401,22.349818214615443,147.7731387695421,104.9040189368232,-35.59851360324744,65.22192506628912,126.28687843936038,50.081230821594694,58.15380826075025,108.25175588059003
3,131,0.0,0.0,72.84585724856811,113.70530211273781,26.74027778630421,102.5513576021322,157.48536382191452,44.38445072665672,42.883558579669355,139.15148135951253,117.48583494233942,100.07082672763971,113.73386771506537,16.997767721658548,42.9932723934941,126.35157355982929,77.94081356276163,74.59097567127978,109.36349654942451,24.631382387006802,147.22441860951335,108.15773295937248,-26.809748514043356,86.29017436650696,76.04584132744354,-3.515527701417132,50.189656908542055,101.5614572919222,45.774112421399366,84.53550678521263,139.91299018685575,47.84085792879882,127.97832295300799,146.97047770232825,32.01526864128594,83.44680103025408,113.7361767411782,25.911130917304895,92.97895387014522,120.31064083231138,17.75705136630374,152.98548590250223,102.01913375959035,-39.8580702008031,69.40518460476666,120.21429298801466,52.52906101653595,51.36332181167155,101.4034056574447
3,132,0.0,0.0,75.95143205144052,99.18217663390188,26.992048183434253,103.82211258126956,148.65360114054374,45.88107238584527,41.02614880365405,145.11916253706158,106.86376692670585,104.60057248295054,118.42823631463203,19.1320628836699,44.00153397340328,138.05371811423623,82.46051495179346,77.84330049097187,111.62675176116002,30.254670906091206,142.53139953729513,101.01455987306036,-35.52415862978025,90.64261595215592,85.58234679959337,-10.02859770357557,48.05670489571747,92.00572658039448,43.6267605660374,85.38500299116706,133.60222986531602,53.05876763751505,120.13512042432754,167.30066067259853,30.100070546237745,85.64172927169423,111.84551431685759,30.54255559412694,90.76593748458218,114.31934127616456,20.516338878620676,143.35974658310917,114.33225775491793,-36.821159067191864,71.67588356248694,133.5491400789651,49.943736073008665,51.40790593812357,83.45914160743882
3,133,0.0,0.0,81.47938338458273,106.16151577120837,25.409531981879386,108.37063352517382,152.20650496125114,47.586625430777005,40.1621086300031,141.32344350725228,89.26581794139372,99.85457691159345,130.15913050744928,16.895218438853078,45.35689316006684,131.99909448337536,82.82876555089281,77.81067547768002,100.35159400318612,34.15624401812183,141.74168165856966,117.8687047445549,-29.501654731975044,74.81744867600766,86.48824365478245,-6.486413552466581,46.33962589251415,100.85534086832168,45.79484728324107,81.92980713866095,127.22023847865522,47.29616809715541,121.90593655583754,157.0722012590861,43.472119884778444,91.19612481779022,117.27164381704006,32.12824453696822,100.4019118451563,122.81930574690148,21.616334597090027,148.5841603108424,102.3931250725547,-36.265923846122305,73.25959248481412,114.73468438996179,49.72531716410029,49.324578753969654,87.06352667687747
3,134,0.0,0.0,76.99593985385242,106.80435341941435,24.690347152486513,104.71343840000408,146.58302901668398,47.004254580882886,38.206791767444344,134.93771806514513,102.78975169890127,108.38425774161348,124.16201036943795,19.700245891177293,43.459214307522046,125.78291796749295,80.77423242742356,77.2027704025877,102.59267722309941,35.152439768374286,138.74204512610117,112.26231876117959,-32.567194459455365,89.00990449083434,84.12006272822434,-4.554753997280311,52.608962477450625,92.85926171449321,38.40402433008138,86.0625468978149,133.9933593580643,52.7476340997374,121.21972028456834,159.83944184555475,37.24549829696963,85.19046033632844,115.33465954820139,23.061279085119935,98.62430569996343,113.45387255183569,14.984959305785825,143.30917341129378,109.63641857551603,-43.90466050781946,67.66684773508541,126.92959892185517,61.39458358373568,54.72314898000083,122.84228285877262
3,135,0.0,0.0,74.43792950478723,105.57555274950748,28.84344934821256,109.96939312277037,158.02805224180125,51.39655639930771,40.986787393685866,142.55354975652773,98.77999865824242,106.33639029244226,119.29807158807849,15.506048188659982,40.4684566934156,115.14474367734222,84.44866041404555,74.74005755562008,111.8564752774276,36.71416598060494,149.40651639781476,99.98111656510987,-32.339408968801244,86.45176126571599,88.72028781056308,-1.2991064136349686,47.284709592462576,102.32024018373845,41.64781325851078,88.18371275834349,130.08217459776682,54.9633090284441,126.81086510392359,166.73865966192707,38.26450556949126,84.77707794498275,112.48416682471019,27.038153109314994,100.81754767042025,111.25523494846195,18.29799448149708,130.91102657865585,107.93487564537836,-38.751425454326686,68.14404246700482,109.46303954067587,51.06463982685459,49.813544621080744,54.529401332384936
3,136,0.0,0.0,71.80282193710354,108.64918871697301,23.323701124631295,116.2381033781029,143.99710171057066,47.86626956081896,40.61518655794384,146.07069264452554,100.36738357730627,96.88605434973746,124.17869704375202,15.257863041751863,42.65841350912176,127.12656323543739,85.59755131469558,70.15220663622523,102.85569052619122,37.35829136815887,148.4795537861881,109.43204697025176,-31.42350458830295,92.67545098059186,87.31372312197603,-4.598024418231642,50.13860468016046,94.07054019742051,45.581560442976,91.1295513769965,127.4037349392629,48.360993184659144,121.14649115199974,157.7154741717399,29.876586441509986,86.74166128393196,104.91415009519054,34.55440732384482,101.10999580721578,113.74125314487574,24.14958481989169,140.36083986916742,105.94124415816749,-36.10874689380783,69.32893778058308,116.08366137530558,57.191777619551225,50.80481950414416,69.53131770300288
3,137,0.0,0.0,79.43307563616855,99.87935385555386,25.675409607536796,106.13625670613774,151.01503203142934,43.996709014896545,38.015849987123325,143.26939652564158,92.34691447533028,104.21950415265974,117.80358922648419,20.99413760912361,43.55973133323779,127.62434160518364,84.88398640644519,76.8658278073311,114.21645781135108,38.59190345916518,148.86574933888022,96.37514315695992,-31.35388062553781,96.06909549771642,81.06283989455744,-5.851058171509203,50.93287208690397,91.65631317049653,44.28467941653063,86.37849409370928,128.2566705648948,46.10547794741392,119.68191260152174,157.12576443850375,35.824938345614314,88.55221323146155,113.83108323810676,26.739186156727214,97.2527589230538,112.4799682806283,21.02852946409547,139.38183514260132,108.826294881115,-36.50905161851453,71.33763259313758,123.39076765165886,55.99231063618011,55.17354552617364,135.23447665609447
3,138,0.0,0.0,74.97435351463847,94.63044205039694,28.310941889500544,109.38097030616876,164.75030345851545,45.74989628314471,40.44492655919984,147.52131804734853,103.26519075814906,92.66463456884787,123.8987924449581,24.574089650778184,40.86439752346217,121.48029931655677,90.5826586731414,76.01936939696799,107.66720504067183,31.14887176575949,155.71343764798755,124.14648778091681,-26.3096077155021,80.83666694240078,83.80029900382439,2.0627077733362764,50.48696204729702,94.94166722133704,39.41082461132163,92.09312227639474,142.63778456471042,43.693457221354315,120.83380962821323,150.14177151024856,39.63555146057496,80.16575076665089,116.46281710618454,35.27925347673721,98.16449206968107,110.5925754057901,17.10618035458161,133.93999967316128,106.2348649723364,-33.31315977638522,72.15291834466471,114.43843987717241,52.71120117419241,58.79805582150409,151.51888956841273
3,139,0.0,0.0,84.97587699880961,110.18157433312246,25.830530471912763,115.67240624055749,159.41934750337444,57.98533368936845,39.74644189442847,145.96007162670267,113.92345814772449,102.0830711262533,119.57721538827933,21.192447526798333,46.613709293956326,120.29852203312599,87.30524908211554,71.3429227002746,105.13170809054417,33.40412532875657,139.39049967874018,117.15563488944716,-25.414360290962446,87.67928656020705,79.39698964846177,-3.1591063086158018,54.93387223875259,96.77220864743602,50.81935536341057,90.92834260088436,133.35277795660363,47.74295158810294,119.77649330179095,150.30648621078342,27.150717366131055,75.82294112263372,119.96973745954423,34.15177867837042,100.41597889242226,112.69209241696649,14.624987817560775,136.98309820747684,122.44990864703259,-42.33033567433863,63.661004654312606,114.4432367704248,59.523369735331926,57.62548593301771,116.85408533119822
3,140,0.0,0.0,72.83379422257089,98.49082277671553,18.192765835851617,112.60967586383774,152.90674555913353,48.022462731922374,40.99175133248867,139.71295388489142,102.40329155189728,107.35701339165686,130.21067743799136,19.61422744735795,40.79929486216776,120.64006770053773,91.72256844005105,75.35123492641624,100.59005885687446,33.14119084046624,146.62028788588805,113.60294352992503,-30.293557087950035,84.93837216624134,82.97212681439993,-5.366625325686368,48.654389753437854,101.77998557561432,40.31776805307504,72.62399277435611,127.36651082618674,48.57078044655386,119.2644360388613,154.1377252312754,34.53265030637673,77.92226415867663,112.83991170759688,32.06116579979847,92.24244036278323,111.09772592906306,22.524069495324305,149.01183659223875,103.39350058694731,-33.60617408344685,65.73196415297738,127.09524227734798,51.86465345625633,47.104694709472604,99.38887944584289
3,141,0.0,0.0,76.5468149678756,107.88428174656327,21.812952786603894,101.13728057893545,154.728502801987,51.505793929577095,43.176283920624144,140.76321902390345,116.59800910830828,100.30817717795699,118.94404884586324,23.37564910240346,44.45128407339577,125.57756690116341,86.19116821715483,70.88982084096361,110.26389403210044,25.79820769562985,156.77299271856785,107.75537303523157,-26.681864772156985,81.79787417723564,78.24983173224793,-9.79537469955202,53.09445686837262,93.00246513233425,48.232534260806155,85.67261527827151,130.73261095811685,55.956015876356524,128.82725747545,156.3520730974286,35.912910610312494,82.15616996870328,110.03350870780069,32.78005525127051,95.84291785328887,122.81479911903308,21.162126699134667,147.93993494910725,114.86909191203281,-40.71644679242491,69.29338836864606,123.68310185338181,52.65866740405024,53.474473821898435,95.37523527842508
3,142,0.0,0.0,76.45789215103386,101.86609937118003,25.590613524346818,111.72096816285816,160.95233006388145,51.34862618903192,40.7166270446348,146.1144317523963,92.2034668149058,92.65710516315713,127.29826091805914,20.437004219762244,40.965627767339335,119.30649936631397,84.17365267556414,73.4736880635858,112.0076708084359,31.878476645137816,143.7209561806811,116.1293214252088,-31.839691577455483,84.06306928403002,77.99289533435048,-0.9983079569001854,49.27317706023566,98.12110384392614,45.02208524501256,78.63604663657901,120.84511538237167,53.34888015894438,124.04345086001841,153.17498042021148,34.40636943281832,86.75570238680987,111.33266884622635,25.951423727778856,97.48372411140245,110.52796845568578,17.149543260036396,142.96663103228082,106.93432979625541,-37.98377074491305,69.59302447970734,131.61637191017132,50.420107479968884,52.60439674241617,73.41167177603899
3,143,0.0,0.0,80.00742493798096,105.19843484527138,25.67838454974484,113.23359764152664,142.67363140975402,54.85643479966694,37.195028459637605,139.6490718373554,91.6833757957796,95.34192924056904,119.26804204935942,21.118696303624468,40.74538688519263,125.5860154047686,87.41082813654734,72.964336943973,103.30710302860871,35.5250663998866,149.152480480238,102.97934751963417,-34.54591057678623,89.93711095270794,80.33877409694077,-1.765283189869559,52.500082006730636,92.43556292737068,37.09803596441634,90.1589692941996,140.46642443893106,43.5829528749516,128.66536051384827,160.6787664863503,38.49515752786774,77.85939365995321,112.95786444696145,29.53768955530303,93.62246828425238,110.16928717779905,17.622823688845212,150.27144027336632,112.43931309076541,-35.26959026305751,66.71248735501783,129.08468608401756,52.406782603611084,52.9024110816101,122.4612683029117
3,144,0.0,0.0,77.87749754069338,98.10185034283602,22.520639895516734,102.49003638592208,155.45569418453852,45.24228397297275,37.85931186158396,145.58615697261268,103.35661704985102,107.89322320927788,124.90140293090633,19.768447926211593,40.25805214499216,122.45241002962234,81.83621593975181,81.50671656207174,104.08020991583145,29.680537585958703,149.96538107977807,109.80038706403643,-24.129751427715835,90.84751653147171,76.24760064533287,-1.035816822567159,48.21055344599366,91.24528783187957,44.34929327978127,87.15035376044229,125.48566842809252,48.33120006890612,119.42215843676136,155.3664504959264,30.485015577911785,83.05973551075984,103.94422566670909,25.178505126662316,98.08820095594692,116.23955083470833,12.367797687797793,145.78361828610772,107.7927260657225,-36.3509331273627,62.81797619316579,120.70825450919337,46.34333916418804,56.775701712726516,136.7886595057376
3,145,0.0,0.0,78.80593129026515,101.57373946564442,24.090250827816785,116.11662092134888,160.19571305759277,45.90239186009215,44.158924912555456,139.00356050253507,96.20522948779664,99.0011769947377,111.76011109727969,19.770959849850897,45.98876833720564,128.35244149508512,65.88084014087332,69.65283081907496,111.7107252166417,31.124068946045064,147.7546788071037,117.60199266590932,-31.205064022424597,94.21649576321799,81.04158441384861,-3.6523710916006102,48.92925737242235,93.62607575193131,45.050729935298534,87.06848239178933,141.75794392386268,49.38246028498836,124.0365933275739,151.54774921148476,34.69517629797554,85.23055926960205,106.35099056762756,30.059744047171932,93.25269080602504,117.17290836284403,19.96197942968375,147.64081187854902,100.24845636120894,-36.31730544244327,62.533282628077885,120.93911492412406,54.652308070431125,55.88554140575056,87.44069156399297
3,146,0.0,0.0,71.09432325455141,104.08665291156247,20.20575362672317,111.63206491263168,156.4031392398552,57.663521483135675,39.123323133152965,146.1728061821009,113.36115908493473,97.43714779905179,121.48971933960146,21.130959990907996,45.70438825393351,112.66507764188103,90.32862314219699,73.1102985495217,107.797332641406,27.05986400046199,131.27280373637254,107.63357046919698,-33.172903923902034,93.22593207454732,83.2146643096512,-4.623755998008963,49.952625746185625,96.60711657639841,44.83629769320058,84.80754900243919,132.54161633697373,52.76326425599379,123.88222131908155,168.60546996865304,36.225442238565705,78.85165753595078,119.23568997275552,31.568261168995658,102.50637121112503,111.5129474076363,17.338234633667494,142.9494869781485,113.79058039146945,-26.943804815425388,62.29130859029385,124.18189477890438,58.00819989040192,59.80858982962739,83.07349290518378
3,147,0.0,0.0,71.103416217389,101.5631299431911,25.599375040860437,102.69477061465666,136.2791641086276,60.40928890331924,44.61404397186314,146.75704678315458,113.3713435557755,94.2420453005765,116.69459455503319,15.400289731173217,40.8777917789342,121.69197620131528,78.54168076417383,80.98326561683992,108.28003802820017,38.99537596832745,142.55152051480565,102.09452921015529,-32.13655125690008,87.18596777914672,86.93830897540337,-0.9879735142082802,51.48801774848522,84.44911745450572,39.94312666623706,87.85476679164235,139.04775800846022,52.83999541656585,122.06428965373071,138.520936160798,34.800612503759645,79.07129484816082,117.1948852487898,31.177093018117812,98.07018755079052,113.16170897326145,12.183339125455454,146.4464162100829,108.93900505516194,-38.77664630933507,65.44398727234831,129.93709281393626,61.202508414225846,56.169971782456685,130.8175237818549
3,148,0.0,0.0,74.71693829282168,97.18885148995034,25.292033860036053,101.9213814090431,154.24230986318236,49.056168958916466,39.799415746069634,145.61209016744564,87.21561470401701,96.63063280801501,117.66879474001749,20.78397860401085,43.14992134441664,121.51103040266253,85.7218543944312,78.0026579416045,109.23149639059045,32.3149643778574,135.418488725787,114.46035608952597,-32.9215088127223,88.88862343078148,92.65493593358435,-2.2359940935329714,53.846391816152405,89.76061352644973,46.937882375732606,79.48402099525522,128.52095394946483,46.14941136644266,103.40412737755561,153.67507702028826,40.618422448767355,74.89225825154793,97.03571347221758,29.12158494385624,85.96298446669923,109.11331653673241,15.214235287255157,130.68523862332685,106.7492187370246,-32.65555132373204,67.8638050494338,124.26537609939905,48.78682370847008,52.03351659599251,103.83710226522224
3,149,0.0,0.0,77.61789612985164,98.76508435707282,29.53681918454587,102.48600749140962,153.35089987678634,56.22836771867389,38.01142368232051,147.43121944169434,110.38488266971711,101.25564996626551,124.64788186549431,18.818340549061144,43.6318081779602,125.03439324115328,80.1116505143186,78.99294530585857,111.48274093195512,34.02115728888215,145.12991644793138,109.81354107003435,-33.217535277908226,85.92343347517321,86.88400879314455,-1.3935449676204197,48.05294350342583,89.06361704271565,44.71537350610128,82.31723084285574,130.49267338840824,46.66810203830498,122.62950530966705,173.20034526923348,29.55700349207042,89.0867449590297,114.12214491029407,22.77716807360934,100.6355909010284,110.34641794236022,18.86704743125374,137.91134432839917,108.4439856616724,-42.137334199882325,64.32261882011589,116.5851984771574,47.87865276272501,52.369038414703425,87.4517680937276
3,150,0.0,0.0,72.60096435191491,104.45936133919407,32.008511779271025,104.52863993211638,167.85357697522497,47.42585767561397,41.91723590795658,142.929856961939,117.20586373345218,101.51525744178622,117.32515878474798,20.663721512583134,41.136767733658814,125.95572726317111,76.20549549829599,70.79972327481154,100.26619577149418,33.304966807667704,135.5862563191111,110.34111599470351,-33.1117211522641,83.94914248483914,86.30504756395935,0.19411864682952817,50.75451318025004,97.5365837764678,56.71199274995408,84.89720439717348,128.8739581989512,46.80208157725886,132.97317507356072,153.51940267107048,28.767132134279727,83.02261410059012,116.74906055364848,32.80570031381479,90.6564740833615,109.96619282393932,19.130828074309957,140.60078617643467,111.99253758867226,-31.381584893991697,64.2659871992786,114.18331073119838,58.0855395164995,55.73014982905285,55.782070086735175
3,151,0.0,0.0,83.66001755363529,101.86970839987869,23.629016509117207,100.5177228591404,132.9304201583137,43.27803175009521,39.164631257804906,143.45132120884924,101.0467638406121,96.3390114503374,128.9178917184326,14.04569304309053,45.09046427147971,126.40188234551617,91.2051293242594,77.48615501410823,116.86721736861008,36.81820743921903,138.41148718031616,105.13097430717256,-33.327882005517814,77.85815691903781,85.46372214394736,1.807571158999048,46.219634474810114,92.61625623794666,43.43431421214149,83.61178718379661,138.65567649844428,52.77037379279574,125.32246153098339,158.83442531985656,30.631596198733597,91.11494879246304,117.08302828186198,31.86692099132539,96.10648218114018,111.24926730897754,20.997432021175367,147.46738499384142,104.61452829350912,-37.92781991059929,74.9744852968976,117.39542858317392,53.44131981816802,52.60986020157564,111.86472117789918
3,152,0.0,0.0,71.90055647421693,103.52785582231516,25.495907077610738,105.88535662487992,146.22128446340713,47.277215788086394,38.935140821979644,136.7441973901557,99.74939659202927,99.68594112305746,127.96646685180824,14.852832606116522,46.29680897175442,125.29018087880995,85.32084240233173,75.1388964805145,104.95829904595243,33.341853012503556,154.5224693214548,117.77407173691158,-36.07314791792228,88.57999799130205,78.33668499494928,-6.9103261334753405,48.2780757151718,90.32162814238093,47.34668162061393,78.01427085494342,128.565389450135,52.46473267757168,108.26554670198834,152.22795087439897,37.27050435249779,87.93711557615612,104.62203707677058,31.99540473329491,90.34538872119616,106.99826869846807,11.547828927350016,141.0187597097331,108.09183174009263,-37.65672484160045,68.11237404739204,120.10925650105006,47.341794612298074,49.023933007385054,88.31479696416885
3,153,0.0,0.0,72.1705775809688,106.18829103951181,21.176469691719888,101.56644700319123,152.78691865852522,50.338848262734075,39.18954319242203,131.3643952707118,97.32467476592691,93.30824147057636,120.98279144185669,18.475395409004122,40.89655262158954,128.2837850219801,86.51963713897737,75.0355097842476,102.69466180314454,29.387870480166747,144.0463154386818,120.4816639210953,-37.555298894221075,80.75660091137175,86.20181881433811,-4.469362533551948,48.610199827432716,98.22630508203001,42.82806135401375,87.50087084265097,128.75420205124948,39.738459227463075,131.3341909746381,157.8929841539814,39.779792725154984,78.97061920550291,110.40771845483556,27.602271075448748,97.18809092109494,115.8058100873114,15.203235049512113,152.72776289377774,99.86170879146037,-36.96808942091341,67.50210867378891,122.96110191158448,54.30984081718577,51.525653375524584,113.1037646391635
3,154,0.0,0.0,69.36059424867368,90.23130884252312,20.19426289277977,112.54002285981737,146.40957118405183,48.434394516583716,38.638928971148324,139.3735990716178,119.0604946883193,100.40925403910141,117.89198715193524,15.13219751447232,40.708971054394084,118.10512656059038,79.69342711591706,70.76946659806623,104.33749966315084,33.55658420378467,140.12366602922862,107.16131658395766,-34.670253941593735,91.43460795239437,83.58115177656194,-4.109133052917274,50.761352854751514,92.95551378238275,40.749226620731186,96.67338744272648,140.8672695895516,49.94650505098656,117.26320266328348,158.75695707839589,36.746548711133265,80.85455026975264,110.45446439323266,33.41657765891559,89.98444628154964,119.00468560516575,20.324019642222147,159.29477513795447,105.01373409607713,-34.33915733990777,68.37559603247419,120.75380209923541,50.32863342733599,60.03918604824863,121.71417066598772
3,155,0.0,0.0,77.96679280171644,103.86480907125674,28.64075744884774,97.46085893331683,168.94073874381866,45.25177137478686,39.62989066386964,143.98356179351785,103.43118914735004,99.78565051448288,134.98291100766144,18.75677988275814,43.33898663919682,121.76086379298016,82.40413933523052,78.99927307911604,119.8541338711402,34.0255843958329,153.30213299964433,108.31815991318521,-33.53243421014367,89.75831113468685,77.63553562802434,-6.008627627062303,55.186037411650865,88.91235820108226,39.64107345488385,78.22155122894361,121.97170684213373,45.75732525352595,123.26111537105034,150.57515703381452,35.248237168787895,82.22144611002278,112.3574230585028,29.47895430234835,91.3566630479681,106.04371975653294,18.287576942525565,151.3033900649599,104.45716319803256,-30.96506074102172,71.25489711037909,127.75378190375937,50.200531501561635,58.38783763542116,86.31022169320865
3,156,0.0,0.0,70.83088816533704,106.80494924115875,30.528819613373038,108.27576732021039,173.00313802170297,52.7042959936676,42.06324428004265,143.3005655719975,92.52549157755124,107.3961424036326,106.2300898302704,20.565803724587152,47.45974552576754,105.54785591989395,77.28281395997675,74.90417816090081,106.62016535487562,34.41740723429497,147.73160506421604,119.37444070619453,-32.307562756381586,77.56094454890027,86.04999625387356,-2.305618090607032,50.236259026850654,99.89378490315688,48.23410727559786,89.08800972786116,130.92571589502043,46.972209891028385,117.67051968361875,159.56424181062312,39.32186782006169,89.87941714136484,118.82503398195307,24.616741156115676,106.24431085716586,109.3758906894678,18.364838892911983,148.6935612668096,104.29754131730498,-31.26000681563909,67.8761231689864,127.63208707255279,56.21056447660432,52.489075268765916,127.95874282061803
3,157,0.0,0.0,79.7224501536339,105.05470638295812,31.616618546635813,107.12653078886773,165.43025019398303,41.690684851079766,40.52348246564785,131.86522790236504,112.82399193433862,93.22143869872829,117.82196296108312,23.07570231296233,44.80836369282855,131.80585898185342,88.11309360080828,70.14302273953331,109.94716728447109,37.388926125590935,143.00969871254117,108.88176760752783,-20.25869108902083,84.29554255774725,83.43563632130906,-8.088551558541607,50.430973154342546,91.30458218889976,45.54013964395673,81.77447832324872,143.78225090329957,44.090042216794714,111.42358516033866,156.69020976858397,33.78763102909484,87.05029677285194,107.70872635527022,32.486087961352666,89.08258875612721,119.90117993857429,17.811444345028892,149.71960619766145,104.49224030056688,-39.46734266885514,73.31789582223423,116.97575705159245,57.07574865211434,51.74049906913965,139.74937893305548
3,158,0.0,0.0,81.46195309323684,105.73735914479585,24.83474032254246,101.7713722777982,159.9986631276474,50.16391959541207,38.79027306462189,143.5957372482368,86.28028012550594,103.48722423560599,114.4996801739228,19.70426361147117,43.550995209282085,117.71728607075012,84.79838342999341,81.98857625142196,110.71456070385838,34.30092068495677,149.27044142288435,102.96029067046403,-30.652485251017723,86.52634344025782,80.52054241755461,-5.1451434504435305,48.58565115878165,93.58306511039468,34.012718037837914,85.74944812881053,126.68693138711802,48.557447362547755,121.81627005959812,152.63011596931136,33.623093767100414,79.37498635309402,112.9723237027704,36.801112512590706,95.74142071319396,110.7144090296248,14.72154828045635,148.3086668035572,108.19729465393442,-37.63605433184043,66.99721853279499,116.54526629349395,55.802087306609195,54.9676104173393,119.30002477645128
3,159,0.0,0.0,68.52253387857454,102.39291588740726,26.712075192243056,102.60353063321682,164.18775745870704,52.92520590293665,41.20782615230385,142.67262446413952,94.37598528472401,98.84366584393875,120.62639358470861,19.52358123277968,42.668220760079265,120.9342403430888,72.90138548727701,71.77149780244689,99.6340372240366,38.56642823551442,146.63213268184015,102.51975864604614,-32.85849514057693,84.33390125826266,74.69106397999626,-1.4194640363961604,52.890327349991075,96.6775862778733,45.13903903290289,92.12584306220928,142.23539776440504,45.48790284426501,110.48318040596702,159.37305174451106,35.27716035659877,78.24485141908028,116.92126706659528,25.616602767448583,94.98403628930481,119.16101620751974,18.03755171922421,153.8835471876136,107.73639214780421,-45.24060299490521,69.12103982685862,121.53772439631919,64.48403150922991,53.04325385730476,90.722204167892
3,160,0.0,0.0,73.02038663902938,106.6565493503664,22.967593707081832,105.6375596620193,136.8280414646917,50.457698284701266,40.031965829500805,138.271162251511,98.53599932808052,101.33079184160052,140.54814341255326,21.574727074884162,40.62753781493458,124.07935265503687,80.87049478374254,80.7247550990685,110.55680999291413,35.023645894313475,132.0062995678819,107.44160077342521,-36.484302372689946,85.1281588334632,89.54720844359554,-2.3993453149725186,53.45338035861384,88.51870929326489,44.506162386102346,86.13179441352003,138.38143696282305,48.11159334383736,117.2234589380837,164.07055601152504,36.28600275741904,81.05874595748733,106.46006299703657,33.85608619893361,94.06031197227765,114.61432659792041,19.122926120761175,145.62694662074912,108.62275890573972,-41.34950506223491,76.273414411638,124.5077820439014,46.51248038607221,50.40289998496447,104.62868325436187
3,161,0.0,0.0,82.09733308243635,93.5192069769532,26.423112336337308,111.02890718435735,166.65980016720147,49.937193533929104,42.63278245184923,136.3079304285175,96.37908010582119,102.20091967222979,117.45096414079019,14.957180911129981,42.39441093562469,133.46631369878412,84.26833957329201,72.51381953188655,100.61995712621169,28.115660599408876,129.34718008961798,119.5825505482448,-27.828401484900855,86.24699829364891,87.41149328246743,-0.9494185686405237,48.035205767486296,83.68350121937351,40.19292760492009,85.21761599645643,136.98012883131008,51.93176623380097,118.18713192937149,144.93314102691568,33.434028711912454,79.72977507327212,105.7990633155376,31.675000078239325,91.05983756802058,118.92139334951082,21.056571979703968,132.10765534242947,91.35194284227877,-33.46168842031937,69.64956030961854,122.84353521952606,53.60458479374895,54.095429795279315,76.3140942057731
3,162,0.0,0.0,79.19116559986892,95.42360006320668,23.864498066112393,99.76591329935354,148.72063186031113,48.19299702044899,38.272397161653274,135.74744358285432,95.28186917251234,102.23460446116991,108.21681096850571,18.82660986088413,43.451183726247436,130.98481388622793,90.27338443824974,72.49736323208212,104.28348717794852,36.13169227731308,150.7080303338611,114.05129622126046,-33.85797605841949,89.8593732876213,85.81161349586318,-3.701470875024108,48.90194386513036,95.24382508327767,45.66094826907333,90.45579610991227,136.60284078740935,55.343581716411315,115.26031051183342,160.97722191674893,40.97857945084605,85.48799485853925,110.81448236152096,29.55420404000326,87.16851622134212,117.12584128814653,18.284141656902793,142.35841869508573,108.55009053070032,-36.626163942019204,65.96494380554459,121.23168763411051,60.33102393399001,57.97634492703825,103.89985695062713
3,163,0.0,0.0,76.42723017153422,102.98923155745815,23.85446458599842,96.67664251755471,141.56227179906864,47.66502196039938,42.226762797594446,139.2431888902479,110.50052228118437,103.80451418870689,122.93516153700335,17.9505469003257,45.85187433838894,125.15632844590937,79.15080402175893,74.58963016651397,112.01698866553362,34.68868787539317,135.22071106340783,100.66703789706324,-30.37470868990685,84.84354059842984,78.68268471723849,-5.055404775530286,50.790924486882574,99.70011688910168,52.24965660762764,83.73566238067863,125.28611628603659,49.69016667900141,111.42005401062477,149.72117821386348,27.536318507841905,78.32129264570196,111.62495685007096,33.797923032373426,99.4807706003443,111.9601941355736,22.62976720061031,153.05419847887717,108.90783532114963,-41.73166766562037,73.6256720285,132.28962628463248,47.09627641477383,57.15364018036421,71.65967624216931
3,164,0.0,0.0,73.61796629973186,95.2228725580127,24.062801233004496,113.53335366305619,147.63813735884025,51.8889559206261,42.64993466871571,142.09536182540893,105.2359378025329,100.35712234162337,119.72465560119404,18.8554104171943,39.3202016517842,124.2337087943821,75.81748326247676,76.74303011588177,110.49878226124642,36.53624014928556,142.00720393037057,115.91231089448434,-28.26844197026345,91.92057318122862,85.52889384745401,-7.408692091727065,51.231458467806185,88.35421002746719,39.247007623262256,90.86653368307336,126.59063365600619,45.37704747628287,116.81285426924588,151.6506781238106,37.083811154358486,82.41664488943059,126.8789773927909,26.824979110981438,92.67330974975224,100.94041916986518,18.306091524037303,142.45271953925203,110.2932648016681,-38.838091903628474,66.29149683033513,127.09795300556912,54.92149940083984,54.37770089451556,99.24187284005464
3,165,0.0,0.0,82.25200890682919,103.7539439288883,23.12875001779346,102.68878261832654,151.05529499795358,55.45393342780712,39.40327901532677,137.64886115116684,101.53065813544589,92.20962129103778,126.35343687232307,22.563321765581158,41.655920811648215,111.40386229239748,79.40277307291497,71.1150514066316,110.8728779407563,34.110870734732885,131.64968215035134,101.20609218590737,-30.653801781235693,84.16220512770353,86.9166199817146,-9.131250515735104,44.58118092690836,99.11056969157998,44.52044164563728,81.55663573658603,133.81869199807187,41.38888235557642,121.87457964119187,149.69671912395188,36.4896210711697,80.54865387466089,114.23187451602337,35.8879637476786,96.72652893256952,109.54764144326931,20.87161326438602,143.07101232369249,102.19053082181463,-40.232717166642,72.21736591098937,115.46800697522488,55.30310650472723,51.77142028245603,95.09150556789922
3,166,0.0,0.0,69.51854930911142,93.950779320762,28.788654411215084,104.37737994179861,176.6108726279303,51.877720444361266,41.31943605409554,136.57797131962798,111.1945079592521,108.54126675010676,116.78670580689884,21.62417498298131,43.17910072988486,124.27653601175719,83.68653872914591,78.26860389913523,105.56242995602871,31.394314063221056,138.1612735884119,109.22798691023876,-36.00230889121726,94.02612871586005,77.96352958930083,-3.7746114086487816,51.87034931350468,81.51564486363557,44.735038784213394,83.04981180989988,140.7138163266776,53.468973885461274,124.36464538594419,151.71880404159631,34.21502343166475,82.91430203855535,106.73839212783315,33.39057779692223,95.62482507480581,112.20292395853808,17.188832865148072,143.37889718572177,108.78034468993843,-36.81890574327895,68.68850967752584,120.88134527386558,55.5394129374791,52.53423382824618,78.05717188710987
3,167,0.0,0.0,81.64842322724279,105.45376783229388,27.867877769551477,95.0717874298764,155.0443482143735,50.992375548704885,38.70937568667139,142.1876678553036,101.24015446123911,106.39963047317102,111.8115853165017,20.763632292931117,39.54790279512218,116.9834729055241,82.20950837293587,69.40127994032922,101.09788401309201,33.412547928206756,140.1247601127238,110.95845568636682,-32.25710486723554,86.9919564487078,78.97951463324293,-2.363423175005819,49.50855804386025,99.69558126138432,35.92675717498598,90.00572630724638,132.83684990442,51.27295478028921,122.77366497983583,149.11280303811856,35.598425404375,92.26060745782478,99.11765206876937,33.13141356089203,98.96516779461227,113.80779065890235,16.881094787680965,140.4262016337927,105.13822576917885,-36.71861572903127,64.88862677217875,123.79280510806134,61.84758731182056,47.28060958725534,110.70996111431857
3,168,0.0,0.0,69.83161397821314,92.87053810510812,24.31475761489314,98.4888515443427,154.49402465751407,54.73764116464586,38.216429704714855,119.3201430308934,105.898501871431,96.32590015115125,117.20178159430013,21.497114212094562,42.056851881800945,119.74802710607717,84.80609831521835,74.94026718069654,102.73972631996791,31.019656012706868,142.12126377924784,109.40327761786828,-28.89279255435737,88.43965775804558,88.62500711869374,-3.978987721159236,47.557610235983184,98.0696117890748,47.935652452794834,85.69553823863887,133.4292757511127,48.81002268444244,123.78208708609309,147.70596998110807,38.319404066644516,81.21396340401536,107.5728158328069,30.131674766488224,97.85125279411871,107.84891077326787,12.086536621909026,129.16454203907475,105.97823072026455,-43.070670109609594,65.83278861425079,111.3621862923923,49.378251701480096,53.45109477019684,112.6026306021524
3,169,0.0,0.0,77.73415672047634,95.96759003862165,27.11061876874536,99.9080351430293,162.32750224105962,56.08210982034631,38.44689216715292,124.57149990165938,103.46202376928476,102.23958294999329,125.03134324002505,25.25059589512935,46.1804221907395,124.3296297365565,92.34291259639097,70.4162648083564,104.7938353845723,28.996716193598758,127.49393108087378,104.84327179286787,-33.11985356238443,78.82957447425825,94.85882384527011,-4.00530678844548,48.44345646100184,100.46778333355732,41.486917538452374,82.76299773757651,133.23433356078962,44.958204547651256,113.25137023053851,144.02349254069497,38.98398697643735,81.5077123434131,104.73029747116794,31.71355229748226,101.95736187171502,114.981812268003,17.990457087826837,142.61479103839582,106.63199234819524,-38.4969887495868,66.17437286061005,127.68201523836044,52.902932486496745,54.91368244990884,83.66790605376154
3,170,0.0,0.0,73.61189406560236,90.06680596398309,19.34488416623128,103.68668234286997,145.069771733868,54.091068105019275,39.1793708095365,140.7118159111785,91.78500108149706,94.83427051219842,121.28330229955145,17.346903522710953,40.2423289290343,119.18998515766862,81.74813003081736,77.85030528405132,113.86742710052916,37.05186066213423,136.1189870616778,116.95856098153233,-35.387115087770006,82.67652977252385,78.08061713651405,-5.632901741010176,56.110331507960474,87.75677153534727,50.819017096278145,92.04280708817426,138.1773615452096,46.666784551143024,111.2481198740783,159.1212761380738,36.31433990213444,82.5882839105778,111.8735377463191,31.503786619006565,96.51013295512102,118.64804286369309,16.52702502048097,152.28125667339683,114.48998200213983,-34.289711499355064,68.92651927071276,112.37548301627216,52.25523959828792,47.17044284501063,110.18618536987817
3,171,0.0,0.0,77.05643218182327,99.23898949366121,23.76778707245911,114.96724785726359,144.7747638326874,51.86000069821219,40.697214925814365,139.12860919915252,105.4635912914741,98.47403091256122,114.00950824859052,22.760857694214838,46.97785659682219,129.45787894580394,80.44513887995879,69.0997176878365,109.61708247289826,33.67601523520095,138.49861650527032,118.78793790305234,-32.826808244853986,86.66676768805748,80.04102851145146,-1.5222660393503187,49.076876651252,90.22991931226616,40.847933421452055,87.55970533719636,135.76503865748515,56.37772033934287,111.24438110802497,164.88293537164822,33.7444667139069,80.07711283389996,111.31375409790505,31.85862037283361,94.69749678986219,120.64928588897985,20.128279480918213,149.2127837676569,106.20814387603303,-39.195088644832865,67.12707221235225,109.80247648979595,51.33009264993876,53.01168090402642,72.84370696450497
3,172,0.0,0.0,72.73868305623829,101.96947759065803,27.053071474917566,104.98078438849663,147.82286627829853,52.851070948527315,37.567116089939255,140.36711858682315,95.6290354929456,105.47259874801085,115.9141392475882,18.366371539306208,44.44488589329893,126.46419122508861,73.87768439028684,75.49675814858973,109.869774546724,31.835363922773944,154.28782066612592,116.67275321498985,-26.003496429314456,84.20319234191248,83.593269300545,-1.2529169191072835,48.481944278738005,103.36256348770439,43.42983977497661,94.67175951882842,128.50786489417303,43.017718019230315,114.56178700581664,151.54608929668538,32.88563327774376,85.70737857761675,98.59879245547849,28.94951114714893,89.14771449935277,110.66077927004021,19.990233037921158,152.4850594404514,110.37096076983156,-35.941550896634986,64.85028627960273,118.08504630583683,58.87673210260124,48.672754567066406,124.41639469574989
3,173,0.0,0.0,76.31037010600114,99.86804315130149,27.261596423258734,114.43394482608372,160.26133782364943,47.726903110740245,40.71512485433725,143.58455203545427,96.05121301157031,106.62259478628506,123.27934640388354,12.2330572199272,43.72470144949422,125.66827164471185,88.41545077363969,72.6951278377118,110.9486370322453,33.23934034307746,143.7452281328743,110.02339122947382,-26.70769639890428,86.97967519518878,88.10132116584673,-5.82889562984685,48.40146483176648,93.97884414517532,43.008772326922944,84.18529965755435,145.9889470701671,46.618177939980896,116.52606955726655,155.3223757913389,29.70092033079374,75.5943407797514,119.45897574470372,31.127795791821036,99.60380540661464,122.0731087155793,15.883285472071556,137.37115689981974,112.15945743741136,-38.45633106738848,63.70305354247187,129.45761559282784,52.01029465582559,53.71183989466148,107.09420730021864
3,174,0.0,0.0,79.64563824806852,104.59552015145422,22.840143187112176,107.67809972842647,169.32862485997993,49.18788057375412,39.11252834196754,141.84396180626968,102.45339413300421,100.6098039279634,125.9569902515641,18.456873573472013,45.589254286481115,137.67659979508798,87.79904227403618,76.54954693503728,111.23776807660401,33.22029210298747,140.67214284723488,109.2223358196228,-35.1394690705853,88.09504929194259,84.08425817669911,-7.781194014833364,52.97472210704524,92.92570238407329,46.383554901040824,89.75381385100137,143.077186311758,52.338768019941874,115.85208691714138,153.81454872629925,36.263393763954824,92.93316367536497,111.66593606631649,32.38848009789072,96.3661551598832,114.30820109732666,21.50657677866127,155.32151777343682,105.30123685816514,-44.71777695112847,68.71619591031818,126.02843943258881,50.246204680457154,51.82640291892369,98.84604695912388
3,175,0.0,0.0,70.19292300230771,101.29879667660316,22.50580118607688,94.29860802254711,169.99825416190268,47.23881065220433,43.90925884303042,141.0771175057873,100.14609550653682,94.74433665252619,123.98289110192512,21.691641477242406,42.66999783097452,134.36100694557902,89.69601456744385,71.71271240616615,100.45891620447871,32.39559222356473,143.63306379064971,113.72472227511456,-34.382644341369875,80.06467778789802,91.70709811221575,-1.5863460670116054,51.72790465268055,101.09443770484718,55.48622915541496,91.71044485722285,135.0809681097235,45.23835685239847,115.83030705114727,160.39455689597028,39.62516824345585,76.33309191095574,103.43257110696756,23.512252749632882,87.30596078859476,119.99116354240341,16.92776141535999,153.84962010044913,105.15097990224653,-43.63365463198996,66.21384274025264,115.36024725661328,57.83762875305493,52.10276991241975,113.29661799374381
3,176,0.0,0.0,82.55178227816516,104.28513856596273,26.69516210174612,102.69146237652471,149.63776844752127,58.42185305239373,40.51293724052126,149.0276099691919,107.43954572411366,102.87633920623665,120.55703921918436,16.84349345457035,43.79879979500673,126.856341520232,88.3558131235705,77.619388217355,100.79003100384082,29.69679248779983,142.79645783539934,103.64199081545968,-25.64098144912621,74.29351285179862,79.23815393478752,-7.833308386662988,52.41508157115783,97.86542465162567,40.649620448358505,88.38437293889912,131.52394756803074,48.645108426607834,118.26582567674748,140.81130381775716,32.84460590011598,87.61341612386727,116.49616335658328,31.281586796091116,91.66982821227658,117.23775633172527,21.62346794375047,142.90427799114929,109.15446698866971,-35.15719376243774,66.597416394019,120.44082156890683,58.58589363783714,50.40341825435468,123.08330424039143
3,177,0.0,0.0,75.9149820261909,104.80999138755821,29.36275593977896,105.75191707974683,161.86307738780843,50.630149434135745,38.455371477426226,144.80310920386287,108.43582128197878,101.45143287324339,118.67775045398905,16.708352246994483,45.644835990444335,135.49594941517051,79.09400527280783,75.72936576994377,110.84146199928048,38.69520783174771,131.90782307832774,108.88660138556544,-35.361915169227615,90.34852521187814,86.19706855146775,-6.1994313908898135,52.30263382097613,92.47258813841258,40.827499283507144,81.38146151505714,154.65260183264692,61.17881069375204,111.47008138171891,146.80183685458064,38.106793608421356,77.34434406970318,114.9762092209957,30.315866838345887,93.5018640875078,116.73076626234032,15.658517569397953,149.74964870316512,118.92027595703289,-32.128241472110425,71.39903441794561,120.82173687518454,58.042040279317135,54.878056752294896,125.14559074188355
3,178,0.0,0.0,70.56529787949093,108.79234610903715,26.68479682496724,100.58968979525635,159.82544649604813,49.33946311203928,42.141270388009225,133.859627000136,113.67247265401576,97.73485949146645,121.50911016323597,18.481122609821732,42.797735556196606,107.46144374463131,77.01269464762616,68.41979013334893,105.00212975713126,30.54095843059793,137.16014121588069,112.16035782528047,-31.079296045558717,89.54648069220957,83.42148332391376,-2.441774229197761,49.94779803712458,99.8212319700384,47.84682017024613,82.84086661517445,141.44841106673167,47.52807677741434,110.82867418684519,152.86837458545335,28.750915372690073,81.86216434157987,109.9435801818482,25.246358370926966,97.66502154454403,115.06910053814518,17.90882326981852,134.543482696053,107.00520212048377,-34.61389917259903,72.835056868986,129.74995488280214,52.083713735519716,55.9586031017268,88.43884897493726
3,179,0.0,0.0,75.06119625397203,95.55124484152192,28.261415706046837,107.27472158229126,155.13158007916346,46.10115006761964,39.63428346933636,154.10857486080863,106.23744783386124,96.36378463691877,117.26360521371082,19.491837653199852,45.55347931993903,112.26424244607371,91.51416287714515,72.64089146228686,98.7382339459659,35.04175994755849,137.63641728297844,116.59435558488643,-35.455656440870335,86.77318519622685,89.16225335872255,-1.8646712418431113,50.74884982909106,95.62044377018074,49.534680497003144,92.31110184172275,144.60296239403002,52.25027418680261,117.248914133813,152.31334430523404,27.59195425015959,82.75881285337233,105.49222211162117,23.67260036693722,98.79334277463866,113.35785017708027,17.020170209856342,135.85490813919594,104.8504659418047,-36.48170513172633,70.15817214177221,119.03950203931453,55.57657710163661,51.77748203098725,75.22289586256855
3,180,0.0,0.0,75.75353961119316,98.5587002764349,24.110239151171715,103.978794349963,155.02129396546687,51.79812022401491,35.33370520287905,143.82438811198227,93.01405238472614,104.03833924763873,114.28452124998628,22.257427566869993,42.61244056421609,114.17120806962174,90.78276292636897,68.8030233752918,111.89191993173561,33.838610193683685,145.80589572197223,99.39610721501721,-33.11135776050062,87.6484375796677,81.84181751164024,-2.9888558015015954,55.036049809316104,98.06840015934654,51.52859743688245,86.49433959434583,127.38210570685025,46.58332692281298,129.9051694218394,152.65198253679185,33.199423244021176,87.78784469141137,105.9187953998852,33.7672824763352,96.54877070253393,107.80810214069948,14.755194490478145,151.57800007181012,106.69209102150324,-41.892476365676735,65.80633306100225,114.58907457899784,51.85193308100662,57.19241351989263,89.74061542684345
3,181,0.0,0.0,75.42283358365023,95.71015482785236,28.69515981303632,98.56193184155305,166.17163448022563,50.34707592624963,40.56328041187279,151.57804042105394,100.84411365615823,97.93026397549032,132.26138831812438,17.992569848277395,42.388109875200534,127.56509834222155,80.34091500876055,71.01967089787657,107.74221561595678,31.68839179859601,139.81674453017416,111.65870118164968,-27.720925531714006,92.36537424448167,91.21626233452248,-6.72135391657168,52.734268252259845,101.41119568596507,46.98613901381121,92.1632510975887,143.07744142541134,54.140868063132636,122.9964464048562,146.94462087204198,33.161205515988335,81.62016733629841,117.83808332336716,32.12991893876297,88.27535110827738,124.35377836383347,14.25952897853395,143.4622186610217,103.3781426748403,-41.01539677971489,66.77515093116908,121.49617552920466,51.61303370909074,48.76704002275618,86.86049100505451
3,182,0.0,0.0,74.36995355957553,104.94513036570685,27.328008796749423,104.50979573302611,153.71380955294694,45.94277524589071,41.61532350826886,133.65370334628292,111.06352334354676,103.53339830512428,116.0011444501621,16.524288710970193,43.34920342729673,129.39615010533058,88.12925956733241,78.51363038573706,107.26207208488911,34.45459947619167,150.2269061318371,118.1410258742373,-37.66544123917197,90.72769257297037,81.06026933331991,-0.007009088164551702,50.958702860446905,104.49424655542632,48.63987474937718,88.02118391091344,142.42165331966953,47.06341360937656,112.21800505620485,155.73305675014328,34.40078776885389,70.30377348783234,120.81811678553609,26.837540632372523,94.86878116994723,103.40314018537144,12.650625570844385,145.95319791549144,103.14513315556461,-36.393147610911385,63.982870061127755,123.6597026758047,55.48709686238712,53.65301167896822,130.14769118147825
3,183,0.0,0.0,76.25070063657613,94.89697943926208,18.95174395014095,98.11744574896346,143.4223269364306,47.93078290976585,40.37501076350812,149.46461414380505,100.55054932484293,96.5091713962491,123.27405233823914,23.654636631897638,44.180108179163824,128.1108239658118,86.85069872703973,75.3835130231793,114.21914754088301,35.7625359051317,133.82136567435714,117.05550098844445,-33.097835691735085,90.55236548418955,84.59582705978207,2.3744786545868326,49.52427884398222,91.1428470894428,43.41906645576537,87.3391198752524,128.62801698952734,48.20935491496002,122.77150960114177,160.14916271836978,38.837863738618225,81.36565482126002,108.45813076049514,29.836387203205913,88.87951641032672,113.93057019907685,17.320983129407587,145.3815802445945,97.84198772626205,-41.84925762641014,67.2145650770891,124.23667714437403,50.57420063457538,54.26103213130067,111.23832471370642
3,184,0.0,0.0,67.60392127542252,98.98239878395874,22.6249903208949,104.40150886964055,161.65559904562326,41.39985965815468,40.56704110120909,128.56740475407983,100.47434986426373,98.71398017589951,115.38511850827906,19.82761072214442,44.2031531457972,132.1596384061226,83.19315843659045,74.31657691207164,110.09204180065184,31.349876225684923,147.2621100454553,98.02093965554874,-34.203352371833674,83.84369944055902,93.03382010418838,-9.858820251883573,44.98293213017943,99.94468775751656,47.466604824400875,84.4468692187916,137.51998907852374,47.67223858266449,120.45465748317089,162.8299000238036,34.428437650674105,78.70475570648928,109.9262243048292,30.085766317721745,97.50371048815944,119.86533883048874,20.82188079222838,164.8078071282821,110.45132662752997,-40.9425118048613,68.8155245521311,108.79111913702958,50.93653297458053,54.11976944604283,67.35368231623974
3,185,0.0,0.0,70.47663295008103,93.16788889629603,19.198447458251728,105.02488079300838,155.71155081739977,45.51245657383378,40.59376652726491,143.60465943983039,95.3064484171509,100.34011238020963,120.23506843704146,18.392339678297105,43.16610852279285,120.71019878570856,80.9750177680782,75.85950638372631,107.61727145526362,31.69563543896684,142.8773857473166,117.76977689800972,-31.65345369584674,87.14446834026137,82.87570278920535,-4.21276113200701,48.30087539766032,94.9940300597971,47.0189276224278,78.67970011499446,142.84594073720157,55.42079896507285,116.45506408703085,146.53191177295838,35.904926978282454,80.11927398303861,117.9543971011476,29.53798712547298,89.83129175352256,108.59771100916504,25.82838491710371,144.72773570906335,110.98735051365493,-34.85034036175547,67.08811706180768,122.11354208297763,57.03773123531741,56.23518052204353,132.04234628259633
3,186,0.0,0.0,84.77892123500638,104.53316644519975,27.33764877664776,105.11334557022585,164.8618945415599,47.397012172413355,42.79191404395053,137.43630374673427,103.2469316703835,105.36706221615307,130.1373901248242,19.09391251295111,42.74377112023888,130.21806296933016,85.07835402645115,72.25171227112244,101.76393699444554,33.3402280609049,148.1273283760797,115.87845205186736,-38.56586861845714,95.80882763972068,87.72858273804695,-2.538782544741534,47.41279090946569,98.03362980852134,49.5531393129134,84.0036138199757,143.68215782130048,53.46335394195064,122.3969154659966,158.90006230898265,38.67351288634553,79.38403652399103,112.8102164862083,28.209874472310503,84.00930790572801,115.0278127716728,19.320294765691198,151.71098768908172,110.0570821495626,-41.286191947567026,68.18483116584706,116.31463918196471,56.39290562738123,50.77949387641025,81.57130422014083
3,187,0.0,0.0,77.68613985395147,102.63470733109911,26.046466489343494,108.00918603732629,159.58690548831237,51.27279565689669,40.213517852914386,133.62303199770759,92.62075719558976,97.83921068488759,121.78555431078208,23.298465928829636,45.834643472073516,130.83687108969005,82.70421319647244,73.44087983310196,109.8482208312683,28.475572672452635,140.05894001090923,114.7022028958917,-35.80462721955205,86.98463575792451,86.03870043217249,-3.363926989955547,51.47725687087793,88.39086558066776,36.398600532653695,89.70113427252859,149.2133188762349,57.38751021008877,114.0581171201041,144.87519849739815,33.51197387731982,91.29177718746786,110.74997529112444,26.06360505628983,90.45554250450175,107.92644556584834,17.895499107686547,135.9439540126952,100.56849921608216,-38.5452298861134,74.23293760154405,132.03516074588774,51.67483741939541,57.82932411015805,133.30041744276485
3,188,0.0,0.0,71.88519274410572,104.17790950957274,25.336430549132906,106.14341513633106,160.27842352708285,45.114890439349914,41.45607325435834,139.5927032681297,100.97925318844203,113.15703798135158,119.25962996633805,23.60867717368391,45.10526295275788,137.8274834450928,81.79117460612349,79.4924016863929,103.48613985341429,27.194607659967296,134.7616938186869,101.43843864966165,-34.027880267195656,91.89973818916131,75.73201525463517,-5.316977083406156,53.33815167714884,96.80013161564887,54.689317099864965,88.62958333220432,137.3385321015174,44.77742910290889,124.29842223791555,145.2532379853899,23.109011857636013,82.48016949899711,111.71022773942163,31.898594451076864,90.86995150456467,108.49776032458728,13.70491684540812,154.96535552668826,107.35861099870024,-40.740566243665555,62.30579631466481,114.26242127722162,44.8283253395926,53.71874644590711,103.42786920138371
3,189,0.0,0.0,78.37514996180555,104.19461226674464,25.276814222208525,105.64815537091657,168.25501923276562,52.023504807137485,42.280620500555045,138.89230181868905,114.36065640517188,101.95118026549235,123.33722949878646,15.12528033973852,41.856626120884705,118.31237199429955,78.90912800392358,66.2679687215272,111.0087877275394,37.29378037744306,157.66466241494368,117.61369527002,-33.87849596097503,89.21531932822799,80.90183440220108,-6.585263024682865,47.59922679366796,99.7174524238468,48.30824072647009,84.42726053674322,121.46515359776096,48.19264206639564,122.58182821116948,156.70994999213235,32.192641897315994,80.28869496855744,112.76493150922842,33.34880831962377,91.45841143218398,117.4354939959165,13.146849658349232,146.17552439812292,103.41777255794504,-37.158423857376775,70.41802135021933,115.1536913787391,56.52035504895243,55.20724191468294,114.81934259423556
3,190,0.0,0.0,73.89852897217682,97.65684402414013,24.195573077084333,97.71286703788063,156.96776395203167,49.86146632891543,41.1663070970184,129.205455804875,103.99400736346642,93.79448536821124,120.92591923683928,20.843882689754512,44.18599369162682,133.89954741527126,88.87855565220883,74.75603373598864,114.75801008923133,32.150077377942644,143.31327851927517,108.84106398110431,-35.83939342452485,82.42531719855855,77.8227516941463,-5.405895340554669,55.47514487874082,93.05437162715323,42.99206342995018,83.42776903282409,136.6509913390684,46.56635880573189,105.65095806119565,146.14526581197913,32.39222283031839,72.15239149432053,125.11586414550587,30.343112289093128,101.94387109673771,120.07200509349829,20.836796279576383,137.01222725127798,95.14030692607943,-39.68068787463639,67.80747142959065,119.0878504498323,46.305964986248256,52.40752618255832,116.69472136563557
3,191,0.0,0.0,73.76103638862041,108.67360104410196,25.76737155701583,107.0846391611761,150.059052059593,51.93325435715097,42.146146116150504,142.3275486548263,106.44871334010668,104.70397369776965,112.02240803811067,20.676028147014264,44.609315111276,125.69755142270061,85.87504525476635,77.97917971227375,108.16841349501026,35.626651865737685,128.23114800382916,101.10697609057041,-39.11929200556759,87.17946268996864,79.35560943460443,-5.747731114406229,49.92033384082685,86.41886395145302,42.9188766261148,88.29236273887871,133.11407794174184,53.37546106675676,113.89237334914915,161.21266396186257,32.71763818028059,80.64557997783328,111.34450428593395,26.775082112845986,99.9484038699247,112.96796706136794,16.395960364948916,161.2474500464892,113.0185521518061,-34.6721747238789,69.57522882241301,123.10354126288888,49.17928308537027,49.84373436847182,128.77283968888975
3,192,0.0,0.0,73.08927161947359,98.56035046990927,21.88511703564394,98.93161216543564,143.99715342439043,47.68728680590046,39.63639165880237,147.44202843148852,114.01342551197266,99.2485525834493,125.63992894930584,18.787409012367142,44.48119609491445,112.90863735363388,76.51413999596204,81.86170767281052,109.74526197737366,33.87529970252609,142.6367054909753,108.70922606283087,-29.907069798885352,86.69331659929888,80.44154878752387,-6.193976935047815,52.56788432360627,96.76960061796858,36.508038738639286,83.65273264232852,138.6474617813491,48.768721612699046,115.5373341418517,160.4980789785471,28.91311522808616,75.24433317355437,104.51082499281026,26.302580943876105,90.15372200579147,111.71574684531167,21.651974203557344,142.237251806113,105.73269202891125,-34.78652607268996,71.71193777530799,121.6610083274591,49.285473754402716,53.85329712338943,97.72097156863298
3,193,0.0,0.0,73.42045805460943,100.85400990408256,24.67676659423795,98.95981978977902,156.92146119702966,51.93149581758911,41.23275181723305,149.0273926248093,107.50207335084734,104.03894104578771,123.2838772774679,12.633263172209473,42.90345610103724,125.01537426577124,84.97862573409702,75.3995814611589,115.30883377837183,38.723090606576555,134.54406677315816,106.21244208894693,-34.01766623678612,82.42281527444206,78.2709436365671,-5.627329804973672,48.59755890761706,99.45584235690222,42.502340498016665,79.21136233935914,140.4316637544926,51.34474817717789,119.11793190385835,159.06327373044226,32.96958592012986,82.26085992346795,101.81413954213835,29.287488239111923,101.61206580649076,117.08873466582821,16.44521232052648,144.63653099898207,119.28072028831401,-37.75796194668817,63.980011937041176,119.50523765039334,49.0520224457789,53.83338859137935,121.92828830622273
3,194,0.0,0.0,73.3401239703785,104.00635826153001,21.139348090332085,98.40846103073781,146.38320642722383,45.18006813492863,40.8751978428949,158.58499175934793,103.4669128170964,100.45575542704938,127.05635385645733,15.946674028994018,45.74178307914646,142.51137723164524,84.69864375645027,71.50489948947529,107.27362871933974,30.794098751251386,136.0169750629947,112.5917908446657,-30.105807714006957,94.96182334618346,80.54381329618626,-5.0223225584637605,53.19960029139507,96.60059212320967,46.92667370485724,90.63889359005638,135.06446509938758,41.72003640604879,117.2910384201655,167.90196351434878,42.08241980196947,79.1998208475771,111.1799372367935,30.540711291960342,97.92707375498092,117.5314346832028,21.000800885164715,148.9193318716872,105.13751507846342,-39.79066889867231,66.40213529600895,117.40696283067801,58.98953367546748,54.80564697977771,100.88758879916175
3,195,0.0,0.0,79.70031231565444,102.24103890784036,29.71644666964216,107.66804559594536,151.19851907071182,60.22059459978922,38.67433208069403,141.0231248868369,96.80842263941929,102.02256462314729,123.59385422184198,16.55956880311138,40.0575726238624,131.04467961677418,79.25060333435444,80.74886405249045,108.86843569814253,32.773014794669926,145.0696293138576,110.24092196331563,-33.967679071926995,82.33800860374676,79.92148980204226,-5.717716916933309,52.60044341799113,90.06358851316861,45.44859298976507,92.5590974717995,125.68579685902323,46.556855440424044,122.0661404897176,157.5484258109979,38.910762394993064,77.379997640704,109.67410146797162,23.44109131654449,93.74558444395294,130.62516467504543,19.260502219021873,153.43049485264737,106.69851461236146,-35.58486290446567,72.39439454855254,121.80700477744544,53.8864217761364,54.49510059131388,65.44616771206199
3,196,0.0,0.0,72.63936183747703,95.17607739718977,28.80595922439383,108.72739677779687,157.30051213393799,51.975358603888104,38.563619844630196,134.90092376728205,107.0780140008499,93.35680020226948,132.71383186762006,15.455059069942754,41.29572763107502,123.73169533736788,70.39713561551811,76.65088014299356,111.38305028270982,34.200781006572086,150.43474668255635,96.29058035940733,-30.627844472518134,85.6105912925633,80.37225627374342,-6.965555376325792,48.774303183119734,104.63738981855181,44.640058542416426,83.19708584532756,128.46060147523679,45.77141088913872,114.84662480533281,138.71545525333724,38.74267609101471,76.68863208047247,118.21045789313308,35.15058732586492,92.51441109238276,112.37504103218708,19.18574333585704,143.44628700754646,118.1812950898845,-33.04955342915449,63.98823482814849,125.51974041843509,53.14509051319245,56.08644110374888,94.59738149921455
3,197,0.0,0.0,79.23945544144179,97.25135252266946,24.63778451456423,105.01747295770768,154.39455430008485,53.69517245076045,42.69686839812988,149.7087659881211,110.306224278303,89.06853244135259,119.10115786082946,20.698403202764105,44.89161362420984,121.84460066392798,76.92924612021739,74.6322760723608,100.27004464883672,39.75793368973831,136.83692377680978,106.17887276782274,-24.150667145013337,92.76922812900875,78.28098443416748,0.23953163148952328,48.786021051585635,99.63446080938465,50.14608443219853,85.74762858470913,126.06031412403797,42.40829187379241,117.02962445278959,152.969019002761,34.180994179143134,84.33913271819519,109.75379625246222,33.632429404831456,88.05231587585907,105.65683682303413,20.31930308162471,149.76085102381705,104.36497419184951,-28.377728067823853,65.55558080609855,122.55702862649662,48.12164242706007,45.221636647606594,98.20147032082919
3,198,0.0,0.0,76.43479095481419,103.31784968259755,26.860614727756303,110.13369882977207,161.08743806412582,47.82366600289442,37.77423959121444,144.35967353601416,106.71472455178366,91.5727701120612,111.1342865039166,16.073978610793056,43.369310435027366,126.18693831348172,69.12978719259787,78.15145149155066,108.35992956964732,33.10645019119685,142.93218688254035,109.88425929829724,-32.142641391208095,88.27690748299398,83.98661754165204,-1.2533059468953107,46.456055075417545,101.30480961036642,41.71638021939288,80.82022856621454,147.88513645131238,40.275244797466094,121.47938145476455,151.56004826914986,40.85437802404412,87.89435548803812,113.39754068282146,33.35612646225571,103.13212949995452,116.22241548144825,18.01532902891648,146.62788787161855,107.91150087590657,-38.852436658151035,66.38726309634302,126.65809237278013,51.55598597832809,50.80297066142858,96.66513793479255
3,199,0.0,0.0,68.64940344861559,103.56892559018773,28.260544531698365,111.96430182482504,159.98835181371567,51.38858139503626,39.17744351737327,134.47916965690712,96.15191424372401,94.04999074302762,120.42105646362276,20.342267011329543,45.51786968243077,123.23727958363537,84.9273968665938,75.98833796588794,109.66558886248359,31.722635570823257,140.72281359508938,114.7267961024901,-38.61212415065913,84.89701050532241,85.86122878444927,-9.915408695969628,48.056826844796845,100.70948330219252,43.97841322543086,81.29990562238135,130.61383682598233,57.032592804542,122.8672343947841,148.30030646543028,38.96834391644693,82.5095027063018,113.57106056428509,27.534796283785173,96.56832495844385,112.66801416019656,20.03702889455356,146.0532898923119,105.77169937155367,-39.2941939070346,62.34497350680002,140.07204283898795,50.0406811789774,53.63107904290393,109.40810785103497
3,200,0.0,0.0,83.01627133888151,102.60777231473007,24.000665073287102,101.68621602575372,141.36357689316367,53.817162989060925,40.30607577909933,138.20325423830582,95.56335112365592,104.09425887994571,114.82957979797055,19.704015118054727,43.57645922161629,128.92924703301807,74.27408746696429,74.79040542754073,114.47351820310816,33.71235173268639,134.3628395156501,102.99084104885425,-33.35686813723703,87.65655281798041,90.41418780056391,-10.080616456977218,51.05072393040438,95.87752418479377,43.15876622298543,84.01642522284,137.81634769780547,45.02801194395186,123.16738944161199,147.37056849431238,30.511484562339618,86.56166893927251,117.4186397802002,31.520596101731506,104.85459103532375,108.1501880848918,16.448562336872804,140.25380802614967,107.77788640651818,-35.653463490580634,68.57314368661703,124.99786416515518,44.307949587435516,52.286382625409786,118.95599956245218
4,1,0.0,0.0,58.82744443159976,208.47934965022117,184.13958974818368,68.26725700124163,234.76482325659146,156.27451590157008,109.23205840481529,362.29772538608125,239.59134110919354,91.55529745058256,255.79401102654833,169.47685514697798,93.09731534617269,359.5663884410449,238.43346290660207,175.1138545971226,319.734364864711,147.05007846724115,55.21689439629612,249.59346772785113,185.66744626666573,83.9298629094728,235.4881517409994,153.26664915420497,144.77078704086256,348.3700714467887,221.37766555567305,46.6873814915825,208.1568951590903,124.77924038682625,100.40843388085275,286.95828307949466,210.5025784403702,92.12935227386255,365.8735030060769,207.79577274067103,94.10648763197239,294.1126767571582,188.1445044804528,55.94534843277457,265.8084307611992,210.84488696411915,110.06923805419417,332.71128004935645,227.13433476661535,126.58580952593977,120.31740698492996
4,2,0.0,0.0,58.63146452301049,252.27927592296086,204.02858261723497,89.50697448825031,228.06504774368,154.00647276309115,115.49367491557925,368.7782607935814,264.5017064883667,82.68696366370123,238.24816424120934,154.62722057351294,93.50359479157781,296.83470670669743,267.17500160200115,156.6196468108303,294.27468717008907,163.35240641114788,49.5962109395377,249.5352930864519,191.74468038917917,79.9691944038605,224.1714944048684,140.1710053494244,162.09926893795398,293.4408379720069,244.27476681482693,49.72565059678732,246.8845744165174,202.1529042485028,96.86706985082375,265.2205703195568,235.2815351148999,83.57319655621716,299.0419906790427,241.05580659757322,96.09390591663545,361.6430908471008,207.17881519448912,63.00265397748287,325.922826701907,236.06580342726005,113.30595195962863,303.21546433376545,184.15774354527983,105.78286528301005,109.4489013244486
4,3,0.0,0.0,54.87061704729907,266.3932474264819,165.29771756172192,63.69405463459318,224.14990621189827,129.91589334925413,118.12639909364081,387.1191611753474,293.3396424523243,87.34452921896542,273.7048424807714,179.7242010384921,87.4631331921095,346.8178812314706,281.35856069446027,167.30410659834766,300.3436510521844,158.91496935993212,58.84264752504538,239.0539852983559,188.99842910424948,92.68013581226629,235.92026603940465,107.79861454039644,126.01074776831283,355.46382167398644,204.64668328252247,37.177781131138886,214.26990702271024,207.59938501252677,98.31049528055394,278.4929506377199,203.9529636233609,91.15791233362245,285.63897446167135,206.78513496199884,96.488541200204,303.1900556558319,173.46777550233676,48.66851477697741,300.2007614015317,175.48853301299778,119.77781402971259,287.45020977389714,256.25467168033197,124.37660439314507,103.2050426325717
4,4,0.0,0.0,56.33282930174473,256.35686047202773,192.46972005728563,84.17025603297944,215.1013994528573,154.80652950602553,114.28411915326495,364.8867158115089,246.9277025021414,81.06283821517845,246.1394695974491,217.6558599189766,100.774386222876,327.5417747969624,261.95151347477497,156.58059002237383,324.30861159734405,127.16527995593538,59.43491336357757,202.54857125442572,158.24175337470564,71.37376496615346,232.88123511025154,137.86608770402975,151.1399038011787,362.57900001415624,186.62472442019038,46.23100711841516,191.9380682465547,176.692904275264,95.77853608263939,303.7477282390411,203.82081069027038,100.42303191835492,332.0611866862569,237.7359196003266,89.69061543826129,253.57409283900162,228.80957596563732,58.274230595188385,296.38870891208154,227.0576512101096,113.44054204977778,337.3223185488496,191.91461685202836,104.29083187150528,119.06724212937513
4,5,0.0,0.0,53.332656592457894,246.61778730725288,176.2819643868081,72.99097168008645,220.64980866490785,164.1687713733851,119.67908779266524,336.2136050289401,230.49713268003518,99.78578779601115,233.9808911710155,202.0161541201351,88.51059985806168,316.27074698720753,271.3483278795157,151.43918227199262,343.9953198749644,164.16744963334037,55.31284602562009,247.88146752826276,142.58171898982437,84.57570252436219,237.35977138496105,124.73237415839475,136.56337680674423,346.2434599689996,257.06794137230327,51.40922509666442,231.4582882871396,129.88507370417355,77.54010592842117,303.81213170195366,185.5244578336215,79.88229370431857,312.68736087187324,211.9925183519561,88.32479228786727,320.19546102748234,205.1383714155891,61.908303325495325,274.4181200723897,255.1214672621865,101.56285341204199,299.1188731423639,228.3610554200576,114.17603516948554,85.73639698740716
4,6,0.0,0.0,61.11059463169111,295.156502406297,184.41530232007673,75.90796099929159,210.0941491580005,141.83003823094555,116.38554969296104,336.6597417466808,268.3314944068885,78.04085369429094,235.98694660897905,207.63387002325172,88.27159220138996,342.4070996830139,249.91078276664916,156.13756980985272,320.7676698144226,165.91909374598131,59.39965149713693,237.03778426679213,161.06250023409092,78.72524604315112,246.30715164565896,133.621638008103,158.5929556161767,377.09324239207564,210.24567160709393,44.281569087612134,208.74113932180597,157.82109006492584,85.82471938753092,276.39898851300137,208.52633756466466,86.36549412915305,360.9030688576013,207.20993169502646,99.7503240871807,348.1892255283056,219.78361296859535,63.30841167299489,252.0306357799103,213.3903561793203,98.75995039809905,347.2737049524927,231.4141672916189,112.66636930289425,52.17930923423471
4,7,0.0,0.0,49.84247378290364,233.45979722222503,218.03184329287268,69.74870133693203,222.88954304341,128.11731717694505,95.97874799131083,334.6831125968837,271.5297464992017,92.41723365634039,284.79564494695234,177.78646914429507,80.56735273178816,353.0737109246429,259.8242474747411,162.633421166149,313.47945774435686,147.42250296728605,65.31443556324663,206.8550714003379,178.08653494474697,80.42137806369746,204.53108979603255,152.30004241307643,150.86260174519302,400.17622570965193,219.27903981787264,34.344753115181966,215.9268708192633,164.92951985942557,100.29633748217853,303.51643787822275,206.4736723320247,90.04586569075673,334.9662734912717,228.6980587597007,100.20438788294653,308.7168438638142,194.33535069296494,56.868973396033105,293.5347476336739,240.35054386526076,111.12528769295255,386.07902452108283,212.00294347071656,105.23243018598819,109.38368220602682
4,8,0.0,0.0,53.492713401564146,271.40590875191134,201.51606187057467,61.49821642424207,218.53117057860274,127.44802890736165,119.26374920476809,322.4870087038862,242.9015514212873,90.44601850839574,284.57355158260617,141.22775044090844,99.56397079392087,324.19744613318466,264.8446418437934,147.00996636250852,328.67528239624875,156.23370320470588,52.06072052343609,242.59898583573735,183.15242707126095,73.33872598025528,233.22240133720945,158.00543755365436,141.98048778017528,388.3905242010462,227.2514874839779,54.10158259585292,219.17448416123406,167.7961800291094,82.2692749886984,282.3452265968158,232.02267118704322,92.19536785102892,305.4736985601904,208.43858982789135,92.21545202975196,322.4111943820234,247.40894563879127,69.88674613791181,276.31016700705896,262.6884189874342,129.4719935155594,276.72023623093,227.93231751966522,117.1979533958242,128.36464952545964
4,9,0.0,0.0,60.2027853373287,259.30354522404224,176.04660767305023,73.70984019769912,212.2756513466219,122.22433186436615,105.57430939627795,364.53606621909057,203.88002986841175,94.61261583579937,268.91568317780866,180.4080718348686,85.33687930980145,350.97419103227486,245.91713667675836,162.15919875448355,328.2846999782685,183.761502174414,57.602112295187965,239.13869543317557,176.38244413247324,83.63750036924624,204.92596943362923,113.75396197015297,168.22166867482443,364.87351362078425,220.67083184659907,37.67383360286338,191.51645336417414,175.06366495861747,94.61377936431529,319.0305344729233,217.37928004836067,96.2467175784527,288.18755739258455,231.83491236219479,73.19754856948705,322.30464180460297,212.58036020077984,57.72875770687817,274.19799927042675,246.74369419962596,117.39237915623322,353.8385724520794,249.8949684712078,109.73569253830632,114.45295567411276
4,10,0.0,0.0,56.212871708426334,255.48788705013206,199.17306224641192,79.07341498646836,230.22274778719265,153.4885732125296,111.23779142380344,355.5897965524191,232.6203264644669,98.80007847397498,240.8715084873189,207.96301669185203,88.44118972719332,304.87997265857615,243.49808720559332,167.72412944026388,326.1336539840948,148.7628515862676,60.71595543718051,260.00025158440485,197.4300193008873,84.6072149593663,240.2384257370254,139.902830342687,139.08671151181238,369.96295355041127,218.9677499257124,44.42452579490141,199.398764713744,191.83977654752678,87.21341850119576,260.8171500480692,221.05931591604434,89.83251583700171,266.3614862310723,224.5481145998544,78.77987798851724,286.70307019544003,200.81317377257838,67.51150281686726,306.1939851856517,202.89198444245534,115.9563526824512,349.1440990295618,246.54196058357724,122.10638285294446,110.682572155314
4,11,0.0,0.0,59.447810909349045,233.45304151526267,157.26051181060618,70.38390625016775,226.14301068405726,120.97609998709679,120.51922271293347,337.76564175036,263.4467482238848,94.73425478903935,298.4823599670113,205.2792397217047,90.63703934614193,338.3728400428173,249.46464215749543,139.18016915050532,304.71853769552257,153.72575188737133,62.315920039993586,218.03910172461102,190.1856410923225,86.66873758285965,236.5080354980745,161.82298846680817,134.97474763425615,391.2429536031507,196.90294453988128,48.447129607131295,228.63375377798346,167.87029069861427,92.70220980349099,320.1927723596036,203.735028003635,104.9773172640637,302.7632025779699,186.82329045702915,93.04997458037133,351.3385347528716,255.60432022910857,64.7259581900063,279.8095952901602,204.14137052511668,112.42700316586084,298.763338463193,227.39243303825694,94.04425559012475,96.99891865101716
4,12,0.0,0.0,53.46800695223949,245.12560939259802,174.4015603607209,71.54407040542766,242.08917545615992,142.0353456594426,109.78494490457848,392.88027913857707,271.4347605221346,91.52901190150828,313.1439236178429,181.06823334001368,87.91446786045913,372.34178645933866,207.03059822830375,158.13628830505698,256.4722516163092,125.18428670862079,56.41992076730317,204.54156165289365,173.19588980667433,63.05102489024718,217.6212532546883,107.1840430754274,149.81587704349383,313.45664046335224,206.88225416127068,41.26007212466399,224.63577169318012,136.113768545621,87.08728521857631,278.6905757284449,223.73747277054292,86.54809253167016,304.8872724881066,216.23106097492035,73.99841887995632,354.66107839648606,216.83620296598926,52.04327174748117,258.1868760423827,197.98877394055293,95.09139631498408,358.32051168456263,209.66548381137824,109.63430667577032,116.18500943883618
4,13,0.0,0.0,63.0278664036518,247.40410102203614,169.60115966416146,68.1961530672789,205.07175763971702,135.89865152230809,108.46395983634366,353.5940090759806,251.8240939344739,101.22841247131164,302.1535725782232,202.89408997489292,76.55415912306516,365.43420536326397,278.74501360442946,140.66907018857043,311.1829068141844,123.97903323006786,64.0029040491448,298.4609702645506,170.81381103441046,80.60199056552194,222.74190375123985,128.38827371625638,137.30564954868763,397.82406226265704,220.38015337185797,43.74700022650005,210.5707370147645,169.29521353758446,85.27156802045064,301.36142502423655,214.57487621712156,87.23034340843265,254.16368539879497,226.8624402291885,89.62710349987753,331.0535136279308,238.98559317169133,56.08235086275636,280.08495792847236,203.73295062835837,119.65105492185161,310.6195616086872,215.510380460604,116.15397107801863,112.52174796509765
4,14,0.0,0.0,55.60408161780617,230.333906584337,162.12326944569645,84.59438263424026,210.3536770645486,134.75294774140306,109.24812160363985,352.89748686449553,241.33577865055452,76.46876469522584,313.60580680739787,188.9098160996598,82.69788272946538,356.3965183473452,231.99913371502595,137.39623421765762,273.30127509257477,174.9298182971116,56.37368319151753,232.9941287654907,183.6102558370888,75.528950737102,225.98764772925102,147.3882110518854,112.5256560272487,434.69142833713624,219.92114209827574,42.22836211168296,193.63674842860982,175.6601387802686,91.69181782027293,310.5898364947276,212.2597285288595,76.850354442494,316.1758440503536,236.70743595157933,91.05767683795513,316.0931099045309,212.3812334414402,54.62084316335527,212.32474930671464,216.24059314829185,105.61410839376849,334.97299189689846,241.0478413621712,99.42347232371722,117.21605277827405
4,15,0.0,0.0,50.0441923150649,221.15429309886719,183.96526161035152,67.48539078433801,215.23011528512143,170.08993557875195,108.91951230434378,354.56729213892834,220.32276283441362,78.79779660210855,311.56908525210673,210.7648197849888,91.99465918177303,316.23118898930016,284.16014291166647,156.69560986771032,302.46229744335324,175.5797172311251,55.16258374249444,253.99928443042612,201.2534807020705,87.69579585771592,235.54692009213684,137.76361955168187,141.21333096922862,373.5503527052766,227.06071468082277,39.32075640595522,239.61078160338056,124.53384680389793,89.36946669051986,319.61382790621184,193.74113478672174,88.63218702632419,271.2095617829322,228.71425690710805,96.3734460057996,297.1844567266259,215.7764356082714,49.27656415166391,231.79336989050682,209.5589135227205,110.94637280770652,335.4779737837952,263.2048509731849,103.2142787784492,91.38211141839615
4,16,0.0,0.0,48.136073191403995,228.94294602431162,177.91569311938485,71.19861849520592,240.8983301192036,142.96847759073975,122.56430958929526,426.0589049332992,220.7968006277342,85.58659855235796,261.0466813449555,218.5738280643193,81.0274257249506,317.65082106761355,203.08959259161438,136.38629723370448,289.26420701197844,157.34049312516873,64.37149330737056,269.50098818461,197.89312697584586,88.97165169920171,214.85371146445667,145.7709354753365,136.19088484998116,317.93281790222153,242.95455979601522,41.63957726485058,191.4298544905807,154.4590463902266,91.42038139893397,339.9854760810307,189.4455420572096,100.15900825267661,309.5159124388448,215.64909168187296,88.19297903684088,329.41199051556947,239.65590640452547,57.49361045157526,294.03905716679975,214.2335085574046,111.24428990514731,320.03330417293313,210.00831174211274,105.66753823975107,76.28941019007573
4,17,0.0,0.0,58.57340200052777,227.22016311273126,192.49136810786965,60.312408730248244,209.12716767558302,139.54300207753016,125.94340029784345,339.5115045101286,240.73279755769798,72.63242087623372,291.4757096139951,162.83764296172825,79.34876330467544,319.650844967189,282.1454463301626,151.09904348656974,258.28462165900845,180.07379480634316,59.42211914969586,239.63701453184015,163.6193495700528,80.29306380494349,235.91520494684823,147.3641251187381,155.68831116351757,345.45184022803323,213.0994530919197,44.334575824041586,265.15094796949796,160.55594902763264,80.04933069247258,270.342452279666,205.82807138756775,82.54957248105671,339.6405510987901,228.36532812097363,84.96350399442038,356.89195225575685,224.9403424824884,59.38086959269102,312.23516987892526,229.5684814066581,97.2713310049422,340.8563879070387,229.9403121162697,111.21036728439098,154.66079987852964
4,18,0.0,0.0,53.57817018946988,272.63571532871913,199.8173157167509,70.7784397191147,202.26814346859294,128.8533120137412,114.95160080003795,328.2932474883937,271.56810710071136,76.80991536226618,279.01834322906035,171.5554161305352,98.28974837851342,338.0302018867231,242.34015978743344,162.1496007397642,326.5737860991542,166.25730356178423,49.880435582230426,254.6148863686616,161.49253091667532,80.77909088130151,209.7765199313768,129.02486721840359,138.65461960347605,394.5346215897182,217.08376690058392,46.035562096574424,173.5398489912965,165.14281247648185,91.44906861980003,253.85364718271964,159.7981955262021,86.91210021485806,364.88934496658817,247.63007618533297,98.6170692839753,290.95785384382384,260.9810508583198,58.98724600267562,301.889099100932,248.03290053733232,100.26738270867855,327.2143797033636,224.52404646298916,107.0716986028722,120.17975052140189
4,19,0.0,0.0,55.17803529107675,254.34798274298944,218.52445190031443,70.06654289537272,234.0613055073488,155.0490793570878,113.0821637606635,301.68915487156335,245.83876573010903,82.64251663929329,262.4237008461172,197.48515265571268,91.9414100858579,329.00545168396076,267.65803646772923,163.8322328144552,301.7793358984407,160.54589566611742,53.53081236501275,235.1556642251606,208.3934265813294,84.68179660179405,223.04494346581066,141.26611540473664,151.6500819233027,407.1115681963016,262.8146642082734,42.549327862485654,195.983472696017,183.41154774104646,88.40732286139946,339.089484085526,211.89643981030648,69.56610244974857,267.0609050650983,259.4272282391024,88.11205940615321,303.88075797382044,215.45966782780886,63.314946735920685,247.47462607906422,237.2110145385859,124.24527413426706,356.96567062255264,208.64287446187552,108.52654374562717,110.5655230620457
4,20,0.0,0.0,52.47959204489371,243.883148104601,213.66821261460004,75.45405002467169,195.91491708816318,134.7832673557236,112.01896470420363,385.37297332371315,250.48335481696253,85.73669294574233,291.7298803805906,192.0264858940827,91.13423110697177,280.82209544231483,253.57253374453734,156.66299033399397,306.6231461635913,166.90789457115977,58.59533150291253,226.4511326980138,181.40271967587552,75.3498452755533,226.36088475355223,135.19166758513865,133.23221450169828,335.1703429117154,233.30790662088464,43.72255733573325,227.42889275704832,166.62655904845744,90.37146308897601,306.2605412254218,166.95517381970288,88.7895854302416,341.6948846379552,202.15724505065495,91.7147148081569,296.2145614185879,233.16078718349186,66.43296037694121,282.8092005503455,183.8834216937616,102.074381182763,337.9077937892141,183.05089903454044,106.68131316795571,90.46462857320512
4,21,0.0,0.0,59.73330124580341,248.36864305235386,176.8523264785534,80.56880480864675,166.21947293762952,123.32172539819271,111.88126362084208,336.22217939919324,237.0049879855442,91.06344057542546,276.1712890386905,193.3469841815411,104.81775658870852,324.9967006103253,246.22447922611477,138.1093998301471,322.65623584086757,133.37835839960877,53.80225429430794,227.4140369607424,177.4248837106189,74.30064171683007,236.9543025191403,157.50846393669633,133.33134182919017,320.5528312536874,245.5728752086086,41.722451194153166,209.78749281225765,178.82585602006245,86.30758678625148,306.0380573250854,218.02742092188146,103.57517570266603,281.813930953674,247.4210425908888,77.28412572438663,336.3155867092972,210.66605677090192,57.38477760296803,261.1971804734318,243.8341558784441,117.89463367749812,363.0432122746857,197.374455511229,124.77321977279394,63.55558043687279
4,22,0.0,0.0,55.211801092070566,243.0108315274713,189.5160294151541,61.34375923458063,203.28433331959772,139.05856691747843,109.66674868452652,379.3035845204683,204.38043035461072,73.1082960362909,315.72681367199624,159.6413520740516,96.60219751447856,305.5235436994679,227.7836320360683,145.73595730482393,299.1841577954809,140.90196729279896,57.1364547373321,258.0748659832776,159.52505064477995,76.04001409457581,239.8273654631502,155.3350558127491,153.35678016898459,338.374275037641,183.9190064821935,50.03796352465239,187.18016135447579,177.5885482269614,102.93151751815553,324.93561601656506,204.73939687273725,86.55141833234583,298.04389680863517,198.6315623967476,83.54394854407475,300.22334843011726,241.41607959232226,60.16882979962644,305.5083230987584,220.81067918254382,105.35954608775681,367.85509524980506,223.46165626983915,105.46202403617083,70.66232159717777
4,23,0.0,0.0,56.07772482897163,235.64489568878,207.97137141337643,81.67450854089917,224.8342316880875,144.74476167906965,108.19486472461364,391.629150258386,265.6057989421899,79.66988303546029,267.3535387055696,190.3437036370553,86.48908252505917,334.61611600124695,289.97463557373413,137.75356435280204,313.65995490837247,156.185524415096,55.84106880834349,257.4757324743521,168.63843442980374,77.85181222774445,280.3312801082451,129.4112455714907,143.83626362417067,336.3993154624833,238.40860761871264,42.54181618517619,172.77966243652543,138.25220811187123,85.6898735511782,242.09455824221783,203.4878370513862,92.70215992905753,265.23436215864143,230.06343915885387,94.86368095161899,369.93770228481856,242.25327106506617,62.051113462513456,325.42609572342076,202.81375915735805,134.9543681663044,331.37129972386833,256.27011677785754,115.3412814539346,98.34807500937632
4,24,0.0,0.0,53.64501837624685,254.66630349035114,193.2607099477664,73.84567565983755,240.16335831762987,127.43644609213473,124.0656349054894,375.1064897815047,237.48767495700898,89.90560941331074,273.16031006453534,164.81009642973873,86.54898889922279,351.1608379399717,275.20367670728206,156.24388987831287,307.001963087492,172.14789829541633,60.52203359462579,235.45949822361874,163.50140647397797,82.90237439225771,255.04009390123628,116.04122909429215,148.74039361348918,381.4741796789261,199.99494325675903,44.68712610580792,236.46812457767234,173.17221202311387,91.27429629856142,290.0310564307428,190.91537950597836,93.52823130176697,320.3324758978565,261.97416612560875,95.11717969037916,359.74864518710655,220.94792096936322,53.987568058585474,272.30670306475736,258.5036480467925,110.10966267171047,352.94085256381163,230.23890289074566,103.39340122296481,130.56231493280256
4,25,0.0,0.0,47.067331308870834,176.84526237736338,172.25400013793308,78.52764823365014,201.24020919294534,128.14839824335414,127.39228984344,403.1025659833609,296.3698727276316,84.81667912814656,285.236771176614,257.42157677079433,79.54765113972326,314.12186193981245,218.82969439868637,126.41776075745446,268.9708779551196,162.396718861587,59.899404815752035,251.36508094286,164.63881601823363,75.5778192633534,229.42318374973254,136.2406621953216,164.99812166275316,315.9648996713507,202.61747539151983,50.6850231902182,226.28513793778927,138.08821076840994,98.49731771832057,272.6254241120492,176.9638554839438,80.79361165673691,327.80196228965474,237.82171753539777,95.00247535735323,317.3198797622316,242.04500262493224,53.3220833384128,271.6178088595316,200.0728324759158,105.71487942839445,361.24342296727616,239.16843127573634,107.37753709552209,97.58360607691871
4,26,0.0,0.0,55.24258659634161,237.30605179931567,208.0714950932765,67.9324036512696,192.0023933163649,136.59915095883505,113.62358095051906,336.83673386633023,222.57985462655813,83.54305643952382,282.3890862704893,134.07271715887174,107.61497420383603,374.32114603957115,216.8195094122346,165.66284587543555,320.2355022283326,160.77125454090032,52.84809249082493,280.5713386749265,155.54804214890612,75.32350941425169,205.54436715087917,119.71975432538078,102.18420431488676,364.7070424099582,249.49662154203287,42.814659221653386,207.9115132388405,143.299494728176,79.96062278344962,266.3557359552308,209.00742942494693,76.90429975196454,321.1084584911801,223.08206239358424,92.26162510682865,323.95447309831496,242.26017985862725,52.01093849232045,279.94139362473527,218.1638721478745,128.97727399094126,293.2567713194735,192.9526814039608,103.67287061928442,117.23875634656554
4,27,0.0,0.0,57.5846037464699,232.41414251989696,153.2184940268854,76.7139339211397,168.0213445027411,124.82883369016022,124.35922950783844,335.190478532651,238.88565155713187,83.55361983086796,268.62371810348657,212.09445296836893,109.35357611810996,346.84895646312845,212.41279412199344,150.07000432774745,286.8106658141468,176.23863500665868,54.89034290876677,236.00130193292657,188.9561086022033,71.05224770337713,200.72675811562894,148.78806064004988,137.33635496297276,413.46126193511117,229.98218211137848,43.62693596930718,213.24749183600505,151.85289298844182,88.26428696101537,260.1587386706489,191.51308051040957,99.88642441713304,284.8290120438759,218.56009371194693,98.42125722443981,325.453661924424,195.44942807716146,58.62018703603829,304.92118682079166,194.70680648930767,110.37464433679081,281.7823426189925,184.82789064870843,107.90177750811263,121.52047040608707
4,28,0.0,0.0,54.18722570871178,265.69639477598815,183.73832257357057,67.99883174950814,225.7376137807509,158.2490811128953,110.16220570966746,339.0849369395278,259.0259411807562,87.51729725580219,261.77194887802835,198.03185500522443,89.61302229562153,358.07037863652783,214.5916117640603,163.6031609824001,335.24238828955214,169.90165461560284,65.47290928599026,244.4598786463494,132.79981998775733,76.56493167522667,251.4801941363819,159.37508600126432,154.02973529522737,369.14171416103,182.42933741636904,45.7531751761008,222.37069643630053,112.33571997819055,86.74863566788376,260.0313486758092,229.27313338764955,79.47541578646032,276.98800119231703,193.30259559520442,87.00519702278547,348.2967674585658,214.65953361979072,51.159595324057676,283.706547267621,197.58233979803185,126.86640300800464,355.38026963021923,209.1523894333429,103.81510944270211,79.66099703419965
4,29,0.0,0.0,50.054524288566384,238.75944936429417,211.0240932215739,68.04154652877813,237.5568506098784,135.91542494281524,130.38147734231526,369.89085291644653,234.4695981718167,77.17953714575901,264.7208253930146,182.7956336331752,81.29376031820271,302.09186600803673,221.8320070122147,142.2513458511378,274.20479736434703,173.52224444975994,57.93324440232412,266.6630388466721,176.86659762137324,77.13500462338058,197.80228415518692,179.7823532293143,154.5844692393379,314.5617403051019,206.52277653321778,37.82011585186153,220.69074134678226,151.17655381359216,93.53776566555021,304.1235976937498,186.16689101256975,75.42399791222732,331.539349027971,215.54730323265088,95.26966614177694,296.58415689712467,226.0867917234885,49.55471651218402,308.6432709610133,247.2909138624954,107.41554897295549,354.29260952431116,234.1060829664349,119.4888013175105,109.22851548177269
4,30,0.0,0.0,52.89220850434883,253.2267893776807,193.064591039872,69.0245707275808,246.88686684235267,133.62648538986713,106.57429267377175,365.84276765583616,234.58326034751795,90.51158052631988,245.98890503797705,219.95788854590955,93.47036533595353,315.0502123907252,208.83676629266662,136.4058899098241,320.79151461713457,157.83800324478088,58.75071757306553,240.863799176193,178.5403043722739,74.31924296428966,231.68280478466443,153.0079742484847,146.66803651555284,403.4398029507909,237.00142202512126,41.381642966522506,203.96380402458934,165.90881376015122,72.4196395923191,269.00422231846994,245.7457112935204,92.07825044637306,302.90114134355275,203.0088963913742,100.07173523570309,287.4255200650701,247.26454379581847,58.24235659294494,307.5087780027121,228.71278778727518,116.196135681257,386.78815172650866,241.74805407918257,125.30100163346796,100.01916782236805
4,31,0.0,0.0,52.09458885509631,256.85131466403266,167.80620771616958,75.2236817668885,214.22476132950374,146.38871819798422,143.68356403845135,358.3934687721071,239.73835724058864,87.41311644042204,283.23443476166784,172.6713330087129,91.5410744684271,398.43447494882844,245.22701941543812,160.0803908261704,305.8952846644272,207.08398649208408,60.62768235285878,236.03814705602622,152.1279281609248,85.23071444655487,209.94365806301127,144.56905127449545,130.75483942889707,315.3417890676428,220.1653722497011,44.64532115493111,181.45823818694714,138.329970734612,85.07379584110342,265.1989188036428,199.68472523370346,83.58260710004633,301.9276374591752,236.7181836882021,90.5797820570277,303.2226343659993,222.5031033472056,62.26540008858063,300.3521426033108,252.5169275266554,96.52784424098985,376.38668595557067,234.6290335388657,120.0766326304925,89.66430780537084
4,32,0.0,0.0,59.12219231164413,247.3652080489549,189.52531757514373,82.68378249608593,213.7341116990842,127.89987251285594,111.25247514258331,367.86288284019594,209.84180999069713,87.28487239583465,237.57076479419868,187.91287874620423,90.19608639328551,365.44282727314027,258.68688819112407,142.1798589422041,336.1397194596277,145.7495159062903,64.34340574425435,238.14445314022404,169.863106933604,86.82709768638188,242.13897764998836,116.93883737423843,150.6638471169723,385.8082553759233,207.70120354495896,45.445747917659844,190.98077012566824,175.41672081726375,88.2408345842155,256.1420859917464,211.14822440283683,80.85339495418947,280.50311864950964,189.28797103770785,97.97454386521478,299.0731041534299,226.0323579750951,63.13403194297435,230.1225849987878,213.91529848211744,115.84733709646645,332.8655043398594,233.26741886347492,113.47342853874122,114.89880129577396
4,33,0.0,0.0,51.57423302389313,193.40812370024494,177.00862724799964,75.95990345008674,192.94377063055825,115.58911872421508,126.87803079982439,365.85311038123064,258.2429451261054,94.69729407177854,261.68495114779444,186.436432977201,94.14928857330237,345.23014379075585,277.79740365434157,142.7925695298507,265.5900755768057,143.08187897146274,58.23513956080897,257.1822251922361,166.48277767289466,76.84134141968484,217.06168402993643,150.54730075322848,143.45303590407758,398.4688868273223,247.76323845250656,49.5233736369786,194.5913024823564,175.6479931337464,97.89053734828939,271.58850653286805,192.50797443104994,107.65522940348215,301.76473133874623,188.10124534562834,89.5638345518842,309.15711127537224,267.7531265274868,53.41649027323225,233.89424849277626,232.68633533614414,126.1590833203274,361.36606293924405,213.62571589175357,93.05706037493333,87.99604512201176
4,34,0.0,0.0,45.7013988679783,253.82818684992245,167.97983942179417,72.50929859839422,192.0634477583335,145.76205198802268,101.851449057428,350.55860065460075,268.1634310624932,85.3012927975121,278.15997570649336,190.13351777135242,90.61926830729408,322.1861847306834,234.23736303317187,147.53876525858513,314.5065428062664,159.48276852705374,59.711396976303625,253.70743869486128,198.07790533567902,66.36379840658358,193.63819315243788,120.8007256479911,160.15862377900027,380.7199823198982,241.324192446987,50.33272867058388,207.32590966497142,146.63229325593394,87.86310695672364,279.51512197575715,192.83781716977785,91.59499200834514,332.27968667515177,217.20259848273514,96.60602037054655,341.28134904614086,263.9111789039281,56.071575988794606,285.0633151974983,220.84061985606405,119.52134854056152,340.783060713887,229.66937383243402,119.88047364856004,95.27204865582917
4,35,0.0,0.0,65.12858889570168,232.42918239971058,187.3447504494946,79.91490828759382,204.34311829239624,131.07542323058453,114.39144231227253,377.38972856667147,285.22972211096015,94.5600285537131,273.95797460073504,195.5191690917467,104.5807063904397,355.0100049412051,219.66110620337713,139.20285419738835,292.64387192828724,170.2104314731746,58.88696812625683,249.27411947828404,173.76847453343308,91.08100469641086,261.8802110275042,136.79320849915885,145.18933748713525,341.8882574087768,210.21212530255116,45.30229807387804,222.18678880512581,157.09539780306045,92.35442014575295,294.14732171952835,222.5958030195894,92.15638860208954,296.3246421469049,209.24708621083454,82.90268709084349,353.4472673509574,197.91126338605562,60.8503576036694,269.0195272911846,228.89040170882566,102.06134083873913,277.59119877747946,287.98149675477237,102.550825099213,116.56152126400343
4,36,0.0,0.0,62.018648162039554,238.6631014200991,183.1992155321776,70.18688966606655,231.98335662462068,136.98879041829193,103.45266045809541,400.94144992758527,226.81105433378562,87.74801817593048,287.54911289562125,193.02324557362806,100.92354700496392,287.369802329615,244.73138445527292,119.25174316664365,318.69229430294007,162.24595821544526,62.550020041237545,248.12617674993174,198.06402947460276,73.35632850450288,224.92891200174682,138.12823071230073,122.71142704709762,357.09378559231243,150.53185344022282,43.36740970608717,227.94490005109174,184.66842079301875,100.67860995643933,325.0994454969443,230.75575945410571,91.06756063271257,279.97208178466815,202.22354213154904,98.37659881228281,302.5727743739064,184.96104422093634,59.85688083921084,271.1804556481811,202.9971569418135,108.89788700991235,294.25728940890747,217.07286365595286,125.942021567777,90.40498932455709
4,37,0.0,0.0,55.81314300833298,217.35870843954686,174.70212429460582,72.59173426173881,244.44711132900986,162.1067689903216,116.01622092123523,391.39058522194404,244.29165182741326,90.72058698138483,309.8609196104239,161.56953194241188,78.50200304382787,324.29528392113997,239.33293758187426,154.8867519465525,299.3588043090718,166.63475044611891,52.233140422829074,230.88927467742215,166.1052180316925,65.77227592842328,231.91856675422272,132.3774092151044,161.1995614541764,336.5804545159803,231.05796573887255,39.32738207151821,198.36390869210734,148.15689536519403,90.82531776335564,307.2995481878853,179.25944116446766,85.38802841042484,340.0895237155475,259.2965937992308,98.96844235601253,290.8577450393196,231.82462040996245,57.59710099922842,281.51284224482754,213.20557076635419,124.06672715152749,314.53636110963726,190.66880222788146,113.55475580840778,49.85873132209491
4,38,0.0,0.0,48.63287910694473,254.58740245028955,152.9461658820738,69.56478000673788,196.90847482829386,160.46092805051825,122.23705496739704,337.9867918991082,249.35608567862212,85.013959926507,234.187953561115,170.6441346270183,100.4338892164295,263.6538339153655,248.54565672482553,130.22829210773452,298.2069225158499,148.18078023884104,60.25515321754175,249.43029961197658,175.0785108893096,79.00761827231182,217.52672269804546,138.22279549226684,146.64709682461466,340.09040959196165,230.2747754507302,47.442769372133505,216.2759821491222,174.43195740955514,103.20791606399133,250.08630018181822,198.39818740178356,88.61869501029389,333.74466349808296,217.74123302820618,97.62255563331345,324.8646006432242,175.64584791667357,53.548251542991565,256.61171559933587,229.2172345799314,114.20325544868841,308.679855378079,209.53815205453074,131.58825073873277,110.3746851379965
4,39,0.0,0.0,55.43831898371143,265.7182045692803,183.43428315800114,70.37254463324685,235.01405650575543,154.84816117192204,109.01145953600195,454.3775348354198,210.80864682263498,90.14770711524208,298.0408820908451,141.38578102532273,79.47360368047129,306.344360577637,276.1707234627381,170.34122841042924,256.3296453930637,180.35997340677153,65.37510095002781,260.5824738428843,198.7273866587544,93.11343247663078,206.97761925689505,120.67149769275738,147.23972347210508,397.55314444207005,232.56238179260845,47.07121705903374,213.96247338203233,165.64027154917852,84.37616243023781,270.64853834315375,218.83037380062964,91.15217113973995,354.1813706964068,203.26270862128837,89.26331096869869,335.31201917891684,206.84106129321577,69.39522448618294,242.42410263718574,213.9976054107896,94.16819899622465,360.55084157202907,237.9911199551337,111.69700970308111,58.573317005426574
4,40,0.0,0.0,53.217891411965475,240.12982853036,153.87674589967529,70.31550054691029,247.32470307435923,146.32487722707398,115.98923535978454,391.7517888831921,212.13695068680428,103.78507435512111,286.2135548582906,152.5998591292519,87.94052131925855,388.76444445127953,268.8636012162382,129.07985623076624,259.5785297972426,160.53809405345578,59.05185605401148,249.0370667732268,180.80713831190442,76.94839396774158,206.065950507933,138.5102478236966,157.2911017779569,406.7219552416509,212.9760388221274,41.98945460962242,205.08173538933295,162.9903315015333,94.1393945550707,251.71096890068645,212.75047479449736,90.54738020931441,291.309146898457,218.9729089136497,91.29028962630628,294.9462306018674,250.79298409232146,49.26465295887459,303.2022296123067,227.91554809943045,89.41310378044315,349.359554575784,228.42521494880694,119.09312561647118,113.0831378999112
4,41,0.0,0.0,50.41334170194331,254.31244110285598,201.69230789657695,68.99045345886022,248.4431607412813,154.05696463759335,130.4563412138649,359.11865194751,252.8441834679848,86.79970301584011,282.48657800630986,139.927753772281,97.59615775518981,374.844686918708,231.5048014512834,134.1079065195518,338.4993150888949,140.89064799774837,65.50065156342411,229.66702025829,190.7408177757981,78.52270207028225,216.7346894083387,162.47329892771202,139.92930524943944,321.3248825132005,250.99925105509462,49.4541416312404,214.88974239321578,179.40751931322356,84.18762925298616,312.1095990437044,206.8852872078075,83.77812193874577,272.08486178083496,187.81536658095536,78.02758440061518,305.9690634918825,226.55885018696662,59.15185301805071,282.23424806543,192.8560699579254,117.67013441959631,325.1225735089793,249.98186569872863,107.0760424934524,130.0046928221379
4,42,0.0,0.0,46.901617609469575,212.28037629379125,178.32684297026196,74.57926734416148,210.79016321486358,164.44721884905007,114.04658943123171,366.12280403843863,254.14265158210287,88.69730586683622,281.33985396102946,206.88836308332165,91.83553987515626,302.6714307658797,290.3885358811548,174.62036873161549,353.048148869574,172.12465046164792,66.56390633906058,223.58946125762682,197.39521240494713,86.22301875747111,213.92279625933395,156.36844319502654,170.79879103954514,373.0410305991524,195.00610771381704,44.240266021599176,212.75696231947313,167.31030404660058,86.92589339092952,268.41222350573116,200.44478099910177,91.2424876851435,282.76406954160575,187.85748081445064,84.604848387899,276.4714612965364,244.98848195988018,61.33773984275375,269.5852527989589,187.9117331422961,119.87553594214243,336.1037379801614,226.15645795673697,100.7840066116307,108.9409483079237
4,43,0.0,0.0,48.5577028706523,242.44586111802914,169.5554005018298,79.77738525018046,172.37748806166962,152.54966606958655,101.00526118017785,308.9570338950131,249.24679455459105,81.20390731120608,303.18563854839465,166.17269863139109,91.17878257453906,341.52999364755397,226.4008853866916,152.06518181407557,259.6218051629212,156.28491398314912,61.64255637513173,272.007515801661,225.15666781468607,78.23077786643472,215.4124965398076,144.5387446840723,133.53074608741335,365.4324559338592,233.1211766430617,46.9457416863143,217.45287719288808,158.38133882932806,73.10182864523503,283.9185344189793,217.65331374105,84.32517429983373,256.6583875897488,240.96766047559592,84.29574822071535,325.04246223649614,201.90181522288913,51.54653290042663,268.1067590412114,223.4632257248237,100.84085983083783,346.8998976158334,226.10755020852153,106.98708135695263,100.29585060417486
4,44,0.0,0.0,58.51732648883367,217.1157849609408,179.37345502112854,71.79613341809412,214.22932179617533,160.11271561927921,119.31527471904519,339.9443841364094,217.51118165680478,94.96429638142453,281.49061580801555,174.87596465435308,91.02288797917234,328.07296569304384,257.4614077659894,147.51541796283897,313.7885088778718,159.70996822318517,59.03703983550096,220.1236427028561,166.0928617107466,86.94649878059654,230.16361793317037,153.72895231484034,164.00501366197525,327.34192528351383,211.8468008002978,44.78309989669289,203.64266278180898,175.6962753356362,102.02353433138161,323.60686419990157,217.74263631826187,92.46764661039794,334.99248750078283,243.08498336203652,88.0425331281384,262.581627631396,232.99413082982983,57.284511609004355,309.0042951206794,186.50574206663768,114.55890369499215,321.7144788348509,220.21262554928438,103.32831475406836,85.94142901591302
4,45,0.0,0.0,56.54142897536254,252.67582515801882,148.4188025935406,82.11262644043397,224.54999176554284,123.61041517038053,110.29950445383778,379.85211997633854,297.786383431268,89.02665019613691,244.12722886798758,194.977368730265,89.72338899451844,319.2348843396039,197.62415670542748,136.51997268143512,317.3076413036153,153.04128400513105,65.24330270359249,234.2266395191438,205.65153474018445,87.32282083603948,263.1452961351177,148.8070713983405,136.4680451144465,339.39523701660534,191.01272523312934,52.28690956664,242.15603888356316,156.40100419109876,91.29985853912177,288.52639350719045,237.99167702638647,89.09650957729771,316.4759045258862,198.15525897977204,74.53680628129314,279.6911120912206,215.62975456267947,59.061630232208756,298.2845848542829,226.98147696385206,121.36427167413545,411.0120271562107,183.13442571828676,128.39454217342148,112.21836154884573
4,46,0.0,0.0,55.51295370615799,261.9241176737561,201.12427456462873,64.95374209205738,207.25085110734446,135.8841136296813,131.69258013393767,376.22674710211624,226.46438668654108,90.09333421010876,257.40002894069437,200.8058182947105,96.78165263856944,340.4670804343614,228.45589449885642,149.6400844497893,262.87064403400365,140.40237696378944,59.698790271493664,239.52128258893603,164.99150372828993,86.29055582094318,198.29554108622872,144.83892400459638,172.54192600179317,360.324803751785,230.70486188804324,36.5552191255043,194.31693816483593,160.42782495475464,82.5542691773165,298.5793165339816,204.33033178058434,72.07235512841034,312.7375088877373,206.81980460325846,92.11492136903496,350.8665412910656,197.08362753835019,58.29233112365951,268.79210348835795,219.20525592698954,101.29035107277886,263.21848065460335,240.4675762309611,123.67697957749854,94.28429006933933
4,47,0.0,0.0,50.45790618847013,252.38469567857402,195.87287084061683,75.57245554184513,186.830065418045,153.99105029793802,98.39914347116265,402.8410360131227,248.02311522305604,83.61583261146136,274.3418562151593,215.17343347277335,75.83446975340385,346.2010492882746,241.17674187028905,134.29997898035967,307.45670844215067,163.46428592343355,58.10255297203974,228.27534919569973,184.68794834300923,80.04193745252049,212.954575600966,154.75112386402813,160.0371785121808,362.0166540404699,229.37828449506046,40.60597558787495,204.77018891072154,157.4738585531175,79.47974035661562,306.44039635000246,252.62931825358822,79.37877540666886,333.3609697991425,209.9817381150053,93.12745887228354,315.3471412628465,272.3843663516908,60.56136129462818,242.7851628848457,231.71208568572672,107.3499939865584,306.9326265699846,226.98530548261138,117.23745917259046,115.3498547095921
4,48,0.0,0.0,51.7656749536029,215.29776749112457,211.85920475764428,73.19379596972823,175.15891004598356,141.37152015636434,136.99471352129254,345.10943146568786,197.77816883522328,84.27179777253423,274.7734046426773,201.1444663254462,96.45889668860114,293.57826406213474,211.40894522514898,147.7073422883198,313.7815245238431,147.0438225841205,59.007786693385604,198.28831072113707,186.90638164016093,78.17481147523071,176.62530754255397,104.34979163141375,128.7941013577249,390.8002218727649,272.42699303865487,50.123325665979536,208.1404916322593,175.32986403903703,96.26731984017792,238.1928713677186,251.05763458903982,82.17324068771885,333.97614735719793,201.360181551634,83.00707836530046,254.87446240454744,230.89512831081697,60.837860304596184,252.67881120550692,236.5334373178773,88.55678243274508,331.05824449276975,247.4982531076252,91.19494310608586,113.90972344822055
4,49,0.0,0.0,41.084228953317364,245.76018042637827,166.98714586126104,81.98718205639747,190.69172180587137,147.09055508293451,123.37617699281806,380.71122211710923,250.77393593864164,78.26567046501805,246.1393489250624,179.9622857882126,89.10030549812856,332.6621465068148,276.54816297253615,156.83117035098294,269.9263483055503,187.60625511623272,64.2593478987509,227.10323374562049,184.98803574833653,62.42050084578824,213.40545795379646,138.47330176626923,123.9714728605113,415.0288426001442,197.26434139815714,42.45897485363467,184.66402147597472,163.33138036542,96.70721332474508,272.85544651460765,218.10472660869286,102.77395091544302,275.0062437677458,212.48768034408866,91.10029430898756,333.4612957850205,229.37448726106138,63.603037775987424,284.1307728935701,220.32902123717506,112.38836689991258,313.8042715584254,244.9025211515171,100.00459278518053,124.08676024838614
4,50,0.0,0.0,46.759490664857225,226.55644657174565,186.92602825693882,66.33822715665231,227.0541741205799,138.61356183414088,120.7957829287963,371.10317674788456,239.62267246407566,93.78550160257835,259.80514975574704,197.24024659961904,91.44478895327688,358.47337163640054,249.6264190885595,133.4643557555069,298.329966964132,154.6505795972822,59.40776620651788,239.37364982905007,172.89444920734638,90.90599716592244,225.26465355538838,145.08871326493568,138.04381595147657,344.3333714182287,224.82515506200673,43.13118185274648,195.16859627941471,148.57314582508658,77.28598458988925,298.0712672528421,174.3674793217621,82.74480080950356,340.1550128953396,190.61378955690157,90.7254717654921,303.60252724039304,223.11588660881193,64.87539836285544,268.24748122978195,262.99380837102217,113.16782143390719,355.59565818229055,247.30171420635466,112.01617279965053,130.75486015525442
4,51,0.0,0.0,58.69917555900812,235.61737164546807,170.7042965417831,78.90761479315421,175.84086260880588,144.76267790441167,108.60314213362524,379.4949648838501,256.57099715235074,92.65998614596546,277.62731322117446,178.02212491819373,104.40560910758134,351.17809730539904,218.94645042268704,140.43944848401463,324.5479521166968,152.7806870843933,64.77758177388881,241.13541801069655,190.63164383386822,62.68625380225315,252.22324639337796,134.797200009334,150.16530378661304,440.2601285000693,264.4007464575336,43.579301242110006,214.48744988081663,170.5943216597716,82.59508598261107,298.14456381645783,251.65138819205598,78.83563116633871,336.1424864004262,244.45332466234177,88.27788266869145,285.70284005788636,197.78699205790534,57.448780815516535,292.64759595927666,204.02454003609768,117.10634366297688,325.2700649869507,224.8135312412432,94.60249429167698,108.6256179229602
4,52,0.0,0.0,59.31848127007892,251.6679811539711,172.73446516986778,72.66933921199315,205.62379821592535,144.20007093632924,120.8881202479979,375.08971102360016,258.7423767239874,81.93215702716961,207.25585627487848,207.72930134799483,97.49409389223183,379.98982266656105,262.38783058731576,172.27474040266333,311.00347889638095,150.19029284725377,60.67201200246338,222.52846178890147,165.45413456117063,78.7315367889206,229.50379586386228,135.79617702349393,135.349591953325,380.4084571997741,224.5494539002488,48.71076164315995,178.03544252967765,154.62383127263013,75.9115214610684,299.2663648885759,211.32610404274618,100.08477872021632,328.1584876568816,273.1463673487567,84.15506138053313,301.92941428818665,258.1687118662283,57.65357922876635,251.09246683531526,224.87158927282724,121.12973230178818,337.61748370115464,219.62477281253194,100.01698437493998,99.394925202888
4,53,0.0,0.0,50.86261905612035,218.79319493029425,138.32683082138416,72.5817735833389,249.2848177379826,137.10234480964027,121.49450196980327,376.9351073444153,220.60119977856917,91.20550628167814,271.17170111565764,217.2555977198157,96.03282315502778,339.1516082160621,265.44935063440016,134.11597195894592,350.93498425445017,179.36349981179129,54.46013343549127,254.3666741828391,167.048765249977,74.06380096426034,272.669642141331,157.8655303460254,136.64646414736526,380.41202251241657,204.6901937630125,39.38927677960806,234.80144245302122,161.79226670423543,97.7772796445802,273.24365923145746,242.92202497388504,93.7815349892301,308.5621718561093,203.2214749342822,87.72619840533272,332.76527323779754,209.70287048213183,66.4492502964348,269.2798686911047,211.22965520673216,104.14997514560118,312.2907531667186,162.64133373270494,109.90768281535536,104.46853678770678
4,54,0.0,0.0,52.85964815573156,247.3935728965416,165.8980875754225,76.74704231349747,191.4540787164144,127.13811188032442,123.09831698058454,400.89730069997637,249.45149666539717,82.51023337650594,248.1312101339617,169.09179003865555,90.34320292958405,355.51564879120065,240.05207510842146,156.3043854829466,281.65531163066817,154.2536321174282,56.46746644162312,215.2752268698153,178.342039306985,88.63101926096056,238.45017465110482,140.05319516581721,172.41449876177114,377.0785669691569,205.94993243965538,37.995338116804774,242.36175726730258,176.9750805377467,86.60345577876316,283.12708383223617,194.25616192383794,98.55915978228339,362.495150495972,205.54571859583734,87.65136403558039,281.63292197345953,219.29837285305823,59.795308242789126,268.9817631111266,201.32392991083833,134.2624313793128,359.1349841889417,188.8193682080662,105.85969791526676,101.15539566579994
4,55,0.0,0.0,64.97324119671019,263.3309333102731,183.53005963284406,72.1070496497418,191.95503659077892,153.21368086180615,115.61583555848952,375.42016356027966,229.76451001102723,82.01731936347268,294.07055947004943,170.56359585491865,104.18816244509601,381.1727415552543,245.79900677601066,140.57814238499915,303.87927497766714,152.77421543267513,67.06040129362427,240.62278489218713,188.2239628962009,73.96658300065276,226.16569500053046,121.38039531525466,135.17850860312137,306.31476898041086,180.91935918769363,39.74195737210147,205.77711807891058,151.59408758750297,100.3529742726665,251.3538341402052,207.26500010416427,89.70989539624864,343.9047985844493,220.60956015058377,103.17965624277426,325.3900250700095,210.6667278556573,55.92903828867764,259.74428682426617,206.0358508220552,121.56496034341956,317.9945236594697,205.67641319501405,113.84000467375232,140.98531222465584
4,56,0.0,0.0,54.74986540647889,248.5660318004787,201.86782615551712,86.46448944519308,209.02874758076723,128.4382877706892,128.21528921467223,358.0971370974194,330.4430475891209,79.85452010482734,237.05980240746746,173.62314165412943,93.21449138968977,372.45514806482436,244.74202487821745,113.3882237226285,324.5692324946482,175.66026824649887,63.709725629636935,239.77583042068179,196.81406161313313,74.88215207419067,235.7633199200743,155.41503116054383,154.24784997598084,331.61126228668894,198.30618139812782,41.08829960889369,201.00400483298867,180.56825577033737,84.34898128147024,268.28244423610784,213.92861992155747,86.51331360116816,339.42060945259846,236.66328075180442,87.00439430360977,329.8253017737785,250.70851463449145,54.82185852322797,277.7901665244828,227.62563666402377,106.23515362688076,356.08727072562004,270.8269167647736,125.39195149234666,139.81759561335247
4,57,0.0,0.0,58.370974436232885,275.4849094216592,190.15662023406088,73.19257159520629,229.46553863562542,144.93243076741285,126.02021816495832,375.42277612970497,251.05166401289753,76.91962544248335,288.2916386933896,226.84637957224274,102.69300264515977,301.7191598997156,250.4995738970275,137.1253146722287,317.48870976781103,156.2810264616667,69.95642207032628,209.04863576879006,162.92911623192072,82.04777225866702,225.8450039114576,145.32317697191166,132.60146658561473,405.95294894880453,232.0996115692539,39.82326722964258,215.08446345358544,162.99740157928255,84.01230141665665,265.1590675678719,197.54661639680072,84.61702397624398,331.8872364043335,215.80898027786245,82.5293104371659,328.3116768220205,260.3588706771863,55.83827369599102,299.255152883185,214.8052705955573,104.66911092699311,392.7068931764187,176.84820753042158,118.77782103827427,109.01337754651418
4,58,0.0,0.0,69.46503052011695,210.5604087077447,202.82935148564738,69.98671456423402,212.77563911253162,142.46461166870793,124.74291949722121,346.160643879184,272.6905112071686,84.61861257999402,266.85099829337884,191.29582440262794,96.88189613065337,381.4646651966482,252.57625130759106,171.94959606477175,267.94706534701004,167.25471353786278,45.45555096655551,219.01409174338647,190.44667670453086,74.6593682468116,232.76763493836077,142.16055283073248,147.09334512969122,339.88148470168187,209.41821624016595,39.70894172063157,177.62844754214632,186.00345854608264,95.3950246272789,315.4398711554831,211.8136034631943,81.4221348049796,296.72678217197944,174.2937025926823,94.81793984765383,357.6010350572297,228.46812892547626,56.684125361926625,267.0531384515147,237.1037764246212,107.96046336425829,364.22748760483245,257.7877345752539,106.68157761037436,81.88061636326097
4,59,0.0,0.0,53.61942559748094,275.9637465123093,179.07179060560128,78.8846223880458,224.76459975488822,130.60235889871393,105.44624151298325,359.78171534347075,264.1720601692389,84.86746813797033,260.20433267337353,204.3812041353537,94.34775777969277,307.1028184404721,207.4909752544312,160.34524381194393,314.9614732713922,173.1065326843802,55.33398472458682,222.71103916941877,180.9889424828235,71.62909378427389,212.76175972101413,135.72071762554629,141.1292122251492,314.6964542532777,209.8504137794094,37.36916247554888,234.57065508879424,171.01280466962115,79.43450575781826,263.65820749016905,231.56481795017703,88.93051103781877,307.29847346591106,225.20959725543992,102.45021944793004,326.0929246430201,240.29417166391724,59.95631205135743,311.0480475521988,250.2226700646615,114.10129271926844,361.070243548328,229.58771689795972,124.27375519141137,119.03547712678946
4,60,0.0,0.0,45.67383203546882,257.2831102190966,205.10097914619462,69.05585040145975,232.34883293131412,143.09127327181616,112.1254203995651,399.9232689061158,207.7682123571669,90.21875713662432,289.5118790925601,212.19003960848386,95.1301948319873,323.6528528431821,260.2024718841836,162.7328350235617,323.56393001774717,182.82532248458455,55.34671172606471,223.70407078523982,128.34058026405938,69.5078828077107,217.76749481709092,131.10435638783454,126.87088127760502,387.21009103457436,218.2707887101415,45.1493213066676,192.14932363646716,161.42703227561213,91.79025947946594,302.6877644217757,226.99801447129204,71.50685178377695,275.4066332647429,252.03548440353865,73.72339704584901,314.82139055406736,240.52713749269043,64.91860021618575,288.5543148855207,185.7413430551353,117.63311303750777,361.5711407596987,230.00827504457533,115.8022909486008,111.8308194939397
4,61,0.0,0.0,57.712260348259264,237.96114662337484,178.72255813959688,68.76090627880185,238.7570055619214,156.98461242414552,136.9898454311735,432.03268661090925,297.0667492556874,95.48234753516438,293.3870570101689,187.75780739586472,98.17529586997202,275.47842936024927,228.08434988173508,150.4057874647966,292.93216545466345,161.88459851414063,59.08318191855183,259.7199461276278,172.72080737188912,89.01593578779611,233.60878652945783,148.30596117121823,170.44425674411895,364.43811904254,188.81614251646016,48.096643309222465,211.97694222879525,162.28099342010842,83.69160563952428,275.06718537778283,193.6065569277543,105.78604239039986,315.4399052949631,224.7395963053512,98.06978272888216,270.80848372746715,202.75914874600858,59.30434958889811,247.32987161344244,178.96560933776894,101.06030991248636,304.25696597738266,200.86940508687323,104.60607798153175,76.17711638981382
4,62,0.0,0.0,50.63667151795778,277.9875996532846,181.1125000842521,69.21680641340754,209.56946144227973,147.47445010581725,107.57288730652705,336.2166200399081,278.3968673388235,85.80147896556886,238.92102180396367,182.49164924686383,85.73704102810139,332.9277515069592,246.51569008501562,169.78668244132345,336.1135494491475,176.97313866483356,63.18826199071827,216.09489450814837,190.4527874341561,71.21575227856877,241.92405732241178,132.1032766158856,142.39653857883496,392.41831781100655,215.68345607138127,42.35743959683468,203.98490497683179,194.4972317122566,94.58223960362359,269.64149109923073,218.53732787256448,98.40141781621341,284.2226212184756,238.532941256892,108.26423990403673,335.52440920145403,192.34103957946988,67.05914820275044,250.67094014992776,181.18695147825255,124.68981968334724,344.62366660321896,215.2615102013694,104.32250300928607,110.5171604097754
4,63,0.0,0.0,46.772034920065295,230.75112793681834,184.63377503669022,72.74076008036765,243.87878263496708,143.12513783036653,117.43111338749189,372.82577959378597,285.1139280364847,77.15183262164659,295.39912813323133,189.15349096104757,80.06200065191304,358.92912600448835,269.63882246000514,150.98564350424834,361.5381650649016,156.00489477987097,62.94865877680346,226.3649251049923,182.22192217583986,75.13960908771497,178.52871043735868,140.13849818868343,161.1111026444664,390.25293034256924,212.63436966637562,40.41622582778956,210.80457521850428,172.30877289843033,101.67923426109384,345.62920542023835,182.29805996094342,80.32046762439751,316.7223036441635,172.09161043178216,99.53244607002821,318.0819634024109,228.0866614873924,53.308435186646264,259.2904430047472,208.39930412554122,99.50239383028317,331.46656781951197,230.0677984574237,120.14911988395231,106.32638536567606
4,64,0.0,0.0,46.75275786589607,235.89947186431715,186.99673313883144,77.33842631008143,209.37600369323047,146.60676977887852,105.09055477611662,272.6218169859259,232.13780792209312,99.3662428644653,276.2930657660869,185.63876543200683,71.80796793951737,364.85533722660523,207.0263619101034,134.96217010619483,352.67773939026773,174.9174519935837,54.989018734338394,245.64400094719818,167.24923784011787,79.59036391710913,249.97865132970884,130.17045874635986,153.3782486412429,369.8684823804172,196.21183551952174,46.428670490296994,203.151741864536,130.36020323202317,89.90783446989893,252.12614404777167,203.22957232595965,92.61066036853347,297.16412484556474,190.04160236748868,74.17134338098734,282.20121220004233,202.13412694498618,55.410717416889995,275.8626419750129,216.2049784028663,109.82215260642494,324.8557455084,271.42308344370406,94.73406603118403,140.42960414637705
4,65,0.0,0.0,56.9170127797941,248.254453623363,168.49068514707642,81.96663322485276,184.34007669677902,150.2457776535011,117.64590629857759,336.2756538018519,239.30138199118372,90.21850458449971,280.1465750518428,176.97953231432663,87.04110343040253,293.0575391313625,305.2728326428613,140.50980251464944,334.0708664914935,168.42331272381054,58.68151489378439,234.07023535031936,192.46257898555965,94.7285621650492,187.6000205815746,140.88301333186794,148.14595632064658,386.9185983437779,204.9482309210346,46.55082169698743,181.2866506808817,154.48965830656456,75.77524022075026,290.15310419497206,176.12091714861114,98.1408995688875,279.3260431197347,202.83532345624764,82.6245825457713,334.5561601807645,210.08779988263643,59.86040746258208,273.87991202214863,224.36582561197818,111.92724964451543,364.48688162788847,248.08214985154183,105.43838583791634,102.89152130933114
4,66,0.0,0.0,57.625902852603694,247.66557532228592,162.8561127852107,70.17082301817547,257.38329173309086,154.88496564601175,125.50375568161137,348.42855764922604,242.90149108793346,97.90511662090586,241.4540701518436,163.77773942402084,89.13007966797596,376.794788534425,270.88346311990017,144.2116038074937,336.6560026431559,167.6776837928423,58.33923537956491,231.72231405949103,141.17199501244394,96.42131943321009,224.15299983115435,110.55825359348944,151.0833646163824,467.83662697928963,208.04568257771444,38.82343778336333,211.1451658568225,161.85868119000435,87.16763446068342,289.5213485137095,208.7625062551925,80.02580675498093,316.6561484542276,210.3761984617313,85.73271410677303,322.9578765112799,207.64010312374617,64.9340528311834,295.28594140692593,215.53349436781136,127.81554398911345,408.81797493968315,226.21369564921181,107.78153151085219,87.56853765959406
4,67,0.0,0.0,49.97609567862557,226.82811706451616,169.69960157324164,73.73833731334749,227.3183420691073,143.25800254076893,129.62204083116862,353.11718314227295,218.25368142789108,81.7389178458115,278.49233165710405,203.34242649568367,99.79573783818148,331.4147794245394,260.03570341399944,146.20112926361313,327.8915154949646,161.6709285450014,60.387405833160656,228.2773118019032,169.6935879649266,82.107792585793,188.6437863591463,105.61355335530337,151.25778595276674,303.26486703083316,216.1299997290143,52.238928660770796,208.17900785764917,205.18599648573516,90.40575977800185,324.1332536241348,255.6028477274885,87.65872827005585,300.19800771314164,227.15407945710635,93.70470771741701,314.36141775458316,237.94682276398615,59.92489067058235,260.67833218847744,231.36049793101486,119.82316328878215,245.19918377850325,240.79613434279315,96.24397634609362,90.80310858288297
4,68,0.0,0.0,62.00275592355778,260.9724256534579,204.7029324593118,82.7077167135838,199.27863508087012,136.20038667083037,133.41861532551775,371.9013748026854,239.63993953142247,79.26504078066517,258.097274455998,188.22908966006648,91.63934508894008,342.0549424016863,216.63892025218527,154.5749299126805,291.9598537509339,180.53385681122907,59.96313995894735,207.3678476718275,204.28794337992213,78.82580783101794,233.51353107898285,125.69390966392923,139.42186350883026,375.56132519723093,221.34246257574495,53.68554303875343,228.0441997416093,162.97640955121787,87.35626050464873,328.7461659926321,203.6717679351789,81.99274845890538,358.9872009177003,233.20378879285056,95.20124256134633,291.4579343433456,212.86844116338298,66.5777859775375,275.6535651938043,212.29910213375663,122.14119076722612,360.3513144387179,225.22238143629863,105.54351341111794,119.58892276859788
4,69,0.0,0.0,52.02498610884229,227.25475453937395,179.31584511871802,75.47455492848266,206.85949657305352,150.17599300953822,106.4817488938765,359.5575943636391,242.01199603462595,84.03363490418457,237.51233588045133,171.09724505952218,103.4645590519646,310.1829598869761,277.9356410928642,150.30036871956423,306.9578467913363,168.80492505553272,53.11164132202974,233.93004436987718,187.1114250355597,76.7611404313285,219.84678290819173,158.01388104148987,160.4535010127761,444.0815395695246,214.1131503607391,45.997094602908355,244.18578671409693,134.79834543632947,82.29979519343236,348.16122743797285,210.3531756865234,99.02664516895076,338.45637884149846,196.87332348774828,85.37597849808667,361.19066012684647,239.39415625105556,60.19234247957459,261.6385985157321,226.27244084871532,107.00898890112711,326.331130098722,254.6022017763785,104.47070427729605,124.49961634588942
4,70,0.0,0.0,51.34185738704966,288.7096026840288,171.04161911037016,69.66056704317683,251.2696967175095,142.27279909640274,143.19563371690302,394.83777760908214,253.48445643218813,95.8842584021936,298.47116451686725,218.1251698043215,91.08686322517113,297.32226274590255,240.62677102359032,111.6155651105974,315.6775229529447,186.30942508006135,58.203835587350795,261.3817090073646,180.0836209211122,82.52246805900931,214.51301167002813,121.74643422808623,162.10098457498108,378.0600492266208,206.86275298688582,42.12939675710821,250.55693883253602,184.5091229601665,79.04156610939077,327.2773346044341,177.7018124056939,88.81247855714255,349.51661097782744,206.72245743349262,98.61121637580874,331.93845006556217,204.7097654722485,51.024521499644386,286.3464156178605,209.7106103842753,111.97030515782933,363.76090552279464,185.24679953597507,104.79456799664814,113.12991648006226
4,71,0.0,0.0,54.241019683737754,233.5419973730945,181.0474203331395,80.69912136575097,214.0350248764788,149.52500489540697,132.59882272592512,316.40405423172336,235.1556554872887,93.89590866355694,265.19543733221377,198.34224633936265,91.2282381565535,340.270300611611,237.50886768498665,148.56623468096595,339.18444274973,166.19497552944304,60.73947119392928,283.54838742977546,181.60696974412312,86.89884995956183,235.53926859821385,131.11257273229154,169.54174277583874,397.37038213222155,215.32494967981336,46.73575267089049,233.96579674989243,154.6625893154054,84.35193475525863,256.27089965319874,211.12925709235512,91.05796727354553,284.80802674058793,207.820991246731,80.81201924041397,312.50420927877843,212.0010080642983,65.00394662466256,253.36409889333126,189.5556744750187,122.489236904032,300.00104551267043,211.79674044685277,122.33674985591153,122.45066695471544
4,72,0.0,0.0,47.610284961629226,200.86819912058326,235.55117352375427,80.75868786575975,209.79213374164686,139.7630413076843,121.62655408770199,327.83476013781666,251.0769053380324,92.33729848387837,317.3064350852859,189.42739309465404,100.78522159601212,330.5776099352346,229.5532024038848,156.2721810929257,278.0933844645859,160.871989263411,61.9709383468434,245.2126950383267,172.96985815897608,71.93396859594299,213.83418197627606,150.33377896475002,138.44872226236515,331.38277430011067,251.78947910005866,39.749647887469536,204.3338416308867,179.92230903311594,76.64359967412597,270.3062958292062,228.9563314729243,80.10503142863438,312.2357051005191,251.6228189487333,89.8423688711191,336.5075730448405,224.92336142995893,51.046246785914434,291.83416075052213,208.7823112385213,115.93279756754852,342.4036808092796,241.52028046547105,113.10714738943174,55.048144860695835
4,73,0.0,0.0,50.1912879634253,213.65148968250418,177.77333651626827,70.105478768597,206.06277051897828,140.53584011446628,110.15515281173381,402.51358923330645,242.2012931646155,96.34512002516891,295.5876435123088,213.8421475234917,97.50562287059017,353.1003590679856,276.6756416183227,121.50677733636518,316.42192446804245,181.7933472684025,53.598701596484176,241.77197173243428,197.00216052473414,88.76508524859878,221.1303266482631,120.72965946611359,154.79208228851547,387.9056964834574,232.3466804114543,44.24359450604683,221.8431893173033,183.52495993493142,107.61455362155348,306.4592715419945,216.9703811263749,90.25932718225185,323.4849600467084,216.21665734104516,94.26010984018973,293.1505275187317,201.92470226519595,50.90307621887187,256.3083470858364,203.00330668745198,117.90677474533545,326.9773511584936,223.8348600341264,128.61744188316504,124.47578434208143
4,74,0.0,0.0,49.506140036161476,210.43673229833644,184.4672616695651,86.89374937147309,252.21491564426157,127.26670379386266,127.54136278303355,315.23944476735477,203.8919377938816,70.34421389730626,278.0271438287255,191.64144364069293,90.05778400554544,304.7261995901304,252.40786393111998,156.7277329417683,315.60375271339575,152.2443691047598,65.467434827766,232.65200398550363,170.94192651936478,77.32424401549875,227.66296178178536,133.0768926967729,157.99710805038993,308.42954118761816,209.4058456914511,40.041833916881146,191.25327640113238,206.9401378798661,75.14634428543116,293.3601772749217,186.06671237209127,90.86339584131784,261.6791092930918,213.8910417126334,94.74036062466821,315.5580584638002,257.6772978616903,68.12901580797448,297.3168069937501,221.22397816651377,112.70177733182281,307.62724594546665,245.7101749743555,87.42116246136817,66.7062476079395
4,75,0.0,0.0,58.61929576821357,254.68419022109032,189.5926413292268,65.90603477348982,244.4236532212663,123.79152859221574,116.4409770856174,409.99338702405004,239.0723836893118,87.2409204765331,305.9557472456709,186.59560737728214,103.06147278242607,319.4303840265537,265.34325862773045,184.65178731029388,302.07285821206,152.66228459809452,56.519708264354634,277.5213669039499,173.9694807042564,98.84101838037869,242.60119269983815,118.78536010619915,168.13423228748505,395.19498790756995,222.6835795279717,50.39792091844554,204.2552877616731,190.93378513993403,96.51539730138254,273.12283515361645,213.6745956792014,69.97827219143001,370.97126200293934,186.46764635066054,87.07146284119922,317.89734507231896,228.11184911504546,55.64414091057799,309.8263543514894,277.33952378497423,99.00689015857363,361.19339190440826,201.75669591035745,109.9230323232319,134.62748247476105
4,76,0.0,0.0,58.19330774411134,225.3130677938202,184.96871958996823,65.67112788881421,236.5524369942505,148.7747985672248,118.12979893580493,406.202415659694,278.491712589522,84.40574288428678,278.101087507153,177.45140025162354,87.86571506518915,360.398688903175,253.31301440569072,133.1072633515871,276.93159299176796,137.54138359315073,62.64288198479373,231.69568623829093,148.17963534136115,92.15946778596346,193.68583903426864,139.51519917659982,156.42925668390794,398.38764823981444,219.31906375625505,43.49068696865014,221.5365237621827,148.07610527977732,102.86454263381964,277.56279334266475,219.0981986967618,82.28792773619324,300.03190131330274,233.16732997136083,98.30572798521341,323.68000710100597,199.18500677674842,53.625540540761236,253.98874033554938,187.4452989752652,86.88993701235427,338.9461293934044,251.15157783183776,120.39116287127456,72.75659149095131
4,77,0.0,0.0,57.11034399877481,253.2301686698681,229.5471559242519,75.50429693645088,221.6958455013052,130.69761148598667,103.95998931958091,323.2167403284139,245.44555041167587,75.58758241994465,319.97003544051375,171.6917810186798,88.95613666228178,349.5693572322964,285.5256029463416,146.03476779481375,318.9015590805142,160.56995399766046,71.78835818579499,234.6253810717455,210.20034743331206,90.8701038709373,221.0706170059584,130.43290597672527,140.48445458404973,348.17699217635015,264.78757188594966,33.26204484899635,192.04554593656394,186.70418053256927,71.1184398551173,290.71178332651846,252.36275496844885,83.33680232133399,259.785848017831,208.26111279659094,93.29662558345731,360.9964458844927,229.09357184660894,59.43877430598714,270.6878510785439,209.58256052943474,106.5538129167894,342.08037941757016,238.30717510536985,120.02099992369416,120.2759116197707
4,78,0.0,0.0,51.22796173142734,223.50080327716222,191.09746825503657,61.74513823133272,216.6359391253782,152.76872896647947,118.79927035589589,383.6943236079476,241.24517132169547,85.30464623420087,260.6862120810705,167.13718365603964,98.36067879165878,326.980503754344,187.7871809366624,143.2327850377651,265.7805181859479,138.00633068144236,61.005169623995165,201.93777312075503,167.3450615878185,79.307351569314,212.52540095219678,148.7079250541174,148.4746092414198,370.55318760021186,231.78314427412738,45.80316008316982,226.3603702234426,124.21270322514282,87.09447015891946,290.4304047138151,182.8319913721465,94.56380490207353,271.52124007136837,241.84008300459504,91.33457270065296,329.0402459838783,267.80664375328485,55.66034251374544,229.25839305778388,207.32548988124034,115.73938610118111,358.64933812915666,225.53962596620394,106.90758320390714,87.68326290440235
4,79,0.0,0.0,56.20012894806136,273.06306255734194,195.69172917859783,74.11834579994765,205.91983866712653,130.76013025415108,121.30601721508961,339.0420230392707,232.27674959295464,91.2358407112038,268.1812966531206,205.7642870279555,88.28897198696599,324.8441439849472,218.88005771993951,164.15210183769693,268.03415065881916,199.53349397708777,53.3053903684536,224.6687742343186,190.42079667996805,90.32483507092755,254.44931571908526,144.55815046352276,161.96543791738478,394.9760816217657,226.4189241559086,50.32454504501982,218.3238330798234,168.29802463870635,74.23051871469461,307.45583224042844,184.92351597562495,98.55766094648943,268.192242488905,234.90588232430946,93.60511699129648,312.1373394914382,228.86397545835163,64.14864291926091,224.4801641019681,228.54142005101778,109.86373869067974,327.0189300305005,243.30839128955031,106.54691114634637,102.10993097083161
4,80,0.0,0.0,54.997499446684735,262.3273297540205,172.45039633889007,67.78999115349716,211.59565590473062,143.0601865816283,115.54250772600705,343.13844012461664,258.00602674652316,83.31508724831633,270.6922663531146,185.56138547702704,88.42428387609162,375.4864750943347,228.07670821844465,145.93116204458147,316.4071487649393,170.84798119802755,67.72760520379983,243.16233700154436,180.5761214323879,90.07134512359693,228.634117166367,149.00594233455664,142.00462904810465,336.798718401261,214.92044164408134,50.29979889789357,209.89168129964182,179.4678044371074,78.35542366486516,265.73040164297225,184.6235445849506,88.52280986172701,293.4495992204724,215.94364495799357,89.37892702265991,318.7065642132449,223.98312178762058,57.570788409106775,261.5876390189478,259.255347710673,101.38121540925151,343.67811400768716,207.602636840386,123.80318155925075,82.179006764191
4,81,0.0,0.0,51.50451382244604,267.6736635371945,172.13036997425985,79.672865107813,210.2175557666732,164.92499999533203,116.80083625182415,351.1080525512497,260.1090451198,88.29432249538623,274.57873943186405,176.58205009437563,76.52858286269137,349.1345800137518,232.9360540932029,141.58452047976078,334.00521844500133,154.38737962911685,53.37332709036749,258.17247803863165,181.9259442734489,90.07074249232826,250.31833790874293,166.55130196816233,136.62101390604576,327.18086004067334,197.01281950770402,41.20468621984338,208.80737610495072,182.2620780289259,85.33126765638615,327.9519820668962,204.5827337552195,89.54933617070766,320.177401326938,194.54440697201818,88.85672038953652,283.85928810916863,227.07401151894825,62.30819528491856,285.77529809227633,183.45933449128194,106.3336845214776,286.10856565927367,233.5128825566751,118.82015135789126,76.6713267492912
4,82,0.0,0.0,57.04655174693731,230.94942457313414,172.67035164187038,73.79336648404933,200.29511492222636,148.86288244144012,122.293709610575,346.16674544392697,266.7540572613611,90.48282380084838,321.9361562358446,150.39935561937074,90.95174524823248,363.61949750377863,263.0891814696126,151.83405324997474,270.75338524607673,158.97458725612117,58.16981842215317,237.85662146093782,172.58261094292502,83.11140621990715,197.28786344712853,137.39534486442147,134.47712359342208,377.3459933484951,199.12592948417526,46.54623303367535,203.75842321049657,150.70681411125958,95.75505703630046,292.4193310324212,252.23944731123055,83.52927442653048,333.591619176226,185.75912322389786,91.11168005734142,335.5313099294011,223.78884819900222,65.92047173482794,225.16118266717362,208.07452947048134,107.00839859315049,344.70766100654737,194.82821539949222,113.26611035622332,69.0728298558203
4,83,0.0,0.0,51.40831338605791,259.0919589796498,173.13213974436604,63.44895048054428,233.18319907006335,143.4634796961459,126.70084776478589,375.1576563815573,258.16416702214076,91.55419481663162,283.0919632550548,163.69848954120383,108.00439520931076,385.9483338546075,206.11260402631697,140.5249422397494,362.2345305345041,157.6293099697878,53.727108966135546,226.6645205921327,153.40677793083918,87.16780049854293,198.40021007866432,130.02768585651572,144.42220265849514,385.1894502388352,199.23048978685134,36.068216875637404,180.23938158265724,136.95965122288487,85.78287776286595,299.7394258496285,198.35475508443426,93.89693584167459,318.01084857106656,264.4402829296082,94.70827268271184,344.42073248261266,251.10941130137982,62.6424588536675,305.5441440696187,205.60393221147464,109.62349289288866,344.97872285980907,240.46692366022305,120.14981948492395,79.06309622165477
4,84,0.0,0.0,60.23294534877053,225.15231177992763,216.42836527653395,70.70566340799068,215.00971022884198,143.9685018425826,103.8551800193196,398.10766745321723,275.0472064479527,96.44614604083347,231.69852644394263,179.67754288561824,94.64782360438333,296.51678454487455,246.32303692324928,151.8064751678003,291.0856685234153,164.8014030898697,55.233584758044906,255.28270257323234,172.58110871153607,90.4565493779296,208.09306018717893,129.41084011559172,145.30760734531574,372.23777851922057,211.69683647064542,46.14843496410208,199.9495186335545,168.71166229671522,88.08065868093085,290.0466543104024,211.29541642684737,86.8039835979455,299.4829417120089,205.66244645094827,101.650192150049,356.09495980294105,205.21309356038552,47.82838829900686,258.30202160485203,234.81176783571223,109.98601923798574,326.65625477526675,225.8612310961037,110.25697878103176,90.31954291147855
4,85,0.0,0.0,58.69574737585069,262.04277265484404,172.40257709564094,68.97742665926081,215.32567982631844,122.27410468506226,118.05624821064488,384.6311601222197,257.2533283461603,96.19630037639998,287.6966838839774,215.08569843470104,95.75105404525549,371.77382650563254,257.89505834922886,145.14184218498337,312.7884422079183,199.9161177854636,62.061626687012975,244.3121155094537,182.68656687764863,84.99213120005373,236.79276541606978,141.7202850112731,165.44424549148943,339.08589894910443,259.2237457040488,45.408157620090705,211.04458540747382,166.46257906368442,92.05660253166003,281.4681039200801,186.80210306593702,67.98325099471099,271.8654555400828,163.53962211249748,107.51320989448172,327.30019539807415,253.43195093070173,73.69793016390595,244.38697401738872,213.61048308082604,111.07844753863642,278.77749811351066,222.69513707861282,105.31936699540873,68.11902637876626
4,86,0.0,0.0,46.13141015633603,218.74782601165737,178.45690733686678,74.25170680552704,223.1923242228926,140.87695472383797,118.80017388225748,328.1196492366304,272.7414019913311,90.99959385902824,283.3313215318399,172.1311410769148,109.49392033795021,285.2456401955211,245.17569912754152,135.20422456513546,341.4300682152115,163.42688610403098,57.3366866218046,240.78793708395054,192.66814930937565,93.48772995070219,244.37050459907647,115.46975899967688,142.79570047715097,401.85088391014244,217.9780282761957,47.70537648215157,207.18675347347227,136.55232838902188,74.13858870735677,237.08121996360927,218.38864955909924,98.06298606650542,338.0306040790011,165.96009093754776,92.7295222135918,309.03859360885195,231.76595729352275,60.854721162157304,258.57300885200596,255.35812622932968,109.59451335069616,354.36549663689146,230.52745614592902,125.86989462272923,126.60088316828524
4,87,0.0,0.0,57.50752156278324,232.96696508818656,166.12251552767452,75.16826845187603,201.41327971471702,161.44090890301123,116.34721272592279,381.57037244757487,265.756058017814,87.79448361804548,233.5182117571102,179.12203885310987,85.41954405714267,340.3585079362902,227.55860755901193,154.29198599082216,296.97524169987656,160.0662611257244,56.774570279896096,245.3894266020855,161.0708283246486,79.06706028740726,209.10095179654687,138.61346451745487,124.23197281127153,362.16680038170574,209.05136044640355,51.04141052205654,210.73608975573845,155.9308856036585,78.0918958084255,244.85666855336098,205.5276215238194,89.99242564697289,293.9399547622623,204.6694349612011,78.5233141938037,320.3462143335676,234.47226435366952,60.353450671433876,256.79975066641646,234.95100831762926,129.9210917819276,330.1043663997982,259.4596868754363,113.34236732983146,92.19496073763496
4,88,0.0,0.0,60.17220581011013,262.7947338429086,172.19059959091823,64.92194875672959,212.8564431863073,149.29696152252086,126.26485426874981,394.50926982463943,216.08330645577033,92.67594394885981,266.1168776721793,205.79981403848603,95.32761866608368,355.5397219131854,256.1305167465869,148.6275494702549,311.0439863408643,180.85590931381796,58.20583111134744,232.3507596157517,179.62131665899665,75.75516528949812,199.87669757056392,150.55004795268312,155.817535461026,379.4441552934449,192.68955057629657,40.02004001000771,206.7723756281797,185.07958214772887,72.91044778489561,300.4726681135154,202.91874903276096,86.8704972229163,301.25838944836846,211.19267311447288,69.93703472932648,319.4400089471889,191.42398754856734,55.874992821671796,279.27586233476984,231.81902475008263,132.54501659344706,349.50581904285525,238.64609102003408,121.48518388460832,91.86106653815348
4,89,0.0,0.0,55.28924784921796,226.684040107353,177.16383316017027,80.59762756116633,218.97590384196218,123.1069241625751,131.52530567732526,379.0854740866306,246.32819308277428,83.58486103757527,298.70687185937845,214.15030557581085,91.68362777145292,347.57248182403237,211.1090182509819,129.43081096741662,268.2881025001161,177.33837632160905,67.75504870991703,257.1272928430016,176.53502169657315,65.653436899137,242.65682872987438,134.32375223884657,132.2391636188234,381.7315586006058,208.5330386042453,36.617031548449795,208.06144116865252,168.69597843319508,77.86451544591198,256.61086146010354,184.92212604355134,74.35722331803507,296.70709125287567,205.11700858332895,85.47235991611362,285.75616823698994,230.29991788411232,55.772390246527316,281.49600898001404,242.31069692680418,122.85560986272236,329.07058531638984,232.96633446208605,122.0683144784434,92.94584536794011
4,90,0.0,0.0,51.4249436856202,240.29553182381684,184.73701251452138,81.77015024285222,202.0036846467039,157.7067837238268,120.9129102634179,384.9234386280908,272.01384323967625,93.46383507685053,302.4364885845035,157.9890885691012,96.41373800950441,267.24733305036756,247.2216993945083,141.23507190610516,308.4499532866705,151.05773721020475,64.01127411391472,232.60283355078622,175.86807446274778,86.79522273328587,211.02730909080768,128.9428443449268,142.56401587697195,350.8045496462291,215.70409857879986,48.91096415165323,237.32261234151537,202.39273408618686,70.61295816662121,252.23895195762904,179.6864374457432,92.26105744573353,346.2365449142294,230.3325401533389,100.10863958485596,321.1824339473717,237.36848892916203,60.44653578670942,280.63440339987363,210.8050527984614,118.97977488641698,309.8668515199609,222.00364547916195,92.70451043827697,119.54085192204786
4,91,0.0,0.0,54.34480197094757,240.47456407925694,179.62174801307404,78.08196623458481,214.1365310778513,122.15859638304622,132.852425494304,304.3948976374574,218.04035520781133,85.60935319519952,275.52414328882475,200.87815898246131,106.88443654183632,321.48378656675675,233.2299149456585,153.50798765522796,337.16394258636717,154.91454105608156,44.35785430501806,236.96494725206674,159.58838165130297,75.09936956623474,227.71166390014503,139.7815428476972,147.75467036067988,346.576906228085,215.61096492999064,39.50385677921732,216.05322276494763,150.05378980440108,102.40727941732295,311.7799148881188,193.83387468805148,81.26805532548548,325.32622592686323,218.1131261188618,74.66598435426167,351.3700160268334,247.44256685701694,54.89269735887878,296.1897643554379,217.3690017201445,102.51370212830724,355.6109026844806,243.1301642743894,115.00568978149315,138.43719114400966
4,92,0.0,0.0,60.35682567288792,257.72951267012144,190.8951894164568,68.44151864828119,223.04546020436754,152.00976713465744,98.18132216737321,354.9109553648739,243.81181819121173,75.35896501287002,286.21606750777073,223.6976398572226,102.92733816298914,389.8698104649098,236.9063675363046,157.06344867650702,283.8956725459974,136.970740116254,51.41720061028414,222.85329851877185,164.48280695420993,73.20405786373671,202.3166390357796,145.30977385574894,122.38888290789653,379.8681024625788,238.34005621285564,38.71771448610506,212.2258115025533,181.1001256684962,80.9830686846019,327.03054346703857,224.17182185208196,78.03514857120801,285.8000966654864,222.51927444687277,89.25176251372423,289.34362080311166,228.17380572072733,53.91244830927483,249.71231832157966,231.54022163082766,90.90629182821291,321.795051538782,195.08645119638516,99.2144554151943,122.82091656617649
4,93,0.0,0.0,55.47603202903986,265.70147924775637,182.29672259731126,69.8274304069253,227.92744963053727,135.09082770173927,114.37531753284942,385.5989614367923,252.78543568057415,81.41685685604772,265.90731693326507,186.5856076577066,82.56011534039834,365.1163337468372,196.28859847847724,140.07306493379454,330.43441553680043,123.29835421874077,61.08077903505075,294.0966353303149,160.44213312716408,79.22359151143472,217.79678639730972,146.29349454136153,161.07748344954553,346.0265321416614,212.60252100876914,46.292497542397584,179.11826875412152,163.7419789640509,98.08429087259789,311.6011444347206,208.79721650449676,102.66947944980936,254.39334588727408,203.39626240639544,92.50181764229822,301.8349341279582,238.28038996566374,67.22717738283899,271.7801498547905,237.57152567576358,123.80089578207654,363.73662666464884,236.9589294053533,123.78182773250745,98.53475919573019
4,94,0.0,0.0,49.35556229583446,255.83560273416236,200.44462523321255,71.78916462676011,226.1235461032769,138.97202614600715,138.6540261330088,397.61484174029374,209.04920227738455,80.32808514559656,241.8134722389762,177.76765217628426,87.95165072106099,330.9941073999911,282.3756967182257,127.94979945126352,316.8389579328836,184.4989210129436,49.32009297964536,240.398227168078,181.53105115333366,83.85748048090397,229.4672891120763,156.54613185060666,162.27252823643644,357.82270030536694,200.41638987730835,44.94191130247503,203.30612926509448,164.52548923435324,79.63925219169076,289.5859652957206,199.7089267367355,92.01653470780319,311.54451968983955,181.58204945004482,88.31630833905993,298.0991769148171,238.5797900149882,59.756216424646084,274.2844311132299,236.82979175546828,121.11518984110032,313.08168942885754,218.08353142626345,128.58632988007787,94.91554414853256
4,95,0.0,0.0,48.31097816791054,247.95242804573925,185.7597705531432,74.70935658009316,228.14175257321384,157.65598660937377,95.93522601793399,396.03656833844843,257.7639177011561,87.18968331309034,263.2179412776091,185.73245551330743,98.88498307196683,379.63512184528076,294.58881934390706,174.5917648892434,290.19768720690513,132.06738094585333,56.933896685383374,194.057684106487,161.8555849731907,74.78779848452838,237.85925733903503,124.63602735346512,144.77395807176936,428.5006261050431,238.2562818331584,50.05919208079248,218.56963992820843,168.86148131207986,87.05255331518543,278.1397741439637,221.9706432959615,95.8648999553017,311.83556454604997,254.85052437560952,94.84064666032732,366.79628978708587,282.80431608303587,62.3284764466554,277.7438873460127,198.4688109452635,136.96106116501613,327.2454138710903,238.47694209280476,89.49438576002817,75.27381157053367
4,96,0.0,0.0,62.012934220452664,222.9698899874957,152.68432856912966,75.65578780043901,237.98521741258674,141.50025749775918,135.34973806644254,394.48991229210844,278.1632411462211,90.72075976719147,259.22575340533297,149.46816766165728,84.99819024087047,323.816317644137,250.3108644042004,171.44399442024653,281.0376677959705,161.68161449693363,58.697145514921516,256.3911585443887,188.3184038834358,81.86785957957669,249.8431545746869,138.55670538531518,152.262459892405,383.48556273132004,186.45342887321425,42.306668353627096,209.89200202927347,127.97442771730181,99.33870368645087,262.58267647663763,201.82150717880674,82.43302299587208,278.5820611356126,194.09050375995415,113.67184516920987,267.66087706866074,241.29375268383313,59.0980612563145,307.36983091288766,212.90954814096818,117.51946004861497,335.2391523984083,225.28768627313812,107.02117918252966,78.22585048065362
4,97,0.0,0.0,49.81268769347886,244.08156447230365,208.9617412901945,88.0418750702022,206.15161926653454,140.14400096804158,123.35979626938023,352.0543660457284,258.0099075590239,81.96780270385709,277.7486546384297,199.42538259606022,80.54380012378661,343.72958573678403,285.47932246731,132.4801857389299,292.20880215944,161.55165898652265,55.46680934140156,244.8505606495979,173.10692119685584,88.21249322941472,165.03670918378802,132.16655448663948,132.96261933477479,327.52096024701177,241.04466412107251,41.6540443251891,216.14611831534225,178.90529897930537,98.91166539549928,302.38452388930006,203.27624478332166,75.48740198239352,332.84487717649546,219.71015573380652,87.69340665869582,301.32452586425933,224.97888751230383,51.07558905465193,242.26888564242222,219.5780447808717,127.68080990632859,317.1723754957734,261.10778120348726,110.41150280646293,91.62457631337651
4,98,0.0,0.0,65.37610688431582,268.2689411826179,178.99853522039322,80.96584643749007,238.0232973178125,124.29730829169569,117.53188708249722,431.31812799305703,210.90342658526487,89.83578451566258,316.14500147802596,207.0433525611434,93.56000430725824,291.07243973714856,302.87029167958195,147.65013037400925,351.17221804302426,159.19465268013693,62.16803834521536,228.45632228526273,180.63016026484365,72.95844248405297,233.44897366021266,137.2460901727368,149.31477307368968,343.35285345293926,249.48261717432587,40.73315972932561,212.05694570746905,165.36759775719347,97.45516809840075,286.06406455353294,223.44735547507682,91.06542852615732,327.68868717245533,235.13989224537633,94.5897835418848,349.256979958212,205.83144160425005,64.413021435842,274.71337679393577,207.96981774559393,117.47171621221918,303.75395421785385,235.64485691530703,106.898082991666,97.44733612690204
4,99,0.0,0.0,55.86401606861808,230.45395044495575,199.75860164867257,71.61404943645344,237.40658948594347,133.4256984172887,112.66281414779415,363.0045044955235,239.52247271680017,88.09120890009746,256.2925640069186,184.85347293088793,97.25519305089108,330.6547684919081,243.33748906310967,143.98332119628145,280.08545844056056,167.43579714714545,52.47963327117529,233.53320780100472,141.73479838952056,73.3196445947015,202.47569093414265,136.19425511193634,159.0132491212686,401.3093993759181,205.77901708084647,43.68040620977463,240.78159169296327,172.51137450707336,89.33641727019648,318.0046418938283,230.32668355676063,80.5751483472664,292.4936901967369,204.69008946281244,87.21975983081887,332.66185052461486,262.36393749515867,64.37900760628006,314.38807155768785,194.52949851461392,118.72373199605526,389.83176845026054,238.64725925735124,104.82618311107194,122.28156303580249
4,100,0.0,0.0,59.602254006123104,218.73054462578546,152.91690926162988,62.4308201148722,220.25203214156738,160.71644821743186,113.22178933545943,339.3108866292739,270.4039343573902,81.63352727246601,294.4585006806686,208.41701538052143,100.72080357470337,339.658018209653,299.06882574320605,136.14467688276596,329.36310439666823,151.91441364217673,57.01349668328789,226.84374648004695,203.28664883831433,78.43315086456482,229.5692148711356,117.723039141873,149.42152048727678,368.65954648178695,223.456995632897,41.18315383530561,214.3037970649117,158.06612513233256,78.7675488262658,288.492775403436,177.61452809587547,82.8550517097143,274.9969687904155,223.45866996101617,89.99673097424359,349.33190308599796,244.04800199103497,63.63146816663451,267.976308967691,216.8069245390305,94.11742496462372,283.17464777309436,221.69865089405016,118.25653342351617,116.25560370167662
4,101,0.0,0.0,48.92345099161297,278.07108042114425,192.76141444477017,65.99358801973882,224.915878498708,123.50172081933229,116.76953882734585,365.8182850029197,281.01391012575857,90.42925521512234,268.6414520517155,204.3737074209378,85.07773686413003,404.79747748774395,200.2096461293972,144.42926430758044,346.17146846015794,165.77748961023445,57.526458728636655,230.98897149049952,192.86600170306903,86.08639602169004,184.46640528118527,150.79104644707613,155.40182165548552,389.18169437547783,230.24739727532457,44.977025689552526,215.0344674662883,183.9702349607695,93.02756885703648,293.7990432618787,214.0005598443067,97.72794968671678,361.65880415549543,220.88164384282462,83.72443223277998,305.4490615370259,212.99912681724922,56.52787788890436,300.80574174991733,232.200491089246,111.68496746239039,352.0154311246758,216.16420911155097,100.23606991063149,94.60900945187143
4,102,0.0,0.0,58.67960987415918,201.39424804551294,186.10907272217517,57.587958298075336,199.47054935163982,162.45100212532327,116.1783434749055,366.5970015940892,224.43185084822025,75.45387735721792,290.5557345998934,200.91467309487857,86.60108652862861,373.0126753282845,258.62806755711745,156.05115865248948,328.26821383786614,180.13477993810113,55.72107938736585,245.81751638476862,206.87539026985465,90.7729347674165,229.67778077583992,147.35790161105626,149.96856265607673,398.28265828534023,212.32480258296707,43.78920844842073,202.0002360879645,166.80399250949642,82.68236872543798,315.4408856988014,188.80868395686855,88.22915334383633,247.29283454939207,234.75782409022813,89.4153364017283,311.12531849820573,197.4799033431853,51.908096765588674,298.5051375108242,237.0382378809764,97.84818016095578,312.0195805553497,262.58627453375345,110.189358215856,116.69972847076004
4,103,0.0,0.0,54.92870688138991,211.03099851680838,174.48873628153123,75.91298921158905,229.01814235238948,136.49302015003323,124.76374160266676,358.6229478308629,231.34500039653045,71.84853682742185,276.3359173655486,185.73600935990797,107.31675730985266,306.35724290563445,247.27533313405243,155.2799971933829,312.0123631022689,170.9057773363762,58.51996114659399,219.2178267522682,211.84138183832815,71.18991309632744,247.3037759296505,141.93308539062227,151.94024366367466,437.3640004677302,249.8665516783463,50.60701963642953,221.59216803616624,149.2272616710482,94.36124212112124,286.88165283056827,210.32064818016343,85.054857281242,313.32554536577385,208.51026596142574,94.23453488901245,314.5769198119778,200.39209844199698,52.03368116059525,313.4719530793484,169.3681004663923,128.9490256889747,319.37300156636843,244.43222762887478,106.9209587607745,91.36168354077522
4,104,0.0,0.0,58.43763777209439,248.5730557882265,166.6969490462472,69.3157970246517,214.99812421174784,167.35961108257138,113.05028362609774,370.8631864424708,231.00204405250372,77.84216484680053,254.97271327078715,212.30513441759393,92.5310224671152,404.98315369429264,236.95226291521485,155.6349783403215,311.19339449670986,163.65801430037976,59.37933947120852,273.04140536298416,177.84264531255909,81.05135111753142,234.89365217446561,114.06956396586718,151.01955207408147,318.9357150589591,222.90470937387178,42.968111164026936,209.09114498170445,177.25219725266095,91.44040454049137,263.0132291037957,232.17840014102083,85.268098892907,366.64429802193644,252.14371502776285,90.09786956479698,341.0960498344136,224.44153878335814,63.78514333711613,243.9491474439681,229.03104506989618,99.25227454929038,298.5427604860861,224.0391958558903,109.01535868660247,186.37851996644503
4,105,0.0,0.0,50.61628564567923,242.5762915962569,212.54856828890595,75.73810776285463,215.35495993584993,164.07533983812428,102.75416588824373,334.95669138919936,297.45516843766893,89.74836563814357,275.1611729780665,194.72567904325868,94.70849633966898,377.6555469896016,283.7716949891122,155.98094994194068,302.7887705828778,150.5848322660534,52.00667564882769,246.03782955489248,185.68472166840738,75.79266340752447,226.95910957540937,125.04420565412114,122.40093712875165,371.15948560796375,238.96256517674,46.4363331904901,195.8581249554055,170.07057627194484,89.25823821862772,308.11583533101987,206.45445800218994,95.20160716484538,332.70154950589415,197.28228853471958,94.3302397402428,294.9191548067559,219.0149963249533,53.98270061109172,279.08709697705314,243.3513001550184,110.14913852147424,381.14211473776385,208.71196490250816,117.21239419596427,72.86478075180842
4,106,0.0,0.0,56.28178631016555,235.10492171566742,161.59236720579833,64.7968195275746,229.31722001690784,135.0946905256389,108.84439560360639,396.22661103299885,264.5712881474632,89.06006453877772,250.80141268267872,177.9622703457136,89.12055092662499,349.93602702612145,306.0538311761554,149.3298680592917,320.0037053424729,151.55433565968906,65.48719469790018,242.35916589011558,193.78009432818706,83.33820588559615,211.1684510086807,139.1995129061125,123.95497499910775,311.74003109304743,228.66285643735407,41.56750867711549,183.03259361600118,188.2495110338499,89.91192609991896,259.5576408887426,189.50663343674614,71.91887816481982,364.00962608513373,251.38747096072953,79.98098222244664,270.9173722039909,236.3076968158992,57.23635903013632,234.164250720735,233.72859979502613,125.25725662762822,337.96811510360715,193.53368418553134,104.37263672846903,93.83105289840545
4,107,0.0,0.0,61.229625096047286,226.73470879389976,182.82840714131945,76.98511809173858,208.90421333629232,159.37195737323165,108.49135968172413,368.6220718974763,243.43717258728395,86.5259148095742,213.67864876056422,170.60362547881118,71.76913773109386,324.6266629200206,275.68594043825755,154.11891518638708,300.5807775393377,183.13525974352928,56.97301199844577,244.95111240312838,206.71338010210667,73.61314308198503,225.04733514746115,150.64804523043577,133.1433421547862,367.29304324799426,218.13674220605458,43.603982662425274,218.55733914116735,139.12413254886954,105.21990167402384,265.49719164183404,201.12800817162181,89.61973401635915,303.03000780450503,204.09500885181825,86.24005058304306,268.24557184992676,233.19782934431893,64.05062558168383,280.3794596412246,212.95130417512613,119.30267682407647,289.6317389995807,254.78096176050346,113.67092681919081,93.19863921642546
4,108,0.0,0.0,51.63211613544694,230.28022438565995,171.46433667037547,65.46070372831889,184.77396104356438,145.81317569801593,111.51349215289551,337.56192742083175,267.19023845108273,91.30012036710862,277.986784576965,209.96443360659237,111.75815874091175,317.4034032937991,286.92333660190775,139.34154749461396,342.74966692990245,156.05634887526497,59.88161486828188,225.5192928266538,199.4918283307504,80.75286403226592,209.20393006481004,142.64230645136087,139.53663776916994,373.2189384272386,220.825223051699,45.65837992528712,220.1940442633477,122.86339004078852,80.17670270112166,279.05674629044603,192.907184744531,89.81712333577956,308.04886420379677,190.53238869584237,79.02639691990001,360.2804484512762,228.145968949695,51.102700612707025,269.46662414901976,198.1755049798875,111.1205653182273,308.0366558508265,216.27768228482873,115.67744315906971,122.7184430227033
4,109,0.0,0.0,48.732148464988455,234.72231673551434,193.66987059344282,73.47967567845178,196.02741234452577,120.68447269947202,115.80613167444221,334.03952700558887,234.6204208428993,81.82584529159469,305.78150632882654,201.2120255681095,80.73185242263062,327.4975028807417,242.51211078984755,158.40776751945577,265.29188812399536,163.95659837192923,56.44017731824489,229.41163240643186,175.00741166705797,82.46726933168658,223.65329970131103,154.88033963143457,151.7907417078998,325.10481461956806,242.19253976757625,44.73746096739119,201.43367894230477,195.64090589456313,105.30581494302768,289.549912776327,173.11737802074435,94.20691151346998,298.69897217033457,223.25050701199112,86.12239494606371,274.0026712118986,245.082264253488,64.68070035505805,269.40389776338844,225.3270694191054,121.08919636402308,322.68777510712613,261.5993404508324,113.4054550828231,87.34442004733904
4,110,0.0,0.0,55.62993615904168,232.65780883038795,181.46526125146588,63.957467092123565,201.02742349066534,171.65489530668935,134.0132807510499,339.96130526863595,266.3853559381331,87.34514168564804,282.620955957387,173.02523621578862,89.43894507334261,328.11616946735535,235.35129943896638,140.22335613992828,312.3618955486262,163.44748857111713,53.26811403147446,244.85998453853503,200.93876198558468,89.12940851755755,198.3949509257604,144.2502672257133,139.1022554282572,354.3712375739322,212.40132599393812,38.326557170735065,200.12279645095586,149.7244836475237,84.34755175566544,279.8472927976907,239.09726877255372,92.63341119013826,299.7641827956586,235.4771661788513,88.82264310609332,302.60813699152936,211.16067735332766,49.52521302721783,250.77834962471798,198.78774821326735,123.06634389838096,375.03575982020226,240.22538885708434,109.27801404541518,134.98585174753333
4,111,0.0,0.0,60.40912274811322,217.2755837962551,162.5111367505112,67.27844548847595,206.14453424154274,134.7123971055688,123.04303563331558,361.0650169305347,250.3401473744487,73.97518793732637,278.5859270403926,198.93707193305707,91.43993579871689,322.59802399120167,209.9169898529785,139.80553597468884,307.8722224725266,172.34441041677246,57.534752815721944,235.17167358315476,208.4186245954204,83.20455367270206,259.0264352583108,159.42837281473953,167.1819389874583,315.8363692423518,228.8459571067549,41.4628175032422,228.97077543402557,194.66958320346785,83.08899512028313,294.25019529452777,156.9646145962742,88.58496644967846,279.8529641165281,235.89422784624938,102.29756861656004,296.3166440809977,239.54585281422015,60.65437227525122,293.11205583355905,211.3939287861713,124.47015002666741,394.6086196452535,251.87413187827374,110.13116605247481,100.11140938268137
4,112,0.0,0.0,56.48682133625475,230.45717800107155,164.1759688642367,69.639148278964,231.35621499618122,165.9032849482766,101.5551965010279,390.2213955839306,232.71143888334998,99.63667299340725,297.70449349224054,150.18033230317297,90.0421904750862,354.95836797887296,270.62622387011936,143.11794528674238,320.6410518388073,169.90926326187312,51.22672171915351,268.18064870202664,173.34036808788716,71.81191571572032,231.88030467325675,150.84464570775486,132.4724415998471,321.32428051425205,241.31022493372237,40.907311393253266,226.83141963852773,169.02261361599997,101.07514777064556,290.7581204921742,160.50540855810507,89.55451321413335,279.01437500456035,236.1282915612931,84.16833358296358,348.0547332405463,226.0909881679201,60.889966298427346,296.6370959880933,182.86828051567005,113.55412308554713,306.73229509285824,219.54346503207265,107.69471639717656,90.14093389724448
4,113,0.0,0.0,49.56557433547693,248.71432996611153,154.172656613043,57.21145847261991,204.5708550811941,160.8769218342888,92.4368516383686,330.33550526050954,276.480239449533,74.80044072444957,314.41356665975195,209.06341886616318,93.14676231667697,311.88429487985934,258.25684008380824,163.9068737746648,293.47144944384917,181.5729188571369,65.6361830016307,232.89122735881278,219.70905082739435,83.70104861788158,191.88848266848248,155.55938659230668,144.6043692839563,405.9460493072766,213.64044645568094,50.12966064311296,222.99087209118224,140.38453883438066,97.32224659172088,289.97845116204763,231.88815857342505,77.51150369045831,370.4458922427933,210.09580674585345,89.26263597953704,324.80261063713664,290.9196665273219,65.600779097576,255.13780503243075,206.41354045815345,104.68486396575946,303.08568880779336,232.93644712333946,112.31668818478515,92.83703879578817
4,114,0.0,0.0,49.92869289458439,249.79034671749758,199.86375566289033,71.64582656590056,203.34037600175668,125.33692911580891,114.46695707130486,410.83458476945435,203.51255907717683,81.48360567263012,278.87757170820237,165.08450296078382,96.89904823457732,365.1672589928125,222.39392789972746,143.1426154295839,272.6169074684974,188.29273419128117,59.57681236452923,260.90993927895636,200.50688454066727,93.86359820889771,228.27799330910045,133.1870991199723,141.1732211596898,413.7686613476501,167.39890055069006,48.67620786685772,197.29682180027544,186.06320013945754,98.56721836886015,281.82227304918274,232.94456028765785,74.97140568883317,311.78561273742,228.92494688896826,84.51276841342144,345.5426911270485,199.2251387892154,64.47356973401068,282.40483268016095,176.37791419420407,99.1294812302667,354.6117606717225,195.97608898263636,129.00504970471587,115.80263257582614
4,115,0.0,0.0,57.843379147739014,232.0804821518825,181.71100654754795,73.73584075764596,215.71209117390057,137.5267048237847,118.77109685789424,345.2245318079182,278.7927163792669,84.63593945887017,260.13336566649537,186.435950309338,92.0465056691695,343.65782778552733,229.07928855530588,157.8407945435624,254.50655587016658,130.0270125191996,60.65410407680556,237.79863199407592,194.20081914946186,83.49214819931174,231.91720464233686,132.66210806875424,156.85600155701843,425.0077134020971,266.4932359500773,43.81291380402457,229.0903728325155,151.43870436227203,79.5471727063286,230.80920988925052,203.3491982747804,89.02409864668591,323.1868327457032,178.0886092718671,78.88094955484114,327.48134026091856,214.25880885344705,61.608939185729106,278.2990911521241,220.98786196091953,129.4425723903542,315.2191986845569,232.07480015157782,103.82192537715153,121.01036917899745
4,116,0.0,0.0,49.16133933245152,227.42612807993652,184.36920685714193,74.17937156428908,207.3498188061276,129.88968354698693,126.71028119209456,375.20676123178197,236.55177908864945,93.46699454135255,217.8171999411427,196.74596887307905,91.54395865291953,325.6074001362372,239.7935228319443,149.42704248949525,317.01988910856096,188.17355048594715,57.0253864397949,246.95856530062943,209.01563742047475,83.25246505236966,169.72187580574064,156.20653442359801,148.62314730482484,365.5535945094571,232.86438645825476,43.69152985088934,217.8017022446865,176.50973449338048,78.79139916514745,313.6122066944398,193.40890570782886,97.732245319378,325.1485633604293,223.26941450077118,86.43172941905802,337.74170631121166,217.593977815536,57.716772109786035,277.22320439780367,246.74197558859228,125.9424507743768,356.0149547083447,257.22812376495494,103.97599499301077,100.06318692277365
4,117,0.0,0.0,51.81905723914443,288.61737211869513,200.4010029724467,73.75856029473296,176.0403949873313,172.819048067365,111.74362891446906,370.39273708122545,242.6938651050962,82.25334918062825,303.2894113683127,213.23308320550325,89.10729768518154,381.91222761605235,238.80311200597058,158.1343287710449,347.3677773680508,171.8574442934362,64.25553048668226,237.0506521665318,160.60642915044133,74.84190110329011,217.01613029791233,156.39742597754187,165.68797509555844,344.812185640637,230.69237815114028,47.45176849928614,191.06592945993899,153.509191921708,86.51964054734663,320.1755490058205,221.845088801775,92.67283831569614,298.46607200386205,225.49242126910113,84.15092996213966,333.08919047525853,227.48444317551008,55.10645263250477,315.3512197895924,207.83623199078733,116.9936066158841,363.37086527277665,236.89108728380629,114.22846544226526,82.99043737618446
4,118,0.0,0.0,54.44409515207013,221.80068521368528,181.49886049754562,75.5950858560595,217.80116566988193,149.3961287321111,128.1547375041845,384.78521283133017,269.5167879359558,75.29611205406032,280.78744113458885,222.5653804182301,87.74591106774997,354.8622728481466,234.52932065141317,173.46097624861827,271.36643527177205,152.442715829556,61.035065570808854,240.12121386821468,173.53994603046945,81.62428891875031,243.34537513214616,155.19628658334278,167.45842496378577,389.38318884292636,206.10717088905298,45.05886437340971,196.54814232715563,158.22905131014784,82.67127368396675,318.25777661612176,231.15314217548394,73.85626109367276,328.36478681014535,236.5698680858726,92.35839632328054,337.4184233562369,211.0779626142216,58.75070882425166,273.1973621381406,229.52628438192238,108.65138567425332,360.98763400957324,246.6206785740864,113.96065803556624,41.743638474977175
4,119,0.0,0.0,60.92284241052667,203.77907375905713,214.45634065363686,74.31068933458893,238.28072716203462,136.81800059786025,108.61797221405638,397.5056036698104,256.43115129516366,78.03895004948856,302.1358379623868,190.41504108651483,80.20672759246807,376.741774825786,273.0964444406956,160.92187910385192,356.1438805366569,169.57418393381585,49.49680878661621,280.50885152578377,157.45702219860854,74.33406241826827,227.424232209041,107.85308483825304,162.19025188652014,440.4861778992487,213.2299805641352,39.1084494610745,207.79004306865662,172.1658539812789,83.42365388073233,243.48781301530613,235.0359586347927,84.06204420261162,332.0195950457552,257.0623566859723,74.51920916956983,285.14763547035903,270.4643751773365,58.392966021350496,312.7514786074946,209.3930899493545,113.71791060259608,341.16585956558094,232.7594444341334,92.47841050646738,101.72058626759085
4,120,0.0,0.0,45.04883004873898,260.2508031385423,176.4804554756856,80.20705546389007,197.40555225292516,119.85382187473841,131.33549095142473,367.1084879166093,286.3232900089088,90.58505775002001,284.4853332985074,146.19153013410673,93.35015770288534,316.86249898251316,280.01156429331826,128.2379058951463,283.1514700604389,176.58029753012534,66.69631548256201,235.73335445738243,188.41914233454673,75.91056821447675,247.80726364257035,133.24805325527302,148.35475453994346,382.923659204548,209.38016967524732,45.92635402201354,183.91235893119975,153.95521728298365,83.74617852749654,324.00309730295197,206.1100570928208,88.06439946985921,275.241623302996,224.29510937179174,88.30380363312584,288.6539274247001,249.81195479096732,50.37864256335678,268.1928607138064,213.84012972375749,121.56626695086337,297.788666724103,232.96581134772026,95.56261993777504,112.92652201318896
4,121,0.0,0.0,56.18458987086297,249.22254892220664,187.16757202595818,71.32909589871146,205.46789513226122,154.17958205825724,116.74608804389844,396.9248379344039,287.07054511011086,82.33791498439061,296.062512517793,156.37021365506436,104.96702607934805,380.74369682435264,249.37424318356267,151.0705660141807,304.88920095177264,178.52973370375986,55.30928977045805,245.21946430696374,186.62054844191317,83.72502844915962,185.22289224764387,147.98055869156,174.84288788957184,333.7564111651947,214.96087592337358,53.76937246377373,223.27757953674916,170.51025506756656,87.21588801415787,263.16197576919893,235.00886228793118,85.27231480608803,277.5506877151821,232.5458802092194,97.56461257178105,291.97541692621564,267.5356624512849,59.06981243974709,263.2240920558147,228.78269970770893,110.13486451014954,306.0874642027435,220.75014899662412,106.79288859363194,107.9298123384198
4,122,0.0,0.0,52.29376364932213,213.54166129710407,194.1943998613235,71.70637321079387,217.0572124820879,122.97437607198871,130.31568912103702,337.66489703481426,223.14498260244474,87.74106493839656,283.1824244078701,238.7323989919879,86.58665562579013,357.88091654351723,232.2959115630618,142.18640172720242,298.55759927187916,155.0825477696295,54.60510544810896,231.36374113234243,194.76064495676712,87.05975362289914,227.7425367053142,142.14896210895526,160.48109263517804,346.30036948260215,205.0239615147303,50.84759120895464,213.86410405103715,161.1597403336394,71.7603540817488,362.7462604939366,191.82903224167663,96.46714077261461,354.96682694081204,267.3340084423509,100.3472590691695,292.5279282134573,224.4363511588326,60.936587932594975,292.7773594423704,229.74190047399136,111.23899725430601,350.1801153663618,214.0119037668833,101.62677160035008,110.24972477648929
4,123,0.0,0.0,57.33591725013902,259.44520874259746,190.65699434290298,63.239885196804735,246.45652693213214,123.179237901687,122.95605543111664,403.3702994709684,247.914253305437,79.05222799179826,265.0036972367905,168.699296742107,95.33255299420513,380.5356248205572,258.4258598662587,152.6685826276549,297.1089177918851,172.41579309493738,61.394415681793014,216.94097623998127,196.5768273645253,80.03337330510671,217.09193804912402,133.86074273914227,170.84088677823806,377.44647391181945,221.28505178462478,40.60839955424818,218.0449970308127,166.86854925076796,88.86048209430925,303.7127164589227,184.45549513515488,88.51660956637254,266.61168039699277,199.55177813916697,100.54277997016145,294.67545625476424,225.5578325211988,62.3731443279023,268.0823609340835,230.5580673864407,109.09118714858266,350.937431128194,182.94245006388957,120.5535079387932,104.6731671937987
4,124,0.0,0.0,49.42579445698574,240.88413015462703,190.0268302864871,68.653949609735,183.14901871171884,133.9119158615574,131.0823408436736,380.59345535132616,277.00339171696515,97.73206726399263,231.79089670173627,182.53996758297927,91.20057040217308,357.9857707711205,251.7979291483461,155.24475477007127,328.887765916015,169.89017885737672,70.35736136008663,200.93486136139555,170.58553278342598,92.80317674618695,227.7682042472902,122.11918179174523,161.80448276571644,323.66808488783465,216.12879690386495,38.96614006970841,192.6005252713873,131.7752903966761,81.7637998127294,311.04468913304515,192.19203246852456,94.72677464140384,279.2552586776919,203.70245218872253,91.70490831042437,287.7130860164966,224.77827072048345,63.896266763947935,322.3330489788936,205.12179815296358,105.2920171070319,338.15478841119045,224.9931814814788,107.16543971811211,108.49362205825604
4,125,0.0,0.0,52.99779959698287,284.7368404118435,184.0223524090431,87.04863814591783,236.08098400004673,129.0894655294523,115.0198205283376,437.18269833882044,297.6718013701545,75.69065513807203,266.6788241603565,173.07539464605765,80.87525680442569,334.67415617864157,263.15188104274637,154.61053684282615,285.3653791618175,163.51472176680727,55.544805360669514,258.9209041311437,174.35299558997428,84.83613502770407,234.59768363812424,164.3737634751134,123.00421221262809,418.5258353657218,214.62545822596346,43.954078826610186,212.7782844736433,157.83516624465938,79.44941147831867,275.3470442746246,246.71365621086034,74.36275114440066,346.7610275099961,249.59199521957876,88.06333925629143,353.9655034931809,219.22805814518605,66.31917382433184,320.65685686408654,223.63419455895686,108.12045994677656,358.0435518073144,246.030557172394,112.89740852558866,106.11566966993767
4,126,0.0,0.0,55.510946601984365,244.47203347870422,191.29164528950733,63.43376409696401,247.92405181318583,133.8201658836564,128.61044655531725,360.2815180463128,259.7990773921298,75.75545532849247,291.2434515766001,196.9632161989879,89.99863310101065,370.4463451294058,258.8497381164263,154.04906903790052,362.9833287711463,144.7905066311132,60.53726391119389,247.21561785469171,217.86442425168863,97.5061259003976,197.87756430034486,143.5796791096049,165.08923491730008,312.3648171998664,208.72512161430174,50.00146344897805,206.51125048069437,193.7624722768855,90.10443963901402,286.0531766148911,197.7425155901002,82.06740322574171,263.6917073314455,197.46540273011888,82.55308869472996,315.3914346453399,263.16144836177676,51.70074739833404,306.3225747916429,186.91410139864732,118.60160100469425,387.4673120319859,218.4247286755236,116.5418558178199,80.3254542908999
4,127,0.0,0.0,51.11606638499731,245.88639862861248,184.5788451387958,77.28043081457987,202.60054540738457,164.27436772881103,122.91634030396052,364.6067940382342,292.7976534510336,85.14346614277524,262.88913347006786,198.628606606204,88.0617568508402,323.7566187120188,275.24930404116265,158.0793235105461,270.9999729412105,174.2465497075404,61.264381932440344,240.38078704624738,150.68877993327354,79.5981408542078,202.04093913801762,127.64150087478471,138.53118290718808,391.18948742850296,238.71389891416476,45.26044944090876,219.23682168992272,178.9555737732213,91.31130166923116,295.7819961440079,206.0394377740854,90.46291103821827,298.7401526912539,258.872648443281,98.629144508868,289.7660008788295,213.73593363569975,66.01965278843106,271.9852302040243,217.9442253382984,107.56977481970587,358.8906503305937,244.48522362369366,114.44514778323844,90.13441584404497
4,128,0.0,0.0,56.44323872178015,271.5639168141516,211.69847212820818,85.08794234875556,212.59987871726136,131.6070754064721,126.12703761093039,414.8034854702337,268.2609741934567,98.44091661443596,260.76113129141174,161.47645247208965,75.77630811269864,327.8910961756681,241.68272916428992,135.57200509408966,309.43655677030847,159.30363554859179,61.53540316818954,238.70167110357312,159.70799070395827,80.78971223582634,222.04909163307767,143.30474371802808,148.32519999089584,379.2359623695,200.2054401865925,50.70738521799257,176.3472628792702,162.33241651780168,79.1737330371949,278.9244045272726,217.65960661933613,86.21446821392114,366.9027651781533,231.90463424667962,91.04505764437752,293.6558024435991,257.237638280273,56.596698688098606,238.13080047612914,231.1910749639265,105.13216589799748,342.5794583251177,211.05747558770224,134.34049612794107,64.5612594857285
4,129,0.0,0.0,54.438272976666894,298.36878305465257,180.73357134106902,82.65992065250583,225.77492685021417,104.82572306315268,109.22667109377011,372.56924891677403,272.57916477342127,75.15808513336017,237.37739117253577,158.23919432454082,93.29139404784436,323.4555479545687,253.41038281558758,151.16705782376903,249.47376485888884,163.61042976364874,57.34240272962017,233.59392374870717,224.2487472437031,73.35175940768985,222.65696207295483,146.9258268052133,153.37528833703388,312.8527132609967,221.6912738244263,44.66712102798459,226.72553374234158,180.15935444759774,82.79763794116613,299.3547985027663,247.78258721594136,79.00458797573442,343.9495451994041,207.0744749870278,82.04497328121381,349.94833058117786,205.02114986702065,59.75042844519727,273.9963973631376,213.24348358033694,104.0668059945883,365.47720837980296,233.83753868976206,114.08743872883565,94.38618776123336
4,130,0.0,0.0,46.712530199688246,260.6856130755988,141.93522879752936,60.88251199883756,225.86134027340847,120.17942707277724,140.34318657742222,390.06126029587523,256.71011288136464,82.60418740325127,286.52276241047,197.3834004326205,87.83291201863065,318.6070183462452,256.27424610259044,176.40791164894884,289.1443246104268,176.1997808253429,58.939026499158366,257.9143476883088,163.61188236516367,87.97291696450723,222.2713045150627,151.68981467620296,140.29952026301967,391.1061982399051,208.30371296158881,46.005749303019066,226.7095921500288,155.291569452264,80.19599553938045,247.53541105804007,216.8911986827734,80.95289712632929,293.75129331815583,243.55288588954397,100.09202863465912,302.7192673677491,261.84331005379704,58.25924287007473,322.9859852740258,224.4597240768931,109.50627903053916,366.26041873094084,258.3721063575248,109.59253462375267,67.0838859772194
4,131,0.0,0.0,65.87599394296385,254.21437184319672,163.15909914740485,76.99362580096053,196.11844177127276,135.59418943485716,114.68188725908114,356.5567378191404,263.0941179925969,73.7094726778814,251.08723171248408,195.86713502012216,110.57962352724488,330.29908736151543,255.79067802461506,170.18294288921166,286.145391491974,169.07231231877785,55.511747950536375,253.55746841735143,184.62303849196724,85.84001162722261,220.89724874078425,118.36650205813326,142.50726036363156,423.8159271064411,199.16836770795115,41.138911194138345,191.9627214108374,174.59006491990527,76.36486038120879,299.1965950397787,244.36819642967845,74.08384676387799,312.1982987711058,191.57315760937055,93.22458134363252,328.1342197003689,233.10200308887664,48.23868577258599,281.62201567966054,171.41148524024536,110.00271967701649,352.691717172882,260.5525830578332,116.13470244098004,92.52443344417291
4,132,0.0,0.0,59.39575263470204,261.07626282501616,196.7200620805785,71.95311285538726,200.64969420708786,139.34578079442304,113.0455460340894,385.2571464682497,280.427570776259,90.11983165989481,298.60250343870206,167.9676749794142,78.90414101823372,338.3956491000758,224.3759949997817,156.80869420710292,282.0960602467731,162.45139118455813,59.36291889034986,230.50831588892524,192.1129600895748,74.14861392977771,219.72573064143083,149.4052132776077,136.16813771989217,406.2308134386511,226.89107196553365,43.15191839349675,199.24558966978208,154.59102315765242,89.99335472464183,300.8002023060995,219.75194414908842,85.76699166265372,323.534978693849,245.7425611777622,94.38392015203199,341.2843261670946,209.14446833312041,57.43878811434718,271.82749073363686,218.8486507840802,117.59375138565953,349.16418235395327,226.5921547225208,116.56948180193828,86.32337860899653
4,133,0.0,0.0,57.49006704611828,245.27471141366982,200.60526405226497,58.987637314169675,215.74858288101362,151.20849828171418,120.45258067755071,404.61214381388754,209.90565377985178,96.52383792353814,265.8758410812192,174.37180935421216,95.34172160934537,329.59015022662766,283.37422866271544,144.39347387256535,295.4825434628141,148.91790949186876,53.532522012269624,245.24672670905406,197.727994753789,84.68555071303695,222.05944149076842,127.17219454089799,127.69153687074834,377.54140809136226,242.6889231035159,40.05212374988124,221.1555992914869,156.8789390047046,77.06267562807389,305.38000384393825,202.80975855160898,83.29405636861433,346.2682813143406,202.69138789797654,81.15366872404135,337.57663702251625,189.93382936939526,66.22075656346848,291.036607522808,255.72730498266043,101.66148279405432,324.64978993852736,226.26689762065763,91.53475050206637,92.29478901517878
4,134,0.0,0.0,53.901144168565146,235.34350500597495,191.43817275440185,73.94540889847642,217.30187204812435,128.42060882427168,95.55080544641186,375.9310373761354,234.02662482894215,86.48729137480265,267.3114307201198,199.87349009271327,93.2500893785564,321.95424128494017,266.70431687542333,164.0125164895086,299.0379614421964,188.28102819232484,55.39287095075328,226.94332923458208,152.1108831242372,77.69047661607308,221.7510264952604,164.31769538343912,149.1916386394741,373.3454232000264,185.1560482684925,37.26877000176368,219.79394755180567,181.28320315328705,80.7978537449324,280.17193874283373,216.39800499649613,100.67802623360419,316.94600790591676,253.90834693236502,71.53183223755882,285.474091017091,217.48539357220466,65.16064219216187,277.28981683955243,227.10380273842003,87.04733240453832,333.91987539205064,212.21743748626395,124.61894026428783,102.57548545241193
4,135,0.0,0.0,57.19007975397736,211.1176795693238,172.34159784532432,68.30522100877437,229.05568122351286,125.26254710182457,126.86229636058239,394.9364570225047,245.5652732931437,97.60497756026703,252.89590832909474,166.38530416016144,103.98684413619723,335.44148269284744,272.3039648984018,164.55891856669632,290.5080462083825,183.6334577283631,67.62498936898896,238.3919761362927,187.56529960791374,70.64156800649624,223.93305191842614,144.91596092191736,117.66780932168837,360.1408475780649,193.7572805056014,42.50547382570973,214.06769269857207,154.111163897384,80.31488610292672,242.09014661813097,210.40909715614137,101.66392196933492,315.3339332372386,207.22382822640748,89.92180388871311,307.0854337717382,240.5538802932022,53.56520896786831,283.1561782669945,213.1529132720074,103.96576313841447,399.16882273498715,253.23790459578296,128.562343793472,103.40733228635868
4,136,0.0,0.0,48.860616555900165,219.28050722824204,189.1634229166262,69.88982393105321,224.57674113709066,151.25704457798182,94.07590700864415,376.91091529638186,220.9807899357834,84.74786490823784,289.84530144736965,177.4090680758483,88.05830342148855,385.7928170060978,273.31961650616546,139.2975789297992,298.6516077938483,151.49350413814633,57.08983692411921,241.70227311536945,202.14430644457047,71.51889902516142,209.5785318006606,153.58768840711508,163.1218496121649,416.14645367524565,206.45055990662738,47.66787795509951,211.1301144368243,134.86061924851376,81.97809932422713,330.0433591822336,245.975041164958,79.2976049123235,317.46295514551787,211.31161398272164,97.85619334227147,314.7119112552811,197.73372361880232,51.18052539390239,295.748170167757,202.8250909837734,93.45804068729738,342.91495196969043,227.73468192642025,130.9944742346628,116.36225330738662
4,137,0.0,0.0,51.928581906503204,248.74592947890517,210.02074648866642,84.79166478600271,186.71375432090048,136.52975613320694,136.88243719584528,358.230572457383,292.10053858305264,93.95102704057103,261.78619587964965,179.1483258600423,96.66862588412984,323.19467023211797,227.55669649999197,150.48502601241512,324.38157718859696,113.6527905945108,59.447317693194144,251.0418391222716,145.716713578416,92.71725381984123,202.12413981329976,161.87854924734515,143.50832209321595,363.58317112125746,231.15677757406706,50.69583910718938,198.60750620690513,171.72899577678749,76.21742435245285,314.2882079736746,175.84951007010181,89.074696378275,306.2477017165042,205.42688097698036,87.26932213661496,292.32173225233726,220.41545758255202,57.20780552982791,281.5806340726057,180.20413449525392,95.240773088033,323.3363804185708,202.3880397282009,119.00991416654163,130.66134998502042
4,138,0.0,0.0,59.04826205334422,241.85002043621532,229.48876707665315,75.90466377737204,222.62421151677185,167.86899347962986,118.1980129232248,305.075998519698,229.26806553799247,93.37702170236139,250.29907657948775,168.958077574277,95.27447388418484,366.737172130214,245.42188229061577,136.5219516896008,335.23698852505635,184.57059036674872,63.96807841424097,267.87740002922953,192.9793459610687,87.30367457661144,221.80794758126004,119.39632693931426,141.97380202282878,338.83816879716846,233.65806794918515,54.1592389368485,211.68623529966516,164.34789725574538,91.43649085847021,280.39685545035,201.50284346234463,93.49351377695406,270.60869883139856,198.4320761301149,88.0969399236724,346.55368079133234,217.39626526502929,62.335791681316266,250.25468554006724,199.96653625160369,106.3509612709053,305.9846736386898,221.7053833776066,123.18081726197929,109.7994419780443
4,139,0.0,0.0,50.11122258409837,259.5713936764177,199.62661233994234,71.0164593659184,214.03830717633522,167.32766166621178,125.8601171638567,386.6429928647881,230.66246838989724,87.44077145573932,270.16505634659,191.7053821487364,99.7147477374783,397.3108647514865,263.4529651544944,156.387547049954,304.8337394976519,180.53402529230888,56.98854457693515,242.8010069682883,204.17714022015545,73.97203878252321,212.48798504287464,129.10298196696604,156.28347019823278,333.864311837358,229.9119386353643,42.39950428382771,207.19853593597702,163.11189324064992,78.42719178168876,255.09027196382965,197.80912047164156,83.94234701342167,292.0776748343057,228.47134943825256,98.08984389077355,288.28392962509207,217.0957031508125,57.72598309906006,252.66827704258338,239.9456695791017,112.07759559516359,320.5332493228616,267.71911042624936,110.9533381492939,91.92573346308492
4,140,0.0,0.0,48.77261280700545,237.9157097059501,162.02670369037324,76.39122052031239,225.86413465963514,152.87166132481104,120.35805380915428,354.94040943163367,250.58232913627558,92.299477989258,250.28466959441658,136.69428603731168,88.7494660983202,332.5088556683471,239.86729834075172,184.12675763262905,288.8568795871821,161.35564301118265,54.07572978911552,223.1800001986258,197.54836697421683,83.96952243296573,188.56756685723607,114.78887837572985,169.10206896797825,377.2321843910154,267.5230885723024,43.092210293267655,207.8155717829283,183.6393375895238,83.29984567561284,341.6963647474661,246.0078224169024,94.53327260197783,314.086958427602,181.6080158826585,96.85585446034409,295.65274602364485,229.8654597196798,56.10162350385883,255.46909187416003,210.63202804381908,104.69565517463005,322.80419794610236,199.4857263531458,110.30950692897,136.21025312093252
4,141,0.0,0.0,49.695567134024344,251.40106572576113,182.42196768400953,73.25272247489619,209.50920929891683,163.2490217336143,130.7762914433464,344.9591849296915,251.64365677799202,84.21234374101498,287.9154924145152,190.32273439764703,90.15291930057009,299.33940437264624,247.8077361888003,156.39279403894193,305.7597744124438,126.14211015798185,62.157295449349604,220.8512089762898,146.39637124787657,79.12636191203454,219.47142364189264,151.7398974744443,117.94690261563309,355.6633062885705,194.83672702251303,39.67187957305507,190.55263914972264,181.79766542158944,84.01648522686807,306.61133367812363,227.5450194835273,108.27763869214525,300.83464266935204,222.12289608056017,82.89885372256266,325.49061996144235,258.0263859676464,55.886813935358845,291.9847749781106,245.36420132191355,116.09204775752046,339.46058125193036,238.57484119711503,105.38986901246864,70.51262924821023
4,142,0.0,0.0,46.6474085799712,279.9604306146173,195.37190855180987,66.71225363764779,215.85380715656177,158.62820144418353,123.56582296556091,344.06128446019795,224.02863967466692,84.23910294252535,282.7340583493352,177.9929771214685,102.92349540280782,372.4662973312934,252.59786664122666,152.69728002934994,298.28589042238156,157.8521365544071,58.80643668341905,299.16554363786366,156.82566116419795,78.02353690304372,196.26619615712926,122.13547997342457,149.20734349514515,379.42464475785965,199.2769559756329,31.314477287084323,206.3343704077577,157.61253659382675,84.90777891368687,269.9078386451786,226.99103285405624,70.0778038338353,324.17638636010315,273.7991078526762,82.82462165328825,341.4611661969337,265.27555328476564,59.42113141946739,241.86013475797884,236.26583528213163,109.08676505861301,359.9510995694328,246.27442585835973,106.85324384275089,122.88801801261216
4,143,0.0,0.0,49.490394540586706,254.44792477916863,212.68985895526046,78.09644274316047,207.92506173844015,156.3769503009587,126.08922903238897,315.79597423683265,273.3784410087027,83.80038958818764,295.17742815778803,195.1749901587626,93.42321755838819,346.9322649898905,264.89545324325326,176.05005395675863,267.0083037496452,160.61723785652325,56.149279041878664,259.9198647098462,174.46374368067782,80.66909909327042,182.3715516166439,154.24159306254103,130.38803424594067,352.82909546500844,193.94565473815499,48.71572277268045,227.91146308535428,146.90612907502975,88.34548050690888,308.01235373314915,203.49154623772293,82.06294384190683,344.0723238075104,196.99719773999152,87.54666599837745,301.5874394337163,191.6346796495074,63.335195600087935,283.3804232565146,227.99500527490792,105.52799773950301,383.034709478901,250.08482454205574,101.84594052357595,96.4168415612772
4,144,0.0,0.0,50.04518793491142,247.15772889390726,170.51384810644532,71.18526522114517,217.88934107023917,159.5804650230337,126.98002133172949,331.0452373473882,231.1730084130062,87.25660030363167,234.529016108903,162.62099447897603,89.51432323683696,348.27998045954365,191.6545393318812,167.9388454548529,345.1673910023174,132.25619514636819,48.18188408721509,235.63802274608142,156.5865205232729,83.87389334321006,257.7918159766932,126.9782780058612,161.9396591159616,312.0015683143253,205.78694895244664,43.16981991888611,209.58761125787075,162.26872155440213,79.88435440144755,327.6972406607259,197.74369373284293,75.11731845205536,342.64639231734895,237.13868679613932,72.39517017335275,323.30291048592505,215.8681631338717,51.38937200499132,264.54981244869685,213.28776247707344,112.52923297379327,328.83611618842735,216.49053330468442,114.74049768818008,88.45055213703831
4,145,0.0,0.0,54.53800374266683,249.02143660162682,180.80648156853368,66.04227060577317,230.89753450920534,199.90130435183653,119.33365404070072,308.77909916861336,245.31872115517967,92.68298302131112,288.5289213826508,190.0814287223674,80.72702137605428,319.57211377742567,239.56395481858934,150.01216817936847,338.54755637660867,177.38645535746053,58.524479903853496,235.39162144712685,208.46263604598303,77.67609643775324,247.761709429664,139.90253152458106,166.76370665011498,374.2597756523803,246.12985850764326,40.220031397381945,239.58308270006222,153.74956920155918,77.56126205082917,262.71529566276547,201.32510783949482,104.43142271036915,273.2394231262191,236.39290508013303,69.43545664701793,352.3960155508437,265.38142032082226,65.04520866138002,261.17031254231574,155.0226358402732,108.05412705566974,364.93625158112155,265.63651793938715,107.66660952596835,108.18165538964608
4,146,0.0,0.0,49.771119664983026,231.33705690084423,201.7962150444725,74.09947191311899,198.5493488616967,154.49058659345218,131.32297972651062,372.11745020414145,236.9512041613236,85.52318263004003,246.078499993405,197.2742676044486,97.48401819913673,361.20400338642855,243.57545823366797,145.60279513828436,302.7031726480424,163.9081088000533,65.06850788970094,254.70309057363346,184.78954902106938,86.28427559267769,211.84416159513714,142.25958384106607,142.16172117678457,369.62800819693825,206.93479665150818,42.10369838400046,227.7718688115688,163.36784298694164,87.74267379249689,269.7756851237954,233.11469804027917,92.51095213437638,292.85557925101716,202.19050578797825,83.52417416043521,320.10388325033045,206.21544949871864,57.794708039360515,288.4968178048501,199.75496754369829,118.09273505858764,324.06185467180507,197.70742174069554,105.66850573578074,98.24074580217507
4,147,0.0,0.0,56.40996558510122,211.06127919290896,184.27559368903286,75.51115462998544,202.21266051193157,137.14016348310804,116.96651904109879,407.52527147484693,228.65289996177364,89.5615571724025,257.37147785650035,187.9263520453029,96.4205788144645,359.620842470811,233.6152385069925,160.9264410245483,324.7787332688522,171.7872544568728,56.018787056481884,204.13282270454357,174.96014300146476,74.00032169440313,200.76644409990703,129.56409641569255,149.69262835148967,368.0523388737592,220.30271525893562,51.28266137813975,230.81434391655245,151.4946765658023,83.24095794006912,275.59021312175213,211.41690795577668,78.66718019762925,291.44173549304384,210.5578863905537,73.4983467945664,331.9086016815876,216.57155220243533,57.48501000202134,275.0578575531117,214.12023707547834,109.38359204592797,357.06787449070447,286.38898595260355,104.88047434583731,113.8937979310795
4,148,0.0,0.0,48.82742820385762,256.1630129997869,187.04639327665598,72.50244270116185,226.79447763931736,145.34517227486006,101.32609588253781,371.27278885928126,239.3666302139362,86.50470345715878,257.6175566450735,195.39234126747442,98.13053938608324,361.31650072334736,215.13849334582173,172.32450886028954,250.34041235253756,159.66047251163576,59.4266153749225,233.70884679654617,158.92245724983923,89.18573606548561,230.38890111003732,120.72966365644183,154.71307052799867,388.9567348718649,244.78083227164842,49.729834174357975,206.22818272832262,185.78651315853972,84.72737703687706,301.55300621555546,200.82518855708142,89.69970031183236,286.87423196182107,187.46307541380457,91.18659126490812,280.85130327101956,274.7458063684579,56.33854482080488,297.51641391917667,198.29149141677468,95.78371189508744,313.56728905789726,256.861867755894,120.31715617506683,118.84206020228339
4,149,0.0,0.0,44.63919772365187,261.7617602806458,194.63175225765178,60.39916053990881,242.77660743541784,144.117006425897,110.62707107319488,406.97216298317943,259.6469730404608,89.88361671872528,249.14185037802633,179.76946889807627,87.14261012288465,286.6649773054596,267.0732476898226,143.88582839960586,245.21646130578256,169.27489575537325,60.63862668922556,236.96833768024032,165.49691383423558,80.92893491783695,253.8542178696955,139.2962549884445,147.80914285062175,374.18755297415726,232.9654032780265,43.96543029504805,164.66058634145958,146.4878861735913,86.34251033211066,262.7811930238935,166.06096328978052,92.21902089314344,325.94037247753664,214.34021560059088,92.04419364243866,348.14586613072095,225.951945330986,61.21720778346762,257.46129790703765,226.68791378328763,137.52659921641603,306.5193889422557,216.53791147918162,118.16289283440689,88.89075882233382
4,150,0.0,0.0,61.17513148459324,238.50082723498176,198.666636386899,83.69276421302355,202.63497033843834,143.70066460225277,124.03633567776781,369.43617645235355,252.7148345900119,90.89784754139201,285.5007593977836,209.44307762826446,82.93099832997211,279.7644130279611,272.88003741069963,173.171664639813,356.2789308907411,134.19845501802837,51.96540287344302,243.62412180585636,173.64708840485054,78.3271373026657,238.38197724021558,136.45308758366588,140.42970421417104,326.5186317760422,218.87420159668537,44.463695708944414,224.1679669834836,171.8480657326773,87.82068558962796,291.970543316047,187.79215458167064,81.11447946236703,369.3273513130229,204.6158812621162,82.88234761558724,290.71470041937687,200.2776939273378,66.3746583186615,304.5264838113804,203.8095424582317,89.98373231294119,328.900304939939,232.2826076175922,102.35926573093381,128.15403622857707
4,151,0.0,0.0,51.265850398433486,226.3307606951755,180.6539278604071,77.00904667765698,231.1848982610425,120.62263355658202,102.17746370581375,356.53077892823296,231.29600346228213,93.76870428622614,268.68792482067556,200.5830420439468,97.9612322863818,298.912575196568,274.2960859015874,129.3717413306435,349.31871082134035,152.4324553512153,78.01149966933627,214.4608451640975,178.94054414775292,86.82429035901849,195.20375817257985,159.8600634366677,141.69727732529208,385.3266381369378,211.36569752281534,46.751151634327776,168.98363359038984,170.9910946664087,87.09668320385781,286.3027445223685,206.1417221287294,88.53843422996874,290.42458104551014,242.80607028516957,85.18560662186356,309.0579857897819,210.55097108174022,56.81208117654163,268.7525125772731,226.1855188986848,91.50041575827322,353.8930898205505,265.11958535744066,143.37139179952857,92.62493614515647
4,152,0.0,0.0,46.2286082394913,210.74070475520136,160.0931959686941,72.02259814418751,180.32977513612732,124.6640993399451,126.14022011791499,397.9613026702174,264.67701440379653,92.51335834733828,283.72363358523205,197.3306364662011,83.65927166274578,341.80075660476774,241.6322480273344,139.85214768611635,306.8395854458478,134.31686577140513,58.33432776516363,220.3991992361448,194.81216315213368,69.97019038071973,194.35147874305665,114.51725179454263,147.44917163169137,434.24321936655053,199.21380387074365,34.79217877619617,193.50586819582855,156.26357873235622,100.60139239850757,325.3172598191313,232.18253332350068,84.48393422437267,341.0746390595879,196.19808395843648,88.92645993594284,298.3323179756588,219.48407175915224,56.78353657132765,247.70075770492446,192.74348162463698,108.5995058591106,264.99804790230314,216.89401144689026,122.98689294362742,66.99980544735908
4,153,0.0,0.0,57.87061570820355,273.3153415788028,129.98902259892483,77.2143544995364,198.37054044964486,152.0738728609525,117.44058748488598,360.1932585464811,238.44373571756677,96.15827681236063,297.7715472298835,168.60735410692976,79.82145730525843,336.7327868400915,266.09296507015193,156.2741858211903,343.37350534498677,162.1095206399689,63.07162323873912,211.46036930302643,191.48242761659802,81.38878947446482,224.35257229535358,171.59501710131747,146.72917933305033,362.5325258439181,214.4755273275133,38.42936819460672,194.31255586860033,164.64975175916743,102.10730895964349,255.23630265270435,215.09005535884097,84.21897510865396,346.9321951061225,199.46943351152908,86.36316812903328,279.2572092813564,204.62689128649555,54.13977806112653,314.37161538431144,200.65892249031484,119.12718892536476,335.96015529028807,240.44239707777575,125.14083114731218,100.21672874401715
4,154,0.0,0.0,52.21162048970354,236.0057938955798,180.30843907182174,66.96111185450951,227.22181793590605,165.89829656342147,105.79574501845032,370.67453510324987,226.35846207724035,80.2438005688493,298.3372448520355,199.2644078337216,93.41692463041389,316.81067696367467,262.01138198090143,154.94661400590633,329.9279126111537,203.39578105257164,55.19173956460855,264.6465837893385,151.37819935533355,71.34779194880245,222.92012687845883,127.46013640965295,147.24156066512228,366.0764262874718,215.82090678517832,51.530995726936844,213.54701720455677,187.14454229951943,83.80439212843085,256.4812189253309,196.82492234785573,81.70813816071725,281.84221234593184,208.40864360031878,96.36678430111434,311.46164076622244,240.5336117906867,54.413275377920414,257.5286208011152,230.01582339492396,107.1797653023806,319.2740879244205,206.49584254458375,97.61970046344496,105.44716360830486
4,155,0.0,0.0,58.97673450413997,256.1975179879385,186.71310306705774,62.69131341887149,225.40117974005824,118.06085433386568,118.59472992284866,316.5958705753064,263.18132763750185,91.06570628975592,284.11292736539593,201.9189987122119,78.7051106218139,380.50288647909747,269.6108435904031,140.77092891350418,274.7780092299018,164.90603819271757,66.88305439853096,247.2251322071697,150.1337996929741,85.77100105298958,216.9758439040483,120.25432857431942,128.90455466424956,342.87418407802573,225.39830928562472,42.0805621214603,207.92642364889838,185.15389859448055,90.92811060398576,313.47726999520705,190.13513439322776,81.31795003778225,351.9512878845509,214.77815035563216,83.69150846532082,344.2772573503529,235.13985533467698,55.648605746358484,286.30203108860206,228.59587982789859,89.84145790308318,354.94610993412743,235.73132116666525,107.4099612336202,112.84915306780027
4,156,0.0,0.0,53.7807817469289,247.64410317096105,164.77011028520067,86.14349947195473,207.31486872663675,143.01051293448995,104.62972841915848,360.15072848244563,260.77202318324953,83.43443389912926,297.32731289274045,211.0750113030168,89.34206271154207,332.78168265591034,238.69480164165896,159.57425862045355,299.3614929593632,179.62406999901808,62.35956424937352,252.0741439261236,182.26926975426466,76.20828917425948,205.43047591107205,132.832825442908,166.3998173853671,419.6304462185455,224.79128802750466,41.582292559138864,190.40417413263702,160.4321868812587,89.80048222006313,311.9902537016087,165.21367165569222,95.4432062697768,317.9810249475219,196.47541121358958,92.95189998515961,356.7734457234638,242.5764185668319,54.80740856361167,258.102553112501,190.14378974625825,104.28345701270014,330.19698480503445,227.18217472127083,122.3184506917161,92.25415571429362
4,157,0.0,0.0,56.46536426669186,255.43020923681328,207.83003016419875,76.46988475474555,226.9946581606948,149.04490016254397,117.82121546578975,336.2598663097477,241.68968062247555,84.79636954733715,298.11906725202925,178.4314896954883,99.5741538524876,377.7078335603126,218.21302350801733,133.62373050842362,313.3003101575023,167.36905841904579,59.206827801302225,229.36734660148818,209.17356852619275,92.57499352689156,213.7990270750609,150.1147959535849,142.34725238016483,305.1682761643251,246.8252714150933,46.25511410494196,204.80059483908354,178.15471485080099,91.8571361700822,245.28071716324115,184.84609908290741,89.69465827351137,336.9457006259741,198.10541445524035,85.18087565331474,323.0647608156401,250.55238052034252,62.438256294820626,299.2717660867544,244.6067222793332,93.56848482777562,292.680537518904,237.19516078922223,109.06118146265634,89.62176481982706
4,158,0.0,0.0,55.58261200205961,244.19573252049474,182.30126148014588,77.38894018259599,224.23892761015946,148.75406435111069,113.47050531309756,285.44866066911,268.5870605723171,90.03987304379305,227.5637691155438,211.8101766052355,92.00916452116572,297.3458096420007,297.0278984995499,144.27040513030607,326.0022854495116,163.7088769669732,58.999877451677,233.63830110198288,182.48903918542658,74.06302527940696,227.22797175911157,117.92272778873878,147.4175609428253,387.4105467084075,255.40764022706855,41.93577882674359,251.39996153443354,148.63871793342844,87.81845827817165,285.6618489299069,201.14652084049962,81.2612785402498,274.2148436886012,225.50675645306916,99.88055723727268,324.56279997431216,236.37771237563143,56.607724621527026,257.0006676203141,220.54982816846484,104.9640857615871,336.25356164836205,243.82770148770402,114.80724560779377,140.10105676057114
4,159,0.0,0.0,53.066634526097175,207.25032901264464,193.75101346736898,81.30906947167212,205.4505056001262,120.32661600419635,119.32713218300631,303.6794479858608,264.09195756319394,83.75289865446062,236.83147651474445,152.26106502186408,105.89692072778413,290.0123411136883,210.84733381885832,163.92294538092708,343.1958150860452,174.51747083733306,65.18456819169063,254.92894352080646,200.95371020922798,57.28985979938121,237.0471489717085,141.0457362142117,122.88263612196965,371.11690367470817,214.41675699227977,50.578244016260314,211.97380950978192,168.3854988589619,92.95006212848287,324.4936048603272,217.09444743479784,92.08867851666723,317.41272214399487,216.06097840933214,98.37767207647694,366.14378221311046,245.81461201935556,56.15629936009609,282.5181710147359,226.10368714061892,116.26267624307471,338.8660806557639,246.31004653020835,111.5999337940167,113.7136695701845
4,160,0.0,0.0,61.07187386785435,254.02603854968189,185.25525788756238,66.92096705043598,238.4155578123202,116.8924728039502,133.08071117155396,340.2390067783704,259.8621850513093,93.2334775099387,263.9467088700518,190.14075543285097,93.52096918297474,329.26627009616385,223.47064655961023,155.25238583424021,293.9690648003312,154.35936604909264,48.69055094063181,243.73850743557765,187.67416651639138,90.73266674098976,219.98490230194204,143.2518807690956,153.77029302460113,403.02877265799873,218.82958401378795,37.65014059399538,216.70028520374132,158.7527837204228,84.31561331895962,281.32264769342555,221.03650031846507,79.5157984811543,345.77160099755224,167.88856690813424,76.30068133601208,360.2600458772083,218.45180867576497,56.46900699723236,300.2623012990626,231.20837951184342,109.2587390928366,360.2174865407561,230.68032220657378,93.5304923684428,97.95826858415622
4,161,0.0,0.0,59.2360981706026,256.38771916575337,202.62713358022754,78.05393299335975,213.03466245849475,121.67211602546425,130.9375175096869,376.7917964174306,217.1207615917034,81.47758173131004,283.6858383632577,200.16208511343447,84.46169113137698,329.1385790985645,258.32439155962334,140.47545807285195,322.53779889246573,177.9757887056558,56.30913435227004,215.76424694811084,183.66978948110673,79.02879467432084,199.4340468680234,136.41377713078836,132.65343266683345,350.1659699813336,231.98008927377555,48.48240110148072,188.1897986606161,165.75381045258794,69.39027867204108,337.59615928797666,247.0062494682199,102.43738690661142,307.0424664249609,209.6590591467789,91.7488276163823,316.42254412503655,197.01555066402747,53.6720136324923,264.26103487721775,208.76370289882377,113.58917931204316,328.51661620392343,220.6557573619129,115.01021864212198,119.5419654475096
4,162,0.0,0.0,50.29435296699763,215.1180190203075,194.01220213225162,72.26276491898194,195.9065826954628,162.58959083381077,113.61727533798067,400.18647880047894,257.52949990650467,79.71956685055277,277.8265397038576,196.45272682903158,92.38489027505467,352.5550092929535,250.66137219453816,161.9929882585514,320.9860899199334,164.363747282173,58.19438130821528,278.4525190116724,150.85763797782198,87.03014448056366,230.10693979853764,129.32669404754787,127.25168647604056,360.6824546430338,217.6059752374224,40.44136517531734,221.0022863173367,137.23081091517946,79.7773851776124,289.7682218530266,212.99802514617932,84.38673142998978,259.2238562361315,217.3597990535904,100.68288250246599,310.44843335499604,218.02729853915434,53.99636391215517,246.45641732446137,214.39452208991705,114.38168165350652,341.10769679715344,211.11958591683916,102.53120560622591,95.24779354952739
4,163,0.0,0.0,49.14453715236546,251.25412652531497,203.70587820802362,81.15555378093195,232.09308113267792,145.03496061844575,123.55296571465455,273.1167577650151,281.75680860313014,106.09163576384707,261.4172448020226,201.37146874597406,85.26285047335449,296.1578228016024,231.9933758856774,152.9896786414251,316.6154428167286,159.78338439982403,61.0661733650335,247.76945765840418,168.1418361070523,78.12646635960205,208.7162882817217,132.50468959891788,148.72610418694356,310.2581653062744,237.2197321642434,51.34138261698908,216.09370884208278,158.6453216003106,80.11281398759692,295.813228842664,240.11643742846482,84.1585950069919,338.62510164641543,209.33115124138737,99.10470306617258,335.439864391655,210.66834865320985,71.11472624745655,286.81382043742633,181.28495519571104,117.10271839897099,337.19243265908233,232.7755429928757,90.01541058655445,73.14332495377278
4,164,0.0,0.0,67.25840099744131,265.46262196188644,176.92523805273325,66.30141411850018,238.98566027635735,120.12215098373989,115.32640259143001,394.8605203589225,309.203854866046,92.23066937480365,205.31502590728132,191.4391599465169,90.36173960584375,346.5131274111351,254.61626405441376,148.05659113970728,332.69170165753866,153.3351030667911,63.170220453886365,227.1576873210208,188.0042246787746,72.97332471574728,230.64719819062475,150.99531898019063,170.3132945110121,364.0968517541953,191.66034031299304,40.075102997984104,210.75320827846738,148.12103325252525,86.09128258036729,278.3835446132954,199.9535843852324,81.36385072256414,355.5867518298322,245.23106059354123,80.61335735072102,275.74425688353296,215.6904396087646,60.8995812639303,283.8526137562701,242.960785684474,105.1985712448858,385.20907798283923,238.9569142347089,103.03616354977414,107.84342285456357
4,165,0.0,0.0,50.86593251991413,209.25255581205911,186.41339971489614,75.87977029271609,210.11680739108945,134.27726982726318,121.4117762690831,351.093401520156,247.2934702133267,86.15037720957307,243.21427041141578,178.7837869882913,97.00378937203638,348.1064404887753,214.40147625601284,151.88323578538413,282.14690660151774,164.99139597862495,61.363482827161164,256.12723143837985,195.89410531759344,90.72708644870816,225.03744451580047,141.55756622524095,136.15709757927132,336.7954488215604,211.74229336176558,45.50423324273783,216.7844157536137,153.22442872570699,91.09861702001764,318.97798053966096,205.55082274481973,86.54655227962887,326.610878280354,259.58882605694134,95.21217117873094,340.40620106776583,224.72384166102603,59.18219506509502,275.8553098547959,254.46534247982785,118.3975060379254,370.42324673504834,245.56713967906427,108.28052620146515,99.72444611501659
4,166,0.0,0.0,55.573280787790665,282.4603076158128,200.9811424485561,76.56130529953734,240.59356007917316,119.33571296126124,102.44418146615062,422.7619833222643,256.50007549350505,81.87815441821459,300.4720506611268,203.0899398076237,108.1904542737802,290.030661498926,261.96514194338334,151.09713486021005,310.260655098797,164.74402173707117,64.96972009354177,297.71995167586294,141.44416236138053,95.80314333659344,218.3041615278549,150.8034251579012,148.1676971242797,414.2363846800952,242.6936735492926,46.23023145887162,204.7227624441518,167.89866438781414,97.70563872170625,324.1534146344755,249.2297813836412,83.93094735368628,351.0568177689912,216.50434734388625,75.26476100872765,305.48292616389415,185.4423724517505,55.17312489445607,277.57993620140456,200.1983805076303,117.11656079585318,371.2368325235458,220.15541427029808,93.41925444702701,77.32883055707961
4,167,0.0,0.0,50.900586062343756,264.4327192955485,169.81066249554272,70.85955174814707,222.43212631719953,149.782145259094,116.26341121078693,354.7930751100749,220.13888427184835,99.904263102404,256.11316909068586,205.59649360694362,91.43228841626424,336.20978101087456,233.14789912355053,137.99828387608315,306.06086705651376,159.4700032217902,55.08149740774293,237.80216278961905,162.09284397465927,75.50968364972536,225.86302883937836,136.00678842973755,153.92610491669217,370.74623453846175,208.92102859000042,38.57811057675179,228.82609903645033,173.67177266772416,95.54445163249139,275.0864561430017,208.61112193970746,83.30313475128773,322.3109107719046,217.72513655364273,83.23715204823662,296.71316786740437,255.51705459709788,61.447377814567844,259.7644778022534,230.59640751529705,114.25598984575682,321.07293043382384,197.83636949978995,129.60871446094464,101.74232092054845
4,168,0.0,0.0,55.164525363891954,298.7603376428817,158.36817257940206,78.99613546987061,187.12184336910266,130.75972187369086,125.12220367947381,295.63703377131543,236.54939574166548,90.10013992958599,266.33707724763104,206.83214959188973,94.41317431016871,352.82787081871504,249.91740853688967,161.86801330600895,312.5044116452239,202.30752909137246,68.82039436574665,220.6470001475712,189.60777836862263,87.58207986594601,208.89262587840122,131.35724594622224,151.34175823681534,328.603517189483,224.92327291962116,42.206250840209535,203.10586090576467,193.43578397214714,96.22744026769453,276.99388731499073,176.08486378043477,91.1731548512285,329.01575566920064,241.71360538448474,78.9725564330992,366.43803048383955,217.77972454219994,47.2449915743347,253.8937358854668,195.2309846242572,104.58505455789525,309.45577597689703,219.41560694601193,114.96588110589242,71.5488821914374
4,169,0.0,0.0,52.53546095044904,252.41017192115902,233.09014211935235,68.8664151322731,215.28889727837057,144.62807107862454,116.58702398155323,318.19049352730696,221.7065308713254,89.84295236584731,277.79165315956317,186.84658571854158,83.67901205921672,355.345313272984,261.096370358188,139.01891224039483,377.60383692886194,155.95949048218125,55.21169411907141,225.23990814869777,149.95349243200727,83.11941692284957,211.95088297428688,130.4244432653741,162.39015321264574,402.9023730734118,236.4623118361906,45.43599636583443,210.17163595232958,163.97110411633886,106.8515056786224,284.58246837105924,215.67153558775604,92.12460353152906,317.03790575368663,210.53335261615103,83.10584631775187,242.63989547143527,233.52128392954728,54.963743485361846,237.05952645527398,218.17422647393994,110.73139793759383,316.9685609483791,231.92245643462374,113.7355294706959,97.6166354138522
4,170,0.0,0.0,52.07058572614287,254.8102855672099,173.37378065150682,70.08742772916307,185.11229355222272,156.61209446957076,115.0635730002375,383.28975362453485,253.72670998929942,105.17327220604537,245.96737108093842,186.6714579484372,80.70968415330991,392.3136379269301,277.1243016172139,172.7773096958964,290.8190393486375,169.09311203499215,59.14330124360095,260.18873698821034,210.93779991595878,77.03573065506936,244.20690736555417,122.95177498992236,148.07476050450634,293.45842792346343,241.60684340388428,44.10196483148546,219.00061360325842,142.2568486453847,77.24255454428173,294.19797503712323,222.28674032498708,95.39696907931435,289.8628587102029,178.4671603391264,96.95969772056843,311.063923933552,271.03512673969425,57.9303275019283,274.06822045659817,184.55848460133862,108.256488818475,394.372111117834,223.59725440466406,129.21435489348062,142.95143638951558
4,171,0.0,0.0,47.915928172528844,244.19573003553458,183.07219856600452,68.5752682668125,217.14918899485951,136.15096390748533,136.8582565451104,389.27805459179285,264.1143254690155,94.85607830349161,297.32433138969736,168.22687249598928,98.50308141184735,345.26372869524556,230.69241146373238,157.44737726778874,308.5472957650141,147.07901368450575,61.2297518231627,238.9768683323941,188.40624377853896,88.63462009592936,263.6156033282668,145.73940656553052,152.97993562844778,382.1650636262724,227.11685699413323,49.00125969208931,187.6629176423232,131.50800318820944,97.06020168605212,306.8340880295953,181.55741220964205,84.70123153955163,340.1929029462171,231.40181544810991,96.3046358689154,327.8871147820181,222.70578085246478,56.739973073183265,274.27601326191814,196.2828403413176,113.40079989198578,313.3102049849111,236.33997475769027,112.2064102858172,85.35230947007966
4,172,0.0,0.0,52.57702136067313,242.91824327862216,154.09895808185388,75.88285687597059,219.83356237318966,146.8167379142645,96.84683627099425,347.91222813789824,224.0928926163234,91.23486849101572,262.59001313963864,202.5045801081278,86.74037194697145,349.6286516366649,266.0210206265698,151.07211326523222,348.80662687495067,159.19553015925163,47.71413152067369,219.5432306299822,185.14523448792585,73.75328316166593,229.5185755945231,143.64076639571456,140.14831726714263,366.0679799391755,209.05301180583206,41.65666385203384,242.13571003333539,132.6117802952098,80.87889926716656,259.0737291418497,202.5967031592305,83.92333125741422,352.05352520950265,215.49941052000997,93.25717323216598,341.09844465500925,205.12688077320595,63.53095402108828,260.13456314179496,244.78247215476466,101.4055174621932,369.4716240688692,213.04072710581474,105.4965386530991,85.37682653273697
4,173,0.0,0.0,57.58596441647211,241.64599678914595,193.89302820129913,70.06191222549349,227.0592610106412,136.42809369980702,100.40209501191296,356.04536617986946,222.1267901495509,76.53885996853228,281.98194692449175,193.75047449872523,106.5636548212573,357.47398821096044,225.13188746002265,149.08862667043505,315.2071355468679,157.9238333835656,51.59997035037995,240.35100645825636,189.09039278260641,83.24724637674272,218.7079996677177,138.78752245098983,127.27837180944927,349.1755087052474,199.52246075220154,40.499934952572346,214.5861781685207,150.30788450410745,87.47426331472391,299.1746499620767,197.19001158875795,91.13289558223309,286.94006373614206,245.8640665653686,85.29961828213487,289.4094364249081,221.1827006460431,65.45686292634645,258.44568120723534,214.8467746557502,116.78799503954146,334.12671734610666,235.0638444774925,112.95021717443049,90.46910972187295
4,174,0.0,0.0,50.2522993047809,277.76980575444196,174.35560371059353,74.93294989072992,184.67433325084116,119.27208078896103,117.53936628301912,318.03806200631425,212.78645508649007,80.76440303993792,286.7537075884087,167.62116753075725,90.99016923266201,312.0642586980328,230.87484656317008,138.70296207709063,300.6414007919727,176.75879661217067,58.330700280454025,232.51659177066023,178.0259594253234,83.76986349467322,204.01116182570613,152.53490103597161,170.60046983318097,411.78605859942786,227.59238786216073,39.21222283742267,210.59613008535558,184.5656463111401,83.43238227312494,329.25423901923006,215.16558887249582,94.02342032768205,260.3857064069622,213.9058340665894,88.6247723779991,299.55545733118055,207.4938727469595,56.6906188214552,255.79633637170195,232.2894558809516,123.44433153599746,325.1438640003476,194.93004872116873,103.82458569107581,91.01815746485443
4,175,0.0,0.0,59.01261772764464,299.47202507104726,221.01565260743135,78.38351144785203,243.36761840487395,159.26352115520044,130.6902181160598,362.01144403149965,243.8110111228452,80.48015390528161,265.33506505129117,187.94057708404412,83.39117285937823,374.8427790749063,259.8653848433348,156.14029982492048,331.4008345410697,138.5166404603066,66.17729336624605,232.74143693416994,201.4667848207941,84.22241588951239,176.55154149678324,117.90850929455824,151.49893058837196,346.6023719500527,197.12863746546293,50.5748033079877,240.7892499143096,157.91682012120341,84.14537963268391,262.5213516881921,180.27832740207492,90.04613699348951,301.69865712506436,215.35848885867625,105.37091324829883,315.79150712317744,203.50058815316842,65.355834172063,270.65615193890187,201.73959801558283,112.76370006205971,325.54690617380396,214.39725336213672,111.35065172979039,144.90119144342424
4,176,0.0,0.0,49.695800970746454,274.18526328958217,239.0550593912206,64.20722975745292,208.842131122747,164.79565517875037,98.25299073847398,366.8109351075771,298.83463316510677,74.64593173791987,263.0998759639501,164.65519080386795,94.40319755618076,331.48791856188484,244.2606325415958,158.49083136945032,285.32992495885253,153.22079391164635,53.03114478477886,248.75195975243892,186.4308054073081,88.69013652053532,237.51857166291688,134.31919258914164,129.37218357258064,452.4846387365896,212.54834655758054,45.442928752441034,217.87477528423997,169.0368009548792,82.62301687705903,307.9237984511763,201.23391504459065,75.20879507943651,331.6018397152331,227.2103249058263,83.57623134028685,369.4597753037003,238.10686603250076,56.0297393896834,311.70889311837374,206.24677307200912,107.63097906714704,328.04799527022715,257.30769508301825,111.67648039697285,115.83184321679744
4,177,0.0,0.0,63.691803054157134,262.99599747007926,176.32041495657143,66.37505644099002,211.53181575512497,157.78194032554916,126.58639469892148,349.7029428378055,251.1279624574303,85.53813620770303,291.404819799509,171.8168004600866,99.10582251738015,325.03881518276665,268.1716815124138,154.8539103350207,278.72735772547736,191.47510295746414,56.880778080311686,265.73410387050217,196.6405340265553,86.55886233037853,247.62437206501582,131.859561990373,149.5774039879878,441.75457955073796,206.43181225502812,42.31867735517446,216.72457384992606,183.20816030296123,93.30607639768405,325.5911178610468,191.47267458482995,76.57439843123687,339.933933162093,237.19594340066206,86.65459158202489,318.12980449621807,277.7536446956388,59.465719128581824,283.1553304532838,210.15787607868685,113.09641386827562,406.36948790087354,209.37757546260656,125.77128139533704,115.67573065552524
4,178,0.0,0.0,54.43462228965004,241.20390193654455,224.22509901537407,69.22898873098762,222.23285796875714,147.03714669082373,118.30439623928653,387.1276862024869,216.3251077468615,73.4052187680404,294.2499210838692,188.73379604569152,76.84698038090426,367.0471745262981,266.66702590051483,142.23266338824524,324.9189944429993,160.06468458992512,64.39678168815593,197.57562995741722,184.25537237777033,77.59377827216353,212.67225288638377,128.81029399369802,154.3453837695197,332.44298484112625,262.7079387317224,47.426527138415366,200.10057108233553,172.8871312596406,80.89663745941643,344.8248774281504,171.6568083400543,96.90292560675911,337.5955668064197,192.15182646245947,102.28483285361165,327.84849613556963,217.280381558008,61.533657641716786,288.55659401402545,198.1720912546699,129.34034862586466,388.67025737031224,221.58745349315132,104.04748593325387,84.49602434227543
4,179,0.0,0.0,57.086928940370505,222.99536209741888,179.29145191749947,67.91756894552847,233.48963610936778,115.77019983295686,103.867101547354,319.7378815170783,263.77119178314564,77.02765378261068,250.16665483728661,191.52242608438064,88.4429205438902,362.20324410452895,242.11443031269212,145.04727252461643,317.6739704055472,141.37166521508857,52.607934796398624,237.16103646397767,178.41229800725364,82.09078248868204,224.29212829052594,133.1327799906402,129.237524831443,369.09745530859675,220.52163226965843,42.9861947133233,217.39025277914254,154.2640427594964,76.38159693339183,286.9718984642318,202.47167242653907,94.46108750708098,342.51678159710156,231.4123647882766,95.62948401454487,294.5709849312701,219.48907339825286,62.364972470257996,254.91763777095832,217.87458285374368,113.7025979649682,376.3995496011172,278.15002250783755,105.68526787881221,107.4548410404309
4,180,0.0,0.0,56.85505901795046,240.11037349187848,184.1754079288255,61.19981245334328,233.1073082791314,143.44031404243947,128.0786443128787,346.3890930835949,243.27780428387652,82.44109077465619,265.96367609643806,188.10465507774205,85.48856065329295,382.921976258731,260.81456767062457,135.89599666623872,287.9096022758564,179.0492858615045,56.88257334296938,226.30854102221147,198.26357055984113,80.837502220315,229.32249548271645,118.29077888321255,145.72853111565297,367.1875831258596,183.91432316303874,44.767414723286024,196.40627106773158,151.87399235183685,101.06450051500411,315.590613814742,213.94787823450503,98.23749945925012,353.2960764710021,212.26389856978292,96.85967656462154,296.4380364477434,205.7857725883652,57.96723821891469,245.1499236197982,225.02895419155425,105.47366492321228,329.0316469206768,209.66564586452648,101.4016685130733,128.15643122153153
4,181,0.0,0.0,56.848016239234084,209.59601697189282,192.89361704357776,73.79771369558532,220.84728540445488,156.615331516958,125.37331351590348,346.8951495399633,222.0610154270618,81.08204508702374,298.9785225809814,174.33166906857596,85.41087589823425,342.0975791133216,242.78524714598262,140.29658616825174,346.29234379009375,168.03538938443802,54.750500331603554,254.17032979383308,173.34095304542748,79.1617144228044,253.33241186963681,150.1277690324336,145.9592427390139,357.46631106761834,247.07651046711862,51.65179433263964,230.97828798062824,186.30260743588445,87.3163925282484,281.80444182209055,175.79240186648383,83.31422504355979,330.79676726923776,213.67963823525375,93.75851889569,294.1856127475093,221.0417988239184,66.60449584949257,262.528101526939,250.3382980446518,117.66128721950379,366.3487467483237,214.38363120044346,111.79083025957702,100.49917651285281
4,182,0.0,0.0,48.81446804361235,249.6079974665227,187.00822099977844,75.28815949607683,209.9971983562374,140.10375724629762,105.10202934912897,410.2900081960166,228.99030706141428,91.12281066176155,313.06687114344663,184.1139878183284,87.74966131917661,380.6147285865595,288.5859687100086,148.23567719427265,280.57145991077505,160.0772539584177,48.94206628971389,259.7311099954602,143.37023920992254,91.49504425368696,188.9846357539608,143.04248590185023,153.96939232981956,366.7557184378186,213.84415944790632,43.785721105872526,207.10126241945756,194.8904305765778,87.97508170003323,274.5029260290656,209.82191017331135,78.56375073219681,280.6605420733367,231.62650477017453,79.96525527892015,339.45687520347803,214.63706951142873,61.01975244806325,287.6104971148303,238.61533039986995,111.57323010766527,345.0349937687971,281.26873890478305,124.88546342504114,100.20817507399265
4,183,0.0,0.0,58.11527339004679,235.69380792765168,220.48216611515224,65.2632495073034,202.6953392043963,147.2618227352722,131.16363113858162,436.7860531021675,223.8926936925489,87.66064870183064,271.0919852901549,200.53721737255717,95.63699293323172,338.33874326418885,231.17354140568983,182.5039988277427,317.21748721274406,167.2363875941198,58.56238328102282,232.25924723301864,212.4671925608098,79.32066912451626,224.35645006626592,126.48226402992964,120.28057211401554,363.2325513435152,235.03326812809013,42.18674991209903,229.59150457744067,163.26724932866023,92.31912714733308,268.7721883294438,157.5641240068279,74.65767421520394,329.93167164493684,204.75070444222348,92.57543076933237,292.8506901002237,248.90521462085485,63.684547134375656,271.47955628781074,217.7601893461951,105.10543024930287,299.74322768696555,218.41890115343674,93.1611777014121,47.84241656280925
4,184,0.0,0.0,53.142132314095136,212.8703550853242,188.64511969643786,79.35076611119791,210.64294586299795,147.08095816632692,106.05709691127264,379.96687312844483,278.8922710057684,83.77075511613097,289.6333906449472,186.17094452202613,78.3963424331333,384.49130239677874,209.13667929441155,132.94204603096378,315.8657556367984,186.16884746438217,61.251157955194635,208.3800583252052,160.58044970333162,74.39274153091114,197.89682505472567,105.3952620323166,138.34502748727144,295.4577388500311,241.16360684108295,44.00076434729851,182.91006598994156,177.27452980947172,85.7425797648312,302.80184708245724,208.88009009297866,97.25575240559799,343.1956304136912,231.97438504226946,100.30894316680491,358.4359437606389,210.33416120331017,60.346615398480154,304.70125009069983,209.83342519533267,118.6373058983647,308.0345021889249,203.81899700698793,108.70317865782509,90.22933626125719
4,185,0.0,0.0,51.45887857988032,246.08243046347533,181.88659211839317,77.55815982187617,204.97226336878143,149.65985434386144,122.31513862344238,395.3711878951431,271.26856350550077,78.48858502501126,282.98135925162836,169.82889437524582,83.41739093406835,319.08804636607624,223.16611102808886,152.6342283135697,322.058719084308,154.33589917315555,58.379140901602106,228.7582940645271,194.41924074875823,88.1289220567339,215.6624737019893,150.65261837267104,168.2813440999989,391.7138357375621,257.84408321832655,42.253211326602674,214.0291807668165,171.75746761338775,96.9987158017735,336.13797314370834,155.59195933093352,79.49382066631132,288.7447069235117,227.3886022021642,91.9883903180366,319.31188649579366,204.24663998183,56.21508144598051,258.7240486127678,182.48489250392004,84.27077889729385,331.02030144823044,269.30899477564896,106.53320879330093,112.7502544363441
4,186,0.0,0.0,53.22299902088161,242.80070061693638,191.95663410657255,76.7235423966407,183.12882308569283,116.06709456870685,130.75033642076878,349.6238085360515,257.5288935686164,79.73765676212223,228.01379419747877,190.2688564976665,95.1577811484783,376.4565057086922,190.67734668534183,130.8169832221907,301.1256676665137,200.97123298231475,60.25173183053247,242.8278858624669,152.5022637457947,79.66168721659963,226.86098378773937,113.16426969026205,157.67965968125733,354.299279389217,198.0750381638863,40.13880902534963,218.01800528022375,175.87416172106427,93.53408311351663,283.61299150028697,206.0343197259592,80.53307721794535,347.50256880903913,233.1260534859496,83.80718560463201,319.48104138571085,228.62650478066712,59.719229780401015,286.9791526557034,187.0061798115698,96.52321985651275,363.1058700138574,268.9184701020294,130.86253621863494,95.00287689746794
4,187,0.0,0.0,54.65186589473459,278.4079963603665,177.56025587743838,69.82910340621584,203.24769797813798,155.17640077784435,106.02622870347791,362.1301999088908,275.35681333441664,84.38027415712274,260.52523064580924,183.51148974863065,82.97247351459939,362.46374352353155,291.4186319450642,152.05546562065197,314.569928197089,185.21316220419013,51.00039058632311,260.4763662219037,158.6739076056781,91.72331708241515,221.05039125179943,137.30054282279343,152.96323204856412,378.4421730602651,198.44768385189434,51.841382216294605,225.34901413559967,150.6985708133712,90.32083144478969,294.5629627115861,182.00080518809938,90.22032190168213,280.02790652101964,231.6660116862222,85.54144994250902,315.32166949243225,219.45120915396248,51.17502529636606,282.11961370455157,223.74188216655497,109.77423661038925,301.41027588224875,234.31390159793676,113.4305300634185,117.87889588857675
4,188,0.0,0.0,57.15246935928153,242.9630495126652,192.44270774231737,69.80940672332954,240.90919030469885,145.40591425322341,121.28485209794243,388.50894360745735,275.95716535063946,79.58797905718166,330.15556412697083,154.6692560577794,97.28790243546251,318.8202740339901,221.4664924496127,141.1589938476379,331.8013004421673,153.37344537136565,61.595453301472375,238.38443670678208,202.80487221431426,90.36974188733019,214.30683694716123,124.62088969433658,156.3450841819022,344.580955898783,205.44931839601296,42.524365136656385,184.77291389532567,165.4779267019943,90.04211901442144,316.7047280441282,232.17413852379443,86.22350173524512,271.54838836813036,199.30903978157338,79.58268686891107,370.52950573364245,218.7232246164202,63.501155392430356,271.2516851594239,224.05179946950932,113.30612329851702,370.0383225667628,219.79684948073518,124.74128848529394,83.69946614541833
4,189,0.0,0.0,66.36520103569293,224.38214976321777,173.5995958144903,75.87842661725853,216.0980379675854,136.06039449896718,138.45455424791945,386.2229910224018,219.17253178829836,86.66466038357468,270.6373056115553,201.1072049357532,90.72193560331061,331.86975663554756,262.654901854204,165.5203470839489,314.4868282285923,143.0957752356586,55.9438163053503,225.27437339953948,196.1760596388234,74.09611777548382,218.8010666616011,117.71289383860864,158.77527248559568,369.9388949706977,178.63683664998752,41.60209833504353,185.08059782871848,172.690266484435,88.75017678185223,268.4374872738397,223.65300279198456,88.81588797362109,287.2502349485912,214.1552062221818,96.30333154766097,293.8670745027279,201.59523134818096,56.248152876732746,270.37425547090186,240.7653008712366,118.25305818597465,312.8618681601307,206.10320212120843,119.64841269072178,80.19349574623426
4,190,0.0,0.0,57.728702345009694,232.54506849542466,175.20203513415854,76.68936666347528,225.62439057725805,135.44268727686554,109.3299156817041,406.7536388773758,240.561942543571,98.63680243572095,274.834616924775,173.80363378276738,92.12490404077954,355.477359778597,249.3360767406343,126.55901029916483,310.9931395865817,164.4223377066161,62.9834957398419,250.7305953287993,177.6162006232434,74.39357240218006,239.03691315138695,134.17447430439384,140.30123839317702,345.0489838565513,237.31484604693074,44.21471128183828,238.3747816896219,154.24434265163526,88.50859540444452,297.5241748244302,210.4361826433227,87.91303297801564,308.7992369138911,217.1029727120416,100.69291516006305,342.132294010684,241.40360961072687,57.82806802006506,266.11305386361363,195.24448016837763,120.7880754518332,390.1031162298508,225.6838249272556,109.7063969944569,129.41276893473557
4,191,0.0,0.0,58.408761807453544,213.3288175825134,173.57761204222604,68.89704679911056,246.79279808308158,123.82054355645938,136.47735017589457,391.2381395618546,240.81889397847215,71.9915604375306,279.4854163910742,194.86324656361185,100.19192819780699,285.636344160064,222.62405076714867,161.35152478905212,303.82468942960577,166.6405347578614,54.750402215855964,243.66656816942196,209.737808673016,79.50452817505457,251.39219870471473,143.8039249679556,160.3916602093007,316.6488511251857,227.7173389812004,44.21389744429942,197.82188402375357,162.7842085486418,86.83985133109302,269.7096350480761,197.01343298157548,85.35219757926893,350.0838366579964,239.05341056823363,82.16071739792697,314.0136250398509,190.91575014369133,53.44658642794663,276.09666846853565,219.8307513239578,115.03657793666372,310.69298808994387,218.15251815960204,124.58240424191268,90.54909219058986
4,192,0.0,0.0,50.92159553222332,249.4516637178719,174.68009969687637,68.90391373308816,234.9005735005115,150.0731457836991,132.31154467863382,341.6920576164521,264.88874057929814,91.15546697229567,247.92670026941622,181.14690086253174,71.61960399123285,345.3509158252399,219.8369349058051,146.8738407427777,301.1317142179036,141.98297598392156,56.179158484551294,247.38757956414008,194.02034567007254,84.43453255505786,246.73237040482127,138.26606350484153,139.48252931117372,313.52316767176455,191.8309110085503,45.07014399839089,246.8411982330553,159.65332996186467,82.12942337869333,298.67134366018865,222.4863591065716,85.15155379476073,313.3806995348399,222.3185365467197,94.53438857836997,339.7245986795531,236.26111337302225,65.9932753174807,285.57094315899565,186.70219355350088,118.97728358999845,390.2522712611147,238.39026077429946,97.01375536049717,72.62494478380555
4,193,0.0,0.0,55.20170737470499,264.34767447015656,199.76685650462935,84.95666572132924,200.12140346221577,162.83353133607162,113.31108143089469,313.05426301710315,275.2498818304151,76.69485052339456,273.92030345908415,190.31772262710814,83.78408002059216,342.03479790819057,191.8254784473186,162.95585988722746,318.0996812584512,172.3328765075909,53.12767514612888,259.68401138087717,185.96598561994298,88.50966797253484,246.31302812943963,132.97439656127196,142.8950290013566,370.616931348053,196.0999551288227,39.34931350047515,179.3673013348112,157.96538911748556,105.3167126386899,292.1514483225642,210.64160602771764,95.87622134042543,275.38628272827526,159.71626409961118,83.30404308309187,321.47343673680575,204.93154834560409,64.14059802203165,252.88309701525864,182.68267581323278,98.57796271004595,320.05023111535235,217.32991887666176,125.10373080739743,117.5881566132755
4,194,0.0,0.0,54.16220660443517,255.17889528046527,157.25989928767498,75.76859374539706,241.5969077142385,138.14208866795073,115.94061403041238,348.8071476260859,279.06448140806583,96.28849594567764,293.01015303105595,189.17043388374557,79.40819064766276,370.3441249878151,258.4606714685706,117.47064892443778,336.28382662148306,144.28043179458308,61.271250665820375,282.4102346892085,153.39387456535522,77.28063384563212,233.2491845323501,141.3530214810804,157.97622676568892,345.08495393630983,217.37174474684417,39.152075653035,165.82430803998378,169.5230297174018,89.83484563686822,286.33265700532877,215.7545869877327,81.74957139245804,279.5421244624103,221.4638114901734,98.12250333434856,345.5035972782768,200.72040268659563,51.80590196671514,243.96767216439196,203.50905646404954,99.98323544173086,319.94467406010983,204.0535997582297,116.30238438581765,116.19446353820422
4,195,0.0,0.0,57.19172080705922,233.58820921362766,179.79931646415483,69.10281099052648,225.4179040409563,149.664662852173,107.0750902039294,335.0671678510036,262.2130392656347,82.62197584144418,251.0280383035052,182.72410786657346,94.9231482040204,307.20701700957926,188.35484101886732,148.23735345281352,315.8220712714516,171.93828144474426,57.93769243889767,240.77625752580093,165.2969425163335,82.14552485502074,187.21542500432773,128.63993811430396,146.51813569517415,335.81746658349215,229.73289486052755,44.89490192095944,187.31417075776494,174.09592246761545,79.78798016013458,325.3544573172111,238.4365827102615,81.11613603113831,290.2715012916601,242.73094938595952,86.28674886093754,315.41478356988785,216.1014348512395,65.11048251010287,245.60988683865224,230.29397158039768,108.53368420260801,358.72588529249526,215.56056954897585,121.07286114134962,112.26218810936778
4,196,0.0,0.0,53.794198409151605,263.3700789242221,176.08739832559465,79.79956950451975,207.188562225876,141.09219291509157,100.8888111608319,360.4701701066387,225.8874700416549,84.1272319910938,295.3562913877503,216.30239228820108,95.22036013158208,355.6446770772365,263.4985849464601,126.7820197227758,310.2098774101543,156.61301827419496,49.73802560738113,208.40694533741467,146.18691704357778,76.73289394243972,216.19514091654278,118.17635503272706,145.3127972127575,403.7939742245982,244.70033528922426,43.303139429045395,190.62419598689382,144.06679841622045,85.98272413304008,322.4129643127894,226.82198470783737,97.68319410745487,268.5354854472446,231.0040246151858,88.78394922587498,307.19615009695093,180.54214988839936,52.47184738507478,276.8254614977757,219.48534632213958,110.85541616059228,392.105423784287,205.3749242406759,95.64913831638363,103.96336347042916
4,197,0.0,0.0,47.0065220849018,251.1100886714654,185.9487979988869,85.76663420312666,215.93107283220277,123.61691359580196,130.15335593708687,298.3677036608925,285.7010796556467,89.30932193995515,249.83395757323032,168.8844116419299,81.79070422510398,332.18856495101136,280.28854584558877,166.3202129300296,304.65784365873174,158.90171288614377,69.25458194360132,276.8280893607544,168.67046980418158,80.31183406054707,211.45900499016,124.58540522136398,133.15331067445607,415.7570771413321,225.3863308513619,49.71152751895266,231.12544011253524,187.69455943049664,96.1148006626149,255.0262220366388,193.89104755580644,87.65425256696813,304.7321975868363,220.7729310116206,80.94158262701099,378.4076073738831,253.04903216483154,57.71708203475297,270.18673698714997,168.3495574190058,104.45661136872013,397.04618316811,249.54738434791653,126.32609931145927,118.26731973244239
4,198,0.0,0.0,56.63427376585671,278.9757970521203,175.51799019350506,87.17554254911431,228.99997075703237,132.14094837155548,129.83383393234053,379.636356709642,224.083234369754,94.44139148954089,244.67947139943266,177.61949454535772,101.5196165409269,348.13227456574197,224.10452584683287,137.95821937853222,367.8805000503112,144.49078207805258,60.67781110955749,256.08138247536937,202.76785074766536,67.25196629837568,238.3145003080671,153.84914424250397,151.6940667715224,305.1099685625114,202.654407318732,44.626542207455834,229.87317650724887,148.21020962616535,96.73763078494272,310.49710333754297,195.15120958734113,76.77348965864404,295.83432824066085,230.9630425434647,83.18692911298893,334.0370562992415,196.23489913337647,65.25532050312225,302.7262483435766,233.30107465348033,95.97502142090505,262.5712443010544,214.75866973106744,104.33425168268863,127.31721812769719
4,199,0.0,0.0,46.56745891590297,284.7077900894314,174.54569575802145,74.79677459614912,224.86171137608486,145.9550559901672,115.7407835679084,398.918896903722,221.38267627797995,90.50861376423985,267.8058924967249,184.8168227882488,97.36239580130442,387.3066089680896,232.53604449611018,120.84933831616725,328.08484000645745,143.1888444058696,62.5247824276619,269.11470695930655,167.22604043141448,89.1722939324222,183.40521655506325,133.13740532325087,148.34327459351775,368.8405351607258,221.30985919125877,39.37523204305309,213.35350708472257,134.27446727340242,84.51259219424874,283.49350994447184,193.9479365796911,93.82644580918003,323.86249116288326,230.9003674014872,96.32015065633274,309.59839940132264,232.64872924871517,57.91076060241743,250.94170500412477,201.19384257380526,99.48548237004894,385.1165747949235,208.8789937972756,116.16935122659055,89.89343495924628
4,200,0.0,0.0,52.27978364405607,213.78094426527113,223.62707035979008,71.87318887190291,225.35099543814744,143.5411086792598,96.03257288757504,331.17525919184015,267.1344707008627,90.82886142722327,300.9791095724554,185.90641268907086,85.0416704074975,362.3379095020209,276.1230330165233,165.66141284895355,334.97834873638686,149.45736034055085,62.40869286206086,258.10113158371666,155.54738545919008,83.53666418756873,236.60389497851514,145.44807176398675,137.08747819706062,416.6606152907621,225.4335271181957,41.8367481239421,200.9948071124522,168.01717877255612,89.43204117690826,308.5458202999985,205.4852072983099,91.16129635594756,290.9766909219191,259.01888941011396,80.41670780276088,291.1130479280537,252.97032418570538,61.17155595605813,259.35529605114147,199.08884527165287,116.46378907962139,334.61280557873715,201.19952041322335,93.24478899382467,92.66854696857811
5,1,0.0,0.0,70.55105790135191,207.10193571301627,94.68223801610804,41.37534781603022,294.8056120663295,165.34125665181875,97.76974806029922,290.5154255759283,252.76981325680234,71.81703735555026,362.83145987237424,212.38717405790777,145.19751186614613,269.8493528632879,138.62509162090785,112.28559554335422,228.46502262995793,185.8765550394625,104.32982969490725,239.25369960693416,141.39898898851973,83.19515825417344,252.7352640264461,154.96498845392918,86.98602975452646,293.76883690397693,184.90460786555835,77.00354059890589,222.60731204861946,142.86183897840158,86.8341458852901,216.57266835847,135.4149582251123,51.00476184990394,313.11231968123286,264.59617638851927,98.5384950472001,291.39769145219765,235.24355759440215,58.812068164383746,306.2742341700458,185.69065159454624,79.3185690691225,279.31409845261976,134.9380926298743,72.86262437439008,117.47647277085628
5,2,0.0,0.0,81.73571870930658,200.95864060005493,115.28116897322816,54.85739196169964,328.62112893969896,205.11413081355818,84.01545885159122,346.2739895548697,242.33027900316782,80.77502662933739,300.22590802726626,197.57363257387098,123.43785367246802,275.56247330920667,151.25555908587268,103.95848773392852,339.8523174143739,170.38264371314116,111.21646110525863,238.02258855964058,118.10887950707182,95.13150136917073,230.82092621980343,150.10166855936032,93.54256023956684,296.6812767678641,201.6704236966806,79.5496472868819,204.9668371797322,141.86960285458292,86.7251082339106,225.64514887457867,115.97569047136903,46.110480610784116,309.495905660771,266.17983085774114,104.4760627999578,341.4425150805493,219.18588859964467,46.15016916559285,273.7713166890853,214.11181061211545,80.61219868464228,239.0742860979199,151.63841378048818,79.2787568748018,84.24208720202358
5,3,0.0,0.0,70.09635948361365,155.64561544886382,101.74203602921212,61.669254498605,292.14808294154244,232.94042978209296,88.33891059166551,301.3585407993921,190.5531701156576,90.99406491433633,289.5131818173405,204.43722856126982,105.73730574902231,318.3117997215769,142.28787400929448,114.0588262713042,282.6064969741847,142.54047577591365,77.52357613620805,258.4185405994702,114.35353997903871,102.3223913302908,240.90737026069036,129.49869880068863,78.43183378731683,266.39951858335445,203.83986031197094,82.07179339062051,229.9408260453917,131.95830093990625,69.92939402156091,182.44068148763583,144.5175483055929,43.64056034533421,308.3453332303292,287.25783185331966,87.78008173019194,260.63988855836203,226.91774522708494,63.76490464821037,230.97300007130957,190.13866699298052,75.48552044487535,265.1861160654251,150.9028178767635,79.19065150462433,85.873391787152
5,4,0.0,0.0,81.89202996635792,170.5297412779716,113.27748843809613,51.654127535960605,254.33262945378502,281.5355779876563,96.68586709651382,286.3063629400889,241.81312587892484,83.85008491189,297.37531489082284,212.38462971202708,138.11156204706256,277.2261101039033,144.87713135795678,116.06030114864258,277.73373916102355,170.53407559928866,101.38527963427232,266.49216325452875,120.13202491151104,106.5097450808409,230.173155468907,115.75519968257917,91.25307310511418,291.8690086775975,150.138246611893,85.98510667764616,241.3411658067103,116.89225473170323,77.3765910045488,230.21702390615394,166.40879484128055,39.88077776946737,301.0822625238346,249.387617202895,124.65077163004375,320.4401903638492,220.99942157604303,60.04218063318644,270.668405673013,189.1287827052457,61.382864348213936,233.91768619017535,158.01330941121557,90.81128951207383,98.26305548822
5,5,0.0,0.0,98.05819862162234,226.0543516979815,131.59109740115758,50.157694993199755,301.0333510881924,216.27401947221722,83.37612036607403,262.00344332989016,214.38318353736767,87.11217750155576,299.6277329687291,234.0220604102906,140.34736118360547,258.8465087614741,131.86351534412833,104.0003576239429,230.4262037333166,178.61431686388653,94.68959645696717,228.591415496626,155.4007175968416,103.58002633292817,238.47418918009336,129.9536310556364,99.76978681857554,311.03871377271594,198.47527016733517,73.57250383543982,235.72493944660908,147.38902052745073,79.96692828010032,216.95955434992234,144.2465194168827,46.62442042633161,353.2154346820108,227.94896972040777,115.21571609182895,264.3838053472655,190.42963470810088,62.21721807541982,216.04504527988104,194.48909245215725,79.42046213427288,245.21085992760794,136.2420527576207,72.92344251642669,85.18944330661365
5,6,0.0,0.0,59.958456514558236,208.82332492679134,124.12877603627652,50.5137066142584,282.0097497250591,245.7532295217556,87.22813700926699,324.1776334874192,207.26113391907958,86.87994237664292,280.65204303319234,183.99839901753862,143.44169908414253,262.85625862993084,155.18849210793115,94.09585674380169,264.09850003128616,167.4155661538344,100.67001226667638,237.43482218421883,99.70917209227203,89.03568315506371,243.80673206260977,163.17795716973907,80.75750265276082,306.82901164531995,191.53537406711393,69.40500857346268,239.32740332908543,136.01568446166738,89.22324335939756,207.73264638654913,144.47930479599714,42.58520535982003,242.89170717068814,238.85754143806744,110.06577935357762,311.97333227841204,208.11775693299037,78.87562323406111,244.41751318702794,173.98394281002876,75.3037800140131,242.5459980953995,151.66407640284052,83.87344276431891,93.62288429053056
5,7,0.0,0.0,82.37887885409909,192.27423483473575,122.62427913540839,49.96773580403284,279.30650401349016,255.65318572828187,78.55898466080396,315.69168941398937,193.14756644711582,97.65715534523264,337.79622721774507,188.8782300394927,141.20654638727925,249.98006131008069,140.98768057656287,100.2887500430538,290.2128828589123,206.7521018975176,101.2539330232178,214.39873173692777,150.7321470897201,96.02009352473276,257.17943366910396,123.95696683972359,85.8501627201994,308.12059970890454,219.51650182969811,89.01175082112789,219.60342088885164,167.5321314419827,83.79723357193171,232.9777338482394,135.75492540500818,50.46952483965653,329.4791444952475,242.37713248394323,112.74358969404118,307.8763024316619,188.0803436597745,68.97736990673012,266.01658926756596,231.2332229036783,89.8565739914305,202.38666324415857,145.5106048326607,84.01956589514785,114.50373004831869
5,8,0.0,0.0,72.7689556588268,174.57206617292792,132.94011364271074,57.07280467128816,272.53470929493267,224.76438780728262,89.42586192316786,271.8791349890883,210.36654019862345,93.38940975166358,261.62914705180594,210.04703421495304,114.5440744007556,256.94879618225315,161.45949937909376,93.03994837512786,345.3063924501089,184.63540691971968,102.6867353620492,228.85957224837225,147.62950773566558,90.56722898730874,241.841802441215,123.51697496604118,94.53994209475724,321.94132223675615,230.18234934295694,78.14850026796702,193.4649435441782,132.4271622062351,74.73922103534021,139.55884142544994,137.25417030436748,53.50719920578752,226.72200076449366,283.13590973870504,98.35018571854266,325.71458211763434,199.40834110267,66.64454062420951,317.8317530710972,167.69148855964966,84.26869389252656,224.30508602756672,186.5795557214664,76.5478022897764,125.18697449107066
5,9,0.0,0.0,89.48154827352802,171.26625793873885,132.88199831536022,56.605502276248295,284.8585926435186,242.6372374603186,100.29215771555963,253.27617722888016,225.44094299232907,97.40288083248586,228.5963036075865,201.6600036228175,121.33763739520545,239.1894240641526,130.31971093641928,100.37800255106981,288.6672982314663,219.91629383736415,100.57642261992491,228.71504019526625,125.3701893213842,87.99283946666364,271.48222112437196,149.33173465503344,76.02095074083013,294.7959514624044,196.38327488063496,79.19039392940711,195.6773955594168,130.27278750592788,88.52095731371328,194.99904718577486,119.68090772177052,51.7055733987886,299.063907133282,231.12884330238876,114.2332205606081,356.4008145590999,209.4856263676629,64.48183241455453,266.24465059001835,184.52978827797097,74.69449267417595,242.91009891203447,158.9436231616476,89.90747840471393,116.93505091671062
5,10,0.0,0.0,72.19141852926494,195.38473316823877,98.75682347873877,66.38429733833152,288.3968398481876,327.5161906670926,82.42937308169171,284.75368323880036,193.26108044495192,85.17269915507643,286.0059650567531,161.93174523431597,136.26862213823532,285.1064441782155,117.37858182941837,104.2532901625505,274.1787410456474,174.13926636516564,87.37298787178791,240.8208610065724,160.57075923536837,93.39989157327692,244.9272262902166,133.94427878403627,77.09135013453245,283.9189256740171,194.0549452775033,81.07348290715356,218.17980027100074,128.45630610349687,86.3833233775284,208.6457929941452,136.64771328030517,43.81911022703061,308.2544014622971,280.2492582297339,90.79532538697694,313.0429709819979,221.11498652925428,70.71028207022609,310.45910905214873,182.60521522846946,66.30506829753938,204.81712775125462,140.60841300070283,97.01021549725108,112.33175710670352
5,11,0.0,0.0,86.88868739519553,193.86647515451523,115.38261097844669,46.474185283673435,268.03699087018646,232.3074010586238,82.73658010284984,301.7956036493985,223.337791716715,82.9547237130423,272.4728517878249,197.45504896698304,131.65027537892433,286.92572456465007,138.2651959229176,110.4285360267066,309.2550929971833,182.40093608861633,104.20424216736416,284.85382588764395,119.05228223167278,98.45271394716323,243.21797907878303,163.9218597136787,86.27409256620588,271.9504664161812,197.73665595294307,83.22276301877145,249.2905636691704,163.73143226102258,95.49251946245272,181.33973275153187,129.6501405640952,43.52615939034636,303.9365299869279,239.08911789052547,102.78613602324111,319.0801989353917,256.6638053006762,66.48918468793423,201.14003612758077,151.95365735623298,65.96099608919141,226.27798491665212,177.4255921232118,90.92575323230065,108.8240145296631
5,12,0.0,0.0,87.287536169675,215.64654895258232,145.56595725869462,60.18024934777195,336.1448030078431,235.24943164844646,87.32090533767068,322.4156787687728,233.04790089766607,96.327722723499,291.33425702981316,186.35342199976213,133.71718768273612,277.7994223405991,147.85137440432425,86.29623501229148,268.5865995657033,153.51518503970163,117.9702418014976,230.0930710194316,144.1733689797756,94.40245641655615,239.90157356811415,154.3344761800064,76.29189221949257,275.131106113425,211.31917321323164,85.08695602448365,236.25585890838164,129.51378250653812,73.64708984900682,231.46704772953626,152.770525541753,47.40609507847525,243.0852114974058,248.1144458121075,111.7370689939816,323.60400036375705,185.98753510653756,65.77356226392142,242.60116075382217,167.64184648218318,85.12423964918857,269.1447813726595,165.06706743750516,83.80402757406034,93.24531740278242
5,13,0.0,0.0,100.08716264250658,199.35658164438652,105.04959636710386,58.28387844711661,261.05426259538467,231.68039243298983,86.65770114065445,314.3514168822533,226.18171395560543,89.3684452287138,267.7343110071313,231.69983772033646,122.32570823627445,259.0501840466703,164.66438076901974,94.62624381581675,244.5761647018162,187.78825172347752,98.9414054310217,229.7617929028537,145.63895135271449,84.04078055139617,219.40130121275777,112.46700640882462,76.25684658378191,320.9393745688943,249.43883308271975,71.08980443389127,240.40517172933536,147.44057805799315,86.8870509765045,191.1468324093305,164.3146419058377,40.07926704949819,301.14096427009366,237.6945139705929,98.9714987284164,308.2499624642994,217.57203445314204,59.88549669458849,311.7176432134978,185.87857415201083,70.52425480218481,277.2370799132183,150.9188074840726,77.39569287614515,51.142529326948754
5,14,0.0,0.0,82.9177968415089,195.2847300842171,154.06515862112957,51.23750778727207,287.7951211493599,230.05413970347678,67.77692378875601,362.5324009022431,232.9988517370508,83.53867127603668,261.0452823800915,181.8425523286638,121.01950320097413,275.3123615895253,132.52464173956142,93.9445591172205,346.1807412561226,211.87846872213996,103.94844726564456,247.56324430947723,122.42117032172249,97.70932136810669,279.9449551068708,155.0599122738533,89.83636791933222,287.9145674209062,211.4944514222803,85.69369062121987,234.39381549048588,158.9531665446941,89.40067737233703,195.364169278064,120.63662695687688,49.69560623224586,357.7691793451016,251.4173849762409,111.50202232625249,330.25036520668743,164.51350101329356,73.89793601365187,260.02378457087224,157.1457669563449,62.785097305819676,226.21438233984622,189.00265768200285,73.07822705264175,102.78254253499469
5,15,0.0,0.0,94.51286169348147,202.4083334754258,113.2798420547408,61.4393906275901,319.09584857223,209.43890795854531,77.27987323271854,327.37936513556673,182.89399527295492,82.4226991435476,243.8593433288051,173.86257959149248,119.0846299149215,277.19015206617473,125.95930494881154,93.66955204041803,273.30050221397255,184.9462465090037,82.59220952707757,232.66449317755024,121.42787057477891,115.63102687074537,271.32900398025237,166.37253577607913,81.44173465439722,282.2816051534574,179.38538177687366,68.18677430742781,220.0340172022071,148.93813628820865,63.6709172359717,242.5677069449774,116.5561325017942,45.97976918152473,293.0272935818574,244.28356825535292,104.57681667699765,330.1883578517893,206.3086739368446,65.48964362796585,318.31058141252896,232.32185558585738,78.74842551625416,226.751139871498,155.68494639515185,70.9392707749671,101.54009682891586
5,16,0.0,0.0,63.692457827620004,167.93505057799524,132.75338550394378,52.615034091629724,319.5242964225224,252.91497355956872,103.80849927118138,322.0491390274324,191.56514827597277,94.45529177386022,300.4444444119523,192.50628652574326,153.19268394693447,340.96980686755865,172.81736930110355,111.05660953351784,278.95177293256734,160.4962898908679,107.59714302808172,215.88184627650887,152.190110383681,113.81960398759176,231.14973923082835,152.11283837828074,104.16405807972046,240.29962291672786,192.15504329326146,67.37590347084975,209.330277605015,137.61304973408483,92.82341492635334,183.69410551982153,117.34544493068549,44.84817784905748,316.28378931925613,199.774521024134,111.83123150492828,325.45754748918586,157.9338834006274,61.05526762946726,257.2089664310117,187.44975925015095,67.47852360778339,218.48005167701714,182.7993396832067,91.25340563634667,106.8988989711704
5,17,0.0,0.0,86.09002871789089,207.9900016151558,105.9110177518398,54.90772511684784,284.7390135311224,223.6407726289438,89.68829750241478,261.6163763390132,235.47603897613052,82.91014958995854,227.4384138170195,202.63517158053003,132.1266695556205,271.11112513244393,144.60203062630754,105.88694231974017,262.7767730128601,138.72039538754743,106.15147797748935,244.5760464131686,163.55585770078778,106.39416284018061,218.76764127709797,138.6644608307869,73.00012468091452,339.4650092817619,224.2551665204223,78.21764935808389,210.60743490984188,126.38672259799411,74.48533799090117,192.32516787085052,131.53630008534765,42.79828230379465,316.4914324106418,256.87850639497316,101.1625547842627,314.0713768100456,187.61015619604538,67.01349505717653,268.3414507192757,199.0243700277663,78.04902455198231,267.3544601737938,162.832524590039,79.4211201388706,113.0152279573667
5,18,0.0,0.0,91.32027673539707,179.64266002493235,112.23883536564614,60.61639982003351,211.5517307318759,250.7451164852519,98.11229768075148,291.9529438183557,210.3780383689259,90.16681593965522,294.7074281452389,192.0154039099953,142.81829319135636,254.92056710791107,175.0449692806773,116.75735665342314,246.36853890722216,161.86185085559717,108.01482716830769,266.2193197370982,131.81564862131995,74.66081659670142,281.8031768763878,136.55187322575088,96.61518223382953,313.6511900248002,206.91270885767258,81.83133021638002,192.69723777178262,120.71634773740203,74.44418395590074,214.2331354175179,141.02971339160666,41.83579837846776,316.02972982291885,266.04197169916216,80.5391616540382,296.34329082778703,189.143612000888,75.79329567071746,257.4206848165525,175.6728020467194,70.73071524176784,218.71751313414262,183.81102471550662,89.75229035210832,108.81264939101142
5,19,0.0,0.0,71.49745191168225,209.28619008190807,111.82205707037069,56.609552054052756,311.6571916945479,226.24873395049562,93.10114815231142,309.7861544316851,222.21558790829746,83.51278601433292,279.0625196167598,202.63127413120685,134.9663330413721,279.2277885582177,156.59020208034653,113.3253268330142,266.5769505190383,170.08519814480476,96.76700059796786,228.66348948745352,134.77155123529593,94.75384575804992,247.2064128284374,130.50640976382095,83.24468119592743,305.8550052852563,210.80443886532044,66.40209093998835,169.01809326011488,157.12302173409222,93.36914310538853,203.99257013038292,141.327332863576,54.80604947468239,302.99479065012804,269.4240718777523,102.46290062473692,338.11900191714204,240.3262054414397,52.03897159548191,287.0782575006989,215.9577408186919,65.54101308504758,249.25803693227988,134.70693476993532,95.87372999692772,93.84638551186926
5,20,0.0,0.0,79.833384954966,199.6652869188694,114.50330769286994,53.69977628325615,263.67730398443035,279.56228484807065,85.68174533301806,295.96945558858397,177.2560129989441,79.06634252746728,279.0268073425606,217.15942796719375,132.89813516094992,265.1615767874468,132.70797096089828,101.8212141138206,326.72565137392195,184.15800571257085,108.76919156969558,211.53419220855477,161.63438191178648,81.60632860457696,212.53307627181988,130.6182806534064,93.37008072624117,242.1134887651541,208.08513727885955,85.16645041211845,178.1845303646995,124.39111852819124,87.20960845769416,238.95665207516038,145.562474344162,42.05301829818718,298.8942594546662,243.03581829463093,102.98033915748447,292.6143380725595,182.3954486320899,56.98469316784519,272.721455932834,210.2356948362756,78.4654556037517,210.1492027993087,173.3507543485707,76.94186889231864,111.91891520293937
5,21,0.0,0.0,83.12722421710473,184.49652786058738,111.24801116612849,50.40638718908782,336.6955615671267,218.53769291234008,79.68432712134154,322.6238956815337,184.89204792151253,81.94297338062762,268.27357282485104,184.52991823030794,146.8902054841222,271.68315159973724,129.73401592432208,91.30176469625165,297.73778933981146,161.3315500288706,86.24439875626253,211.93338319074792,147.67817907956834,98.58823252527861,247.60367742309234,156.9411667606219,79.2704710862835,354.36827578737723,176.25293094237404,93.98760950649084,202.83225384847833,127.07579602072254,73.74278078328351,247.72315960849443,137.0930654341132,58.28869134045845,292.6689720813711,253.50509858713218,94.53490119073186,330.41842980187994,229.85087011979053,67.39416800837705,246.5267779867289,186.57299811921942,72.50563637598339,222.63050686232611,170.67972334771775,99.80133882981406,103.24228056666927
5,22,0.0,0.0,92.98649104066519,193.71166481039072,104.20072161058238,62.109969316967174,291.60939728783296,264.80556229913196,90.02028845591676,256.1439917365499,181.00409139319044,77.06083248925307,290.74694112075116,164.99396237436872,132.82412408457665,257.25450356610804,134.58099430524692,105.4263961811288,215.35839472688087,174.32334951306083,101.46426017587116,270.3331468849763,141.944254909621,96.79812193244285,206.20883460102357,164.06867439068208,89.81333014561447,294.14204049509175,211.51694711352278,78.07128776979758,236.97868738835314,110.95979487958921,79.37387138673544,214.0063838464923,113.93102765948436,48.355980055243904,251.72890262102985,230.82159624781974,102.2720280097249,231.98604278333409,169.75218134826417,63.272013825828495,302.7917186598569,228.14465814652746,64.09036786897377,223.5641428178996,165.6947147643678,91.07771933554366,120.0731079024248
5,23,0.0,0.0,88.09167197361302,168.59106751601558,130.12817691008757,58.64152469021537,303.88254586907783,207.63598501448783,74.46899886123344,302.67206563277557,241.79998774007382,76.51931691440691,271.0424153163558,192.99632761820632,134.98547538469512,209.41562628177527,127.97238241552613,97.68985514313842,291.2381835224675,183.9737155329559,83.30358308782635,205.08166806557404,134.02586475910306,86.14030626156632,260.1311864319729,153.8758493347929,95.1656289907333,339.27620259527885,195.6436795347677,76.74992768702133,207.46859760596055,136.92665608010563,78.16202770645846,225.34341166727773,140.94015618411618,49.78764197468026,292.55225556718267,237.01724006993743,109.79725557386934,325.59893960428496,168.2586423016251,57.75652263207774,317.76428360531355,209.0561148564542,84.66921354867304,269.6302813372575,125.11961549880189,80.87581230629334,102.98297946396359
5,24,0.0,0.0,74.55649513335733,191.90316875041168,118.11880156709196,54.367164832125,263.4153257675568,271.35719243501256,82.9434686061953,317.4657248203316,182.81751216460705,94.12533314026487,267.0859162801942,152.6246740556282,121.16731550977046,317.3024614418813,131.50154104659856,105.21459010074778,257.842773287205,149.79429039538095,108.72147582232819,242.88866972522612,152.57613510035262,102.39930246939669,245.4270354873861,167.55291486032064,89.1841673419709,318.64204651289697,187.66789224054523,79.382868509364,209.34557420630978,117.72769609277776,88.0187838637017,205.65449335820347,161.3681228415946,54.06096685950159,331.67378063454225,267.58577800500956,114.26157655655841,296.72388579874547,196.18784393711042,62.436466306107704,232.22228591963685,181.87152260096673,84.5069503952026,253.21048787868034,164.8524499365486,74.84665388686156,94.22376404601727
5,25,0.0,0.0,77.57086237105842,185.00359200454062,121.53604896161295,67.14043142334593,269.7071917872082,241.64463568117847,95.55082782484833,281.4411951289192,199.51544815393373,84.83992496564622,261.0959530592968,170.02966084370996,140.43282901064205,256.853692823701,126.01035443590101,93.25326800563194,294.58492505198416,184.26289477298428,99.87955616357219,249.25161326143996,129.0920145861875,98.89097922491493,212.09150441709915,162.38300183528727,93.61949726685201,300.9017447995683,205.691229566564,76.45266139872446,226.66577364644107,117.37056217135265,89.26955502105396,214.36454503230948,126.8464206929088,50.03675156582039,307.7969191768081,277.98518917129405,97.14495983690321,270.20988389540037,175.28815796530893,57.19087627617141,240.62928862978444,194.41429786709153,81.0253089800816,222.57921716711425,142.9773631721433,81.03339765937841,124.91413114420605
5,26,0.0,0.0,77.88299004153731,178.13483037264785,136.92596464688512,60.021940425701615,289.5320572764809,272.59300216272845,87.14864272414503,325.33495052578564,191.81205984106157,84.91380633012368,256.8508313083428,166.61546958672886,152.49780950398278,224.80707649232022,153.0055717099476,82.32606747498889,249.9526221418364,206.78037448216782,90.96539955354162,237.69059255510695,113.56343809632669,92.50147314782645,292.54843368518306,147.48764145589593,87.51573935070593,355.96590322977465,215.38738359334704,70.91332686181352,246.4326064606889,123.47435303328393,82.31274957736109,174.53025163500723,159.0466177440866,40.95645901748913,300.0390512991837,277.0846100765124,117.66200848680836,306.5152764801004,195.87010945680152,58.70002996448829,260.3859792086268,209.03454626802667,87.52183750352063,231.75478000974795,177.88402996502202,81.10099971154078,116.30293557584386
5,27,0.0,0.0,84.82989175480652,181.2109412723602,120.88932729953993,64.97890792484249,254.89172592060254,256.69901931736547,97.34759479223459,308.1169383042127,203.84675710339357,71.23780038080886,322.2953025374753,183.15698854641383,142.2666253412625,302.92691652606834,143.7584260675784,96.06049388762501,285.25608373125203,179.31080313045712,99.82736652716497,212.74606339939868,156.0369535278573,81.19351736461293,198.78734490533415,140.13745552767932,90.65954373727064,322.6501945521726,185.3659869800856,77.17763299560637,208.5681599526093,136.7962715424037,81.87864283395719,215.58072754177834,129.64817581133536,54.00383908211764,302.45672961473497,238.41068552756482,115.99583804168019,259.53200507455756,180.8578626952977,68.17448347245876,293.33699344296804,166.38352074718912,81.0838209690947,196.91820501080718,148.3274533368477,71.20929423167274,102.67797901417254
5,28,0.0,0.0,82.82783109469813,200.07386283091586,114.4699710336176,64.02962806819195,283.11285225001575,249.09416267465224,80.60104055881816,265.44771056747936,190.11089149921196,84.55677685019671,279.54947548402487,169.61651184298455,123.14397376178879,306.9593491138443,126.7272658860652,111.10930044111,321.48684337487856,231.3646281307052,103.43161702210708,234.80901234270675,132.4679491704219,98.48532116186747,278.5822090303391,116.0845860015306,91.87158932764117,317.7264268358957,233.88384039052505,84.7160096671417,235.495323828498,155.7701481482071,77.42975473236194,224.3253154815813,108.97658976695058,45.01088898946673,320.09545161660714,251.88276686357128,112.47761308715855,262.5537556601026,219.52090785521878,64.89865887532119,255.4660720034522,216.46380835315983,74.30470838842145,258.5327526985881,171.7658288414439,87.9781548025725,136.53918905936558
5,29,0.0,0.0,75.93444969029684,207.89860680828934,114.22761728077418,53.68936764032321,241.2050229272565,209.4808581251774,85.57983623119861,285.2816966806462,249.6662792747186,83.73100483858599,262.36128560894565,216.04871866954306,113.89457074449462,290.9975082529587,132.6087487597741,105.98485076963689,297.0924762623605,191.22197168211025,109.51585865822727,209.0785383333402,123.95395783198732,102.12348129093544,235.9302260962258,134.726927662765,81.44592129174329,298.3422823038301,205.61581971713164,78.24459331575167,217.97687858524927,152.86057646450973,73.91862537753484,192.0421421923677,107.51487888129533,54.97685132766868,314.2998108801881,236.88628977033804,118.09094267419317,337.930428504,204.96497520938445,63.618226107037444,234.0677996524722,217.78789126887602,84.57603696446324,223.87102689097668,142.79947141537613,91.1843480805924,67.69294103021602
5,30,0.0,0.0,66.20747150233852,216.15567436809553,111.62593109587058,51.98071756358844,322.2277993641352,211.6672891976034,93.14261465045436,316.3745770184731,212.63887750305125,95.94311680936059,309.43847383192474,203.4942229199718,129.77308741578074,214.63905909073782,171.9641294452371,119.04870440278646,316.8601887802641,195.87588958471736,89.58157748504952,241.0081923359587,153.6191339478541,109.5782534190999,219.21903490321264,148.8529077479301,91.29944360215953,315.5255697984237,204.51185851799804,78.25302260287172,189.708101722767,139.09049241319588,83.49376577819473,186.40239884847125,134.12178360124557,47.564069907514856,299.8948327729158,243.99846376590102,98.40714027869039,319.18690319988053,174.16879129872115,59.18863551300964,241.75802347774638,151.12062222214814,68.13726792377474,216.82625818195336,136.9994210029351,83.61182478854418,80.63973390331654
5,31,0.0,0.0,93.1789780386038,170.56142356186382,107.43978258674382,51.63793147475726,301.6779315278665,223.98165839744956,67.6247655897606,306.43650195328263,169.9544758191025,74.73705062335115,325.63134128386287,167.7542757008914,134.24625412338096,239.24712835016598,114.42942408180825,98.26740586207437,324.7403971412897,183.12615010476145,94.48774119543833,219.91506804354125,153.86042955989927,117.76432397956064,220.00186081474078,133.1711873637108,77.23558998262882,306.28961453484857,176.44427377269622,65.60790112558139,225.60188813511064,126.72056619657322,84.92135114907197,193.10938152074797,136.16410991694025,54.431776404240594,281.63600825585627,238.94831984023884,94.12927317087787,292.613754849824,207.6334719814338,69.28218287018571,245.7075133239311,232.4816632849096,71.97741750589473,245.39604974558065,171.8168484671728,73.28753952031629,112.54756522983814
5,32,0.0,0.0,83.30426144684637,222.7667198346751,139.703203684951,61.222929944181274,298.65647547397333,193.06419814140608,88.2209448207438,284.066517552965,181.13179469655358,73.2306769424883,253.85556252353877,200.65220084581296,117.00347456749103,274.3389937024472,160.44484311877608,108.54086647042203,243.94442378572816,149.40073667941033,96.06958178935551,252.00153630588485,137.89610584898503,100.90463637668532,231.78711544310096,139.05356128122128,80.50144792613523,300.06462637153334,189.58592259453232,92.64892914062693,211.64899067901524,128.54966487027778,77.63127796063647,222.93823939641052,136.6547225665442,64.26019289694928,294.45270276615616,291.2136658789431,111.13121092074782,267.2284389061548,192.60331681129236,64.63982269582472,275.2725516420576,160.57420077035994,78.3350085920489,270.91761195836256,148.9352791677655,94.39346309884044,118.04853173468146
5,33,0.0,0.0,90.94030509731172,218.61558937119946,116.51853932931613,57.54026848131984,287.42347155183455,240.97775552427396,74.67590490943898,328.9933840341149,229.23693327204185,80.2713348037991,280.73745905972356,191.87694462147942,121.1849255481953,229.76772113972407,151.2830052716856,101.5572284353516,307.88853004473896,156.0094128816562,95.11111418913129,208.68084554950818,128.02690873333066,72.14122526859006,203.62941657145208,165.90667899473968,103.33979326979917,310.13736126149155,182.26030856686188,77.8795964868872,170.9818854297089,144.0302847228944,92.79299853752873,263.5060247077792,117.61910889679156,52.783359419919194,334.8280357717649,238.64812615312317,117.93085080595657,300.54392161382765,222.52221896469234,61.98822380562795,232.17050910623203,197.1182013507196,71.76761618341651,265.7246319295155,167.86416531376412,77.32642391535121,77.7619117197399
5,34,0.0,0.0,81.33567421133172,213.64502353023784,92.7689121109735,43.393031076810004,306.1566401707799,208.55717370286,86.14805661199063,302.4266111306483,206.87212343024606,77.9516486970333,287.7232244259551,211.06104886381112,157.2839749838651,234.54893245987833,135.09072044986252,82.20885090577573,315.67983808195675,197.28853855148117,87.82997778489637,296.90798548199274,130.44983685350925,92.82134194133377,200.459578209182,147.64497275240046,75.7213416421508,296.84209926143404,184.86046196950468,67.3251752524975,240.95371697521878,140.91473198353145,76.18539886251412,217.3986111188833,137.75958564940547,45.845693175856475,280.409311894362,249.54091034263973,99.85365116169021,279.07861152950744,188.86446504903716,60.6955157491207,299.75351250503445,211.64329875751113,87.93793647955076,220.950845655034,178.75117004931982,87.72233146977553,85.3682669995912
5,35,0.0,0.0,77.78250771663862,197.99283661939333,134.47996323337787,55.30450854543352,308.69477531226994,251.29618728143092,96.52141723023911,274.6722765659531,198.24518573873226,98.2733251550032,259.75430518846343,208.29486926822685,131.94796854772034,238.16515203231734,154.24599516484378,111.63218648336198,236.75874489693982,158.9355444904385,102.56372674521677,218.58160096304965,146.4110516368732,99.1735242438283,193.04346458017454,114.06209268593064,89.75424372121083,370.510452675606,206.84350480738658,84.49484301828325,234.85840639932087,154.60965357715318,82.28454011996855,206.3150468738798,114.32561271265139,49.976095179185435,301.5360802693379,257.13766016756676,123.29805546379357,360.58483140529074,154.25448563273585,65.90010814992215,217.54149527560534,214.71148488200237,76.47384605924185,225.92921977851395,143.91731597645187,76.97204267843428,115.83080831609263
5,36,0.0,0.0,80.14172155528173,193.23870996567788,113.02797952087231,61.465614429430005,277.4216969957029,248.2979884102771,94.61504070952395,289.30278785513565,255.5990098631423,74.97647971836233,301.98038382278577,194.5850021328307,124.63631258069103,272.5221866316333,130.11120832358935,118.8962960964434,243.09749596817892,180.4232750741487,100.10571701912032,243.28708130489903,135.544139144186,111.80660277882544,253.56040488617134,124.33086029284885,90.2132621127076,300.247712469968,209.92710728912138,64.25909033724845,190.0805696880161,138.32379848339804,85.90766428270459,181.01141928634226,122.59305381946213,52.37115784131087,315.8730989665651,245.63668448917267,101.41701994766696,338.5164758562656,223.1559156599011,52.786820991906765,217.2539789491006,195.3025757148585,78.70584093842976,260.24364532839513,144.3703603682764,97.00047668176121,104.94265095346778
5,37,0.0,0.0,79.13913979442546,209.29329117325233,111.62218339562814,61.254916935339324,307.34340603678515,240.22295409569543,77.74659068151874,348.16190103786175,181.83714175366381,79.07967013199993,254.93945718252778,182.90704857252518,112.29819128086538,281.1055786480725,146.87938903215507,103.88744993240996,285.0233688943338,157.92548283091597,109.67991622144446,222.08930157394727,140.973329341566,87.11501741893986,238.54695076225997,149.61822290144076,103.92546894352249,308.2044444057965,201.90937409040325,80.86775856700328,245.53929106488044,141.70548967313422,71.59561912238738,211.80563632720902,153.24790442460917,51.39663204415225,262.72281261693763,252.50556618873813,110.03540697598275,371.6224994278502,195.29512021422903,73.8078893083186,290.9641514038892,223.9016329535632,72.82621622624384,240.99196738829082,159.56510961765085,87.61143276154581,88.32021030520963
5,38,0.0,0.0,92.61887987622069,191.65706223607904,115.49477928729866,54.310558401380455,307.76797652548464,256.89769622147105,74.65746961168885,275.54428894170843,230.31355238215116,83.72196902264625,282.6585650109194,197.09918361015482,135.06379229260065,292.3726057139377,178.36315109195067,118.9959974523901,269.90823587684935,125.8967225935788,93.68851052749069,223.38577259693295,149.2362535249597,97.23286599023787,210.83181420521248,142.34300839568988,91.99245207607326,271.70236054379325,207.8243296056942,75.04950252420957,226.01456148981188,119.73830277513198,86.89344686170624,222.17872896567556,123.13219364204633,45.78132151586205,245.6161810246222,263.7476518699874,129.98902618884802,288.065392269033,250.40728252540904,66.15594056221397,263.533171922452,198.93632169544077,77.58152636506168,215.97028583814148,136.65086755967673,71.51321358238653,104.06742501799505
5,39,0.0,0.0,74.30495320232563,191.70771303593006,106.28803463284015,62.62860420713968,278.11170955830255,228.09892904574178,94.2424394220307,305.6365375211328,188.8565199085401,92.55743072175493,265.5306414607897,204.86362098594213,108.91107678733889,281.9317563701062,165.26367535667174,115.89715011168764,260.3409415086625,209.06210983434525,85.83180957043781,241.4977992919114,123.06625706117566,94.99102662187953,241.68315383532465,130.28267559522948,80.60921041904346,300.6941199589231,205.39557489671432,93.12234500113246,212.17388067966502,112.96851443995048,64.0499609921892,210.40369070657377,126.59515661176367,48.22662004811514,294.25847043204425,230.16274148954014,97.88238648108282,300.8281354073576,192.57101567411158,71.86087929089246,235.10823669888566,206.62290403083836,67.33789289038278,255.3943958811165,150.6005481561609,88.93066287510821,89.66022422300561
5,40,0.0,0.0,70.77173352587685,179.54729714070353,112.11812888299777,60.984859968424416,326.7208331773826,234.82145880431665,97.56575914155604,278.35904232404647,193.58587920739535,81.90604960978695,267.16398190637057,221.09724618590934,135.68888047147004,246.83558918644366,137.03264146550694,99.27560468169636,267.7301225178974,199.6375623784384,90.26770429211872,243.0627743019788,116.94983553684146,101.30991907460492,221.8461830275561,135.0582440564043,73.1927318782694,286.57496448157156,205.38818214635035,88.04632786470798,212.36019956765207,139.60929052294787,97.37915722996952,193.23994335961268,86.546922422719,50.993683938820205,296.5034547813366,215.56680183472554,91.95497232853889,316.9021813107828,184.40920671424584,62.44695126251237,234.892726322211,190.30726897324266,78.16810753300413,223.01296234179554,146.05359540412508,77.02974779399565,119.98816694713553
5,41,0.0,0.0,82.4802253882329,225.10185148588613,133.2241336747136,68.65567004434112,389.0745405923332,230.4542262547822,93.86795452057468,253.9544136698672,196.03846304380662,87.93758303732591,280.00146004520104,186.63086374252237,132.01859452643117,285.7564155805548,143.43602009120133,99.31535014723448,251.3924324583212,183.88999112987108,80.6416888457543,201.655223787831,139.54261866797486,115.89106622979567,238.66631286676122,164.34638216908905,89.66245029811729,267.92076809055783,204.9570782617294,71.86101173155016,210.7345859402721,154.48326192662842,81.44606469075535,216.30486949150978,162.1314801611166,43.90279986364986,289.7078582507318,272.24497914205983,109.1836453093751,321.8520887027736,229.1007700103103,58.759440430298994,256.37703343622115,239.40083350248943,81.27028140385397,260.1786284278233,150.55473129368622,65.26365309846386,89.27062100883427
5,42,0.0,0.0,80.14708265599273,219.07888143405503,96.9471873859159,42.9919102745696,286.4737857154451,282.65194105791863,87.07623205041713,282.03040366086157,243.04371795831565,84.82147931461095,276.8109174247042,229.29383482863747,141.08038894525748,262.4325709829753,129.0239629557396,108.54190407611202,314.0936927954576,198.80023495000188,81.77985654831771,217.4567173837051,120.77551606535754,73.85596257973721,256.8419198296024,143.01393922238867,96.29305889467336,300.50300250458736,222.99016008709424,75.36865614744738,210.75696427620366,149.48116660318368,84.11108626462918,234.34055373281058,99.49695162732917,45.80914983588048,274.2711057066172,288.9703033971116,93.62087614978,357.43630621173713,211.53211394094507,59.524917032137814,256.7621827611038,178.6802831316264,72.28040735685767,274.3266285435199,161.41031255417693,76.18116245814426,92.16692911803221
5,43,0.0,0.0,92.25441131537588,192.68819249884118,96.54856640371982,50.381103541047956,305.7470522943709,231.00691866122622,80.78759950590407,354.45065925094696,188.5236821668687,89.88092796511314,309.5828577982395,188.3048324609793,119.63576818110961,231.2453658428171,138.88055040309118,108.68642453921944,250.80722945920925,178.01726133611305,105.83029982151157,208.65547272718857,157.59181455559826,90.62772555589191,202.1767508643154,133.7454839466588,101.64413129827636,270.64285102930285,209.2690728276026,74.61066555467407,194.29369044507152,119.02106796887742,67.10428696957477,208.86795566489297,145.77304531025618,51.68599272722811,254.13659619232905,276.4108104325022,103.13648253907678,287.3054183345734,204.44569761325675,63.23335321076836,256.29418896108666,197.55787227885014,77.37128685699543,246.06424540734662,170.89479042635662,96.92354358430795,95.33200941296205
5,44,0.0,0.0,78.8474013985861,213.84163284344763,102.16140146885856,41.63098797063393,329.1814204043227,252.90148889540708,94.91965003149511,279.55549816903675,202.13082776625268,79.5731550755428,295.70289734168057,185.52928357322904,144.84408275033994,272.40945987721517,149.20212953607717,94.91174150986187,242.4122503834413,188.29632476968663,116.77165046365306,237.35623922086756,106.90567111927892,77.9922799824229,212.53418024152018,151.9418071104804,82.87963996785669,291.0098512762981,205.58126587860326,74.05215598438664,236.76226276539967,126.66640964258823,83.62018066379119,205.3172008596805,140.58140663893738,39.91098986761428,267.4718332206458,274.58432080119866,127.15078181743073,321.13170187724904,222.69406575561527,70.9805272555159,281.15871895062975,185.54765931252155,87.31992936250626,273.0322911220859,160.6042315882662,81.81938327522734,116.78567818588441
5,45,0.0,0.0,89.18024415236442,217.0120524418598,101.72625170050387,53.949755325112605,307.0946867817178,235.19769690367133,98.24547111898767,229.54832281146497,201.8831071516752,91.06730425165533,294.99484102343996,179.62198156007548,126.88103967215004,285.0608451886809,141.0024727229004,79.5396064357227,269.0179788242468,188.07198137839814,87.67060655217452,241.0955789858308,121.29964247191401,104.66406586077017,250.42712352341508,144.08314952794692,78.8273765630951,292.8447377987023,139.47787314323642,84.14147162035515,236.94523277276252,122.45948227400956,78.77676908231237,199.64930833442767,127.29833589557074,44.617972415206175,291.5863740796224,308.174664747809,126.38728797991175,275.5495793371502,152.7719210110121,53.286484607513145,206.47094515930374,171.61760350344352,72.3076126189657,263.6873857043189,165.7982785203653,75.51594950433363,84.90547168465957
5,46,0.0,0.0,86.89886984582574,183.38859249538416,118.51495503647917,57.76158253417399,302.1179506109949,237.00253108949968,74.55504560409551,255.4949694395093,186.29657285157387,96.61719006672024,207.59279259013707,161.40973294435048,153.19758673616616,247.37344233601857,147.87036421092478,107.20703173400163,302.1588992728147,192.90402198170534,102.27700108068855,214.90995975071675,141.67126704875167,101.37195943647946,248.49475887680867,157.9933917064113,75.99087123190195,283.92261172913373,205.84016035603094,78.78865808212765,191.8142910514477,155.65361802692277,80.24239354336034,196.2480526360277,118.2500129692244,41.7181308770224,267.5197617299405,246.0317702461587,93.20415972948562,341.94790154516306,228.4212241814788,73.50246655354385,282.9385289847835,214.43522127883153,77.91736750108012,264.78852682176915,159.80513088465514,78.9189448388653,70.63997616870027
5,47,0.0,0.0,87.42001449769961,168.90808790567104,107.01806859031197,63.13281392550382,259.91508139501525,285.53624349327094,92.38588328151481,340.0800651805259,220.12719607577492,96.48577412886561,271.18543307520946,205.2305983368552,109.41979878959393,263.61305164008644,144.51987218253956,108.15113812791024,284.3229246409636,149.3057922673075,85.48837870223916,227.97851633126768,130.46518365258234,109.9400392262895,238.82134948418891,140.82098547200195,86.01147770772576,311.3865599573319,178.758217241874,74.82467277074613,218.50573548800926,142.38354157793887,82.69728653874246,235.28430911893608,145.81495071435594,50.37198874132332,270.569499942332,251.6950601986472,113.5033412989582,284.16821705238004,191.65444572560637,66.86167997075499,212.62748596564313,144.7533808716957,78.99331203098436,251.54817367481158,164.81189941707245,82.2681079269434,89.48871610826538
5,48,0.0,0.0,66.42631212228542,196.04691904226172,112.41465100191999,60.6594838209184,258.1095715285758,280.1788745174317,85.71911151898597,272.75501257093316,200.14908170320885,75.30638497283705,283.452593483568,179.1215375639662,136.7794572620611,294.86876663019046,137.29936972039357,84.1513094560319,232.09349952136245,177.58228743197546,85.98849845297354,269.2708827646456,132.1775246897566,88.49241593908746,271.1681219023302,153.84159682087295,80.68758843465395,270.9730494651736,179.23740645579454,72.02420172607783,183.20203623577387,161.6989132854647,87.47364470642295,227.56175181153873,120.71276786793834,46.807221387159125,289.7094677310915,230.6074286619242,117.81363551534841,266.75097441370986,203.66846318422083,61.83967698379509,300.4512985405694,231.06384546587802,86.90650915644599,257.60253932745735,161.38334647359545,91.2081558614154,110.34723542503787
5,49,0.0,0.0,75.73726640184856,179.39050717509792,112.39645772165404,55.640503998953406,320.9794828836539,281.3328558900273,79.04571649030792,366.6917105935638,202.25094453019682,76.4174151691377,285.4238317963381,178.6584367809028,124.22345182399971,259.15610277138467,132.21739367273923,101.32598155551847,298.7759189414529,170.48581853238434,96.83102708747296,194.94827008266688,146.5428342836006,100.92281227384177,231.1907534168912,153.66452281694032,80.291708377396,308.4840671577213,171.22508563695803,72.32791621617,231.64450932842897,127.21948017067342,71.69471734439841,188.81665292703912,149.6926973917128,46.08860225410877,287.76405924061976,260.0242804206867,97.71531791203805,296.86708336408697,213.30070817873727,62.53783234848825,280.9088749161302,191.78172953922945,76.29769498853999,244.05957841030997,175.2362015197146,71.77769717956221,65.00334302475471
5,50,0.0,0.0,71.60769984566521,222.41850624024792,131.69457287977468,63.751920451785736,246.01947886031488,248.19878426691997,91.76970189695233,266.10575300875064,210.80292860838057,67.17495679389448,284.4865786361741,201.6592311453647,145.09565412811443,305.4437838717683,148.13127226137496,109.9287324306791,277.7899773931421,181.74826197084468,99.70158297916964,237.55725751434426,139.4887702392943,90.97364124016293,201.1858383334707,128.5416176786736,85.32416932496434,261.43810249664097,222.41510527114414,71.67311868821663,222.70949483410536,140.22394733489463,70.07856102329094,192.27468875904228,138.91103908858557,44.854564951713776,310.268779397556,251.29114836885896,115.07092014386203,280.67463443223966,219.41133720578466,53.3507238139104,202.36907334214828,189.22632512005808,66.45239511477182,215.67968390874552,169.86255033035255,76.3848793872306,107.75905164119271
5,51,0.0,0.0,80.31713971060016,173.87172570328346,139.40991856868317,64.34503618532423,323.40942578658024,255.48105360463398,98.08301986015147,328.7349592395006,180.42537021364424,78.01147286900385,259.3084075772371,202.43415742400435,140.63408469260818,285.7358178368314,157.48164518748683,100.84822516216903,259.59363913390274,154.44736486990053,105.33154347058743,205.06286284762263,130.23398097336593,105.73524303710403,265.65071895601324,100.88246722254186,87.56250088671791,227.78029318024812,190.56143287622027,74.12384838010708,220.2291594431217,144.61632985979375,79.78333804903805,219.52959171584115,135.0769576302761,51.5287854464199,277.87980804499875,277.66132216050045,104.3124507723694,326.7973600619004,188.97321766920197,61.71325076260143,248.1665249488171,205.94689979099917,85.22160161394436,206.32734727515856,164.79267147852872,80.85333040278941,127.03816396519338
5,52,0.0,0.0,76.47025080966061,192.89649976684944,111.90198759020959,58.30070717059754,297.20017107695713,225.35372820018904,85.24222741025012,343.9624522926105,235.76450707038754,75.92747755980186,248.57319962652235,200.19998325062255,136.04430176398714,267.6706911239586,146.33554292216994,115.32673247246272,273.55003446067917,180.46713540652374,89.99734437368123,239.46339943933216,155.16251628665825,82.66336235985294,233.41158005572638,184.43825716224816,83.66622934051402,260.9967177659649,183.76112956972972,82.16653108203921,165.4847528157975,137.73431347449244,83.74765920548221,237.82232790206317,132.50258264529043,45.270179342784466,357.66415893074924,273.1348095050441,112.73352402944838,304.5419097394803,159.68125133369207,58.14575498075438,299.1681917004765,199.29206391008603,78.26866525358751,234.82250334081291,138.0829079431568,76.95172046255405,112.65908809535914
5,53,0.0,0.0,93.95790093871727,185.67848717058882,116.30150421832931,46.97756888240589,315.8827772681192,235.42365493259314,93.80104972489045,319.29627734600075,227.55513631708448,84.80311522064977,303.05966505132255,194.00193672916137,113.1632852648952,226.44798251478028,134.67200844076663,99.13287225454124,281.9137494075647,174.94804082352104,91.96435774795829,203.92830766028501,129.63899717832012,97.96274832214357,221.18926106056216,168.01776952356948,77.91728345200588,304.5200773014135,189.7417316947776,79.58474765117118,212.22269186515487,155.51311700244545,82.3158782801839,223.06848773295312,120.3829562965341,50.23803368498097,318.55987201583264,225.26539936042442,103.6894044564181,299.74070629247757,183.06940764690097,52.202011207993735,283.7890680594658,216.66316691305192,75.67323716937052,239.28911243907154,127.78772695905195,84.0968948806952,107.3536623013013
5,54,0.0,0.0,77.32851685439518,180.36486813243064,114.70730755710711,50.319613435662106,309.615888498529,239.39355026670202,100.6596642762572,269.04865871208045,205.9714683312899,81.46999780525098,257.61783085504646,201.7563557343529,142.3483138470752,283.83333946434334,112.92219065499964,99.81929665997313,264.7199928520847,157.53005163384773,83.32907585380872,221.6544818434818,127.60527829749691,91.35254517864776,229.53447181615724,144.2862087352935,78.51323935506203,304.77947486241357,202.52773474894187,74.72401722709263,226.95349464881284,146.9399451188439,97.28143636672151,195.21082887997738,116.70101201898052,48.7875818137607,262.1711153662737,216.70323010785975,119.19336672040491,297.1231723990258,233.11767994343214,74.02905190196323,276.70702991424923,197.57880716836956,69.74157782843548,252.3203627024713,138.93541601685,72.03499894993328,124.65489124944158
5,55,0.0,0.0,90.28444922983265,207.66591500848978,103.38109680346066,48.44202419866581,304.6339707367558,242.42973505319432,77.51458722173228,312.84985020918975,184.44775100172302,91.33930700271557,285.55733143152355,176.03257690536222,124.78092133074628,222.67276222304739,164.56349326834678,114.14673097160446,286.27516739440404,179.52592487592716,91.89146670497237,205.84566109386498,136.2526659044615,88.42272411385504,224.12397560270668,137.8456496561476,90.713624614392,311.3782300157015,169.90486432643243,72.57641804085041,238.16921326290284,139.4286466738228,70.76613196780866,188.45537461585735,138.09792331032432,43.028117049097716,297.46729498443455,291.684853260646,99.71385531928648,222.99658400916618,185.85680814136526,65.10984189433702,273.7309533569463,177.09585479979998,76.1753480353806,266.1556570485818,135.28282346943917,82.24203967715229,131.09090230482246
5,56,0.0,0.0,82.50483494248705,184.40436204554487,121.43698962720276,58.167679096321265,290.9819797172138,273.9257704625685,87.6390208551518,287.35956542245293,171.94226112614652,86.37477465421144,284.1112122195844,194.48342034061153,134.87074509313382,285.72411321069666,158.49020560037437,112.60539698210914,279.6283018589387,193.56971134862363,100.64513345736796,278.19432147168664,169.95374676359413,93.3157378365192,229.39292691335675,127.10404593337192,67.56401398288179,275.53874882435883,172.88441197979773,68.91617420298823,229.09362284110452,116.76549541033256,96.11886522883808,205.66929960220622,143.2314031985003,51.0915159115673,312.6745118893997,288.6852597165812,106.69120357512843,341.3233936170144,198.66761144237978,64.79371645045951,301.52435266533087,169.86438111121552,71.92403301710777,184.93441427052034,157.84900645050422,77.22387759699507,109.50725458660177
5,57,0.0,0.0,79.34950278186577,163.63569727181894,111.44377693653611,55.97984661216843,283.99959535832704,181.07237061177312,93.37484265852446,289.80139700253915,258.0363856771537,92.96378491023468,297.5258498878336,211.98162768305798,134.19516859605883,277.1019578451945,135.19682506054076,87.40716281220219,248.93860522352674,188.33150932850415,94.40517004120998,209.66110892578735,131.48927745420508,92.47198022366193,234.14371616792286,132.76732931435092,81.75312922509316,288.6482608372708,225.31923729544846,73.50981107332433,178.87378908047555,121.8387146379066,84.40847638460194,192.86260282843895,140.26008034112968,34.27650731772315,250.40947685534252,248.0229962109936,98.39583374064182,290.94332795181145,173.88682099612123,69.45758711390569,272.67902678335497,221.26949978476955,79.51532620215116,233.4276194735678,149.18202810173705,88.4500412302228,73.3703536723181
5,58,0.0,0.0,82.25768794923786,213.2360679513114,120.53059695117358,51.48073443260535,291.4845692050044,280.2474353003898,82.8576344915129,287.0841914806929,223.71056452251682,82.5602325779015,296.53856394020727,160.33102501697564,157.52505523345403,284.6250255849366,119.6725289591588,98.1673065948631,269.34694489557234,185.04525340283203,107.32715391776703,219.9155265183801,145.88563477384164,88.27021996842038,256.89497939929265,153.09676260369443,87.13495417397404,310.1960633726709,193.28129049625161,76.8341918886733,205.53873750673029,118.98493824429731,64.3529554390233,206.5186166755336,152.24525407650577,48.68247824262794,339.12451749826016,272.10057928874244,113.89827476264576,256.1666682260896,207.43841317709922,69.48044614103934,244.28399380528265,186.0978476456474,67.32491878914637,277.6673770642222,165.76916267781635,81.49246670041806,93.0528556040919
5,59,0.0,0.0,81.85272036474906,158.06872294887683,134.7513453657345,57.86077617938957,307.63564198131974,243.9896023838639,72.42755136862554,333.1030949025407,213.75708961438377,85.42032792551107,298.01789406452076,151.33427628663335,155.14844526417056,245.6827048040629,101.86612871279323,96.57273968116259,272.92148569226043,177.6302843053064,110.39265567060662,247.8318982835606,138.95534904823768,107.62664621408317,261.1287070724309,123.4672336046169,91.02992198291045,292.0658078923093,223.52895657072065,76.31965872377992,250.5051385741586,151.9553863384029,81.28102092694927,183.76986923841864,125.46241259706576,43.616095911970724,236.60565150342268,263.73070970098695,92.19699501550153,308.33116488921513,188.69645513813245,72.81512505326552,252.29398154433403,223.67849730162928,71.5293304419316,262.98307348945906,184.0975309363569,73.06801291500562,112.91583505837026
5,60,0.0,0.0,82.57898494851115,202.6043796767303,112.9632045403543,49.87416648612394,267.63148772232677,263.2176231896214,92.02631968511544,358.7432626399144,203.050179130356,81.46255402563281,270.8236124908895,184.10907859341665,154.35753370382258,220.46994518228513,138.14478862554463,90.9378067244596,283.8930942842197,176.84034704496048,102.86883428545488,277.78627652358324,122.19442052906416,90.86360034732228,226.85393748813618,125.1619016192819,93.8764852042114,322.95842872499,211.27514684076482,77.96382263411799,215.35759447910428,168.1273387358901,86.246812779399,191.0366300655645,130.45320862754605,44.4117278712083,310.4850017407512,231.6772177677091,91.44364341290336,335.33817711165943,216.70428143999817,68.37340965197666,293.2922101332746,228.47383417300563,68.38286806042164,199.6611734963427,156.2728157219021,74.245691705207,122.46616207209118
5,61,0.0,0.0,84.50371560626762,188.2603299774448,110.65874382559193,50.78992546537374,279.36945408750256,208.3894796855705,108.96303713948313,236.12344920476505,225.33797197153342,90.82804970296216,236.01907331420898,235.39320181031107,128.46415158526514,300.6702905387371,147.97293144951607,113.04622995361488,309.53695493591,193.13235685457715,102.90095362090531,232.8499780695513,124.49849282077386,85.93285813245964,211.8887192205567,134.99064001497948,79.2973294712865,286.0191131866495,184.56856638018866,77.73118540811072,226.88074164473207,138.5316444571398,89.1506639760616,208.0985202503636,119.31326810085075,44.33226800733875,320.8054217117526,198.75038478230923,112.62710094875611,304.3662231256637,163.32393307824327,67.084833009081,275.0173700347452,235.00443786744398,79.6914949898775,219.22284776210188,129.53602368942873,73.43717892030612,136.01092049613277
5,62,0.0,0.0,80.87451314940616,173.12756380911637,117.75023612423885,55.21052418379128,300.65986611031093,227.88734761088455,86.48685112811606,244.35288252040928,251.30439265698251,103.02356811708846,277.6280505777113,202.51484310013825,131.2178538886225,264.60543126940337,131.60046722342412,88.59172233811981,249.15798194327638,137.8994185098689,114.20115820371039,258.2998995316491,137.34855891497537,95.77708537428828,236.33576475006163,139.74735851594681,86.06753073904017,298.45577057695283,206.8135381725678,68.34971278215771,221.96044849191026,129.63394651956511,74.45907145360486,249.27885421982327,143.7614431822024,50.96878218008272,319.72000229826557,243.31770035315554,99.14065568197415,302.6883987448113,182.92906346007533,65.98606920265539,224.92699647306463,224.8013771715703,74.23004631133111,275.1119450613161,136.1392807943614,92.97939681985824,69.83632885626649
5,63,0.0,0.0,74.98731426608926,225.80478508265048,140.6163269159013,58.077885153519176,261.76698261542373,258.1827810327823,85.90000308158632,284.8289877853976,217.13650912388468,72.65788899751409,319.8404879337372,171.62638990142563,111.12869661151893,254.42320863717248,130.93540859696148,114.25808921945392,257.6743645781185,187.85060983917438,87.43735709819228,259.0607965615707,125.9903934759583,99.40210070049378,223.5925441012957,158.16600152210512,84.2528000768909,284.52851896826644,192.102520024532,83.2607738481456,234.00961771583476,114.94362080866739,88.46705131047516,218.73829582868655,110.38244205606651,46.19893607018106,283.394349798851,270.6644556411675,97.9998653606861,252.1728969672923,206.67751673657665,63.81234914706578,263.53273192725123,161.9740383896014,75.81426696729173,264.35347247684365,173.93339841847904,76.11171806410577,108.92071647841401
5,64,0.0,0.0,76.66011947034248,240.8714586410821,118.62224572056259,54.93258955852138,291.9337580106678,249.44563106425747,74.50896221479505,254.9790999508232,193.95290164695513,88.56052141308822,249.26228212053917,202.88863999736336,133.07135683144102,282.57673891502475,137.48071844183858,108.41040299131086,298.20564229176676,183.7669892071955,101.12105549769485,207.51773594832608,123.19181373722157,101.8096874641213,247.81107039401707,127.07824159680173,78.86076636634344,293.9655733912079,180.5060797272563,72.24495032127689,208.96681274241138,98.2162671373701,78.61657166028716,247.84605327426823,130.30010554264499,46.627033804026496,347.74752265617565,236.96631884317915,101.66598768775619,282.5824177210604,235.93226821772217,59.06359575228329,229.64458625502448,197.8845950005956,90.10718983018023,243.19409040151274,139.8693215897413,70.50813969095967,101.7572313477762
5,65,0.0,0.0,71.83569677517976,159.8616984686222,99.21788032087284,58.36578066632726,266.25325892831154,265.957378226432,76.29502997124516,308.6023771030943,181.96784435480697,92.2199753693614,320.3354044884849,189.09208653839775,118.69735068793564,244.75114294121772,149.96546870209593,110.38986831889146,276.57485972091064,166.67780432840573,101.61568959514243,214.65751382990342,106.50814743789877,107.2856344345277,257.2855976422408,151.92343989149285,90.40826766955821,330.3931934231433,197.41459539801608,70.34866304212966,229.68623305447605,144.38769239620916,71.52568569099532,241.69225352270132,147.2892608654033,42.314058830326445,348.21714771495675,262.6073784194305,108.11087589596791,317.87450803287356,213.03536890161715,69.01209947300713,256.3999045364498,218.58908245685222,76.8265361623487,245.59065826155572,175.13638026234818,91.85812804564613,124.18540040929656
5,66,0.0,0.0,77.5624549409949,225.29494507790312,132.422407172582,51.82179726367126,290.02267225437623,262.883768885255,79.85651289945035,285.3304710682503,242.40029373531792,88.65234745814061,292.9519308006987,204.07904156275637,131.49128562645708,294.9119217074175,152.0003580996068,126.42498075134957,293.794939584993,187.76738270949278,108.74905045811389,261.60491594690706,121.25190782542236,101.3890670347824,224.55652593164,114.16946818154392,83.03099639101313,275.4603334686034,244.02049593917582,85.21440063448024,196.55414584227242,147.1036640836913,76.49790747481154,208.91849464740787,123.56494706550039,41.57205925091431,328.7553271159388,258.3003785152316,104.9358805598181,347.6223042743848,223.43519430096114,57.83813397103336,252.90888631735345,179.5533292626505,80.98774940357451,201.06935640907182,142.10136942182618,89.33861964987732,124.48235381432889
5,67,0.0,0.0,89.57790492467177,167.90063699448973,86.98191484628543,53.534312268689874,280.2836689727325,222.27331545541594,112.8786335789744,308.39723566678003,215.25340137289302,72.34255821262131,276.4094011571831,225.69506865057232,144.23528683959222,262.1754814378319,152.99018407665056,74.14528085236789,314.0381625686553,187.91571902862853,93.46832255369668,219.08327091553193,162.22945647781745,113.10603625684922,231.1004197060952,173.31065708023448,72.62013973833916,294.5455611267577,198.2368042135269,91.6348374510076,219.88462740442088,111.57346068562532,74.82630042384518,212.44466296287476,131.5565231047874,50.11885645845729,248.89706497926966,286.08438211166003,117.55405480993235,373.9983632674286,220.9367944412208,66.79169651228119,253.7433871857269,208.49072136814823,71.65282259911713,224.3372018753431,145.2644336829926,86.64344818245156,102.37092299243754
5,68,0.0,0.0,82.70760950029208,241.84210532613548,125.10023922753945,46.572889172594955,309.4022097355102,223.1960091296573,87.60451290014707,323.1631785914145,220.58952316185193,83.25704193414921,225.26021277364907,190.41469665159485,143.95094512938988,234.55770449077778,141.22985385801192,103.67049496252743,278.83563166030564,173.0605702025971,85.3273118769971,264.2976237012191,142.1445690167705,107.973764849977,258.02671819206023,135.66974245425203,89.51342946503698,234.80773485021558,186.44145052116932,83.46064371740675,202.57783807761805,159.78690209193832,90.44233085235066,232.72246667109712,128.48864601896864,50.94223287960153,250.34793408316912,225.37593988102037,117.23445250042958,356.36299083400286,214.51083621159054,65.9552369209919,253.87510696605077,193.24422900790046,77.83637483990671,247.916348277069,156.96331139580226,88.15489877086029,93.85078865879358
5,69,0.0,0.0,94.2658503145857,237.4802457537459,120.67714442823066,58.951202101854285,346.79914839574906,220.86646741199775,92.5553390773385,301.9712444388835,256.46125143315066,79.71464588926554,254.3325966718907,159.6883585080172,129.0681111264151,261.244731548555,152.0310621899299,110.85544988633573,251.3187953917836,185.80787055368677,120.98901379450703,245.93462456201496,139.87067629462996,93.05872825612971,199.9427364930216,151.33369496363048,91.58361380517776,299.8182225914807,187.48859698274822,92.07307943163833,224.87872239424888,132.40637235558955,81.34652561556149,209.41666526961683,130.1288651963079,53.01200764591239,280.4992097531678,272.076570046449,103.41001849006362,315.2878519463756,236.4772054400954,54.607631954930426,273.817827212538,169.77687463250876,79.15673677695189,242.25929141819745,156.00385733141093,89.80361823709248,88.70445562476556
5,70,0.0,0.0,85.68250657693325,193.91213644146558,103.69908753615624,50.893977815606824,313.42087477842443,229.26796944621913,86.99457231513951,300.7092874709096,204.23652458990415,67.44631550710736,268.9143696282919,210.41222783119431,131.1715773804251,227.48234694385994,132.64140359948675,101.45518196147336,282.24133098183006,168.77396722591072,108.53158065974516,217.75080650228944,129.9136819550954,97.02074077531995,259.5134852312484,140.2785829923822,84.96009929288877,272.08900613003993,229.17260148770387,81.55108225324828,212.93613866538877,129.10797563459334,81.31739771685723,191.87389682329936,137.0704666891122,50.703599398199486,252.30250131487398,247.87573190921694,113.32588438419697,353.58342718275276,174.0695122149562,61.3383139102104,285.07283451953333,221.14487430324033,67.54036203044815,235.54553564657394,166.9106464020852,73.5860974128457,95.21549661688714
5,71,0.0,0.0,83.37799957557712,185.53446853191866,111.22161328350771,62.16950276840499,272.4668423735686,286.4046149205278,89.07971865331376,310.3241802144053,220.9071326949902,76.55997387546769,252.99137335080633,178.33492232978523,117.75061800462024,309.15949147677867,161.13196861756646,76.50416387790216,253.65693721699097,165.49815767469116,87.48226702119433,189.58436594743586,102.21014225048302,88.30109791227876,206.16168336858382,152.74568920926566,83.78348210596289,249.77840414036586,211.13118784127226,84.81566529088039,189.70456296081792,120.87293706359328,81.84475263527948,233.18374283844236,139.23214870491196,51.02396171698142,301.63141852117593,316.24498194399797,108.74764757475857,316.8129067228934,203.94834562112948,69.57143086902512,245.91409319317677,204.22574461806516,73.79489164438581,229.48556865142714,158.03416225186993,105.2472048018581,84.56835118325696
5,72,0.0,0.0,68.11818122808405,193.26139531335474,136.21227684478774,71.32566293075676,304.87202702531874,273.5189361575208,79.49367329404365,270.39063884080406,251.6620168057393,87.89108436789668,267.90714861837466,162.26239449944768,134.23183414924335,260.24183914961696,149.64469771909398,99.9613187626495,287.55548396261673,187.02134394306597,112.93308873666861,270.99657911448395,115.06353660246711,84.76135219317855,262.36795933913095,165.45628025192113,83.45697116612187,332.5475480483616,200.54656289655745,69.34872740652216,218.07122339580638,147.42678010844875,88.09441885251938,221.69867206185242,135.85908321899393,48.83670421031215,268.5873029227168,279.4358447580459,94.50298678422166,291.5662100358979,195.0500361829153,56.10324311891992,242.85349661550532,196.2227826760571,91.42365376228283,252.33317610795982,143.70871512471442,75.15456349823026,78.02292793136833
5,73,0.0,0.0,80.25048616852152,197.02011483109428,104.30792864219319,48.914979960007756,315.4269607023427,231.9173400475723,76.67925820978743,230.23153221722492,232.7711686743943,90.19887568735915,264.1989634733608,190.4422089517227,109.68894985313432,268.39699588179803,151.59543287184079,104.65397917353417,288.8809656604034,191.2286019588405,89.13672148151018,243.10107551405164,154.99153069343546,95.94951018602367,212.0943077518367,111.57450058887545,85.40005575058157,299.63082661525084,216.53579840805367,78.55782178481587,222.0704826353487,138.86981458065642,79.17251459237866,205.63253261721,142.46487229811706,53.716070854667784,308.3675110479116,228.60592873596187,99.96130556383973,329.9919556824507,242.08703218830317,73.16547986986254,241.8077718935746,215.6805231462982,72.53011548028819,176.27225384748928,157.91426918400083,86.20812443463083,109.36613816390931
5,74,0.0,0.0,92.70437027842877,193.4240724352252,139.30814986164725,51.33915139494083,360.3080229746784,279.8280356630974,100.02854698483415,243.62433551785708,247.98298540116465,78.92938061625834,325.5674377032586,149.405709511363,122.7178606886982,278.24087125022527,160.96888238223744,77.8879278378465,271.96976191936955,170.68465951967127,112.39719166876537,244.69958053773865,124.88414297962633,100.05188436050085,253.41393839053342,145.0959534441645,94.29499368328416,292.1628114603574,226.46532428853268,57.64279639223412,203.03402437748562,162.76499319859138,68.00043183402208,239.5482713973896,136.70556572685146,45.6571219126208,293.27063117451974,208.26012375200062,100.79618960022918,244.9004975590077,174.60352273190657,66.47705223512324,278.2923269233321,163.66883802133688,72.58753298735968,229.04293657710093,129.87510018171724,88.42650037104123,70.48421197225836
5,75,0.0,0.0,76.60591834004282,232.90693049156292,113.79636446373733,53.18114546946054,271.63089735605877,268.04976737782675,96.23261673097628,296.5256038019197,250.11852407842633,84.26964810441001,320.7842736106687,172.1484604118792,122.97603490000631,284.06092149726305,155.12675251612552,99.61765382760002,231.5484549417837,188.9156228289022,99.32656263959387,254.56943635174906,141.20174209580185,87.99066083866869,207.26178708151735,131.6327115515275,64.94152285937115,278.77245138230154,221.73141249184158,70.95718806475497,218.25723742333832,145.08192173360064,94.26755403720551,193.50206926669014,130.94603997157404,37.04246808270457,342.5914135110881,241.19427409702047,116.47458957024772,292.97455014310214,235.46927948439054,72.25799732470293,307.67621204668643,194.49016420702054,86.73366112361295,230.82766784398757,169.43021066873936,78.50492786273067,105.4192120233867
5,76,0.0,0.0,82.6595060186495,152.1024762331977,110.53989775249657,59.6235626571417,304.12366574260733,221.5845330936021,92.78091869814,270.7804648635842,207.1158084556971,84.01263760782966,295.2978591278403,185.1852647404522,135.03115005369844,257.75968518372275,131.77075350990043,104.94792296788907,270.12663890078176,168.97954952595543,98.84513358763284,249.07544504945923,125.26933784180578,91.98033461869801,269.4239648106043,125.68545878991522,92.10833926148445,293.30756622130497,198.57063363639372,82.99407884127483,160.6276930741979,136.31274284366847,71.77356218614115,225.58187815323558,139.1927190090183,51.05307814273081,289.3997966256125,281.4870498684841,105.9905954151099,328.0568039220097,200.98306026180748,58.29894707311565,281.5761621519905,214.79675246221353,65.55711148968521,220.29270205064455,151.85360284006913,86.59714007873954,80.28142398034218
5,77,0.0,0.0,77.6576777416347,194.73894452025854,115.70985533913822,57.21417235487447,329.4731251906538,244.9407017620956,81.32092225763793,287.7030826354539,192.43332651760898,88.44860282283223,263.5836609595887,187.37438339921056,113.72982807624895,304.60603762346875,123.96886509443353,100.9805092990128,293.67909995014963,174.80281136779365,95.17627139360378,237.86949795900168,127.87402645399627,95.80537327712278,249.51047301565708,144.10957194562468,83.92223948618901,292.97864501959504,170.85261802243747,73.16137373174524,228.68348990391002,173.61458862390322,79.29275552049751,242.7333463292115,149.23423907167168,38.98907345467579,352.9961612724835,266.8907774443425,94.64045082458306,268.066777649269,173.7227373396944,66.53558767637635,224.13494886085437,201.1944848459607,75.56342981538816,224.86581352483745,176.02904437717473,73.84476194904433,111.94625340200966
5,78,0.0,0.0,73.02747789720507,168.20505645368584,128.25039073029606,55.53755398995167,295.3413262778584,231.84058738241043,91.9490110931237,291.61803233320956,207.9041215488638,76.50043536293933,309.07382638882393,186.11338581861312,121.13473499777996,305.65470465820215,140.34344332608956,108.56592735737797,257.56507688938774,187.80483277411787,101.7588948867024,220.84994357057045,142.83348396380342,102.12667929589226,247.4346729323492,145.19949936217367,101.30086432925232,290.8553922748436,214.39385995784593,90.10571352700569,220.39906159574127,128.96964069304389,83.24028353808797,227.9526117240755,108.65178636224448,52.395749230388724,312.8687196571603,230.38168131345628,106.6063903359599,287.73770068952354,184.99540567717867,58.15479443391177,280.49582538925716,155.4072323751646,69.56484818897474,237.02223267815114,148.53775060983017,78.9628615962626,136.90226304071984
5,79,0.0,0.0,76.14707618141014,190.77742884802842,107.92188895545611,60.69616508366318,348.28525624373634,239.64076220868873,73.96791930120322,367.19160998643247,208.57378707033897,90.6393601562184,249.34029081459153,205.8799336617477,124.41215350791457,286.51234338827055,171.3849772908751,95.57394431108438,284.30955606863836,156.5972375093918,115.23620564591769,254.17668177190913,133.6268884891343,75.8718578361418,225.48808124732463,128.60584725764156,81.50986415695866,320.37067529377896,183.6016040023662,86.81847680782869,235.30238294923723,160.26948192340978,83.9189881982364,245.42665973805802,116.78461167533322,46.841654995813684,247.55970231581048,208.1384374463758,110.02702463757205,325.74396127372086,222.2926240703769,73.8745203710417,264.9405139964609,210.90957636397937,73.98697644157788,234.75672043973623,146.54651195745612,93.10906178659678,122.89529561088446
5,80,0.0,0.0,78.25992616104841,215.0199599603548,115.03681448963526,52.059710802795706,337.56906032541076,215.6124805134765,94.95212524521116,294.58571119834653,181.22824421854554,71.54213681419193,251.6438652101405,170.97808746142277,126.62449937410413,270.5321973733188,128.15985240152636,92.10429531341092,295.95107606112856,176.82225550793842,112.20156500665783,279.3902055685549,138.77605512298746,94.70150531762191,256.0742296241414,125.37293103278505,97.0248713104381,271.8872234672952,190.4423258855605,67.85619469048414,199.97438638388047,104.26795100916138,80.25736401782387,228.2845369689411,135.0339389713825,52.674617740292526,326.24159169371103,292.4746004768674,116.76383101122333,288.346539004786,189.30891444108607,56.70662220227125,282.9121852878093,197.92998840654647,84.87291946847994,245.62828604069,160.7758342321478,96.21754231138323,74.81674266553863
5,81,0.0,0.0,87.79242610613025,203.87148676866684,125.47212691540932,65.53147125180875,299.4898840437467,189.73119277703105,82.25654703785175,250.23516897884434,223.22166436321007,94.74698753640266,287.4138926086627,195.65933990194387,135.25843426095793,273.1714989339807,130.47685977059322,97.79931906289792,255.8145816037611,178.99943536967123,92.57030037562103,205.68714655971098,101.11444708215767,91.08371615083335,232.1536595003888,157.8083483933757,76.84873143334542,279.33824880942154,215.48621486295326,76.89765820916966,198.92543172721165,108.58807460447207,84.03440297661594,231.22860946855315,125.81195670716079,49.12188414588368,317.21112899486695,244.41591811256262,102.3703063526076,256.9636727122663,175.86701052242663,57.041640065982975,242.00758932149333,194.24738205959983,72.78106355339398,245.25675029468016,175.1673180701165,85.16519922302685,53.558180885889
5,82,0.0,0.0,86.17356083222066,191.18502454664434,100.55129182049996,58.810444742533555,310.87570958045114,239.8088942806383,81.32566528626681,319.827679494192,239.9955468721788,93.42633362853229,261.05910405467387,236.51229838694647,115.79870148720079,271.7297810837107,134.77848595626432,105.63771158241495,317.4399070134717,136.60236526931016,80.59518325785481,238.85430936492918,132.26076638534272,100.02058293088152,235.59266186418913,142.81425948064836,74.12495153516693,273.5366062929034,232.97779389876095,89.49909431364658,226.8957191381172,106.69836072275805,83.15224487191027,220.11054981286452,128.01863203372795,43.56012740396531,310.0205838330806,238.78073900859997,100.82746035336298,332.10647933082714,204.33752167176553,76.77437155199136,311.91673409265184,176.17171094850235,76.32377738843638,234.56994651547683,131.11634732098676,79.84314963436502,104.1572841403287
5,83,0.0,0.0,64.05609098703202,229.60594336264845,127.16269113135021,57.183487111583126,339.8274441152199,228.92372455857503,75.55299856134616,275.8007359565076,215.10726237392834,84.15672832930454,244.88501735128912,182.76925388283513,134.8432938864467,276.7828579528951,150.36859261670148,95.13660877838197,223.79340187414374,202.96634458406157,107.72472173941051,233.16334587228656,132.44398611939224,105.97590739534739,204.92466259180668,132.95489058536955,104.16493420046132,302.82834743505504,173.422898276783,79.51742916337022,216.43397128103808,135.08453078082644,75.77063046429868,192.81716210731562,124.83605514950591,46.182889969663286,322.3458618143339,271.0196842274192,126.57246688386849,308.5803703010908,219.91454852490259,62.47644022528612,264.7723470768106,192.52964907948072,72.77924556394743,197.43131351707706,143.03067112305914,68.20523607285338,106.64263807024834
5,84,0.0,0.0,79.06421473034027,205.4585559043886,115.46629345954851,53.85051865013241,294.3002071632223,203.87873995103473,91.77569766016607,317.8766922678823,204.376725217122,82.66568358289682,299.1384247913209,190.26392209720944,129.36881393879514,246.9876359972811,140.63612410318737,109.97093199381644,272.1785390627181,165.46234629348044,103.67837749998144,210.1805928690398,128.14688247335445,78.67436137271409,255.3877744958428,140.88764902558088,83.1112887851471,297.2127287873351,224.71478857315896,71.47151383319917,236.2049447124452,125.412346760641,69.96261418024763,211.6242422657081,152.293015378466,55.90734830789762,350.90697483096585,284.39539451431904,115.80746070877122,301.8963088493978,170.20650329713146,63.72866559644546,250.25654176085047,157.13422461329938,78.73876780540965,203.03699391229964,166.48515638126693,92.80698331118327,88.44871606476104
5,85,0.0,0.0,92.73230345957555,176.03246281186824,125.70000373481439,55.34309024430162,264.6679428263331,214.68965420458682,91.28955775490195,285.8506666115961,245.58051402313978,80.30377961668009,300.81545944450886,187.8439060617301,128.2748422057034,293.60617534279265,159.40113075726603,112.01299833321352,269.7373446119333,157.0113517800075,110.7940417095781,232.19003155495156,126.37927391214771,91.66662154987667,255.6835849451136,160.41264620465694,95.607177624001,337.35485738365145,210.61165558376453,88.92124249691858,214.08185873625285,141.88399349364232,89.46124641230193,207.06182342914056,107.64920884604135,45.244839399831,264.76613768991695,247.83768109896135,107.07207444075007,337.06189973185326,206.59933529684372,75.3691475193299,311.0889705881618,196.01271944257684,79.7539851062298,229.75420289223203,177.789863491716,78.06097055669545,67.18437356506556
5,86,0.0,0.0,74.31469747985699,218.49024070278296,122.8421254085625,62.7684895483486,327.40257697561657,245.71412811687142,77.81755363105313,297.7144462199466,239.53832190989453,87.5997450941748,253.94235644854504,228.33915363915452,137.21193197522453,262.9340060548379,143.9259752211568,101.22946192055548,246.4160289428601,155.79302329123587,120.40861997418861,248.65166220023514,113.25720645281187,102.43318038189628,247.34778874799716,139.60776828010688,91.38501096874501,278.3745837590619,205.75951933553728,81.16020129127809,240.7401455140829,150.9903950788879,80.80316287087109,245.61997476647497,132.8064639563301,45.23942071554943,304.50127732404957,254.95118345874775,108.44815632547069,275.6881343371821,201.03557502261242,64.17225308827693,237.92488048890172,251.7561820652994,81.37873685216628,242.5608970004905,171.81788546574023,93.0128311795202,72.44519673251587
5,87,0.0,0.0,80.87862862618238,191.66627343050297,125.90221724942647,64.29589978995298,282.02130555320247,275.4155928685214,95.99527348764934,266.02836718805315,249.294380368724,76.62038280355162,281.6916231082782,173.04219043321896,136.2327314628059,290.7938483723176,132.22903089807812,101.4788976404813,316.8009012929435,156.39047695824536,74.3135668164788,229.9535563325611,163.6612557121636,101.80627538015382,232.47931760577524,138.50515845434555,96.19630531391739,245.4425367174221,170.5051642621585,71.80355370243097,200.19893499382448,130.8726584987945,84.65890260304113,208.68613473117622,156.11657668353124,52.189886806832334,296.46284448444095,278.2646776178495,107.38506104526124,330.9062856750832,220.67691633671748,72.59468097607484,265.5668705331611,204.00799349356473,64.83085302254086,205.86643455969093,160.69854771286126,81.7334547434733,171.0916974463397
5,88,0.0,0.0,81.13738439067095,195.00291893190257,110.15608655872572,62.16395976326511,259.48547533651305,188.211029452124,91.22858026934341,297.9362452483803,147.0942928968224,80.24468351681298,311.89351817517365,246.5771715247355,125.45836879324106,261.7978465304641,181.09150219557716,111.32569169496841,299.0505328928285,157.12154670450295,111.54606299654064,190.76943346004623,114.94032625997254,90.60740927126967,240.6219181152537,110.56164356130117,92.16300182618954,305.3255028426472,235.83980416622367,73.14026013863818,242.6421299698182,147.13299608236787,94.92623387289068,229.724010779701,125.70254698942011,47.15817527771095,351.4518335428747,260.057323015279,92.40336155970883,323.99360522740443,206.8084706720402,58.31719109730763,265.0451070369311,239.64882779810347,71.40787010714412,272.9769738570939,147.53280684883066,81.20630671400076,121.41922873541549
5,89,0.0,0.0,75.67665065812318,188.6349920018782,137.3417125190351,56.57353171100101,292.174104378676,209.57674426183038,98.45279177050885,279.23775733584904,182.17059592384678,88.51429549269233,306.3899198634251,191.9232057293809,136.36728598411636,233.59100445375628,134.5399686393577,90.69491243337811,230.24892597519707,170.56464853625107,93.91422826197687,263.5531871288436,135.20562361052686,89.37489886149487,252.40276051343176,117.4600280893304,94.76277104017362,223.71684549033742,174.04418386690932,69.53586526426575,211.23814717073245,121.03131597860889,84.26771912547949,205.7477736200395,138.65448818046903,49.635606646126384,336.4204356836828,292.04644124181635,99.6210614202222,260.6230868106483,207.19951562365742,60.86834553410463,238.88915402656914,228.04677241193218,75.4166671168042,237.6567444663017,152.22201825530217,89.85947351595844,94.57700512182248
5,90,0.0,0.0,81.94649511754437,197.6225861926784,122.0705626044052,68.72324097766635,263.47190367742223,231.682231831943,87.51402052743681,252.7322328904017,218.92557118912694,89.06649212344989,282.94608696204193,238.7367549497523,133.6821098263647,264.51212602975886,158.66730374731551,111.24327267872653,308.7803091660252,162.751600210971,91.11939805199535,223.34283299191634,147.89531416645184,110.80394213499797,229.9501902112475,141.28948150393646,77.93854080865373,295.43389543347314,207.6685242700884,87.74715405485514,201.86488223177955,142.05626002600647,92.59688961664864,213.64631108309663,137.74182771059478,41.67300499291133,291.7762212402872,260.1222259441667,99.00835583692034,293.0697506099945,230.45229483741892,72.1745909046732,272.16155796451244,218.7982769982485,72.27954441986485,231.69701989202304,164.5920317923187,91.77979978875933,81.80317395596919
5,91,0.0,0.0,93.12662159232715,208.0570763925736,136.90419047448432,61.89292996590819,313.38349509779226,241.40064508985512,93.98305688029726,357.9888768659749,158.84779265790655,91.20925101215856,272.75232092361216,166.48930826629007,136.78240697622238,290.887286820364,168.191413484694,97.4071002587745,323.31124275067054,186.3459142457365,99.54568163254054,193.28372402213742,122.04736989659902,73.76924211864826,226.96901082015648,127.72794535911123,96.38388913737323,308.8256980129597,214.2839006614596,72.98571012097675,250.99690271963368,128.9056774146255,93.37087928797715,207.7363244826554,126.81936957525066,45.171497470574984,344.89918044064893,277.859834787802,113.56874114202307,330.3968944041416,180.25734397766962,72.47861829075754,230.65207169930116,233.15197974880783,77.77133614496736,259.7476893836017,138.45125876469007,79.2438490728,78.92927159364287
5,92,0.0,0.0,77.2212576766156,211.97457497169222,114.48915455326085,49.37335022983231,285.4278775956712,208.95356637625096,94.86560995992832,352.92601617953414,169.8948847191933,70.57878983137641,255.78173194114962,188.99433463525503,134.05264557470716,296.77609065123323,147.7133032222904,98.7885604770249,338.56650860441204,178.45513617409307,101.46392808784289,265.7688380872009,126.56630293111485,87.77271567926815,243.9434389575235,140.15394555132067,74.68690916998031,329.97338963321624,173.5467750471429,73.24866969454638,227.83587066199712,134.06087708207173,88.85916149201726,226.0936250506937,131.6176792150223,35.135249469202684,294.61460188075796,234.78438441435986,96.44936935542675,295.6724771894349,201.33299712645322,60.01364415081782,282.23924982931123,195.20219700363197,70.25654083506993,193.586500840046,157.34167753651198,71.75535837356436,96.46165294190598
5,93,0.0,0.0,80.47971920421304,212.52667941180766,106.26665822940053,49.2551584984108,293.685577386066,219.1545159480224,76.76334560901024,306.5164360771619,205.13195367653728,83.71816693058973,308.1865212662612,181.2076540689622,106.13862841756313,270.4384833865699,142.9045961101323,94.31895851593448,291.9076981324082,191.48918350413888,94.53279396463785,236.7762399989277,123.8636303042593,98.38467748554136,196.4515914108463,121.25348705663002,92.86624568387928,302.07491659531314,228.59710681017535,91.89717882809595,207.12455848793113,158.6066223450861,82.69083863384884,244.70222340296846,110.27014420041408,44.57006990599996,336.63708405699833,237.52670437447614,76.92650739684126,299.42891753052334,216.334107730271,64.97587413885125,259.1114393265961,202.59054347473608,80.92594114263837,234.37281610733407,162.4551823142817,93.7370833123629,93.84707354441649
5,94,0.0,0.0,81.10278370724626,208.31126597563812,143.21827530313337,58.83796454048812,276.1872810262747,233.6651636644328,80.6763499540027,279.8291910652438,180.70518225078203,75.87285788835845,261.3146789913909,193.77047334912396,108.51285363874746,260.5858715158203,139.56380047657836,90.37324347527236,286.9885829252582,180.53040711445965,81.21412936112378,229.9115848835785,124.9945082347113,99.63773877211,246.32163638160708,149.01836340612545,81.72214198237756,296.0084947938645,205.52225121013885,67.19285117454308,219.572255462328,143.0675752906132,76.10149844048703,209.6600989286485,141.25449075164312,43.053360045402606,285.8337858400056,238.80573828638683,116.23246262209767,310.499774572359,176.84221284655894,68.61501541226434,303.641956244767,168.7996375707145,72.52150140649215,285.9049000327652,169.09506143411312,78.94489796096258,74.28332515371346
5,95,0.0,0.0,96.06936408406608,225.05732163636168,121.95505084243398,56.71651350510142,300.0901882403419,293.5672109008083,83.16003877912057,306.9015405319173,180.2756067237714,92.0758577726327,287.2983722500018,174.22298124474253,137.6821894381013,257.51699823457255,154.28945239050518,112.19351282995015,259.2673784510006,180.05585000109187,88.58429181403747,214.1940063152365,128.995803979382,91.57006489881559,229.79341047893791,136.25628131162503,94.00149534228896,291.38471882212633,224.84482862414126,75.87947407313676,195.1094557877496,112.7437047309169,74.72887546672274,185.09836809105298,153.27920564327175,49.80636972883546,311.99107219426264,230.67695026124133,106.79037222791555,274.77343617136245,199.7261198474888,69.31572268291761,277.9837539240744,218.27557527746086,69.45960677872567,195.6414128051239,147.32504077063453,82.15970994224898,118.34839877091213
5,96,0.0,0.0,81.14593969303779,200.29095027230343,132.96812251847183,54.279843596955246,286.63965828248257,258.99135849503944,61.62593470105256,321.9463031808505,217.83954250016825,85.8053294196473,247.0499279488938,182.93746398286808,115.32249451635755,253.49989363093567,129.8493473066213,96.59925167973739,244.036773005629,176.8810878696058,96.86108748144086,226.01324517945912,141.77902050331522,95.15362745966091,249.63998212902112,128.2014607104289,90.20342097492728,320.2597654503389,216.4785075367738,84.76958233495951,210.2023627286988,120.73244319700876,91.39351874161326,178.5644299117544,136.1528832002505,41.57321265890485,318.7467962521416,228.24398708501462,126.99401600545454,298.64638318081285,210.41480182668155,65.9112779235335,249.4831648707114,182.70695802286122,87.07699728323287,225.37927172279873,128.95112607293464,91.43938904984292,132.21034102031985
5,97,0.0,0.0,86.79037269064213,192.13098336400856,142.62902850537137,53.79669499149826,233.38264585281075,219.18383124285612,88.27292853801995,285.7011032686276,216.86024394559666,102.06116473486053,264.1752813766363,183.45510386508903,143.65859494983445,265.32688645698005,151.21936031307803,101.637224652097,289.39154445858975,169.752604547463,99.1601392177898,233.19482231611897,141.63340688211514,86.48918067846132,224.09346101921335,148.22093021365632,99.37253503631253,304.84874401889016,244.1979080670119,70.68038107807104,224.41652288523096,148.4512631347707,75.21463858381125,191.22053476448158,137.1139094841848,51.58834359210781,302.3885273647136,256.209934377717,131.18515688415638,325.806513771627,230.73664267191677,63.710202047865906,264.0937329470875,215.4274947746916,69.00525787829821,213.16119191605264,126.14699340023719,80.02344528196446,120.86008735385732
5,98,0.0,0.0,72.91097191783507,179.5539629145466,109.04090432651465,58.73593951260212,288.95850463670877,241.53569839419103,99.90914373523725,320.59802848594245,243.05171433369787,78.6888154940249,286.03185896400726,204.34650301640562,147.88564424383762,285.4550432977907,158.9005464301486,101.65683798912454,287.32327710703845,180.5239855078312,108.63219878584961,190.79417849195772,134.077477772696,95.54979267762295,220.22475931176814,163.5726233642576,90.61751014748529,262.1175598533517,221.4915153641083,84.36255276342555,219.6359193653783,133.18883022641688,83.18132313235408,197.60248694189008,143.5102331619722,41.44785182557387,310.0648213567539,294.51378744454763,126.80604147204377,334.6703913401567,176.9099107002304,66.93224589310317,266.3824970825823,203.23927461190067,76.81095886088292,243.17666611736854,132.13567071477502,84.14794445889657,96.28148207885181
5,99,0.0,0.0,88.0664635640897,193.09626376395903,126.00528427135643,58.48898834226768,280.44031398485043,294.8997060060166,86.07201946480359,277.1038142909993,232.24799539025403,95.3314957348518,283.48896529991873,188.59154617603997,130.20946788786725,269.53243687008995,108.68709567878435,83.5338066303882,264.21476005711094,163.03489888975213,94.38088402849263,213.60569177733092,119.29017610978039,89.07358804152162,284.4202933249536,128.26100693161672,92.59974023789235,254.22436580093483,201.96203492179387,82.79171878883076,205.03148441605578,131.7333196053907,73.51740689685023,257.3477372662238,114.26648100978433,49.925419041221154,309.6310867106408,300.1875648487611,96.01631483645147,345.063032924866,217.8459772103848,49.25803858738972,250.74170374895826,188.21006415533003,82.65553012742083,226.4090888767983,140.9751867695554,99.93703104780732,130.8866018648732
5,100,0.0,0.0,93.59543093562766,210.73560242892052,125.95597410905496,57.457284085872935,242.51860356398117,230.94209188319613,88.69936618325548,355.02244543775083,230.80615317983498,91.08056789776963,309.21952480137134,171.56501663889503,129.7973981438249,328.75691838344693,158.66929576438662,113.6610526765184,298.6137359604451,163.77625032145406,87.4362748370658,236.58502692119944,128.72869200525918,99.8049759514573,243.49534279212855,135.7677308458687,97.24301538264368,283.8789941186053,189.20083511326342,89.2935925419192,190.53301120483093,134.79991382822203,66.08213855794668,228.82715386864902,139.33067702580058,47.08708984316575,294.7451643423341,292.57990236551115,91.95215391297674,355.3034428746978,218.24603716182787,56.61291821348054,256.14544675931444,189.60120039685137,90.93295666639291,264.38355301523603,130.01970702966085,74.24045382876163,125.3494378435128
5,101,0.0,0.0,68.91988243048971,199.80354314783878,100.56685627129049,64.27098575383883,302.0395800690255,236.98620197063985,95.73575133299457,284.13439748062865,205.1669174771026,86.13774548698277,288.7303568451105,203.02997369240794,153.17986771898336,285.6799684978379,155.05807639816888,97.10266744261496,278.3099484795525,196.37472822875742,84.46353243304819,221.50036598969638,107.52542858924559,88.57927725409074,238.58230055491532,161.31759897096632,82.65054112229171,267.1034618948192,184.35041694701857,79.1748086159884,204.32057648979705,143.44888269197423,77.81015985989339,202.81017284983076,115.24936372601726,52.679214918828315,294.39816511489715,270.0536902273857,89.85605528981577,366.9742115864733,204.3742873685654,60.40236906353087,300.5648058541853,200.93127311191415,80.83303403743906,220.07143690661323,151.15947143012585,88.7465151817713,82.26500384183936
5,102,0.0,0.0,72.38361616888191,197.1279241482853,103.68947174065582,58.577900029813,272.4851662308432,243.18593944879052,79.68027055669504,267.3646986677122,204.79336251102353,81.41320596311775,271.04472697096355,240.29213158951052,136.97506182264237,256.39570528902755,133.8262550867328,118.08775600818633,292.644304174438,183.13946567441045,99.96810811957785,272.5746185954933,153.70411782574706,101.05106912175631,263.2110702601685,139.8611649613993,86.49859750958142,276.371802088432,191.25047536300005,74.88552544698533,236.07612998146448,132.96415561416603,64.2183602658398,223.5346883763632,121.70336801350678,47.030133915887646,333.9410430299644,232.31942557040773,127.33793809895471,317.71501585411556,226.81655073290773,63.101260058421694,247.0933105641451,211.50440956674512,71.61563921576611,258.7923154419122,145.68782899577832,90.33542194619083,67.36785577441252
5,103,0.0,0.0,85.22892476796314,219.67369780174562,120.27338534944326,52.689861725982084,247.67572506002577,275.18394401334245,103.26135434624207,316.67728832395056,211.07684253156864,71.79724471834889,325.1734065916746,161.4553249157168,108.05930882548961,251.0631330411106,162.08823288496507,109.64840798405532,269.1988632211566,171.73592896454184,96.27622195631639,238.42341146918008,142.2835578098487,97.44836857816038,203.78048054263363,132.9803968652731,79.73553664815432,311.67891230582103,206.27390931441664,68.71922350233798,184.07086798868818,116.30781596341856,88.17170127577027,206.777346362483,134.09969606668935,44.86397063676794,285.3684515090807,256.3287801362475,125.59587623684374,333.8100799395628,176.87888387601356,67.02776025294939,250.90094855734418,212.88968493562228,68.31623928739091,280.74977007775766,139.16447040028993,85.55881902270184,52.71858243437904
5,104,0.0,0.0,103.2325015467867,200.07892702200053,115.74696716494739,63.37981792162891,255.27708955765638,224.38409012974822,78.80081600755267,326.9438872153323,179.658262382561,86.04775750260731,266.32320147665473,187.11291246140692,145.84327253284977,291.41835346080956,135.14159228440448,100.35960322508754,284.02211114095644,200.4998929520256,105.00944267205891,213.88696183146868,146.29995579434578,114.56065952696765,218.3498946187879,131.4634301945386,85.8693707440401,298.262619231572,217.4063035265845,77.80367087011733,205.55378398822833,129.95126603037582,76.19321332509404,217.39972717804415,137.86324071352067,49.53303718350732,272.1165626435207,315.566777827876,118.79727274658099,353.24997955067556,186.54063791798268,59.72546304557032,251.02148211298746,235.55894584176116,85.8293250189772,246.59541229489818,128.68516219015328,90.21024828257792,89.89146602319592
5,105,0.0,0.0,88.50604510489364,205.19432652602322,106.87367286214136,57.3985500458384,300.5452857881718,228.45995919409853,86.29674322577382,317.0646021374715,184.28024149676008,103.96603894614286,296.91614723694505,186.9874311340499,150.17460070419787,258.0378189566836,134.44119511810763,112.70966718689304,292.96529843775915,154.590181314535,107.07648501173922,190.5037003402898,121.66519025038679,98.02033843095248,198.36061319131232,146.65979750208896,79.25732748145957,257.83506622988193,213.69406859158218,72.3704317705679,222.0752068737296,112.90230578111539,72.96538004563901,202.22544895941624,133.51269220047348,49.361010065652245,308.8376403474016,221.90112452840407,90.92985038920547,312.1270268325947,183.15278544344073,52.08843610895979,235.75165007590402,217.2683296479802,69.12370697089533,224.47429754826214,138.6352328102532,87.45281381681458,116.37358537498508
5,106,0.0,0.0,84.63481840976844,197.79257050391857,131.28253450051298,57.425448206903525,289.73001908923953,179.76087083566722,99.08561294029872,280.5264308692962,189.20350904406078,88.42502178061054,265.3847426515684,195.82919716875742,132.0715460470647,312.14270193699963,142.5137944805071,100.69752388798264,277.51173363115424,173.3295770056474,122.9740863312288,256.86099936463944,155.50289118707593,84.71548343660938,250.37411093834712,140.26226587331908,80.76188878117067,328.4123008250765,183.89123900882754,86.1546658315386,218.52768893539073,137.69026966138853,76.71454899926609,216.3738347864216,121.59023493077628,51.31219937852154,275.39218612218906,235.19828435177698,97.38679781344304,318.1596526606237,176.37212349215713,71.7725335510333,223.0215437232016,191.170486113235,77.82304478010167,250.02435115789402,155.7751852834112,72.04738108115961,109.47608200370829
5,107,0.0,0.0,87.31623068731892,169.29718226939784,124.13110820428626,52.70100886129605,298.59680075551415,237.1848923019,81.83276258541133,288.0037770996663,204.99336569473894,72.90096956232085,315.21711109044963,161.4085212205651,109.86794323784395,272.76993801439943,114.43007750428501,106.76594182606958,289.9877763102526,164.4384452916439,115.94254667100739,207.81796467623542,158.0513724741419,93.41578444853045,242.58212897798444,148.76900004072436,88.30566357817382,249.55337800887338,243.2847683329035,76.42180367418672,190.60768259253794,114.34445080500076,79.50276940187341,182.61611827400063,126.13754974005614,52.32479318784728,298.69420838035506,257.72515264998157,99.56240574639297,275.6367455090852,221.79243821863255,60.37382273424457,299.4809882010316,178.80544093092087,74.05960998548508,233.31232192474465,171.18386681555256,79.97327233577609,81.86937846418854
5,108,0.0,0.0,95.78384562571057,183.79995887924576,101.94322563718691,54.70849608976709,287.40670023417533,265.0873930345874,91.42751788616467,293.5581211204195,203.85355127378767,79.59470367990833,297.9245000557571,184.10399894504246,147.85413559691526,252.74360060174251,152.44483456965662,108.04075270743637,263.41222100774417,195.86494086459095,109.29094941538436,230.24749917230224,115.85482267131404,89.66947793816809,227.61635668522487,152.56762860847624,87.61876186046028,247.9620927357454,177.13591207172203,81.09806557278668,208.5334396088225,122.57490056221836,79.35573133699322,220.45175060400427,145.56690150100485,46.03589525222532,356.3483459636918,269.5719627854397,111.51278980783889,254.16042026484257,203.09649178684953,74.74576521074678,221.88602162968525,193.50818111480245,65.78944575602448,237.165705026966,168.43795504394643,91.76808112848488,108.91702682549348
5,109,0.0,0.0,112.6790584920814,216.81033016529716,118.83573986259793,51.02678747772508,290.6522710726425,247.12580462515695,68.04510784949899,302.8082221359762,197.23813100867548,64.72029177437078,241.42897181217953,223.6742733852457,110.1682898406659,302.78700148093884,113.67091218653215,116.83978487547287,303.17124882389584,159.12352168261882,93.17894386906248,273.09705942379753,128.4369321357824,93.99544614764945,214.52442485683986,154.2090245032461,87.53367638978821,291.24762604710025,169.5673329787513,84.04262044014173,202.27230943151335,169.05730036699163,75.83570757854514,262.22232769030757,142.87304643883323,43.477325296765564,312.98269662809344,194.55076551965337,125.35126039752711,295.0391333536252,171.82041288968435,59.85724608271309,286.0719376197076,182.24441534221623,75.33791056388746,276.90747549132595,172.6660741995367,90.87629948285145,74.9157467163716
5,110,0.0,0.0,74.9634534478669,195.3565444930768,82.68627824548659,48.74417205617351,304.586584803561,224.16898359913458,87.21430582141757,271.0143456401374,226.716724054706,81.23309523227742,271.3578606844862,183.40676117874492,99.56774444488488,324.9814493289775,142.82977471762266,108.07798435763061,307.9953231396825,176.58946254858725,91.91037179194464,235.69658529493177,130.2451402249537,92.7126788724453,186.16392582246988,142.8087106907352,80.97210877202049,275.79244878219447,208.85505028800574,61.54399376080208,191.76379484499876,140.42134256304539,78.94602976309906,218.11336954663494,116.7148725689423,41.648251211913816,332.19774759709605,220.76008953789204,118.78112712626366,288.53243877109503,175.91365332294023,66.82936086356058,232.08349039933995,206.6276542929799,74.5602113784847,225.9122803611862,148.24627260695678,88.05701755263394,111.19041920495947
5,111,0.0,0.0,90.31279426989829,178.8623723454918,131.37456699738377,57.05384598734165,272.0506308576347,241.57485014157174,85.46124374763328,315.76882328349313,208.26168112488378,80.58135497595033,265.1802673278961,181.05116399204547,111.37947656752436,304.41067481540483,155.80959158308724,119.50436888322004,286.50303290521583,213.14205594243498,105.02032385406979,234.33407665373082,131.43306670037515,94.81129939820036,262.94275320377324,121.99129254686554,90.1725978737056,241.84357893258442,250.48339855362406,72.02757837684378,200.29454110998824,138.48659761022137,79.48178057515248,203.98373126947928,127.73161025406345,40.08335763389359,301.19008852580515,185.92724847401072,115.35641632951334,276.66448160220943,191.9757967167722,75.17047614140745,304.88788980984026,226.02086562847805,80.79446707350813,230.49354468099878,154.70771973240667,83.26746651720124,63.80170969700507
5,112,0.0,0.0,91.41024939008352,191.06339268933343,104.97272461453146,65.27594207065941,296.23774762736895,240.940649941527,90.16208092096204,274.38499452778774,228.18790441094637,76.5061964788059,281.0201023366956,183.37279170017823,113.6156884241259,249.91267911560746,130.87134001263414,101.13865515146252,316.48529906770614,173.0849340931501,100.30197233179518,235.04240972584,108.30922761210363,101.77808852183698,237.83312541794317,149.61446064476064,77.18853661869959,348.32953933060196,191.14838600852414,77.88922766440363,185.60576298262933,157.6701776583472,73.13700160367371,180.87239798339564,115.64387862823475,52.847482119119704,310.78970312234634,275.3623629343415,90.36818351212693,306.30664696612956,217.80071752083262,65.99899600901678,266.5783172314006,212.81281777991916,68.09431444430868,230.1200976289448,177.57102228774858,85.86611856227033,59.45581784330271
5,113,0.0,0.0,86.20550108684273,206.53724244936117,124.05513506915476,59.53383412550484,285.25297414527057,266.86777407342544,81.7949329358251,334.65619362660925,261.3692192066003,85.19161846401606,247.9182123931998,219.29390056059944,127.60888035865025,292.0699530293462,128.98305211087762,117.49368765200174,285.42648036914426,195.58582626584624,104.76782131801927,238.425162955992,147.17196126468588,95.22310600737642,231.88996076512205,135.07715503010903,93.19102531668864,341.85534431265773,250.81888948374706,87.23166827940653,229.52249523916868,160.5287315708096,75.45052979745468,233.02347808131228,148.21974155947407,42.94370314325346,304.02817731237946,261.23890740315414,93.23987469949803,334.92058201756424,176.1052836476849,60.86145257730735,274.2754071520758,200.887650391266,73.97498435509854,242.27250733978195,161.78475516926474,67.48524994736128,122.4805215466304
5,114,0.0,0.0,89.57278269062166,163.19019079876173,121.29261807370574,51.95509177460706,281.8205809721249,201.68925338060563,76.72901537215469,310.73789469728916,222.21494009277646,87.61925675727909,273.16452187181676,185.79481117857745,137.52837927224812,276.07712096808433,173.47944810976855,102.31779316384507,231.4220653974478,171.64416708601448,103.1575530165398,224.6235133837574,137.67366406658326,105.29466455318088,193.98039193595335,145.74686395694417,85.22264954145516,303.98889666586,200.5860565319996,65.482951220095,212.22224922497094,154.49514992678914,74.53831967631075,212.42965641893622,136.32077569812637,49.13828342300578,266.81095022012926,230.82311830350358,107.82641143010366,249.1023336017874,210.32535269949858,73.06951788767324,295.7840827646195,221.23103410200164,80.21905847061099,228.64682053715964,163.55130415532682,85.62179362263706,92.3948082092606
5,115,0.0,0.0,57.472096690121354,209.1601048613085,116.18428789315557,55.68985769829053,306.5978535422583,196.31284871691477,101.91674120026249,295.6997155404506,207.84651534594502,73.99411140171647,273.3905583755426,195.76742686537347,144.09597356613529,233.3424331650587,164.94963015974727,115.09376942554793,239.5769024975816,181.31059365591946,99.1165241762089,235.64638183682027,140.86595427039504,113.02970259475211,228.31340659378415,146.15238045171395,78.99882495758494,282.58595226495123,196.92564759397402,80.36330092185527,213.91935885496372,134.679403728313,68.47185370743226,240.82841122567302,118.53204820064434,45.407857122406135,371.407863889273,253.21562942746164,103.91224522522958,333.3850382498246,200.16499294577383,62.85692875174863,284.19218987973363,217.16935046355078,70.72032499913172,212.02398007691025,159.24534088058468,78.12061356230028,93.26723330389876
5,116,0.0,0.0,77.22648814743555,166.12637313358022,126.61687566730782,55.54007750908105,334.1375571669413,256.2308002653965,87.83499318536221,270.80142954529884,202.9805642627182,95.35930225312944,303.8269882653498,192.16183732271085,126.61162273835129,356.88072258953616,104.41321086979872,92.56034148548552,279.355800427567,156.00122373561916,104.39273589633991,223.11393587239084,136.30938177596158,103.13611374423463,272.30125815499036,127.55222140946856,74.5785795503856,299.2142382547741,234.94773435389428,55.54222342685946,221.823857304815,142.3371901325171,75.67499447694554,251.82925100603111,141.46463693764548,46.61736472144082,299.60576509229867,233.2657874335173,94.15351420834105,262.32123296059757,161.48479215828633,66.22839195329708,311.19725543613197,215.71027901166954,77.31099797612977,220.58541075817695,145.34168270487552,82.52006908849278,115.43302147797056
5,117,0.0,0.0,68.76302644804717,196.95536076489793,157.87683102030945,48.9157854843152,357.6589401497937,262.78313990954325,82.6383721740775,283.70465636839316,209.31203780347482,83.64639090793807,273.55321135487094,206.91845421706554,114.9982778912012,245.2766148790302,149.09824101130843,88.78772730051053,329.1531758284683,150.62824032672663,87.55875542134973,204.76135226456046,126.80617531879784,112.7358999331453,257.4162505078226,158.88183911880253,84.39523299875914,201.44507905880073,190.91877632802874,72.47353291694273,247.9844612645054,168.99045954064118,75.59342026107848,217.95349671509808,116.79216464480378,39.70759929593549,274.5234139157802,238.48196611165588,76.98920781192318,285.220675471606,217.17890750865314,56.62191329758223,273.46193388714966,202.35780324637724,77.5902968387681,218.830753855009,134.48647132493525,70.54483267046047,108.05438786030233
5,118,0.0,0.0,77.41056696812487,193.91607208195555,118.10672733781152,64.46430885103156,322.2801438835064,243.77168861376623,89.44618437542954,309.5646048181371,211.82919956302905,77.29654265243862,245.74848961691202,205.42399636581328,136.46365548111206,263.2804999092795,132.24901547762772,103.57991413681488,306.5975399888054,205.29829493192918,105.96106524438449,255.7955118879722,132.6960681738575,101.19489341288585,209.8451217956307,149.5680686247078,85.5610627002736,274.7987935975613,209.72545646514112,77.74040339438777,192.96815922953064,187.19067049290567,66.83967821897785,210.8824692942792,141.23886110776488,49.62916888980116,254.04347179151733,242.25711169973886,99.11354619096683,338.3314436942354,220.62008982533442,63.17326688065615,330.04495040698527,216.29980304276864,82.51365040558997,203.9667955285634,181.13352448072322,67.32411032334244,103.35732574022117
5,119,0.0,0.0,87.56652886566408,165.3980734699228,125.80357207006303,63.37779510159479,271.81536322186975,210.92199921193466,92.82264007366526,331.5883147228482,214.7812380872729,76.47721532068215,299.2193164490687,203.0430281189055,115.85216049435444,253.82097985425725,126.07078286103815,127.25644760168245,264.87455939035027,195.8506247655443,97.16955733253036,224.96577961170215,126.51410754135786,98.66931616189184,215.04024139718024,155.10545482778593,89.20036229514419,274.089213981781,169.62834746920797,74.26042655244265,221.77713871823073,128.85136747946933,75.32246961761868,221.70424601839622,125.35864901333157,47.10557730016263,267.12852564495313,241.8007569065476,121.7306397527638,315.19550942829727,134.93554784610086,54.35448593876538,282.1593691237692,198.97237658919695,65.19151331519458,219.80780537893378,155.82916394211742,79.08990580807867,88.18598600126434
5,120,0.0,0.0,81.28210047051428,180.73150830175894,121.6441912181454,54.60965012053914,268.7282456900419,271.19061743211876,88.54469762416346,249.71695467084675,203.37552460059658,81.89522172202399,249.52011180499474,185.45123311048678,129.90839451038818,247.95109765843594,155.76587679162517,91.18158297458993,217.01584516486082,174.34699581401063,96.26565790711189,219.95047163116124,117.84080764391013,92.42514097340737,218.76227416588335,164.10058179380036,88.49853042959448,302.1438655164635,206.27073881725053,65.40640932675795,217.92309032313403,160.27835616618512,68.57185697227047,221.79378268091696,121.05369504171077,43.763646797174545,262.09386172105695,237.07797253224845,115.41438738043959,328.8551543639017,164.47985669108883,60.10491096876101,204.45071344361438,155.05991658222277,76.72493907017574,165.8166743119412,131.50577653009412,82.6776450504699,113.93433504379091
5,121,0.0,0.0,87.03673248022587,190.77352202308424,130.63439315058912,58.63844434429575,347.07522654721765,218.50774095043928,94.25167025638119,273.098622397276,170.59399138653762,81.84307905822097,263.82472240408674,208.4178043935622,116.96023147907319,312.21830722714964,136.15517937972115,90.62809382423319,264.28456354455204,184.23174036310624,87.33316373420047,242.92760908281568,133.7576482417161,95.64347330041974,199.49654356817425,125.10526480814147,85.76649053745999,309.5286485129513,209.0070106369224,66.67557701139295,202.38401057665234,149.0960153695092,85.02035932096648,226.20016670162784,115.21050767779344,49.97552877134195,286.39367558109774,208.09767483062393,110.68940613216195,295.7574077398618,195.76624926500924,66.5533999812818,284.33839545480186,210.203346451309,70.80338102241099,224.27852247179493,142.3515678174519,78.07802088846188,85.34747438739194
5,122,0.0,0.0,91.35383039671888,172.71063684130408,128.55092994134705,60.34550532649979,263.0720596030538,244.2937437172121,84.63830908398334,241.44994623508336,201.04055727932285,96.98348887445371,264.78168432507056,207.53237249009945,130.00333947273305,307.42623252722717,148.68249066415373,119.0522975822858,315.36484058672295,162.48534340301683,104.89586067377365,199.56300061723567,120.17539990268074,104.51009450567699,233.25684443757504,123.41314954957127,97.58726719933556,293.5365106505458,190.2216806630328,78.59203525677702,232.95436671678414,131.4496200810987,92.43234687916149,219.84102961563062,127.2926930426932,41.02594565860173,249.60076160162834,284.65612053228466,102.68541103876038,300.5274986801047,180.56960906109177,71.32370840994872,271.24827766722154,204.24860046843403,77.3629251089365,240.08887725394817,155.93393156468497,76.13006804656314,102.5380051581618
5,123,0.0,0.0,91.69813600424881,220.83045789756224,101.02325315991199,58.64402979777975,310.6269147187641,244.59717313424113,82.76502715031489,339.50862785285034,214.88051280121638,100.74753856724782,309.01244328538496,175.10281475978795,141.51853152322843,260.6011587066248,113.7136653556081,114.52516576443628,311.04029716898,194.93559314780882,100.34273520136112,233.06957314733356,122.17639838220111,104.62700804039099,243.52576705631196,131.93378323868313,94.64230519807349,334.37600257983127,213.52814449789363,73.0981976047277,228.56411862543015,151.23303250880846,91.87108734917743,213.69898654547222,134.7575302078043,49.572029236251225,347.7874048680482,247.80467874159118,92.78956894751269,414.54350621908566,162.59920310681326,65.79583685993364,298.8979248168709,204.91574883475602,72.32658964749282,224.4336503877934,177.0317560678535,91.38728761811853,100.02897074274452
5,124,0.0,0.0,89.48878594610933,189.01614985412218,107.67677709828524,51.459600586385065,273.65048128151005,210.93162399013949,79.65217952618035,285.29125418038916,215.15828093641855,84.48176573640038,299.8778637926655,177.82634979230272,130.32494968079746,268.51795805180785,152.1068803754585,103.90704479694999,257.2524416292559,197.54844877313224,117.12628317456769,257.9529308115649,125.34038102088364,104.17242512411671,232.15807851813523,140.9243240614622,83.44526257878093,260.8751028319893,192.87553411496458,83.78680518330097,241.1598440376428,147.7384307645317,83.04001482148459,209.74237893689673,93.76831671259748,53.01723880430156,306.6643888714841,271.2627931152859,117.69600459758064,296.8738371573334,193.12141169206956,66.78640469441025,305.6376051712248,167.89780500990696,70.72970021366976,207.0273241278173,188.50005393997293,81.7797341485158,101.49636776026185
5,125,0.0,0.0,85.78213746880633,213.70481740218278,119.90971495025067,60.89922583306208,282.8496440646047,291.92529892614664,84.28044762969354,312.4390657515652,201.61405199051882,81.09288337850548,263.41763771315925,170.3697993066026,117.05462338452043,276.0280535811916,123.83348230491188,86.50302139684041,248.25088906529032,158.63373901089116,92.41628719427034,196.0484566003828,131.3118723427034,89.81782556398676,216.58049586279014,111.15912602196141,87.43705404269468,281.27592430692863,180.932268455712,84.03716376850474,236.00866022817524,149.94423899739326,71.3337855963748,200.62324564955958,136.3583444748822,53.078002201139455,303.48142988516753,275.6419883306895,92.31228700892052,345.1809500932089,186.65233004521315,55.499277465691904,261.80434472379955,210.61212443528854,84.23405684237188,239.75583209525425,139.45933540001468,78.73155078090045,61.01714953316405
5,126,0.0,0.0,109.13555531136494,204.84357596404809,145.70217233188058,61.713410809330696,279.34401143364994,249.35742562984015,88.79833819618273,272.59606930889055,205.41708951971276,71.78335434039788,248.50747896585668,207.01586761037282,142.49015594859134,242.17556695085406,132.3411567383357,111.4267374878635,283.2738708513469,212.62214382437074,91.64112849365993,260.9791368976379,156.31339755643768,91.28131090423172,179.27825508755654,137.5249145636471,87.36424616256556,310.0383714860815,217.59019557225682,69.10402678284142,206.0099362576454,124.19324920193243,81.09401546242708,221.20601385245683,116.34638380667907,52.34021374875962,327.28055491241327,264.1665843744822,101.94122140097525,320.6451032541652,203.84480001319776,70.01747323469641,250.01569875279367,207.07044273752794,74.56960718459791,279.49994995033893,155.9934180330583,76.67220802364474,101.08512422402647
5,127,0.0,0.0,81.24991970600077,203.13526199099633,120.61721023300369,59.58995901820924,290.2347956171874,236.63511520084487,98.40988730902845,278.2701065932333,213.84227774395922,103.61614702780463,271.7253370315854,209.46016463411323,135.23702906692856,244.43522481764683,150.97749385381698,85.28344767553193,279.74909936919806,142.13889700536737,95.60702370986758,203.2358204707858,117.22193023329952,88.091221907037,232.98672798264988,153.35853080308024,66.35198475406857,296.8066201852248,208.3582153269701,69.98672244655336,200.16198655592967,145.24074064207673,83.55294154687951,234.95268709202603,129.45670159918546,47.06928383932798,340.6381673671498,229.57303274361422,97.14234060423004,318.1456015861347,233.41612807123528,83.04435024468526,267.88316595351336,154.991903486144,70.78428457880142,211.6053212554134,152.11864506856276,90.64059526773458,97.11106585508747
5,128,0.0,0.0,85.4558567083037,216.8337459852567,114.40231470049572,57.51859981260988,303.664891531392,234.17077194708847,75.19927859658011,310.75589852317546,216.33606437509908,87.56609694444455,290.6110720250864,177.85091818135058,128.37419984035606,283.3445267436324,153.23368100501227,98.8613912835428,313.65364623290617,147.3082918447519,118.67434509440139,231.84879433499836,116.8041199463225,98.37453470230997,222.0768112417443,134.599925119862,73.5882181243203,282.89221133218,184.42398541767525,88.03568706490591,201.37712473125399,169.9626741091812,87.69096450971176,209.75404326531452,118.14360292587922,37.8291795911753,323.3850852061326,223.23590861936327,105.99119312680143,325.7426863336277,200.9065921503709,65.05477680127738,257.04780020809727,219.55605880156452,70.24809363636652,236.8346108394926,172.21560353380332,85.38865803113579,95.49038067530208
5,129,0.0,0.0,90.63004254709142,197.4747232970438,96.67294850246624,63.549059861911815,256.3393507133777,192.0745238724667,94.25684787036221,232.79600199576052,237.91461185372088,78.18543894186647,333.9747767377163,213.52430220272018,112.03889320519146,291.4571564808233,123.14207809967803,109.75813904019321,212.51483031754412,191.96084527170711,73.89253656559987,262.4861634916377,131.99258976915834,111.78707166070326,222.62312875090402,118.90153221169396,64.40815653691662,268.79057930619666,223.77271450971853,83.74518603899294,209.7484186461936,150.99538005656868,86.2220897324542,208.21837999562425,126.004220165624,56.5388998031879,313.4150738030979,289.86596240966674,111.65331984671026,296.02179287074244,190.10442078847643,65.55409262810531,271.59723704094336,263.39298332873534,73.9406040447646,230.56215292456298,170.28343837345824,77.24540693655202,88.29721511983612
5,130,0.0,0.0,85.39588960926213,185.3331056668364,126.87054192102352,56.34255165863197,266.04780564436504,203.05842537820675,76.64797093468334,343.54322544636614,187.4874650637674,75.28768747953508,234.88952628463068,228.4777142321306,143.71987549115772,233.85771343184408,139.36976650851798,91.82278274317125,243.02062842019797,175.06120295931683,103.34440694869612,222.05317076223537,124.37851725638302,109.58164961653047,163.90950979162562,114.23018123354382,85.54713354558282,259.9707988485977,219.5844206099947,90.76199220257669,198.26364800793024,117.6521417689768,81.05091236840019,210.83897003685541,164.58853457394855,44.22049559967562,317.5376167959603,297.11400387260034,90.1589799098112,326.93025780673673,190.38537823483205,63.514707904605004,278.83453802619823,173.8728874961706,62.581589870021766,234.1116371281124,146.7013629499864,83.65025157740817,106.74375273072957
5,131,0.0,0.0,76.95490899331351,203.9777466806281,110.29350249384933,60.00516894309942,297.14426343009234,199.44390884921975,89.1823006753839,237.0517104592839,227.41074308178844,85.70760115606161,299.3088459243741,196.4969759211218,134.95345877199404,246.69002278268454,142.99512107399588,94.68729169296498,280.205224775142,188.73516049579212,97.77901103711304,219.49556941353643,115.41782483482423,113.76963173790176,249.9477743088141,156.14277949064456,71.66520455723797,323.979609021528,175.16606137205304,82.94297500060513,259.7129021889839,122.02619930919207,92.47477450487303,172.84973061576514,136.13765480494362,46.83581411181755,320.3599579965018,268.0698261944851,105.22029890758857,304.05551750614205,250.195201628053,59.06930413743967,283.8289087663668,195.48301213867745,79.41624711285678,186.69645531711862,149.90753068937252,87.05268564076329,70.83098766172543
5,132,0.0,0.0,86.96661064032148,196.71565105187287,105.39174897532993,54.98677995480702,265.558443688403,247.7963231956283,84.15542257150052,290.288384032096,218.25917076842518,86.55896711809147,240.08275163705096,175.98009274757132,134.0587851291493,278.1070484392487,167.8726676328141,106.9995271280716,254.52298090098438,172.43183874533656,93.80252021133656,253.64406084911187,141.53105357905415,92.84113489708535,246.10840861374135,159.2766446444256,99.62010178323422,291.89185662144587,199.58016635949144,73.12275314023073,183.22215695158263,131.1798302810222,80.0187561617303,234.4682282769961,118.3756580367201,46.7270783261819,343.8388896869938,265.15171664783827,114.10257492343513,308.0800272218346,220.26166710491998,67.7676224859367,256.97335025909786,188.5233814741064,75.78448529648082,218.75087615083953,162.4398626811851,90.61221400102743,110.27668487796296
5,133,0.0,0.0,101.74295244371973,193.93471994445136,114.45727067059443,57.17092548127113,293.20670865151226,231.41911960907527,91.34641520283273,318.49024871033487,206.8558906310612,80.53268394445328,266.98774348284485,187.16866540743226,132.15168471196756,306.7996003668617,131.31855836207376,105.28681982294134,276.4414034768445,169.20541817873854,118.1425222503466,237.38227567386312,151.17865423263646,94.7428752720444,297.16077846094987,144.20194147114222,69.8058248969079,271.96650927529237,249.053605252077,93.87627921504696,188.14937735629462,123.98769582187279,75.52628094401172,201.2347645370528,153.32957204512715,50.82755966668101,277.3796789737738,279.32507419839385,116.3379713935718,316.9446259800506,206.8715540541264,67.07619782117838,286.77148188694275,175.59356505140406,74.65693170110966,219.7961400783268,143.86143636395946,77.78302819266803,105.73614048212558
5,134,0.0,0.0,86.62751627939838,214.8475430899228,120.44943343857078,56.737955556665284,286.0746531803729,249.73935643323136,77.27781981658624,306.77941477136613,210.73771065104162,90.85023534468647,279.5637824113513,217.3149000835092,132.3564531214311,287.0411459041382,141.35937014162974,119.18680707328639,302.68137182415023,150.09801110477972,103.02899039249786,246.12588964234521,108.56311013586067,115.53784247071974,239.91615912072703,139.287861411346,82.18877807495018,330.1619234303387,190.69065629307255,72.94906133651672,231.00669491028862,161.67561836665723,79.0439524398967,202.28682312717493,125.66811706270357,58.473156348280654,275.1162491729934,251.53558815862831,113.03807394366598,293.2107909574209,219.87772080254038,63.367453697884315,252.2230209069178,224.99724484603522,72.88702080019695,236.46732818711624,151.83016493225816,85.41389024910322,109.16658914158243
5,135,0.0,0.0,80.16429850802471,187.7047858904269,111.94701974315608,69.39845798192685,351.7520285125968,219.11877548785404,84.98955653758577,245.5554754657483,249.52725604590447,69.19457624201739,275.39724693332505,197.69734516068416,122.62557594629466,294.781257869158,143.24886990320437,104.61878602344862,278.76729112938233,173.26737141506283,106.39903760846086,239.1370105157422,144.5699581768482,96.21431427968376,257.37465829662034,157.13164633227422,95.1566036883621,290.8832494116429,224.5776616059768,91.31541970566141,165.4789359068137,147.51964985853553,76.39256856929396,229.56116268452934,137.9527602684754,47.027746184784306,288.8830588551754,244.6193414159931,99.71269170571381,315.3905439984706,201.62386317707404,57.234004144737526,276.8806636073248,163.27558817328793,82.28146002471,243.29119057530585,157.48739271837903,84.28836799500479,98.63443407746207
5,136,0.0,0.0,81.54481624817183,214.5510832842981,86.96372255372054,50.34994152312823,276.1142496200327,249.358343043599,80.38708883232854,310.3755498479081,233.65267780685298,81.65295380299735,285.2426091534612,199.76400526533536,149.15360596913916,243.98156589965882,138.39473321395823,110.14973263338217,299.847258065959,158.64685884809796,113.81791465463263,227.5087783602837,142.9938948039367,90.43548298501551,224.212027392787,151.99561034380977,74.453034414864,270.37333744419504,187.05786266555825,79.76827847127225,237.72856131238763,117.38014732302926,70.74368795992636,250.10665276609802,136.61356942141197,49.73156007300032,346.0791771954394,244.94539759680708,87.88721248694553,308.9266216003986,193.29519475878686,64.3365242388314,273.8141533303851,183.28051938067676,65.84461928834746,256.2553629270671,165.75366720387703,72.99513073071257,103.43144349946905
5,137,0.0,0.0,66.47114886589686,211.77554720410006,121.30166289118874,51.65510258244032,386.0694344899814,233.20792054270342,73.00435130874418,326.9869999225774,218.47597883378825,88.01624987057346,306.49061632490907,136.96865443679266,144.3889518267471,260.1051814454108,165.8919512617033,119.70222136365055,241.0279016449621,170.698254704321,100.4111945334337,265.8306548208013,134.6787769656223,93.26735309283445,224.19589014041009,125.21654404870895,85.79950301888456,296.10804393141495,250.421272340649,73.499952746343,222.48918905097764,148.724091162568,86.47295634186266,187.53006334817914,141.08588273845328,49.708757197018045,266.0792351442473,187.13305824731805,99.61565105449337,299.71679363432236,194.1893356176186,68.94239898369406,267.14964962088385,183.73387427045557,70.9279360415931,223.61579608524403,120.92282803320205,75.89457304334123,106.85055062058309
5,138,0.0,0.0,74.06771348768171,189.46689522413268,90.88411438037252,57.742628699210655,279.879542949217,243.60173830669268,91.86917697533626,304.5393397373142,198.43178596570053,89.76736655942722,255.74620315805467,208.95827254972357,125.07010163018445,248.00395427470136,153.2854278156313,91.3079813738189,266.79173902847816,199.61299531379194,89.50912312046526,219.35793266629278,145.970927865544,99.37833462522849,274.1359768803772,152.0621872384074,90.285139843571,270.73012977602406,212.70519330412367,76.30626440725726,228.81324976641645,142.99853880539584,85.64358661984838,188.227886973699,138.4350461490687,44.80961011568818,315.81851438874475,252.2923338443761,106.71760339444263,279.70686709998824,181.99204830649737,65.78239389625293,236.2966918364786,205.08037903126018,81.47662206798627,230.79286344351917,126.47383998744817,76.38412419038119,101.63794884251442
5,139,0.0,0.0,81.00741355997484,220.14334388370804,102.49138751772892,64.80836438604737,302.3089485628423,257.8583151834885,76.57705135197524,254.70546399550767,217.59087458853298,89.53749871718087,285.12403975743416,219.58849639266234,121.21108322185232,279.1052903897186,152.1183096147503,86.44609836001862,241.86750886289786,198.92545611475404,101.716689906933,256.4759785750951,102.43547670860085,110.53600307075635,256.95854040703375,152.32320053456777,85.42054827552727,302.6811354900361,218.34058114472626,83.78344035157374,214.7113479603643,133.66870485107165,98.6035952241555,249.26876679312468,117.3882441814277,41.50515773442232,307.7793685384945,199.0050617546561,110.21343176856654,304.30502223161227,169.42873964324681,55.73161671736341,217.50214598377138,212.17150194933157,78.73253631928445,221.67161748757997,156.10189066127347,91.79842688316901,91.09988927592656
5,140,0.0,0.0,95.99299912988776,217.4459557928099,107.68947225909335,59.27744443339863,272.53692293969624,225.09676289604417,88.08266495991889,349.1042307246629,225.6120067692777,87.33403787071241,289.2750471321889,251.3714822402846,137.2856013089001,265.4825127602297,141.20208592954458,97.60023012274657,287.48804538092014,151.7644890917806,99.1711212182219,248.8713712735402,122.3577256619844,83.56308905124152,234.3804300044975,141.909671608286,92.7138395127102,288.15095568975755,173.28191303207905,77.90099688605906,209.84489649222795,119.26673868188254,86.31591872028966,235.28276519955222,105.88134874309235,44.47946509773929,278.18048657624934,272.0590241609338,116.72684362497742,326.9756475769127,190.66981256922764,66.58130025464385,300.4489773353513,220.03479573377263,80.66754871252363,254.04070485933485,141.73160205892998,78.36285950477009,135.10502946567215
5,141,0.0,0.0,79.5684776418831,193.11014528988815,114.87793099314341,63.20018070662769,280.84998068458947,234.73251190504993,73.31353097141037,321.69435560433163,214.2789638499219,93.45042479573604,324.8690971064904,146.98589337348838,136.34235535475887,264.04181629115726,133.477383665793,105.15404580362218,290.6530255919519,181.33947861921428,115.34315654784591,266.8297280974829,129.80687188787195,110.62636974375518,258.5138462789578,185.8716861864479,83.17299653850202,276.01629605527796,262.45655194940696,77.52059454583717,239.83447305403737,135.5616759041494,85.39681824732662,247.8412164224244,130.52241729332056,44.2976624415341,284.6206979099946,198.97485164865475,114.9169917957868,318.7158662515895,196.05689811855612,70.0510931659509,267.1270751778277,224.75570726896188,75.4241045704476,218.3705499817162,156.86510317989084,81.21779802640089,83.68962134499634
5,142,0.0,0.0,89.18460686779584,195.29344563590934,124.10164723936455,49.53590939849136,270.6699837255644,213.06702177909222,82.28536757200197,347.0934794872385,190.71392783327573,64.56737935279988,250.55649192562433,183.77946447183228,124.99935197092555,242.2564543676239,161.98879288358452,122.76183028991971,311.77836881631555,202.40515749817928,109.10805824208592,255.59135103234388,124.11045442103078,96.90291059297562,229.64000348790694,157.5645452080509,95.29871688368337,235.9699718638395,214.79311105440394,74.54204910084853,221.35016954601755,134.4386105115521,86.01763099341359,230.32112657762963,136.48181495477803,43.42265506461057,340.76521936514337,249.77049549401747,101.76028125212827,328.2118072082172,206.27011136266964,54.88726245583282,302.3128114084957,221.26633340850722,81.32045027290074,227.4929294360776,147.9650695149236,92.03160613541027,64.45093247064287
5,143,0.0,0.0,80.99276130541676,208.95910258658986,91.42239926617046,59.14528107512225,319.72249443204635,240.96653624145065,103.18746302549566,292.9581008420104,194.71589948023495,72.6312899138359,330.84036632012476,204.596072045935,126.0213031093542,266.71488382185413,175.83847770208615,91.55127051669476,250.39813342372506,183.91661974429158,100.36988936522823,227.95304480326323,107.74647269505479,90.54257029258338,236.75640763743314,159.4109090303691,92.84073141530683,263.69758184206256,202.91368100072742,77.02084165844464,287.29127807792725,173.14115237747228,88.73839180793051,216.07463567005897,128.95008805700553,45.16345104276232,307.8608415078031,270.5968127212791,109.55532148439431,292.37683439608503,207.5853170112697,60.08663093440621,269.68285150248414,181.66868584011314,71.17992179525659,240.54829407041186,172.9696559441722,79.68936560123109,110.21799461809073
5,144,0.0,0.0,84.3995145752111,194.77805530733878,101.55834593236176,57.88322201216395,253.15338357158322,229.30799360010545,69.84059462066391,299.4651946948477,230.76507903353684,83.46247050033475,305.85170737463227,177.42102898509233,132.02769407203698,259.3251227424126,124.54178154957876,107.42506456207157,244.29713195467394,178.84819831262408,92.07143450077206,214.44388765981114,127.49309861017167,101.1968824430524,235.18082822630637,150.18148084974345,70.31158593548538,220.6891088082874,233.52939194292713,68.05617742766457,241.60731446397546,148.00872248533992,65.98394785932999,214.85202303814836,138.5084995322207,43.42931592470952,298.87699935066246,268.06133674178915,98.30940698501544,314.8617815442061,180.51557976860803,65.88377575629357,278.68897234311294,171.0759717401166,76.80020546542048,220.4837153871633,173.1802694062286,87.9755265678855,71.01620494658073
5,145,0.0,0.0,74.9175281093281,216.11331791083626,100.67925245929307,57.31912898708801,342.7676893597167,241.4681478105853,108.03477734004468,321.82691923988006,245.34036627713567,97.64626625687285,256.269785065862,172.14917453736984,126.55297861896074,246.3250606785848,132.57001092572617,111.7882487355505,231.9924115438281,232.1366540303676,97.55124438824129,227.5347398424751,112.89898342954481,94.56739088548464,222.9916404893557,163.91234847984455,75.00010312986949,202.71050297691147,168.21317053375063,68.90454490914158,212.6061539585628,144.98386804966728,81.9334230820092,208.25822690578764,119.59551087800436,45.24343058643229,288.6488063546665,236.48382076899287,111.40944318994781,300.4968808762372,160.27037884588708,66.37271346425335,282.78232729496295,158.4364809311594,75.31207359888732,249.55702935504854,135.19368428497188,80.542915423393,126.21453137950715
5,146,0.0,0.0,78.43613865183511,211.69787305305215,109.10531182342515,57.769501025826926,285.1026737455543,223.0323545989845,90.74948837666096,278.94601521532365,177.8881075695648,89.37835411351409,290.49864734324484,172.21115691020117,141.25522693810316,268.14871018653525,143.3387765532031,102.75915145194686,278.70463402411764,177.31720210848604,99.85327690744306,222.58661320132623,139.5304814954892,106.24246487584358,228.24046424670166,134.9897862061037,90.37614089774716,262.5751317845895,177.77393527982085,78.37107179694524,217.7123455842186,160.65985855428949,80.2090856907183,224.71622167250646,151.0107389455888,47.18635791453931,308.3807941925312,209.82253143002887,113.31069970593403,315.4447598632001,198.52443052406855,70.56195067566624,282.4357846326178,179.4418895840898,59.06174580245137,231.61084178590838,158.74789472810983,65.76698265299865,116.88640692693201
5,147,0.0,0.0,95.56104776422488,224.74530788879682,107.09918390587922,52.09756675885169,309.50953112881325,259.7713175561031,74.12533793474131,305.1374531012915,199.30944387894382,81.02480730700492,278.5428593859745,155.6778591303569,120.41323576842912,247.8030760980697,144.68868902580726,108.44074449052412,307.49034839610977,177.6153086629609,83.9057185334955,227.97025876930525,140.80052452481794,103.58113162632864,253.46118806637645,155.97162936763866,99.54495978945945,292.81551971533526,182.88994351370837,77.17518546416933,237.33026813154143,127.19232156039357,81.92774914766072,211.67431070130206,94.12783320802137,46.32148809378093,333.09629644642183,277.143685998828,113.16454632468079,323.55481165244925,163.61724093740645,58.828440506737984,239.39578316413883,203.03356003519326,72.12558175301017,254.92574663375981,135.38866724056555,70.58478429197747,79.11371972571384
5,148,0.0,0.0,90.29593094134492,195.72671438876966,113.05555067365827,44.53029634061195,267.7444899209339,224.7631291308809,88.74389675934698,270.2842917510565,175.58632414540435,83.203670690445,248.71404947698537,199.282211486234,122.59340723124271,274.05428626488106,145.1901584150311,84.93227009314805,311.68718851975257,168.66985793130527,81.27279301966533,211.35208558130435,135.3674403045169,102.22184732037825,213.74010361032103,146.6379249302062,94.59330697081477,283.1840914635496,183.3109902111197,80.99596657672815,193.18849522680443,137.61046394764062,70.59996209660478,212.8343757909284,117.14229624672882,46.914767779739385,266.44594786217147,266.3837834464841,120.89235657794754,367.51259395506474,231.5353319287433,63.69732447855123,264.30653553655657,201.98247634099332,80.65185031384361,267.6462540011597,160.42384751096844,86.39767026983661,94.81588101798431
5,149,0.0,0.0,90.18039110039857,249.2361516754808,128.8031151675805,41.8902858465909,342.5960356900243,218.75756722367228,86.47842285368988,279.29145059626285,205.83501879368083,72.17357038239174,263.7467712242917,218.6699246496625,106.74430124835871,288.66917400051176,157.0388654958386,108.38578298452028,276.2541994336688,182.7980538146463,107.65490647107792,197.38698708555685,118.1927287174062,95.28640717712285,234.3147013217801,149.72901663791316,85.83109640773874,342.17088062833415,216.69603279948046,87.04002742455651,224.31311432901984,149.84893362557176,80.34696065718653,264.30964904065985,122.29145057611076,50.05445514239588,303.907469065558,276.8002838641965,101.1742305791201,276.07405285880293,217.13907401524807,69.79082304290158,250.96900272078105,243.97437265517846,69.4551400248096,252.00575242032338,156.0688832738762,84.37000909138315,83.39173153524459
5,150,0.0,0.0,76.91624311709164,176.17036614393064,117.33999244060843,56.28752740223501,292.71430298843035,243.91861059169617,89.33622660533223,248.5792031825086,121.06146028782035,79.87488814665438,265.81057307910623,181.2634837875499,105.00011572456881,277.6613732831159,143.20696697326824,87.98276869705104,249.10492016025785,187.00623363787216,105.54855435342175,199.084575095637,129.64601033127724,115.32392761680002,246.27526683334247,127.99657772867036,78.3168030214524,302.23029978631126,202.84708817725635,80.61936511709453,148.28589787641886,141.20040701583733,66.00064850175748,230.53706734669012,122.55512288244746,46.62839202398183,308.28541264281927,259.0151324796442,97.1879923423281,256.0228607465107,191.9060839875484,53.5097790253282,258.4390783943981,173.8532385845357,81.67567947345499,249.82469878578618,146.6572610283403,87.53993983574973,90.42195042999106
5,151,0.0,0.0,82.5235953993619,228.06349744056098,114.52598395346843,61.88746343978575,290.76739449068157,211.807142285397,88.51352055604339,289.5473540564489,199.51184587953466,74.79005971079332,261.39642195226594,177.46851444092624,132.34814462795558,300.4306870276463,149.52954756057736,108.47296364872076,270.97665407282005,162.18347232751435,91.38649595731174,261.61445868135496,119.72999639735129,109.78560439305066,253.55851318312156,141.55659760804753,88.69819652723112,316.91567669014614,184.9509233147036,71.42516691308914,217.80572287314826,147.34583492760578,81.28507444923397,223.02651945413155,120.03756742498781,43.26185386036343,299.68869726471775,236.52690305760694,102.15704867250244,303.0007142806492,155.48967931695918,79.56734978392144,217.30853881410437,216.51002351838537,81.20004010648749,223.20740068309027,182.4992101137784,83.9088288628516,113.99024776431882
5,152,0.0,0.0,69.76516197103426,201.7058469305407,130.95872271087265,66.19033385298025,356.4368148724106,219.0606032314021,87.09404861256591,305.3446391452629,217.1746531257015,71.91663272789606,284.10891596053,205.83431104301215,127.05485178316064,270.92014750948414,151.5376372041698,111.62805421096483,300.18812426870124,142.60424308676176,95.60495320546333,275.6282147640044,130.02305202309353,95.26462593966693,261.03652197285624,120.79930412841003,83.34532696590803,307.7170341240199,249.32448100329717,73.38995770024442,233.62604733742523,166.15690975825692,81.6414556658341,200.84039352283588,125.96856639882529,36.21311142055988,288.4350163542244,246.03558555804776,116.6187696025031,304.6580641680695,212.3934446000615,62.53085940631758,274.8365091003094,216.29610164131574,72.7003035542051,234.9146455784867,160.55475216882164,84.9960800268285,127.43378987533148
5,153,0.0,0.0,71.81540279889883,196.59221658289937,110.15711385354422,60.54437232615972,263.0903362085056,257.07163670280363,94.86669467603292,290.3207806127404,189.20529184311377,89.4952237038984,304.1012907790004,168.43287104911144,132.57391117281713,256.7050253045373,127.93103485732367,87.93575368203082,287.2165201469378,144.4521512917092,99.02291741784423,246.37554358833856,105.77883393824447,96.76581841218947,237.9649112896648,114.80094613832802,87.7753508918217,293.7574092243565,153.871450541611,78.68074657251162,245.30410295159618,138.6687352352003,72.39473061947584,207.00600447600863,103.6858657346316,47.34028753931328,270.82831711184065,210.2824560522375,109.1749394415555,323.6710477138088,220.31398408026655,69.96927602385031,260.8679122772732,190.64004866195793,75.96004328083379,264.28702392312397,129.70032561799422,93.40918921141053,93.22847974263665
5,154,0.0,0.0,82.03513549429442,198.66937475544228,106.10257240992665,61.09654829429563,282.73866063714013,214.46459162210525,82.77286878164047,317.0363806188701,198.14870433729018,61.60256631487246,282.3969589520227,188.2127552834249,110.38412832778059,266.7264008556206,113.85511887323074,110.6705233663385,294.885701673429,168.58406076577756,91.55555177713923,204.18301173539183,120.13767900801965,94.08831341864783,247.88625171509668,128.81473630173943,87.6623595976177,299.5792091801351,156.64435143126298,66.43114537792641,216.58757057225932,149.47198997859448,85.57333360988915,179.44359224385394,137.26333714800435,57.15750791386914,241.27121183099723,229.30073569724794,90.71877339947432,337.79511725072064,143.4777001029364,61.146049963710354,259.7036578857971,219.2688670472035,76.10599088196842,225.65665245753587,153.61510856698044,69.92176562024515,90.14024264687767
5,155,0.0,0.0,80.53497865134071,228.0090340405781,107.11873843643437,50.6234324807179,286.50703676939605,265.92676257541785,99.39765682533636,343.34902531911706,194.4300472555056,83.42575786915798,245.00230963003867,198.94374729428992,113.85380481252736,245.922048267868,147.5449442181803,98.19708866075439,235.65792253193493,159.12027564228205,85.94502198978248,199.13391622588927,145.20394899435132,88.45917788544202,221.12796233713334,135.81050679268003,80.54384639189713,325.89815895628755,197.1970550804362,77.91563431829749,197.9350766559153,145.36681145353842,79.494227301961,226.15696378385852,122.59766737589243,40.75253304892878,285.5161944225846,252.58313141482975,104.90619575075772,308.70934240363135,131.6865987339628,65.13082510373096,303.328038019171,195.22312124938347,72.90401889822981,197.52283215657843,163.74899267041098,85.65827138783636,107.4559473949726
5,156,0.0,0.0,97.33375388240864,225.2411775793133,135.73887770442735,45.83086569007678,266.11766876162085,268.8962992966282,88.76230241148723,230.68752404671034,213.71231458976524,79.66176875769133,239.58068858991322,217.65616178204706,134.0683865691792,305.1572839434168,130.37276938928048,97.16226102234779,366.2603919634992,188.04283049258393,109.96939788818987,248.40698255823912,141.90143894739035,108.3708500548203,231.63867920080406,170.59211367925553,86.14921703535398,307.69613717471685,202.6582638065041,59.149167927232185,223.4824603355698,156.9675470082667,66.94658965242044,213.6265475931608,148.09266697894117,54.81793489028665,309.97457566205406,280.907172113829,96.76387347769648,300.9650103541788,229.5025428765433,66.61110513586958,254.6539080497042,176.47676429758002,65.20333035769103,233.90497111324393,140.40844485350732,64.17041675447337,92.93236899789095
5,157,0.0,0.0,89.23454973791834,206.12516406681596,105.18846400153147,50.57823320407698,339.5083937298452,220.26209638186887,86.57446879358669,286.14187795179635,184.70345689205192,89.5189015914752,253.79096320179002,210.19693188271486,132.41177488939644,290.351322933036,142.3753147173739,126.46274545891413,272.9797071884198,186.0530905326324,102.5612265744189,262.34791239084547,116.3045698639343,73.67609004982192,253.53869875184932,133.48173950760176,87.42402633341425,278.85585424602874,223.04460333091652,70.8640812253172,176.00276157240575,112.03918846451921,71.7747331235604,231.05375193936808,164.20132719119127,56.22123819592654,340.9635175660725,294.1539945569388,128.29668204558666,272.9629579372151,202.7669588347335,53.6258290258164,293.62305355241983,207.6478004779321,94.00502000468367,281.6607392845363,146.56802019682178,92.89742594857535,90.45513286287547
5,158,0.0,0.0,83.48061560656522,222.50714483887006,102.98101183560738,39.153717674531705,326.93062501531165,231.60663920224536,94.67054313263843,359.79831061668625,235.73576685238487,99.23342690137069,285.8734890931149,204.82460441758542,141.91904584590523,278.622604901967,127.59365180916289,93.686426764979,284.5225167418149,146.05938858096414,79.23825625468702,263.47310514035127,148.31821057653292,105.81293152175562,214.0497034612641,145.98126780586983,88.04444776217423,290.89484337068643,157.615572257236,78.49546460470349,190.4896238691683,141.97361417598455,77.69554295762808,206.45157056940405,151.55419858413694,50.14049707344034,305.56303666261164,250.33337356966354,97.53135698690518,321.5182720583294,201.59387219220412,66.01918278613203,296.001619495679,200.00467760830438,78.61411233531211,233.1430977358748,173.00849169930487,83.47031696801754,112.46337661626995
5,159,0.0,0.0,76.25547949527125,198.00466466049878,115.58636393076179,66.62847909512962,290.17363443792595,244.80387523359096,84.31839285661023,242.50642102760833,250.61092942115118,75.713188159227,226.46269310327722,171.8802233690569,127.4606520364961,302.58015913595625,139.98246588436172,87.77049697120572,258.2723250149483,199.79270273746008,112.53160374190008,230.2524182289475,120.50378452890666,111.20048691069486,255.37835495664248,139.68925354607833,79.34368060141978,244.4350030369842,212.61304632522697,78.3337342016267,230.8627628086346,137.94624872133184,80.77467856333767,185.6651800020418,95.8153055597592,45.01660657949477,317.6942072496681,231.02535242062146,104.78401166166188,293.4525517853079,208.27905349328339,62.46376169547396,291.56838233425395,173.8678494618743,83.00805694717283,216.32678225123715,160.3738435841183,82.983189497616,81.01658159615135
5,160,0.0,0.0,87.64827375483011,218.51137057480582,141.06461520477166,54.08775084099316,309.36178238996985,237.41626830005194,92.49908890797711,259.20270962964355,218.54698716193448,91.61350189627362,294.7822234199173,189.34217717407915,139.30555615177937,311.9478377875169,155.33887099905698,100.71724085364417,267.32958114643145,175.25267509201387,109.7441572526602,226.3703687532813,146.1073645173684,86.3134514536189,200.10571323726128,114.56098089247126,77.92877562922907,271.1850887799269,207.8063936499823,68.4646063870395,254.07394784594368,161.90462708995057,79.87261476658338,222.37881484789273,145.79833012111894,39.678317001428,298.90216051878986,303.9682353100355,93.49428170912422,299.90537102079503,199.8035533070594,74.13073021682182,233.1200306629195,203.35463689686105,75.25392116722976,243.1934670933394,148.50696549646776,83.53211589775958,107.67885399932973
5,161,0.0,0.0,73.50401903563554,213.68582801768778,111.43674298335688,55.06604886782627,283.2563548113817,295.874704872658,88.95588043132585,285.3929865911044,203.4277049283925,93.52658382903374,257.2456210450025,178.84761270024043,115.7714413186307,350.9881919658516,135.19799301263805,101.33042478486382,245.29324246968037,179.69033918244068,94.00000543494005,247.62539752228693,103.81168161806403,88.33531421337526,262.2750706621391,154.09779703558456,88.10091995372744,249.13981518783334,222.31076904382314,63.197712194968375,226.88445732334347,140.0175805813933,81.72773791548411,217.50001636737173,110.03195047999971,41.57815177250835,344.22466329349396,236.3766883193456,90.28770461109464,277.5459902694772,187.66689580183473,67.09165125173573,279.3316897338444,193.09969361806006,80.13137262925167,245.0810002409991,169.64857411669487,86.9708253184822,96.5143929003217
5,162,0.0,0.0,77.04448805474934,200.76335030727438,122.20016216092893,57.857703980179544,260.99099454976175,207.76649912613266,101.95390668265209,289.34469657882545,236.19347342041235,87.92637261398211,302.35594833601704,193.76520679288484,122.48184563321391,293.0175423381277,156.1081049334666,116.89064493350854,301.48641154269404,183.88116929634919,110.44038215752963,272.4482322427418,119.27976662225004,84.5938198618257,302.0040278880529,144.68569567411228,86.44285724603225,276.0517071393662,231.00659230542223,77.71102120987727,225.39352796199958,140.66254184021463,85.96069802340361,170.98267156245382,125.93211323213977,49.52690383763607,310.78854621376263,237.25309102875377,127.91927202541984,274.1859149426068,196.00067345099427,66.21831718618313,268.43553803390836,218.46807294179817,78.21366723256862,222.88395894454914,142.33344330163928,83.03821962102894,68.2964423934539
5,163,0.0,0.0,67.56342926417427,196.4521033257495,114.3603360609221,45.807962847124664,283.75053284786964,259.29363800184234,87.47392671811777,315.328721332994,215.3287199481575,99.97450339332067,252.28936282770962,215.45070643172966,107.9024820114778,293.01413067056086,167.3818776109062,100.21041928754974,257.8918520045251,167.9514848711557,116.14047647006024,276.6758312889633,149.95814790743395,119.28688963283614,215.90604481814572,144.12495251062475,87.01500308202469,304.11292275709013,168.61064631350476,96.69885083401985,227.43924058496233,117.62891572994168,75.32127753801414,215.95302371563145,145.38392158858358,48.32339643986377,312.32191670826967,254.36683585836414,125.25486752845114,319.43275833053775,220.23054988258707,67.81690377289996,244.39574409390346,197.1192872239615,82.7434384937539,232.44615329647579,145.25227837351622,76.50059876162933,108.97472668852569
5,164,0.0,0.0,92.26180332193053,183.8967476254266,90.1762151525624,63.585823075988586,320.53954616165,233.5877483989466,103.19312485731058,406.32641582117117,228.2710397967957,74.44021018789827,240.4484493183773,194.45894409163313,127.99000937101727,265.91957987088847,146.2418844807503,99.33775383953642,250.6946227927339,138.17027316376988,108.32791355305544,256.49507931155233,126.1578857984428,81.23000937724875,278.7637736088178,129.04881114978966,87.89415279456576,340.6426004603114,190.20596242586623,82.53796769049987,175.4387634481867,137.54418897264864,82.55921643114958,175.49241139342467,112.45855219640329,45.586308710699264,304.8311032303491,241.9195260994654,101.76556831448305,273.5557666060814,173.1950220397187,53.185489150363395,272.90478444635477,217.56431247092144,71.06368860165756,239.85710742604664,138.77077822931673,88.97266611294846,72.75548777011736
5,165,0.0,0.0,71.86581852530826,237.37734880291958,135.2922232084567,59.04801910136602,311.80340989941953,222.99056606525227,78.80965461778536,258.0840960562808,205.04027377675797,77.28272501870387,346.84314356358755,184.07992844554897,134.53885817218338,237.7968222216412,131.88566088264685,93.74356669043264,253.06604631850726,137.05777099794065,90.22654893380779,237.5146693253032,141.09610596092907,83.19819065251785,236.1229472988107,154.48392218347433,109.45777640899725,216.92146787000152,210.13855731507866,70.81197600552571,238.19371385709582,136.69995275023052,82.44402365719401,191.97031043410706,109.3940376890821,43.8210723823797,317.14585317580253,237.11769921719502,100.86896334073708,301.6580870986291,230.2523853917886,62.4204793341907,242.8443576415423,209.63235378673747,68.5291627317052,265.4299365702013,173.0901828757059,87.81486600742485,108.46922333624147
5,166,0.0,0.0,90.28658251861582,198.93351187652178,96.57227066707638,58.636123779357646,322.4903976143847,268.16977385177177,88.70792647379056,282.6248521302054,212.8774203798628,87.99704723405301,308.7089895666588,203.83771948990898,113.31120236525514,269.0086198268981,142.90275389539298,105.31513933353067,278.4246539657885,180.6320062952943,105.73859234120344,223.32904080397316,111.50489997045412,83.85015385042672,240.1380017211423,126.52503559735203,69.79209221622112,247.87766448915409,215.44510600497523,85.79651403284285,193.95716859299307,139.41313385591076,85.1582086719522,167.8806180050414,136.9829179238299,34.8898150756625,335.882985709616,215.06096327653017,117.85214624688352,283.83316785262787,190.0236966925017,49.601447442122,286.69488298127453,176.9589561210238,73.85723903634283,208.41336604464573,177.73719698061998,79.34823180473083,71.02485766396018
5,167,0.0,0.0,78.56556104779038,217.45214474634778,125.11500452586772,66.15718469748315,292.1507877286153,224.72313372732887,80.33160394302669,329.48402020139065,132.9809934635458,81.96733792449825,253.67997461493684,182.98590907560285,143.6434506581928,269.2297100512649,110.17296703879997,110.93643337823146,264.62285899749423,145.41394652802154,98.9405064284639,240.68314530018716,112.25837941686802,105.12504624644264,267.77848561416863,132.7839402265181,55.627619782395385,299.0062138254965,174.13337215105548,78.72613014764346,220.34096260688764,142.16496915367705,93.66380874577868,213.8412998916087,118.77281094154822,39.88059648969186,261.3024747796489,250.46976356285225,117.87962187260074,301.1187892656511,199.5884036259716,66.99295537362086,227.00723214908038,182.16923622232068,66.99182295802181,230.29012635173856,177.73668903078396,64.15324265892627,79.18348143201095
5,168,0.0,0.0,84.91991716956608,194.50506368869355,128.50446158245296,64.87249696328001,259.241885427955,234.34383082283657,101.96335622932665,307.32308400066427,176.0981119030584,74.19598417812078,280.7827016559828,232.27427776599677,137.58333930129265,269.52097194638543,138.53851672703112,109.35379862162459,277.663808457995,205.46888283380684,102.04823619786204,229.04130863115682,133.57231712536984,93.38757503905144,248.84033525172794,144.9569263908085,85.02292992665635,297.6753257114569,181.3339142122232,96.59945757073248,190.50654237159696,131.2477654797238,81.121976803429,208.67715196561076,149.6150769687611,40.156208535807885,308.2229048758298,207.81325617457392,104.10397772277399,337.52362950469865,170.50456726060358,73.26196901080223,224.35682177947265,171.49540554068233,68.48703441338293,185.74146839940818,144.5438807245349,80.45020201217517,101.53764468488986
5,169,0.0,0.0,83.8461646137672,201.8200518431606,100.59123743885503,49.80386467544983,323.71053687777754,281.9118516192932,97.07481813207089,260.43927484301463,150.12379378462708,83.21101658969472,258.41574999737105,186.34171302331677,134.65380722718731,282.17407645118226,109.999019927012,115.56268945591162,260.87155740110666,196.37288344337668,94.98577124043152,236.80396010798694,136.5021225681063,100.41975737110882,274.13291871797907,180.13475313338358,90.29753403502767,326.39914026916404,178.14352427412982,75.90338691541832,228.14927542186868,143.483081480606,82.07470464009324,226.69565802570196,130.03119070794145,48.21425908308231,319.7389339201495,193.96848688767471,107.39519316299713,290.4638483891585,185.5762107526885,69.58771484867826,252.77889954870093,220.9939863300144,82.49640514460461,225.70168809160847,150.96547847169842,66.57840466401933,116.68049724731519
5,170,0.0,0.0,84.95312956739458,213.12786132510362,119.21823276786242,62.54420981382253,246.03020002140246,235.19883734419852,84.78866415911124,268.1173389807217,203.2549328805724,85.53797950857317,297.3887269524171,183.8340284907067,122.28322263185456,256.81162714515597,118.14840219411641,113.28455153492125,315.2469239487569,200.2105100896517,105.11947919552706,205.51661684613316,124.58996452221255,101.96123712517257,205.94509453341013,123.74145429967595,90.63168455936204,299.5911080111112,215.88671091379345,85.57194427714946,222.86325696543108,150.668014399866,89.00519808833361,170.40932229453202,121.69833527053058,47.76191682773539,287.1982642819345,302.92639171230616,113.89105112813796,265.7208717708527,219.7597107651226,63.93500671100047,261.90900412253217,174.50235214995084,69.42413035161543,194.4212795999109,161.73389368900214,80.13524972476236,103.22031800444651
5,171,0.0,0.0,94.21846309862073,195.9467489052059,108.38121965391173,57.00149443848788,321.8872041678991,224.2211164244224,81.06758494896283,303.5589220571389,187.9599996765716,78.5375397094071,221.14605719859162,196.8949524850211,132.3407918563759,217.8909720748691,143.2882984131321,118.85641813012126,246.51316197218517,198.6575489521429,90.35829674728662,234.4948513604625,148.78292583545047,89.08009240249382,209.2038605887001,173.32932679466873,96.43958802531888,302.9639920283538,190.90520862807418,84.37931518934559,188.61204809573528,168.06402664892022,67.33776380035688,258.86334933549324,150.13423797607172,53.43645007580942,276.87328284646753,299.1442075520787,105.46118089763637,311.2133077703162,226.23371362078623,73.06177225766746,251.03315142640287,208.69010203199863,78.09787089284436,217.09872682960489,149.2552090311585,77.03065985115792,105.89816292446847
5,172,0.0,0.0,85.50412816855423,218.03802941940168,126.136444876218,50.81591224851408,278.7231331585105,219.01945543928025,78.81571670828912,284.19505547097776,196.7327428415229,85.05922034023386,253.07613182957786,196.15106783591614,110.24988717712321,261.01927940894694,127.14437539365515,109.05088665309427,314.52998120890237,140.87111278830395,108.00992795423558,213.56859074524996,128.62607211943276,96.5995918858554,224.1555024039022,111.5230896480853,92.47157322219499,277.69214710233206,169.93569551209086,62.284254493458725,211.89637242044478,149.53605042716322,81.44273948944559,217.1402355788784,109.3951962997285,42.358704431648434,284.34330327586053,205.34969925161764,124.70578434205181,275.5768669006299,224.018686905395,63.51879065107741,264.7288937846375,219.78437081551215,78.10296156123289,247.18031747378652,160.16293162538452,88.92726461857531,97.32795060998019
5,173,0.0,0.0,89.04099718569104,152.93632264480644,117.8017268902392,48.092547538199014,285.5393763017061,227.61033638611494,84.95134919967204,322.28673588460515,221.33580529540228,79.79747049718601,253.06505181136873,181.4667041405563,153.1775799744686,267.7256455711726,147.38807282805402,96.54584420209214,280.08990335260546,166.90013434295102,95.01890547202473,232.20599749514798,163.40398848282604,97.9390274232235,208.76324083721093,172.7795948154741,93.92516925491354,291.4067348805083,209.46967609212365,73.97615052343122,249.87115538075352,133.70682473778274,79.18141677517451,243.93713571088585,119.19857148247394,38.33638086637699,309.7443451458375,247.14637540673976,106.34912890517606,271.6261354851808,211.36468720241191,54.8821304880875,278.0331384127895,207.32688395385654,68.1640964893419,230.30541488906238,153.1642053005672,91.10728901539923,103.94202514364042
5,174,0.0,0.0,102.7785265251164,208.81113310943562,120.13295968939613,62.09023873933036,304.3381180175571,262.3007187905417,99.21862670808814,287.4522456918092,244.8537508821798,79.5812387418472,254.82848199565365,235.97911959036804,112.55772162020347,247.1457471571407,125.65864472779002,107.26445261328168,293.09809413467485,153.16077993614596,103.6812177388648,198.5986520995297,125.83787490692298,108.5909703188621,222.87089497150473,133.45625393260147,89.09727148259995,277.99352689665704,232.85783993873517,71.86180341750277,222.828977620023,126.72123402124782,87.38113181745723,234.597922488091,111.59731416532941,47.1362542883569,284.99777848309054,273.3885758995467,108.07807736845054,272.0678637614468,235.1532356387396,60.7810459080023,271.1204210701783,183.94198884959062,73.19462942667131,221.65362615190963,155.96841855018693,62.047368687730994,100.8863107981203
5,175,0.0,0.0,73.07440087935666,226.66338105321603,114.20884386505885,52.65148508121932,317.5956847033792,250.093934943217,91.28167729175057,248.8903776845336,188.4444877421928,84.55432783978031,264.89361823456943,184.94703845954447,176.44903270052302,295.32972087190177,128.00461539260553,125.8777008232357,317.65965025568994,155.0331492867518,79.38405146025336,233.30090081622993,135.78501429744387,83.12027221767849,245.06954447076205,135.379096479922,83.85305196730451,319.83103004576884,177.49453559284623,91.13014431153924,172.99561635633367,142.63105917811382,90.75959592228412,214.93706704756158,125.85607703910475,47.56027707213008,292.8436130713443,186.2977822045715,92.9811179295678,291.6511504583784,226.153142796208,60.19884380280122,292.97923020539247,163.68681060095653,79.71139937872566,208.00918496423574,133.85383606515967,78.57905523827753,83.51815469271764
5,176,0.0,0.0,86.90452551386781,201.2249134234957,136.0037888201613,49.24836857666961,285.75326215877766,236.9158291274394,88.72295149376296,310.47094576133065,241.43902240122588,96.24774606815495,292.49862637239994,187.85832163275296,145.21215593403886,284.3283337335219,110.39943413037291,90.29176514435406,270.7704902838079,142.93514312853256,96.15735382877034,216.35410880486398,128.58366496679906,97.14277054234455,231.63197593226258,155.29190921456788,73.53450132022802,273.0942249987998,185.95519272320172,75.61029998826285,246.84336042267452,113.68803093467386,66.3945256223255,207.97887384944127,148.758380368348,42.33357856759585,336.62055184280206,291.969959583775,120.64148259925508,334.25320785373174,229.17628188988408,68.13760678565683,253.84395794812724,181.38517476591954,61.77638362670492,234.42877124534988,192.3931420878978,76.24078669806386,82.53552027247932
5,177,0.0,0.0,81.06300945216046,234.78372734048727,122.1391823369502,52.27469375642828,298.68742698620764,212.67809244838242,84.37171742123758,282.9994000298461,208.27997325221378,84.14943525616562,267.3022781772136,209.29259989630128,129.8143568171176,250.72952431314516,156.9033106085552,107.06429523342364,237.4399987462843,204.39608412956463,95.45891700899406,264.4753930680775,121.0340617561305,93.92870758617113,223.86386665504168,144.77332971558866,93.4499231771143,271.14021630574337,161.76530299121453,77.93016187135447,222.97964859989935,139.90141803515354,91.02526381826551,229.68686750361707,157.22375031660556,45.805059271082875,344.7646344402519,217.80174082302034,100.94379615079096,315.5982279278303,189.1718342409605,75.60826025811443,265.23608011232506,209.22421842244606,76.34582127793574,244.6902754758453,169.12125360179934,76.3194672468224,97.48954141297244
5,178,0.0,0.0,80.26703906221124,211.47413000973216,122.9602570063865,63.716353305357025,311.9252224431226,203.82685593643532,75.85080306518459,267.5896760911311,225.67279588035694,84.02229491397256,279.5616832280943,142.16186871199892,120.20470782319866,275.4164339611357,149.27299362207185,120.388780255722,243.5564249077765,190.2038693669626,91.86318927583199,222.86483525580576,121.25893726784952,80.69548713093114,252.84046994977476,140.8018988516142,90.22789375339839,273.3976973306916,207.90509475196347,68.86784908873372,176.84545504855737,128.45329844520566,80.18398625578286,229.97523387634232,149.58076789919986,43.317771895804036,320.38755015864507,274.0880196126373,109.83633093870455,343.6917762417369,221.08218117260603,58.74707976609574,225.67252503819455,173.8728242438103,81.88853669436523,211.9248936192261,120.86844753985396,76.14659152907716,111.6905052938447
5,179,0.0,0.0,84.87796988751217,199.9442750653286,131.27934335129362,55.33060154968727,268.1369937255862,265.2480186441435,90.43019028765525,341.4231638901773,246.83210461594,92.11192933153683,240.7945720251812,203.25744375243485,158.1629014709006,259.248365415552,140.78874253243688,95.70135688795212,271.13995993691697,151.39978115720288,94.21443677191324,229.67270701327956,125.57641259042789,71.89545348169818,242.27851762926443,146.82479070822856,80.88583923617742,284.4042505690697,217.6830910835515,75.19771690031601,221.27314768144413,144.63414446870243,72.3902802851902,198.81813458193096,132.5410095692979,47.4781424390079,327.96598851604233,299.82974559103195,104.32076209188078,276.48222300096535,212.29590595751432,62.32889006005499,271.44275161456693,197.9510171692579,80.07168974251455,257.9896851776349,177.59782210675863,68.5499011670483,99.3665241779473
5,180,0.0,0.0,76.80682745635492,196.34188986228983,97.92947043148153,48.73242050832192,296.54035730740674,255.2233830200164,97.57587836297921,312.4245056099851,216.4398461565567,99.46700050086731,258.2372157099352,213.23140798535175,116.74904743208597,248.41995381436064,114.58740314630496,95.4206039489049,339.8005279396871,146.13857302512812,97.36990839402701,242.93919845996047,123.39669475877214,82.9461919115322,223.5319853523552,151.92504014002182,80.80699525563598,304.07112577189275,173.04733796104648,77.81462576965642,254.1591123118611,152.27958404530693,81.9548651356258,210.56238919255324,123.61155124719558,43.635926321701,308.8628681771426,230.47763939827757,95.27965496446512,320.5811109936784,190.23739743810006,59.027892890580894,285.9246420633366,188.81895425776165,61.7462814641339,254.59341356090707,159.56703924287768,76.9868742748719,83.02657529789323
5,181,0.0,0.0,96.60093441387437,218.17559092976035,127.46374803309602,60.85890600879774,331.75209164280176,238.37784422720208,81.90736581941306,279.52184723784427,213.8703371463626,63.86793948342434,319.0238350449214,162.4198534889611,140.9256524046226,282.99930556615,121.86168428703789,110.78854335038186,229.32740567167016,151.03411658642656,110.44949028480602,243.5515776520938,146.23599499184493,82.45330221168585,232.06775569468934,147.10051616830998,93.11466664892369,245.4814702407865,222.0462450418266,74.69166757223641,197.06661904373124,144.9237777848583,82.46067643605289,263.81445619846954,174.4935715467003,47.913327631917944,325.4104571015845,220.44869865931238,98.23036815339128,319.80553113928926,220.90596587332553,61.99002428855252,253.84927934019984,184.5398690849486,78.44166845675264,195.51517081491292,121.64343172794753,87.36546934512471,95.47634276221142
5,182,0.0,0.0,94.20418532242502,196.0088199284,136.30603585431518,57.92320349401668,322.2566937732788,254.98229807955116,87.52974926090758,260.4810558429101,207.84609755184567,96.60392586880133,269.404972424005,199.43555351526544,124.26560634497234,259.9803475144978,138.0371522360021,107.24701299513232,272.3694465661686,165.63434068712016,83.34993539625681,239.12779818434805,131.29453993645453,99.1166647209875,227.25620844947437,132.99718975150202,87.63586018155516,319.8911030869452,223.92501396100496,78.59362196734,205.7535280836154,147.4366036079579,82.94091908605984,199.048824564562,134.45035108509668,52.55092219230238,280.92334276107675,248.0792767157819,96.9911048967717,315.132325509853,201.0466750087898,60.188086608161576,226.2117071713251,202.84678905578053,78.9270503107667,224.81077100314388,169.85054664569373,95.52150060839548,104.61916256627374
5,183,0.0,0.0,72.17379026518665,183.3899687649872,137.08499900892184,53.3642077260785,276.3003915813203,272.1995802885742,77.87128156117559,293.7683107264448,198.02839763074678,76.3196836652766,272.9568822756257,206.81089611171498,123.06051340265255,257.9674979649715,164.29888088171245,90.39003469790332,268.13597497278835,175.26399552178785,116.81941086950573,220.10163121254482,161.5085909553055,92.32329879517609,227.04517180334773,161.39810158606036,81.99851778418129,301.2798052439587,224.24427189278458,83.86062823267987,208.9206311564492,159.8041984908153,77.96576562515186,260.91331525176633,137.45957110136462,44.665537038022734,294.84919652271105,232.82439632939128,121.67829133272518,315.6755318609675,209.34219263573732,59.831136907248506,275.57959747910144,220.68331749461572,79.11809181196158,215.0724068833786,152.21767216906764,81.93292685074252,82.27662194175136
5,184,0.0,0.0,75.83295377834385,184.75007854911996,119.93453908627987,62.937234354619186,309.1065057759612,245.0193269375,82.48247168144098,292.6764513101312,168.63211223251818,88.75909541444948,298.22872021605815,168.03266049667104,110.3612081021077,278.3286535748278,121.78342469328055,128.86766726551562,258.74845197373276,191.08322825256596,98.13259545439318,232.27945688215007,140.49324308450258,111.99346824697034,237.358316051771,161.376646281631,101.33798365522284,262.9344951235257,234.14171065816043,62.76498775635018,207.8710997212285,155.43895516782283,81.74870658185803,227.37851098205317,146.623867153259,45.59558075745892,310.9403085654112,242.15747876040737,109.01192936109786,314.3432547762834,212.04806280229343,71.3058366422232,287.3468482029905,140.0602595781964,81.63338521989962,212.67918376702792,117.49663004291804,76.6396528984316,116.5778785709049
5,185,0.0,0.0,84.06018693669529,180.60564237911223,122.79560090699806,50.92311256270909,261.25219511217864,285.8613888983023,89.86268657529283,252.26178092456377,251.7295131789778,104.0509802191898,247.69235290530392,167.5881751399671,138.72763916323314,306.822173044355,159.00930714772818,107.04156719861246,253.68886200714894,179.2199798241579,85.0924900984269,290.5748444058949,121.96267771735918,95.26234759150488,249.8108432096424,154.57153640278955,81.72990888936505,333.2945010932476,168.84299596995805,87.2921153983149,239.2026543429971,148.0570344608465,91.1661807933007,192.9800743986346,109.88484166157143,42.39724842560685,291.61795000462087,183.67641814473,92.4020766456145,354.97437297642136,203.7076878711292,63.72817420143784,255.72744447512582,198.03274240603258,84.38250908019809,212.7436629823956,161.1826540054172,73.845912977256,90.66576483234834
5,186,0.0,0.0,82.36240796707676,162.26296600194215,118.44035608182988,46.12725419688912,282.1121924452974,223.84350254093908,86.61449403860951,259.92855936110817,226.5720239461099,85.9495895048149,323.7398630396437,202.17572090678115,150.4710774259325,221.93757395114423,126.57532017687258,108.1580622418387,257.8373774032395,128.01115978289323,117.5455281703537,229.83226995706116,138.1610383245002,83.59416321594226,241.78839357608103,155.00152438724925,92.8136252416007,302.00699095231397,203.23419936591097,73.03960505959581,215.4099822397528,172.34035754725738,72.65788189059899,240.15766768850088,118.58311892367884,45.05801841399445,295.2044344394677,274.7221683354922,88.97290670253025,330.42591746640875,225.16754698302623,64.23464743897483,282.4558095196593,191.7411562321754,80.75995215658567,218.98705558893673,136.67385599737304,83.78712772978692,88.61821536028978
5,187,0.0,0.0,87.09501745761924,218.79802962970552,98.87393686494387,51.81762520949947,301.6405559252136,212.66769961869647,84.52464637962744,309.2522674564146,219.88952557867674,88.34138342754962,257.2642848812037,165.22898560136363,132.0618905240651,274.48204267944675,151.95609792216322,109.69646811777393,262.8452644211351,157.39246642919576,93.4011478832607,193.13608678273218,126.56167576925733,81.23509801735959,208.56924049317445,135.73461753763274,77.49752975745854,329.7950948293091,196.3159310902366,82.79141937142454,232.82673304050104,118.8135826566036,64.42811179394069,233.2412063994564,105.9560628272039,53.85766460970079,302.1941571946041,225.3242346324027,103.98823248175233,314.0705561878354,209.79062549180085,58.76543582443407,277.7804029779452,218.61431253779378,71.01237109052735,237.37944684757537,131.4976918449687,77.14237035425836,113.60532133579969
5,188,0.0,0.0,91.2850600265258,200.69459484862332,113.21432266945507,60.95094531444748,303.8159259817038,244.93205059424739,76.19885911224529,343.0808853264814,199.9099606855719,91.55563335857052,262.8041585756802,196.60181648800193,126.50674856523673,282.784995410281,117.0310933692332,106.60028226570947,307.07083974550017,155.23096440011258,105.88762159955351,274.816442631364,138.2799107275234,86.16777959361184,258.611336122597,136.0914765245999,78.86558931324625,220.37461155729696,211.52386500941057,62.026688938187775,203.9449864309051,139.51639671485788,79.51220787244493,223.80678708835225,106.36046675440703,46.870555348060904,339.25632027123913,245.0147260385742,102.74026102269174,302.3323396543452,236.22437666301747,62.85959101363561,253.37154257746533,197.67305585799213,71.02585090286047,253.90991663580934,154.13109898305862,89.04710476753968,117.05718380682885
5,189,0.0,0.0,73.64357157242038,187.364799095277,124.42253228544236,58.74080614477889,284.5515379307075,272.0284576121637,89.52737340225146,320.26700022409875,201.29315850373192,81.09915459083696,328.51000529104937,177.27999953764265,131.54883288640403,238.7911979645243,136.8787529118726,116.75696948284484,230.36324955412042,170.83761501094304,104.15907030872492,205.65170614408746,140.45571224012195,98.38084619991716,271.1543573462822,128.41925613624397,68.95100916437148,249.14617871797498,213.69436026707035,76.8301652049754,238.5293494201579,148.41330419253526,68.25683002403166,206.54691426516302,135.92686373673095,50.38142824538975,304.2957679565364,239.3840570789749,109.70069281425778,308.9006121267994,197.37931757505575,60.82701134261085,255.2853411879189,181.2806394876768,79.93108163667787,238.74680055508227,133.95363640148005,90.83400103756733,83.66340140760902
5,190,0.0,0.0,78.44828601526936,209.06007076955356,112.31716091104686,62.02757913755722,317.27213327758653,306.24104171936347,88.91303684521796,368.9448773270349,211.51763022248858,80.0683543673185,292.6405174142847,170.19559936891153,126.9572834189334,284.5676706228697,141.88396487436535,105.61695717013149,259.3413010191123,170.53199526874724,97.60508797916333,261.7448032469449,137.08337755043107,89.07570355127106,241.75309051822364,164.53832271961565,84.70899305733009,257.66238839991695,221.2603083099604,90.40674707426408,223.80990217470656,127.50903201696283,73.37087586925318,189.98085730742565,150.69899987948853,50.54922993027299,308.6636236916514,310.5246689958539,96.30609896322447,346.1012386576345,173.8541290098166,65.89841358932793,266.7386757403619,201.57224319725458,93.74914064616675,216.02452033048394,149.23984309582244,87.95369151179065,109.02411222468382
5,191,0.0,0.0,98.8208135573178,189.67332892001545,113.05289873402286,53.44756122440039,321.7598748548837,259.99958000857913,75.2067629468499,260.3821908606426,199.32101319846927,98.79977118143285,310.5101432754672,186.1129959878834,131.15925653153062,285.16677487526084,137.10419470534617,101.33803466060039,317.71513871864977,179.22846282136666,85.99718017786849,227.8345916903969,136.26921259570318,113.9961167967699,229.5900447974985,125.57961415169022,71.94617311184076,301.93186697719693,227.16248452269699,87.93773047866665,232.19911275090718,126.05893697050074,78.46862138591577,188.6933682871449,122.17975099453325,48.782304158740914,279.41949274155775,235.80725461192148,84.95223075845902,360.5391001049129,175.26778477352727,63.97969732695336,201.43979366731725,240.4191185362402,70.77889467713972,233.4687009721016,143.21655557535888,87.44129933049224,140.2078710780699
5,192,0.0,0.0,81.90004683935204,208.24162264352447,101.54188975083439,66.62098208823572,288.2421259562899,276.43550680343367,112.97935149566607,306.6824579077617,197.9150030683221,84.81775397521857,317.7630677098386,194.9711100498665,144.44520454615787,329.5463265062192,137.95450436644944,101.3506751881802,290.2631723031955,159.63346201897897,102.29045094524899,202.97034593429248,114.78306230936903,93.87553448499712,246.07760051434528,146.00963144341654,93.0084735250691,284.15045024969714,234.05957744260553,85.21149402807481,187.1639050502524,153.84218617081865,86.65473813002384,198.7920383052067,131.95999996386413,47.50342037881437,321.37738280894484,241.6230564028437,104.52069948440065,312.8964121736319,192.65043047703898,64.85121856282174,224.47612558062866,191.4248557100154,84.15366106833933,236.83388718665876,155.1620702441702,82.4285071485262,96.91145976713558
5,193,0.0,0.0,63.582108496152536,188.2723789022023,111.85962297847907,55.43981513387283,315.34309869437567,261.82319463601823,87.46161690391914,281.28905929870484,220.58864899520154,84.27349703776751,219.81988517733518,208.14962288941854,121.25962743876943,265.7438068027729,109.30197152543879,106.86433118674779,290.3271552872587,184.2546317446548,88.98292396999582,260.9698084638809,106.96004876367314,90.15511384048034,260.32486201151136,139.4445472689089,84.40480244205847,291.17157159649923,220.33368518384574,72.97065739167121,234.60873323442812,126.77423414715278,85.45435086068406,189.40059959450596,126.49285214568101,46.56740210191995,327.5918995812101,244.94908822700674,105.45765129584876,294.5407046233643,195.85710816507637,71.10551072310805,263.9403165050626,190.06771757801147,73.29303641955796,220.28517597611832,151.09207119522938,83.31918002334862,86.78864499788429
5,194,0.0,0.0,77.32975984108896,195.63656018152875,125.35925660981623,57.76611180695355,300.39643197554705,230.5506012419742,85.20182297358825,323.13235073643074,173.69976262704486,82.12025960676817,285.4434564135271,169.3992892113068,131.5340963378176,286.3827063333652,144.75157042238257,115.38776257905575,291.42888506315563,197.97734948128462,94.95075512723709,217.9648029489964,122.06863951820327,92.14895682894517,233.76688475192773,123.94158478192196,76.8381823315248,303.9174593088067,224.38924448901312,84.59729140074019,214.45013074033258,144.92491261724587,79.34399209825762,195.39237682727634,141.636834064389,43.110783886824386,302.0969508151984,205.91235685247545,108.95046924740709,267.8688452533963,227.0981361450011,63.817166590750084,246.18665840911956,211.99824410047904,69.40645353368264,289.50568917978075,173.422385394766,82.82903649413062,102.83000652525209
5,195,0.0,0.0,80.80715325808134,200.59591282261326,127.95855331716372,54.370254897579365,313.6248970113757,225.73516912789745,95.86052871941905,278.1035603084267,218.49564932212667,91.37788517862776,303.09819691628604,242.854544084543,155.26802496484953,313.54058091773805,153.63115902059542,96.12226534560776,314.5498614983981,168.2201161567285,93.01401780262734,244.25059385048596,138.5827231017059,95.6924639201049,210.40402536250383,162.30340682065753,83.72554281360759,347.1707294248452,241.0973052413155,77.47563261578054,212.81049850406336,128.74135743686523,97.4413294014075,187.398303129557,151.59023607457874,49.28819571767363,284.3359865380665,303.22253766339213,113.87343239319983,352.36746823101976,209.40996088947082,56.45550360433911,263.1139678553246,176.32924146042117,77.81430050971886,228.40568093103906,162.23937973776518,84.74412041440708,88.99943295153975
5,196,0.0,0.0,87.85217448681001,225.0616937981294,104.65470385656951,51.16593975118931,285.3008819583092,226.66989046053678,99.80222623609883,311.0925690762317,249.10009497886847,80.74614552859703,268.62451136308874,161.52832083972214,139.13866793040532,256.2263283584291,116.01220347468407,101.92776167569447,322.92647806543016,166.71863481867098,120.55667391339006,186.93139937396765,165.70346982848872,99.24244869316168,253.3272150680417,151.97538696187047,96.15307085255628,277.3694322024698,163.12348396369134,86.20390898878753,233.9558720250569,155.54639066538584,74.62949103312818,184.8629154333285,150.6731139217705,47.64742072986992,301.7305260233742,274.6745102517861,106.07409762047331,242.11035411689582,199.58433028568967,69.17714265669991,265.88930957342154,211.11548369267885,83.06166316363112,219.31944983941332,178.0614083966776,76.6146950313184,102.44948272257596
5,197,0.0,0.0,81.72404832994911,253.89719474164463,115.1093245327935,61.40197509684713,273.0750024893819,252.5686399419828,102.76402177509365,280.18469131498995,198.5183632202839,81.6481812792748,259.53459152820795,169.67377961239768,144.11313885424582,275.0755931805914,121.00146192071976,108.32952584378833,298.02987221786924,201.76277296895617,110.75903433276073,265.1979651699066,110.80880572339368,91.76295576652493,265.01031163223104,146.03485059111168,86.3161862111602,351.1417082197098,207.04636666142036,81.80760440336581,211.39223594778414,153.66421186365918,79.08739177916671,193.60433981144544,136.70219459910425,49.360894014313835,277.50833294202664,240.44885460984625,93.18244074969994,308.67755991837083,200.14326129388448,66.14953968228409,233.50027211034705,202.0796964260279,82.29175177713718,255.5542127697742,138.16337444546113,83.7551461377003,117.25376151791056
5,198,0.0,0.0,84.31583409036959,176.15773079699926,123.88834655154135,55.32588904803262,287.5675364946425,280.209647414321,103.80727577215669,285.4195020071525,263.2069877547036,88.73122096903383,254.73435863315794,211.4404062768057,142.3911141272721,277.4611859549263,147.1260208326437,102.87280067386423,242.36702131990813,155.30602167993305,108.76390643319928,246.8442111098799,99.59468248639013,95.20215496898422,221.9560420535529,139.35174319618247,89.76750276706673,264.5879890731155,211.24762024613784,78.46311328003588,223.39828392050012,116.06654958578595,75.77948358319995,206.2088299009845,165.13023824545854,60.09807430481585,332.51818434129615,234.31958356903127,93.897687385401,302.43007841654685,174.97128867152276,66.97977892873709,257.43891349505725,161.66041754935372,58.809934788090274,231.19852828729043,149.83208028039604,85.38725301724172,116.30165523114684
5,199,0.0,0.0,73.26417894411759,194.64186537979276,126.46185969104073,45.5615432440804,255.65494982694864,211.7257729425713,82.94692889800623,299.8900039370024,194.0349554120928,87.00051871104819,262.5889206989447,188.60491359794955,137.50426345927377,287.6202733219902,140.16103497346353,109.4840971596572,280.29740791233155,154.26297723577798,103.10033494652521,235.63544335993052,132.89214388673295,87.22230758694938,215.56905858137083,152.70137108484312,88.83308843357965,303.95917043816746,195.73536459876854,83.50247489120005,217.82220989817304,122.7309172028232,62.647953949833635,234.72035221914072,136.76815899971527,46.85311738819543,313.44143172588775,210.32432854373553,114.48671760472466,305.07933430608324,225.46649216473213,67.52994132667268,263.94688974105384,167.54117257963722,80.201529599238,178.11718078589558,155.40855795799501,80.76645174382692,86.8704004554934
5,200,0.0,0.0,89.85566266146647,193.5209058355262,112.30996844035009,57.06870343439801,236.9471331074459,248.0991464080957,97.70656217782263,299.2582384465575,199.73975944112766,77.34697885477769,330.3710773550603,208.3321846406945,141.51501803614116,241.74743990375455,135.4692656774233,98.23227811226765,284.6270175757165,175.5712728960186,107.2513068234125,216.64444795335336,127.79385240740848,103.0487909781693,250.79537192106557,150.2161219062498,108.55730080782709,314.93698284851735,249.16933830137364,74.62577419239418,220.83409405137135,134.89262245712393,80.71540529872334,180.18461739589628,151.47898643178434,40.07423219031474,325.2839112747876,275.48570276109115,105.78280401835086,349.2141679497374,238.69334724321658,67.63174002187304,286.35455285284377,173.0777108685968,77.33767819301343,215.48185079570396,138.97331683724298,72.43772314986288,89.11177359890445
