participant,entry,PP_1,RP_1,HT_1,PP_2,RP_2,HT_2,PP_3,RP_3,HT_3,PP_4,RP_4,HT_4,PP_5,RP_5,HT_5,PP_6,RP_6,HT_6,PP_7,RP_7,HT_7,PP_8,RP_8,HT_8,PP_9,RP_9,HT_9,PP_10,RP_10,HT_10,PP_11,RP_11,HT_11,HT_enter
1,1,0.0,0.0,38.836438716141366,101.1652263984081,64.20775748646977,83.88896859011729,101.68433343628696,17.354844153268058,40.276131945727066,100.04881077291657,56.22774795507496,94.8880789094001,93.76385476015759,0.990795947052288,65.87503273347527,90.50112565033731,33.62476560774404,107.47467399444356,86.70767261404683,-15.072164107805026,97.60068129208334,80.55704897569198,-29.759700851978227,76.23201525803519,108.90489448430287,25.28115353940654,118.25694004811801,98.54894557110704,-20.185499579023286,97.28787569239896,91.37846566429276,-2.094015353050229,76.05002483298799,75.33336704780807
1,2,0.0,0.0,38.18721459019382,102.78063435684567,64.69130518673057,89.73706249644947,100.02318296736833,18.213100567247153,37.36136197556263,101.7170613819209,63.05624255203409,95.17752621874759,99.37643368821631,2.027440843253113,65.81219308802193,96.12802371814132,24.813026204037488,103.03503702044682,88.51594585453425,-18.215104541253318,105.4629798899921,78.79442636590734,-21.71183260879987,71.31886257487898,102.23690029631366,27.04086497774653,124.2698369283912,102.68195182567052,-15.408490512365418,92.25975370428856,90.32851802503717,2.5538967504283363,75.63597208305664,58.80423783181007
1,3,0.0,0.0,41.07163619155741,100.64787067242358,57.9748195285606,86.01797014710822,98.23053797012881,11.276696648541106,37.92035413326557,101.00327810370517,63.75542606461153,100.28061953183611,102.18135915709573,8.905433726337595,64.4065497732147,93.40858351860611,27.580850467428963,108.25069617949742,84.39038936842377,-18.973671072542693,105.61070837338166,75.62708052221622,-24.2213768902397,76.26649535609363,111.12803942414804,24.542212607981774,120.50041643890839,103.12869403351166,-18.860300920698855,91.92410351638313,88.39012784338264,-2.421700906943583,68.25935222094289,70.89746406145005
1,4,0.0,0.0,39.587842709010644,104.83137941274457,60.63984954831139,86.63117538029587,99.93691164915624,13.070356100399252,40.18085180095007,102.62816239492359,64.15650301226019,96.04707842070667,100.20243351244544,-4.325743645882172,62.59246202423705,90.79272828075966,26.84202568530394,98.68010164924617,82.39962374737927,-17.801812383072825,110.83193087902963,80.17424976458965,-26.37055359373865,76.8528258468193,101.57243499959381,30.73757314492402,120.03834098162896,101.60190950482416,-21.85030457446773,96.03107119536554,88.07978212543713,-0.4625182938838521,76.49602134540136,76.06186270844944
1,5,0.0,0.0,42.48507687266147,101.53475360464735,60.11011020127745,82.722754144851,97.20657918422583,18.23316883344792,38.738044255200954,95.95271809428789,59.51020268550694,101.78610320352844,99.40241040020537,2.5375492486629625,65.24369338269713,86.75641189046397,21.135619543211533,106.91258967261676,79.53400364251253,-17.467032547652167,103.95157010416037,76.85533480810794,-26.910128657498447,76.80170477016546,107.07504671612618,29.97303978046871,116.42315896194842,99.47286752351519,-16.461919252845185,94.82141174899228,92.44890924177028,-4.304068524364043,76.89777322611079,103.15461912641746
1,6,0.0,0.0,40.09255450865759,101.46475840732221,69.22611144560115,81.51092257135812,100.42984429212146,17.11077693772193,38.14521908629265,102.42747346488713,62.247102595086915,97.9709656039295,94.39868421971725,3.6105782892132208,63.58754206397001,88.55129757304393,28.219994230823048,100.18245816836986,81.8413194106979,-19.950282631972378,111.11853584053507,78.55612296078806,-26.268059644570137,75.5414236479021,107.19033800230685,32.9455652272062,113.81362606118172,107.02132553521247,-25.983753387928843,92.18078002603224,97.4317437330232,-3.170049662907445,75.26633234663191,120.19045290559946
1,7,0.0,0.0,41.08525851855348,98.19625369252965,60.58279190509059,82.18818975576856,101.38093843871249,12.73489557514051,38.60827687473914,101.80896266971979,55.93264530887439,92.08396018993123,99.18532585639643,5.337585077254738,62.86279332915966,89.67702325380152,25.180789803245503,107.6675868062744,84.67128729623552,-13.17397860326804,104.14259519543842,78.17044260446562,-27.568953867592008,73.87894887030836,108.98359930259411,36.3722117238064,107.65803284649894,103.33917296262517,-16.20197073603344,98.76634597663352,92.90391323890665,-2.9260802046807717,75.54481516875103,113.01988231888015
1,8,0.0,0.0,43.44482930738283,105.66514470485886,53.472690805964234,84.66418227689091,98.19870504291262,19.772609547358705,36.37128970902259,99.75116565335465,58.66353036676097,99.91998104690487,93.9140254228093,3.006368415481715,61.69696538557142,91.33817455316583,25.727570345496666,107.94862445472941,87.58172431775321,-19.153110063533305,101.62046655880445,81.94736063915074,-28.549514591136425,80.06700802707519,107.64713203748146,26.84851648903342,112.99806574431433,101.54260267940677,-21.248276191777414,96.77637287021469,90.12595724147276,-2.040395209046603,75.99349701354625,81.60258885494389
1,9,0.0,0.0,41.344818187107286,106.07087990632719,64.50289452247362,89.24364838782799,101.42851421973332,13.402707356134139,38.091878370419124,104.12943263043496,64.8426157337784,100.48237055399164,98.4007533563982,1.6321271038366125,63.97331372771395,86.30989407576284,26.45888219341242,103.27275414757678,88.63225645942634,-21.456961332889566,101.51260033393476,73.83327479146519,-25.598053981871768,74.40715511299705,104.83633489875332,31.135072688802747,121.78396918012828,101.1205115928631,-19.513082604464298,93.95390890400743,90.43366011279291,2.06218724706772,76.4350866582509,104.692818590274
1,10,0.0,0.0,42.090416071209894,103.93649085336624,64.98154889822231,80.9357215990104,99.92571696584186,18.90210322044011,38.52439370734662,99.50044263622192,63.698873743562544,90.22210966994612,105.58263531512296,1.6582769701717182,63.142872879165765,91.12505691058433,28.610988975719977,106.5641080532744,82.68329393460097,-18.84109440793951,104.08650911135159,78.42443339396647,-28.660607465599497,75.53726342952541,109.29652608908269,30.890432921900008,118.62075513940914,102.12008334493406,-18.468166457823642,94.71244260120275,90.35093119129053,-0.07647756877354217,72.38007504329428,90.35651905984346
1,11,0.0,0.0,41.9433003058762,101.11190653700586,60.720602992918344,82.67207046188226,104.88470005685791,15.686203453504127,40.02399718636093,95.99562902760444,64.60352102773223,88.5900151427446,95.89645981261125,2.4996950267357603,63.84307453354849,86.28832827619345,25.56638272754028,93.7866355650878,86.20479316041384,-18.497958092269553,105.56893337742423,75.052200391566,-26.747930531343872,73.18369641985181,104.07433119391291,28.34267743526938,113.05463460398906,98.43040703601474,-10.584652521317924,90.52809479931067,96.01094251115389,-0.8767408893233293,74.10550099801121,83.99735845456263
1,12,0.0,0.0,38.530590594525414,103.43552841870158,57.98165556418791,83.28264487781883,96.71672643112875,21.224784830882783,39.575492020433344,103.55179459467918,63.964522966043724,99.46734644788,94.66267418223495,2.176381859618368,61.450285773014556,86.94248502819934,20.85062763770559,108.3863691388929,87.94038632357305,-16.579272086099127,102.22912064101202,73.70316777583906,-26.274411886529467,74.32712304953144,111.21619008544805,30.443960239752812,118.08419422222619,99.21039660626384,-14.299964575986046,92.59201976122803,91.78706041399661,-4.79345997243094,74.0536947029784,96.77989352810279
1,13,0.0,0.0,38.12821823046888,100.72532051168331,59.59747569509831,82.62576698522881,101.0992300967621,12.321778624134973,39.6304637576367,107.35281781936544,56.77516665396864,96.2773822100563,104.22205544642192,5.914291239146677,66.31634363037011,87.17728921621526,24.303510502872946,100.01187992726959,84.87071968673183,-15.487146612861304,101.50291082119418,79.59156158197153,-23.793581661400594,76.50372631123193,99.71469491128482,27.17343903855543,115.1151955048236,107.52023919575214,-13.138607313742655,89.97645778361532,96.25894433115678,0.6569666343652263,74.81210300846773,91.38879610089205
1,14,0.0,0.0,41.81407963028492,97.0176172115176,67.50187046291109,80.70108040155431,99.90991486553304,17.141654427025234,43.12019686345672,97.55866462845691,57.59466602319312,95.09604376707183,92.38018210168207,-1.8000551217792253,60.026754149105635,93.61208603486963,25.88382693815823,102.50263814254068,89.55217116089867,-19.00759113584765,106.81777595283424,73.78116273372423,-24.91777047869579,76.02279959497379,106.94460157499213,31.07929396413242,123.08237370384396,101.74548619157794,-16.77752009803515,91.0185884468551,99.73037851572964,-2.4891491174961726,77.34131319894762,93.93314846621958
1,15,0.0,0.0,41.02245982554403,102.07580418265162,50.489317984272475,80.80178867210232,102.68752054554331,14.86159467602114,39.193334099231336,99.0101143710001,67.58040550309433,100.27644133570159,99.827926872055,5.425608609497423,64.61769389405309,87.39495061812093,27.804459442398098,104.78134157290467,85.82854642615078,-20.375746557780523,107.50532823653703,78.89263744326945,-30.979088711672496,78.18627314678893,108.31476786697786,37.06706164376655,117.59697853875922,100.82746644448555,-17.18029072038026,91.70534539229224,95.24110607387901,-4.636128727074033,73.10105331545036,91.57689593726226
1,16,0.0,0.0,39.75190183912545,102.16100863398785,59.379496037724685,81.34592814491376,104.42753573815206,16.689363780714864,43.96046946127646,99.8781890591609,53.26694019874316,100.64015094341494,90.65303586426192,2.6498811862802545,63.52593966378009,89.63800122423812,21.194512602506823,110.35143931778937,78.51130502283146,-17.942239628444636,102.64442668168036,79.74776706835573,-22.98820775678693,76.9137541518555,110.29617461976922,29.744610005229685,117.04961611540242,100.55806334521527,-16.687481106980663,88.36443265333386,88.52784880512826,-2.3345831482219914,74.72206410936849,138.2063390021181
1,17,0.0,0.0,40.66770855779625,102.78783447082246,66.50724264578187,83.79788270164478,101.17889351908394,14.471237021955822,43.835805908928045,101.23439857288396,55.65173977357243,98.23048625414904,101.15967356155846,1.7500606624736206,67.44039691297037,85.97399833004415,22.59187904255957,107.56084183322614,86.32085444641791,-16.844199032866843,108.30143875344771,78.5220689429818,-32.99452048826118,76.3545823980783,111.18730681127718,30.046512496632495,114.6821670568659,103.35772429933844,-18.649550811612414,93.29564342960487,86.16275975262293,-5.649787778136932,74.02114497970445,135.51458276539225
1,18,0.0,0.0,41.93446366181399,97.10198389733979,59.80439313973228,84.75254300926865,104.18731322719236,18.643367314182676,38.063099956606145,101.77488602713325,58.86854473999212,94.84149696097927,100.80367430980347,6.15644816310583,63.46642464361472,97.24232453728911,24.29018067453449,102.18505249610513,86.45773391587646,-16.0298205410325,104.86954522886609,84.77647292864684,-30.81912627414644,75.01611281844285,107.03536299751926,24.549203273236657,121.360300058292,99.71408918033613,-18.463456091866366,92.57497099291297,89.24116090028258,-9.245794973947067,75.83977309825784,72.5921461489483
1,19,0.0,0.0,39.050931119417996,101.64975151352019,62.10366424376615,80.37248166062028,105.49096586642891,21.18303689629831,40.5173307270949,97.32623522649793,62.381300277789926,96.01052143885715,100.19989590215546,4.229944785424846,63.60906979708193,91.97674974438762,30.973302035549903,108.36655568450085,81.12304920259695,-15.537840998049278,108.36348339607682,75.46837601489818,-20.559073527537613,76.52967824757748,110.6172761596378,26.41161187796537,116.86219351082212,102.25513594017413,-14.081775683088875,90.37616169092857,92.75981363029571,-5.281357222850187,71.21368044717376,102.19709937796347
1,20,0.0,0.0,37.887600285909386,101.76622751107588,64.55919279784368,79.3400994191924,102.57356645614904,19.896885174329377,38.52728461521426,100.27238522687888,56.490575956739356,95.29498898679088,95.85648495863944,6.600448385113603,66.45543723203168,94.83516147555078,27.38559130658933,102.94602091591196,86.97705744982501,-19.267558074530754,102.65766371321881,81.66845123616343,-22.928747610910747,77.36775264818203,110.51572925233495,29.439628907209162,119.17537506705199,103.22412428947356,-12.428781458944197,93.22381170934936,91.74144290660345,-5.660110205574574,76.73548485132538,76.79841222527813
1,21,0.0,0.0,40.608693924642324,101.7739426832598,63.6767742614132,79.42185877010476,104.51138834887865,14.386515898822928,37.4828370233249,102.89091379857646,65.27798549302226,97.7573179402437,97.80256545932859,-1.9037612004806075,64.10760563130611,90.26028736695947,27.073115170545396,104.40056148501847,86.69710094169952,-17.00452627122917,101.82223763365018,82.12638143987375,-26.135180456285227,77.89537093614645,112.12891325185083,35.19786930065442,118.58133898985037,101.3340471874698,-12.358299852369573,96.72007285387417,92.01092222632957,0.8345443926771101,76.53680726247664,71.30300045454469
1,22,0.0,0.0,39.348284464576025,101.45009438194084,59.12602651933275,83.94316021100971,99.88780363527114,19.050590105531402,40.7580856365497,104.06548700062015,57.06884113658617,96.88116301311129,95.6361071223935,-3.1320379829989076,63.7353896604125,91.69281137971255,22.755218716820245,108.17510180369028,86.71835822491119,-20.109054177272416,102.80233300427894,77.69458056619351,-20.398745106016207,75.48161100231043,108.04606411569117,32.13018215261834,127.45528852589945,98.06170986220096,-15.145603660162305,92.57166851691836,95.60798264532853,-4.28934875378949,70.93379275176096,95.02541472154121
1,23,0.0,0.0,41.145520120047564,102.22180269844715,66.48859637918837,79.69754606283618,101.80578541688577,20.46843004340763,41.433268273038735,98.05841369366011,65.49177199884377,95.92333575219814,96.98954808479638,8.070220309690688,61.99122327140635,92.02927890301939,17.964726761704696,104.07474476589553,89.72165922406347,-15.788170466933517,99.044919461393,76.68515496594631,-22.863554393895175,75.7993945052709,103.52844464789702,27.70118712231271,115.23703909808319,97.57834461476517,-19.585137127197743,93.85027551160118,85.60366683675004,-3.482452012693539,74.23903043399743,91.94787245493441
1,24,0.0,0.0,40.68736991634349,102.65330292873696,65.38884631444938,81.5323666948129,98.61448613161225,16.212452310614047,42.387639820837066,104.19049889143128,64.75129368091115,96.31543199165746,100.67520996599062,1.7142623740268057,66.40858076742437,90.8829569925672,24.91907862866903,107.06313074133797,84.57619206649385,-18.132449298620173,106.8831567879529,79.498972263083,-29.493911321361644,79.04392588025165,106.16017572689987,34.74134916263697,114.43278364469504,99.55538581189231,-15.704457642940728,90.75361230595232,87.2204232650379,-0.14144281524375124,72.03071467672568,62.34596903530218
1,25,0.0,0.0,39.41607099981143,104.2364385964906,58.35944620628855,86.91344967930944,100.23107190016415,21.250999610294997,41.041108095424846,99.33042525023694,60.8841259690497,96.52513054881365,98.86739863133836,4.1358804110344325,62.63824652143212,93.92372891382398,25.529714524582175,106.29443421021264,86.14749801659922,-20.91739273008557,101.31472597525932,74.94096531293508,-24.878779364201215,77.81498713772736,113.9933986473134,28.598433422727876,111.73859628439374,99.2828407798712,-16.35251336561095,96.89259982365765,90.46837224149137,-3.4126320333611595,76.39431068274543,84.88080525021384
1,26,0.0,0.0,39.62152921638981,99.63063986266317,61.098482383564175,81.48150577543771,102.1243857800252,13.339364029197654,41.75064929702593,102.16686499690114,61.131895480182685,94.60428067203573,101.78945059449347,3.6239347376652815,64.07859547997755,88.53940703779018,31.51673313797758,100.92291239679571,85.60618504074525,-17.93633511314053,107.52332990547151,74.58055127059117,-23.36299771649261,76.70203399209137,109.86925454341846,29.817312438117632,114.3893065238019,104.57036485665584,-17.43631293078788,88.57336916219901,93.8409439834126,-5.234515463240962,75.06049481290881,122.48871288426861
1,27,0.0,0.0,41.04208005063022,102.04295129667094,59.90496683843164,85.09927928821392,99.82415014682026,18.137399834271182,39.578309817215676,100.04691244708413,62.17604232247922,98.30281958976423,101.2296301539296,-1.5100982535916128,65.38669001298715,94.63846687125013,30.135051921391188,101.18734361185712,87.76809001457919,-17.947361413101856,105.24777157818721,84.55824700527205,-27.47572400536907,77.8040853121026,107.16439263115508,28.138359724481816,121.76831218622893,108.02977930270721,-10.800055596499655,93.37333733408771,91.37322529903886,-4.759753244386978,76.1080112772556,125.42012936867532
1,28,0.0,0.0,38.46027350049442,97.44049611784415,60.93144068471238,85.26186020647864,105.20608641153893,11.796197218386204,41.16877209833077,99.15979211989165,65.91893964535073,96.17810293693867,104.62450087809145,2.963220769073241,65.83909264373415,95.4239341103616,27.61777402091632,101.99520990900079,85.42305635255737,-20.36817736436236,97.44566325164598,75.85943610178066,-26.373238415431672,78.25868397013099,104.80576437629759,32.32439195587534,121.03047581163224,95.86431844931981,-13.593962958321622,91.68916002805042,87.1378037262941,-4.138131705566556,76.13345493455917,105.13994012657929
1,29,0.0,0.0,42.190487574639235,102.83346945380706,62.47027750654508,80.1854639741788,101.90171788104406,10.126987094210486,42.686415341620226,101.52659443665307,63.859337396558004,99.11584778342679,98.24693246979125,8.430940777952873,67.54111951214097,93.75873598326402,24.778698514143127,106.3988979467939,86.59158202001723,-19.79708995926238,105.44970117906038,77.1222753436741,-27.931249723666777,80.29055500045457,107.6388293877625,32.83620719264186,124.07079106627484,105.82512406121408,-12.738496418212067,97.04401637321587,89.66835906360784,-2.5660080730514574,75.92861215507673,89.30829860086534
1,30,0.0,0.0,41.19478395070152,104.24159067851963,57.03681018573083,84.05117092757507,95.37369423050832,13.123608577802624,42.850019694040625,105.83449971069732,62.473261136230775,96.9606271854895,95.42711465371289,2.817262747129022,65.37745447475464,96.28503262113705,24.400855146001625,104.68781350619952,87.02302700212958,-20.55868381610648,104.59564133575297,75.1409470596922,-21.224213845292358,73.91584630924325,106.63495449604714,35.11996265342641,120.05504310273747,101.56331405845178,-16.412923138398924,92.63399086337162,89.94179478016044,0.6361676345926162,71.3164053240778,104.80627848599147
1,31,0.0,0.0,41.053242332953026,91.79069705628359,60.80603910715084,89.16615422284892,97.3018099126822,18.268837393041135,40.17514426702252,95.47455485813512,59.04759167972618,94.77628149482553,99.2014396943861,1.2205918236385624,69.45256967183758,89.71166037041851,29.696240674875106,104.1556211969706,85.39694822736152,-20.896901279206894,105.27094902519555,76.591302158184,-25.548956584969282,78.99287895963576,113.86420283747856,32.25587346695438,116.79759516218888,98.13874238813744,-14.609588975902705,95.7755165513514,91.0160771972184,-3.8202385137085364,70.49611739971775,79.80358900235765
1,32,0.0,0.0,37.63402167775332,100.34449650442495,64.09992156781895,87.36447730810093,103.22775202996263,15.74708591402042,37.32365187725898,97.5093207308593,54.62837678795462,96.1026340163093,98.8314449740683,3.920463040231723,65.19633196791338,91.21977218470056,23.37250466560347,99.85573886092672,87.08705198496756,-20.41318672652222,98.17729750622928,82.88089413874437,-24.253622450316186,78.94390315266426,107.45026045897663,30.932914644672575,121.42051175912589,96.14470704094326,-14.73216907878888,92.06681720067881,92.27662175824075,0.6672119003548929,71.6552970259926,88.77750675749678
1,33,0.0,0.0,37.97925776649367,100.46061832564358,59.74566970687809,80.66127598532543,103.97700975795185,14.709426934694115,40.251784299921795,107.24522316113735,58.954258431856125,95.15018495749672,94.0594452136795,1.5497387889981376,66.50902763912067,96.74268552891503,27.350104023730697,100.99042683186467,85.60565044799405,-23.783276165884466,102.26169651690941,79.90150111778878,-20.215333323743366,76.93360143081229,108.6238860896094,33.124140517754796,117.15055477799685,103.14271988521071,-20.81523226465329,91.74569055506748,88.17700573567413,-2.785903481809108,77.04947433362108,99.06817250295009
1,34,0.0,0.0,35.87021402202772,104.41837522517453,59.26696922773191,82.62450196154506,98.35745231407634,16.43856069808948,38.98788063374389,95.06910310608146,57.28772859444795,96.738450597237,97.81891360981,2.842553050521536,63.086366806497765,93.27264898346453,25.90733037092513,103.02471808645755,86.13675380315229,-13.43205075239202,103.02961849228443,83.74229664490818,-24.698289435060666,76.98244408103838,105.52604701019413,33.54008397681105,121.29664346411194,97.79677189385004,-18.01039139515514,95.22067113807232,83.94218710846341,-5.703327780285249,72.37097630270354,119.72373810135079
1,35,0.0,0.0,39.7514249412701,103.27659155817896,64.40402265221582,85.04999474468677,98.35213676078335,15.775985915048786,37.51655521771303,104.09757745419661,56.36900180694981,95.85934475616494,100.28165352839727,1.1597874905158942,64.63884682310938,95.43562296995977,22.9012488526518,97.9050359361064,91.91096491899592,-17.37676525315529,104.43389727736704,76.4779835700407,-24.434200487933776,78.23305375451089,104.47203081091914,26.713893397435527,120.38679945263156,100.0642895519211,-19.53620647734484,96.23323063957027,95.80232846206209,-6.0188366354438925,74.95719244459406,116.08711571073673
1,36,0.0,0.0,38.533852854850124,105.11394103340369,62.59989506925463,86.36253189785016,101.56263750928285,16.763728382028123,39.721282434760724,95.63805159578536,53.79666043691522,94.1069244166894,94.78959660465318,2.811383679583556,66.57971359808798,92.27223464730972,24.14967387529387,106.00220730710711,89.38051658558618,-24.288270217647966,99.24136429198072,78.10838730217345,-21.98457677753467,80.93409973322443,112.30084302684317,28.99030604451321,113.30792978774306,98.94596601756689,-13.604244064113157,93.68647416760513,87.55958393273663,0.24502491205500476,76.32942090641399,98.19171872408947
1,37,0.0,0.0,38.95427125752621,96.14383140804195,56.93081659621095,85.2766859920247,97.67381489113502,18.17281309267085,41.92196663432705,99.21093219325213,58.13043852102503,98.0523294363661,100.11492654913783,-1.7446031833409545,65.64185752032763,92.23548787462815,30.48680037036512,103.51647484155737,82.57135349763011,-23.130987600348558,99.98555620632685,74.92011571356134,-22.928929932497027,74.45657315747306,105.6530146703469,26.644690442370752,112.01411259435403,104.93826629326023,-14.841834371402335,95.13597240304942,91.77142604644443,0.31370876729021013,78.1647958389713,99.29826596732862
1,38,0.0,0.0,40.215087870797376,103.22381542881936,62.53195602324362,86.86854871282979,101.31839817287481,11.115031064092932,39.14135652733412,96.64775646397521,59.83396266664309,94.17023824371256,103.27268421723625,5.808439180350502,63.83981598469922,90.62779016779425,27.908902133225716,105.56130708784355,86.11424317703747,-16.207662418668548,101.66445116242248,82.80086693934305,-25.68176555260325,77.48433044370427,109.20197409138082,30.495281355767283,115.48420246287566,108.54001368405054,-14.676801995739618,92.01960041249528,92.79511381235803,-1.6667211343360469,76.52910410460427,103.44348770753034
1,39,0.0,0.0,40.486515680806036,101.91278843378264,56.97763562216901,79.2852450663697,104.32947629692822,12.410589349215716,39.73499937470956,104.55256495568878,59.58577811027125,92.7999248985397,99.97478095503881,2.365222926211672,62.523638701876244,92.26328668662951,22.93262051591559,100.15588371082328,87.97824225343113,-22.176907668144125,105.61235138708747,73.66789675655592,-24.567097647845987,78.0881022320734,108.55922565378661,29.357447641936304,120.98460888792522,102.53539623051962,-15.28423480261344,91.052651399665,92.14303425638535,-2.704990502192319,77.01980570210006,103.02032434663148
1,40,0.0,0.0,43.057777418317144,100.17488418879417,65.3320622961937,88.75471695017278,105.11310256028324,14.998892281847862,39.82745719836898,96.57448327688076,58.50649925538753,99.798698256939,97.83367216269603,1.9247414898809254,65.22989921548844,92.6944895657805,24.434529441929595,100.72346000364618,89.02292960955293,-15.658186643814917,99.38015924334672,76.57303745263594,-27.675610703185242,76.9191386634295,105.5225515490775,24.426662623227564,123.6871772949063,103.03011218864944,-13.445230022620862,91.19033419346422,91.04287298690183,-1.5127417310417641,73.97678489688128,81.56317239375575
1,41,0.0,0.0,41.194664247769936,99.75142575614052,63.724234137939725,82.68581292011771,100.68398915121305,17.282409101107767,41.901798161486504,100.11346889657844,59.030977646815934,98.38699671773105,103.11270466736791,7.284418206174866,68.26657043067112,93.08525560381625,25.177051373803643,104.15111704411001,80.1889768703786,-17.664606798164325,100.61190948851777,78.42079706635751,-28.175313453090986,75.6388299832867,103.19679104814867,28.166853001283524,117.71599824419825,99.76711664190098,-14.597018505725782,92.57540293474602,89.69187202826313,-2.8289797785137183,76.62302656926634,93.1475698793963
1,42,0.0,0.0,40.43316925434023,99.85278417933421,54.064479239537775,86.17118664887005,101.37180935226021,14.90969050087608,37.23353421189589,95.13997869588404,56.3932686448819,94.42240024550549,102.67797597784329,3.2643653814698705,69.34678801139918,90.22968589942019,22.982620804946702,113.15263073496625,86.31501937716405,-15.219205416203284,105.12173582278815,82.80818660619289,-22.96996695605506,81.0404143379382,110.85578517385362,25.34503623814165,114.74358392561334,102.29053483977182,-15.371580781612826,98.01849787096421,97.52571976856967,-7.238754874344504,78.05803558066324,120.3122849495758
1,43,0.0,0.0,42.104463234188,96.96153692778918,67.46093759754855,80.57640988980009,98.14863001310682,16.492013857328185,43.14590512660333,101.0798056548988,58.365236907487315,101.61056943912762,99.77926477720827,8.393458817601532,64.60598072234185,89.96377005567095,25.824398863052892,104.60802897127884,80.93363837997322,-19.023599222723327,103.32917556130481,77.80609807230792,-23.035819104506505,75.5716369014362,106.49556224122868,27.141409494483568,116.13683047195701,98.71479411757011,-17.97856195821886,98.79911876818251,92.5498357078363,-0.5324821052298181,75.61265229635416,143.99854845443912
1,44,0.0,0.0,40.575850014950824,99.14695083212142,59.89294812290064,80.78518486053473,99.24204285301093,19.986089907141473,39.07600637551292,94.73359414207516,66.31607659700494,99.19370594144058,93.27606724540584,5.61503936377358,64.25368087796659,91.3672528066221,24.457214789241714,105.47159924857601,85.22535619495345,-10.718815318489966,101.4931433466384,75.83583559272766,-20.333791854002982,79.64575430889657,105.28177856438282,27.25869904656361,118.73601663628632,99.11324481871881,-15.23180509867267,96.98800949165175,90.915647478427,0.7534576983194556,72.3445629229849,93.25687965256247
1,45,0.0,0.0,37.32256397075988,108.06478914577389,67.92518562981331,90.28600181394205,100.66591503345889,13.387857030564815,39.23792639918573,95.56529255437155,57.85268757973175,97.92657521442186,97.97304606236317,4.954706047755161,63.33382864006207,85.58952332107971,19.625565955904435,102.63322559231524,83.29938082186113,-23.036285650994753,104.29648464798912,78.89329808007282,-24.99843063700857,81.04068219118962,109.8681011664974,35.14345659660859,124.42181890560971,100.23047746910017,-11.305477949279538,96.2899344468327,94.33053076610287,-3.4232808479295356,74.2583802627073,108.99781677035926
1,46,0.0,0.0,39.42262998342423,105.49301216807663,64.42226958893718,82.17407736491113,99.79760952965427,14.949311248011798,38.716969326792544,97.29611095201088,56.92481929850464,93.03949062879622,100.26776565804096,5.704148465339622,62.84843769274481,93.56723537738907,27.95539586073586,104.55204003830771,85.51338251691755,-12.945474600051998,104.3320599871109,75.76654561565027,-19.86942936925506,75.92438167059625,110.07309992389355,30.22639987893669,120.45461037464361,108.0654953845096,-15.818533847519756,95.27649493672226,92.98308177446134,-7.178717041609237,76.23175582375387,94.46721474219753
1,47,0.0,0.0,38.99206743277826,100.6833628598095,66.20722360108195,84.79263804345574,104.04998812704453,16.97520203620265,38.784025329458615,101.61696527800338,60.43132685193891,98.7646150549523,100.49017618392345,6.869597061857691,65.16743441500397,95.89110998856582,23.91877177216027,100.34181737644192,92.76053962464194,-17.461745773892407,100.39667067996606,74.92311899632317,-24.635098855766653,75.43145818091384,104.44251933608105,27.73590946559129,117.75545463769218,103.06814568183208,-14.36709607497952,101.34645247676589,98.28076694879749,-0.019277607019327014,72.0353219483346,97.56411779493433
1,48,0.0,0.0,40.84430711075342,104.64321015130923,55.49719650289067,84.92678820548815,100.90898526367883,22.07686897946758,38.06184271824544,101.69565653496095,61.09972717382948,98.81142740340213,100.52880832115434,3.5610295258414726,64.92827793021347,93.75370580879991,30.449408853572287,107.38869319353068,89.68261572690577,-16.604107476883527,102.96086854668773,81.55134882707506,-24.359474732354563,73.94523557936023,108.88432528860396,23.513585121509742,116.64571276143242,104.58881302886064,-12.94267509303885,91.7300672385527,86.70186959747593,-4.011605174745057,72.53329723420572,118.5006204709525
1,49,0.0,0.0,42.061214624067276,98.47469682738699,68.26691892519312,88.48251748919736,102.19404462689296,16.397468046807138,38.85516420860751,96.83394035206028,59.56020874003107,98.29686615562407,98.46730101975335,0.3255743047390425,67.22481920649962,91.96768268468462,28.020551143935784,105.356262550836,84.16133153647932,-18.2774035379618,102.40614926444215,78.60478660039094,-29.576464734744775,79.78782330837524,108.54063007387033,29.995187481795938,118.1559126550024,96.02019226913933,-13.955849804025496,94.1803109469128,92.34941564881483,0.6724107190328628,72.62724285386076,132.2862646181429
1,50,0.0,0.0,40.00289421062644,100.92321185355131,57.5521591192258,82.56977084071958,101.21412250237735,20.79122380800138,39.42624103872965,95.89981078266862,56.927264825534074,101.62671305685978,97.22022664864731,1.5815194456716504,65.63765538867425,88.33104900102889,23.43175580110648,102.41777190529235,87.75509565088312,-22.28201448207955,102.80147235812301,78.6335272827322,-27.624170002494825,78.46608459268859,106.81970044913429,31.201861550183622,121.30204431685183,105.18070359506065,-14.486039403970697,95.37365622864264,90.99491155675372,1.0015809952251367,75.12748331892686,103.66876606021222
1,51,0.0,0.0,42.67132568436761,108.17855160076925,62.39574717194818,84.44645445853283,101.15531692628167,19.281404373185744,38.98570791676576,101.12380431703187,56.8978216862207,100.23850568368871,96.75455709824843,-0.3702289808841983,66.18550646986014,97.01391864747298,23.76801722624605,106.48530448372044,89.39408924557613,-18.591449377885898,101.01058220347693,77.35244414702278,-25.3322908346703,77.03081270589728,104.78721261606003,31.097841268022247,121.84844231889097,101.92602025666989,-18.124088647970293,98.27434166191512,92.97030562058852,0.8767729729533511,74.32792260387801,110.74690609158293
1,52,0.0,0.0,40.87329472241099,104.15767917146968,65.79049000119346,79.36648464661783,102.98967129508904,16.77609036055488,40.769669870132226,104.29452306595213,57.31333120299729,94.35028890887816,103.82083245475664,7.0375559910332735,65.56258283832888,95.5954934097741,27.015112951773673,108.42402324322504,92.90832620090977,-20.20995562034925,105.14653041711375,75.42698510354545,-25.157681719843804,76.36603220529415,109.43222395666405,26.18031375058726,119.47277616654902,99.23961585512733,-23.55838121170669,96.89680635332618,96.25230190083172,0.5085079711152658,71.16170770400596,104.29764236610193
1,53,0.0,0.0,39.70971582214105,107.68414390427291,60.75594980086505,81.40107068255672,103.94872030440466,20.065133631969417,39.7682231445354,95.40930850401354,63.28087013045741,96.41707384035564,94.8906501777725,0.03974195329382635,65.05859984286761,94.34442768086502,28.16287244457853,105.8910865107253,91.63404022374641,-13.537069896673632,104.5109177846815,81.99946906860342,-27.972478854934504,75.87844176010178,104.18261637452758,34.44040811241578,123.0510567692575,98.06066299912617,-12.210750288561641,93.64065474827026,89.39231845028525,-3.0138063752182713,76.26169295999539,100.41560217907825
1,54,0.0,0.0,38.835585143001786,102.78916226221354,59.06615228984697,82.73352755636192,102.20368575359826,18.23939635507675,42.379222761022675,98.18141419660567,56.92044774041762,98.45642339243355,95.32962590352221,6.041800624890691,62.026779096698704,88.7558872133394,25.66337510719102,108.19462723023227,86.87594501557565,-16.24476409659757,103.32350933446219,79.0860536617214,-24.733924850905314,77.84854811632307,106.29655591178233,26.550011608079775,116.66123949305036,101.41323190156129,-23.076696274339987,98.30182750336391,94.39481299556493,-2.360329216660409,75.33727617634297,84.96190247405534
1,55,0.0,0.0,41.97575626504233,105.02817323062004,63.51171983388267,83.21224212942803,109.23541003948594,18.009799181781272,40.04694236152832,101.923919513539,55.982408485654084,92.60224936323644,96.2795261483997,1.1895949872128013,66.25698644761871,91.44541213417888,24.625799661393902,105.91735077834922,92.56997599827241,-17.86995274772321,105.53251245736925,78.65737754958961,-28.258691174254995,78.97179353738163,105.3566916997275,27.280869305825107,120.61164277008646,102.4390898162859,-18.22257707470645,92.45328303232367,91.67180671274669,-3.3158874163070164,75.95323111141188,85.07872130099472
1,56,0.0,0.0,40.414349915642354,104.64541080987146,67.04822515559688,85.76400971362827,100.1929121615511,15.314918176962628,40.62671574626491,101.14237886194218,60.34995862129047,97.71123347053899,96.30426457177688,2.39426773510421,66.50583886955945,88.18876917963317,24.287658857890687,104.0475258531943,83.03692884911868,-18.297537266917054,108.3395023588269,80.21944793979974,-27.520307622079592,75.73648112931502,113.45050593884669,32.74780169228583,122.35953186069203,105.96271111731801,-18.045308508695808,89.36501498887188,86.3887118632571,-2.477137047092994,73.43236856115347,92.6048566071233
1,57,0.0,0.0,42.74577619184997,106.58467272545774,66.89136515271636,87.52367884977436,101.68600947413123,19.380545379991506,43.34173740265165,97.81822518208631,58.09666525980276,100.52450427854346,98.32762568773805,2.683503474975874,65.74341281233713,93.51015636448689,25.228775512272833,99.21166831311689,86.85256867212544,-13.548072433896987,106.27358049073763,83.53920227975632,-27.114174018285755,79.8790830788607,104.63273679400577,34.51524758358399,116.5306600907371,104.84655537451555,-15.12141187236011,93.3457949174464,92.15516939933683,-3.7030039862520043,73.94724922831368,127.62946380041278
1,58,0.0,0.0,37.588073318451535,106.68380934005998,62.39239543084039,83.24199556827527,102.79057272319301,11.242425391948226,39.6347729720177,93.47918140604227,59.545269262963096,98.88269021869105,99.76159281622483,2.585155978444601,66.2449608859154,91.282332614111,26.12433902451752,97.83067970181911,84.47945597971801,-15.792354116297965,104.3539949701326,79.7150612955621,-25.12185311400942,76.63374165085487,104.13879240180479,23.090065355274483,120.009874982282,107.55294487152258,-20.87190591422419,95.6462057846801,98.55681786343753,-3.8904421393088957,73.61217818846993,109.56357733790433
1,59,0.0,0.0,40.692286880422046,102.87171015087425,66.21499662791604,82.01547350937099,98.10133440674309,16.303491424903804,38.45013301335143,101.36990019930617,53.43024114194625,93.51162628098008,97.44545292128414,2.460179642996427,66.83432989007295,86.95908411225473,27.662726862609276,103.78875058506294,88.88717257512823,-19.11701645397252,103.14817538884253,73.71353075111608,-23.102650791795092,74.7588905436031,108.76977995890549,31.422568153131824,122.4310000703943,102.25355032798662,-19.656005686117524,95.17517375811279,92.1747974070867,-4.269201204424991,76.04087017950717,80.09545716209351
1,60,0.0,0.0,42.80254180407172,96.67437388178138,60.86942208256338,80.88785416136737,101.3848083805233,12.464840901548282,37.61392520209306,101.30127517594322,57.58120459961313,95.045838820167,100.76908250457264,4.705980897947343,67.83655149156512,86.52364843189092,30.370143521354457,103.9693517274283,90.32213083516218,-18.783470227435487,104.06011028131735,82.74286176207036,-27.833914100823,76.46134452962535,103.30888595765391,31.03631847057079,119.40415910102767,107.25064947000415,-21.92341259920652,94.98291690519716,89.41439398675276,-3.704523059438652,75.37824405159431,128.0086980782159
1,61,0.0,0.0,42.63141783182434,98.79526341678931,57.41382409846233,86.6331320574408,110.09019159773719,13.37529968949384,40.42507024156219,99.95561404767271,58.10780568914807,100.29462714588179,99.57762472274298,2.605306456812796,68.9935405023989,94.34422711571342,22.645118790482144,102.41478573636417,83.87260732083021,-18.25215063421165,105.28484510377554,85.23617231008932,-27.09666077630179,78.56586212186556,106.67712886530059,30.794826485442528,114.68263439084978,108.2526998991922,-15.97272569388714,96.88704417776646,88.34639996419929,2.290999476032482,75.58058172502304,124.75539826397377
1,62,0.0,0.0,44.13447149568668,102.8607226527736,60.21302071786736,84.15079114003353,101.65053498991682,11.53492527199792,38.834107584290834,100.68207560215514,56.57496582127942,93.10183702083525,97.37183649494203,4.12878071349267,62.68713402473111,91.59819605455358,27.8217572585628,103.95299012907932,86.07197952298893,-18.605130346730018,105.30312301776411,75.64164816480763,-25.223128244393365,76.80567580226621,107.86804857573391,29.959892535077884,122.31121719677506,101.63916226859178,-14.273271125756839,92.55441584129929,90.53426261774726,-4.903384609842268,71.62709220490294,92.94035683896728
1,63,0.0,0.0,41.85246465328313,99.58839314118362,61.94333087147816,86.92403537571215,102.79718607631877,12.678126253646711,39.46384759983387,99.60200114765001,59.768496445106145,96.99533217921132,104.30746610201864,1.8485047118761178,64.86020815535969,87.9390462269236,29.955342044707816,103.14103194728088,81.29118433371582,-13.085381667512415,107.7304853897509,80.1063933225274,-25.592480548173075,76.89176590681708,108.90152737518397,27.439263150705113,116.32322148163247,104.28135115477062,-15.59488852942932,96.56351843329583,92.30831830041016,-0.8012975607932982,73.56375589294153,61.14872881577884
1,64,0.0,0.0,38.742625687417785,103.81072211241488,63.905628868523614,83.99278031754083,105.50079579078226,13.169145521491538,40.16391975890091,102.13067038617969,58.88351474725455,102.50417269249934,100.50688253195658,6.6952331852423335,63.899708909217956,89.5219495298737,23.69285454758497,97.90860571162155,90.3338082966426,-14.312018575105188,97.5775610815373,79.42571777399226,-26.986728718047274,76.06828399720003,108.07434421276876,27.20525326370346,121.95165250433628,99.47535374014382,-18.514287704093483,100.4807065368331,90.58852436971031,0.8741763121352752,74.04553643836567,86.45154462858052
1,65,0.0,0.0,42.67901765563809,101.48124865037816,60.28063664994781,82.67130907846396,103.86022055802277,12.884030518333622,39.75148636504061,99.68076652114728,66.62425281740177,87.72341506502995,95.30721365520898,-0.6327878821210744,62.81541128228415,85.462319032846,26.166185491802754,107.01157812798314,84.22414309533386,-19.588438554142456,103.91641375867822,74.7077549184214,-21.79526066825379,77.66556591487308,107.74042607593331,33.60452684317941,118.9249335329228,103.03014115018911,-17.315237831182095,95.2187788928537,89.77834343262884,2.445059158654927,74.45078571878345,73.82468060944936
1,66,0.0,0.0,40.365885521677896,100.76517778582051,63.047355239377005,80.01674108844901,96.0710456473058,14.150725087117689,42.836589707831564,102.97399642080656,54.509666460464956,96.7001041364648,93.64684176403576,5.081916037337241,62.96626831941159,98.73088036735354,20.450173760211356,101.86980073567432,86.51305562461106,-21.201859320300134,97.45008991703591,81.22042527302878,-28.694349915874845,79.18595892003648,101.06780612700402,32.01943803687542,113.99880276623048,105.74245232064442,-16.600152672875602,93.98609870514778,85.64994116782303,2.3503088149308544,75.2702450153874,103.77222026258552
1,67,0.0,0.0,40.74790082804347,105.28230572482491,56.33865046621114,83.97390469969561,99.17163681603309,19.323048730481514,39.25874738983691,104.08195370004009,55.331374434256055,94.82877937281626,104.15010271339827,7.088051594284218,62.15324284262249,89.80945309611273,23.295237941336225,103.58409746356241,88.18866121861802,-15.116954241368246,103.28069035227817,77.08227401284753,-23.696577554336212,77.82441874670677,104.3331766592451,28.48454020348118,120.62925441474707,99.08384233596706,-14.147074401092295,98.84104670866412,92.23261132772255,0.11254730139286728,71.68764357802138,90.14613114929854
1,68,0.0,0.0,36.43414360441493,101.40592847304143,60.58315855102669,83.15398846898277,103.34504578114037,23.551751406772915,44.37990697623316,100.73111535932301,60.20247197471153,96.92153951220968,103.01602730459756,5.359013824744568,68.2618436410744,84.94725192888953,28.86387498645387,105.03260377341073,84.26875560808847,-19.928708363396293,103.23501255699838,78.48980272718374,-22.162354596393687,77.62154339143889,107.25341561050072,32.69345378887612,118.35164792136348,101.79762103269032,-17.179120070774847,92.05677039129473,90.42669439008063,2.179296163616627,70.67922894511622,85.96957679616159
1,69,0.0,0.0,41.74103521063459,101.72010318847137,61.27351169814204,82.41673828744752,103.50037145379994,19.231238386731828,38.622821812246755,96.33821663576735,57.32363385071412,90.72480903158069,93.92707965995251,3.1881266457162054,58.6416996009024,94.9409368279771,21.34927996019792,97.53692112879436,89.05457505427545,-21.47014727305036,102.46025922152425,79.67594409067371,-23.45232898074582,79.54769782534053,107.0976445871957,30.637419635360274,119.00799828343897,106.87190225234697,-17.749904214016215,95.28854180256414,88.28778511826617,2.448269224622983,70.67292718270703,123.06290411374464
1,70,0.0,0.0,38.281524950650876,102.18019203659385,60.460249199595616,83.20900261207494,99.43924222998888,22.295198780890523,42.16007207802399,103.11493193303616,64.42482530041225,98.75972713195742,98.40143834248559,9.193325348369408,68.46062471467927,90.24005020268599,28.202764902795806,105.87636184836694,86.0465380621379,-18.565392115712996,99.73432811550859,82.626629998532,-28.683391363058824,77.36959541426538,104.55439894138848,32.19508419042207,110.33649893795649,109.02349275222939,-23.77194332528955,93.7055871304648,88.19753546884672,-8.41111962415642,75.5210490775427,113.95165179794074
1,71,0.0,0.0,36.02463240096473,104.04492016277878,59.23842646803129,85.83845804261658,99.99384452297824,22.414589844945723,40.276485335310504,100.45424966085959,57.63430875976943,96.28410898999455,100.46071513642015,1.5046190562916175,64.67707233697074,86.89273727225654,23.348524121974634,102.32421890330998,82.57317402179493,-20.626405901974422,103.49732913496383,82.17494549200279,-22.844109946276493,75.92043242681439,105.20093987056515,30.67475606146963,119.41002302382672,101.47872369371746,-16.695049388696077,97.62868333855418,95.25234268822183,1.4741974447090596,75.64920882175728,116.37967500800802
1,72,0.0,0.0,38.961325331861495,102.56393288610843,59.43457639173181,83.74017721190286,98.52603018286726,14.09289529123603,39.57462736849776,101.82670028049942,60.688781682647914,98.59750867971329,101.33813074417013,3.5476133508753454,63.21304986300178,91.3339593411002,29.33548728693416,99.61392193620912,86.7317125382713,-21.41825363906104,100.82183092165486,79.23295191738994,-24.68929155660483,75.60327124647289,105.4016094765093,24.816105052599664,121.28800926225426,104.13933364527237,-19.024458584669404,96.36537051342133,91.95243278086994,-0.33285609209746747,73.38043554881116,79.89031372828197
1,73,0.0,0.0,39.72705509678984,100.84985719049953,63.11862946835001,82.4773990002143,104.31218181272793,18.84406254819321,37.917139377234264,100.05811240368966,58.023836161986,97.41763118188233,98.78006894761768,3.870116628169291,67.29923396380069,96.56121582091437,17.986476113252294,108.40740721819458,88.86772411390801,-20.937844363573383,104.01228594233032,78.5484910512188,-27.14082687497713,78.892180002477,106.86427011457043,26.60676253523112,116.71507686470261,105.3336505925295,-17.34306650185586,89.81242648740069,94.87390625192451,-0.17605579602079713,76.18160672467488,88.24499337899249
1,74,0.0,0.0,40.112468059771636,103.94472431008,60.7515531748799,88.99095885678743,106.73504827875195,16.85632425245487,42.99413962841238,100.70701533678516,65.11641472941604,98.1439199660147,97.54457346360917,3.9459693218837133,67.42514737030129,93.03797842753036,26.337410881868227,109.9225380177073,89.88852066250283,-15.149105122959341,107.49362834991254,74.69413086527675,-27.803048756635835,77.69574948611385,105.86051849126258,28.933032199536605,115.81953239153383,102.83790425670503,-19.44218722091647,94.92980210677193,90.97433900152902,-0.3510415749899103,77.94556089468534,127.1015654987456
1,75,0.0,0.0,38.90405722345921,101.42875418055881,68.25741185497729,84.36503107390503,101.74000648892249,18.928711197451552,42.52414175225263,99.72627656083012,55.31781309415102,98.5437211115355,98.16219628851863,-0.3275178403543828,65.98347940551116,91.72316696167505,23.601751270622476,101.86088214981035,88.99346982137979,-16.324556283706638,97.49333245432017,78.95017407421486,-25.29635546098198,77.23838513296815,107.975553711188,24.402752181384933,119.55544151918936,101.4607600470423,-17.32483243418293,92.22798647795457,91.62176589302982,2.415062810318899,70.3566829745554,58.01802787278585
1,76,0.0,0.0,37.28981152943934,102.5951512882594,63.31353752363427,85.6839406576401,99.77818928220456,20.038655416974706,40.50920915174921,98.18013685673638,70.35386833473152,90.77728229686386,101.97988212648683,3.3370451063760664,66.00303862162252,90.62821842744732,24.459064806080406,101.05890609536901,86.16944983508883,-14.830743596906848,103.8010197368549,74.5990613212457,-22.169693936162275,81.82347919045492,107.29894545908331,26.620559362688624,122.82219052378102,99.32173555235937,-15.27944645178765,89.84413492365533,89.44972137203597,-3.756563674745461,77.08132462846521,89.31515827164601
1,77,0.0,0.0,41.72568964828913,102.98001022552663,60.99083524582297,84.70616950057563,97.8463003292431,18.17335261601882,41.54221558805894,94.97241536295493,66.71970805908587,92.78592185354034,98.63945340800298,1.3488214303303199,62.224372335021634,92.29216106088795,24.757113733168296,103.21174337768574,88.95129144374135,-18.07341561749491,101.28545486574599,80.54732061543697,-25.684039504798523,77.25501522401326,107.25596363381533,28.99271901436442,121.27608058492439,105.73346075939793,-18.61115585576413,91.47585683432939,93.16808998526841,1.463169566184579,72.10945575905954,79.65478391207047
1,78,0.0,0.0,41.70501649897626,98.96854063567025,64.97393908211141,83.42798667731348,102.92860965849518,18.394151036577224,42.33381888118966,95.61100248836397,57.832426347945145,97.27273119505995,100.31301012138381,6.714223434125423,63.277649902531024,93.56648057970027,28.947678560931376,105.18364991764989,85.89618883524588,-17.297670977855653,102.7004513799808,81.87183155525587,-26.529346787159984,76.69198393332285,112.35561543873348,29.413881274773093,117.79109143691974,102.46680410628356,-18.100577063611404,95.5032422909866,93.81115828941094,-6.207058131871184,73.90049630886696,104.79722515152939
1,79,0.0,0.0,38.66421929300301,102.42800345633322,62.35375081836443,84.19557216950898,102.96599048176421,21.991429483999397,41.0241702131694,99.42153184712353,63.36140326803437,98.30511334486825,98.32916666861024,8.32622295721513,66.79717977623342,85.21204377326508,26.46223023430168,105.44045160237647,87.15534175292656,-16.112846870529584,100.53620261925305,81.86956769085995,-30.027739464036863,75.50125535222084,106.25692918004052,30.30437072380801,112.84580808704898,103.68120129793918,-16.301522644453087,92.24392105040765,90.83407278357704,0.7888269433922108,71.36149313864077,94.40606805818966
1,80,0.0,0.0,39.470252591142696,103.62914919634488,63.51744430098081,83.97850128517643,96.38652398496811,9.533786785975977,40.84949927093142,97.23084954069542,64.33452638914336,98.47382397280343,102.92837677178075,2.605893106435949,63.03089717699863,89.1107904469003,24.257887842786758,105.34890647918841,85.16429264562066,-19.259570413969467,107.51072520179086,80.90778048448097,-24.896945969601077,80.83344344144571,109.44453953643038,27.68641592593236,117.5372050416258,103.11048941108247,-16.671009471091804,93.39779856147098,92.52611788624765,1.7862544511747975,75.96702135967732,125.55344056591983
1,81,0.0,0.0,42.614265575353166,104.90588747600822,65.8028672956096,83.53670977755625,97.26495114250369,13.529093530269808,41.661325364858435,100.64656223634495,59.55092314791314,96.01334998395123,94.55634467715302,-1.3580092703623388,63.7995058760766,90.55201732995745,29.102043958676987,106.1950078533686,89.87795699571987,-22.74229510258548,97.72837366252313,77.7515360610662,-19.635977162745196,79.4730082799949,108.5133780659102,30.95798824900403,121.22797403476287,106.2674260509414,-15.368046763030174,86.33393985398395,92.3581096150949,-2.6543082955785717,74.21955257203916,102.15922714134206
1,82,0.0,0.0,41.039262329595374,105.88024795021833,63.65835998335959,80.09184737754478,99.96636987620528,12.303455927521513,40.345232365758605,99.3910202911747,61.08598361607312,95.26585242117459,100.09634929856918,1.8564163564730531,64.77785380614763,85.7218572334591,25.82580136299552,103.01552582318676,85.68049167113008,-16.418175907257,104.25528236115449,76.92274772430844,-27.04290587765563,80.85065046536445,108.5192488923844,27.963492375806855,116.59670712657777,97.01839814135491,-15.427611821833587,91.94718972490962,87.97662085341233,-3.631847148239636,69.64707712766955,121.24091610581195
1,83,0.0,0.0,42.64674300715899,97.86199527424318,65.63393340524512,85.15158760945648,99.96012183291384,16.639564735224116,38.270495642215934,96.89529756684209,62.00860315539403,93.76095191075738,99.26810342917486,6.872283708250974,65.51497411650702,92.77114924075367,22.47675888000366,101.53997922432532,80.04813322335006,-18.228997716015602,105.44621734703264,77.13731776049124,-21.729531553033894,78.40363717485641,109.89921953911387,26.064126868035824,123.83454716472443,98.85191317019104,-15.47849287325037,99.35049649163867,90.0832774531132,0.4512759393342085,76.48977702861885,113.2415373852437
1,84,0.0,0.0,40.65158457872772,101.65386603451688,60.49909775450446,82.73257691949509,107.16444945840732,13.58754015323806,39.182277101154135,99.24925433362733,58.04007043393323,98.84621898652519,97.05850237967502,2.942495882676803,63.109463015463255,87.78410106242228,25.75308132763809,103.22703210527933,84.99427615040713,-16.07219147986853,100.604776602538,79.24001748930888,-30.008570798036708,79.87954813823337,109.38242926120179,27.06065114666497,114.65964546659887,99.1339450053351,-13.275972333949548,91.79830292435743,88.81544955948213,-1.7470476417411573,73.08664569533576,111.07434596152376
1,85,0.0,0.0,42.73847094174088,109.09840319089678,62.186793492991875,86.08691225512909,99.22281384793564,19.85250475492054,39.910677400551805,100.02685542413862,54.68547343625938,96.07870707767871,99.15890832172448,1.0077723974282349,65.81796348121196,94.42750717869838,26.44742557152616,111.801315182938,83.16348069557493,-20.65145795145461,105.09161678201716,77.94344409409516,-21.63866150018028,78.09489149498981,106.74129354366859,30.404418742817345,115.95274730287743,99.98859191137143,-19.362429861628897,94.16589159558444,87.1498118601075,-4.13291136994828,76.70117507551461,92.01345072925749
1,86,0.0,0.0,37.37120911726187,99.99540273869458,62.18308201617952,85.87287521519906,98.86206963270664,19.373301250502944,38.573885683997254,97.15346479018913,61.910406597476296,101.02892201055667,96.75948648942634,1.9931488332845322,63.285294128149616,91.44540043105673,20.712121384346688,101.42184484567416,82.44706730057108,-15.174537864421282,104.10408873053244,76.96496978028254,-28.68464691134267,76.80860651069307,103.47717072012824,31.3690915226384,117.42371014050993,106.6416485909455,-12.717144006903103,91.04415366391427,90.23498704773951,-7.0516966013571265,67.88471629772542,88.1562375075064
1,87,0.0,0.0,39.474803616603836,109.42334695128955,63.2051372289681,84.1349698909809,100.9786457110355,18.555564152257805,38.12014299601795,101.75048975292182,54.95276372530076,95.41844697506936,99.7629153848988,7.127050780924721,64.81788946295318,97.60832039768603,27.60760793472933,107.91746841764636,90.29932793936683,-20.480000840686394,102.40548398524973,78.06509652631695,-26.670184843506522,78.09112740136496,113.2206161233832,29.44099057103256,116.32786820015102,102.08879830797616,-19.719182016174237,89.80926135578254,91.15548631815457,-0.9933729863618342,75.10106698232087,68.85584774878737
1,88,0.0,0.0,41.54697157419038,99.46623207464015,69.26208359706426,84.42215448754517,103.89259449644715,17.67750946805876,39.185387815456465,104.34511839425537,54.694975038145294,99.69847599514483,103.80414819707538,5.013336372402307,65.33368364948831,91.68836498693531,24.639767327171405,103.31614813123667,93.06606553611739,-17.505432814469753,103.86814179558193,77.0559372358382,-25.177190273625538,81.87286371317461,109.91426653877829,28.58810657940705,116.48919808471882,104.15670436525481,-21.82595151451565,96.36871992109192,92.21061652008449,-1.3182942344231834,74.44907864600617,102.99974217130405
1,89,0.0,0.0,40.990410378641684,102.47218347276254,63.2668456999698,84.4403597853341,101.2749346959777,18.671812301505426,38.59192620345527,98.21277548016072,54.276763466489186,95.40551925936298,98.62838633145229,2.0838061841583357,62.932633031130365,90.66066410398464,26.172746969777425,101.11785904643806,85.99722178756403,-21.88690897637933,105.73846287048296,74.10338120354183,-24.536777444078535,76.45725196799972,109.0909898519567,27.21165178934173,120.96547017649952,105.25273009890903,-16.821911393277507,90.9318206748719,91.34447472365103,-3.555516669000802,74.0390708111581,90.95826539181797
1,90,0.0,0.0,39.530439434924055,107.01055147800278,59.55428271087195,85.31685677709328,102.2589588802757,9.99914197358353,40.025667871300314,103.49326585402376,59.50207862590693,95.93837134022638,98.35932329536018,3.892034120291564,66.37452828212763,94.65422854819863,18.062800937999924,104.52341391179677,90.9852190364718,-23.019317560227215,107.45811524633689,80.24110055500323,-23.72188301287766,75.1600600458122,109.0183506607009,29.59578074622666,116.46215238490467,101.66700104659526,-15.66688339656009,94.40049746538696,91.74212401214021,-1.8444482965539128,72.13019605066289,106.50435303876519
1,91,0.0,0.0,39.403370859016185,101.96614724139577,64.17861636804606,80.17249102308581,100.44965993306349,18.6875677090677,39.54487920476012,103.17867956132635,58.82358423542734,94.5819646900767,104.12070990763124,0.6025159965267228,64.9700724239304,88.80428531759792,26.949162971122234,100.1529377447418,86.5237070228781,-17.9692813152204,102.47696084114341,82.57577490486413,-23.393811788966445,75.88666570424354,102.82275668245916,36.16379745461347,120.50715064082985,100.2076927978078,-14.769205282757627,85.56539427227217,94.50162836076449,-6.446866754749138,74.39340079787249,118.14812654009839
1,92,0.0,0.0,38.68859574883431,104.00380810935336,61.95555054270312,81.70856924461157,103.6403268061541,20.396907501745368,40.28164562762339,102.48982241371242,63.4048773861477,99.00871682947866,99.62723446583094,-0.8526239242372351,65.52903543135703,94.76218188097323,28.28409995578854,110.81726373385783,85.86152458742256,-16.492919985466926,102.44643586946293,77.33368764059354,-28.2739813922707,78.95161111009291,108.63996975804142,28.966888630349395,123.2329685892128,107.52326530660363,-10.981706275114384,94.12876842387482,95.07659677417088,-1.2555906978842655,72.56647139471082,101.47048512467283
1,93,0.0,0.0,41.41403687613775,99.3828023873993,65.87943705573679,81.8123579851551,95.3340310043749,21.648486626338716,42.9857153345527,95.62331995849284,59.90569953173688,100.33265587196159,96.80786365038232,-2.7218566982753014,60.37455366516862,94.7239032943525,27.333396135982735,109.33412140466989,87.89567577004861,-18.435768176071146,102.32480245223638,83.9853834145492,-28.08897072992541,80.70669246483232,112.23664012427342,29.406549550451466,116.9720526352839,99.50458751213533,-16.614368348309693,99.42107794478397,91.0472899120595,-7.13573016401067,74.25247572833382,111.92317096896788
1,94,0.0,0.0,40.64127127923712,94.92717844767762,61.91003963407293,83.10893616096598,103.92697388627556,18.060231126347812,41.3427028972153,99.21361065318631,59.04663285078883,92.44520131361492,94.21473467106884,4.875789834308579,64.80206384065403,86.99117134992649,25.367780634770977,101.51358340095052,88.2282923427294,-18.73329640554822,104.28134650295814,77.79600941615918,-24.974343215461968,78.15116504017566,111.60670611820844,29.239259149766177,119.67493491065623,104.10025457650089,-16.45049380049588,93.23057136002548,88.31002481487208,2.146930501950246,75.84885219517628,80.33130790818463
1,95,0.0,0.0,40.86422388408372,105.45791392035096,59.1721823077426,83.57424408314316,102.63951083051953,12.203437474271297,36.72832747837935,100.40254628828228,57.91631732774828,95.36657158029261,95.6107938438176,2.297896626556621,64.34906605047496,91.21986933258852,17.471333201765475,104.27812862304931,87.95383703228761,-16.347102183457892,102.469826993267,81.99886699150709,-29.515286854287048,75.34062817043417,109.68223474853825,29.82184857390506,123.77782767465851,102.57134787657003,-14.927710845712971,94.9937515007512,88.90039616377005,-6.71710188144107,77.31458310648821,78.80972982042091
1,96,0.0,0.0,38.162380951222694,106.03164269999989,65.9260072600452,86.71062979643469,101.0813935790079,13.87408976043259,36.82305422345507,99.64840795962128,54.70850414019092,96.86832077159428,98.8140089886605,-2.5770677451880495,59.470078505172594,92.90530424440583,25.246604178596673,104.58352916620174,91.25392854792824,-25.608756563367976,105.43220200675331,77.13489556028703,-26.40519636210497,78.03986045668613,109.33611592074338,26.81356808843992,116.32029699051336,98.28224599990658,-19.904814969475265,96.32683491361648,96.7173242015539,-3.740777168894583,71.36390030135236,110.82763127960916
1,97,0.0,0.0,38.259488071168484,103.24713496553753,64.17530091123169,82.34210631360438,102.12381502357597,18.73169499157923,38.81462975350896,99.33538526315996,54.10971378268702,93.74903687933805,96.52701655583445,5.509725853397712,63.911751469302615,90.11467105396073,26.32886623872385,109.96451694749027,88.71273271781283,-20.512558106607933,106.55220372002718,79.79116229591997,-25.3958024013504,78.7898604308082,107.5441938864534,30.547976720480108,116.14192001067426,101.76170071738999,-17.48700494388447,95.86780036007995,88.50468505801244,-4.994188377094528,75.03269338276041,84.73469663532012
1,98,0.0,0.0,40.688201221988415,101.3923544988988,58.243195668607974,83.9168184833536,100.47446066830987,17.124857077265176,43.94795231638083,96.89104296601387,52.140164647239445,91.16747557809306,100.2783674647008,-3.4793568548818,63.00062937920467,88.6223526955132,28.565939504083552,108.08728239199948,83.09459521512544,-19.54128350540398,101.34476049549508,82.93258326191413,-23.39426143823302,77.30901907123491,109.94594493481111,32.429147008835834,126.78927261622628,97.80198858514441,-18.966780414847477,91.35492796525853,92.96211046224542,-4.136720651785306,81.27686784456007,103.07082956493858
1,99,0.0,0.0,41.705529087096714,100.28118270269938,68.6119000082655,85.16828801261042,103.15338378037215,13.344630164954197,41.00410920287436,100.6660983740969,57.14452539697259,99.3196350127544,102.56146837070816,0.9203416251887853,61.09134143868026,92.2167758182833,29.68048603667166,109.12929881273725,84.66274009427411,-14.979632454241793,98.38130836688637,72.91085281188467,-24.804589663747354,73.32255639885265,107.41457811660757,27.250708281495942,125.12234101718101,103.20979739902893,-14.699155475893761,89.5728770861984,97.3873918278958,-3.0834058309722705,70.22926094459284,98.69805294761453
1,100,0.0,0.0,39.03369284002977,100.83308105857176,63.44769351972933,87.47265512328548,98.26419522215598,13.823105980502689,41.27019769199589,101.63475471837796,56.88068925422276,99.27785613858319,97.99304588031997,3.485276263896653,63.16980186629595,90.31835208170043,20.770261133116414,105.18487929761575,85.34849715833157,-18.166580575628064,104.8078986436731,80.04914868114358,-28.426045786258804,79.86255417115687,109.44174455320874,28.965941002656695,120.58203796042129,101.24813864190341,-16.22819547935404,89.65446613437616,85.00672628165528,-2.4362121213953927,74.03160929982153,91.72328282752093
1,101,0.0,0.0,39.24801205440855,104.00386920874027,61.72786880020591,85.37295336139897,104.3681994858734,22.43181871649411,37.4893638417912,95.05597133543922,63.69562117376199,96.69310541802581,102.98138157430299,5.324634220361473,65.76908892740657,90.25919358594614,28.24318451756005,111.16829963951453,84.45412401552912,-23.68749500993802,104.5954936517488,82.45889362914191,-23.8870170348798,76.19550463306794,106.7970384639413,27.443501235141888,122.25132326047131,101.69949543365409,-17.533017251697196,90.09888634135895,91.2611923660422,-3.5312322689155717,74.44189785920115,118.24171130154114
1,102,0.0,0.0,41.13830041470413,105.13555662065744,60.87628700912252,91.63960119722755,103.74639542873108,15.674739003085037,36.46483197094922,101.52153323638943,57.382827438074635,91.9434004434155,101.16240842373247,-0.387896003829038,64.83921043064481,92.57645011609353,26.85821929266064,107.51970329444195,89.32644235662603,-12.845561310044642,98.09030001095847,78.56496146644089,-24.661760622261493,77.05320908386973,108.05073956949337,35.201435614564076,117.46830803892274,94.9906943408745,-19.377638210193798,98.96703498370076,92.26839612910825,1.9865948397603517,68.03902832298755,95.20242525213428
1,103,0.0,0.0,38.317353770089966,99.23177041726599,62.77518886253716,82.18277808103039,103.65026936727276,13.54092409139268,38.37420031528597,97.91207873349062,63.06964865926179,97.22772340614155,100.95093110209318,4.6769904417868275,64.9381024865318,86.66072453034428,28.302388364298203,97.62592466719438,85.48666432677666,-17.822339898765208,100.74813448805423,76.30451424683784,-27.448860352078107,77.10649260926323,107.83678050073839,33.36878867753753,123.6277987266999,104.63699063001914,-17.901289362714966,89.84770270566945,90.99576598882412,-0.5756210018592862,73.03601142039824,63.57460682270365
1,104,0.0,0.0,38.426121651442955,106.21229144480246,53.544919658786014,87.23594264554247,108.11388499021066,18.809107352297918,44.326988037902616,98.42018132590616,56.540974589108025,91.81520164651722,102.28759274094409,11.945209580569093,62.507535914024935,92.62528170330324,25.477300738134872,106.36126805459939,86.1671994668408,-15.800156641179983,101.23616748112603,76.39638872800917,-26.773382898680335,79.43220452299819,108.24940074748301,28.107462291346412,124.66786254093142,104.47174031718932,-15.859638048947716,94.02540063301443,86.11821174477686,-0.9126315574887598,71.06937169163264,131.27591466120134
1,105,0.0,0.0,39.47744410254538,99.80421341835448,60.360591478210495,83.501778937637,98.92580275943136,7.45347343432209,38.37566637539277,104.64676869464606,54.661406915031385,93.52047256122569,99.46220639477495,7.0375530796659005,65.87918901751952,84.8145348383257,24.67746204570062,108.01891416163076,83.7741189597664,-16.92985886651579,106.41343472319986,82.23754628637263,-21.02671827318668,77.20711587630072,108.84404010051763,36.09417123254698,116.28259286985062,100.08770500269546,-12.767064093286557,90.86243450933243,94.15773114869907,-4.097180080118417,75.52733683254972,96.16170774534964
1,106,0.0,0.0,41.70963354145243,105.78724731221752,62.05203022636377,82.6859517661283,99.38133362956918,13.122320711887292,38.504969459037625,94.88721706205656,54.300650896914945,93.71311899681348,99.11451380305346,4.544132409893998,65.09609666520322,86.6309001428105,27.097282356598424,103.2591511778282,83.74601322466798,-17.302393028863037,105.56531113671102,81.51171633631115,-21.837372773254312,75.46203383259797,101.75190864252059,27.748523295039572,120.64178488135634,106.86099712349959,-15.46668886460402,92.4753898055288,89.77472430745638,4.688369455913912,74.3658939184093,114.62941766505212
1,107,0.0,0.0,40.47770512860804,98.26482263471677,64.02812431624395,86.60419172991534,102.64340541579782,13.419596407149195,42.73835662361568,98.82252200775088,58.059480230301695,97.98337120309694,101.3133692042966,2.948812552894369,63.03546326965779,89.90713452860699,28.398475860991926,104.91814178601473,87.619592604142,-14.331185018824382,102.38607508715518,77.95974539789395,-24.152801881010312,78.81478527600729,112.95240941977923,25.51924793739802,115.85223387787859,101.01191769402926,-16.45594571618331,94.91867646865434,91.45700857886523,-5.0895822781141895,72.05715429918762,149.76688910047812
1,108,0.0,0.0,36.99467472372303,97.80982673479078,62.85130570083427,80.90780164119705,98.01030383098518,18.286983789914583,40.628409735941894,100.31925126103121,60.18582199994815,92.93076038774362,102.79705337434261,4.215870101605653,63.71757978672957,94.20571966015626,23.459072464949276,103.67314804026546,84.252113063882,-20.69820047679371,99.5794731976162,80.79044848661918,-26.920888267229458,80.07459615932322,105.57080116432881,30.70311462743899,122.76023047815868,99.13020368589207,-19.921884717159937,99.57833456651335,89.25458389941483,-0.61170242081012,78.22827507543323,114.13189538634956
1,109,0.0,0.0,39.08309274454003,100.68251219015696,61.26659869471113,81.44967095872454,97.02643085425753,21.265201196206064,39.46981986307226,98.03645800945306,57.978034868205164,98.50983062073318,101.38014960439546,2.0306333915378847,62.96160178655097,91.14248620038288,25.05966187349908,106.49136741190762,83.44135875388287,-15.953609511815676,108.3960198819838,78.79896692768354,-22.665953964268578,73.08116173780648,112.60433010358516,32.7109112235466,124.76761604020797,102.93374433698048,-15.436591686870102,88.54947736900516,94.21929845459071,0.5904481436270679,75.90818959931289,63.951326867406635
1,110,0.0,0.0,41.83213432091241,96.6177474756275,60.71731542305462,78.01307081063611,102.70516518475306,17.137457606524226,41.53413516328869,104.01660324252808,65.52496190441381,95.13449590904503,98.15350163605558,5.36974744510183,66.55852806503074,92.19776107151816,20.482207389977425,107.75149856651932,83.34925500499634,-21.12564867908947,101.82358957896825,74.34090657991074,-25.515248428874017,82.12580779614346,104.9250673680211,29.108390783257175,117.14866441946002,96.25040967198504,-13.970491523426336,91.23458278513257,91.36192105319444,-0.15949415542313217,72.95798389783064,130.64990656760247
1,111,0.0,0.0,36.5266985836845,102.14142951831963,58.12232247867181,78.800066762388,99.52844313671956,14.8875712354421,39.305888117433824,105.72155892510368,54.08762183186817,94.53495613550763,95.09799972177822,0.7970808609315938,61.34198679709631,89.85637871147853,23.733642909405436,106.63264933999108,83.93615659582055,-16.236935290018394,105.04531007579818,84.40036539163084,-25.395323759863544,75.01866927202416,109.67628961330992,28.14218831987349,124.0499452204496,104.49526646623578,-15.249876740712727,95.66266428665911,94.23310111078152,1.6695894286005064,77.11628309921393,105.10365193670737
1,112,0.0,0.0,36.20758636554295,105.04334568524213,62.9100307327456,81.32411966508518,105.32898719159252,18.389389210485792,39.593718648217205,98.14223346888754,58.30452876303784,100.36635001871865,102.66834332796336,4.253040362388086,66.69946812437013,86.56878270187211,24.27678012354381,103.72130005895383,88.0952328335266,-12.805806410334519,101.20234517259689,78.00890504151131,-27.10866701262343,77.78153270075174,101.82047699463315,27.708428364533468,122.53611981609708,100.24608694875802,-16.672585718552607,91.88054329626424,91.75510157086812,-2.035688873589516,70.10010902007836,68.9107763097087
1,113,0.0,0.0,39.428672148306084,101.55292020161932,61.70109326451462,83.61963910634343,97.18537667541665,17.569832119190274,40.086489770467466,102.1966740188124,56.80810148086976,94.19489365312066,105.5450439522317,3.799572505408361,64.30449724792233,90.99309783758663,27.645779072379234,104.49696941028243,86.97697937879197,-13.617601162494424,103.06879616045133,75.93850299970204,-26.73331266000536,74.67640864588756,108.88331673796141,29.242842072103937,116.19107692972418,107.60852605041181,-18.99125296013886,89.96500153679277,95.53597437725259,1.7496376786147096,75.27036018641452,113.12685736176181
1,114,0.0,0.0,44.427711870888054,102.72724085917179,65.82934191397942,86.81083811318562,105.49046918160637,14.885170752219071,39.96859125729708,106.3644824198462,58.745438695151115,97.46575660879317,102.60149142132516,3.180347485369583,65.33896531173815,93.57267251912474,29.614938533734207,101.59770862190238,86.05759305870637,-19.013236898797366,107.65389689925381,81.14919233492526,-26.52319364155,75.54402814648881,104.38541740760577,27.115452683101015,119.49687082239303,98.69104997726305,-20.69881458157482,94.45357444633622,92.09011176541964,-4.143413043783359,74.54650582430557,121.26032212936433
1,115,0.0,0.0,38.5903614595388,105.54291706165569,58.37603114380601,83.97368820959026,97.38027109399762,17.39187866444795,40.88472864592687,101.66508606565273,68.16628590078199,102.3743283530196,103.71392704331252,2.9566770440118657,66.20987133030788,91.50128392133689,17.256943314460905,107.15110298795908,84.60612896314231,-24.662869349913596,106.83428129537828,82.38789742283898,-22.10456092858512,76.52468000398962,106.50891701853944,31.53467829618246,122.08562045773182,98.53778406892636,-16.011325260365343,94.03796445923156,83.67097196820372,-0.6604804938500435,72.24241358591404,121.57678396346935
1,116,0.0,0.0,42.134064726149816,102.39349404296881,68.22029728991068,81.35167369767153,103.68413847535602,18.552761750055872,41.081826008613426,100.35116199186986,61.63739777019247,96.5068458402235,95.83286834261487,6.415685318689328,62.9639386584064,91.03294695707804,23.691357590863205,103.00418383641932,92.8683917997061,-12.217744031699667,107.66713911409882,78.31760552347534,-21.31460649893582,75.26831748727317,110.00862887456576,29.39926714590604,118.13284501442378,102.11993742076912,-10.548989498242134,92.40081276887183,89.02284304678206,-3.138774143816084,74.24660963507436,123.65345845594695
1,117,0.0,0.0,37.26941088814038,101.9237346227693,64.73488305103142,80.4291016890264,102.14416282133308,20.12689672649363,36.8168190039935,96.69288061728994,60.342105845617,95.69274515489371,101.82000762416526,0.7329413304689893,65.4005598295616,92.07426973035497,26.02416653039248,100.55904827122492,89.92621506367111,-17.43831324865976,102.94577069065275,82.73457973730214,-20.515775667806338,76.63403024331103,111.40552204530412,34.42092832512368,119.60557869724646,106.88596726936328,-19.284913362586536,94.87589498650117,101.6921649524999,-2.5939428644416136,78.41835544022724,100.65161114777989
1,118,0.0,0.0,39.67333653242693,101.5315037078431,61.53583842373221,83.8202569023906,104.6285767910004,18.306129462427048,37.60889453640266,91.47189064389777,57.25112526145659,100.25956370433317,102.39642256512296,-4.8165839856442645,67.35791071874777,86.71162384756451,24.423362820952452,100.14493417536045,86.8678423645071,-18.45908203849924,104.15730470143234,80.35787888361881,-27.675373910247604,77.02091812150444,102.0611367408396,31.18522249907675,114.68808148631277,104.17628796912061,-19.727323630648222,89.15143672617015,93.89274977782527,-0.15544860628377588,76.78982136508364,65.48077938618603
1,119,0.0,0.0,37.282220248554076,101.14559596953357,58.358944965084284,90.74151306119538,102.32092448449639,19.304260195909006,44.43907796440079,98.99822489305826,56.10257457401597,100.08782031037873,94.92964436345964,1.9722444713647431,63.39192903818435,86.66286047249558,23.109856907601717,101.05579796204812,88.72995569216623,-19.034148391986903,103.06827008724986,77.58723942716135,-22.56225361780763,75.88344375020513,114.476830054224,31.703930255362376,122.55292276078796,101.7369802782196,-12.775376584390948,93.97630083531448,90.99718378852809,1.5308555770840324,74.65823248372547,112.62084712392524
1,120,0.0,0.0,42.929780617993806,101.03509775616608,67.03707703291735,83.11436154530519,102.46116520594641,16.088474591694084,38.839416717611385,97.68229220310867,58.6858014668771,96.09894261282032,100.7918966212063,-0.06632532362276233,64.12285654172287,86.9477078023616,30.510806337187198,105.2422424565839,88.81423468876649,-12.85447413919318,101.31318692634814,80.04074902754148,-26.7897263366362,76.0329045309769,110.88350393350636,25.33552274627236,117.62461605382677,105.77389544948585,-15.384028393681255,93.85943389806721,90.76920361099755,-0.9097849059388621,74.27801787934305,111.65402109447375
1,121,0.0,0.0,38.90439565762534,102.01917988419358,67.34806494070335,85.45453648187144,96.81724676127818,11.62037410508092,41.07889071728012,103.60691577441212,62.65469377244553,96.60337909288484,95.02303231059179,7.378664219176636,61.00321959275628,90.83773371296404,29.774652593291055,107.27148115131278,88.30413668722268,-11.256489615984709,102.1091989973469,77.9673073423638,-27.445798828832327,78.37204935543444,104.81745556152964,30.789686812198394,115.8612500520767,102.05592807885589,-17.516175385578165,98.4824242621379,91.08766119847975,2.0944742714059856,77.42722344545469,92.5713112586565
1,122,0.0,0.0,42.86628637990571,100.65880155168415,63.72905570316632,81.81975414138009,100.35959447598451,20.874451987315148,37.826411940163396,95.49691278492847,56.46567593988445,94.36853679713,96.63788064981307,1.243747323641321,65.036079436428,87.87679586624905,25.523985766768806,99.19077051113571,83.76255381163331,-12.948257978143602,98.94035283494827,82.4731334362583,-25.278852325441573,74.72203909629611,109.40790453270999,33.156598142078145,119.13581597219424,105.25049008642067,-17.90819493327709,95.4365913242025,89.97595657157393,-2.8575099074194386,76.89994038748102,79.90809984558675
1,123,0.0,0.0,43.71517632505983,99.89378507488301,61.70556743733602,82.5378355431122,99.62232769805541,16.970464064448528,36.85009192409106,98.0745391333727,58.807669319828065,90.11382691009052,99.64073624936762,6.781089006728226,66.68168618413121,89.57064018760936,22.100530730826918,102.54416531432678,82.57395072285063,-17.87395157113221,103.84181258809141,73.91508059977346,-18.727637488308417,75.89741228448739,111.55341448472977,34.69664253205207,121.91310354642454,103.59000444271278,-10.75051931824656,91.48764255504871,95.35220402997807,-2.767545074336103,75.95420821051825,127.6896760810715
1,124,0.0,0.0,40.782967942841424,105.89709033751811,66.0717002303849,87.55907147235455,102.72229695737673,17.64567083780636,42.0398927386856,102.49512146987422,52.735983077934215,95.31647051277542,101.78047365281316,5.864700389077078,63.18657599842412,90.63836151595811,24.93448134397013,105.19625460481556,88.50082497366195,-21.835944269262438,95.96359810199559,79.727440912957,-27.533624373932707,78.97571701143974,106.66184292204909,33.05942711551513,115.60690227846769,102.23796744669075,-19.42900173579096,99.08490936259152,95.59311453364636,-0.03950113998807736,70.52444842509603,64.68153499746546
1,125,0.0,0.0,38.67704227839375,100.86003774808592,62.39270465245119,82.19201635498244,97.3169474946443,15.598359173876709,39.142959102604166,103.20812605528016,62.423008571753854,95.87182582332433,96.69420406235166,3.988943027822863,63.0608729026077,92.9631435760299,27.672771399936344,102.12765433515084,88.35832581280233,-18.57049009300669,103.86135552626853,79.60382703713181,-19.39722650112493,75.53053769209433,110.62517932548589,29.331875095524598,118.32188412982042,102.57759457030342,-19.218197058841593,92.77856665576232,92.26685994778427,-1.9948625783339842,75.31859199428226,82.65743976614796
1,126,0.0,0.0,38.94220758011331,101.78647324053048,59.65918934275354,79.605853866146,105.13127237238844,15.682403814731646,39.85216697600119,98.99470687601558,62.95528337561214,101.47638841835203,98.52297946907724,0.8377689184563337,61.7974025036585,92.14368099732127,19.68485835752049,104.34042554106415,90.30485382306905,-18.843837801834788,98.42171261345524,76.38618453073462,-24.150948009314362,77.42846474059253,107.72018605143731,29.1235716275765,119.53059620900683,98.98870522251714,-20.377699812234873,92.79806983254149,95.41546330033401,1.3995583246538992,76.95503443776603,83.0079611427914
1,127,0.0,0.0,38.974798660665535,96.33873976046841,53.2146133616729,79.19775228111409,101.87744739438887,16.0392468606407,37.39639833135853,101.28714115454383,57.77170564661932,98.46936698829278,98.84856641022735,0.6789069587929641,64.11631037711967,90.91713589263894,25.448329129669528,103.73578629380248,85.5850979814002,-17.906478648562278,100.49534535245728,77.71614484103777,-30.86065447937016,78.63054183129331,110.52531121346522,30.393497819782045,114.17102292568967,101.17660031992058,-19.116268228782793,94.55783390703849,93.32661496990677,-7.555411006139492,75.89757903266363,80.08156593908791
1,128,0.0,0.0,39.00460433211447,103.7999668264756,59.98529827452053,89.92596090047124,98.83715816761121,15.910216280239093,40.99559278216737,101.02400793877138,51.94583995222788,98.20540117531904,99.23390569210409,1.9656456291558746,64.36190600584162,92.08371873473514,27.974723657132873,102.30545814989185,89.18558321397192,-16.362735654339012,106.02469292397181,85.94464316736929,-26.859772687842693,76.12630862524836,104.51642841978898,31.579303011923564,118.1759948642653,105.14583549451146,-12.863158925689202,93.11529981842891,94.23002622409233,-9.424016202770927,74.51610762336952,67.5088469458026
1,129,0.0,0.0,42.74748839759092,102.40654462208049,56.099421977708566,85.57575193302974,103.40267627323782,17.095884471277028,39.00921147736838,102.68080579789994,57.29751115575075,103.03681148257226,98.90031959148777,6.961748597969814,64.35293587285791,95.88504574540134,25.83868289757223,104.98734590882458,86.84634949059527,-17.995987242030616,106.48793150004443,76.89201239232774,-25.88061189970447,79.61112160375097,102.59980282984267,31.024664238079975,118.65996532295677,104.08458033914191,-19.27172655311841,94.05371918680589,90.38917300695894,0.1274285599824081,68.63177787617734,124.56298214661713
1,130,0.0,0.0,42.14343838951018,106.66888044038912,59.40777175838538,83.1559443797787,95.23594365461227,18.978302560696612,42.821397402678144,100.66709500443866,66.09527745244529,96.64515756114577,102.2369990551727,9.250127878918985,63.73978594239169,91.82293791255641,24.90263152040355,100.84268669080379,83.24916089725976,-16.0474409384109,100.4215808795513,82.67368218296916,-23.959971038198262,76.52131825784251,105.89598169226667,34.02763278635908,123.68305468161743,106.07223229304651,-17.453211976180423,91.44829819392781,95.22702343258068,-1.9760512659435971,74.47567060788815,115.91817292392473
1,131,0.0,0.0,38.535181455514255,103.07885502158688,60.41921470027273,83.92689375033632,99.14490972189628,18.548596921642254,39.24431729296546,98.22502359893797,65.10528894807689,97.2625627088372,97.25676031907199,3.789036505247849,68.70542191071209,85.12388498023786,23.279708906699057,109.32621326144447,84.57986222784277,-17.30252488911244,105.75687679162273,76.28812688562232,-27.720773227468655,77.19487332337872,102.39830510139579,26.122279320072522,124.17475191994134,102.21263156144222,-17.13749749811272,92.4284791897715,91.94519716059283,-2.182169421611551,75.77457590252018,116.38580485378263
1,132,0.0,0.0,40.450425327343716,101.9378770770728,67.86010445280256,83.85045911128285,101.84809317750056,22.42947163848154,40.57804434008148,98.80905805618441,56.644179278656026,97.90758565236148,99.15031330996194,0.8739298282500498,61.31134018892505,94.55140848053858,27.17510350488724,105.70725581913547,90.80097829014436,-16.495119029181275,104.06377039833663,74.3728723833132,-26.477569310665526,74.27639917563198,109.6746594236668,30.779742250060757,113.39704189270213,105.19702902684601,-13.647177677117437,94.95316985849696,91.69576146356474,2.963563632989435,74.49172562586668,81.02276220438681
1,133,0.0,0.0,43.568860894175785,101.42406078353909,58.319012950538834,78.77298458233284,103.50005306253938,17.078063045551016,38.70874962621685,101.74993773358528,54.30969162839762,102.59017665040177,93.32934201541384,4.694274947324086,67.24171071376469,90.37659235835142,29.673523499507997,105.25481463266578,86.20652799476842,-19.58277717497902,107.0625449166024,82.60261260466245,-22.88544221581109,77.90463229506368,108.34181369051689,30.486531065651317,115.9555663372539,103.12693004486331,-16.484494047467066,95.6673786505194,93.30878144165892,-2.7503393083352368,76.08858296142245,89.63883239753218
1,134,0.0,0.0,40.06191298122611,100.13313315261672,67.0736538297239,82.13091405221107,100.60282096984221,17.932765910612652,42.21730901412182,102.36656175352371,52.47113619300537,101.01845354367555,99.23807058018076,-1.7504843374259673,64.64096807091214,91.95141270730275,31.705907897847,108.20451571858557,82.37398055889426,-21.348192921439924,104.57681961699285,82.0624859802745,-25.049178511810087,78.79721058101256,107.72836457766586,34.719675779108016,119.83115641091547,104.90801588420369,-17.109967887172097,98.28277070919204,90.19838007073712,4.11744236233336,73.53934261500368,116.23433550317412
1,135,0.0,0.0,42.69256981926123,100.92136976433271,58.241501505277064,85.82514124739176,97.27585673528213,18.450945080068607,39.27444890316212,96.16650102844075,64.32748376258334,91.29783604431375,99.8363216731748,2.289691197481098,65.47779768458626,87.6365915863368,26.528968685018917,101.12080302326244,82.71151450078777,-16.169319820651094,101.58541767469545,81.70051135258494,-31.871564459315188,80.55900954121051,102.69476599561158,28.79301082931181,115.09245256067886,102.81480276201009,-13.625843409344432,93.4281969567776,88.9204737402783,-0.338529678560064,76.80611839013417,99.11530739862432
1,136,0.0,0.0,41.182964328304664,101.38871653911025,65.88084039364874,85.73194722849345,103.0137937785045,16.84266960602987,37.00799650011941,98.68422278568535,55.661622663316855,99.17050399330896,102.4336335857117,2.2706884173488144,66.44035236515147,86.19215371090587,23.999663447301522,98.64689937407836,91.32658699457893,-17.648608965313343,104.82070960014002,80.56070042887828,-21.0328671044893,77.91172910125547,107.49004561830922,27.19408011724216,119.01973940084952,98.78628446354388,-16.775563909378207,97.60968113259987,92.3350250848141,0.0953334940435755,71.8412422270967,84.74301005219056
1,137,0.0,0.0,41.864809260909794,100.49391096619802,70.70149245449821,85.38147541119058,98.7781408929612,16.70105410999962,40.193670592831,100.41439472489988,59.63402090001809,96.52789672344926,102.21355528272767,4.520826164582529,66.90682550061405,88.91643750297797,26.83466616647882,107.756634766326,88.15256483837398,-20.428134050649845,103.11870199690519,76.44416768710815,-27.333007066363148,74.0970882521129,100.59175133391466,28.047384937773895,124.56806978218795,102.95672703559188,-17.68211917657591,92.92117599240126,93.30966523399344,-0.3173690579026722,74.53074169271446,79.71480817261781
1,138,0.0,0.0,43.21324086844496,103.08686910725824,58.46907898599735,87.1158218316413,99.35171490151048,16.864578013586247,39.68948987159567,101.20775768773127,54.69078402146313,95.98819202601901,94.15213393309283,-4.091353306107043,65.73527660041199,88.28774645808035,27.502524259369913,105.9252137279852,90.05465086384692,-17.91636724573125,103.13271498985536,82.56661142772026,-22.110880616997385,77.42245950997896,107.8870314284049,27.776897833183874,121.04498766517014,106.67266217763549,-18.096644362727247,96.5951254063797,89.37203840358185,-1.5319997232834268,70.50809783927029,99.00405216185536
1,139,0.0,0.0,42.44725994301109,103.99218197342117,63.12155664627562,81.93464708649637,101.89937958812031,17.67629755996091,41.72529395855465,101.8687770055326,55.851611916962774,100.77870498645348,96.69330532270699,-0.6965766263691844,64.66880222395346,93.4567759191066,29.477884313859526,107.85689636860616,89.53057959324715,-19.23293037892739,98.75061316819155,76.75240623994239,-25.306706697445232,78.34321741706415,103.96234171837214,29.481536637748107,119.96982710425395,99.66542421637762,-13.658312152452805,94.7568558089496,92.41181218308486,1.4961954046641561,73.2321758824409,105.52816372624216
1,140,0.0,0.0,37.775483813954935,102.6948010091716,62.31225292378749,86.70224328265537,99.05046096222688,19.050457204866603,40.13377544983191,94.71767841391245,61.09174430353986,94.95112710094841,102.90555371813085,3.3793386440073467,62.4509438704812,95.69311148153122,28.27877880811987,101.7419430971612,87.62181174291828,-16.922017586032325,101.51530893846034,81.55305694949712,-29.34853594540608,76.61953592973839,107.13637515554379,28.304352524893478,121.3708588022146,97.14103446396308,-14.153553296481759,97.80681223109615,93.40055201315624,1.1901150868978432,73.98917855007332,118.77882191929676
1,141,0.0,0.0,42.10981585496994,104.33048714206316,63.77790385998082,81.00011677183403,100.09893586804074,13.494178769210805,40.929443315956796,97.22253879618333,59.9499537157244,97.12426490248788,98.87452353226193,5.450662816601806,68.55816835889965,88.54768991543853,26.079216033512854,102.59288319257148,83.10534426240986,-21.460381971045948,103.31477785883727,77.11138949595714,-25.947493629208452,75.29638904787883,110.45928359374571,31.048019412100395,118.5383326100533,103.51852557072647,-17.36084285026433,93.29332452322228,90.73253903672163,-8.970880284391619,79.15063439046723,113.36101804730727
1,142,0.0,0.0,39.54936442629266,104.23034753377536,68.70359644514603,89.43263783206288,100.56766647477119,16.162290429092515,36.57251763471503,98.0389207949933,61.32874990012591,99.59118407873511,102.09277180735394,2.6176353613816112,64.80306320749592,87.5300188571682,22.193842371035018,108.79580234734587,86.55463458779133,-21.269711642684697,110.6190311778554,82.544929533097,-25.302055148765497,76.91934831855666,112.8499510633666,26.16674602849868,117.27197546857228,102.86590330561476,-14.985464480329734,96.77188076380553,87.13314225553735,-1.7742378789948094,73.25753366816542,80.12903966530848
1,143,0.0,0.0,42.399356344853544,100.31831086952606,69.07443007315015,83.24792949788973,102.41495035760443,20.24771316569464,41.96085666177939,101.70530682879739,60.872567102649384,100.5381244839227,102.46725056770126,2.1791199970389337,62.83072849106417,85.86374238971534,24.095031246587624,104.73323770728021,88.27874442704733,-18.5412488381929,104.68053624916216,78.50036702133778,-24.492499439636113,75.68622345647685,105.47652211109259,25.915778199562382,118.03001264470315,105.75453795336827,-17.18871315766111,91.07310745238912,89.24290502987496,-7.0183739367474995,77.2621115270177,71.04050307224608
1,144,0.0,0.0,41.95042781521639,105.25478876283961,61.24793947506478,78.87878924224358,105.1983770639287,17.567560166211436,41.38161307376139,102.36748217828885,57.004355436143896,98.704034146807,100.3150639800304,2.1305874295146574,65.77048720971439,90.4097495212653,22.251730833252104,97.2014771218125,84.84784139297919,-18.031393844151257,104.34303754167475,75.41099393602998,-24.500977863766803,79.85260749785228,111.18590679379133,30.10837928850647,118.976071083263,102.1107153581567,-16.161631914635745,98.68868856454729,92.84642481006878,-4.857354906143566,70.53980776575071,136.13832028530777
1,145,0.0,0.0,44.12019859929266,106.82267149131945,61.13544749912201,83.85952319088933,101.01959852678917,16.082154180621195,40.99481900007089,96.00102379967501,58.940996370517425,96.52353699908865,97.02066119727671,4.470563884017251,63.53797880047495,91.08407670986463,27.414519285541697,109.42799517172625,81.59581539339425,-17.74587549737262,100.8711678157138,76.54996191737662,-29.73566627561537,78.38173424171768,107.74627885823352,30.270958836666154,116.19002133447094,108.28202138392784,-12.219224747267086,101.00904468785919,90.6356200960769,-4.40550756626273,75.22254303812933,93.79457077304535
1,146,0.0,0.0,37.65678160476527,100.99737831300052,63.03766197608315,76.15489123141708,104.38853641017106,18.156001935612327,41.754728492106814,101.94514036650253,56.93076370159676,97.65053726993273,95.65843626156699,1.1278028048657474,62.285778227280694,88.48393060102948,28.331655546452453,105.34443172014056,86.28664470678649,-19.21394061510345,106.29827942454627,78.40053647554477,-28.487567348675647,78.7250603984114,109.82889517663051,29.766232610776335,116.34481101018702,103.64239374624202,-16.765367121552405,96.28991624081918,92.28441273057729,0.7122867309004772,73.44614691509959,80.47148825273042
1,147,0.0,0.0,41.94283612482863,102.41284128040516,63.44760626650529,83.7930340020927,100.50878680893436,17.133062078258828,39.648215624798354,102.64725844001676,51.13050618314382,97.72191503920166,104.30236914319586,0.473581825180978,62.96887627107499,88.13138260477605,26.673971681809423,105.72758006883714,86.68602108196528,-17.576882613160432,99.14751045749995,74.77130339857892,-22.456721355748748,83.33200222454394,107.11027744044097,28.35040051694748,117.75951100951718,101.08095724286737,-13.07742633459867,90.63410951064719,92.33482272306833,-3.440441445994419,74.01157714332531,115.17836742016844
1,148,0.0,0.0,38.229175041844535,100.33721599831237,63.716774276639896,84.23827201739073,104.46645150991536,19.866576378115806,39.79804785739176,101.14188300825053,56.24178093407324,96.74024795600542,97.82951009864442,5.852608087312651,63.958307949668736,91.79514348507925,29.27448521313266,107.52832839163746,83.0398069173398,-20.951518682321485,97.60063305453771,77.61057635863568,-22.954910058553395,78.20157496533733,107.26734592248295,30.190934753028277,113.79139077587487,100.33607148217848,-19.340542162460498,93.87455259104688,93.30441039386108,-6.243766327744497,78.84010830571768,98.19166852897007
1,149,0.0,0.0,39.64211903655249,100.89675546435635,58.739330241532684,83.006433360863,103.81414941520376,16.95692881091636,42.94969587409699,102.33707354135406,63.44478906143042,94.18130778078931,99.21654230346036,-0.74148265217302,64.42064148800992,90.37845923056457,26.46781765186396,103.65982955018285,88.90595635713007,-19.66096337387202,100.88220574095364,82.19598246201917,-25.63517613477379,75.34124872579801,106.90209664616415,20.931701419905036,117.5546586178269,100.9459559430818,-14.604911115917538,95.04724556519722,100.53430895373282,-4.678631217661694,73.61698208112912,89.11804971105668
1,150,0.0,0.0,43.240969733217526,106.31126311552521,62.76593856460389,79.20381414614727,99.71641603510163,12.11484403797701,41.307593991931434,102.36503687881567,58.47919669635402,94.00367137971578,100.18252120086449,-0.8136325914727056,62.028771103212385,92.00815742973784,26.77892672102476,106.99306754914466,86.50277404218114,-18.205418595017974,103.55588239712996,76.7598103179557,-23.565574867619244,77.94775942168248,106.0817173106368,34.151367011459044,115.67316543639159,102.10472156873655,-14.32024164932107,92.70568615277921,93.36364316919388,1.1062132037343133,73.82144168629469,110.18808571363623
1,151,0.0,0.0,36.957595252208186,103.73936041915871,60.94985318305025,86.5372085513806,97.944930763494,16.817816108675103,38.1423177616761,102.55031663498234,65.28874381279073,96.85510109081132,100.30901789613142,1.9683354473863113,64.97966427747026,95.0556527425588,26.802356329562375,102.99996909688119,89.82728654000536,-10.481750610912965,98.93246562460777,79.67163888809112,-23.53224576450561,79.297101006439,109.73571027934588,32.80544939862111,122.41996419512066,110.44161832596302,-18.585745091030972,90.89971790683725,93.30798444159454,-1.0110583480770332,71.57416320301989,104.88026812790464
1,152,0.0,0.0,41.054705241007426,105.05275062981076,64.1116368688533,88.21203527848901,100.51042022762945,15.97863153552672,38.16832769387077,100.91948627970484,58.86653700281505,99.54389151167447,101.39321422315822,1.9433416955711817,63.16092271026419,92.47628930756197,23.647216210084007,101.51630042849695,87.12734724181819,-18.7343429706832,105.08074921590993,81.74111932713994,-27.316338726005394,76.71053959251758,107.11770904524528,31.816624129975672,115.00993388460815,105.82037258599608,-18.84642303893823,92.47626320319041,91.56568610625114,-2.351171888934482,76.55359556807196,109.52497934584869
1,153,0.0,0.0,40.26179456030619,100.77046276018503,61.92258014449973,81.834363383565,97.49347678666315,20.88868483653155,41.3181404695805,100.54201248467471,56.99216532871285,99.00702261022573,97.56359354084921,3.876479993635449,67.50083221823053,91.34042517114798,25.014938660993682,104.97438536216423,86.12882646438544,-19.952691287311797,106.80220564062766,77.26828899821005,-25.21857561295761,80.0510452005969,107.10436364130935,33.34387505795297,121.55468429933562,100.42389382478045,-16.107609752146963,93.52598288633342,95.86443887857004,1.5166653192440958,72.8634080308238,54.38178898497031
1,154,0.0,0.0,43.353138547745665,106.90848512719725,62.61220642050848,82.78259365852394,99.74777435858688,13.702490553788273,38.602298381431794,103.11897576381816,63.4612547357522,96.3924056671923,103.64545599714555,0.8432280435856976,65.51755352589042,89.84869507415098,22.05894641954172,110.27642153976385,88.98621442907071,-19.92947297127989,106.72887843723072,79.31051654917242,-23.100548606331905,75.38772119700852,112.01848339600207,35.0956580394829,121.54698013564274,100.22776844081422,-13.14422803794971,97.29721035892915,94.04934800244361,-3.918039889672027,73.71726040961411,100.28231564649795
1,155,0.0,0.0,41.46774525988561,106.5613428168854,62.158302416122545,85.5920984806705,97.40187266356011,22.8080873458656,38.21551817529649,102.68725724755801,63.56226753262882,95.16304554405072,102.21070792080369,-0.6706622328221483,64.52176095776868,97.97592778362124,25.22964113179041,104.68483133105342,86.09814793420198,-17.737220089511833,104.98221399903717,76.60659506964348,-24.071091357360157,75.13254392515425,103.50005990044416,28.160821782500065,116.43004317365863,100.90124489684656,-22.62836661993076,92.65566099936231,93.68088110488162,-4.372742627595821,78.11384311722756,109.76626340212226
1,156,0.0,0.0,37.65051491930888,104.02517890297682,64.4205160516955,86.38660270524842,98.40518211916489,22.921931916891396,41.74939095202728,99.66828598397348,52.85356948888471,98.58448347796387,100.01726304085068,3.2584177816712225,67.24340857994757,92.78886932993345,24.151077077713808,103.15817805660804,89.0103002584654,-22.381571382582987,100.71365981120057,80.80103226068758,-27.32177249588173,78.71398876271304,108.66864449972574,36.17819518209176,119.98755119490258,100.09211318626964,-17.077134196945313,98.18032953225543,90.9034037191382,-1.7068076897403384,75.07902981940286,119.09026791216267
1,157,0.0,0.0,39.07515361709839,99.11784054357717,67.30547275904853,79.55723289665308,101.2142229292218,19.04480678459259,39.404573117098266,100.54959770661385,66.65704841860352,94.08578599061055,101.68157131066546,0.2955778019016373,65.69597099669016,96.79058587740207,27.689038549152453,106.32447047435961,88.6359578200224,-18.366702788397056,103.07573231887693,80.49009472634503,-19.958824283930735,78.31320967552729,111.9817450120363,27.81880657418503,118.02736602200058,101.71465167206911,-17.391428153054868,90.71821153355057,91.82619689562583,3.1022965984210584,76.44084641152763,82.94856330332155
1,158,0.0,0.0,41.85716602893009,102.30624287727412,59.130887539806096,81.4804133630698,99.10870111050275,17.12562165858182,35.77721035315777,99.654056156587,63.806347382543876,96.09295002036347,98.91220122178967,2.0430217939680784,64.6882690962238,92.20009181371839,29.51396864194944,101.51507457052381,93.26052172893891,-19.928151190098873,104.03657072349756,79.76870602540308,-26.38953142532515,74.2938038074346,106.30840878126381,33.01799569885444,121.15975362551191,98.83158118535688,-13.554811010540185,93.12033308945007,93.56383990973936,-0.03500739833218747,68.11624090478946,99.3631222012245
1,159,0.0,0.0,39.625375027089845,100.45174548481926,64.64053006033517,81.42445656476391,98.75679463147036,18.59664461153021,38.33207095767092,103.05691305943716,63.84270408326427,93.44095484250039,95.82100025233139,0.9411620691494145,62.048614222519724,87.10138743506526,28.48568650579847,102.74276166158876,85.23280038191078,-18.453046804095926,106.94322367812593,80.24926309535267,-28.732123452052406,84.02192189144363,112.39494473434692,30.930760580547815,115.96907595469825,103.52519349021657,-15.979556439171937,94.74788482263237,90.68435861340618,-3.6581705030128746,73.76536249502576,93.78948084534217
1,160,0.0,0.0,37.72711317339881,102.30821606333281,62.331622607787345,85.963856450228,92.39996584059094,14.712508104566663,41.72736341289045,94.58512986116715,52.85897400405691,96.04969910210016,101.52198755566098,5.791577809114193,67.13122714373307,92.23953407527077,21.522932561644517,106.81396561630629,86.06479011915327,-12.172042832899093,103.28500199648515,83.66360138509039,-23.79012980528192,74.23632539362919,110.37320043376168,29.96551469479404,119.88712224070078,96.6673004422029,-16.742233700059142,90.02072531430031,94.08874915911977,-0.38701956204381727,72.14459647858816,75.04006482035128
1,161,0.0,0.0,40.23918821481164,105.14195599908126,61.3966202020229,85.10208730687523,97.27938481823125,19.247474911990377,40.86235043617022,96.84886911699698,52.828931761252505,92.7377690701265,97.52331643273658,-0.35784104956580354,67.93584542586306,86.79314312616471,25.597946873038612,102.45259582415348,84.30240504029496,-15.013908946825511,106.73664028281377,77.78382531462047,-19.976822421232594,76.75496485569155,104.8528472681151,26.420695211584118,116.33805648808352,102.35725731605271,-15.121865256770956,90.04566949146518,91.08763399199263,-7.337322052385547,73.77715187800005,102.43380416807129
1,162,0.0,0.0,39.64974131171103,99.99470891954424,72.84301599921328,80.25500183817725,105.41856123311052,15.484880566996575,40.26770588156351,100.90538985647595,63.94639905657628,97.11571911860307,99.75047864606682,-3.856876963127796,63.65890175487703,88.21092523201472,23.12833790055442,106.59169856437305,87.40541662293722,-19.46223790372608,104.37338803270953,75.29493210285595,-20.94125472360292,77.73695986366766,104.93682228313882,31.645633439275304,123.01823218536092,102.45342702014197,-14.930045217478343,91.20340208139324,93.94708609247925,0.5104540600915124,71.19153982130973,96.27408545073503
1,163,0.0,0.0,39.73509882500659,102.65491234879191,56.79748601693586,84.15524197559651,100.53963694168891,17.00688653189091,43.67472103438876,102.8988832738873,52.71623299753555,95.06394384703734,100.28659414365445,1.7022740650828638,64.36110780018772,87.95232044821087,24.379832947219118,106.14588697383333,88.02162467972879,-17.323736061356094,101.354886491315,85.78897692594143,-22.703014422576974,78.98816187902631,103.39877908511728,32.5485465449586,121.66719975226142,100.94683242353585,-21.38326350893705,95.77270341277637,89.82437510827029,-0.5734971046568178,76.24701825838038,80.87143649130411
1,164,0.0,0.0,41.19286705694536,98.09748533415784,62.42628587511134,83.24712298292616,103.51134157747703,15.287101671668397,41.49518788104239,100.68467906263326,56.41238094773574,96.43480045860225,90.8164680826309,1.9305122763838538,65.07181387660907,88.8058664874547,25.580783895831676,100.11332415317774,89.68383949144832,-17.94313688401803,103.24822192591175,72.72715906932437,-24.004036173895408,78.12631367226278,102.470028334608,27.939593882775057,117.75199865854464,102.62504419115784,-14.87631451836331,88.83398283604319,91.21106515821606,-3.0442668128652173,72.69589274438862,115.82651487946617
1,165,0.0,0.0,43.03542534299546,106.17102199520437,62.11289112443363,81.46406005581731,101.1901911946231,17.305163135427687,39.45361626536022,96.75086519759212,58.19186903179017,97.97134660973069,99.65064716030645,6.08514858707495,64.9267610333661,86.96964906493379,25.985302415471285,104.47121030007635,85.75782914216144,-11.882191865913219,94.4561855136024,76.46711482517743,-22.048684213117042,73.55666088604772,101.07734169223545,34.60340838852351,119.81103065948892,99.17781587710721,-18.8632116373051,92.13082681874795,90.97204045151119,1.6494428054527415,74.481022761805,88.52341796993426
1,166,0.0,0.0,36.62193961130248,96.74948129867472,58.03974078171514,82.61091422000274,103.46511343069464,20.781293994016682,42.92516624752509,101.3388132544642,58.891846889511626,99.10586577773465,102.85446265927469,4.053084289192027,64.37908587591053,87.05411959624713,27.23142476439601,104.31248097457603,88.72280429799827,-11.649639747386129,97.30956143391927,78.05849824866279,-24.667223930905614,81.78004577598416,108.12385840974932,29.889123536478884,125.42901729412176,103.40317435461496,-22.145192229832812,92.51120916739433,96.77136284171738,-2.6486112844416283,72.62329917238864,127.00211509033781
1,167,0.0,0.0,43.437471995595445,104.18916298419342,64.24302972169939,80.48490405022484,96.73542501037264,20.83743737501031,42.852613120089565,98.09819338536239,64.6380877268952,94.06475127224657,101.18038456292994,-1.7050039349811863,60.54487107264022,97.21772165066783,25.330038764578106,105.04068272451629,86.90678207951086,-23.37513146924636,105.33223905907661,82.36205151768948,-26.819415129964096,77.5433518696372,112.39962669910314,30.266058568517835,113.7762102725821,103.96203075768281,-13.33080042073058,96.55963470028459,95.17964149328796,-1.3738335536417683,72.8154667051165,78.34233257584947
1,168,0.0,0.0,42.24392889564206,104.13296046496946,58.48008061413675,82.04576742126747,96.52290509354151,18.502132115244173,39.73185421004587,99.85120643018747,60.14245976168361,90.70488165483647,95.35757763559938,8.262318321694108,67.35148301091995,86.34903511075947,25.671099723863872,106.62270227538934,85.76160302077484,-16.2144758779178,102.78686112751318,82.98877555546693,-22.320205401753018,78.57120956365846,106.2232971641759,29.27862160847269,115.5073033202308,97.55261251639739,-22.733523948488735,100.05591536712897,97.74980527545478,0.01232644872292843,71.45768703807215,52.468964179479194
1,169,0.0,0.0,40.19077515068844,99.82310498523063,63.71340476618899,80.75477100642713,98.08186419160567,20.666737042831567,42.51759041341129,97.64036476345301,59.83867372830875,98.03223648659998,95.34022941806097,0.5393279261481938,65.95835466988927,86.73138331340445,27.118510116834585,102.02176254591839,88.51093252493273,-15.493807981108203,105.50712780258243,76.5740406867149,-20.642178038182863,73.54506181156225,111.42860149887,28.695039838469064,117.12790406687232,98.3135828782041,-17.701120665160342,95.45882188344771,90.33506117494764,-5.441913875722789,72.47594901812953,65.63638993245236
1,170,0.0,0.0,38.58595928622082,102.95164995398089,63.28583280054789,83.33521786909317,94.32109605793576,17.930524904486063,40.16341616088752,96.34706272323159,64.26292818205857,94.46795289754444,104.16256274519932,0.8658830742770625,63.88361519051683,82.05968637446709,24.97600970757883,106.4281882715542,82.26174550079747,-17.454361410449273,105.9136873979974,80.60402754367026,-21.339702657702574,76.93317170634774,111.70946289787307,33.45360472424839,115.3715157452917,99.0282199894089,-18.135008709150306,96.8827610454731,91.11575132097263,-3.802971293710212,75.79601225031293,117.96229271334127
1,171,0.0,0.0,43.558549596681836,106.40597721178955,61.14031330250337,86.99416443120577,104.53832042557772,16.560166729298288,41.065260759727536,96.57103091416896,63.01490067569611,97.14284641905189,100.66555553262221,1.8193698681259347,64.1648996700074,93.3643867424025,23.89548232073512,100.71656545275708,86.85274049383023,-18.397770178709713,103.51362231050624,78.8693976602668,-24.123887401142415,78.19966003129107,106.66766075234833,25.36688665115235,120.29125192067545,98.89838529021111,-15.293933862090757,95.34352253281727,98.90303059700862,-6.899765100558733,74.65781275018148,82.34109742097067
1,172,0.0,0.0,40.60937181823037,103.36388107033346,68.7187192788754,87.18053483260549,97.99182364108735,12.678257597519233,40.036356519410646,109.72666235288742,53.94827719291629,94.44385580219655,107.65121258891436,-3.5098500101459678,70.19648846972234,93.25123242595535,31.539982537090417,106.31859396004424,82.35449847479106,-19.579723595001873,101.18587022255473,83.23670858709741,-29.191376487846515,72.42890540740555,102.50215890817198,31.310343625233525,118.02759994735985,102.05408857251777,-13.6038110495795,91.20897099736777,89.7732309272244,-4.93164378914347,75.86683898877446,68.81965588320352
1,173,0.0,0.0,41.59083762004229,105.56693154838973,60.30724607094249,81.57765492107,98.1750664791486,16.92884690733863,41.19729434646126,102.68951601166034,59.04208993878165,95.7690356350869,99.45395274208124,3.321311797605473,63.200924348330766,94.24082416197848,32.994871645556614,106.34521702528691,80.99910897283421,-16.34927640435399,103.62263356598052,76.27591084838402,-27.944944127863373,75.0571294157667,108.09751911016367,28.22553190491832,120.34514763175818,103.13010225967288,-15.54663216891649,94.92993731003169,87.7580190831294,-6.404516008758023,77.77575956195223,94.56373368352867
1,174,0.0,0.0,41.80050397946073,104.95279750406456,52.68873121502031,81.1043425434653,95.2680771134687,18.743364004887304,41.174594123956126,100.84004441615252,58.38501074653735,100.27578588967643,102.06750154130505,-0.17811451031263115,66.02893326615514,91.71607395393926,23.23660860940459,101.4254726736577,89.79024353158113,-17.26347251599268,102.91028786733092,77.3563920385678,-28.68226692840504,79.97614598404061,104.77993267306493,29.82547309894726,116.55784815428177,111.3695138564334,-17.922646246947256,88.19040816373605,91.37275271771742,-6.337729903457004,72.4222835962198,75.77272895063894
1,175,0.0,0.0,40.055459078642194,107.08242877523394,57.59636939996664,83.49393154459175,96.21978361174483,16.31065514182139,40.65130567662067,97.95532590201135,55.05923128054698,96.44649684742474,101.26552262075627,-0.21100816932976718,61.56671470100626,88.15906683292475,24.299252788658222,108.39549931539925,88.60211267909641,-15.169492753717046,103.55149769858808,80.60577178558952,-24.98610972638367,79.14071497334221,104.18992117200604,30.858527118017413,124.96366918476144,98.49400856599796,-18.138078969098903,91.16324228809916,92.79785223451185,-1.7778258709030246,74.4726832796932,113.58592557764808
1,176,0.0,0.0,37.89086212341526,109.13971784638852,62.5873235286145,85.03359224560788,104.7854837048005,14.065672420992861,34.42926800087787,94.10132511079695,63.13103057953688,94.7495010365498,97.93170440766367,0.5853707237908123,64.74930088014342,92.16017553168709,23.49005378150556,103.29943008780891,88.04710374052529,-22.319678236891587,104.17816354766933,77.26878242494988,-27.93291590443837,81.2111727218539,106.51627063089455,30.93442823517709,123.11899959011403,101.76493852740941,-11.790765436912295,91.85692590975749,91.00934478376631,-4.387318258137371,74.90300245381492,149.71402870711884
1,177,0.0,0.0,38.18559867424237,110.62477190149285,68.03060500492717,82.41657345346468,99.39316041519268,9.920096686123268,38.391329437239,101.77880220217676,60.805040917606945,92.0650292120912,96.51860066641648,7.33314934606961,64.58435353118581,89.46164933523517,28.052150971244124,106.75337257794654,91.98887909777821,-17.591659114172963,98.52916428410076,80.5335843775498,-21.32919105379811,80.22026953095634,111.02512962450106,29.956880338738497,118.70089141533235,105.01064851664741,-12.498581085709848,92.9258551878904,91.23648359054833,-8.024762546800208,71.94409208879561,87.90263965287133
1,178,0.0,0.0,38.729822335648755,98.2711277768556,61.80694867286953,85.15835358984478,97.95657197146633,15.3614553636926,42.467076850870825,103.60042148397706,57.21010324857446,95.807748499764,93.11081008785911,2.9345161139276565,66.91344994835762,85.62369412121167,30.24985631837066,102.50550675608083,88.96750092204523,-14.201617537402091,103.9991687243427,78.44493209453175,-28.025105169881734,73.76402277106554,110.45031407122555,30.990412716178515,110.4246661435725,100.57097101274336,-16.70075524315021,96.7758760960776,91.61443330289413,-3.292744047652476,76.93805102378039,78.31323409740307
1,179,0.0,0.0,41.92046798777295,106.11698715348378,59.93626582600547,85.12986163447533,107.37305757255305,15.235088908387787,40.52950902558407,99.2053773924622,61.88276028599571,91.60773760865857,99.76140085668584,0.4137269240815269,63.31960954311186,85.37100042526197,19.740739120067705,98.00308634742639,93.16400636995735,-22.47894831923831,104.0639826829388,79.51931875052212,-22.89363859718021,76.63462780921918,106.81353478951351,32.42422711665285,118.68024343543655,98.27191934098967,-17.587352672359554,90.34049368327443,93.2375434661009,-2.3292289991306285,75.01642235312102,91.9249009180762
1,180,0.0,0.0,42.49841333159195,107.35073735163293,59.209448833161616,84.87039285358021,99.29172769061925,15.670497903465714,40.79663205015309,96.34860169518599,61.01976502290875,99.0870367414534,101.9632671943692,4.30705311457427,63.84616439918042,90.00950992980081,29.211597596341274,96.99571048114032,86.2170104208893,-15.923850578209196,101.19120251808604,79.73836220997227,-26.579953340791704,74.15224510373434,113.6451379314209,33.598807803096896,124.73794470210439,104.70114300813337,-14.242454892887089,88.20731782877922,91.24591648887908,-5.253945694527028,72.02152792449732,102.77917517170907
1,181,0.0,0.0,39.00003930902058,107.63500579306623,60.30697994075467,86.52029707592368,99.6814439717259,16.043883152284785,37.468088588609575,96.11178182973624,60.87083922208716,95.94339318631582,99.1540671277664,5.854304951229407,65.79860550279493,86.06401842568806,26.934057397808104,102.91797928121238,89.58402662160687,-18.461105815678508,102.9226829646094,79.16562567132624,-26.861223363015366,77.17930836660527,100.89961585478234,28.119785048779796,119.95377216852177,99.55633392034159,-21.667418021607784,96.54634845381372,92.9501575075277,-5.174150130646057,76.06281818768763,94.44748999556853
1,182,0.0,0.0,36.36952837560694,102.9139119767616,59.189307193878726,77.71890448510104,96.79589283962915,19.085596153752007,40.04415615671463,95.61037548936237,54.07695450803412,99.25615078599688,97.87898411168041,0.057492412638375345,67.73327061692369,90.75689745292482,29.212467882609598,106.01871439388353,88.31237218404237,-16.545783749188246,106.4727770200134,78.6608045479781,-24.3281079901242,76.26884107242674,107.67030858643507,21.314445081859656,123.25509562322496,103.73998189554864,-15.990842231083477,96.39956298841592,91.9063775323474,-2.768748100249909,73.08648795056783,113.02163964369366
1,183,0.0,0.0,37.78990943511193,107.27615632868452,57.304781820467134,83.46195611932232,107.08252794135544,17.67769287753275,39.19455832098295,100.80230183502721,63.20296236698097,100.4023547945796,100.38362201490096,4.070423151883201,62.18302747648378,89.33924579190224,24.215705363628786,106.03964083342797,85.79246725663344,-22.02682981216222,103.99742209702816,77.20513689985343,-27.181056488824026,77.97680504645766,111.37770802438655,28.57773910717099,122.09172676607137,101.93843368622063,-15.663633776686789,85.71733088889293,88.38689437316354,-0.7646577797836991,73.3556951651468,70.69684888559526
1,184,0.0,0.0,37.51188900122584,103.70135396628629,57.32946351638791,80.80540585560179,98.66334372491016,15.445154085811593,37.16262301701174,92.63184534403129,61.405895261871045,96.36978397088896,99.54535861072317,4.342841441206275,61.73257051669391,94.17069127693773,26.982987952485143,104.28916015445529,86.11723733352054,-16.973249569622293,107.92654333076806,86.76335265211254,-19.82861069640317,76.08595856855085,102.28776060625724,31.99530533212928,119.29379661802562,99.44460155694786,-16.357037169183005,91.30473003278735,95.85302329424721,-0.2573646263690881,69.6066081046745,92.6904926238899
1,185,0.0,0.0,39.59187562964748,100.7022738622606,71.57100289794259,84.47925419475084,102.2152726380946,16.531223846647812,39.160511391035776,100.27439305816436,61.61906234042151,99.52860066816183,101.17765341275506,3.81419138815846,65.47205701467027,89.82449741659443,23.298542026622826,107.71003879417879,85.73553712025185,-15.891543786258318,103.15187745865869,72.45330058409704,-22.09119650732427,78.80738722673453,104.36963303663886,28.60166324885747,114.87200370256518,100.26301609276129,-17.106949127578183,93.53698262194506,90.71176699410495,-1.0660089427345887,76.91341107143226,106.152548155058
1,186,0.0,0.0,40.350216351276224,101.88826390933238,60.052550519293035,83.75244077410828,99.30955270236477,20.11656339992625,43.15811623653732,103.51153313454424,66.43902917465076,94.16552472880588,102.14120945093357,6.41963980055899,63.80874733331724,89.39188309185067,33.64834533797699,112.57254905449615,86.42334929512984,-19.32661157778577,108.37482942625044,76.48503493091853,-22.196657353393025,79.74460952440296,108.27647492143993,26.712490697298854,114.80310819639261,104.88701890206602,-17.385332314792997,95.89699516339611,91.40673253114352,0.45679929773652317,72.59027036434611,107.983924960656
1,187,0.0,0.0,37.31072496937417,102.96342310004474,59.82764826136798,86.89504482031478,103.15949961279475,11.130461062634396,40.995884230869535,96.57078877697887,64.78429238387609,90.49841734786652,102.65091426061937,7.620674523164846,68.11932147786742,92.9347516816287,21.166916914767924,108.3959072684278,84.37127000847123,-19.380260120925428,106.26260262143663,75.15938202790691,-24.441019724895927,76.98742189571047,106.43731928455342,33.471022233620765,117.87196109268051,104.28078688312816,-16.097584492825717,93.082080375192,95.95403103938439,0.6339858189799497,75.00061353565226,85.05116726041086
1,188,0.0,0.0,37.55743680118094,108.07410113315927,58.642019097898284,87.3054415132476,101.46928386032685,15.090877623045001,38.13431016846881,97.9371039646815,58.934389860921854,97.35207392306651,93.2707352379199,5.776333001940028,63.69401167910572,87.2087561640423,23.020441934456592,100.5754566560197,87.66216972029763,-19.478825249539746,103.89212621667609,79.91301576643285,-25.345667184022652,71.64750310329467,109.20856664735356,31.81850624542537,121.51744075569385,103.99789903737494,-16.25362861635588,90.93440020996326,91.35006359053065,-4.766071150648447,73.33077073018522,159.85556879474382
1,189,0.0,0.0,44.344785614583714,101.3036716476,62.317344356424336,81.42382350825814,101.48235775168241,19.080590138755337,41.50206815502726,99.17412298477683,53.97962091527066,97.73140600681455,92.39257080517895,0.5992647168829495,67.38170224899592,85.1944415237597,32.29769901493423,107.26841395296607,87.37808115472093,-16.33809426095939,104.84959890013677,77.0593743400496,-23.65550373007948,76.43454722515064,108.3458205153165,28.333914199643786,116.23133555410485,109.61078775465329,-17.810216285413944,87.26341502964685,98.72258775863953,-3.77764371015079,73.09376506822227,99.49926851518642
1,190,0.0,0.0,39.614467487858136,104.1201244004744,62.424484021729896,83.37395261985918,102.01380614131388,17.215013431182253,38.846559297484056,97.04459605283775,59.16084479019057,101.60591481423043,96.3085135726436,3.834257561531924,68.09911758460687,91.06512814773039,22.362309504800244,106.83912056076458,81.4538538179439,-18.57531564432326,105.30474505012977,81.19247661166035,-25.930970431859702,77.83670876080987,108.29286887772267,33.73359963739696,120.56401015170603,96.56929918627563,-18.864316194310312,91.19582177287516,97.39882431811465,-4.915549433642146,73.4782162133621,73.25583111091254
1,191,0.0,0.0,41.74247717030865,101.43010601265622,63.71559999030459,81.484533333577,100.87716644963828,16.01257376652246,35.433970733913846,101.03480713874721,54.12423103753358,97.33743676679244,95.78529801024534,2.279293588251429,64.77725994653674,89.64253615788755,24.19709417636115,101.47979908750526,83.71942361200666,-18.50385687287683,100.88279015714485,77.63232576854416,-22.327437168258687,75.39245807925779,104.39739182080164,25.066271397710096,116.46657785389539,105.6589517361897,-14.587906722216115,90.41117764902609,91.66995285556564,3.4780388825217585,71.65991596113626,109.33986370150618
1,192,0.0,0.0,39.570318179837244,103.52498961630133,64.87322379532381,87.91687686743316,91.92137549952847,20.58230733802222,42.40316660353895,101.42362230706486,61.879508440398126,95.93074046033395,100.22420280668413,4.825198957725623,65.32882444116186,91.7066915192414,22.66062465708417,108.99120813364223,91.13536921541011,-18.220669079736957,104.8148764978082,79.83632065252033,-25.720917171297128,74.92498247851644,108.25361475879437,24.83216619731503,116.66673742214188,102.89133756818869,-15.947605874808968,93.37059870712902,99.18209770648768,-2.682703747932565,72.99886319553524,100.02834495398271
1,193,0.0,0.0,42.50490533491029,101.73818730546874,66.71396571873542,84.66924117952185,97.7115957437025,23.45082253372229,41.105990858479494,102.17021532666124,63.3216551707915,95.14579616935187,99.72429804802775,-2.152564173163662,62.499096631902006,92.32923109347364,27.349278625495668,109.96868861415511,84.91475302172734,-17.4077425526291,101.76747800392918,80.25605424320207,-30.436284964827507,79.6301324886721,108.4164185888773,32.916554368245635,119.61080729455794,106.4884929072502,-18.229192887320895,93.4565418353647,91.05551070588027,-1.3542823291515445,78.0728501953836,96.70241955717468
1,194,0.0,0.0,44.040678142336716,105.52514757453076,60.36008824345892,82.33921662491673,102.59269222543719,15.565539907300275,40.737988503154256,104.3928429129106,57.37490752634704,91.96515999805142,101.46007252804866,5.147089240916204,66.94778619880576,95.38363823413123,21.734935564863036,100.87235665251866,86.46061046727338,-16.611165402778553,97.56270462588515,79.06839797178564,-25.640060658190954,79.16901812142605,109.27510363230063,28.121994681289696,115.72673894121874,102.87860864145705,-17.22825858725264,96.04393575213732,94.29414338462574,-1.4548528239725096,71.04067868746705,80.68450279429456
1,195,0.0,0.0,39.53361312936299,102.50320701507286,63.25266237756274,83.99964111783237,98.04338349014213,22.958103311370806,37.77552162656781,96.62828234102368,66.07867542750282,99.28668493508984,101.89777825703351,2.817404379814851,62.06774475551649,91.37697336394889,28.10477446617488,94.60773724349166,87.94922860295449,-17.652065433279642,106.25306395330323,75.38605658848594,-23.431316185139078,75.74827279462929,109.92457237014867,23.92223544959078,125.06353412591788,105.42370200209118,-20.992007975490004,97.01012219138272,89.7829454954669,-4.2180434468708174,72.78358845293364,87.98100011308182
1,196,0.0,0.0,39.252399500956514,101.57584337009499,68.32119139989513,79.95413374904312,100.82117877463715,10.958349904262878,40.68905392835461,104.67365587680476,63.99850956119049,95.48088930643456,102.3263055590152,1.501719227862556,62.51465704459539,90.13786649544035,23.899585631432267,102.00256153894648,87.69294422730496,-18.014341529555136,102.67831235775299,79.06902033375071,-22.313684192098496,76.33694748368036,105.87265178762013,34.84362516782014,117.90281066049924,103.86207898110864,-14.872961552345055,96.68439385102317,91.4926544234333,-0.9004018024126828,74.28800317634338,123.34616291325042
1,197,0.0,0.0,41.89166939712254,104.0903515988701,60.69437330731053,80.78635916416678,98.79645500282706,19.124596573155074,40.62901425854868,98.94154172804896,59.98512693579997,96.68637983167987,100.62792304748369,6.1117428818333845,65.68781953038479,87.1411139152771,20.478663972528896,100.81463556305783,90.1867272409018,-25.690954081843113,104.5900982017067,79.41224399770672,-22.373368021244925,79.50540036044248,103.32925061928,28.89652004066534,117.41007847571736,101.2050061848685,-12.420199742305432,92.33150265526547,86.62290388808907,-6.219343310808757,73.76046525732974,107.45995591639604
1,198,0.0,0.0,40.76220391300119,100.05809351121519,60.1806346264814,85.74163871081913,100.98445746689659,13.803074801067568,39.768450500339846,95.39963407282896,58.950216402363225,96.00765045626324,98.96242838626755,3.329502760361746,67.26871426944258,84.38235981601942,23.914501619649073,100.44896466636071,85.45576150287953,-15.64484955334034,102.88765193969236,79.70417493060256,-24.686888307817355,82.42312500667705,103.27330679749183,31.659945786990733,118.43509952576642,106.04064600788368,-12.145306103879472,97.01901689298013,93.69700389997273,2.5162666126100524,76.1432880025424,92.50037032243917
1,199,0.0,0.0,42.17526143592066,107.5870914250047,64.78161986476499,84.83211196608892,99.76645162164525,18.653175844588826,39.23980086054664,100.09829716348403,55.835058286817585,96.41287416330543,97.20334345487431,3.4609503927380416,61.809988712949554,91.19718674223148,28.40073882929601,104.28316275241788,87.04396346209188,-14.520359243019659,107.47866730737945,74.33802841988889,-20.194703651123298,75.72840949823214,107.75771001568549,27.1511776101769,110.91146384799406,100.2591267211695,-14.363215931309062,99.88278143253666,89.11042012006175,-6.176338487012395,75.95067056679189,99.2885973133384
1,200,0.0,0.0,39.57510437272433,103.01268308698369,60.31437531572432,83.57480001523535,95.97832885201775,14.647784261117057,41.30851021241766,96.17328617764345,58.39264900187273,99.47741779415557,95.15721558402275,5.838200504092523,63.06790671115937,90.55850615819595,27.80192673817718,101.57095968268857,83.61938726720064,-18.105207057484332,103.69440205924367,77.41164086361943,-20.918226480724513,77.80275943646573,103.27553282815931,27.836447603480337,118.28202612476997,99.8604539792084,-19.247424425563793,92.97682814971573,89.58951251337957,-6.052457570365341,74.14491454392997,89.23403948825373
2,1,0.0,0.0,73.88074139227774,187.78156187254396,130.41223863998147,85.02525221435175,182.05045948852478,135.38051802721287,100.99247742750372,243.97520727694464,142.8385356352315,94.5389773090751,205.19131733252775,107.94320230825619,53.70589524761717,249.36051954654548,182.91728318616745,73.432613593772,196.35636440716132,115.82687594615795,85.50962719722438,216.0596439142955,133.235719649395,126.80747425660738,208.86476629480856,84.3986929007078,43.22515746917301,192.7367828420155,134.3727928780656,107.76483058539463,188.31405258092002,90.48386754920939,53.65804756701828,81.26828459542068
2,2,0.0,0.0,77.45321499992735,194.6272156606428,111.9650115614814,88.95153910483481,224.12143864937568,106.50686275156815,96.05922438159854,257.40576080392185,159.2600411987179,102.09898636709733,211.5676896900095,123.64059797874842,55.35555734248824,279.3577558079066,210.2734295504966,69.139898579168,206.2616987804087,133.05683885439703,84.61195337957697,207.86118930285286,121.36449978655766,124.74747446028448,210.9527844485168,81.5670753937215,46.69803059796186,200.72473645490027,160.73880395341928,98.09211881593625,209.4488682313595,88.42670329620276,60.89889058095061,92.1395357472691
2,3,0.0,0.0,79.56144506810702,205.65923288478012,124.258474564093,89.07563178960115,197.46442136949014,124.8043205073474,102.8415400138005,249.7028220200663,152.8207826989904,106.44790763508637,188.6619703938051,96.84920914631338,51.39901104456541,256.177215657412,216.89649130068992,67.18646105196483,190.33661220654722,142.62266385862333,88.39775370955618,221.7306562320129,130.35917204067985,138.24619371941813,207.67054618268824,82.39444111437577,45.67989795469484,178.90579493515136,154.65011961323532,116.00901099448318,164.3513503816456,82.49470814735378,58.40880231950502,85.42310941382884
2,4,0.0,0.0,84.35728660151187,190.95104138668495,113.14981752198747,90.64336734723754,200.8027657769019,120.18780056065107,104.23813028820207,244.18302280842323,141.8477576495012,102.07145642590068,204.91548249033613,86.93383062298773,57.36419111897028,259.34020589202913,178.6560801085719,71.30245581092656,210.03914803746753,119.8195505824013,76.76641005168959,213.55756804066488,131.65567660150884,140.36270263240954,223.2455749538702,92.91542328200804,40.701868807121606,207.1185660475275,162.03235401606736,99.30579658462973,187.29482270082028,89.78556247707287,59.01606655110595,115.31381280854559
2,5,0.0,0.0,83.14652071004784,198.2820368508949,111.54816412665356,79.17695401478406,197.78228526383748,115.24891321564557,100.3729632688509,243.20922605408614,150.24460252898092,103.71264189412828,200.5877081329493,94.19492943383311,53.55667057728902,256.20638667417535,218.371494860597,73.69351654548255,210.1218655776311,123.41837975359519,89.84509004943044,224.54402544673354,128.47195767081445,131.1801439803736,188.41517427544957,95.77911696814316,45.02671433748297,211.90676164590423,164.1086740661251,97.69673266050488,174.236293830411,103.3421564056593,55.891587268016345,47.924089520053606
2,6,0.0,0.0,80.8592978784835,206.69285971612072,103.20529035317725,78.21382001839147,198.5249214835943,130.5458608726085,110.97229219183326,207.87633964917416,134.7828522382879,98.51382533163166,202.2809918834616,102.0489093667114,53.34156727542334,279.8804882321485,215.59330176311087,70.3333140004029,211.53501512168958,124.86983050856318,83.12234304868481,227.8103119115554,121.43028587217029,132.64578441503346,203.59246397510964,86.49505529647789,44.37704170052236,195.75699201231663,178.17703085323376,106.97691375930302,194.34236124651596,84.69236402822087,56.4362820906782,125.3148545063503
2,7,0.0,0.0,76.84245562109602,188.96351943078983,113.94792753853098,87.62103648560867,204.0206353240301,106.77826940493279,104.32055031544212,259.3499132519677,155.76213732224443,104.08586916402457,207.6816890116249,116.33486016528417,55.21775589437981,236.8120076529376,196.3166383907988,76.20158951383512,200.8302632022272,142.1490332053107,82.29882235925992,214.63852499241784,122.30009737849181,133.31277689215034,204.9250039283234,78.79726044642689,49.828920857529695,196.52814029593262,172.5487562487806,102.4841287506382,183.3726473438759,93.72291301129069,59.259582073022536,123.305557884716
2,8,0.0,0.0,86.37591431761189,178.10023574923744,120.13394197884277,86.7419948522965,205.0201877275485,112.57167723391609,95.44760980793319,260.756178526284,127.8583458913828,94.14094078561641,211.93669975731785,117.67534590929732,52.78149484336899,256.4608395442815,197.24477340914424,73.2267607850659,192.7674591341596,132.52533020896576,93.27502127175374,199.75249932510616,117.90000147069189,137.09775347698871,188.11323226998428,78.27638561447453,45.01217596476247,220.4496719870611,160.91860133668533,101.73051862767858,206.23550629835083,84.08287569903706,58.461097143706525,84.5830421407134
2,9,0.0,0.0,82.39797207983375,197.4965385738842,113.8168460116802,84.76486269981761,220.52002877461373,130.63611480229133,98.69741064307107,285.261027195874,140.78181574182986,98.40814936206476,217.4529349255373,115.26783946891808,56.812160615677655,240.73457224166924,176.71497955895222,69.31287695221236,194.07426202024982,124.87138256939832,93.82130565791631,205.9829451336534,134.11934217611244,132.1269602580142,198.55220401891572,86.02604670736562,43.07690016428211,219.3584439840531,169.070134981605,108.22422946393935,181.81792532091907,85.32373352720258,56.30573315063838,75.97750759146638
2,10,0.0,0.0,73.89538298881611,196.97841425778248,113.84676001742433,81.21548982452094,212.56210971365596,108.63425135223963,94.54697571181896,254.28374736219567,120.34185156394113,109.03092390931553,198.30280167430496,95.49857126843229,52.98389806894682,251.40181508316232,181.26541049542675,72.82507896989506,185.30325054609986,139.39981009133513,92.48968473932595,227.7147374492997,102.36123410495111,130.82759127224452,214.51572870880867,83.17842174157735,43.55794540245312,199.34154732554538,153.25367545741142,95.02024732786354,196.18851945250952,72.83728437072162,50.130470411104895,120.6386553320929
2,11,0.0,0.0,78.43781671802228,203.48006104685507,124.45519763696123,88.894817794698,207.98634782665184,119.74520353588414,110.25799984745044,246.47746149757663,136.10238138425316,112.33583361016865,217.10863801361893,116.00732133618837,51.87231051187657,228.61151551190432,190.29022249102786,70.0790547056231,204.19935101394773,133.9209903886201,92.61240368825732,231.27132450662236,106.68474022411067,131.02800803043212,228.34567345834466,87.74283194299136,42.72454136072707,219.59893441841885,175.97121291023242,108.97361735234787,179.41933282981955,72.38071946987576,56.79131079612856,89.98742284977392
2,12,0.0,0.0,75.97919968929841,211.5776796548743,109.64454710011948,82.49583261829464,198.47036086380297,120.80826597334864,94.88281097278504,243.38944084941951,152.3184499549668,109.47684991531739,241.67528249974612,108.88657728124333,62.127001497094426,273.6066053098647,184.6622377084386,68.12781095439699,197.18169083652555,115.4108647173309,94.40079862003728,219.0721529915696,140.14448266483336,114.27725045462154,219.40645239965878,85.16847657510179,48.250493378007555,198.1646430574401,141.26355288374833,107.98800287844769,186.71872237257696,83.86275467970678,60.214738272097485,82.88526304755624
2,13,0.0,0.0,85.6483572346768,211.08731326062863,118.23735624439907,92.57345394370373,200.24839923894618,114.01931921238058,93.77892840743888,216.43518410742033,134.03135218374712,107.5036904799851,207.14285588582777,97.44084820671624,53.03941654212346,252.74435567127333,189.2896899664156,66.34521481134091,202.01490013817633,135.96677075882843,90.23886718804768,249.5719201499493,116.88106516834215,130.4755663450601,207.47241818273912,79.8138762219867,43.71121511410974,214.20045267947845,174.60489990023376,108.9388372836823,173.44750406758513,92.15856306532795,55.3620276265732,83.75193885106
2,14,0.0,0.0,74.071481528694,188.9866461923906,121.27619014068722,82.61182918160925,218.48427122448723,127.75630363691701,99.37058240750254,259.909522086603,143.66995689659535,96.36143147551341,203.99010825989237,94.21544642759528,52.24172314555801,231.2140475877882,189.72533106576165,71.67496270826041,200.16004786491268,136.7582001594841,84.30666030428269,210.0347954105708,120.21352674063047,123.45465716257378,221.57181724604516,76.00457241412471,46.12308558072775,218.1283202979774,169.59896014425246,113.10876413900493,192.50553321002712,83.04787857308172,61.205141347137356,132.51842412424995
2,15,0.0,0.0,79.48688261274478,189.6454759437979,114.3904237388131,89.72072033671581,216.27271511327803,119.14223199705168,97.26867839299162,257.20542610010153,120.22677056944156,104.20167195548804,207.77022698545957,97.77318833489791,56.99794949081873,254.382540273834,167.8073754548221,70.70843776627368,192.6859641861317,116.08993860859903,79.64825032067114,238.6231751634373,128.35996831773264,137.46270507168566,210.75846669197446,81.3227997029036,44.84300607671843,217.33970114534566,151.2272813291019,105.81375176351662,181.42485262532998,95.41086197071755,52.12442069204655,75.86184527351861
2,16,0.0,0.0,75.04853306476367,215.06579371458645,109.69838769207914,86.90584640129512,214.19630555590518,106.75368490927573,99.16798097013458,210.9951352947723,150.1887014804478,102.99988684556617,196.12133753519706,104.86464014207026,62.091767621379816,262.5074134217977,203.53214047020842,68.48570678253567,218.18704758976332,134.7754759363003,87.70413793792724,213.56529698386754,119.78531410140384,145.7717768180824,226.2077769223074,99.328736531596,40.663908808943106,198.4297558478245,158.30839070304285,105.37212868821243,183.34465484918653,77.78155814577096,48.536408765502024,79.7557211327863
2,17,0.0,0.0,85.51986854971904,192.35800944145706,114.30407449681505,83.80340148132642,188.6209267805483,128.43287090802514,101.07108271089047,265.13807468320607,144.47787672116425,101.68710804492076,203.81338552303927,113.1821739358637,57.649088403800135,257.77100123639235,221.24426353468502,69.94669324310982,187.98939415012651,131.8631313418821,89.14301960854904,217.13788371141376,111.87172069176728,124.12294089371532,204.1778451385925,100.2806975055844,50.734806186524814,195.85736369573684,172.17772092768524,101.4683213615985,195.66474593883365,82.32827972154384,57.698076060387756,86.50372764251803
2,18,0.0,0.0,82.13067397722446,191.77569575018015,115.79389642859513,70.75804475224346,197.76852511590516,127.69794209201723,109.9485674898009,259.190439676773,130.9554323771668,110.55657727184219,197.87114219213095,97.67564509265291,59.94943524866032,230.4842986140576,187.91236807245076,77.37639943261136,201.68555288155284,125.56993926065638,92.04032788518066,204.44967550351183,116.64728266217341,124.35944398812704,225.8416522349975,102.42579614075134,46.31567084927102,206.30805524050604,178.49782487094228,93.4667489500295,212.0158196199523,79.23849345890389,54.630542012819035,131.3057592700047
2,19,0.0,0.0,82.55584512042908,208.0388835990915,113.38484125721796,87.78177988522596,207.54789004060373,127.02804931437922,101.38096421297061,257.3278142604828,149.91084729482833,100.99849080858247,206.52180003830304,108.99084606650142,55.09167635112318,284.68907278141006,199.3132131268446,77.05611107681646,183.10528018611552,123.5744961401273,82.68800988321688,207.57576246392557,112.47857695078208,126.77371925695574,206.21008174114718,71.86998834676832,41.69601612826616,197.55393608120423,187.4044024107457,110.66520371773117,196.8344864506906,102.0859420250824,55.37687858209335,91.00611901172203
2,20,0.0,0.0,70.84478002387985,200.1027386644411,98.6736658107163,86.52120906030787,216.31296854600805,121.53201347940139,103.36270147254547,241.33237606191656,154.1120202243437,98.8493344891006,207.92142343406186,93.81253014027473,52.07002697298872,235.00177063073727,207.82644538107826,69.50802212825022,223.51853420888918,127.06639115181558,92.2450997760352,204.24558587092213,138.42110674155984,125.90988139016387,222.59505976717378,76.45625956502623,47.11107352041353,201.14483868816313,182.27943560358705,101.80455867457415,178.83897576553423,78.46855316838518,57.80163820373343,107.67482113728677
2,21,0.0,0.0,85.55126389318431,222.24976224102403,114.84958814786265,87.95401373059278,194.01624319954286,116.1238482905114,97.58343244011819,270.7254579447838,122.7906360287653,104.29280161611314,216.50458668816572,101.84643605853722,60.90925963306858,253.7124128076368,197.85291065737715,76.69843173681772,197.04924415212363,150.04640135430728,91.70976461462926,199.8095251003611,122.24631487621609,139.3315671102573,200.69888123032715,86.58623839863021,46.28943491183436,196.23357173233546,153.41175616751588,99.49044543276821,169.48882953837503,104.8380461449872,54.12317382801212,117.8780795903086
2,22,0.0,0.0,75.6429711809687,210.868366101467,126.25008649707577,94.60497834928383,216.14002964644516,145.92495890261128,116.48002438941899,254.30457571759283,134.1187864293395,97.71714807329789,212.08252675977766,95.53112293034543,55.139101429970154,241.30540511790804,202.53423821420526,79.31095988091946,238.801116576012,126.61383729306674,98.69547931252279,236.21311050062536,149.0554580342259,133.95442522355972,217.8753501077399,84.37513727394288,39.736644169757284,196.57191766604035,171.69515789614414,102.8052561883642,183.3555929442121,91.78243375555593,57.905634506714755,67.71989635359404
2,23,0.0,0.0,71.84807268478481,188.68187061226502,119.16388282408796,91.45462464297528,180.90261253596958,131.93239953479872,116.0679175393899,213.85344314758495,128.40195085957342,110.76175120664638,208.5920860161054,97.75064882281,59.703980829732586,242.5389449630157,200.15615724388886,70.41946457431897,187.8358733113759,134.9203894215766,92.8580418107238,203.78684269695316,123.90783221759862,119.94224973783831,191.96816136553932,81.29142911944322,45.88805960176802,236.80011801462345,176.74702342729785,113.94506497143601,178.05590055002602,89.99452181227362,56.273566422057655,87.34748073887211
2,24,0.0,0.0,75.32277894829198,202.9482612709063,114.36223153545345,75.05323746039475,211.8825265608341,118.48742378517322,107.19618719058603,258.31026067453433,117.0620531332891,103.9425906337725,192.37425497225712,99.8639498262133,49.69609094556295,241.62395619639224,196.9070835857762,74.97572886891903,197.14283286835814,148.0376321672669,87.64536080426434,217.8005590024705,128.59063438885576,122.32733585516803,212.59432804976282,86.36517133964158,48.168010604463795,190.5112780391538,148.11722747505866,105.51080325492488,174.40601257688192,90.97793354782699,56.57310119292925,151.95020094373814
2,25,0.0,0.0,71.11926412305567,201.7742201679554,115.04587079210849,81.81605848753716,199.62580656172082,133.45178738903303,101.55657039970025,259.5468565445426,134.1272074933098,99.21247158435813,229.60484090317252,115.99452732893941,54.40700100623697,202.98459051171005,208.2919308583577,77.26488341483055,227.65156219002364,118.74274707807679,91.14338829255432,213.00711266985675,137.42148364336913,120.64704694601335,210.89695429597896,90.38654500561478,48.5881926432175,213.34589878034956,147.7766588201348,98.63379225162146,201.97871325792457,95.63382075465208,62.68268723255937,114.94616935807981
2,26,0.0,0.0,74.47369050426587,192.20982194840798,106.53126325924407,83.54491037980114,221.8894688547111,137.04885721226233,102.22497549223486,237.13760164891647,147.39957331114394,107.16302162074459,214.7595193499417,113.06539418403861,52.94794968194263,242.86731168594739,199.60255116768144,71.61867078860516,193.3571863394316,140.94616550903396,88.07029586750225,213.56581775859743,128.4901246225624,137.10470415430567,207.36132194549415,85.8685744406793,42.496169826132075,189.96843742291895,168.31554322981862,105.65178353088496,215.70737015966085,79.84365007547044,55.75918738415412,112.96700639832474
2,27,0.0,0.0,79.48081695040297,190.49438692075617,101.39229579863363,83.59439845515594,188.5624291412689,106.80890698561176,104.89092054573291,264.5623242546456,137.7357399698511,113.36045098034218,206.6040857849003,110.28302549605347,56.17401999146247,259.87755913155013,214.36064301975463,69.52707093439565,193.79597797715803,116.62005328672355,96.93801983763743,223.0067852586054,132.25302230233808,131.21795309644241,204.65862465420864,84.73369551016486,45.52736466390964,216.73128074531206,153.65335309517388,109.48871032317182,161.88302618269785,92.24243091888958,52.47285886368075,80.02821767410276
2,28,0.0,0.0,89.35973558703402,191.500198311849,130.27335468831194,79.34234295661787,212.14232544345865,120.96332847917938,105.6744442989674,247.0224248538973,135.3224781692888,111.69610395201204,221.68603780798674,105.36943364340716,52.73407581569383,250.63265966388468,192.63324187416126,71.82807443814508,222.65601502275211,138.39566947874712,88.47288959638021,212.53496162662873,126.91766831908208,127.63665514818402,203.6254536852964,84.67625567410022,47.453848324504264,207.32079162348433,164.6735895373911,108.37404897430869,205.07864496558363,82.76836345895127,54.81623414786617,61.82633627780102
2,29,0.0,0.0,80.90845099866567,194.43921433834865,118.36723334934055,81.80022507874958,230.84331541651082,131.40342460724025,110.43171032491685,237.35552366223828,144.01734048402776,92.28923436915436,216.4518955375933,97.3477888578116,52.47117688297599,233.09062910504596,166.86545680007703,62.86704878030619,199.5114148507697,126.18584935966408,83.16308881875662,215.71362859992698,119.72014198845936,125.45298089257673,209.7179087713509,88.6279592953309,44.36302734736228,216.64757400374057,163.86825963100281,95.54322704293988,189.26314435503915,92.94803365369597,52.24691717933783,120.45354920324482
2,30,0.0,0.0,77.98392963953752,197.47115817485903,113.12236604562095,78.92825410317377,222.70351979121588,102.91030830070822,107.07515345012483,234.01882562969027,142.3026326505676,103.48297845870195,203.0906506718196,103.3086821144927,53.74974857207298,269.0975692941675,190.4543742102996,73.94029745005805,217.28708201873158,140.67573752766947,96.82022713459128,220.90960842209424,136.19410783212103,124.14064520771433,209.96940463626422,81.90133266090675,46.035503448619735,221.45452026572303,169.20647473688425,101.61882199614764,168.9511530708681,82.09964386262337,56.95802513332101,117.43809665376203
2,31,0.0,0.0,77.29697596592828,189.64237981274496,118.6391927518111,81.0059896961285,200.4728139319886,126.70206510355831,92.09788631494887,227.98160015318936,141.92070793957606,99.26172468933005,232.54921075559687,101.06746920177721,60.43100519186079,258.8337127919378,187.3666918430216,80.62711972928268,204.60944036125358,144.31726279573564,97.8838312759288,209.25667897841078,105.58918701105466,131.2622108411028,225.81283372834784,77.31619046530913,46.856720734109,180.63560218051376,160.88404185891497,99.50063472131842,206.0997265722747,85.67837634717647,57.58116134936077,71.49747452212193
2,32,0.0,0.0,77.36102167570765,179.71675712537993,100.29348936926738,94.905097400284,196.894159609876,118.66722635975638,102.34617743325667,230.05182816367247,145.22863866358043,106.61546127067506,191.5896221729112,90.81924069764048,51.49159868193349,262.523522037725,185.9439373091708,69.64317174518374,208.47004983982018,142.49675845670288,86.8322076231861,188.98940037818866,118.44556976847979,126.16815160887788,198.8176111088374,74.36299081795741,38.30712441967365,221.95632189211616,170.97790007475362,101.88091013436716,182.0622172075923,87.07958511372203,51.81769626204054,91.33565853856567
2,33,0.0,0.0,84.9733740312289,184.19979913025642,117.10974309491763,77.79265151093674,221.66537441138473,116.65696024890525,108.88291145122882,254.09179304389815,140.2895687197026,115.81117414547693,217.76530626849473,103.73930840499784,49.55102009614409,240.83836639927097,220.40560890352842,72.53481630842009,207.7665773710455,135.6420519601219,93.20266692082919,246.7336240079229,127.44846704456762,133.9895165701719,208.92015028529323,86.22162811693437,48.579871276057645,212.8185984434154,157.62142247072845,102.45144967034956,179.08365559702884,94.16553933874748,57.270792496491545,83.78756419418842
2,34,0.0,0.0,80.81187249587397,194.9215484731169,119.76278859692401,84.49506245390394,192.70228518517638,135.27502205948372,101.30316191402575,268.3217312427299,140.1819508085505,95.09165494117428,185.75513679491627,97.27367021276835,61.7512461641281,248.93602889843962,197.93802345063636,71.47171089469956,194.9018340220707,129.15889443719004,88.22370855618769,203.6418153437666,138.15851930844534,135.18378117654794,203.2407747663667,77.75172853298272,44.620099528374176,195.0049531131221,167.4331259412079,105.48743147974614,178.97540436006113,92.6171664736788,50.911196559768136,113.86966615243014
2,35,0.0,0.0,85.48287616777696,198.3338539726669,115.7905227305617,82.78786312282476,224.61285206960696,112.12459797534224,96.29459088808335,260.8082890819469,128.4239023221706,108.78843063823993,212.40466816300793,105.06644663123538,59.5467494326553,276.147541954443,193.92403987086087,73.6571430003321,219.67876651950266,128.52251013601932,89.87304750046398,212.8925089425293,123.97620663454981,138.84856913997788,222.444036886121,81.11434392760329,45.32043813283984,209.88415806168263,154.96533919955388,93.82083708031149,186.45744175039107,80.68081350374099,56.243290191043826,105.55563948394924
2,36,0.0,0.0,79.15602383216367,193.66137525498436,124.9130066205623,83.75424913407312,210.73416907792392,108.94705888803298,100.69591487188652,240.89454235716468,131.7797431040056,99.0420074673467,179.47574493060793,119.89379458480262,53.51242080933513,212.40374971347444,188.88957341122602,77.9418175806776,199.20660588214628,147.15001815301156,90.86800587134674,219.16532610765765,135.19057906577444,125.89870685657867,239.57190942091444,71.73898150149839,47.11793121223233,198.7063527186812,140.48861079434138,99.1628925347415,193.23379620934662,93.54157220720383,56.057508085413865,62.185127110898485
2,37,0.0,0.0,71.33485947123728,180.8619637556027,116.91967004077267,89.4214558517003,220.8778366090784,121.80025086002775,101.90024868494562,236.82205786929947,136.48010681483944,110.74460305887352,203.82003831536915,98.0362309030134,56.36690593054959,296.06098013258736,216.19475970347776,71.68011921375827,199.61416571399408,120.84394050556728,91.80233950647707,210.42196457821336,103.98412393437968,135.2743740515634,234.553128982331,77.05202452773267,46.84292475586848,195.23567397444953,171.64491464469452,98.24563902465638,209.31994121396784,96.43007404564196,51.21793166071631,116.3616974691631
2,38,0.0,0.0,81.24393895756238,199.787864977623,110.92451868610001,82.53708995625836,219.9462459495102,141.76452503270903,106.97375627188653,237.75323485906753,139.47846030124512,108.97319391520047,195.401718348968,103.9634143933322,53.025885826853276,225.22910288835635,205.03636372075144,69.57774039042165,199.3470534459581,122.8582224917531,85.64506553518842,227.30242785477753,116.7030335548468,130.88350758924622,215.09898192371045,88.30854120586024,42.19114993061024,179.76775166760714,162.04381895843218,102.28518589610111,173.6314092574792,76.33130624702906,53.41518866534841,95.00388934795706
2,39,0.0,0.0,86.1505475532497,210.57413539285432,124.69521755504286,84.00963550101312,213.19764720951628,111.38820063339382,91.43466151225037,235.71689932808457,160.94313691472092,93.89196408189026,216.8969552455285,106.48305237602376,56.00194747202789,255.8877861839105,209.95145563425532,70.93810054867788,169.63237464002162,139.1622415452419,102.42821490875427,222.79537893087576,120.65852573147588,139.28531914335562,198.0125432494236,82.16955915628361,45.86503874366328,206.61146647316065,154.25432622496785,112.36123705477092,204.59001740281286,98.1130422620388,49.634884494881575,89.21139039184065
2,40,0.0,0.0,74.12946704622748,188.97922932450618,111.10769482669392,78.39434654188537,206.76499351621075,136.59770015028565,93.44594626716662,222.69029427315766,134.98558608384354,101.28346188323233,217.676850035319,111.0213597342008,53.42400824267676,237.90130333822728,211.90425759640306,72.41704653922716,196.12020383727884,131.78205609233223,76.43141761271634,215.8587302360072,119.20989710406796,120.02557167738773,195.56866238252945,77.92922099567633,41.68620962340014,215.89067833308258,154.99672896871596,98.4525439715521,194.08637765411746,92.76095212846344,54.880469663619216,143.49739502549863
2,41,0.0,0.0,80.2094557630011,203.01597257137598,104.48988332050057,81.49124240207222,188.16425276059343,118.07255318145702,100.48101414095987,265.95054660352065,151.14469783925577,97.56877184148266,205.84085261116394,92.84588254968287,55.65646798048006,239.5703619174569,201.19831563312334,69.91628354326285,191.40466213715186,108.09029328785873,91.27540511542702,220.4439147766852,127.5356878516894,125.7830874685921,223.64212139837997,87.0949839026887,43.70746102760448,208.05268692537442,164.2810659980373,104.36064906387811,186.54004539523146,75.93466210051895,54.21035426830897,93.71337373659897
2,42,0.0,0.0,75.36228394918238,185.41144406213692,117.68393547892748,77.95132207753159,218.41312668613048,122.10577213548902,103.47781757244154,248.10928584243334,144.33423261866685,109.69814153167997,207.06677822835522,88.08203994952065,53.0028318934048,235.14960953067754,222.47756073184905,73.53460341450831,197.24564434650893,124.7426382589785,101.88975920611179,218.21680677004733,121.59016789560675,124.98263377954466,225.5871704394579,74.51058075350062,45.89567328295344,201.5814926666146,160.54605378647233,109.82811678693433,203.36469098655667,86.98334964477554,50.983591687899136,125.52746558871952
2,43,0.0,0.0,77.92156279168628,201.0437248355985,127.71539445828851,81.76668937811975,216.7361637008317,127.00006699909954,100.63546785821521,223.24745275026186,136.46923079637082,98.61924773394023,223.96586726642244,101.74806616514822,58.94577982351113,276.13359883540096,189.36664173804044,64.20574202509235,205.54111506610133,137.4831510486779,90.56145580412897,215.8883237049791,122.98136106258512,123.24208119022416,228.02255317009275,86.75975231321566,45.98225617954334,211.1186758073981,171.5339187632068,105.41630056727756,179.41339593828016,75.21383746381407,64.3846650675791,97.29206294812957
2,44,0.0,0.0,71.983263278929,194.33172601408165,115.28792560431175,89.59424891981841,184.62939937912248,150.10418977799378,94.0197530381404,275.19544945104275,150.9184320199407,106.92656636974957,214.28045364598185,89.27189007772387,53.695483747379555,267.8211445275224,213.25448207392793,65.92670314660666,217.04565369111558,132.21461150237675,86.76253909586342,220.77838460577058,130.01064402179043,119.617828516257,229.45260791343296,86.48834184352613,39.42955765504098,214.59548831697077,149.54206214085002,109.81766730324821,184.60175277351905,76.46721394781794,49.119420671201816,102.04622781421514
2,45,0.0,0.0,83.28776149188639,177.0953684678443,117.34948994627537,88.62527602424987,214.05200478534132,105.43239151723041,105.41448987104955,219.5316375536254,138.1566042679061,101.23897506292263,217.3820433055792,104.6961791918979,59.557243605972616,275.51964190694355,188.96785161080788,76.23154398017928,209.40722989474654,153.7412629438678,97.28151020843744,207.23641363353016,124.42009800383767,128.94506654059853,239.3142313359094,88.75396279196687,47.17627676481212,220.14124213514734,174.53782716097214,97.47117943270443,188.9017418670662,84.47497175267851,64.49059592805428,104.03956862195952
2,46,0.0,0.0,89.45924537095408,194.71235063507544,100.70699376146428,82.20354525783328,198.2671332606675,109.99464563516327,108.26297941589756,250.20113590950595,127.9571412338289,96.45693512388951,208.85536369397462,99.54640328194368,56.61426381442568,239.1533937308884,193.02309623414928,71.22301147218752,193.3200978684225,132.46511037638507,96.11822996528737,197.37062861647917,122.83348735738227,119.25415212229662,226.44607721907465,84.77004498524927,47.61721942637923,216.44402197056968,163.07677164395315,103.57746507160455,169.58551493607717,102.22415332739588,55.44397491891288,130.63250674547086
2,47,0.0,0.0,75.14921458684822,193.47239228153887,115.99320982893114,79.69839360622316,224.08512949909567,129.66034505563022,112.34973946289165,229.9141770791985,161.74331280507909,100.69279904165414,190.1540401683393,104.18965859250451,62.39010198846026,254.57894219152809,198.49516418285748,74.14258052002941,204.8498517203004,144.64071230814704,91.96188035794948,219.1333227974045,122.14483781250546,128.3388047983045,209.9965330279009,78.22763735000595,44.16561959591764,244.1858311184895,176.3196844120074,96.75053558723896,200.56171660517202,90.10240254704817,59.05915971715428,91.49051816248958
2,48,0.0,0.0,83.41381238090487,214.30259529558634,109.06402020589043,99.16912693412819,218.3732833685779,137.75273908867203,111.30210934981797,256.5943468542677,151.14806304490855,104.00136428602367,207.28773754532267,104.7724209009545,55.23838493275711,255.83357906660513,201.46120171557268,82.96082149158364,201.90970094472328,128.893222180595,93.13881381603582,210.92462398096765,140.57338145904393,126.18513138674601,216.98111924631576,85.53657248910237,45.41708886482603,212.8876098832835,162.9509657296924,106.43772763949387,182.4637619808139,85.28814830442658,54.95405536890137,108.51892984699191
2,49,0.0,0.0,69.8805155216162,208.23971155115456,117.50976149534713,95.77451109182692,202.3949512631771,125.90234814832553,105.99441759448987,231.45262572972769,134.0630672240777,97.61104624735574,206.9636723927395,106.70926313541756,49.958483940363045,240.39402887309387,213.73766622437824,64.10240958293146,220.81175129057897,140.17801422729528,89.06642394607192,207.52722793998203,134.22946806260222,131.64222140875376,227.11226625708252,83.93267401054257,45.938589454188964,197.54558103229485,158.33861329746463,95.57252094568851,194.65540262222675,88.89420072024964,52.999263804431116,103.78044091887685
2,50,0.0,0.0,82.6225443422593,201.82314731356655,127.43357036132056,88.16564589239121,207.12867827251375,125.77155200089017,105.71730331713383,259.8132849241953,140.6867562464313,102.54480165085938,211.96598734607917,122.11387345341568,56.88063674051297,253.02158564154365,200.2943824045192,65.97403309300938,201.53498881343933,131.76050762523604,88.48943714485101,206.4137860428663,124.77024084991388,130.73698198416312,212.26853355516016,76.92467143073566,43.63472338106874,220.78802103098653,171.30397609948972,99.48885663092646,184.18528219757408,85.46249039802619,57.312155695374855,87.87933894568678
2,51,0.0,0.0,80.39492045809996,196.34583127524158,114.51168387977876,88.07571411951561,198.19824526541217,126.77505729662502,109.79277776914287,261.7471973175172,150.55713064641296,106.00634746119027,216.35731573518763,85.93442354153255,51.16188903828485,251.18533609269312,186.4139595019237,77.91450668747892,180.51200412627554,119.30847566042509,90.1169346004891,234.6262766238513,120.66119648448978,118.59699005239729,207.19846569663144,77.76785387251564,40.185355587649944,211.6439183889847,151.09034657440066,92.37079620550406,198.44566757874327,84.3391315789804,52.66710266451827,89.75657212332506
2,52,0.0,0.0,73.15280914979948,195.2102267438997,110.60047845831137,89.60984390123608,206.756211849608,101.29623213706236,95.1911840260317,229.31368116439631,140.34800806608646,93.5260228805762,201.06654784763347,98.40676780135801,56.89856274873259,259.3315929969329,207.41660598479638,69.97224825515913,208.19993955788078,124.11606380815819,104.09451259285082,218.94978129398257,123.68093214734533,122.14489339754294,207.3312566459811,93.13909282063221,44.50680839563006,200.54924089405037,180.84775648388458,103.44258455717414,198.0170222330274,86.0468332020608,57.98422954822276,101.22608622029888
2,53,0.0,0.0,85.4965367428239,186.0267873278808,124.38506787587293,83.65826887136285,203.21685630059145,101.99243073787231,101.18468063687564,260.8319250890866,155.94765654602713,112.99664703465966,208.91823261232244,96.39747353620054,57.99901615287905,234.58681831382916,211.5954161454107,75.43305732912533,217.26137266610243,147.6157364937789,102.56624560316769,224.3666360474788,126.97436714323538,102.9377280349948,244.98186295935804,93.790250001424,44.404749688145266,199.12802157926956,171.1704970991816,100.25621429213209,178.73060346920246,86.53413599187793,54.39680860818859,73.17355316111261
2,54,0.0,0.0,84.20228488201202,179.84543741641215,91.51576403691632,77.15598178089385,224.23052753738986,115.72840535845982,101.73873278011831,232.5543171113685,142.5575819109754,97.837121790231,218.16184659828102,109.09222462474695,57.22529023929078,276.28991989683954,189.34750139572773,72.26712841906058,207.51814878503384,145.5667351464716,94.30901575301543,230.0138696831465,134.17814004213855,130.49309482856714,228.44283080229835,81.06518487236083,41.680640150754364,224.0558276951861,149.6244627347792,106.3067501729213,181.88332472524777,101.67237460541176,56.66380904431842,101.46837554229234
2,55,0.0,0.0,87.42952590980718,192.27994373089837,110.46664828855181,89.82542920070253,219.68537422092976,125.33131443023282,102.03070524469605,259.3471109494089,117.6486375154735,109.38685378139604,225.01179932344598,113.99798611936299,49.226234713407095,265.1795785159895,198.84628032325222,74.6943088164426,205.14169402318512,122.0153335859922,83.46911550824896,207.89682238861323,111.89258831042193,136.88510159754128,211.68748194160773,77.1504615279842,42.176419302230876,216.51078280381418,175.13925435858627,106.20683121010285,188.04636360507953,79.88402237248744,52.93409051225235,106.58471449270057
2,56,0.0,0.0,73.7656690367317,168.8632828531238,110.93186622195229,86.16606072019209,219.74756818209858,117.75300856573473,111.66948819351975,242.42942122159576,142.52268578597005,96.81714171289114,207.8534725444593,102.34973905573436,57.282311535748974,255.6202889886905,206.67292734944385,74.00872843789769,184.76800495922356,135.37736460981395,91.97490177171645,226.55328813680597,143.91159389216847,132.02058429739913,209.41175882753095,80.36251874028707,51.11947282713984,198.96556341336608,151.97311810577986,99.81054729061002,182.71291255292712,83.95292226536851,64.63591832040994,105.17053300556383
2,57,0.0,0.0,76.11732323569784,208.88465830239602,119.50776649257763,87.24362250788593,205.3827117292616,117.48812883978194,97.18777605523226,236.61142124608543,137.63507276471373,97.52575283533962,173.6574982104475,114.58151005398588,52.375037406039354,266.6491146925329,191.04662699306112,71.5227825319187,178.29094716245208,124.97131690683842,88.64104027685376,216.37198654556326,117.22778962471789,125.00610005796325,206.51907617192137,89.21747337567886,43.58040986608119,214.74669185965445,167.26466739184883,90.35760607534164,204.15523317308345,94.18819218362813,56.91627157873499,113.81851158019643
2,58,0.0,0.0,85.22052795234565,184.54107925788975,114.12531023135307,80.81212425503747,203.6258092951845,126.95776019139427,105.18380692065821,251.37809377543377,140.60407006812412,99.1965859648007,206.39788290810944,100.98433002294347,53.791972009050966,231.9043161048012,209.17977167230464,76.29076655999765,223.1530239332169,110.86042388980634,87.90230073693492,210.97186524946352,126.81888759429809,123.58713965752756,234.30234641864138,84.27593093314253,43.39601635725933,216.97183643016118,177.70731087456517,102.16604744046143,177.26008196369406,97.5404546685764,59.441688500191276,100.36301916561625
2,59,0.0,0.0,80.98552070146638,191.61757695863727,115.4617590256655,83.70421016180434,206.44149804613548,115.21147749552189,83.49714454944511,249.973688302171,150.1796043246278,106.79110315539707,235.12976334814107,92.8312801540446,59.25617572678068,242.23552258194476,197.42172468313558,78.89109803018617,191.74271217071276,113.07174325472758,94.50111387737942,205.39522636328428,125.3754042678694,127.78702000380149,204.68484310716156,77.17964628807883,45.39226867646787,197.35495486308994,163.90247278692394,99.18900568349451,188.25850007753462,79.08714472143059,56.6197297784386,110.56313271459067
2,60,0.0,0.0,76.34472247490538,194.79978208424996,115.80457058161272,87.35289719535898,205.717965383281,126.89585039603479,105.98528881873757,256.45199080576566,147.11064073768353,112.84295387657811,206.74183788020298,107.84620293968828,57.175340100346624,241.8537258976928,199.11360051693035,80.47733318932828,200.4043643714615,122.70508986484465,84.32751610437367,228.4274467854848,137.0806504700523,138.45818683493985,218.8101924646504,86.3493559599917,45.89675880804321,223.97335287832954,163.4508394980199,108.62939183328062,187.4803700998509,96.7022286307431,55.795525827235075,85.94005880188166
2,61,0.0,0.0,80.74337475738292,168.72680025681527,111.07483910407191,82.06056405958681,236.76107673717198,117.69323983724173,118.047292978553,250.92702843794117,175.4816456804642,101.1204272001753,219.61386120935003,104.25279982862206,59.97927756067325,233.76743186136898,201.00253021892993,78.88596196484667,203.87203391918993,135.00870453352638,91.77326155529846,218.75149847124314,119.16131285185001,149.48075056155153,204.7468106993474,83.29898509998304,44.753998980834275,233.01420255620863,144.38224823080813,100.51732366333601,196.62805977226284,92.81915630993166,59.49680424626651,115.03237672296717
2,62,0.0,0.0,85.6752231978159,189.93108430376495,117.67089489666283,94.59585469416233,203.8328767626061,115.52595027231371,106.72617337996478,240.6662969865475,136.727827219129,98.54643647527337,223.221759594548,111.05780148428104,56.138125740781106,232.77903949462433,207.21892108134296,73.82433789330346,187.7777223832803,141.0787731922628,93.45196568365932,227.89561128269173,133.22401700873732,132.42523506919656,216.31583243859222,82.69272378576517,46.415152157813374,220.36082889363314,156.02825116580453,91.22073690292808,179.91462679301662,99.9268975613011,57.145066275046744,66.11544105349437
2,63,0.0,0.0,77.58887917988883,194.32664239286063,115.78240760008323,85.03087872208054,204.20414300011353,119.76252777369159,100.8966415995153,226.96889723727608,153.02993140778798,102.77781838636186,213.26791586235805,94.65551005727205,54.17387598368294,258.80943375655727,220.53216359110968,72.80876712399754,229.91243033492813,144.319416494916,88.703450481777,229.01817795648844,120.671063058314,132.64275491807774,209.21462416723236,85.70632965840164,42.5023332212301,217.8685484163523,149.27831633044408,105.8107485750672,186.98988145648133,70.45867416730108,60.89071077291981,106.20776245362738
2,64,0.0,0.0,84.38468470689733,192.23112415982084,137.9339177658419,86.63404251945843,217.70549384312818,131.9192678315875,114.95889814578128,218.2544815486769,157.38040673303104,111.04480628612602,222.60737882071976,110.47186880943268,59.59298434460379,255.91213868765206,194.05880423416784,78.55125937200705,189.34641365762843,132.7000446833274,86.14149428120481,205.31140724180784,118.9513823697874,115.36065056871426,231.11311922934811,82.26925561231195,47.05744170991326,205.90281659913447,175.6573844755429,97.12775314945183,183.60062089728163,79.41399208943197,53.61050632239966,63.55890395287008
2,65,0.0,0.0,63.744216961376836,194.6565014215316,115.63846003441576,84.10110222603556,185.0668874118158,130.26015225712428,107.4273622283799,274.5129165402195,140.21922189511213,110.77240934607391,188.9821455648288,106.4185245468863,61.27082653587708,258.19389130428556,185.35135208859393,69.00029819690828,198.1299463029947,131.40688169332574,95.27498955539423,214.84556796932347,129.41834176810792,131.68646086362588,228.70200180368414,97.01051137457117,48.64950437777208,207.4545711629311,147.370407794117,95.80599028712327,190.82681755106464,83.31632843349755,61.03472062126872,99.75005381197907
2,66,0.0,0.0,80.92523266147045,210.39504193115673,106.12321934073967,85.05231389089843,189.22834896358566,128.61432926283322,101.93224584353587,231.46449608734025,155.8180511300006,97.37697529448764,218.80610083412373,106.11649952609116,61.179907111595725,258.41537780974187,202.11550218797115,68.41266679164195,187.16369978047888,145.8851713902459,93.64204732343904,230.4167249056702,110.19369739237482,128.7648751873933,218.37533868021066,93.56449829791538,45.591965533501465,213.85387225691423,164.1144637406901,99.27488837111167,202.85107144563963,83.92687160010637,56.33355851840685,109.07089258386526
2,67,0.0,0.0,75.84571396630062,190.78867535907602,122.59446386283365,83.55270108723765,213.95127460535258,126.20494044964177,112.71375809581036,231.27340017720664,127.82337054567127,101.22994961458834,197.19224227689276,100.88021430870893,59.148253328610664,260.3082784596803,181.39323556476742,70.06733520297537,204.43262212097346,115.49505630886675,85.82949653863217,196.46165612601703,129.12982727473292,127.3645088749544,227.49227996494605,85.31692414047377,44.57535155586567,190.4979901760919,167.41234621313293,109.8175953708735,198.27608631687215,89.72327457236621,52.98755727645628,121.24721909348636
2,68,0.0,0.0,78.49551617955358,193.70264019673934,108.23707869021136,86.84979031610578,222.25396141824373,119.90332290085541,98.18374200533086,244.09655059008415,160.26490527804575,111.93815811358554,210.14880578672944,99.99027985821779,60.22079689627466,258.90761901262726,192.7229384245422,66.01670031135784,211.9194977252942,143.6071725455326,91.98640709352969,215.52941181588696,131.8967955148296,127.57855311522013,220.26541309146157,74.31037904779943,47.298916361300385,230.7690950081345,142.03111346580806,101.8615951565309,198.55262576320715,97.36491598904637,55.631474151529936,102.39437646909437
2,69,0.0,0.0,83.3377483045334,204.20495395767787,117.8540215544748,71.67214354194678,216.4138206642998,126.28282957327065,100.61187939748342,271.4179107391618,149.79332518707372,107.05890122108242,235.85903485276435,104.33895753563462,53.818607359902046,236.97002785466003,187.47852436761315,67.71847605500054,191.30446998447843,131.50808171763254,89.41469514304526,222.99615288628516,121.44752197073886,137.63693069121928,204.35735978390127,80.52695740914308,44.310085345622866,188.7074053192762,137.8040907447526,97.19668665632862,173.81081201541082,92.33887829477185,53.160896503146716,111.26613163497427
2,70,0.0,0.0,79.91641077805751,211.4498056711105,121.31385739149748,100.33244334082119,202.4759154560398,136.06452218518277,104.43742628002673,241.11098723396734,140.80137285618795,110.97060753385422,205.13550093423945,105.67733236266237,59.2184684351827,273.46083883978434,210.4248523888068,74.88712606695374,211.5614977198243,129.2595061329523,89.5416872536257,200.50316860754572,135.95746872230973,134.6523889106138,219.02339510549615,81.61002825127929,44.04776642727488,233.02353401005058,134.70331083669348,105.81388812604072,179.27022946788495,92.9131854767869,56.65939229520922,109.92474555043597
2,71,0.0,0.0,80.10641313358117,206.67014363891536,124.8501855347651,88.90643742776983,178.71819098986316,126.36305094189413,113.21340294925196,260.8977250390005,144.05807336890982,105.75920816391906,192.3709851316826,112.6786426122858,55.47355987335567,267.30959475272226,212.2126562502404,73.222767337481,201.7273185865781,128.56656608983934,95.38121311300482,216.1271631319108,119.15961322720632,135.41431043846976,203.62030780329636,95.69406781401624,43.64881550606537,204.7158367345252,164.31817377422837,110.27222447334671,195.23123407685208,94.1884963275518,56.126058849626794,103.5852737677814
2,72,0.0,0.0,75.64633016967076,197.0253741579571,126.56158359921312,79.90204797600795,234.9103380720426,122.05482452371182,108.88634345518416,257.4007047786063,138.0098171534315,103.67973962949875,214.70309192249172,111.2426818429104,55.446300109466485,264.7071867359395,189.78417477096278,77.32024508654672,210.7945519165063,129.95974728524612,90.54547643670725,222.134301115382,117.56244801635985,137.68229065128156,195.19658162463733,81.95386816955542,40.54397518867693,206.44869111350656,147.44042252161054,105.66450913638867,184.0039416933992,93.61545595306843,56.65252167477627,116.52962320720644
2,73,0.0,0.0,75.47057176154641,169.4948733725647,107.80925134321026,88.63061914336897,191.61022587876226,131.32493054449415,109.6766279844215,225.46087585973984,111.66919676536818,94.68473287890293,216.4791769921425,110.38104505817304,56.24546772210071,264.0154329934996,208.63888128276736,74.97578263099486,218.96755773311858,139.0999694745574,92.65669595659494,225.66416077677945,135.75583040273455,119.59533745993913,221.04266829675322,72.55337920446307,42.39964755760704,216.04365137030516,165.60941192126484,107.4880730830362,195.91173588382432,84.88580886282173,57.104268372737344,87.01427105813775
2,74,0.0,0.0,78.60698164669837,209.76470135156384,112.82201351732641,82.71704383586889,213.28870230972151,123.7578647819189,102.07538091280307,250.00134058586286,132.41307355046226,93.88072507062876,194.39998257979607,99.42742279786809,59.43568790434762,258.69336975544087,210.7460378163423,74.66112900271698,209.6335906002198,128.1505020003393,90.6553131972841,229.30516541173557,120.78250992262174,122.56689210150789,218.83903734992592,88.1713336354407,44.98616595430094,210.62930108554244,176.72504648253377,100.52246868863202,185.5349948503989,91.20446496537916,59.72341773672387,97.08896309936513
2,75,0.0,0.0,81.20054524753819,196.86983996855173,118.051700618975,83.18756372270475,223.5458318807287,119.23538263232368,97.84182353107065,263.03182661368544,154.09655360375183,105.10883072839682,185.0882592045688,100.21761496183504,54.476834609335036,254.05278897090523,174.17547681193452,72.8359338473644,209.39010303177847,135.5854108719125,91.27857907265775,211.86642442956057,116.70477495032355,120.57252396076133,218.74955639077695,83.04320904224625,48.277992195142,180.4785587007662,158.25073486541007,106.73624576062801,170.29190411277293,91.72666379104527,53.87786294575098,115.88912058166201
2,76,0.0,0.0,80.20650439092252,192.1135099736107,120.52335514208728,87.71933805222,191.55120228488087,121.72108750138031,105.27029024203863,228.43900987157323,147.3686735413742,112.0370221655731,193.2798414468536,118.56012028977486,60.62539466122412,239.77675191446525,200.77192873626956,66.56908437018197,219.80352601500226,134.3343316825095,90.86596610421313,221.459271833306,125.14778093897186,132.83899558086705,220.36406482324617,88.2117884223045,48.430970339148395,193.19422118828507,147.89303780341513,111.790729719012,185.83570862797407,74.03473116959364,56.82011611931484,119.60731199868911
2,77,0.0,0.0,79.27960622148393,187.78315969963884,124.10378121694056,85.9394060428848,210.3595944900603,129.5664976824688,98.49513921121824,248.00972574648867,135.91171324781507,112.97313504447571,208.57537506643465,106.42554384184903,57.19238206139442,228.68879229963468,212.22451567441854,74.2895699941612,178.67559616618894,124.7889578734916,80.67099229268086,226.40545368745273,120.32061214616675,128.25536337488592,219.5665093680462,90.84217590685104,44.67589042087184,223.27724419884288,170.77426107287596,111.84177738030209,189.98999979419736,89.9826984007849,56.71347852508805,103.41202701593325
2,78,0.0,0.0,80.84953222686303,204.38137833794292,123.39332025928108,84.8020948265037,213.11945777139366,134.27917875330402,101.77188497373476,207.74534886430118,156.39760222155078,92.61966369212983,215.90053588585016,109.57414517921082,56.783406127811276,255.00065542075646,214.09071872632126,73.68206772055179,224.67260342460142,130.0428121796369,88.90497831705106,206.9018252116107,128.91881256483103,120.28223140587835,242.54834228540062,77.88086103000035,45.862880928811975,222.73725560158425,165.62136306666395,96.88141680470336,180.51162185930903,91.46978274369032,57.555665167028984,124.82122447011574
2,79,0.0,0.0,88.56429339638046,202.14293147693311,131.4871382224746,87.59634374612567,216.71536667037773,137.85789210273393,103.35503238512311,238.15641510931104,137.30914300608467,101.27182608804608,212.34593501056426,98.82227151045063,54.24003899187257,241.67500317489882,193.63821781622514,74.60172333470099,220.4044132729211,119.85852583897814,91.01747885169851,194.92703120854304,120.26955341059072,133.45965546476444,201.53933644714192,86.7084791411356,45.39782917142997,205.14983574100813,153.87366290254246,106.45796486238005,178.97651643352583,85.80718507650255,54.06026229967378,118.5291512038369
2,80,0.0,0.0,73.42638141911678,194.38838459038848,114.39134681527638,86.04799476587637,193.74363149012657,120.88902195462094,102.74587377691086,238.23800187658455,155.3400878568021,107.68908496783679,214.39317911168865,103.904466634135,53.09802725527996,249.2205023950757,172.48561305791077,71.8778185206277,198.07336015013774,120.15300520359546,91.10318626076597,210.71672747572043,129.6020000526728,132.99020881069245,234.82437644651407,80.20158936070031,46.112726198434935,218.1086434746142,167.58221191128183,107.72825740528745,195.3555637549641,89.57517749863345,54.17706015893086,103.39389536321221
2,81,0.0,0.0,74.76114238961837,187.87600268715872,113.29143640102365,98.19575896732232,206.33569364801207,132.7346596697051,104.91673738636985,235.3031849436713,142.29315174549757,110.00566031561425,216.76757418995254,102.39443376249062,59.84522147142786,219.4591572561361,178.00978215290905,69.60164679842153,199.43619410402263,129.54681515223533,84.14338871932759,225.93045181500744,123.81340863350839,132.4141082148216,231.61231436921594,83.1861186840154,46.131866614661526,197.60666184373503,171.5989399286967,101.2172746279725,188.53898077095363,96.2705765221072,54.48899596031504,110.94238840370535
2,82,0.0,0.0,62.24465327040139,189.59527354343876,116.33507101123259,81.45532425155733,212.43740763548897,124.01993536257153,98.8097857583598,257.7594872904769,130.99820205233658,104.63968406995158,200.5273875065499,88.62373776492244,60.101238184125904,267.31651581253243,206.11552590402567,72.85370064151353,189.7332069510667,145.2113520516986,86.51222550923325,216.68776787229808,125.64144789823837,124.07974423644573,212.07665825746895,78.8141023726823,40.08257764918761,211.29845995159,194.72023866700192,104.5790763436344,178.66547778025995,92.71111987462902,53.72866536499711,122.83027931505364
2,83,0.0,0.0,80.12139728102714,219.9815006411901,100.45938286186318,86.7265557352038,202.37721297381827,121.0600723454094,104.33560466090668,229.54694682372983,143.06145964860855,96.14166957912327,223.1429758761126,101.1687279139496,53.769026377038145,265.5713878125567,209.7185852417986,75.19029244271836,212.18466073638982,125.65426097679467,89.7988731137678,207.59620505688906,131.793293413516,135.65085837719155,199.1262390157708,82.6443947851207,52.48663725567354,209.28147387052582,163.50316163402618,100.45008129690305,185.63712020738598,82.02593236424168,51.9072142461481,67.47591410211852
2,84,0.0,0.0,78.97940042753834,198.78888169911582,111.80757823658107,87.37425069630221,208.33902677830372,123.933707612239,106.05337060102434,262.2750711137349,134.52954210746017,102.96687112521433,217.8825844271465,111.85082361260868,55.82466259994225,233.5812399282146,199.99615347206978,73.90823207864328,207.8080900055666,121.48052673644526,88.87213664959576,188.46946477683755,111.42058674056462,133.6502848522336,211.1406771221653,79.7788561340743,44.11530192647699,201.17123313495824,157.5000358353942,104.09960603867665,206.37394845656934,90.57494609557882,57.69227418558321,140.0323893808013
2,85,0.0,0.0,86.67624933391815,168.04198055770973,109.68220323753546,91.64405762406007,217.5559030288452,119.65614719965181,114.88687956031946,262.2191029709503,150.80447478101985,100.87145112455039,199.9881779017226,105.17520598462384,48.177018635573326,256.25065235887837,199.75477316405778,66.23392442765392,200.673595030575,134.03412371927917,84.01468050166586,212.27166936533695,115.77080759905888,112.00210022083476,222.41945797759396,86.33819352567821,43.44518838662658,214.16676521763037,173.9831239011341,98.9268866824127,201.7416492639993,86.60359109416218,51.355342426756344,89.13234700684893
2,86,0.0,0.0,88.50332890731377,202.64358275818265,106.7374773979614,94.64055129068879,196.15713256812668,116.3791789094009,95.86837277240707,222.13971736891745,135.816944403744,93.3079024008698,214.85572459074422,93.39724076315753,64.34528977542489,285.187217836459,220.5074971794168,76.26977671950024,207.33265633391176,122.69572103357504,90.71223603999589,205.31717397059208,124.99510370814893,134.2580366540593,224.822782705681,75.49735206685295,46.39098146192696,222.6119788621418,150.29994415000525,109.59827029456702,194.64395408636065,89.22797162040841,51.478684886081695,81.97490830399099
2,87,0.0,0.0,78.65605132078487,188.0039081493268,119.1603893947365,83.8152630832224,216.61601915442571,117.49288375921027,97.44574265912173,253.78046977303902,155.14081517426638,108.79339568186946,213.95692556451544,114.46220473514047,57.96772874932477,247.22179141283263,191.03613544707747,71.30282754357512,197.68276559760236,128.85381633553428,95.17776198653812,195.01087459466052,111.86333640222811,128.78361652948882,207.99509850471455,82.65317887822393,45.35781580616153,195.628632525139,174.7858321581081,110.92672082983003,171.1808095573972,89.36390563881571,54.40231766816973,114.62777989732162
2,88,0.0,0.0,81.46561017047068,177.1693388839871,129.63851868904345,76.17248253248127,203.8648487802515,112.98733560662811,102.49920664179902,245.91421644128405,153.95315149686414,105.33521035879454,213.40809460522706,94.52409890393895,55.46605516261339,237.67063575934094,202.17698510711423,82.28015164088224,208.53717655847822,141.13524920169132,95.06207860839586,201.4554607603187,131.54453161776627,125.7796969826372,229.30014838989285,88.20961541613123,44.67698611786106,208.01805112880953,147.25339896190985,108.16569044175878,180.79065481012722,77.18035851673952,50.907376252992904,103.57036576053659
2,89,0.0,0.0,70.26223756916002,200.23842203636917,115.97978141336066,85.35773588710852,211.55167745169635,110.79546879277407,101.84713893841221,219.8288419598068,127.469593028081,100.60845192209027,186.26293306702556,92.74611099663927,60.69103249063225,293.0696067914729,161.0892996294673,72.56017623939225,199.58831676451103,123.06560614091015,95.70464887349749,220.02809449609694,124.90554731947721,131.81313048590977,200.59104031257314,83.43296988924766,49.88304012391599,216.9391482751495,173.18987137370334,99.58581708632613,188.77570381125287,81.20682050122502,56.33703295780907,103.49876959798303
2,90,0.0,0.0,83.4998496879693,173.6014068406194,111.87680570706463,75.83426859046541,196.84669810914443,107.41231178787731,105.88631882072659,230.30031003304447,159.15243028042812,105.04249604936092,187.43266937436698,98.96106694531731,54.40309473272305,267.8178806242626,200.82461465224316,72.34519400324069,198.42993286696648,133.59441571313354,92.81965182470277,209.54860667558148,133.9679428886618,123.84567534507576,191.38413758851658,82.39806660866762,39.23219946869126,182.92819986376293,158.44017101543858,101.75696831738594,174.14545965006914,86.14886195558472,58.15494552830908,96.48900240102367
2,91,0.0,0.0,79.29299128710714,196.37212342886437,106.70060117336949,84.44203251238427,210.12465250887993,132.9797902684327,105.76860145813045,251.98540615228035,137.79889185656538,95.68790039360952,213.8611448004867,95.4244051320716,59.58673295606249,244.27627306557946,207.39658838132684,79.10520394075074,174.83039194275904,128.19479236209565,94.59794408852386,213.81368514012829,108.45676902939387,125.82572413260003,209.24477895117124,90.75118377216958,40.088395890483945,216.90278758607502,154.2904577108648,97.25391099877393,196.9026908917963,77.06466347504136,53.73778180354297,92.97588775944872
2,92,0.0,0.0,78.39816177508501,184.14700933069466,119.96618483739155,84.72779129028045,217.77389038778972,119.67456223455714,97.74874736769256,216.13669403837636,140.58186667319313,99.27463872855557,221.75450784751627,88.7723195903338,48.78028621926667,258.79789999505823,220.2053410744722,64.73888967888882,212.28545470462086,120.46161375361307,76.72176210370924,214.719225128116,129.10164620006543,133.3392222859782,199.8277046574737,92.16375951869846,45.51685012898697,197.62649815955936,141.48424455064475,102.09018005385404,193.3255071665019,93.14038856289976,53.77639110555094,130.91009645725907
2,93,0.0,0.0,76.95240710961775,213.13571772038563,108.99726974213269,81.17282636234792,215.49184507491688,125.72797819352677,93.97459901698949,229.90798250661655,142.69472664354174,101.53009815923504,203.56382311990572,99.10405124716989,49.11164596284913,235.93328303406702,212.81705476474326,68.9799716735123,210.77297701546752,128.96103761822874,92.51208131945044,214.02492748724544,136.77442868845654,137.23153367691086,203.44059232645768,94.34006370612526,44.08711194344339,204.45926628003247,150.33371529048864,101.30043297072665,189.38005286985674,87.98983398555905,62.27558134712605,124.42982439412766
2,94,0.0,0.0,74.39347963835218,193.42068042651115,118.05145592561537,75.63158462242028,210.25689328004802,127.9278955216193,104.99092615244518,230.4577457669306,158.57610528602928,98.96781895879958,200.9650800091672,88.57009981087339,55.162726474758806,267.4345871930496,201.1794057085163,72.6676303838321,192.4486574432642,136.85757278992585,94.40790984241858,219.6421505392855,113.28465091605588,144.56923194905505,210.98919778018674,89.38431330524898,44.547206279306884,198.23432090104234,146.24117404866143,97.03700507894632,186.92431569156275,81.04277028328704,53.40712838015815,108.9812140362392
2,95,0.0,0.0,85.80868023685137,184.3306254894541,111.23589377806216,87.32922262050208,223.00999184795512,131.48438223001668,104.83092876014702,231.4179199338828,139.6750018411529,103.18633887825796,201.09759732203398,105.16347586287084,55.46872720739248,272.63572200864354,214.24709479535426,71.88122692831604,201.97983638672272,129.08485907987077,92.11425881856222,208.11907164525897,132.21231565423645,126.80560008682994,203.370760572824,81.86313606122064,44.17121254244855,189.3558128568538,155.48471702235386,102.27698485185942,210.69366099602,81.99899250913975,49.48832972279247,112.72097371458771
2,96,0.0,0.0,78.55951420996598,207.32913672963818,111.3033762319092,81.88316191548833,223.87382834869183,119.52544053285824,105.19673450789162,260.4080893138912,154.45515356652615,104.99775677621146,211.931349472105,111.22428134166245,57.22202271171844,246.89904591816924,193.079692200331,63.93462150640547,207.9691733207268,114.75485336794353,82.19463446333592,217.94701387694516,129.78666391352058,123.37792093189131,213.36740370627754,86.54076659374718,45.82547087338291,197.3869375888725,154.16214780817143,97.55479856747137,198.32421717974432,78.51887282326697,56.97895145732919,115.00174017369784
2,97,0.0,0.0,84.25021510124418,193.49148878643206,122.22260555401714,84.87258965466499,207.06215115543262,120.4233842038203,99.37594179942451,246.60290119421495,131.05785088267433,110.55224860786797,204.48373767236478,113.12615306943235,57.66761927180629,243.34514696742102,193.37611900670652,74.64650892469815,215.10071950062098,148.13033096739198,93.9283192232264,212.90116604272467,110.60525363187735,139.6271711391796,209.76498928742646,72.39853788975613,49.098008451825926,196.20635723985887,147.50233429502416,107.5024668785734,185.3471747734133,83.00693944460512,61.04777473870183,87.08369320224185
2,98,0.0,0.0,72.11706836036055,204.79097405519462,108.01534630381491,78.72440652763488,203.32056794766063,122.63828063895579,104.69072784204768,234.08580692914805,126.50833072906752,102.72328374073946,228.84318195337448,100.7268419699489,56.38606151843169,220.42105681173828,193.43974083658537,66.3004925285155,196.4127122940921,127.92498682863199,96.10829819272179,216.42813196015157,138.21297738595618,121.54424630737361,206.1165485211673,83.33731262441484,41.966305598477156,194.09340742828854,146.38525301570394,113.3688365527333,200.74377753388777,87.7815426711318,55.234525157633406,108.04038894628111
2,99,0.0,0.0,77.21413058088497,197.6484022650769,116.90569478926975,92.0709530339028,202.25374190586297,131.22892083023294,105.38503021161029,267.0721403170369,152.38033491505462,94.85292237148495,212.73958628097742,92.50554702367111,56.221616084352085,249.03000736548304,161.0318127991474,73.87780698336768,199.84345519988477,126.54255806832036,85.50513192905689,212.70368265474085,131.70366319155667,147.4776784034618,221.01395628019867,90.43033714474755,45.53145358196936,183.13039855552194,148.27662430780933,110.43424429517098,175.92235671303044,79.019858087002,57.637908883801224,136.00055875464182
2,100,0.0,0.0,80.5429477435674,175.78410169692637,117.25724863008222,93.1502122753713,221.28109590667685,119.39479544400865,91.71087855360352,264.6589462805015,135.6319062528764,105.24594821463981,213.32659178359947,103.0101072444551,58.967567684576146,250.54380385000297,193.36811490837493,71.40374799650915,199.25019706153702,121.99173676396917,90.9406726030161,201.5181392645262,114.5930214932891,136.08509406700014,226.15887986596277,88.1833939846451,42.64479659003573,210.37501030615798,148.28145006358125,105.39046884668159,194.45020757547715,83.67805768878185,54.45206823242708,99.25670072378605
2,101,0.0,0.0,74.3288116764498,201.3640037647609,111.77411379512074,87.92324348133376,216.15631469865036,127.00779510925794,95.08016238427152,250.98683929672066,140.87113342116365,94.07753972241007,210.3461521258518,101.73857971948847,53.5315888709649,246.1829581111354,206.15513065939933,71.86581344189668,213.42486650805756,122.09997771127757,84.3131557565921,215.70177006860217,121.73496355981257,128.83746880160115,209.7727329548993,81.33445170279488,42.91409179422277,220.35054492012168,174.22365743419414,91.14707162927286,186.75350140675243,82.52582419136749,57.805784074256934,95.22375961187593
2,102,0.0,0.0,67.86488034711347,225.01107491109525,116.11035342929233,93.1306556615662,173.8143293743516,129.15955690348045,96.34671295577542,253.41577739671362,160.01563525486932,105.48535121460708,218.73254003477467,110.41983983630634,54.27714421204347,235.45268706670996,200.23906251254098,72.59144260158466,220.57218611250013,130.77551554245804,90.48167281883212,211.33587136138516,141.9444682662189,139.57651726717978,223.70304385521393,87.76601065319053,40.1531995628755,208.22224650058467,158.71760713159588,96.56338004946512,205.2374470364121,94.2291894695998,56.47848998039174,112.78907572740863
2,103,0.0,0.0,72.85812965826976,204.0095025102078,104.3838174166883,83.17612671953037,218.78384021945627,122.65855894195697,100.67480986023185,245.142630249451,133.3672659311648,108.05575219572164,209.8629076614223,92.93087978590412,59.87193711968516,255.14668608554447,185.2617149533449,79.3309790978891,187.73438536782731,115.44124534188413,95.85422872755848,228.77209727024638,128.43562343820403,134.46391771943053,233.68902124438594,92.64857874719563,39.511937798001235,212.59742784973977,168.46668305526862,102.16246210745905,182.08647885135875,73.6945587646848,56.67927640340723,73.7423503886593
2,104,0.0,0.0,83.05714497034677,207.5017328947659,117.08588969412374,80.52564347797292,206.34232498525859,120.0568890040071,100.42622099271425,237.16468762796265,145.26202287325825,98.20276320166666,221.6303696258895,103.35160534388707,52.67718798337282,240.90294400055947,203.4730078931231,77.42253541443844,209.21050527635265,140.20466916795746,98.71483272428955,210.21230141648985,127.11113145507078,125.86812140263459,213.7867719307365,88.52357007656056,43.767811539979945,220.2869081862391,151.83331460484175,95.85028632688113,191.95524620172378,72.72537342743038,50.876597931485854,97.17801274661161
2,105,0.0,0.0,92.8456595235329,183.1382035487647,131.16176155385634,82.89895956362211,214.33156049271128,111.49897756073159,105.73351356885435,253.68961184876193,157.26803411769282,103.64946398920554,207.71073287387782,114.46952097429445,52.644215220049965,255.76837204432897,201.125289931071,78.3735278926589,192.5079039521117,140.50706112613133,94.15492949618336,223.8019393773159,134.97282198052173,134.64716132937323,214.15141976225038,80.98853446086227,38.87247050257871,210.98776974741475,136.195388064805,102.21627669356266,184.5823177917238,97.06703913799089,55.91742689356681,101.01975132831808
2,106,0.0,0.0,80.82180107311117,204.04044623748263,137.175989057266,82.91250971177128,222.8387316961065,124.24241220182888,110.87084347372385,270.2676924215987,148.91424723610004,109.07421326118897,226.05241458437487,101.15449055625044,53.47952915598124,263.79393833559084,207.4525436533013,74.65943416185391,194.9385815407336,113.39483367587172,85.53844300845591,240.9680524821505,110.77284552441893,126.51231747557719,203.82644881794195,76.92836888275899,45.08778710842787,191.0430601661464,177.91322733658635,102.81497799173933,220.22114793308026,81.03231977912253,54.41528099426081,131.4329683382088
2,107,0.0,0.0,78.58316203293704,206.60674111101608,120.51690113833033,73.25011446346097,214.05263843576125,113.45040516986974,107.54311389481653,221.75748990488478,150.18490659316546,103.88444007607383,209.20678043793794,87.69751638376911,52.47728479700254,247.79563134502393,195.9892116690359,81.71849516031438,211.85968008258735,127.44816431380262,88.26877255458433,199.1658370252722,131.87616803084384,127.47091718589562,207.63042792744858,81.32636373586618,48.82939901029021,197.5186171494899,144.51553742103022,103.0510009247313,183.87434572871177,80.42310850671302,54.502400228773006,71.594039333821
2,108,0.0,0.0,77.50945075539619,175.36483543971752,131.92510110754225,84.46956232661401,189.48534946676244,129.735274399109,107.00337941187837,239.09102440505367,153.14914157268203,115.33433435689997,193.2360922138676,106.48266523435883,57.423983727186844,251.50522271858694,199.60404838413257,79.1171900027521,217.914618047872,133.45081130565853,83.26809352184837,206.4422640244951,133.91362017332457,128.1175802767279,194.68453292270502,68.03426445190577,45.63469398381919,187.39043853862188,162.332349287014,105.49950701290349,187.36597416857472,68.81911002468564,58.06119163927222,78.40059501784202
2,109,0.0,0.0,79.35995822956627,190.41609201808907,118.80035208440526,80.12524697839721,207.15600531103652,103.79135990900244,96.36623017404105,251.90001477231806,135.990441752986,110.6840707099845,204.45135890765889,90.87382626273174,54.935695728118866,236.85724413179616,199.27131879253062,69.42974450813054,203.2625599682792,139.976593511478,81.61670212493144,197.8926124712612,133.92051993576484,120.6213434747805,219.12605853918527,83.37976833419916,49.10165675432919,225.4895992986509,177.70146479520022,99.94194995215393,189.26774154082597,77.41235271570241,51.16811994201028,106.62490811927253
2,110,0.0,0.0,79.33665684996129,200.9402665729644,105.15071820994287,87.24727616795901,214.48608878123946,120.96469361398178,106.84559672268774,248.48664432367795,145.39797614779178,103.79888450387867,219.90771684882355,115.96090971026138,54.09263819749605,247.32755842567326,195.52255219483317,70.72491882502493,208.47803796994765,132.20519974668005,90.4260346015373,226.30096966094516,115.88746586323046,142.36377339574776,230.85055698102224,81.31269387076514,44.51803639118365,212.86127449834336,164.7167516963541,100.68976483112084,191.27769010959358,74.31728225768023,59.04923509235273,73.74535420306616
2,111,0.0,0.0,88.62707503241649,199.08349894794944,112.66454998601989,78.96097995100024,209.03099602705578,136.87535447693665,109.12361432483218,227.40232578659322,133.7230572840307,103.81510698235653,200.82099706932271,114.90471213862592,53.699599117152346,263.19414657999994,221.65246695296952,77.44997422713475,183.8929174291706,138.32119671223938,92.31550488841745,223.34360040182844,122.72052405856554,132.61216282894983,231.6054380449924,86.23152597950094,43.428020439093004,208.1832975836352,128.50094833186046,104.59362559023388,182.0548700413741,99.16558725648287,58.75311169220433,110.87297069356113
2,112,0.0,0.0,82.87738776893836,221.52079887688953,114.23253254257803,81.14632010645548,202.1177312315871,137.711695553606,107.04236130591408,232.02023932520032,147.4222990960408,100.67077247909744,204.373629425901,92.1258364980358,55.70949622272919,243.30612393256658,189.1220609286581,72.54003697221552,207.16483975462143,138.30655951652676,89.14647533706518,232.13197566634915,123.15957019875701,129.0494656116723,240.12651724232768,86.1149073646113,45.508531230057116,205.20926828126298,183.19632892983918,102.36895775628912,171.86539110819615,79.47425931312772,63.38089474781366,92.49081567157393
2,113,0.0,0.0,78.62845730546903,175.60253229774693,107.04823423869017,83.02709008955449,216.80166017492914,134.125004356733,101.7298946069747,232.14466439304192,140.21658125016074,92.9574824836401,218.76127203064905,117.46048232886018,54.33347144966862,275.72806911904706,217.5314136765685,77.66880054414806,225.60930246632165,125.9719475881316,98.84534705030126,202.56662219937243,121.73150736319995,128.73930455644367,212.88476059140874,72.19505672047625,46.44819020678873,195.85145248553485,182.38281233582074,92.65020271036202,212.6299735967269,93.14337489581777,56.05684668806548,92.10286092774246
2,114,0.0,0.0,85.6380191221657,185.32178598062018,114.6052131277418,87.10842254638351,204.19214913087524,127.27143926534539,99.56249249837744,234.17618329903715,150.02481899742395,113.2898449097761,201.03571423925294,95.2268427167258,62.160101327525,251.6233419799301,196.3859730776227,66.87333310682332,191.28902131105443,134.9002044879634,97.83750352354954,221.65282506458632,106.1621436499648,121.67595488106934,217.75922201313665,90.74463773904793,44.251369010272285,207.950944679441,169.94390817042077,102.68840495414946,214.3729255775543,74.95299253693179,51.865908972348024,96.50812066403981
2,115,0.0,0.0,88.67193343220006,192.64940089968198,105.64487476292194,85.0680729762386,200.96220611941604,126.81260507969748,95.54793834658338,253.52581898504218,163.34501060188904,97.27395665253844,228.98083684668896,102.37776013389409,50.40733008051045,264.2082428086325,174.4713387542516,84.07374900880646,200.06485095547652,125.83408445920783,87.6190531994766,207.57014249761437,128.76603681055875,131.64852756545574,222.5302466654408,83.43191795193783,44.03693015277933,204.41601565621198,158.08106916420914,117.00678085522891,191.7098776006081,99.3653466856853,57.48577098433451,94.26483064770876
2,116,0.0,0.0,78.08187350672051,181.39208915824938,116.03117060469299,76.13513233309124,212.09425268786714,123.22783457835109,98.91068871888163,236.75277556751155,140.80668525261183,105.06910363321833,220.64264437268795,118.60705856577604,57.38599535509423,252.10144857313128,184.0698955238242,71.34164553012528,209.6450150892416,127.38890223535836,99.92909359869503,212.0785171888092,133.92680319319462,127.77909502880574,212.97148883231665,87.80158444795377,39.58728572018231,203.07989062293095,173.2931366383003,94.85575315046592,192.88867969855445,91.92446613041945,54.19746435777733,113.02000242652142
2,117,0.0,0.0,78.29368363101044,188.61105506966754,115.97073278024955,91.96231269309752,214.71246996398324,132.0986156554854,99.14753883306219,235.817225425776,135.97859500527818,107.75341087737498,198.7886622109085,104.13723682705177,57.037717836909785,254.4943366440892,175.12244446757566,76.71913689633111,176.5805939837374,128.4903256186885,89.03120817131062,218.39662072374506,126.77903232413253,133.8115919058942,216.99410280262114,74.09979199074118,46.85182231177169,206.24714693812294,178.4780874127208,117.77051480592516,156.4370180197402,102.74582632405195,55.995601975649805,64.50706713266877
2,118,0.0,0.0,82.7704285056324,194.24544549029326,110.7234407269573,82.72065347971626,206.6426106585722,135.55505356277786,104.65417585596003,252.24010132213357,152.9538946788142,89.65625931339164,216.4918258541572,111.59925848980905,55.732159772767304,242.27251536145593,209.6453997599724,76.8268903799398,205.04147771250237,131.38119860139665,90.36312136512106,216.51499202993162,121.3528624041927,137.1777440525151,206.26781504400884,87.07550625746038,41.655805560936976,210.75838179882808,174.1089584239358,102.32759858112533,192.2255365836868,91.49150549577907,54.76374086185358,84.4872070234064
2,119,0.0,0.0,77.18822300872557,196.71105331697933,126.48138504070396,88.85481906437634,211.36338926078213,104.71037318371104,115.06941543608906,251.07862707691254,151.39341751696796,111.13780369020859,234.20922032889825,108.36643466353505,59.59277234895654,268.6317052878355,169.819785699621,65.14417061010055,177.39952425660542,150.85771684835183,92.06844163310171,215.50910341021796,114.08596916870773,135.68053752707164,212.52406084917072,87.82282202768137,43.48668135888397,180.48995858281668,156.87846635811843,95.54025795509743,197.69032177628986,77.87676751819646,55.49313720832667,102.05174322733693
2,120,0.0,0.0,80.24534010369226,210.64368660091168,103.00897607104447,85.79759232343078,213.53558026745623,136.6595842147255,106.49053006234594,266.06839469652755,141.11973080663293,101.11893279703791,195.4851933160582,121.57848907851572,53.82096865231195,266.68587246944634,204.09601039513385,76.64045992062064,186.5226121436276,125.23109646541732,86.0444707014721,223.01008555564,132.88153457915965,133.73613605943805,226.80547621040265,92.97140648512841,43.978141893281816,197.01459238308468,145.93547673245274,98.3988702583764,188.43556422630922,71.32687270538298,55.35308860863696,89.6808640760975
2,121,0.0,0.0,80.91369959389377,199.735534806927,97.10845631121957,81.47626115649699,183.92664099342474,121.95563976336436,98.60815663572407,240.57490964531547,141.67031098264818,100.19681310683617,206.46554043943013,118.94238205605384,58.070934390146846,239.6553867536415,206.280727863818,71.95678242863002,221.2945254996802,133.16846115038894,79.7878928674235,234.8619917079877,129.78702304708708,116.75101788660947,208.8456696833374,80.65550544653331,43.9375165586306,189.61819659087337,162.14854297348265,112.60599730789644,206.6225723189154,86.91818546730171,59.10213735741062,139.45054346987823
2,122,0.0,0.0,79.31726876030159,206.63073511421914,111.26565988116498,79.6918563525413,225.77713970946468,121.1282024745397,112.9285298391133,258.60913887838433,134.17773420549088,105.64524854945552,212.18439232098467,110.59512514150285,59.33377713191079,248.49304143543648,190.95513430608884,72.18345950156487,186.8558625973366,123.89118301008993,87.05774818596605,218.1474143687258,125.99571524107054,145.21523630581868,235.11092232338842,69.15764417401863,42.585408664751505,215.75207867773574,172.55258075778985,111.56858655370844,183.03575133583274,76.07353188484547,62.128666763900114,106.57562867291256
2,123,0.0,0.0,72.20077497275645,183.79459613597078,130.99031769659842,97.7721099814197,228.33837626281255,95.23770261980155,109.8681321095912,229.2966421656179,147.2868582101048,101.00063504333993,220.35503992955987,104.79887876249792,55.97883936229734,280.14434573232796,192.86486512893018,63.36671088209604,209.02379282352524,143.9731479245542,86.92352621937087,213.40602921252054,141.34853393818898,136.06952199939633,218.2500081605048,82.2678809533196,49.16595861424246,237.6456361237107,157.80292447602366,101.70313969951106,192.94259295644335,90.45863514357879,61.19015988827314,78.17191797184807
2,124,0.0,0.0,85.66319782133007,193.38347184439374,116.52499873866705,87.49605061043984,232.51976678836817,118.89206790572575,96.46629524021833,238.6040316131426,136.6360483692016,105.36092290842558,216.87707252416237,97.28367360496983,53.89927896099789,252.90698543244855,197.6849704799457,69.94908159462781,194.6616001708736,145.29186287386264,97.30273807226116,226.16915954494087,113.58638544233203,138.94894276279962,207.56723401120445,81.4077549276949,45.18686164646715,220.63274348133868,174.63169543579508,111.79825195019569,189.70837492521792,81.00204357330699,53.811924212244,129.43358305831455
2,125,0.0,0.0,80.17480586433477,211.53574409317656,109.20888311530936,87.43428159653371,198.09441297733608,127.83039700031497,105.47874088588296,257.9163546718646,147.1660134539368,103.59949587674417,211.31246605066352,115.80620331392917,48.65642075284932,255.09624031324276,226.82735732275003,75.2078580729504,198.22197584903682,129.00365844631932,92.53347150472709,223.30344803229107,138.36388482853437,109.89770523100385,209.45932400257325,85.99127075099392,45.42141745992269,219.40999293978933,163.11519870569126,102.39889017872545,207.07142770410388,78.7004689125499,58.29426200354761,111.79203185043666
2,126,0.0,0.0,84.15005127329538,217.00323031947323,100.0666455338914,94.06533120178673,221.03644608469565,122.62520889848992,100.09478623422626,236.9109589534399,142.8804729895122,103.8717403433313,188.10908766928137,99.02268513977423,58.76878545026863,257.531628913903,206.73375506682873,74.5270590096748,195.7708203919024,125.27064639246133,93.35790638635658,212.33658310240747,131.91713085514374,127.65766865413964,211.35467425459382,96.2485371235301,42.909581096020325,192.59215079240133,176.28836572967643,106.97494695029667,194.01970151941134,96.07496779046313,53.15844460209766,126.97193088858798
2,127,0.0,0.0,84.89820727626277,205.7447427841676,109.03259721039788,79.16704016901004,195.1537275985543,144.60717725618892,107.46329419572233,239.85684823738407,160.62670666384707,98.59264744751178,212.41824836398544,85.98153165417258,58.401219457589484,239.13837685379144,197.01639137643016,68.39551047473331,199.54576404002376,128.47047435594737,91.81615912811668,214.93508974798178,117.15042996289456,131.0515126186124,226.70329765331928,85.53584188067835,43.93635732548674,212.6497930700425,159.4046882807757,112.1741613531626,182.2455714122382,86.36040315942982,59.04687259808177,109.48792855962343
2,128,0.0,0.0,79.6124973629371,198.20051841682044,98.52039100816003,89.01490248318821,230.4742454104221,115.37163601982421,106.31872727579295,253.27166217807536,139.22102803568293,97.73100415130901,207.95771546608987,116.50433613761453,58.015543877279555,244.7551511170913,226.43187613435677,71.02943386457352,189.8784700944414,132.61477323136023,84.87746415375338,208.50790226796434,133.57391104954309,139.30658032989598,208.14438928035054,81.09148041258305,50.37116336903103,208.8266261963487,179.19866177877753,115.39389548246633,183.9559497501431,88.90965674302956,55.25459459206879,93.95713673036633
2,129,0.0,0.0,81.22431537835678,204.358172329029,101.7912780962558,82.6173424403587,229.6434347915069,120.93028672032213,117.94001805709198,257.91965062516726,127.8939587194848,108.13481823196346,213.42278705590084,105.06807332064031,45.47743203505332,276.4000550795395,184.8689405177652,69.25243333321907,208.48168375064924,128.97455770701555,98.91767233374769,196.54005382721414,138.54859242598235,126.67024980113008,229.13731892335045,83.52889347648322,43.771725130421,211.23663787611594,154.98786028476468,98.93515801516332,186.26404245562154,85.55221466052119,54.858589571397786,94.97360625739032
2,130,0.0,0.0,82.05154627858234,183.56404045594635,110.99359599735598,84.47428680673553,214.72828929475702,133.49485416471458,100.87314082459179,233.37901947556395,125.79945102011085,96.4505847046993,197.72490342771067,112.11911825478853,51.13976081203517,250.34146751684864,197.3595576854819,70.64650870424951,203.55496295707002,116.56340303244735,87.9699691219398,221.8565302261853,118.43300836972703,135.9223574747692,218.23696151135582,86.94805552111023,42.22773853859772,212.11433972915003,160.89245618505637,101.58304758493279,191.0694481229007,86.83989058756738,54.65313366359575,79.42343073845664
2,131,0.0,0.0,82.04087198413715,199.07063194049732,101.95080452479881,77.85280427587588,194.29027366434642,120.17508990048428,98.49718139309374,238.3025108102767,141.78067866329323,102.6617784630886,207.12421470545766,95.28047465119197,54.7512161375127,232.37739168645805,223.88225519846412,70.64249921193696,174.79765673637255,137.2663292513624,86.30023434286203,222.48082094957422,124.16827981011163,129.49252094188748,219.05600407690835,77.31183286878462,39.490016954273656,223.8358851254685,160.09759736508659,97.28918123724944,197.38938868912786,85.56445317642064,53.20156566400883,115.54637485299682
2,132,0.0,0.0,81.3019936595735,167.0603759777394,119.70372796444326,80.42852293070841,207.83498285725864,126.09048103330133,106.65781378282973,246.56392513768975,126.50742129619897,96.77273237869565,221.67334128613808,113.10617186734518,55.75306983252634,273.74515562155034,174.66870554317035,68.81229713617118,188.67361526443864,116.52377013166722,89.76561774553254,225.06634034062213,129.48415560842398,122.76607050176683,228.05594391402735,101.98690573827957,44.956758487500004,214.47787039701532,155.51068611607138,99.51887098737852,170.9157796486856,94.09150448612684,60.299318538330255,103.25724480940694
2,133,0.0,0.0,86.25573520351574,190.29537276924322,101.96713545724425,84.54322292620789,217.3641328049325,117.79916425946595,95.94779260686501,271.7327611965718,143.84367795010368,98.67539939423956,212.33361185184813,98.42861351448632,46.667413513026524,265.68471879522934,188.04657691748133,69.7029169400106,192.86580882421987,130.95218797932543,87.93207580429178,224.12151129649607,138.62540119571784,140.6938532389134,211.82343257624882,83.57658724880584,47.200070034132665,213.9292298575444,156.6943202668721,103.81867710996052,212.97744106954212,88.47160296870315,58.121572210723905,97.23240751818709
2,134,0.0,0.0,84.01888141157882,193.92170993743062,112.40782266219452,81.27853134915527,193.6655057621944,117.57967556015885,101.13816562198244,239.20379442587375,170.45575107740285,103.01068404839422,196.48838904930213,95.73874324123271,52.74162406416375,271.087768449721,207.8298123112776,71.36079971546917,209.59283204273734,112.09572730624991,83.65659010033986,233.18254647795425,129.44598336408336,137.2730625825009,210.62213979605488,85.36549109551947,46.114905283451584,193.73157089933056,151.32429543289237,100.04800817834392,188.28005156667737,92.5183806039827,54.24521084510425,80.8554139528737
2,135,0.0,0.0,83.16010722850396,192.56270991177004,108.6765124652336,87.61708578806261,209.43719634930216,107.7772026856841,108.09679432837498,256.5656049905188,170.3340479489102,110.79187851523537,223.57691092760265,95.19325160560518,54.2502406245958,241.5245225510789,202.788823771377,76.0101129609538,211.65445850590817,132.19660724130426,97.75826235831906,211.9003056325593,120.13839180035225,143.85013627016818,206.80505646248002,81.26851578565281,42.08272217040653,205.59928886313992,161.57418357481615,108.44986054045488,179.8635311966831,80.48828163813128,54.2464536414588,115.5627711204112
2,136,0.0,0.0,81.0173601944219,179.75475681002598,112.07712283605609,79.9305506947797,207.2641203393379,137.7472756380985,97.5190419974429,207.81667366428343,129.67394885634923,95.01980797826202,195.08771228849847,107.79162881430358,56.192547662112915,239.68165122610552,203.24730967376894,70.46667640766965,219.31427256806302,134.14695132922148,81.64241468506512,203.00841426690582,121.69736989496315,134.62462758391666,186.5630507942971,96.79153162295673,48.36062833281099,223.1929917395096,157.6495520307018,102.09768007138773,190.4400646663633,81.34839984097106,55.35610185767138,88.75296093654737
2,137,0.0,0.0,83.4607674555025,182.56420276219228,124.93152748829573,81.62038027306556,196.78507976555375,113.72061930265039,102.19887157960743,254.19290455660968,133.7463963004059,109.3395581766553,196.25482602830988,96.3319589296251,60.9969551683853,262.73401009068675,205.14774926444062,75.2257897645499,187.73064870044485,124.91209018245542,93.4641105824694,225.4343597831913,129.89586364257985,128.62481104932078,226.58408679305273,75.61833932713051,43.81516222267962,220.60823966827107,145.1757634939568,111.27676309350348,196.8523040713847,72.32998297509548,55.38095476478691,80.27429193084477
2,138,0.0,0.0,81.64430984339198,191.88477294510247,114.29812146737957,78.63789123760682,228.17454074162356,109.84467930462935,100.3220160793175,261.9991813427956,151.592444405611,99.38008405964763,210.30668088622076,96.03651536052644,57.09007951684188,257.5846319487395,165.0596425024384,77.09951244004186,199.83920059840614,142.8966537949125,90.15852094240498,235.99098686460414,124.58224080446081,122.45604737389131,230.74380106058427,96.1368641176388,42.58362662179772,226.57966662245929,173.66043768330957,102.20403933478823,173.01067074158112,88.70778278234646,58.275618688466494,109.73167429460567
2,139,0.0,0.0,72.94226239388298,187.70929395442963,103.04115786651252,83.43635831556733,204.85806915712658,117.3316690383517,109.4316599073792,244.0749266788147,130.68752001270784,98.6572480475633,188.84396238173983,103.00965770228098,60.41393419427992,254.98325999520173,209.33125096700283,74.716681677985,209.98458618744357,130.94473483461604,103.21555733011888,225.03376570640683,129.62876721740463,128.54394034076557,216.94383620803566,79.67392492479024,50.076430895932056,231.0330612391581,162.8851417705175,105.65838136826954,196.22284921257688,81.6087579096322,53.525526384268545,100.61576724779667
2,140,0.0,0.0,77.35087820024097,207.79149047619137,124.01183698631641,80.14929941141001,228.90772637549713,123.46984590258178,92.68339691660557,266.02188032778935,150.59972397568836,104.88891196585105,203.89924837575722,109.42765078915065,52.78435807161458,276.3384028648459,193.3767344763254,70.52801271860403,188.95049057932772,133.11316118399753,90.5148098367046,215.48412430318174,120.62614462368208,130.67329899784855,203.66997141406083,82.08558994021465,47.66747770059946,206.95311492862254,138.96223743573276,101.52947256085206,192.82580117843244,101.75638075651962,56.80840635618515,137.89048452616873
2,141,0.0,0.0,79.10860819407948,185.30495537498385,113.13362986878425,87.81344706445573,229.67542777253763,119.74978730168554,105.152756326922,239.83851363628858,156.456911227987,101.57699887696083,208.15232894277133,111.70063494440681,50.20037339837431,237.61187113565168,213.99632525248725,66.97066720214656,199.0868012723712,143.88068807140732,88.4013624229417,201.1999541668545,132.27973429855132,138.58843876259562,200.94212418710038,84.55773256635321,44.5232425272247,192.89063567243193,176.93362843833984,104.66168039410192,180.72577038252095,84.61803402321992,50.218664576874865,77.101512533555
2,142,0.0,0.0,82.32358118210784,188.1212492078642,117.66281887492,90.41611536212179,205.02018446275156,123.13078811371827,109.2349055679793,242.70209780956017,137.38164975014797,102.03502268572015,194.74452863246097,106.23244258437867,55.51008164713164,238.59183452737588,181.34315033196933,69.6716694620895,195.77524506235412,147.553751258161,91.14976801040348,219.37189413412702,129.82376450883993,135.0526570967191,221.89395880383057,75.90493141779473,50.19433031728752,215.82516397183514,160.86006816029115,107.27737369346438,212.6409851437098,83.77932173587185,53.40067080597518,101.55661184172904
2,143,0.0,0.0,77.80373461780452,198.3447723113675,115.59061488986487,74.75504575194535,204.03852675126944,123.47811040368538,102.64569987645262,253.99906766356122,134.99294825353638,98.31939872460389,208.73486660059916,100.31930056226564,59.97915583943335,260.76587999090583,203.47934375928358,74.10421068358384,201.74039379052545,135.70649487146926,89.36661219369302,247.61052647207805,113.59300354506787,131.67060045232012,205.39320359580728,76.62503245878649,46.105252511318405,213.98149310614878,172.4136239710704,97.50075103288623,198.44556214628616,93.62175437241608,57.10473642077158,109.04783043304823
2,144,0.0,0.0,79.32866129289897,202.59153202883877,122.52593539515951,80.50655225394479,221.7837680293573,112.4131836078096,97.1565335086633,239.6257643029642,128.09984310992974,103.75309756313666,212.75994855675773,110.49873780510983,52.039310814331245,253.20249595232983,193.25225150201388,75.83069527314619,212.80222669474304,127.30077103311186,93.61460505181375,223.16011337315882,115.91828769675654,111.04077525256257,217.3531192235841,86.07639533767646,38.25257258092786,221.80290119998517,158.04257323079156,117.09729975798473,184.49009577051748,84.24807067358773,58.275014710237585,90.91913835253968
2,145,0.0,0.0,80.26090249565769,199.15561967867265,115.71623849330389,96.31651892707359,200.53688851944813,140.61656090001892,100.6865159398811,242.69973129086455,123.14756284167854,98.62777847844674,207.80946186559677,92.66476619712303,49.633708963695796,228.28371094919117,206.85542887398208,77.91184814356413,206.77847262203784,129.13816651327753,94.92652161018003,231.10471590744297,113.39895373910801,124.69111691461475,211.70971397299735,84.8604844765026,43.43349647495129,200.40389115516174,146.11496645972142,109.64160935072069,185.41729369926296,80.9273025073047,58.76772868858201,114.54950209377228
2,146,0.0,0.0,77.23245722054715,187.98349741383868,107.39914343165643,89.86248340630554,221.77829081570124,112.77590564215377,94.95071577191736,220.7580061707335,150.62386847186588,102.27175373139544,209.17383275800898,97.94924116623486,52.241858100997106,265.8056608985254,198.90906647437075,73.83494803527451,189.85583409074158,115.56046951559367,93.23568954360317,219.33531976651759,144.3572438899747,125.94560784159877,202.82165017054453,74.37706134452775,42.8848831006708,198.63281636278288,174.28262627963755,101.12398616681804,178.92308460767,84.19876708861376,54.88076995821899,69.24926022938087
2,147,0.0,0.0,83.52473657503224,199.5222151524092,123.79622740714143,74.92547342070034,216.61677092090045,129.5843048450294,93.01043663725426,224.74551504653206,134.5465363821698,109.41147680458361,190.71657730811307,95.73692566893668,53.591910742703455,247.7936832541474,201.464065632825,71.89945732048626,220.66837195010055,126.88300377853854,90.01304319724022,219.6777244235095,113.51532908858017,127.16266451392386,194.47427994911232,61.56039178100448,46.85875778517053,190.52487429187298,143.1850903338733,102.69164970943736,196.8089708116305,83.25502615445777,53.35271532927705,84.99276906185779
2,148,0.0,0.0,71.17585423772711,188.52221717030974,119.53056055764837,82.7762631711052,208.87202906201,102.56265700427946,105.70884955445825,262.9870518779598,161.59627691094335,112.48142218005448,212.5330932596153,102.9374173523954,55.58765262070257,246.08630675555014,203.3681863936761,72.69686906862869,215.51099379940666,129.66115590221233,84.46149216943897,218.21381575729623,112.23304637076305,140.6519472456739,231.1027731432604,71.03300195018221,43.95442298948131,205.44753094994525,177.9439107200762,102.81338430990796,191.82341036394132,82.69897898562566,57.731722607344636,84.79882738086278
2,149,0.0,0.0,72.81876882668978,186.03355908763734,134.8161759261504,87.47778510913258,194.5365655585351,108.5130376159385,95.99502286660021,258.0639097551438,150.6452492853896,101.96264265048134,202.20409765066296,96.19739804479086,54.45864952024084,250.59329111203502,181.8265443526033,74.52566880047914,230.6957292111173,112.25125601323336,95.85114880652365,229.2915339141732,123.34943319690493,125.45739199464363,231.22584530343335,89.20532171214961,41.65368723265556,212.56768065113698,163.2981680318887,100.56678450573361,192.40737505063058,89.83977076388649,50.17842085901312,131.1282765257013
2,150,0.0,0.0,85.48962573198824,197.64622066576237,102.71611115263076,86.15853177530758,188.41466575716493,114.2584176616789,99.3286516617686,235.36170296658557,143.49841195360233,90.32826170585733,218.8951809570176,103.44565899054521,54.52670848871601,222.95826917274957,196.17050997326464,77.7615006510728,197.3773555252381,125.2185330832095,96.75487910515922,232.96842156621895,119.19324907641597,136.28261365147117,224.15629707328347,84.98183690505105,39.38541988548491,192.75519860877327,155.06279232086766,96.68733167433686,177.81207667827832,90.47689639005594,57.89627806818865,56.462701304808675
2,151,0.0,0.0,72.46377436266943,209.43276524102305,109.56010364064767,86.36298684247878,183.96964289545943,103.78211544373751,107.44281677255898,273.8560336870488,165.1012302149427,100.82409335597738,194.22449039986935,113.0118836929438,54.57200702352102,255.034266574219,187.84233838223517,72.81423713608646,222.6239593052403,137.33460213771468,90.04963587521182,211.41372725112885,118.15106133624671,134.22368761227267,206.51539413624982,90.85427182781423,45.222876344773674,205.68554601816473,152.30186613421725,104.51000489376702,183.65669145458324,73.1201487575397,53.950064757071424,119.29677442988005
2,152,0.0,0.0,75.5896557031938,182.14097621177453,123.23971323049116,72.60917755544044,200.65169472521217,125.91000786985059,109.77309527422271,279.2760996497283,140.47527772560872,102.88887218961634,231.3749288505995,104.20353075203005,56.08580248794327,259.9493795460502,214.37707975077393,74.32566939273991,185.07624238768437,101.84256040076143,98.34682018535983,200.8651846249101,115.11182086812632,122.62421977550171,191.0711836289056,91.88634552402307,44.57757614928983,222.47773694614983,183.17732623752968,107.36667455006705,183.5217846761619,73.14536491112949,53.57136053655432,76.05857947576013
2,153,0.0,0.0,81.10258517416213,187.79012051512817,101.34581979263469,86.0153549189163,207.52548594070413,120.45471214059052,95.40925402830703,231.44599103003844,143.55681738591173,98.43973497650045,193.6547675100814,106.32705276535638,53.18405078751865,273.1357735683574,200.2824506581673,72.59886717420164,202.86177771977594,142.63333374659067,88.40665002979492,220.83798567774627,120.2312251567515,127.91053653138648,227.02522108888627,86.3311882511748,43.21323587124446,214.22047167827367,147.62874886696744,102.50652746689191,181.08986840094104,79.45726373270662,59.26338598671813,84.22456987827607
2,154,0.0,0.0,81.0845838294478,200.47210442171618,112.53931875843503,76.543853314199,194.67269656948827,136.2890159813979,95.76974760975347,250.19242384056693,144.26945597320312,95.74733688224966,218.50573116738218,111.05240562852843,53.062055572168205,241.84853348863967,197.64936482771887,69.73948386979863,193.6760900566626,127.82811748573106,103.51590181186243,193.09529428521432,105.58019235308126,128.01831668699361,209.0501989982732,83.43218515206476,46.97205637835768,213.5050240416179,172.09647229943224,101.02450930268596,181.8941896492909,97.5001165338291,63.40207993519317,90.45938551742877
2,155,0.0,0.0,83.43173516915759,168.38562772611658,109.22279197597439,79.07927529334087,190.7459340500251,118.32363399084157,98.57779480882067,241.92786496828344,165.82705670660636,101.52311374375373,191.28433377533813,107.17374650064025,56.78329687204716,255.46382962395833,198.82467842712785,75.22911701002883,209.32275347795405,144.76249632596372,89.98468960809946,228.46888839433046,115.57228980379008,137.4658531869427,206.70620048973566,64.8431556868328,47.29590369126657,225.49731606025205,174.11742011913063,100.87690227312955,191.38670482192737,84.28976635565384,57.91402533409739,87.50026973065071
2,156,0.0,0.0,79.77566967525904,195.94784092467756,107.36133170485117,86.31691762874885,201.89857825562214,117.50270670573452,114.63843029216747,249.92710710537906,158.4533783855807,101.73122510427804,192.30078125515402,100.7194922537019,56.193787273869034,266.3606874723685,191.80841551078186,77.46219673057247,207.78860671846292,118.52498051303999,90.74618337339375,220.56402139651482,127.94301036332571,123.44189329066913,222.65409678272692,100.80482012174119,47.97484104021381,208.59081139286042,160.45391057976195,108.4643579666514,168.62634966691297,89.33899140956382,58.2776332051431,108.2446678927398
2,157,0.0,0.0,77.10933591347438,215.95195326233346,107.7347678305402,86.0716925622124,220.83901436038943,137.03537028061535,93.95232325340812,259.72078458730385,144.30490949369474,109.41152810839979,215.01111953988107,113.77965167835946,57.84847632128645,246.27669329728724,197.40672477923428,74.08236188510905,208.91758020247516,122.87398164072337,87.58446308603882,196.34705296558104,133.97255398139524,141.8335175838096,211.51867999802386,89.62455065766382,50.25817602181377,216.46700544175732,151.14660208291727,99.97369979931618,184.90718393219268,88.35424166673747,49.9925769352213,49.8272135837462
2,158,0.0,0.0,81.87683543375597,198.98126905853084,96.90257667925304,80.15403432000379,222.931225872379,134.32358313288418,100.7990014916972,224.5037655305613,157.7922484860917,107.20226016582322,231.71429880492923,93.7931618584215,57.811400290313564,254.79787183228552,207.3825314688015,77.75718172726174,205.73664574195212,126.75484450167043,89.8329261608581,222.92373871729095,137.03929384136262,136.74771790238623,203.48122625814497,86.40641270496977,41.05335804565609,190.00015590471884,140.59737708606102,109.41404372947169,211.93247972503463,76.3907309140549,49.585968885896115,106.59276026305491
2,159,0.0,0.0,79.79938110827553,193.2137083767881,108.43637222260284,86.01695659335454,210.4498045164182,114.06680533603803,92.85792423350156,224.48237564234554,122.53359195365064,104.23354201947026,210.5118779147753,95.36330368933322,52.303487789272985,257.7247048090717,211.7303892820032,80.53601399055206,186.894140456978,110.55936128482921,89.6090407626069,221.09148505605495,118.53683605420017,132.70876523026502,218.26057794714163,72.50559585262465,43.74117224508591,205.3546916049252,181.2803123554383,101.77805070372672,196.98776426844026,88.84420391175016,57.14304428423446,107.00602511403861
2,160,0.0,0.0,80.69458380497187,179.6374883217905,133.53786557724825,83.41259054323002,210.66454364313066,131.20653088663119,103.02057740278607,240.17190754862426,132.95510518871765,104.24796052294789,215.24852787486262,107.67510906669102,60.05172200527412,286.1546636908674,192.8644654340828,72.4642040800944,187.31877162510568,143.56987834072825,90.5699389774235,218.70508583447798,123.42592328308537,135.04749886669043,216.0394748891512,90.19667171287641,44.59796737167592,216.80221697682748,174.33681433194434,97.23970279033047,190.9701566406442,89.32545651043961,55.9785245388099,82.69247688232346
2,161,0.0,0.0,64.95139916924961,187.80384995382695,107.2238452838431,86.20792852787295,186.12301448210104,132.53653450519172,94.86081202357883,216.243478004229,139.94662469825727,105.04291294494332,210.81851237267693,106.71738422137395,60.136105801125154,253.66665578646194,205.2211185224694,69.10550147860401,197.41856305791774,130.1178941606624,84.70993467308328,216.30466398288655,127.96557893790484,137.03882312341082,198.63485360940754,79.88486476106922,45.499198779763354,216.50518073023213,151.41847814065505,107.32438321809514,177.8771965470655,76.82596134178738,55.185275799087485,104.74218080080016
2,162,0.0,0.0,83.75792926420402,195.47924760375025,114.57100033646445,84.77970945744221,189.83437384992953,132.95908048204902,84.99500009522062,268.244645741015,154.38862633690138,106.68136735700143,211.23325058974507,112.17380488940071,53.36217888208379,254.47676634187573,184.66728830697605,69.52730493728932,235.24419467806334,118.91835376039089,86.97025520079417,218.5622304166431,117.24845478397226,148.2875286518683,235.2115794052364,79.52971846264457,41.84757948314547,196.27529888849384,165.62570409646517,103.87191977196218,186.29796502017226,82.8041512013073,55.01117631730588,81.43693437441571
2,163,0.0,0.0,85.18283718473417,217.83748052521722,104.30501761555522,82.32063410954409,219.53832899084873,139.51379310643713,102.18270250692845,237.67842905029838,172.896642309709,101.64538099470825,213.1628302800873,102.7602147015079,56.73596947582493,278.3114255577848,219.13759496636783,76.20452396014717,206.35421116119335,135.77748725517904,95.41027186277861,205.82170352759385,130.4671244085507,131.6645164701207,199.2469379347334,80.99631730735047,47.696128924056765,218.49686433697443,165.13568830721616,104.81358155019313,179.98515547319863,79.54203558319996,58.116325764442784,89.66197053265074
2,164,0.0,0.0,80.88371926588466,218.1921767445427,106.44208844106782,87.27850412034597,194.05797800406415,123.25034470619626,99.39150604735259,244.41559876628705,142.97015958448043,106.83583705507714,202.40698476863568,95.43538965410825,56.762398822465954,263.71520992084277,199.57024688140487,76.7693735561149,186.51912773835684,137.34538268285516,81.64831917530545,212.2123879725483,123.03604695261936,118.46876555022274,229.78223304216147,97.84231966181405,47.64124710159428,183.9737376537635,168.043855018951,97.5440795469372,203.00287735615768,90.0997929672637,57.14701793937433,101.5835068999514
2,165,0.0,0.0,83.160082130121,183.4710134297556,119.34480090770957,89.9415478587834,216.0022821793321,126.43207243771744,101.19106220705696,231.4250118061422,145.0189266326969,104.62807664890052,216.8983650452671,105.17779704074856,54.90713546789421,262.1667224263679,176.50131557842562,74.0278190544089,212.53169464550024,115.31585119755823,95.86421037422666,199.57064147076747,119.65066145158805,126.02930631804004,200.6850333496571,93.04235095319206,46.44402114424282,209.75753582690513,156.23553644656798,99.20964049669344,198.87180581302098,81.39178085043011,58.40752587593904,93.7697979672544
2,166,0.0,0.0,75.37404816782397,210.1170992703672,115.2854548610107,96.25578583258218,209.10489594454867,116.98416067556929,100.19974532023114,235.44332342171012,154.91319008733785,100.27433226350632,224.10232761621006,101.95584199064275,59.44417888921675,244.60119846345586,201.5287837662777,77.8980694066837,211.41600825687922,122.01634723803082,86.20348228714248,209.2788894715629,127.75825477814513,137.68381836442063,229.56501899626255,86.5063073512861,39.76250964985766,189.99094207939456,140.3745550131536,112.64540380254866,200.21640082253072,71.3953885800342,57.250454269221976,76.89479115865359
2,167,0.0,0.0,77.30314991901196,202.23427810035776,108.69394463491459,76.66059047975048,183.71299483777082,136.09960285162808,91.72899220826724,243.34834638412647,135.113005901473,106.73804194369185,225.12661172642655,108.04726943586664,59.98792616690267,240.3816038385211,211.9132152475148,79.7583654296019,216.21795783297804,116.81645976093002,85.99686737864378,192.01510231180546,119.58447236891242,138.78964215621568,222.736568890597,92.14778792572066,45.604305417442944,205.61329051746674,152.256196883104,99.23622811419966,174.16953183172362,83.71714773981167,57.94390342682075,98.13010290779398
2,168,0.0,0.0,82.89187403997563,197.27704368463267,105.0367759202431,88.05889376624083,223.53079623513665,124.28773778819848,96.96704601673329,271.0733316155205,138.01960490294096,97.93510919575934,219.8949723052249,107.83675929112441,54.10539681351331,229.34657787285164,200.39007321798104,74.09286031576629,201.37721165250264,137.94086735979403,85.84956624777698,221.08173849481383,122.21013571425658,127.1872375074305,219.48662155733078,86.16120802539344,46.839150077492604,212.42551975608805,161.28973713374828,98.37994563826614,180.66936375495163,94.25611411417117,51.06826900585732,79.07643678917168
2,169,0.0,0.0,78.68870717087977,197.16439232267186,117.48403636697925,83.6842159729555,208.17895869126943,108.45982569428234,98.85649080883147,231.92976409601764,156.0947817193233,96.08797986955713,203.85414408405245,86.99891637846517,50.564829041766664,247.6183285444291,209.63779910909324,67.55001133003546,196.25723812680363,131.28676254031367,98.67189114071292,223.13403204673293,115.27496565856715,122.8033639550641,220.6231383479077,85.12154057543282,43.76974941225613,201.159591900428,150.01699324916825,103.70065491034917,186.04104022005663,86.7712733884659,54.58710191458344,110.65090379553413
2,170,0.0,0.0,83.56732663065378,171.00734222682925,102.12033341798116,90.55546583533292,222.17742493444266,106.04352845983249,92.13778674869074,236.9562251835091,140.96139977560426,104.5743721122517,196.9166601809918,103.3448572619033,50.060808843218695,231.7237700192376,184.92907522152885,73.57380417229555,214.97232263472793,151.56105120984805,92.0829751995324,183.26008750754377,121.80087721739042,129.35972061867673,193.2008740311437,90.94000303612357,44.29190467121614,199.67605793728148,176.94932052880762,107.45206443949957,178.25033054163265,99.93923824939174,51.418650373158926,96.75437809228734
2,171,0.0,0.0,77.63292646912704,198.44230439461654,99.51191068222226,78.76320759072486,203.48205470772402,117.39335288368606,99.86878162569289,240.93075236677456,129.8183627967718,101.99533009128965,218.442635880338,115.012914698536,57.94471740170914,243.08549024105625,209.07253175388658,75.91131232225821,206.69777470988538,150.18941484418247,89.58497723385629,221.74898030490846,127.12177974688339,132.2889442971962,218.0463834472087,82.37155173725199,45.11234207400075,209.45848645222824,172.30482416288083,110.09790928622174,198.47127733854296,80.90855092811843,57.234699646746684,122.85493683374489
2,172,0.0,0.0,84.27377390991725,218.32827037727802,116.44843030471965,90.09143440688185,196.19194806358917,138.8448300736324,100.94265181630367,238.85776385204474,146.89461223160063,101.40593619261878,193.13084354823175,100.91881596206353,54.854779071661355,281.6842334530361,194.89076842888863,71.57974161168121,215.68051343426774,111.90583059646593,94.15826576554923,213.5841805249506,127.8619901439465,136.0020083827283,221.65381143825624,90.99218783225355,44.93346195931358,179.29762240791968,157.7422478790422,104.8517749742931,179.36347619709397,93.44945832750899,59.79103731674379,121.28295048721057
2,173,0.0,0.0,84.59831694010374,191.00127930467227,123.25950390962429,77.52143464247915,200.02914538175057,128.45959875738257,105.51616872378841,248.23997947454046,147.42838756516178,98.864490151874,208.02093243287027,99.32335605590967,55.03647780059082,245.0175569992422,218.72198674351563,79.51655837919924,199.0850843006165,115.52531702373722,82.73495995112543,209.22591500093986,129.88744303933404,128.20383092648106,221.21422463271892,93.01831377474134,42.22735777304194,194.54485767566376,171.75667373164788,106.60846241530675,173.8706618875403,90.48310938190592,54.39072580007653,92.90234983563236
2,174,0.0,0.0,75.21046408662077,194.872741813611,105.00831286480968,79.54033407972577,200.0639455303051,107.50965881324188,98.42977225340094,242.8438572897973,127.05822927600187,91.7718220091282,221.426287624024,115.0595979290071,60.27877892837812,243.22059029400427,206.14459406446232,74.36368178041612,212.18498130936715,132.2700028402623,87.88751382856844,201.55406081660544,112.32515272540655,123.05049067997922,230.1729093111737,82.43173571286523,46.76082557402529,212.01693532001144,158.79879641215538,96.47694516121004,190.8036942258376,74.65105709065111,58.9328934732306,136.644944367943
2,175,0.0,0.0,80.84063363602148,189.2708449688428,114.7133568938365,83.19375371876298,217.81758660020716,132.31655635974056,106.6073192348662,238.73350228815758,130.538093685473,112.05814996772652,217.6660285214716,117.87617918386039,61.35272765367474,240.9830266693742,207.94472592170283,74.30851157582418,199.56429977642017,124.9591131767383,85.61560086008453,217.83681611799068,149.10514963384253,115.68305677293753,222.0838943515104,91.01974001491249,47.69039745799509,204.3666543454853,160.1934087884776,99.65490541773575,172.0425117625705,90.7204289792612,55.917702932109314,89.31495996601434
2,176,0.0,0.0,74.41279173185404,173.5169050977881,107.4786898382589,87.73801565027385,196.29126627391653,128.4829068104788,99.5348270026359,260.2654224261435,137.0164218834639,86.3682474187583,207.43724972843182,111.99384248649257,55.604375822182135,249.56151884611447,186.03102710976077,68.4406506852728,195.1558104507385,131.4838233459834,90.2202659629871,191.98468196619837,138.00012637634543,135.20934384017096,190.4857940667303,88.82116490371966,48.24263118676607,191.5974586433278,153.13783039843838,99.79318006952761,190.05977856055782,85.173130692779,55.92315718229194,58.912805932178415
2,177,0.0,0.0,77.62974115027188,194.69892623673798,127.37479951660782,79.90411709866713,183.95181106008692,136.56647493183607,112.40446930107278,257.55598816424254,142.54293723767654,101.38615043975156,197.21285563460356,124.71061249235544,54.55453671368549,217.5172618681372,206.55757611251533,65.48539218769075,205.5644800391708,144.70807638203877,83.92848619760039,192.02090525006273,121.98479800617912,125.05317161587949,213.51329326540682,90.12316835078857,44.16656694779228,195.94080977149306,168.2070827317756,98.5532832333393,184.10220258712351,79.7031114663775,58.55958639397831,100.66576655122664
2,178,0.0,0.0,81.21882385595123,195.36691331816698,112.36488003606307,89.32601090697648,193.22854183325796,140.023895076987,109.78487069203356,263.4541540519193,161.62270333588506,108.52611607729493,206.74172439121307,100.77742156510132,56.09874316909238,274.9826937340991,195.3088984927313,74.1380457317839,215.39131522131615,113.52010720531781,80.19960030290765,215.72985023916976,124.90675843011803,142.22550007224743,224.13300970582762,79.49509268442532,42.53491962561785,219.76741157266645,152.5955764787925,106.35601410878715,195.60144713635228,75.01852670483956,50.96396275015077,110.29941924964511
2,179,0.0,0.0,79.09463714222798,206.34221783405295,114.55480207913917,82.42885701700341,222.27653357608153,111.95236568107558,99.16697085178116,245.59855019946428,142.65024425624384,114.22223790749985,224.19060977959995,110.72417885981429,46.58984781954407,269.0460564638232,208.02355346141496,68.33936663532552,205.47914893914037,124.76413818578862,89.89660250966814,222.78215540525304,133.94140662071675,132.25705587677254,222.07316179515433,88.88469367157704,46.88505402290865,206.5060783040027,148.483889926327,95.48111878893454,177.04425123262175,88.84616878793985,57.88708043911314,144.0120594197587
2,180,0.0,0.0,73.64418074845611,188.74516384785795,109.985561195791,79.08552043233544,201.63772815454584,131.29184572720317,101.29579877850186,244.30584392464598,155.0680582500909,102.85577527641918,210.2983158658416,94.9341888623882,55.4346463342823,234.06138030022686,172.29087969549775,67.96328053742405,200.18939015306896,109.92599631577097,92.88227461425022,218.18830196591773,126.89339546821981,135.67213566082935,222.86998573459942,79.18134824945524,42.57659577228676,220.4785652992763,160.03332952137845,109.8464497383532,195.85433024791035,73.26037625426439,57.05921866079211,136.32255310108033
2,181,0.0,0.0,83.27207347573658,206.4425887918452,110.05830356432655,76.17280430818342,217.5092190204139,129.5887769139645,95.15656207736427,254.30741259193803,166.41915972028752,91.56013572594443,213.18068625196145,105.80951659449481,54.84294688328721,265.59566892501164,194.0866774945379,69.59050636642007,193.78893434549903,136.1835086335289,85.94733525770772,220.9214602583968,129.82280320215062,131.87756913266966,211.60653856921053,83.91810152570177,46.70293572007214,208.91903857162228,162.01947781883433,100.31246516691985,198.11667417837117,92.88800193136898,55.964986073018956,91.90650135619505
2,182,0.0,0.0,80.08910644768895,212.3517201355517,112.74507122094849,87.33248462393243,199.11976502227589,136.4650241108379,101.69249058347253,278.2587902155674,157.34534279625663,105.00347029197079,183.5901067904766,101.05474450266225,51.32916564392754,241.98606469309445,190.34412838309893,75.1726744054845,200.52751654375479,140.72256749588166,93.29907203257358,203.81247214207272,125.86558203641187,134.76983651031316,223.38973757817345,81.67305824122099,47.630163230371,227.37256017009406,157.33094169905087,100.90908346509906,186.80967057102242,95.09669818483476,55.135179944639056,127.16197420313674
2,183,0.0,0.0,84.33477866110896,228.41200013958235,118.64733617687622,86.24588301418986,221.09459031210037,113.84861084251048,107.80558685170922,255.80982525395908,152.03554922133657,91.48401968618438,198.75750740883726,110.84784859197124,56.11354325234041,248.54712830531918,193.76276565553718,76.3408622336041,217.37437543433006,135.7043883565164,87.70913430487474,237.68154156218802,136.8486256627509,130.11319899860945,219.47817578781027,74.83580589165592,46.11003178626668,203.93123039886953,184.54081730367116,111.87777353239527,167.95513047359543,84.56351963602425,55.52917579433687,75.44007716718862
2,184,0.0,0.0,83.5792186961629,193.67094695740187,100.85298606132686,88.98197409395961,206.41591116169332,112.23867700380907,97.11488222563976,248.5884606689499,149.423990832153,101.98664936379193,190.2620043611406,103.55398321839428,53.27504023087998,262.7277628174285,206.96855277188027,71.29048271106082,188.18202098240704,119.77266738853342,92.02443664147421,220.19525134834328,126.39679840703486,148.6398272807204,223.63387699017198,78.58819210912787,45.04778821395731,227.48493185853812,172.21489706670823,107.54650696474711,163.39108691068537,83.8752819485383,55.936530546217924,147.8927232784715
2,185,0.0,0.0,82.03139717456462,185.41673339499775,121.7378918863736,77.77512140635334,198.00378213061165,119.08444486412533,86.8919038299303,266.25021767696836,140.72855552770912,109.09296141005433,215.7242459357655,104.80824502379518,51.06227652810942,226.43505485014737,201.82816169625414,65.51089407903643,216.90232208858052,124.5854276321619,89.89770538369558,233.97751398579152,109.66769130745139,139.6324468917728,221.08985754537252,90.27209420261421,45.90019869737876,196.0946740147592,145.28123312602952,107.33007691167586,193.27228523530295,89.47945792839036,55.82722507095806,110.25890013416291
2,186,0.0,0.0,78.20535310861129,199.05830381729413,117.71910145450452,79.14792698244152,198.86160511010735,113.78792873503625,90.63701482850061,256.2159584841182,140.87524886593252,104.73214005837131,204.62352356694691,122.11730021921967,55.297280067401275,276.33302276970494,196.88771772188173,71.80058787197913,214.86850216802648,135.46724145257676,94.0080152090439,205.84785860197098,117.12489635427892,130.97993806154878,215.88287290705858,87.28763428383195,46.36397506517572,224.37058377480108,155.71799399293977,101.1720489366279,194.87971516449062,90.79337448256778,55.52468604736323,102.27158443273831
2,187,0.0,0.0,74.68636932729393,189.12765891941586,125.19958825495446,92.5558847113086,220.0908652261973,104.50827980093406,109.78132298921348,268.74984896366544,158.10259224698038,93.45310320769566,209.58251002941492,111.42147541114919,57.43742494618757,241.75701808357204,211.20043371749577,69.0069294541363,211.02297131001694,131.00136496848958,93.52846203198712,213.32215490791245,113.60353232303261,136.75034302814865,224.76294379443422,82.73877158427383,47.118412941396045,215.7164151909964,163.60570682297237,103.6845861437474,183.81424465567972,90.07348984414864,61.07773337266855,94.38130261847459
2,188,0.0,0.0,78.30532635210251,184.26692998581416,108.31242021004148,83.02538960896288,207.51748580892212,126.95900594121261,100.07474234727154,249.30230024955787,166.68479883033658,110.42650796712893,228.9717630708704,134.3873118206096,52.8957517239696,224.38250891758787,198.16729665718515,72.69385059466843,212.49997451491166,137.42328383794174,86.19482192756438,220.30782402018724,128.2770218525305,131.1710097813557,211.0641173308085,82.38263548594247,46.75354083895368,194.88709478826235,163.805595290828,94.96037880257542,205.6756204745827,95.03059869755718,56.93335446502492,103.62768888507077
2,189,0.0,0.0,83.44889018491097,215.89633894353062,116.43726181757427,81.71846827029928,230.3634944482855,127.75070759678071,105.32080420694967,233.2083275610624,153.05644307848857,95.5801900161908,200.32119672180647,91.6345181595157,61.17282487488147,272.4398442092416,198.20681385350113,67.32700011559709,204.2974702860993,126.91518420701948,91.91791216165592,231.51815535266738,121.89794167424873,127.65549429687688,211.10000484672162,81.92111009307878,47.24593979611588,214.23337420469207,158.65227485943572,97.65190658666398,200.76937760768163,83.45203209756517,52.53461217196886,104.06477692846096
2,190,0.0,0.0,85.06130596530032,189.709263507858,110.14620714716172,83.75476361091827,214.68014790704362,123.26574883045204,115.28886492630812,233.4465678645158,166.01440470510113,102.29121102070046,208.60342288912625,94.33248974781822,49.92335958036385,232.9558730801843,203.27080555173652,77.2880830211403,185.81891664450808,147.1654369818514,81.62901527190107,243.94018758622815,125.42227977196858,125.18084592048199,225.36383723753923,88.37839174257743,40.69343303748333,209.37726847367603,165.94144438665,105.5679621961959,189.2116930517011,73.39443623564947,57.77332115717597,37.60219292461842
2,191,0.0,0.0,74.9785536803831,202.90009410955025,121.99067295120476,86.43683776467999,186.98335116606742,137.29043098424322,101.40322540331104,254.29384227021816,139.47882483727065,100.34120671072404,214.10128438060735,115.38459420917916,57.69377082287635,262.75258123348715,223.4014622066109,66.69643070698748,175.96222841992846,131.36776067487347,84.26576969477992,201.63395622844013,133.61254830432645,126.38580310607732,215.97847411470855,97.21471212661457,44.56835036795675,206.84946771061908,151.73224312763577,104.95209105780768,189.4354127183018,94.01187864704902,56.48080319335013,87.05485152136146
2,192,0.0,0.0,79.94626990469764,202.47620407669257,111.61377107235128,84.99322686709827,190.57260866050137,117.75642574241246,96.60680967263792,276.67627028822534,140.33087762062186,102.7966912549421,211.17162067331128,101.28403553385083,51.607261617924195,244.09554933932938,198.40351024609905,75.32136035201043,181.5122192487154,144.91507014009608,83.80370263348732,239.89748080582768,145.1707055408438,120.6859773180149,200.4265888238416,85.41851840665045,46.28263525829916,198.05141159627476,145.7497546036174,104.97476706550627,198.54333856303427,97.8598527638125,53.40457365080189,97.52829850673213
2,193,0.0,0.0,84.52271025396978,184.42413417388084,112.69588123678403,78.2995143846352,205.54739208784193,138.3472206370047,105.03950778512286,245.9124621566827,127.77034162439405,104.32114810385477,228.65012871114774,97.84742858659804,58.17114338508404,266.228190883956,204.55648609752703,74.3314747357413,190.4520498488482,135.25260703288853,79.81042715098782,201.48767360274346,137.18784611894495,124.86086392643278,213.57846660077507,78.71668229202575,48.243773210576265,204.4689764263886,170.71556447941384,103.67526123332217,194.93915972228467,97.45448365461476,57.27921657199664,95.01109741034901
2,194,0.0,0.0,85.98971967955801,177.17053058548674,128.4556244211347,78.21220352385434,219.51597204201667,125.78830190655178,98.52272790287475,249.81702662788675,144.81844707509794,102.3638498951075,202.04575557477466,100.92496403893283,58.100914105949165,222.7912732985393,200.07072313892314,81.41178299246413,190.3333447832705,114.8972047137847,89.93982726128323,235.17234063579818,110.00096985869996,130.99316341909758,212.96747109686015,82.83234320526418,44.33763137362812,209.47262081742662,167.92275433955868,109.15364289760136,174.30441023528007,88.68767898261996,55.52158206880851,87.32398161508107
2,195,0.0,0.0,81.40429370006483,204.97461309820824,119.98730294085452,78.27254191009764,198.79657658409903,136.57517676081977,93.43845787085932,241.56854009005136,152.03747299358145,98.31065823562632,228.8571913122151,98.58609857020451,42.074019621728304,258.5716847298195,212.87024262116142,67.46942937350258,193.37393491078032,141.57503062902572,93.2230157791481,214.10316017401314,123.4441968499551,131.19669967783054,213.7441451454662,95.34672561069098,48.24647593704541,202.93267429024283,164.09543192371905,111.98798578413889,186.42669833304248,89.95796079089307,55.915685908575625,93.4959455152678
2,196,0.0,0.0,71.46252185754997,179.42283753184446,115.24031646043525,81.13250006279677,208.4830733822112,120.20941005435276,98.62832876379156,240.13397619511733,141.84942862199685,112.81897054827505,187.80273548334014,90.94511625356884,56.025947050588975,250.9713306892213,192.60439850357918,74.51715193516478,194.24088411092742,118.56022190467502,93.32267599161989,223.19748491994986,135.5658199986591,136.93958857155184,201.0577189073672,82.19290640469778,42.1499747833839,206.69703587303374,151.04592830824822,100.64873489046002,178.56929372380384,85.2834012087402,55.817588737337935,109.5502635953569
2,197,0.0,0.0,87.85154391215214,188.09178838871236,122.81077933476492,81.40276673010676,209.53939585506762,109.75950252658555,110.04570599589488,275.09593180259617,150.8594031461363,104.12226334514656,202.14877739580945,97.65756288789365,59.083227164326445,235.24801588611464,189.30139521021005,72.59364215252393,197.1908184148915,137.17646999532798,89.40624498206128,196.41795980941623,137.44603740270924,135.9464736036179,211.580093098729,79.64974815010008,41.09672303972659,223.19926934465997,167.1678293047913,103.84543867399893,189.67988552192193,87.57374563352788,56.11546983956515,84.76381205116304
2,198,0.0,0.0,88.85142673859136,195.3665881538243,126.92550790484803,76.21962517297878,204.76149795133992,129.96084046818737,93.92387400818055,241.4984624751371,127.76338642554254,95.23297830816463,212.27097373042557,116.0824619316915,57.38013504744385,229.06914693659974,214.53659827847204,75.83850946672467,174.18521521733032,148.43653070075038,88.28214071994812,209.9492065286548,122.20922121665663,125.41980444230602,192.67094975613244,84.79104933811563,44.835083903204904,223.89800251403386,170.30343698981613,93.58932679045975,193.76017078864683,88.31526697343952,61.111670842428275,133.73599169650086
2,199,0.0,0.0,82.86235390827215,204.88243609654026,121.32119681717025,84.76033410836399,227.87777905034662,119.90737101780567,107.48531079702421,226.91433200875974,137.0752250607033,94.381642821806,208.88572333516564,114.31711891798817,57.53867977107413,267.1386650438649,196.37634422438836,70.71283443169484,213.29712932287984,127.04076332854473,97.64748895407834,243.91991721588556,130.2197939345488,136.40304113567424,225.58392538584064,78.76359653744899,43.05421492647472,185.3219286988914,150.9097658626106,98.03431202487234,177.2216305837451,78.48566670964266,56.36492705516063,108.15122179336487
2,200,0.0,0.0,84.75698518846274,198.5685229205848,114.05777077851624,81.85968389759837,204.4510012244323,116.02266688164713,106.9717398921888,284.7689177709709,154.25321038658583,95.76623702612353,197.5614676561602,100.94097237858554,60.669009233871535,233.70485897853303,191.40184025922483,77.85181389493283,228.8160857788474,115.23440298051568,84.65553874898609,211.6789575724161,131.80921698918402,131.31556056259657,222.61323621224412,89.91092790028651,41.060195124189036,184.38724827311782,150.3927354098728,108.48024158828231,193.59562894696575,78.02377903668926,54.00679939584591,106.3159528243261
3,1,0.0,0.0,108.81189719324259,110.98371433854425,-2.341299293561439,64.49818806895767,121.84732086433017,52.40598630940127,91.17173103802347,154.19411238721372,62.43064680219428,79.43111558372745,165.3972856621712,94.84912797777056,102.37458294413702,139.3882803948577,31.725114367625217,69.80717301653198,107.94272326118526,37.1262589834702,79.40022711008689,135.54073931084284,43.55101105878039,117.61053443434399,130.01204287423118,8.720206439262668,70.35638292778712,166.10458034048804,98.87418564432708,88.83948974903082,152.57896366482,56.12102407290464,91.98266857355607,97.05593760500096
3,2,0.0,0.0,102.65889651479316,104.56050640295372,-0.32909492041827715,64.27343596584436,117.39018633883747,56.141680179945595,84.30761417746929,155.2511156349139,56.76611193162333,79.06519295879404,160.8679651840025,75.18948964199663,96.97675878191097,139.32324975761185,31.48590554884916,58.80852064924911,110.70115699815446,43.49422574153556,82.09799983652293,114.30937079026754,45.580761778329425,106.89058235915773,117.34330206754323,6.529775503576349,71.5433565154379,158.8801556949547,79.49014310199559,97.45714051729847,155.77334341384594,66.98936640524744,94.44934308830173,140.77974425343422
3,3,0.0,0.0,116.43728134572993,96.86247343205606,-5.27405148041476,67.37156867143092,127.10341671072814,57.73406035736902,83.65819691121334,148.03888563607507,58.92378086377679,75.58945912184805,149.2040689545145,85.20119823590232,107.2038157389025,137.64629130220305,36.013901629675296,63.76969148881238,99.33391424698414,40.91717164039946,78.17323063412582,121.67899082716998,51.16438340554047,115.55402673824045,113.96229483187382,9.764416282583273,73.31557745396276,175.15112056975542,89.32037650557848,89.56929634807682,149.12979713471952,53.10760779054092,107.41911926837462,172.0102016552368
3,4,0.0,0.0,99.56311634025373,111.0687359616074,-5.441142800070464,70.87214965170271,119.40469921548235,66.47967566573065,94.16638946855485,152.9654569508189,64.43695145660844,81.51833552115494,146.8233008845744,73.07374763526026,103.79808146554305,137.21597553848224,38.39079230201746,60.89261941228516,103.02718265791586,41.65871596382044,83.42266121000978,121.85154818465706,46.20585393100066,118.06746177850016,122.56738187419296,8.278522792239656,73.46751380939611,170.9540255469962,86.78506554873782,88.84733630285,153.0752437932268,59.664169388934816,101.469566264545,89.15063320842997
3,5,0.0,0.0,101.78987621560373,98.29147477870156,-2.8494875541878333,65.57734417324974,126.18281914367958,60.0958819688487,85.3012305432736,156.85337746800545,62.263092381151615,87.34645595627862,158.55662091852824,74.64220665191878,108.71870036661988,123.36746611959815,31.89450069691139,63.96355104386679,95.19212712166552,44.86558078492517,82.32289392602786,130.74684296329016,42.62526193070845,122.61446595318066,109.1860123159205,8.120516086427314,72.54205840893742,161.9013099064119,99.04082526926574,96.42961625800599,149.9228108470367,59.23430329962142,98.73756737068696,66.13795053713957
3,6,0.0,0.0,103.53377963319157,103.58622604919738,-6.040832224995947,68.8349662170553,136.6833301662846,63.30884810657912,90.21176067553829,144.1865945391481,59.162546262939436,76.7742467081795,155.01152346865337,76.37956117462845,95.17064217099666,136.85448979701948,31.452061980487052,61.320896227193145,97.94815664437174,40.29835054053259,90.00047658157925,121.16113722089727,43.761723954760825,125.42234737149795,113.61942644138657,10.111150309293492,73.63937853082767,162.36079718817732,100.38549315363866,87.96495680294659,160.18671307427118,51.95948009151105,97.69856554099042,71.02905255785345
3,7,0.0,0.0,114.56218564545311,105.59199829161668,-1.4361459987213454,68.47911752461914,124.21114594770921,63.220701618071544,85.5214823762381,156.3831780324116,65.67747239290702,73.95414229895877,149.1300917394853,82.85955810567489,101.7424811255512,126.37368186467562,37.160978501321985,59.2021396964971,97.52554893542086,38.853103500085446,78.84856707512742,123.77238364438023,48.31006660347229,107.96574982322943,127.78732193240235,0.8456260958322765,75.16175998287723,156.30697547011522,86.94418958894391,82.64181955771048,157.27352806277017,55.238937246612096,108.50493583027111,99.02105200708313
3,8,0.0,0.0,105.84246569611585,100.85567854769663,-8.901314581298966,65.94531590036452,124.71886998012882,65.17833235388531,88.40572954939813,143.41988535924435,55.321631365498156,73.5958131446128,160.96905190061267,86.79793267618709,96.58188979376854,139.60604528217485,32.250484097870775,62.9141554587516,109.84592647555057,42.356860486839686,80.20238850295563,126.80067764567295,47.627710988801034,118.19134817828571,126.19720881349976,9.647113230882539,78.46404131147152,154.26534277389229,82.2510394263039,84.80006439390222,149.34480874842424,56.514846909668705,104.98979233898095,119.86826415696507
3,9,0.0,0.0,114.89605177780027,108.96182799875324,1.101853900664742,60.004296898003936,116.05733852514685,64.20680421208021,89.57824185210764,151.540609479986,51.26459877978803,73.94683998792124,160.10976340809034,88.73357330435532,99.2532692657509,152.85210668662987,34.45658646731424,61.37958576651286,105.04011107653083,40.222609375382135,77.39333620808722,127.73733800016103,43.89939361854744,124.42789457758519,121.51030111954005,9.088328007873862,84.08095160063527,155.61173863183714,94.13973751647376,96.24091249261834,163.10187817693324,62.29418115116115,106.25070328576977,105.23961363889754
3,10,0.0,0.0,106.2805503816375,112.06801014663233,-1.4195943630919357,73.14815726627762,124.23314025597837,62.92183795424044,86.84342832246861,142.59131597438898,60.683631200895526,75.56443056121326,161.6106001171537,83.32229706213772,104.07696412387497,136.0436496431492,32.53658618683896,61.48865359346912,101.43339652927406,45.95139643800407,76.2378163801174,125.08391749767408,46.94744923053098,115.42332104047793,125.87015604430697,8.547490798579787,75.11406388796703,163.87617758687335,99.96521331812929,96.65936518849105,166.39473489430256,63.76097411708555,99.6128876372825,117.39628755613654
3,11,0.0,0.0,105.93933556615292,96.28748010497236,-3.6979743270375987,67.98899901790134,113.27459778560078,48.053848975146074,85.71067239817027,146.321359535304,45.97389839666804,70.88042105791774,163.1557121154065,90.97016358683331,104.18808465879525,125.39966589115467,35.90077490063823,61.38534477660468,97.41411469001073,43.52630811774083,75.92860097360669,124.13603058307703,47.535172355607564,122.46368504196954,117.84632829985433,6.854853540922784,77.42720863442354,159.28975653060343,85.10714353395956,100.35531364855699,149.3953551356653,57.15252129193894,98.58260627395644,61.70309955157762
3,12,0.0,0.0,105.76888831536107,109.56199133002951,-2.800236257383384,72.10851949801445,127.5155298834835,55.572356556611965,77.45279327618216,165.37407484554777,58.628464463059544,81.25107109524315,153.28986891921545,74.74719796451129,103.87155941304762,138.51125029006857,32.04208996359022,59.174442761183926,101.82093508152637,39.807037911331584,79.111140342356,122.13305882016311,40.19974491025527,109.49318697910084,132.43219306497784,6.392764842786293,75.88983086799809,170.44871706813672,82.94494902615833,101.51192120303693,149.8964946997701,57.52201999918798,96.46066793282446,126.73680270640384
3,13,0.0,0.0,110.61057750752951,101.25482885685352,-5.468451781099115,69.00819974365253,124.21900887163942,56.02328816548379,89.51748218834132,156.921077181887,67.95845087621915,77.81669928220158,144.30041024385386,77.45399246224804,97.12777256531635,144.3790576859286,32.167570178993856,62.1153374384522,99.4441742239036,37.45667963729581,82.21702773385499,122.8854617509227,46.30758377506453,102.35167424119095,129.911975823353,5.960107464373467,65.57376345744191,176.67040256169466,90.09783675348619,98.91671958295078,147.6082992359751,65.48571610544602,106.22890041695511,86.37884618320518
3,14,0.0,0.0,116.93915294278844,114.02826894928042,-4.018065718880821,70.9550597281846,116.58619289113291,53.53587426584284,89.97916125171112,154.601079436673,63.613125100775854,84.81329238928133,143.5762983892958,76.4304602244666,110.38033840415372,135.10574969292975,31.087598266610115,61.78539525961867,103.58463540537836,49.13271151475391,84.31084694969024,129.50081397977127,45.122155382304896,123.91333762637382,124.52688516934302,7.3071490840079045,75.90540931339673,148.1948692102184,89.37943319268983,101.00819435614828,147.43636467515412,60.67738974855789,108.62525350972118,70.78193817446156
3,15,0.0,0.0,106.1326705091004,105.09929073494769,-4.6453010432255,67.20207126333194,119.88686156704284,56.31275953324277,94.99586063969929,148.07957624198642,62.99792940321069,78.28829504193986,152.75578621331496,78.54594778767584,106.6980899122057,149.13592438799606,28.988909642270386,64.38116547445163,104.8590533578778,38.50051135323221,80.0892016570946,132.41424878414412,39.7290102200676,120.43044339818758,122.45423475593697,9.397801398342335,70.03727842944144,141.45485258052256,73.25428184353743,84.06133762601924,157.57286904742213,58.30339956634072,102.3586802013503,81.9321551453197
3,16,0.0,0.0,114.46274861901772,104.87512438448302,2.350231444000622,65.796602639821,124.49614577713531,53.497154215889374,91.92035069035143,141.0365982129938,54.82505407607122,86.77822607061678,154.9345339688817,71.88918879838303,110.15618336986996,149.53083882814164,31.6411994712469,58.295913807134646,104.58019841746761,44.519860448412025,83.54853386221504,132.76844709260885,43.047192818493514,122.25701616696388,123.8384605348555,5.599323676185493,73.1662440385693,169.33304734049784,87.541372084948,97.81647479468957,151.2012772345752,56.458730906220616,110.85587811206105,108.6083451201732
3,17,0.0,0.0,110.71481440053938,112.98930660345194,-4.430252360070282,66.5042304444423,127.78027058766337,62.60216864363499,86.5328904348715,143.87748575101267,69.38173776499134,72.65291589315457,167.65814903388275,81.02221182711429,112.43370191654006,143.2654268826314,32.5046747101023,60.89606281865818,111.53173876460066,34.50616593396013,74.4774527632311,129.70789345019338,43.605833465884096,110.45541881306994,122.35018712548009,3.5099853235801053,73.23644671721586,164.2181308710461,91.48075549032741,94.06147235444355,154.38517250786566,55.52756031477337,110.00643463670214,67.23838308292258
3,18,0.0,0.0,102.39767479339731,102.9212162370766,-6.143772260337002,66.69789222118325,129.52031732978028,47.2911659661964,94.24520469498594,160.14440382506336,55.88865894271196,77.65512000506344,162.173695564624,76.8484296036165,97.05381203495682,137.91526758651767,31.07370856374552,64.49495759753295,99.46030700056825,43.617515080245084,87.48819945215722,133.91369843476699,41.552464969760685,122.06667212106476,123.48704111236047,7.722342519232478,72.11907668937994,177.354565874666,83.077436525138,86.87153230455766,151.3559443878666,57.31493408981274,105.10142645823834,99.25883786118646
3,19,0.0,0.0,117.55612004491226,107.79941834973424,3.0254753217592647,70.81495977171387,127.31300760176512,57.00834055260062,83.58563330640702,141.47932958344182,62.23316022026489,84.3421141378608,158.38066364186804,78.0672134424577,106.51585676910067,124.8375802912562,33.35028519150775,57.982551638440896,96.58575509979961,33.47129494048084,82.68559198145336,127.26045965900865,39.77331749370019,115.79265033840902,113.76834034298835,11.231014452877089,76.94037715654154,176.58189737165543,81.5920582848396,99.76527502002784,141.80211307314542,61.056881104610106,97.25339022796133,118.86811183042349
3,20,0.0,0.0,100.97823722425542,116.49782074672316,-0.8409180417377489,66.383374509527,128.12069720922457,46.13608886265171,88.93147838898247,157.30482005490325,58.30688208587996,70.87017221678364,150.93037749790847,87.43532015327223,103.64882567671927,127.9810164197014,36.197983949698624,64.83973277432332,96.75714431500111,39.76330129863809,79.49277475829649,131.87348199021827,46.27801357860562,118.3311137164298,122.54071713656077,7.237096517814312,72.46896029213202,162.79210467078045,93.16778739715127,94.65226005570577,159.17697183645635,48.105267541795136,104.03717626256385,92.16499786136214
3,21,0.0,0.0,111.21606805477658,112.06594466336989,0.32275904232558617,74.47059861156146,123.17794323585666,53.67279270304388,93.240414921877,143.7233231144767,55.10854025650128,77.79319485941988,159.34468196911473,78.69972573333172,100.70922465140235,139.40392369625496,38.8680163805453,64.43042227922196,100.002068189188,39.575562952849964,84.91413643233481,122.1805082128777,43.94149132052217,117.56717194423435,108.91986732207221,6.579247066827582,65.0622108038487,156.79977990529093,89.46856051637769,100.74253393622757,157.3021232299566,50.192889711733926,100.880051597013,83.3524839816018
3,22,0.0,0.0,115.13353835181863,103.75320601524783,-1.381548227049053,73.69657980618601,119.8666640520206,53.587668898400516,85.50217675293953,149.61619122370303,69.54570495349282,74.2719902603055,139.6332773542856,86.30240810884246,96.72484352570567,131.72806882292915,33.62639884999762,54.914413634139024,94.63402012880368,39.96655592408807,74.86877168666416,132.06362404691424,42.915561889581674,125.94960921085912,123.39973839643041,9.27776188581814,79.36231733757803,164.98706081097635,93.14893156864757,89.6705061043045,154.90113956964208,60.17235317339565,103.15245113460993,91.30508092367744
3,23,0.0,0.0,109.9551931243995,105.52929182676274,-2.0956566305442306,66.59176447093922,134.68746921900896,69.57231730467035,88.18692644227372,161.41904027657202,59.7545825896958,78.59914053912212,147.96381731902295,79.89369489665896,99.31099515828376,138.79782981526418,29.677857449373445,60.311030154803035,103.00512580832228,40.001732996654944,76.65939216939987,113.94171241330179,45.44522193574636,124.41426456421752,118.80909513074816,6.209747725594841,74.69892914238334,160.23441705457213,98.83292551175322,87.59311339477199,157.78150722176608,61.00497806298555,106.48137200873056,85.05377716591371
3,24,0.0,0.0,114.74512745771976,100.3717337142379,2.025456545026504,71.40347660533793,118.97857061403937,48.582829577319,85.78390572464492,143.4414821162968,64.1970900576682,70.36811860356568,164.74488945102976,77.31394215147512,95.90384249857014,136.1684125889456,35.31728875381763,61.32789089964318,102.0294323282407,40.20125775434453,84.67746227385423,121.73251710841369,46.27395162653504,121.86376562878391,116.29216037098345,5.1209354900372706,80.2021792895953,149.22815482354372,86.3866875950576,95.87369343402347,149.09111331228988,59.824873711707845,105.16521349931486,140.4628276854217
3,25,0.0,0.0,115.10749279282395,109.37609201817533,-4.383873254474594,66.51373068864774,116.14257826264055,57.82469730228942,85.76527077391272,134.71301706707675,61.99377250755221,81.77811555545618,153.59209208758955,80.00481108903244,96.3750450634986,141.15218884336844,38.59535082474034,61.99019872835257,109.93794739534164,41.72510110296869,79.28388239739347,122.04273650019692,43.43047863417986,114.87407056216541,125.90355660311916,10.255475136224948,77.95768520768466,165.37233629648836,91.51646028771053,91.02896671055308,152.55521612948672,58.53489740800338,110.94047340518007,97.61472155223153
3,26,0.0,0.0,106.62811962210559,105.21973511440385,-8.570238762271824,71.90370216707024,120.66760587235915,57.41423807865776,89.37522208898147,145.14049186209607,57.48407639457912,72.75729220765922,156.73494645986432,79.66696490559292,110.95976144767167,136.31411464684783,34.5891388111603,60.30277087234328,97.80720431610935,39.043162767570465,76.54025298217597,129.91154916616708,48.14056534298943,116.06542749890943,114.68212714366477,10.137270782993019,73.6862022910193,163.68443853769108,83.92562157756318,102.8962677720891,141.38357889618024,53.915247559947375,110.94769841335646,140.7891703636842
3,27,0.0,0.0,112.23327050139574,120.88146139875647,-6.957543071939158,66.72627490843074,121.89633884923924,65.41671368698243,80.47041339920449,151.99124223826402,72.88583557496831,79.36587023358787,153.45353636763002,86.6766765415115,97.12166941126733,139.77277613561503,30.100416788508507,60.69464648865614,109.56300216448572,43.61707720222482,80.34284836421935,122.39255678294715,47.82939258560863,109.16528522310979,113.76385358342152,8.585201510275905,76.01741869787934,164.03301452056152,93.11381361021965,85.60125036448504,146.61348717782474,59.24339383904652,104.46447506039188,114.95548507150082
3,28,0.0,0.0,108.97970755248495,102.22997999335097,-2.8707933917406083,64.06834712370916,129.31542594353203,64.41528545125409,92.36873921365616,146.54122920541897,58.70463009470983,73.98201635990469,167.9171964468284,71.87178419233877,102.45591926625106,146.0047317885992,32.80727856425073,65.04950719887097,98.48156145424869,43.57865293257187,81.57531743873457,122.04305437209337,48.97117357012111,118.41450512815413,123.01760514584188,11.76430211038588,78.03312151755857,174.96930061834468,81.64290233504775,93.0677477220279,146.96888844093942,64.48478628947183,111.4433320030221,96.1828005662816
3,29,0.0,0.0,108.83107081273334,109.16990329455722,-3.9752296214901204,69.27418289806091,126.79994982025599,56.99800023379988,97.42221883891379,154.6398328795723,61.595620428864834,77.59150273126066,152.00991697183267,80.86417317411818,107.47270706348769,140.81593708507447,32.086839811242605,62.682468423136925,97.32386332388046,41.03409096003976,84.2719506201694,124.89260705513561,43.94664444422206,116.61708589733567,120.86224019039501,2.8789950306230754,75.23173768796946,169.97815994695932,87.05817270272789,105.10280663138195,167.4282831551869,56.310682333963,99.74497791991963,113.6886904189474
3,30,0.0,0.0,101.32564278212473,107.08580867919954,-3.1294841105357505,66.4364273802164,128.9961359302109,60.333156977910214,83.83331897107415,144.0795447693963,68.65947079741323,79.93102153837845,156.8812853460344,84.51491129547227,104.81216509224781,140.26422545063303,35.53357337930964,59.80045498167278,110.33087821522497,32.104469372184575,79.72915614850876,124.33688505305211,46.549812546805434,117.15332288796455,117.92986140441461,8.829231301147834,68.81357968197455,153.06746684362818,89.05278081211797,91.2103759789438,162.4481859552008,58.15542555883136,106.66444753920089,108.77117693443361
3,31,0.0,0.0,113.07677176316152,111.09405324909027,-1.991917955983341,66.04580094733187,116.35213019437926,55.71978522792432,87.65652007013354,137.12368676218716,56.619953003907526,78.1430313277782,156.34908643613198,86.26041384591862,102.87451391838546,129.47840965359453,30.37193487646825,56.78783476574103,101.83071389526616,37.3836770911726,78.5550141018608,125.66400581248466,45.03782775863967,122.51848189476979,118.19707695454719,0.10420540446165738,72.20440633366667,162.20201510523393,86.6470521322557,98.60600386646874,165.52793925516082,51.77970435467093,106.65151880573849,70.80338093677047
3,32,0.0,0.0,104.34169624265947,102.51475802383025,2.174290145404239,73.73330884208862,135.9162919140357,60.14686970364119,95.89227836927425,154.80554676084964,50.79762725198268,79.12912388296591,161.10528735384398,79.07411313799014,108.97020599272311,139.5209394593254,29.987910039718017,59.333342342224306,100.49046697574303,42.51742510152763,73.09409875961254,126.6136588541777,44.47351253281237,115.6324587779865,117.88311837572377,6.19809942418601,73.19701375504873,169.9792393827389,92.86158174014746,94.83598321517304,141.1371140347389,53.47359876559235,108.25778756648943,74.828040528347
3,33,0.0,0.0,117.235618981154,111.4955452138304,1.7142693159630795,66.54677382500736,135.91846160491667,49.90229436635483,78.03620070990416,151.2134373416072,58.45200390611339,79.67956366301662,158.90887930367478,75.38826847835301,102.51174352673513,136.60775914824123,29.396365847007377,63.85303160922122,104.31407616013286,51.02113705949504,80.79315783967643,115.19390372323628,49.55404567809944,112.98360452295735,123.3187966335003,5.932726149058431,68.1018051302744,164.82684288135053,83.71782470054355,95.03387379441398,155.8085282085144,65.27091914860668,104.7047574844978,122.24320967664765
3,34,0.0,0.0,114.34115311119074,114.11272498337347,-5.892115431498617,65.84682741475653,120.20968546757794,57.41909403748842,85.164532048601,143.2805407328653,62.87638712361236,84.49758110796289,149.6204506504784,73.69712892054486,96.60145997453955,139.6425060137006,42.506587308365184,63.65779395198436,107.48469178033504,48.3966817875882,83.46684948071403,125.2050462854782,45.450459560764905,112.96609148515063,117.33506606008777,9.910176169274798,74.78903993646965,157.67569903563216,98.4196192173034,89.88905038070997,141.49149438298173,57.68403149996116,111.52304529783825,90.57225394046068
3,35,0.0,0.0,106.70952856011178,105.46767575710261,-0.7751558835639802,73.88776598547834,131.23205474095963,57.41653451332116,91.9623011305112,157.17432742772908,58.45854074977204,77.09966366800138,158.16103071459523,70.8792813527307,106.84897415007335,135.18939247739627,34.71485330205462,62.01941558991796,106.48609962811686,42.99987121017349,80.86792756487813,122.01714788653237,46.38857874860355,114.02412234196545,125.38507939814164,9.202136536619763,70.5272274028564,182.99597734842644,88.78609704644309,94.08531210604075,162.88594529629816,66.67399128885086,103.78963175463608,93.15194606028945
3,36,0.0,0.0,109.56736743379746,106.4185926638346,-1.1869830027605326,67.66862635040852,118.38986235288108,52.68284218075119,81.62304831799449,159.46767414835628,61.4596343992791,81.9280938452102,159.88454442846356,84.71502560681728,113.44270333488711,141.97207296383084,32.8720084205699,63.93161943222575,95.60394498471828,39.76790009823201,88.80617221296244,127.05284170176317,41.41416448749599,119.69984165380039,116.67360244819459,11.827232307851268,76.22121177955694,164.74262469436349,92.1706349283603,99.38763674123473,142.59042398061774,54.1928888647666,104.53106710908438,116.0968854945773
3,37,0.0,0.0,109.45349332571361,103.85830950748623,-2.8400116330301,66.88783242026868,132.93717784334677,63.97296812315447,84.99639559057282,147.60987062807385,69.74835194480728,74.22819583948915,162.8377834273691,83.14760833318557,92.77270527864675,136.21120717866918,36.76948038601234,65.54269548990342,104.71498165769044,36.09114541360185,71.80786261306936,119.76813048235691,42.02989641071207,110.53854866372897,115.20860943662004,4.287044657506182,73.07328933613016,167.27926731532295,90.22628277382347,91.85061663110437,154.1146437472534,65.94611435253138,107.43664834816066,121.0251305211692
3,38,0.0,0.0,100.5976605653474,106.55771770293177,-4.519638282217999,67.45825340395594,125.41803094593395,62.63395904594647,88.27293293001576,149.54108262382772,63.10140803875573,75.3990806629181,173.31952578801102,74.54439524011552,110.4808411718239,141.29124485607935,35.06114858852874,62.63779703956819,105.2916087764639,44.22807275934425,79.89995951992307,126.75084994260523,47.31233042595218,107.17075738315786,116.81789188994878,14.860163229241257,77.11007483771579,153.62185539865783,86.96718225336728,94.93167776902278,158.5419165178539,54.40161409036353,99.9566355495467,129.68089631225524
3,39,0.0,0.0,111.71831683496428,111.38404189314285,-6.250949434090423,61.88639138659528,125.20678411963307,66.4535514321027,82.60011622124739,153.22686195064557,65.6059996731791,75.36030427984785,173.05253248496837,66.8025239625899,102.4351576454968,128.81353886622554,37.72036989682361,54.67200551426818,97.80716494498638,44.87200555848977,82.72116372678003,122.44125468787874,39.533876453440485,111.34428455883237,111.40306508444046,6.9841824616985635,71.56272253751841,146.9902109147402,85.89580152761373,93.35965363860849,147.1031797920998,56.21401700758269,102.14480731323586,97.44357671443515
3,40,0.0,0.0,105.60336802558437,108.41550856059342,3.2177669118664722,67.58238394981771,122.58404371565281,66.72402111665238,91.51034011713098,144.28184325237342,55.94802665284994,79.22072045590058,161.87454376219156,84.38416436708675,103.56329741967816,133.22031715575278,40.756389335590235,61.21495442134539,102.52769210812737,41.2513512257643,83.18058902422078,137.8227725480902,47.88616171489655,120.98396830632858,117.3731201001668,10.033115584657892,77.0075933683255,149.24312801198337,89.17227700509724,93.76784078345358,145.47608883707414,65.17293028954387,108.66679966822242,112.40568202068452
3,41,0.0,0.0,108.1018731546693,104.25060210263914,-0.6295405838460195,74.30862788372124,127.09310003287166,59.15205568519945,93.0951559375905,144.941959026832,72.62511251515497,72.44936796710769,153.7650191518296,85.5372557077633,103.53109469269612,137.47129109490737,29.209590203534,62.16057020080205,105.20055167081152,40.80300795123124,85.29609831290088,138.80481181166786,45.92393979656601,125.4630759395026,132.47131350851134,6.670648195305456,74.62592328485805,161.53833694866614,87.24229304317736,95.90271100342785,153.727703816932,60.18672462644019,104.94713132879906,90.4081356929545
3,42,0.0,0.0,112.05833286001683,109.75554775875258,-1.2733776295273889,70.32262117285148,131.2045694278872,62.17913095748908,90.20553776296244,144.72717247342888,59.59199718324023,80.707314925833,155.81916974074556,70.963310529725,112.28834649050172,129.75780719380845,32.47168209101489,66.31885693899841,97.20017181313324,40.769118924653995,77.99930226851363,123.25904029059951,49.21325256188227,117.56803385812145,117.45320944516622,2.8795214214052525,72.06351469416143,159.16192055981833,81.15182214499089,92.4304862345377,149.42459899362998,66.89621317869961,100.04942725041155,91.07916145642015
3,43,0.0,0.0,103.3962124339964,104.61546896075077,-3.0286276120454243,69.32195504863854,138.3888266436454,51.67187495551527,97.3764008306984,135.16546051721656,63.34672728567085,75.9725359527782,155.00585850406586,77.7315550933961,96.74807690077292,140.64999265964107,35.48186552586606,62.14648387006459,100.84417176005046,39.522060558290015,79.53444007921263,125.77795533505844,49.59261413992256,109.28968388053023,116.2414005696331,6.60434552192898,71.14531759211746,166.40472323291732,91.03854053639812,94.64742898476362,156.8346578292656,58.85982776635417,99.1101606203429,123.10073651810686
3,44,0.0,0.0,115.8550542391892,103.81789687723357,-4.719048025727516,71.45813215724414,133.86676236625604,62.44280122892682,87.68030674885173,153.79167049362727,66.60689008809815,77.90645959210472,154.59211471067835,87.30802817083007,99.45762594990283,152.63492820611364,36.254449043334716,66.44808210070394,102.58531413259799,41.951547822084805,80.70545768876725,130.91950376721826,48.924269442053436,118.26528720294291,122.1381869762283,11.675139030184639,74.89694306523883,161.8062940642836,93.67180138023811,101.12705838495194,150.67741108893327,61.85603420369748,96.79955558328582,83.02439667347687
3,45,0.0,0.0,114.82769999373276,111.31650320432175,0.24237184193608563,66.6825713968789,129.5808978634485,62.302894992105244,93.6640726292947,154.3274221867913,61.2784658041865,80.51828661252202,171.24291049366576,80.35692413930445,111.8674181310561,136.29293586026355,33.335821561592695,67.6104219077114,102.5050406932025,43.0917135708311,68.97851317817592,128.24411707146345,44.22055177119388,117.81395271391999,110.05591244948657,7.128195887526842,79.03576452447881,165.6652213694538,91.09726440731987,87.16015297070228,160.29931799200412,52.95783445971432,113.82245424106155,85.44776152724602
3,46,0.0,0.0,111.36513586674609,105.8185003882827,-1.6449722761034127,63.41670575902669,122.36702347173114,61.89122444666982,88.17358288662047,139.15215850555032,64.2916326899375,84.25016277719719,169.1860319331516,77.63286673326786,107.06100385407174,131.25283143337433,31.952656321194414,56.47348747765102,101.03436578650977,43.06052964658741,77.87186108579039,119.1543588225469,40.888130627260665,124.78539710895106,131.2527875965072,5.458472472887141,76.60408763577398,151.33738763931154,87.61755805945263,90.70012538126116,161.0702203663628,59.73474135869105,105.96513738646524,89.63910637766166
3,47,0.0,0.0,112.46991225957909,112.62943007722416,-0.5685212254910328,65.37008342460067,121.95101413269866,56.43535910605264,79.73441798745222,152.26235820129352,57.88500226127861,82.63370024958616,155.35183239753883,89.5818570720349,97.8403047610629,133.96931298289869,35.436738959312436,65.03121929299077,109.00971736668114,40.75543761711115,78.11158355262896,106.1499167180495,42.19530994886464,126.3940869811951,125.18512980473909,13.81597892844399,82.55566870781267,149.6706213197715,79.46505775394117,94.68976750422642,155.00363788946106,59.643861773123184,96.70727443614382,106.17730358394499
3,48,0.0,0.0,98.22052358363979,104.84440624694228,-2.2849801540603107,67.36887016623848,112.01405840036514,56.09279968752787,87.39395820731481,160.7332412503272,56.88413641712999,85.43775771554527,164.60381506278074,79.7814416531033,108.68990687762694,126.07324642048735,34.26926386473589,61.33865395584356,110.88541630933105,39.64030097200141,85.44522892896484,127.91927319628425,53.383389861972326,108.59595767523601,119.72803852084598,11.039991155602186,79.38453413325894,175.25335856661235,84.21624631400537,95.4661544165663,157.36195138193204,55.62671560000801,108.03338217674491,92.07020688509147
3,49,0.0,0.0,108.76402407767962,111.10106531841205,-3.83652467039609,62.90614636890351,112.33790713579651,57.57874940544993,86.42089843199403,144.35768813886037,68.56930103330095,73.69569946796402,162.32438873107589,83.27486637718216,103.7843033076469,141.36920614580276,31.855329165136233,57.59814755960347,110.91094282617466,45.83956165502748,81.77189049768113,122.51096876544669,40.31704468471076,107.03423615815372,122.37630557398501,2.760600621090063,75.08014150309393,151.73890878078197,84.25635365208448,97.12954842925676,135.8861964608907,63.736410952130576,105.43656762888402,89.39041573854058
3,50,0.0,0.0,102.48418621934341,104.13328462663114,-1.1218087633671348,68.49834229238094,120.92177697155547,69.76070258847203,87.63821059451512,150.46426836842085,66.9428046131856,76.79273569766644,163.67282864941987,71.10585910397687,104.11849787170095,130.3265331718339,35.01462459207244,61.828728180105614,103.84531122430484,45.75679093532741,71.55910716686441,128.10364791968368,49.44700466827869,115.99279162195279,115.07679712741249,5.917109453258449,74.12413728635964,172.7134216081089,92.87621603864501,97.112974500476,150.06597375052556,54.08508986658832,105.48594537807512,113.90862013448333
3,51,0.0,0.0,102.05906214832349,111.91368326933619,-6.839289207315048,67.63444253714356,125.04456034713675,49.79296979697324,90.8418663070938,159.9056043098095,65.89700130117241,82.16111445162177,152.80529521807176,88.52209882471979,107.18129436717973,126.26328105070615,26.956472395924283,62.48247915936671,106.66706384851922,40.34623804044558,80.28107465218488,126.98040763539542,40.36846574809909,122.86409209189017,122.2338923603451,12.115920596667145,80.9139689933962,180.65184728263432,91.89058330727126,89.03604221188553,157.74027929618893,57.61135293805008,115.77878796482841,105.03137182674453
3,52,0.0,0.0,103.12950639663042,108.0193142067763,-8.49874422588951,71.79558590467444,108.7394918683957,63.019893650253195,93.60871552650951,140.3920609477908,52.97742986295306,79.97133570471746,179.66625159373623,75.30813517974885,101.25574508845276,141.06692573597275,37.04077048785631,60.859034046148224,106.74999209574437,44.775099244166746,71.95023793180077,122.55160825477988,48.12162279824127,109.0701128982806,130.4212996878796,11.724091177626406,77.72998789990167,153.48102969897826,98.98636636770664,88.7687346000216,151.95918937279077,64.79616843194077,100.40161038008557,97.82825249472576
3,53,0.0,0.0,101.64998996718698,106.38570908347901,-0.1165462405075326,74.96247594799122,122.71884156424244,60.73803428659013,91.2978530911777,139.57283067474518,64.73619077386819,72.64456701546285,159.04315480255013,91.86116715593468,96.79455098619623,135.75375437182038,38.50608367756041,56.16608008758288,110.11204518381531,41.76116300292833,77.9152443755227,134.577577805809,45.823306108648175,104.71160703259739,133.3276022274852,4.783155205308434,74.68628628272342,171.57910924392877,83.12992000448811,93.61542092441978,148.69151808263976,52.46374058265958,107.02362971813226,116.01373686023787
3,54,0.0,0.0,108.37932069251968,104.06450983724778,2.3070438305536616,69.76943904218206,119.6787462596183,61.54392434069228,92.52557154573924,144.97809024981606,67.03350378700272,84.11368412544944,156.0395882320542,72.80749002409588,102.92160296246496,131.178665568777,31.929472386730946,58.77615718717402,98.9766037557306,39.647537492689786,78.89046968815838,124.25426047328104,47.36709260478514,118.48742883156032,124.608086684362,5.171132773421142,74.24037535695467,162.17306716496478,91.46416073144745,87.98860378032282,149.28267150202234,56.48564881398038,100.33123212023101,101.24430528949361
3,55,0.0,0.0,107.71087213817877,103.49228864628546,-5.559348115713735,72.63759379787626,123.82021376758856,62.1517158881032,83.2292193786826,149.89877842230936,63.8399252678231,80.58167303386952,175.68290903581288,79.17377737462371,104.23711518961065,138.53218605361158,28.90381186637979,58.64918711441958,92.60596522583637,38.086346880345225,75.94345441545386,127.39709469499215,50.88743353300757,110.97144151686824,121.49862844264639,5.241018234704745,75.64357660435724,171.85496459655042,77.68370572816573,94.9681735067407,160.86865125806955,54.01207165296138,113.8879422514561,91.22399940783626
3,56,0.0,0.0,112.87960763681514,105.74267875836726,-0.7985047359746311,72.9253775325592,132.5648193845239,56.93071184743589,82.97823126963935,151.2529008286884,62.551245260398815,81.25544287985967,149.4087223262705,76.54426752722195,104.80242798210831,151.64623086117456,33.35544491603089,56.53554736105512,108.36002432039922,35.53874350624225,75.55233859709077,133.82886404640698,44.279384426128196,115.6821629221031,119.02148925326135,11.008823523769744,71.83742300449018,173.61394356015376,87.47255464780997,91.15461840409503,157.2700464291669,67.80769095314471,100.12784580043945,123.59641674668083
3,57,0.0,0.0,116.15745660982896,111.01104424564363,-5.580484108154945,70.12895181083906,121.35821493485096,56.293691249593984,91.14723903261464,153.08561421152612,57.201647367031384,72.83759550716519,158.55229785845685,79.70166386353934,98.35783981980362,128.9096362417472,32.44698784741551,61.47233492318539,91.37303204440762,42.618851167089296,78.54013334869259,128.359918983123,50.751849539358744,106.29812569621778,126.0689801770174,4.213327238862966,76.76655506482811,181.82029710643545,96.47002639813097,90.76043090999067,146.5067831415675,60.828403509342095,105.4801129644752,100.94985863910627
3,58,0.0,0.0,107.80998431224361,106.00032249376544,-5.295356416219,67.63630236658804,146.33808546195007,69.14045527173107,91.30455130540993,152.2722743591929,74.9794991804096,76.89527771801683,170.7439754512061,76.37130499285048,105.43858840218881,137.9793760863652,24.468221420183937,62.29702163127458,97.53701302995026,35.342716387524625,79.11888672543708,137.62828903608516,46.21429752725146,114.39043938541116,123.05825535706587,7.995612104491739,73.58804495066768,168.77245284542354,90.25980314194705,93.82255500436564,154.4669135516107,56.756715751095896,103.2705286008895,121.64829861451176
3,59,0.0,0.0,110.87337823655069,111.48375114095445,0.2574333301547993,69.214407053094,129.09532645159916,63.18183081235345,88.20753224472976,158.9561580456623,58.32308103366494,73.95816790211555,153.82282689534614,76.21365830626388,107.68503544890672,135.68384951468116,31.29071359167429,62.59678819732913,93.64738026786262,30.9586586403531,82.35421070599007,119.0479393032062,46.51124635580816,113.87187226161359,130.0880982111662,2.235878356303213,80.95095530285788,162.7009284748511,85.77575763322326,85.00136074659473,150.55495952733713,54.90392778659058,107.12967163298245,82.43581142347628
3,60,0.0,0.0,112.5957384353976,115.90411421589891,-7.670832856782226,62.719400306086385,123.5098715743934,58.718377262586564,81.54510336881972,151.8454245852536,60.15830092349954,80.77770560524189,159.20559240698742,85.84559571285179,105.87625085197674,132.1170168441769,25.222660520681643,62.17280271278734,107.59554080818131,44.10913875291012,80.32204547153796,125.5643518401942,45.073734994939414,119.93523063222058,125.19361956611758,4.376229626754849,72.15402511285878,160.103162865301,92.13033689273462,93.30565858729108,147.99119491106566,67.53419425044721,104.75572905415312,86.46098988966152
3,61,0.0,0.0,101.68685125609777,100.51095146130355,-1.968648776630223,66.99448517014044,125.4646950107652,69.3442114604992,86.72434244315646,156.40524809644182,57.96893658323362,84.02622989362757,152.06950153490612,84.72013625827591,92.00139722646422,116.33209405287343,31.526294307306454,63.99090547471984,107.59568966450664,39.700111839618465,88.21918489584525,125.96668601298842,53.45612050781174,108.37985296506493,123.41416445449951,6.950452093293201,73.04911926887864,151.73237626099052,84.74446123957935,87.66773143629439,161.86390509759644,49.325424551787044,117.87758426740037,112.26187182320028
3,62,0.0,0.0,109.13074122545594,99.91076824868962,3.384255710637233,73.55525050114045,125.70650424757962,54.91316022982049,83.23641391424272,142.99128765731479,68.42004077928276,79.00404450161246,164.03401979989272,82.07943037284505,102.4349522387314,122.3147229462245,34.2771227663258,61.62707512694709,105.40322170664858,48.236191626082814,78.3041875593285,123.05355516914267,45.97245640302158,126.31442894853578,120.26488545167328,8.203550208883245,78.61341080218935,165.7922848596835,94.48268910933264,88.72821105270067,145.68632432075714,60.50705701819181,105.89958031330141,58.25164517117642
3,63,0.0,0.0,111.11940928982953,105.50907104953193,-3.7177174433699944,72.84890163011038,126.50497474705035,61.439855008558396,89.02639990982826,153.65074527652757,62.00898104388519,76.98833719495336,162.97760468655076,77.84917846855578,105.0260576770614,137.92259381377605,35.57500128285595,62.97391246606328,99.05727946198256,36.334689833821656,78.89560512884934,128.64811425519952,49.54269716178904,107.86067677371312,116.87527661889438,5.2489551889322215,76.98316202262686,183.70380847675335,90.9148237203329,94.58592275436558,158.35427221837452,61.43927667638587,97.32774739786504,74.60518927466981
3,64,0.0,0.0,116.67269421928734,99.20888548581372,-0.29901457306297075,65.42173879354085,122.4461653934511,50.663340847550096,87.07131164389313,145.3233158743804,64.66153211446984,77.11432365468497,167.44597744837884,70.59263071537403,91.50802103369115,139.86483033981574,33.252977567656394,59.34466813706647,95.87773129666421,46.74053697277975,80.40542111497876,122.27152498710359,51.15023387581624,112.93408389701251,130.34637564380108,9.078791564463687,71.32057676373483,159.5002482093488,97.63404941315586,97.51308996280792,140.92046711738692,57.158191498101246,101.09388727919378,117.11110329622713
3,65,0.0,0.0,100.66504838250965,113.92700822863391,4.09087027543208,71.9188048572309,110.20660553789523,57.93665400975242,82.76459753161411,144.4925875076645,53.94653203311457,74.33757103363504,159.35082396501463,80.56824827317098,109.10826258409737,137.63588139574674,31.017124404737448,59.942429041490314,95.51697008506407,35.438586284230325,79.35753948474292,130.61744601385627,47.78657490164193,110.111595185018,128.0092819136002,9.11262618726389,74.35925833656823,167.01830087304273,90.73248986719543,101.59498375351626,149.44295131615604,63.55069178674997,99.38547187529048,122.81703309931723
3,66,0.0,0.0,113.18411284691409,106.95077326010073,2.5388047393205806,65.36930614661618,127.58377233709238,66.48397050192796,90.14617783387808,152.56278648401258,63.021615215143875,81.85287359008571,164.52235589272698,73.16781500888737,103.12698536627175,135.03429069067977,28.375248798994175,56.59423854599225,96.54099077138386,42.3954237218875,74.57335685999422,124.96996549481189,38.2005889802074,115.97546234063262,116.25278155833544,9.159263296236619,79.82091114037452,178.47209688642621,94.28589800673598,96.46634910199424,161.52465706247654,60.43779456720014,105.53764230495261,105.20795414680185
3,67,0.0,0.0,104.59330014568037,103.73803032387117,-5.194591337907518,68.41583528554786,135.3184485630178,60.91382342226332,93.56456593921718,136.74743518972707,50.91875096214866,78.71236570699752,151.21512541713716,83.92915096632088,102.18115551718007,133.5746959376379,34.61834843769289,60.818239214323036,103.4729706808684,38.66742406668366,87.94842481949615,113.92357708569335,48.310578873481845,106.17619614405467,125.5825384743769,8.862862323177886,69.82132073165498,164.41709661248493,78.0433504672119,94.78054080098121,142.1897904665161,55.85023343593973,101.48793073102074,85.00477670033082
3,68,0.0,0.0,103.95700643351816,112.27934873743393,-8.347648639795128,67.8676039959915,123.81875595634499,53.07654672436842,83.76436619424875,137.10434866168677,53.58191603264476,81.05682133663906,150.13189660384646,81.08959073464787,99.28951949999627,135.03385281204527,33.513875646894384,61.29461512295099,101.01830554582445,46.72417131545681,79.48646077127238,114.46616156327431,42.94964114313992,113.32569882644061,120.11260530443535,8.698239789674426,70.46662550677407,154.90344563797248,84.50680078943947,87.85008130832665,143.85239446828888,63.79392117350758,104.14468460403045,108.23914166039481
3,69,0.0,0.0,112.59847045739947,109.7667396648358,-0.21997693555727937,62.64739697424807,125.74268633112841,53.172659420228385,91.03377164187813,131.44892836371113,72.22267637629122,79.16205248646233,160.42400161760668,74.94420421093581,109.81407089931693,137.16366568234253,34.540663047442514,58.213217978222204,101.44291208099308,38.15001341686619,78.66162523907282,125.04663899430014,45.978437336476674,126.10770757594715,131.8012320728044,4.9148626962156525,77.15807146315143,162.3566161975427,100.47482399729338,96.63008135993792,148.79246403834148,55.73126804532475,114.21010634894202,91.4324412933914
3,70,0.0,0.0,115.22555348214833,100.84128719513029,-5.8559822427460775,72.45821562162354,118.67352622130008,61.2395182694162,81.47182711800785,144.81028829961122,63.768424751237234,75.45519985742,169.2392373399414,83.37290023585005,104.5104813066344,137.95235371119398,32.244460318299055,60.99929711554518,101.56213216119382,45.6365092508768,80.60164266009447,124.14160322376443,42.678745884363046,119.50613403888141,111.79503691660642,4.366495651885433,72.64785007194709,163.21945410368286,84.36213646822674,99.16226267948166,146.59231507933958,56.77300313216305,108.64515971604739,100.35796165610721
3,71,0.0,0.0,119.04409148221627,93.86463814226163,0.6420322589469767,72.35516071025523,121.07719615743399,56.49813616574569,90.92658984021936,156.94895598918424,58.195179497637945,76.72892342976043,162.242807818502,82.33422598813631,98.38603791840414,134.30501233916382,34.277224512258975,63.781006070945416,98.16232349790032,41.73708182028843,76.85644156625274,128.52393691411686,47.58803837031641,106.88382960450153,122.407370697897,3.297185340012076,76.03510023618946,179.17509018204166,101.03913452116524,91.19029983041997,172.22303381323664,57.335647956784975,109.24999370191256,66.65670056894706
3,72,0.0,0.0,114.33325259496917,108.22717246968293,-4.798326045508729,66.28967432204233,127.98384080109149,51.95526064765201,86.04467662164839,147.68663163394007,60.61516414699162,83.54012144035529,162.21403956851387,82.65788373626516,87.92811325209665,122.76443803423976,37.573373244601456,62.415480657049166,97.65283165677589,41.19273297670238,83.40831305086618,131.95377499724964,48.540009155999314,114.9478800126269,125.74353048686999,7.559502519632734,75.84767804862959,166.3406946278942,99.54417763953114,91.71575380684288,145.77750208571345,66.17825268589169,100.00527179352561,98.77066634084998
3,73,0.0,0.0,100.6039602096047,106.77964866546547,-2.698093029755095,63.31523569952423,137.5828210297071,58.693770899687955,88.98573282352318,146.39475837948206,74.9652643577759,77.74275282505148,154.48154995574458,73.81430216256614,103.57240004613786,135.93088331384408,26.95673138676592,59.968751997564446,105.92382755009677,36.74220172646367,82.9714080721021,118.15011337908274,43.40044336241205,108.01786190267887,127.95982243420549,4.569878207739795,76.45576653515525,165.85844735539595,92.37016545303206,87.63954998112592,147.37810354504504,62.911749849931596,98.11374818161458,104.58449171694429
3,74,0.0,0.0,107.93086259309963,108.92604538895633,-1.9131340499300844,68.5887045538308,125.03389791765412,53.561418029325566,92.54838818790378,148.12756756145055,59.806585453009106,72.67061826194606,152.5063294670849,74.2635562707084,99.86860772240996,122.78046914936718,34.157936760942356,61.861392207220796,98.2013865593918,41.265369120943106,73.84086424628948,120.49756097232775,35.09221299339381,109.89814588702863,130.29459473156408,7.084844024250282,75.22579188316098,169.76286101726947,91.8197998516494,102.5395183246794,162.7280562615112,61.82025078959851,107.48889181988716,71.14328792933236
3,75,0.0,0.0,112.19634369363914,112.48776089645982,0.06648591750904842,70.71500318328434,126.00408472843367,68.38264837690329,80.1641119302113,149.26061861219668,60.263976779784585,80.55426856315974,146.6241102894016,84.99430617781444,99.19311937643346,139.84547020307855,27.906911883306947,62.26319742598844,102.45370719540837,40.47993432197151,73.28934690680882,128.85748737770135,45.142576163881735,107.80147687122995,122.10594226906498,7.7733585232788664,73.17650442815733,163.2012997095193,86.31468735606641,97.1500412963667,148.15779363867074,57.153171965685246,98.64231946403322,131.25472134731737
3,76,0.0,0.0,105.64551178168671,111.22051436938379,4.674929520981589,70.07431585135012,108.79611071689266,63.469127828127654,94.61401372922737,156.30437821975667,64.41605042837902,74.47610286807465,154.7447132891153,83.88302059426324,107.81959898260412,138.37779167248684,36.749517273910556,58.55613659124588,96.05486747986085,37.908990063674324,77.5969678618976,125.78869792564927,43.34100172732113,107.39289339517784,137.91205447488153,6.1596323847310614,68.94006202894279,171.37279535968872,91.01934935007387,94.76074982012472,150.51198394939163,50.67433152317756,106.88200586917353,94.80717027634172
3,77,0.0,0.0,110.31593161010228,106.44453524953745,-7.146567529319376,69.46740651151349,122.1284717110041,54.21229578148159,88.12957992605926,147.57891677236515,63.41178107083654,75.70349928568972,165.66445667276156,76.71721330124801,100.5095734975336,139.06645568251454,40.16003528842968,65.02250341217469,100.06712542494942,40.03228147392155,77.37356092261433,118.79039933511727,44.81467035798065,112.81335620990902,121.1031537012102,8.458127387416875,70.5433405560505,174.61985987323118,94.777389281981,109.57462249442206,148.9207666886748,62.14941993014076,113.53152763857021,150.54490794956473
3,78,0.0,0.0,97.32554675592301,113.70350404377997,-1.5526877652021058,67.58460276723385,113.02480491862659,55.566325579847984,88.25607103435168,144.3705459771111,62.44150848263564,75.10182768013132,151.5075509052892,79.82785024794403,106.9745544597554,136.17964488942354,31.4291267816459,60.39832527624397,115.51764996083746,43.087159856582815,86.38322475022102,112.99952328490289,44.436057377700465,119.52637216228759,117.77092393622578,10.041729346715117,73.90111472413358,153.02122078787443,95.43720719478232,96.02447851083159,163.48826595062044,54.677616914570564,100.64969748569852,86.03218860778262
3,79,0.0,0.0,106.01947621285096,104.40089987802526,-1.6611314720135844,64.80833627266198,121.87418355595153,61.35967806031627,88.65003198935804,152.26556106800274,58.7647669249306,81.359768619625,157.92967145307486,76.13575286323834,107.5449423969442,142.51341705962022,41.830845574333246,57.995818458852,101.51880347247031,37.12100870814295,76.92747971965672,133.89337222742788,47.16550501526567,124.153797446162,123.54745080444916,12.221538940535046,66.3278247470312,170.95264778828994,88.97976637151459,96.21259964820982,141.03433294893824,61.74720304719808,103.22575742304443,86.36743722184875
3,80,0.0,0.0,111.38410554633587,104.17390538038865,-0.7939091691959235,69.97893239862745,127.77072820170119,56.84091477273597,90.46735971763016,140.71836897450922,64.62642466960399,71.92708020775234,158.7526388036096,76.8726233982085,107.18619978688143,137.44868979387124,31.75962388636832,61.396101807666476,108.7788174000974,42.37058378297107,83.04991203952588,132.06152061820572,44.87739881636084,108.6982671814433,119.51574988278458,10.953020356655468,77.81168417681698,154.10424707947274,81.14891606161626,99.11333754190217,152.15289033560754,55.75485023396247,103.79994133563243,80.44078406516667
3,81,0.0,0.0,116.52030500265855,106.08005749562464,0.9316950423624868,70.76463487137464,132.62647599552866,61.96081715323717,84.09450645415494,153.0777575952097,67.50064570458683,80.04212152336888,172.1774280801328,82.37015066209472,97.24619213607214,140.4659300449286,34.34911386756711,63.070739656567156,94.09971492594812,42.619568902860806,76.79689623537833,121.51886032418129,41.47813422363049,115.04689612451303,123.98030423762471,4.20177946549958,70.46572286235528,153.7983197386282,101.13957535563279,91.15717022717718,156.6778990408804,52.58621518589402,104.05754874557452,131.4262392046249
3,82,0.0,0.0,106.981196068128,108.45755004871751,0.8740441861305501,67.48035696044613,120.44713050412858,53.612556470153216,92.66670092153748,157.89518647851781,65.08419069265163,80.35180330714681,159.78535892847594,86.13406793115396,92.18489218939605,137.43434987943454,33.86683509498218,62.51153339223759,93.749412826484,38.84350166471633,84.21616384771762,135.82851094405808,50.20673246348898,117.9650086927024,120.11636116791107,3.8483142292985373,73.78910908580494,163.6023975417738,101.06045901072912,97.95631376147196,140.51309112826758,62.364555939707415,100.72946292837503,111.61822954420663
3,83,0.0,0.0,107.04956410963837,102.86231144551074,-0.7660247096118873,61.758043078529646,128.13209703959987,64.11554981769295,86.28872092071586,154.1999835416864,62.96378444778774,80.50198585188268,161.3274576645049,73.64511848916847,107.93498182697822,146.27528325266658,33.0877364202967,65.24492790081187,106.67748858021623,46.85551137742184,77.60647278142586,116.50574997102518,42.347463685134876,115.44295027622296,118.93597881857045,1.819152965977473,76.16246563107477,166.36776528384237,91.01364526424126,88.64421043359233,150.2671046131301,54.75740403876861,114.23157464076849,83.74994098699564
3,84,0.0,0.0,104.42576631500133,112.84298853707745,-1.6778151121951532,70.82418005552299,122.64181967271621,57.653681329470736,90.18705821592927,133.65639470849283,64.61786998226106,84.45473341608457,144.27004627064946,82.82397487400681,96.95414787716423,140.8116967316174,28.121377969400285,60.27327192006018,108.69976231469255,38.99334168844155,81.66714700611585,121.97967027045588,43.85847449384698,109.75775774676055,132.4232126722712,7.499965139473128,76.2294708991954,159.14415539584772,86.12245747575109,88.42427527262056,153.5447617661946,56.878009833464574,98.59823477364387,86.44605805895134
3,85,0.0,0.0,112.55896033068319,104.31936496782369,4.410314661481607,68.75941148519235,119.75524467091617,56.189090011059385,93.55359050579435,146.07913370566982,60.74320746109079,82.57158066141801,153.89403664787136,84.74577210713615,101.03903856112831,140.3876923170489,36.488071535722,56.575288077258506,104.73704996719347,49.49428205049343,72.11950910035476,122.08411860910087,46.72314093524929,105.39525667803603,124.04525193702125,10.580633858780889,73.28622849355388,161.42686603891482,80.94449946743624,93.05759227165134,166.1434935855762,63.43805150234252,109.09488904058314,105.80536202820481
3,86,0.0,0.0,109.68090230652231,105.87581633028942,-1.0491101527805742,72.90204245978035,128.03792437769573,65.4546756777053,92.28515488201536,151.54721550491638,52.000410982303364,79.15958087877017,157.53266654063793,79.99093113894753,101.89326468548994,139.91796373253197,32.9209883450858,63.237824442015146,95.60637061633423,39.986131706443544,78.17396565703841,133.73234852491834,46.07157065441142,109.57628582527263,118.90546980507084,3.7578204700350604,78.6602517825752,161.49745323108178,88.77966121453092,98.44666273526211,163.21544751987116,55.892731889098336,115.10517587614576,91.7852912650531
3,87,0.0,0.0,103.01635690353089,110.178824805463,-3.5549873016874356,65.89432844495656,122.16975060515948,62.388974921783344,93.70236589159822,138.57217854194826,62.10802549971776,77.12601249851443,157.69621088461412,87.17458409094215,110.49723097943935,129.95632476076895,39.13137813242116,60.43759413290156,103.31736430164372,42.617462476080966,76.66436234101718,125.78388902315804,57.747819131452545,112.99989019948838,109.27705895681625,8.181311678837083,77.21918681667482,170.06788512573982,95.01585325466608,93.23033495491606,137.31413182163536,52.4269208389243,110.90347800522744,122.021661673355
3,88,0.0,0.0,123.23550658397203,104.06390425285095,-2.341553301122881,70.77301771593385,129.6067886981724,53.09922462794613,91.51067278762822,140.09495489998494,68.55372396929164,76.77191228085078,158.51096130917534,81.61754434870096,103.68880992736763,133.79118422874325,32.551100955741276,57.82479217911673,101.02578132466377,43.437618915832026,79.42652189066638,118.65456228241271,48.60422943627282,113.5364558376129,126.69465140720385,1.9579706310217224,75.60832179787006,174.2479186446991,85.09803767448518,93.19630308774069,154.20314493739298,56.17541635746222,102.81616143720993,63.74590579797299
3,89,0.0,0.0,105.12516399238872,105.87770627590307,-5.228602359470285,62.888167785292936,127.38968834024665,57.12992283150639,82.51360738459618,163.61319742166748,60.71521199502035,76.13383557283034,145.72458507749468,83.72208813007533,92.15106963761431,142.03024526153396,29.82480393519627,58.5173568529739,95.36621830591261,47.81579928096304,76.61587357726967,127.81700829538929,38.149614133860815,103.55356283183608,121.65748005855299,6.225507813229845,74.2516425620559,156.74444464433827,87.21189346419946,91.21214410530267,148.72964657756583,61.250013614815344,108.96967087164563,61.36082332673232
3,90,0.0,0.0,117.88209336081957,102.86783382386906,-6.2083672287865985,74.32513899510059,117.77745815935981,60.00749184093174,92.98520797597904,156.8757600637215,51.61608360753526,83.77321019318485,164.50425863284084,89.99221135031358,94.20480747843787,130.427348045678,39.6718346582001,61.057741265585406,114.14907889542575,34.854488155436776,80.59563253104012,117.85583329237028,43.38574752812282,117.80273097466099,124.6096677463387,10.885969765135442,73.0649107009164,163.7324183237372,94.18496097399147,88.19188126542912,147.26617744604087,64.35702260292125,96.38467463254653,84.28202839137548
3,91,0.0,0.0,111.81761219213195,109.54570155161537,-2.3910457220295207,68.8710412032862,131.16691936447472,60.02556319072739,85.7521458712102,145.7722222918723,67.74485941733529,75.41594232623909,166.19405328802458,76.65775211970235,101.60800915985715,138.41796148823815,26.152996386907684,61.011664659718015,105.91003418599159,40.50864341680313,78.16847980604366,130.93018827286775,42.64320183318569,119.41557885671695,121.6409540075502,5.623700890737904,72.33628140534667,155.3316277391455,94.90482848429109,92.30060741323663,154.98177041256665,61.75663915577284,104.38046285514798,109.78463009808374
3,92,0.0,0.0,109.66104312477025,104.0034792579429,-1.9192022930633907,67.0114417056159,119.21144338540752,63.75488306527722,83.63773051366475,145.91854565930456,57.57417492615172,80.83117107209583,150.09781489535507,88.25098065140739,104.98073582706542,144.640311085627,35.24885690032145,61.79768022796144,103.34550257854423,41.121478157998006,78.62038126935587,119.51098665678524,39.96528403136647,110.5979191184198,134.17331986847594,6.683404807392292,71.99115618680607,175.12959279811736,81.2943412535955,93.90649670924658,151.44016132782443,50.195305571477206,105.77510583053206,102.3197380319893
3,93,0.0,0.0,102.39174666932512,106.47318930712649,-4.8467006673969415,64.42022005541396,126.40994313211331,58.05826134942872,87.23518752618993,170.34741818177122,58.91292321472923,79.67182782139385,151.7838317538593,77.54140963517118,101.78075065030744,133.56319445418015,26.68152811955227,64.57181630709121,101.19370674903651,39.83494370839013,74.9792513115708,122.7907423386112,46.825916848934796,123.23814495364361,116.69920501269063,4.74028286028347,73.65243570413456,172.0757820418533,94.43417168688796,105.52012801413626,151.32526892661778,57.26954215444823,104.0314495917039,82.75221622297984
3,94,0.0,0.0,114.71422366451822,106.60195944349908,-2.5601928523428388,67.07844309069694,129.51372781691774,45.72594079155854,98.12209788799333,140.60543261083413,68.78371852383441,76.12908574028961,153.07901881853354,84.05592920844877,112.67914674175134,130.09922364051803,33.95687848191119,60.98473760158928,102.22203263514402,36.03859542966339,77.6273245641713,115.87655912499243,45.03042423923641,122.47598219881415,113.25597023210622,7.537743050970786,77.35823984200982,167.4853994937118,89.39302022431703,78.72530291685193,150.35107396488579,65.40484114014733,106.25879796201666,57.36861860478599
3,95,0.0,0.0,116.08638093541192,115.4754974818439,-3.3625362239021177,73.59621599850452,121.6857031769482,55.91759345357967,87.86650854807603,153.0905659233344,55.74766082796794,77.81797299148693,149.73601957784902,81.97998463315822,97.57589382403916,133.9335600805438,35.31861255930625,57.02988102620678,101.32035022853262,40.88621944938434,75.05562165607066,121.96333611659884,50.775114661815635,123.90690719903063,129.20657571092494,10.971538791387783,71.37959453053362,163.59858449334916,96.31531039231736,97.18669466945981,140.49476674013886,55.49227124770476,108.30117795156984,110.53243648736951
3,96,0.0,0.0,103.04824483638413,110.58646104983802,-0.3031237768040702,67.31027486347864,120.29203081897404,54.87713858867045,85.05906332202699,169.1189537960684,68.43981898100998,74.45657142539417,163.3943519998469,73.10451663446726,99.09516414209271,130.9987195639037,28.80769847889541,67.75637702040916,104.84570402996482,34.81357904513254,85.83453937158279,125.62966723476158,44.36726536602364,118.79228172171926,121.52787116216976,10.16560272324598,78.44288241245053,162.06528161367132,81.45620373763175,87.93208010885148,148.8940853444909,64.44218462448906,100.43283220177986,100.15926504520853
3,97,0.0,0.0,100.76588712481538,105.75993972724746,-0.06750797041878664,67.7188298228783,124.10089416036315,54.48785964571618,90.49116355932318,153.9647711817787,70.7851612453265,86.15450734511393,160.9325889550275,79.58923162645401,108.59963218974478,134.0693345323608,34.624034635110384,61.60686668363805,94.03362015436208,37.59608879207561,78.8490211459533,128.60913084220823,48.03441979977375,118.84450917104016,121.83699752326798,2.0979301961337766,79.28083543385952,175.10431861112357,83.86073383035443,90.32299453838225,142.09689905011706,56.12641654910521,95.38001103003663,85.80377329671451
3,98,0.0,0.0,104.6809330044475,103.83022223291225,-2.6473868348146916,74.17512912296516,120.15945894736277,65.88394467733775,86.44058084320594,154.6025967317649,62.61783227541804,82.4227276543228,150.5198482871218,84.99591899087574,101.58084030315192,128.8991037675388,35.751225251615686,58.55815446112095,109.75393990524029,49.69234229758163,79.23810504289052,128.89034394364356,42.842276103471164,111.35358415174119,131.6265434975069,3.6405732560651267,74.46075057116659,156.99402511969063,88.84320074767095,86.46796599775584,153.21970756688853,52.22991162704188,107.14160528313813,101.03921060021392
3,99,0.0,0.0,116.30244534400212,93.08590030989737,-1.4821277853937798,70.28002397853055,127.52040290432186,50.71450428182904,89.42467265391592,156.1875087960652,62.025089993805835,79.9779919415059,156.21558493417965,80.38808319634855,109.97078603951717,150.4088709408629,34.21729820256463,64.04764403611635,105.41421635317388,36.53433039664961,76.70887322903047,130.4005875446623,49.61061948534718,113.2593966541894,130.04748153960404,7.665018481094906,74.07982991313642,169.88767112375552,95.63418046485062,91.40571173840196,165.39419218824474,52.63793412108252,96.25176411262147,115.1528314372388
3,100,0.0,0.0,107.7751680511925,108.15210918851508,1.5281835228720144,67.87415447612258,130.93362842135573,62.594847885188656,91.67574302578637,146.77224194837356,64.78861184665558,77.80458769657807,159.66849120241625,78.92758943067736,102.48523772187055,128.3812385634188,35.10724459965415,62.67465201744251,106.86662650765534,32.72458970881743,78.05719023583352,135.48619008373925,47.366946050993214,114.30032160799715,128.40910186339931,5.613348255610019,73.79936137069333,168.09580078835165,86.90692598233608,88.81885524551684,158.45775832653882,51.85870928413003,100.46565586617903,102.33119927776481
3,101,0.0,0.0,104.41510171944842,107.04705785101227,0.03416821951716331,68.54969015941039,123.44441405723356,60.73475794324633,89.41055244291516,147.68989008865566,64.99687552871552,69.30833277605231,156.39363860873695,79.17236012807703,102.58747571063734,130.9964649935311,30.202123295881368,56.62527229462873,101.45295061195162,51.24503286625546,79.62130871932425,124.20648579490873,47.15139730267914,114.01728001587836,114.0456847223479,9.602482165342764,71.06963110220323,169.99974078388692,89.89933541559843,96.2326133405025,164.5295016572397,49.85039644784082,109.197746350838,85.11635715590398
3,102,0.0,0.0,107.2134824437968,105.12052184596541,-4.53121492752534,67.7971391592329,122.39395730912005,47.08633652731274,88.42587555693528,146.23718220805642,48.74191213455697,73.2136663305216,166.26004008850904,84.09328512379403,97.96923458088821,147.62044544833128,32.93002000223701,59.537688462643246,98.11725725073012,51.01016743747992,74.50454282112358,120.78598290811583,43.52896982185045,109.69311428343852,117.63272001051685,8.092515780936933,70.13279652552265,151.6870669680241,86.53487538126245,93.54445054335842,148.08223149481535,57.721693338623794,103.02558761164167,104.5532515512118
3,103,0.0,0.0,105.54815397845378,102.90692570302106,-4.574831866087351,68.25469414955472,126.53595941710094,71.84926026208436,89.95975054697946,148.0574123435672,62.69554481654685,81.40546690162755,161.6640194154157,87.44611907079761,102.47953399549571,138.02075381643226,36.02129847879078,57.53636308426806,98.79197985709679,43.35032512825471,75.61891829829761,137.08309988806087,48.620833003438804,114.273018216186,124.18485427774182,7.487688626502503,77.45693410929172,157.94870052137242,75.8226950829106,95.16545870699262,155.37082413851292,58.319621493846604,107.8628796419371,124.77292769874589
3,104,0.0,0.0,108.20696645975129,97.50835181594411,0.4935240709182791,68.40310043841137,125.66482828353354,55.23630813425358,80.35344337560456,144.94171850413514,62.21660297477299,81.7608099995693,147.09933952425342,73.51988700352612,96.87430265080505,137.93926418996605,30.186111485188157,64.77213627366473,101.21217978616068,44.11504782935723,76.66696228165617,123.98117731399151,38.155678018767105,124.23182570771438,114.9418359590529,7.255418259498577,78.6517601675963,164.43686136279794,80.73780780713196,87.20022317408707,165.27629561220198,64.39899026521239,104.29177846519096,95.99964785390372
3,105,0.0,0.0,114.40553759821447,109.43406676805522,-5.642468570813842,64.03808409929067,131.84152764136505,60.68088559977338,89.19095814942928,155.65417062150217,69.91021052735928,79.4900544559224,146.6980687274321,87.78002894032315,103.35400164332209,128.73251875864457,32.30320535987149,59.20489363013804,106.17262977926457,41.85908459241237,77.4971032737562,133.80182544403579,38.955443518740395,120.76267701469823,128.88168747579033,7.52498470988163,76.7150321424225,174.64537986786925,90.7899839703985,94.71473375058441,139.23790231576768,67.91717080949917,106.40688270868371,108.93226206650102
3,106,0.0,0.0,112.22019337364787,105.09915481588057,-0.7011761125275873,75.41401648213015,128.4547469561627,50.94295758835236,90.32797803635233,156.05757661389535,63.681004297164726,76.40895446813799,146.31706705137051,75.25039308249576,86.93549136991643,141.26782885914588,34.73202187618014,61.31020903282185,106.68376607643016,50.49195392621188,83.96558367091086,119.26904380008327,44.02999731548122,101.40627432118671,119.4681771535938,6.798571835142625,80.15832085241756,159.8788247087969,87.5789595598296,88.46385389899014,144.24812573952474,53.54330498328217,106.51545326934036,122.94230679043682
3,107,0.0,0.0,108.08475956380384,109.0789859625065,-4.418699121444208,64.47569600807142,122.47935402166605,53.6378381371691,100.99761734325523,152.9122875028422,58.93955902940778,69.89818543494266,159.23366188908187,71.41838822316903,99.85995889575136,136.00351085243005,34.86095634980155,55.108855566311874,106.0913465316919,39.185705949927375,85.96026799358047,128.63189692232015,42.18813634522066,112.45949674177824,123.1426865775735,10.967058532507123,81.46091649612012,163.2003751761403,86.8785624455428,97.97331882332857,143.29660630357688,65.07965738314019,110.91976632572258,86.97837851877654
3,108,0.0,0.0,108.57439245962185,104.776101321387,-0.32814340800663633,66.43184416749313,117.31275855894762,48.64415895309267,78.59998355822559,146.06793817705085,53.744981116891076,78.80250030600686,147.918817241517,81.120788220822,92.60915765920365,131.75193067553735,33.68847715818382,60.546627146017755,105.47105219374004,38.665645038795056,84.18256344352586,126.30251332405591,51.95033290729864,118.1479244106108,128.92009605658745,8.698446663861006,73.8401082310325,173.82985418105477,85.65129254829495,96.97403219095969,172.16443107720355,57.86387271528817,98.81569987848418,94.37962138450415
3,109,0.0,0.0,110.80632288199936,104.75522534895931,1.0363276184406205,66.56572276655261,128.81975032273564,62.84297062171685,84.47427003241552,137.7821005109583,61.5847274624696,83.00853448901485,141.684594369454,81.10919622298383,92.16672538318056,136.11796671842254,34.669165732856456,63.2450979645458,103.91782928394682,40.37550693556836,80.59188151505855,117.9585607511753,51.95379993018493,118.97765491700308,121.00245046356582,7.844189950813648,77.20946513472637,164.38843036097458,86.45348427666612,92.36718256359818,156.24789143582743,75.0881659816148,113.4046888646962,82.6937281219594
3,110,0.0,0.0,102.83330595816368,100.81100152157059,-2.1950265542739347,74.39796750602471,124.95563027311218,59.824171232767725,88.09191345183358,145.4019827488162,62.89465930318094,75.41786441576434,157.86232740994427,79.20020046294927,85.76522063368267,123.04063770340173,36.0225937265455,59.89137164304725,108.31046286889044,39.71517969845322,81.75010222280976,127.00109963232043,48.02422871053465,118.2040006887901,130.12830562308142,2.431621858610601,78.6586590501603,158.43045031756128,95.32162937460501,92.14067745642559,139.27733687172818,59.13534089069536,102.53656191547863,102.8806722784598
3,111,0.0,0.0,107.14077884338963,110.5188469430761,-5.54336695228288,69.11532627546866,131.06309947434931,56.863636788036615,86.79852254593156,158.20230102737057,61.251643560010265,91.55671788943985,165.2419493192702,79.2254408003354,104.08576879843059,118.8752636746516,40.40237370624078,61.402034594472575,107.36046827616805,43.516513571757955,75.60621682484407,134.16892838087816,46.60111102325004,119.53404065206361,117.99351036315998,4.867182945851624,76.45528473791474,167.5195251590409,89.80961779474906,85.70549960746627,170.32595950409188,61.19686832751818,106.55685469427617,108.61788659925965
3,112,0.0,0.0,104.13756262336624,102.73209599137773,-2.3075210822202106,75.08246456879137,123.17280338353348,62.00019094025084,85.98580498437165,151.62769658226398,58.52958438629214,76.67223112112418,164.9661492780537,75.8968327725473,99.71966667006554,145.9058050556913,37.03074237386727,62.94446821243076,110.89951704769278,44.524983281163514,80.97713787542219,140.7774075234636,48.51830103751583,119.52320736770645,127.65623732102661,12.740843279747228,76.41006479924859,167.70907072635237,83.13021940252132,92.61734877919848,144.9616470939183,50.22726959780027,106.98235378123657,109.82352608000387
3,113,0.0,0.0,110.95082004122438,106.19672939453076,-0.36345153384198237,67.25824717468515,120.93148453875665,59.406718817360634,82.38132114323095,157.33362832193862,68.45621372290266,74.62509053576231,140.25572517675,91.37537711025827,102.68519150448701,128.5720413345525,31.486601831611317,62.203971367721,102.21902393924407,41.01008488534833,81.92490617092251,120.4296713892392,45.7933759066931,117.68976915460716,124.91201354395577,9.351325164224482,74.39765308527578,157.64141399736434,83.54335530329735,93.20227689961376,154.5388531825792,56.506311851412946,102.29004739907946,103.54308884210045
3,114,0.0,0.0,90.74052726760631,115.29574225645258,0.18178025374550977,71.04763923616636,133.14695782380682,61.55568601410025,83.18187202748328,147.5871570749399,61.522365196186435,75.09351861629945,156.5577956484888,80.98062651412779,100.77486602476081,143.06668233915747,32.76942720456503,64.49435591343877,101.26091305874878,34.285628671578294,74.6221520535273,117.1887031357675,61.96987558878948,113.94648184109369,112.98694617982028,3.259714372446698,71.434484656091,175.422755896629,81.84122631105882,103.90160272886405,159.39977134189465,60.48840532326748,106.05489919755442,112.67644610616992
3,115,0.0,0.0,105.11367087838993,105.76232436818371,-4.0810753875925485,71.66033891101081,114.01864950501148,64.29695438584235,81.88189083014397,144.8452631108394,53.19451619147826,76.41940942176893,143.0508114921754,77.67500333516695,103.06245820867679,125.8770278870808,26.927346863108014,60.44486693817505,109.45890858550666,36.098299616415076,72.46228440828222,119.98410922618115,57.79503733931655,118.19587635752977,133.6626727299033,5.732196517888097,72.0017133366309,169.5472100003792,92.66995546573754,98.50023714705043,152.07814947041553,62.02569041042026,100.55062263274345,98.90416853801293
3,116,0.0,0.0,104.97657248394569,105.88246053187515,-4.940792278998583,65.67724867916179,121.2188716509038,59.151420265415794,85.73285499449003,163.84217758775432,60.03566627721218,76.00683850773594,147.6612618130975,82.12222829212398,100.00064659767588,138.9795957881007,34.23742385199728,59.25269669100793,105.23492040450647,37.51442278704959,77.0533229103298,124.43564965658521,44.013089256930485,112.41316740633953,129.82166303477013,4.331992756177984,70.85337489340262,170.1899848963709,97.01173077276539,90.62526003783762,141.17831384205783,54.35830687007083,100.67446647308194,71.90162755434827
3,117,0.0,0.0,108.62617429094736,117.63695739672227,-0.9795083941884486,69.93021950249197,126.94321536192328,65.31435633230885,88.56360124989683,157.95944923166874,65.77450384460796,74.0640464689959,156.56177676557041,86.30579750616411,106.50383694035075,141.8955308829053,38.211238456666024,58.24103023412094,100.01994101796386,43.108815616133974,76.03063292677753,130.99243319218814,44.95835985910679,116.02621923571692,115.77401431411128,8.47744447913288,79.04250967770757,160.3800721196733,96.83176311668636,93.70184261169484,138.0483257620463,60.76898968118618,104.27346191874216,96.33731237281593
3,118,0.0,0.0,111.29519063083794,101.91642703236383,5.0046877860863095,69.68473539196319,115.66501386670215,58.66657559916301,93.93835621272117,162.1526582456083,58.03451369435874,73.50826062401954,154.81382202339358,81.56363173702455,103.20022823812624,145.5003321336998,39.423398672996356,59.73005040413379,91.63402137797098,27.64187073958447,73.9064135101377,125.33019209776386,38.00815014891133,117.24517958210025,112.89600228853473,9.888036611049118,78.89988064003273,158.2440962612837,81.07217962455637,93.96751236094292,158.01248533912408,55.42251621218618,99.12545807083086,76.24226455987389
3,119,0.0,0.0,107.06133025475472,98.35549389691462,-4.009797301214391,63.07608791550957,133.02103780463273,51.200844136065484,89.41268531920757,155.53621482636393,65.70989635577878,74.6974317661345,154.92891986212538,65.32252323339873,100.49399197248606,133.72032287776878,31.203879402564944,57.62212650161403,96.40275641527597,43.47585291221454,78.89178311200617,133.15061400370297,51.59237143252497,116.08894577834927,119.487065894095,6.848563092322222,81.1449245316806,171.43448623628086,90.20333121234434,97.01936788321936,161.62377957034016,57.59661741214364,107.07836239376752,105.89708439354506
3,120,0.0,0.0,105.52119170027005,116.24720021794694,-0.7101109012096938,64.07383963524018,132.43940554445425,61.72811953907242,84.99154592102335,142.35754832557166,69.49874437005904,77.43002311915106,151.5612696591309,76.21824874419782,101.18730024448108,137.0366427495566,25.766775963971707,61.44987122018423,98.92083897524086,40.6864234239938,85.37672514634593,130.83606611038584,50.815119235906764,107.54998906415784,117.83258934804878,10.135155858309698,77.77539653335315,155.50817206166025,91.58748289792479,96.48374649612414,157.7283531152251,58.02066254274753,96.23321007657563,79.44126393443216
3,121,0.0,0.0,122.85388185990783,102.50961748422273,0.38327837550034705,70.42030162030683,126.36088793797973,58.88578505193932,88.58171013290549,145.6168134593395,59.33746136132672,82.07107949952963,160.10115970424476,86.10537416134424,112.91862754335465,127.66578937149185,30.587632043887687,61.851366489387246,102.19971380504857,30.14886742284566,82.07899523261507,125.91603639834594,42.58982961764656,119.10166559651621,128.84667115144993,12.021409346639746,74.14077641995647,169.3025766796366,92.08644415416099,86.41001715918347,136.84561980734978,67.16023879107854,98.94132832721056,129.77662751773346
3,122,0.0,0.0,100.69728956205923,90.1056884902149,-4.555722572440974,71.58442425580712,130.21634226273827,53.79978787174161,88.90792098123013,156.56983840950673,59.73442167518517,80.52401384723906,160.28214872590578,81.054166082679,97.66536939060799,130.71541408164788,27.898372992171375,60.497691742866884,104.8796631087596,36.83876315669141,74.19140602818504,134.69556682664586,44.7671641372029,116.38255560807578,119.51769949663056,8.512707013430198,76.22140833419608,175.16360902844573,101.42426378237747,93.9223907169859,148.24713016853295,59.15749016996114,106.39708820040984,114.36006262571625
3,123,0.0,0.0,107.15240965485079,111.45905347195605,-3.7198598321270633,70.60569339045877,129.5170741637092,56.425979878070116,85.07013352210623,138.52960302445524,64.09505941512252,77.21038888259584,147.8518736157688,86.91407016907048,113.40966634533581,126.95439299222214,35.19033944419633,60.26697151004555,104.32743125639902,40.15996144235871,75.93429168771905,142.6479117417597,45.31831769405768,112.1570669932913,129.1253613155158,6.888510301139597,67.13113443024736,168.1918504631241,72.39815873543185,94.08723977420965,149.6902823913615,49.52014025529941,112.27950082894739,123.24851437134375
3,124,0.0,0.0,124.5217386241606,113.66592436407237,-1.7838593095673414,66.61058292152973,125.00457203443771,65.90738851615053,82.90874730345281,150.92720359290004,56.52951931423796,78.40725484953921,157.08276836751014,78.94153254625431,103.39465715699266,141.64505724072882,31.22169255492068,63.9463268931317,97.64185925159033,39.74633045672266,70.53257761218968,124.68221436458622,53.789429344910104,118.2560883097495,127.09549070602549,7.884975952860019,73.48062921074877,168.66719420334144,96.61617584669794,101.86872704054622,155.26561548354556,51.973284239779616,101.2426577075009,89.90182424511707
3,125,0.0,0.0,111.87254995889646,102.32737327158198,-0.4353753179768689,71.15383470086161,130.27442235026257,58.709765548732285,94.5690367419733,151.57111427977384,65.90329961993406,73.62128166519,147.31361316206156,82.57016985894053,107.65755923489743,143.47897292774732,31.297705811364054,62.221745688138284,105.11400924656503,32.529553499008344,81.02315957986542,123.95652130947003,44.890736034274546,106.15123496667564,130.28553194935586,11.951224001259895,73.53683814600831,153.16107212452323,101.44373873948925,104.75472761008186,158.36571334279353,59.9513707539456,104.96917373155631,125.34075460869374
3,126,0.0,0.0,105.965232928348,109.87567569101202,-2.508497473624931,73.23725331088332,133.28685879319767,53.482153801538466,98.18037220169843,136.52589463926384,54.474295361072826,88.37793269793609,158.2574600486426,91.9986375426709,99.02897773538409,133.101601472642,35.35109505890007,55.847833386057516,104.01834478804501,36.63723804232241,78.30520391095935,134.594626672466,44.4746289524602,117.34463816959979,120.10457924084172,8.43693773381432,76.05288237597881,162.63024658045924,87.37591700213677,89.53643182946787,159.96845585967887,64.7954595171085,101.9820865801409,65.87828957013039
3,127,0.0,0.0,124.26808153881332,104.35198076671963,-4.4721487443596715,69.32754833573848,106.76420021287822,58.56579219473852,84.55480315524115,140.60527198934417,69.56249675420898,75.03576320427678,157.26769398449386,72.46139415053591,104.24487520009424,135.21337448838398,31.768886656005467,58.64295456285527,104.56441276323717,35.535662529260364,79.6314921257849,128.30898173337297,44.678291971396334,119.18352976312653,121.33835999173886,7.4489697835876685,75.09587147761886,164.35123673276942,83.7869083049477,96.34544138052992,154.23716598298495,48.85701833412452,105.06896615463532,98.32878357983944
3,128,0.0,0.0,103.63659227407082,103.68273717773764,2.207521880470275,70.82484949778532,128.56818147999883,53.02015337121924,85.68567104829557,133.8750770767387,61.70399242863741,79.20729574665852,148.6826030734043,88.10465878097604,103.46609378989916,137.71409864930303,28.114778807360842,63.22070823336103,93.69913497053854,46.336896165914595,73.77806147555134,121.06293620985873,40.78757880196738,121.44466884094028,130.38664598465846,12.645976360582736,75.86925788898616,152.63904147469754,91.31890115527466,94.6339111370674,149.3138629742275,57.80273922137257,92.25976153071377,81.64710140533572
3,129,0.0,0.0,113.58762255688737,101.81268740118516,-1.3276905375367758,69.20110279847141,133.6963912077881,53.96615508292913,78.59192305457847,147.13466419292556,59.7365617608482,71.22494001008934,169.83692845801306,85.43298446077272,106.0592034143641,143.2068603815625,39.11541003552599,59.06262051912331,105.0215777327114,38.24141900727908,77.52977202552579,117.555748566227,48.88332473007385,115.9319528061116,118.53417447136616,10.00756534339694,85.0535480600415,161.67958312282417,99.83236434651357,103.78438872221534,163.0101010119804,49.98538779438864,101.58701086721116,95.48160883343365
3,130,0.0,0.0,103.81597131671533,112.34783184637635,-5.145805277280217,70.45056728098069,113.8605353737669,56.05045314980649,88.58155261739692,161.07125743228437,54.86120074341658,71.33294419750139,157.09016098026567,84.23659857136505,115.85817195006243,132.27495061475267,31.19409147245402,63.486323031633994,100.16272016029092,47.09525425115886,80.02453255882837,116.77116796762488,45.545364315072185,113.32587759551325,112.90500446628263,10.07883486489256,72.33270257074547,144.81543788102175,72.57023256445031,86.40734963178319,156.88935151191967,66.96870095926722,101.00871520658575,114.01125512752584
3,131,0.0,0.0,111.18671980343765,107.27805307684305,-1.0404248148045476,64.32592184743167,128.83257248989474,50.48049834517101,88.68922208069384,152.69522957811748,61.94426888255195,81.15875038698817,153.75292395221834,84.39828183965325,102.12631296301792,119.32689059172756,33.97654373264613,60.256324064738095,97.2549708338878,40.44092495207783,78.53837247723318,115.67754170696087,53.332324587600446,109.32497572166098,114.63018032066606,11.321600644427498,74.57922644537804,182.59883332508952,95.97369908943301,83.02053592480064,159.71228123525137,62.62208935163103,109.82604716872663,108.16004267283802
3,132,0.0,0.0,109.38207301982186,113.11647226908964,-5.737679288628723,73.57206420271328,124.52435700504161,64.26007991315605,88.17556928938816,149.22679816230192,67.85121327222393,80.84161216144085,169.04882277440825,80.60294825066309,98.01859834438456,140.35485483246683,31.39767114981539,62.640432169639574,109.64966330606872,35.86300509744907,78.11341086105674,129.55955277041932,42.537025332879736,119.54431824949855,121.4889210516637,8.158536762702113,73.44576942642595,163.0229671385814,89.33429223057925,93.74631071407667,145.99601606505468,62.89592127125938,101.27649934752117,114.10919675204768
3,133,0.0,0.0,114.45913955037082,104.24514543662914,1.0650971731814671,73.2000806180048,122.91916302914791,58.637788462514784,88.57135525724794,153.27845821323248,59.5127710740543,78.5487983441217,160.82017704417225,84.8090594439428,109.49966198620908,128.86684732036284,33.85019621355758,62.26992723484127,107.61653702682955,35.56338032173566,83.72152185181938,131.37519070927098,47.19703143705975,119.56894507350489,114.59340961245013,11.470626351182752,71.71598383758125,171.59791075573486,94.81199423600968,101.90804297067778,140.9942115454711,61.85293086523824,104.4969151768673,62.06576405241219
3,134,0.0,0.0,102.57362184563483,116.95425337933483,-2.2925229948557253,70.42626876106773,122.26669100194889,50.81645497012266,86.93846098569152,155.0137817904446,59.47814624532945,74.16760453895026,151.80027996182534,75.99635414216866,99.17868939183127,134.62444167727745,34.18287047373367,60.07662963017452,100.9937343537795,35.643080872110964,78.08194026906659,123.56825420788978,46.06999969018995,106.04393924474164,109.37596844016595,5.4527157051644135,71.16452981952234,180.8073618682716,91.3317119033964,91.09122329796904,147.22133568910363,64.63154397780306,114.16813824196602,91.69173735462729
3,135,0.0,0.0,118.82497822441803,115.6970922333492,-2.1927130991607524,70.05171410766529,132.05823322322854,65.32581585519915,87.07172247772985,130.16125377369244,64.91354670888903,83.46369000099506,178.22097541232998,72.8437050346911,104.62348848684852,128.95694459853,30.49644325016698,57.50532378766282,110.36101594743366,45.45022792896267,75.11666791850153,127.26752174710573,40.5135168428297,125.14754907040984,139.86829211520916,4.299855602689933,73.03608099246274,163.80233679690437,97.77560708384401,101.78799296319497,148.8960654156064,57.458000480016054,108.32662094438126,97.83274187478371
3,136,0.0,0.0,107.46724735526546,99.21775320502859,-4.504301355279459,67.44277178467784,137.44251660159475,51.600625294232714,95.98691283865496,168.52855156592273,70.4963209025379,75.98751830661303,155.65281947022837,72.8928674057255,93.17848518904252,132.50937362279745,28.68197918567907,65.74350536331731,104.19003092166106,40.9457250529228,81.7009400246263,125.02280393134916,40.971461866749884,106.6699902253296,117.86730027451154,12.649454335487421,76.59598287796466,173.18757582965935,77.73418841181103,96.69052496435759,138.94579048120644,59.84669864525745,103.30204934586627,68.06817640744548
3,137,0.0,0.0,118.1970261969401,107.9213489277001,-3.1665863777518206,70.41594420530328,133.47891991885493,56.34039424222762,89.42141831784602,135.64167423190594,67.6841229292886,74.5708103779596,164.54933936226178,87.79703519590399,100.3899643982142,140.2432572375227,32.12041858076257,60.951639528213796,96.30675104178053,43.61245894825736,72.89399951756802,121.13184221815469,49.382457097651375,114.09578254792517,128.95845313935743,9.910545263732775,72.133175106631,166.75391090112484,88.03871847518293,92.91764913428273,153.61755827253683,60.40510133513666,105.25835869930458,98.51920191036716
3,138,0.0,0.0,108.79909205184093,107.46454764588496,1.5773391495123827,73.26429142974591,134.1398127525742,55.136814423328715,80.93399622880975,132.9048821135852,56.56257062520939,78.3340582858955,156.7282290309969,74.29827347412359,98.01834064324002,141.96902168058296,35.779735801255796,63.901573927522264,106.22328815894998,31.57739208136778,80.44879306417792,134.42903935847067,49.472817501567896,121.5439289661711,124.59210516607065,6.578676542512621,77.88735275690314,157.37149540230808,79.6244141214894,100.8208808076046,157.19268207960397,54.1264058835189,106.19414737904276,89.88048850175866
3,139,0.0,0.0,112.9911069829479,113.69284060198588,0.8321414304477792,67.51346984690812,120.90664620882536,63.054802354076806,90.52193215210126,156.2553967458219,64.40587290268863,71.939519227786,150.9648216552576,75.14688507400662,102.62602007517509,134.19024801672933,39.09115713027052,64.83054829031346,94.76347465842309,36.258840980982505,76.222828926398,134.88694361397475,37.748038223822306,108.99972612270619,127.97087224990267,1.1915616252639634,77.45975033944147,157.2234513593425,80.66351541242412,92.71099002688416,152.08630145533175,57.82861629258626,97.58261209365506,84.930074299808
3,140,0.0,0.0,107.72124721562624,110.50672011760776,-1.9495174618578779,70.9704611930173,129.46566747245328,62.618067165913935,91.54437622105507,143.55645912961765,62.86153312107554,78.36695083673409,167.1854311837147,86.35877214267754,102.04179921748725,142.14166804362367,29.108715048951307,62.16820987889797,105.58036476605214,49.63084179364111,78.11622106625697,134.29954084829131,47.52330373028688,120.12540720091248,123.36875074334196,6.311370534534927,75.08741348504586,152.45171723939308,95.33016142739632,99.95980335289012,161.58246392813717,58.59809551835506,105.16640993759427,110.7461968458329
3,141,0.0,0.0,104.47241453294652,113.23511631323544,-1.8126032280114206,71.04306860131639,127.90094184817382,63.52017891994623,92.16900847220626,152.61112987957767,61.330698414826735,83.4856130208911,156.37059883909689,78.16306336435615,101.38997432557866,129.59457545866618,35.27301835723736,63.35822263160735,94.92162846123982,39.863403284679606,80.26259876664328,126.43628764657625,50.922005579436494,123.33048052789762,120.2998847615168,3.0243307583144663,74.72983179450009,153.2646750356056,80.63278489369772,87.62729996022442,163.14044617720103,50.316233911837,107.85210491938682,101.90377422426477
3,142,0.0,0.0,106.27708280719995,107.36863130327487,-3.083687781196751,72.98437213731859,128.59261969488503,54.67661218335726,92.04197300035491,147.88694887920926,67.0089427722913,78.04112648708636,137.79008643169115,67.69129204044411,103.63191087646146,136.04484728973117,31.52721946225241,66.5912853809501,101.80752201244984,36.86910009732587,83.74352129489324,129.9477441667201,43.62355279031358,121.04664591106484,122.14823171494045,12.018131072941777,76.22691311202223,160.4806178524359,86.14464112575561,96.6560373980015,139.14780017682784,67.98584388115833,106.90388792464631,90.27449596818457
3,143,0.0,0.0,115.31257744396629,113.20315883438329,-5.8233138691181665,68.10850686325472,121.13859231501885,63.04484635904413,90.49298345269821,145.80197943454718,51.0208180194703,79.7687684696743,147.74558379666664,67.3364032102983,108.24312259298625,136.84088605890653,38.0416663230125,61.488263077435384,112.80097536351157,50.81394609707242,77.85185983829787,124.0487877869535,52.33317756757131,116.88482053585025,123.35071265376382,8.392981534771469,81.42473715184265,175.54714665749518,89.22499613312817,88.52551214438274,164.219553836886,55.76196466546288,110.26720955364551,102.36624805570847
3,144,0.0,0.0,115.64866231471002,105.98571724164373,-1.2048184869381346,70.79319081077034,114.09251428509128,64.13093420064514,88.56798316083342,151.84808544024187,64.30979361283326,80.12430685589193,163.71391512441681,86.72425449284285,98.86000360302155,130.98251993135165,28.70927206558578,65.36434580010574,113.31882487010866,46.19182667507741,74.71438176895853,118.46587056104559,46.44474909166863,120.23559859831813,124.64020194800756,11.893037089299542,83.57217743526283,169.07992760110264,96.2896311773853,92.92941058459799,144.56100289784038,58.48181766691111,103.64435857302729,109.46388754362621
3,145,0.0,0.0,114.09277382008763,112.87632371976245,-5.747798620245732,62.84146642649062,113.74187107989934,59.85260972234012,87.81976793128237,157.25737940405236,66.64406210653055,82.37908812826025,168.13759276727222,84.7907785109213,98.46772000916167,141.5171830344647,28.78844414073514,58.8153328840289,100.36700125278665,46.0765613879292,84.39599626104993,130.0154760349852,48.62483948218638,116.1521364493842,117.16575938723385,5.393604711886157,77.9009361679021,159.05015728188587,77.61800026457169,88.30224388161125,156.0285208347167,49.196146930921785,110.3772738124898,112.27911716446462
3,146,0.0,0.0,107.12004342553163,107.44723147914533,-1.4820958768930135,71.53304433480143,129.73104367211243,59.73441726184993,86.75220287345606,145.70352711680727,60.542940994875345,74.9537031708839,154.79851489040024,75.35360454783203,104.30954546973942,133.82313379620487,31.55980023280295,62.81113599547299,95.66825554951203,40.477898404803206,81.11261564119803,122.34774092359393,48.20287544748016,107.29355222394419,123.34770780210602,-1.4190777896583135,73.08854226017458,154.9593340166125,84.62718854947731,97.28377383001651,146.0462632226576,56.49071118668738,98.5644635415552,76.25660758889471
3,147,0.0,0.0,101.61374067518217,105.62614588930018,-0.8692579795166864,62.30426680278077,131.3429332073571,57.57110149702988,83.913234957772,145.14586645746382,61.50982588404526,76.95207516999292,147.30693555574086,78.66231672175937,95.189514324809,143.29265054639643,30.146871679529966,56.83085625448292,98.13440389643841,37.7950733496797,73.95380572657398,118.19857722969915,39.68708097633428,122.17992396503917,125.75888038291058,5.863003330223669,69.29025598124694,161.01885546086265,91.19563900208051,94.69687671070722,144.7418149780521,56.21440243736351,105.21105042958553,86.69824513866212
3,148,0.0,0.0,111.64844485454708,107.67370297915701,-1.1967698099116058,70.29253319925768,118.78231356617815,52.56536421546262,85.57854300041977,152.0740012595009,54.40794662988312,75.49159142125885,164.25355786374666,77.98400872080032,96.88300860277396,137.72917905771985,36.13824939948724,67.10600820107194,101.67592854596428,43.84790404549962,75.53864025352941,138.66844121157158,47.53872931987938,118.15860950952137,112.0584199452131,8.043575129473444,74.82770075162898,167.04797197081106,82.13085024026549,94.62101626216767,140.67739108819057,53.34347882323592,105.87379114825002,105.00094627826267
3,149,0.0,0.0,104.72332556815604,100.89936702377486,-1.340401254321758,66.50805534146889,124.60394331952769,51.51870831072591,81.81636192100737,143.3038716441278,64.18042928299134,83.80583192677572,153.90094577103494,82.75126589411501,94.81698820214062,138.36078129897638,35.226583432235095,58.31511095726945,98.60174095074329,32.89308957647634,76.64362852291944,119.16092308198373,36.79946747409882,127.56548877449403,127.79805655127926,10.857265644720114,73.26669612441177,162.72752206457238,86.90105844352527,93.47817727296335,158.54148714111386,59.857775204972896,100.85683181180983,110.91181277980729
3,150,0.0,0.0,107.62907134204274,102.80639102424178,-6.152312444908446,67.09869782326115,132.70512839407704,53.04832654092274,87.54644991454444,136.6267137335806,58.60204448346081,78.72203368908052,165.94308868480732,88.56380794242371,101.17350158016565,124.90176939440781,33.99920850107858,62.025976141824586,95.37108265688124,33.02829582139414,81.14115213921414,127.42212695137488,42.9163293453808,118.79500126950998,121.52930430396424,7.517581490361506,68.72076762267136,170.82124048804616,88.72091730219573,97.0004449686336,150.88396791207063,50.62114308653641,113.95261829108067,117.18134950175352
3,151,0.0,0.0,112.58526628799702,109.75745797424173,-3.8067200598832565,69.09787538551467,130.5284537261981,61.04694998339129,82.52175288570568,158.5588296018046,57.39223038243136,85.48543917540658,153.29409699128007,82.84597522264752,100.40016008474046,130.598375777008,35.610036148838006,57.74564885944183,104.70145751586504,38.61088617912339,88.66447285323056,135.84075927021055,41.26262820462724,108.83272454616231,123.83603697020389,8.738712367018222,79.81287106155489,173.08912550446462,95.0523735468358,88.49767919682196,135.98637888505917,62.799934065180075,100.39724053069135,113.96404752374922
3,152,0.0,0.0,103.8348553995187,114.54285762219325,-7.668503679100566,66.70548173843207,117.50458866612716,64.82600076473257,81.58601772432017,138.56202103812313,54.37364296355081,83.0314088085142,162.30579484062872,81.0571567323969,111.86868790043562,133.72106054270037,29.981442870672545,60.81644685715811,100.2120120930478,45.2008151334119,86.768354702915,124.52380325537094,47.31572018204257,114.2593238759492,110.71953180169771,10.207696331624536,77.4055854764862,174.28010010878432,93.011727176873,94.03031363012877,155.30879923522883,60.57898559483094,108.3839069112414,85.32614205325235
3,153,0.0,0.0,110.38844205986994,98.49613271007863,-4.13341894454459,65.34468148580429,135.8158724264322,55.77694954184353,81.1205194288048,154.62800193357384,60.48357296934375,86.78772403476445,153.4512677052662,86.09847842676197,102.9877723445503,136.8155904228514,32.99021782458034,59.86270410793478,101.55322360031334,42.632889876199265,87.41114743368011,137.90806803216873,40.15580848008787,105.31388435572487,120.53255693094636,8.093398456826662,76.84795929875334,170.13891958922602,91.35847023817578,95.23135237736739,148.08849921921254,65.28663604489844,106.95861818579294,103.13661822374975
3,154,0.0,0.0,115.35993189285138,101.05393380374726,-4.420302503197838,62.19392956117367,117.71160113549476,58.182919026284026,90.1382774026207,146.89020267464426,56.23324357152504,77.40028275571312,150.65988852778273,88.97041767713596,103.44461868674848,140.34334176438222,36.722712376462,55.92497571142962,98.19821289154278,33.0287952501758,79.21860790779832,126.45164201153456,40.54798693909341,128.61321994302088,121.42629144645689,8.700997066383922,78.30053910292449,170.1950910692409,101.44519363289946,93.30249351385098,139.56416474559012,55.47544885264031,103.72198921685828,96.77986495627066
3,155,0.0,0.0,107.37470737296859,110.37849665717842,-2.386407906680061,67.55227861419463,127.68147246128139,50.31107163563317,94.1631791167911,148.9773239122878,64.53699709300624,79.30706340712901,161.37290043407847,81.37040253559142,103.53496904633273,134.2667828620995,37.716407715957466,63.14051375309858,108.18550573007764,41.06092781247152,76.96064070661247,135.34398004517257,50.4591925446797,114.69354592020656,125.03106428901728,7.296769509484398,71.08734373426196,168.4335230194815,87.24373690998105,93.34108730442456,147.25066994302907,58.929745128178325,106.37834391851742,79.51017300597096
3,156,0.0,0.0,99.58557436370687,107.72785093486203,-2.793193153753613,67.18047471933721,129.13500376712798,53.43961105216723,91.08243224143295,153.67197577413404,62.56309000340354,79.42784286486919,168.2302778961416,77.9441492150609,97.34393552099085,130.5868766630847,31.45134550063954,58.6978373701521,101.26783237287137,42.99187240293205,75.05272176384608,132.639536832899,34.36974438779551,121.59910603110563,120.62399969696173,6.650070285142158,78.59805225773952,166.55165579697928,94.3841017425438,94.10355813833584,151.27471151265928,65.19727973948426,107.26600768211453,112.23492950524466
3,157,0.0,0.0,108.03940070457809,106.75807944112897,-2.0138258190344964,63.93005599182146,112.80777430275458,54.84274637950844,90.4052453729468,150.04637849554916,58.986837789585216,74.59320463210321,170.65572741740237,71.09915274345585,106.89264635700582,135.2272448850923,37.04282344698465,63.712225150828516,109.45365756988188,48.08760645523276,78.95209142884262,125.05220620133191,47.50312836773615,113.6446599094602,115.95245359258601,11.996932427049554,73.9171052042,171.99270232713883,91.05854602296291,90.8732841919066,151.4513419120328,57.006118905463595,109.47661685770537,73.55908950665426
3,158,0.0,0.0,114.56869935059407,100.91698333983716,4.236811173450157,67.72156845826859,126.6062666710556,57.271025597678694,88.68539120837308,146.05573771240108,62.41965620660557,77.39969936786319,160.7070727284367,76.20906415745922,103.41125740363803,136.09018551372787,31.49250775254364,58.96985058156106,101.31544310259896,41.43695555605865,73.99436842047912,124.26451064002107,45.23833655431788,119.36173067123806,115.62850723912489,10.584618264055646,75.25207814279018,177.81627184009977,85.77697667880149,103.55790944856946,142.9205700162222,49.28573893014193,116.64563228226858,94.93592959968953
3,159,0.0,0.0,103.18015488918364,106.79092040243566,1.8357279757485494,72.28517491931748,122.39662813561615,55.146253018837086,84.9248947450071,133.30150592547272,62.55321710771535,79.16239369834558,152.9476668987822,86.93705588403833,95.81656279150468,125.9893913429393,40.894251618476204,59.05521123260719,95.52325127398139,41.63245876189025,73.74216813784025,127.99314258680046,44.18664773056719,118.26493705611942,129.19631513821628,4.788291584515164,77.88476485259245,161.73873069436362,85.71086162190424,81.85514275216916,161.17331499216223,48.69042069911486,101.9833620337307,117.35391340960197
3,160,0.0,0.0,103.22484317043553,97.96721231571738,-3.2162855325450055,69.30976015889449,126.46367179588113,49.154937459050295,87.22237534523445,146.7638715493967,66.69278385421171,81.14210540723401,150.88982959572883,72.67574672580473,111.3082450835912,140.1777373472685,33.75827894722675,64.34318350027796,97.29299287133662,37.84381219836489,74.01522256621097,132.7422558045803,52.314762646356456,114.16131403939134,119.68935341824445,4.014948335795194,75.62691437851898,166.45274749296712,97.68601720416927,96.70929272194306,163.23518624620215,57.8896541218384,101.43090473820345,103.89537488504267
3,161,0.0,0.0,116.59367228019411,103.8826710643978,-1.5229612041730487,64.67617474537631,124.9748254407516,59.454051424135876,81.04364731183591,147.15606815820763,59.87194059441867,81.2285556994755,157.77567040348632,79.16030041836484,100.92220440273464,134.0356565110227,38.46355468012003,68.05551331534699,105.10476621540421,39.53181158793445,73.15634841642333,130.16005597514194,54.01662018922236,116.06616278985113,123.54919797046921,13.01511577806189,75.45657768903446,167.01693483516988,80.955071561452,96.55688021851576,162.0115360532275,55.32570293760886,111.48137017611722,128.18168352575228
3,162,0.0,0.0,106.23221016623326,100.40989167712598,-4.82169899563247,64.59495168963196,119.50811960935037,57.917384029494386,90.00687922690045,145.38732962966364,60.06101510405296,79.39263014036752,167.17909530992975,91.928337848097,93.19490255334975,135.57789989241994,34.09759943079374,60.23058304158023,102.65483494769583,43.40277060351885,77.73243360816039,130.46694899232253,44.00680215517506,119.84858709225065,125.77105013855909,10.059837514643286,77.08302583471608,158.14711699456166,87.8276017111547,93.80628016530727,151.7115269068757,53.48239663951278,104.95932505447539,67.41929293139236
3,163,0.0,0.0,104.10939363926768,98.14251762744848,0.2770505230589655,70.48092666022175,120.40094508610186,60.7816302568741,81.64178278923994,148.8206648874565,56.381506310570614,77.88091129990882,153.72061226438976,82.99281381701392,103.71532446684856,138.26005787366978,33.42002076977311,61.295423592498366,100.98005434612129,36.97546297972111,79.1600650513929,138.19587412878346,40.9842846558857,105.92819909399975,136.9911153639602,5.405615233744522,77.42420438399603,166.64230634546243,83.65485994568888,97.99984224045431,146.66886203345248,58.24465540834589,113.43070354767143,99.3171631383445
3,164,0.0,0.0,109.62682904041084,102.06113985517858,0.06037782378609524,70.28336771897973,122.19878406288178,52.74077167198064,86.23880963833903,150.74932833190726,63.32769569145297,84.86962931406205,138.5993644319698,76.49613678303204,108.25898829917459,141.37544321990634,35.686316634092044,67.11498372935914,114.87875573023368,41.345229729052825,76.8810132824934,132.4415172300364,37.09722072129384,120.65362392110677,128.1941131540031,4.6365933751433515,75.1595308531851,157.65270457692492,98.18498569841704,94.07963270648226,143.7593525785331,59.16699801065887,103.03929570943704,65.19323539289758
3,165,0.0,0.0,105.38602731491649,114.94886645895252,-0.06818957675918336,65.6154258711488,125.77655380367717,60.79581780163269,96.37024839725918,150.16516431265575,63.41761684169982,82.05239804692562,168.2672521271328,84.48660366642665,100.63651659585753,126.97341244118907,35.95952386471014,57.84898349158104,95.53613343053533,38.0106479005468,83.97727822806662,120.34195124533878,43.72516150237653,117.31144970057606,110.0307113377687,4.10604204329501,78.64190752791865,166.67698422267674,82.03090529418185,95.42526488109165,161.3661390422791,55.34057219493387,106.24918988530267,134.58911243908716
3,166,0.0,0.0,116.14363671775877,107.57674122854148,3.6582959926117127,64.43647827571398,126.83637817842448,49.956556590191504,83.28175092594941,146.8518311192418,72.92844712966263,78.0561589274462,159.8183647132066,77.76116990541351,101.34473560951987,148.15184911482464,26.536476971666985,61.87221522844184,104.8066762366659,36.32397199146145,80.26051722658744,124.81415482480224,50.66811925163135,105.57368828757512,128.7104630306376,6.413613644652659,76.1174825650592,155.5466423726768,96.53675987438707,96.85335690502738,145.98298902021327,56.27259566173436,104.49671792971505,104.380467171739
3,167,0.0,0.0,110.63143333709516,111.43271605501104,-3.024877768484588,65.88960893014308,115.05301282003688,50.8836470948496,100.37581663895362,151.3703400084286,63.110875409027756,71.84837452728492,147.67936209812333,80.079584664099,100.93584536860489,138.3121656887346,34.813899602158905,59.412937435584865,113.19905692302227,34.014619282722286,73.88577596979277,119.43444736910824,50.38888709681041,111.62404994169657,128.19124689015365,8.74038991248272,73.1135172000784,166.05909279514324,88.34625724289701,93.1284604874924,158.92825752621764,56.8946049146363,100.90160934661326,119.89401537583896
3,168,0.0,0.0,110.76181501237177,109.78519826883715,-3.5295040224123873,69.43357348020781,124.42279951716682,56.602366505599974,86.58063192627245,147.47716788815052,58.61868416930195,79.44499269029738,158.9194579143256,74.19908419155716,99.9356834314905,133.4519872688491,37.95206063846383,59.444278006916065,105.77274491037805,40.30525022957153,75.53553588700976,125.3205151229466,44.404063817918065,113.53087953096185,123.37776226856458,5.8728561888176,70.93970066614014,158.11165521307137,92.72013742637434,96.11078054743137,161.06209217021936,61.75397819090335,102.69536290165335,109.50428969039316
3,169,0.0,0.0,106.51583674212723,113.7585517192614,-1.1173785724830017,70.62291659676424,134.97667443998265,62.15056225028724,92.11036206690207,146.41970268827853,56.191663087265155,73.94942324828263,159.6830962543401,83.26904910253141,105.75386612220964,130.76445450458132,28.816504750354543,56.78476754313637,102.20644514792727,39.29792521261701,86.04504981435194,128.48806717060324,53.716006485194235,117.80801772919409,121.24743274146306,7.9149239464036505,77.76650593682135,159.0338069630418,80.47927997154585,89.55224116287789,154.68563386699827,64.24191083502937,108.07697226032077,71.44808584160612
3,170,0.0,0.0,115.12808216600365,107.22908930083706,-3.4742972878682097,70.76634373991713,122.01357795818657,60.32127108493313,85.50428533134715,135.40492687857795,66.18214717798267,82.22318091673662,154.49459463230485,85.13368509466818,106.59240566371622,138.94066915820713,32.03527684934211,63.28608976842417,98.88292512122024,46.92469092374337,87.8788248900022,121.1279291363016,42.087316503158625,118.46527728811633,125.95190850288088,8.832514546403806,74.56771187458791,160.55462246697698,89.51281817623011,100.08272246653605,149.40168505648455,56.09809200521137,120.25515066885048,85.82760333666563
3,171,0.0,0.0,108.97746339904243,106.5624137723147,-7.727626337882827,66.28570856633391,132.94126322469194,61.1515222000947,95.27300710748048,149.45124819195908,49.560882471133965,69.48006774482491,158.76926472969495,76.57934099660814,100.82930335307917,127.7095678819984,26.083602117728134,61.27047525525966,104.7964874144643,39.32315477396488,85.43133033961415,130.36085256681213,52.255250730504756,111.49252046694637,117.98558878801715,8.738113531223004,70.72455609373854,165.65985740340741,99.557576754563,92.20218853165889,149.64727904957564,59.44787907916469,100.29850624918254,35.63790748633542
3,172,0.0,0.0,104.07207748818378,102.42268199254339,-0.3622557538026754,78.74742403933053,123.39944542349821,54.884340068908266,93.53982719481101,157.2518340448259,70.83082169495258,77.88974435212852,154.4324613403485,89.95070403006522,108.79489007877993,126.58395005629069,37.05210723291407,63.604141740332125,97.23949434996611,36.79380377250251,78.20108240946257,127.29566377208607,49.20552224535344,116.7021329633013,125.89001332465926,10.47761520498483,68.13375412932045,169.64402398120296,102.46778402021415,87.08876435612906,131.240764116073,58.358293833384316,103.21964620008268,134.7444298530716
3,173,0.0,0.0,111.5638926564467,117.99769678239366,-2.4273725209802937,71.0335484087411,129.51487596732187,49.9586088827203,82.58973559345905,136.73601446642306,56.97600164386284,76.96290132446008,155.3901557374036,83.90527548482679,102.37899772188645,135.22701177083857,34.01711371498821,61.00739302207506,105.58725652987002,38.10886704146842,83.36438447200456,126.15274907468385,43.53750430452951,108.75868754653166,122.71761445210032,5.265646706806739,74.06621629547983,163.17686964553894,89.50423656192653,97.33186627261358,145.24209550776825,54.57256217031678,97.29886910711261,77.13976650364305
3,174,0.0,0.0,110.29380147572732,98.77959979444705,-1.8488493739672305,69.8572700021507,119.00417187040969,60.69669970553023,76.62860387128562,134.22549712287173,58.308836073276716,75.71820372363344,168.0012720442038,75.93423334962884,109.39907865582154,133.38270703356426,25.603965421303155,63.464211082944765,105.36611684598545,39.270859420565,76.14468561585848,134.52433365092395,46.761669602458035,117.6241238511634,129.32920640298144,9.470826130947328,72.80555319420901,162.52720519392815,82.55126072923444,93.14615135848727,149.28008504187102,66.37364305257805,102.16616439111506,128.3896639641855
3,175,0.0,0.0,115.82502920599939,108.72903779658085,-0.37734784594595183,73.31688428680148,130.071678023804,52.96450730421087,86.02154517996613,148.02599994034384,65.46442573328852,74.42475483842337,154.0120085423557,77.19715740941434,101.88789311507244,137.1595584726056,35.705682434926594,63.17174410439973,94.55879585573982,38.42596294590321,81.85286215541451,122.47982994253223,47.31147121178617,111.2080155629364,129.35752673501528,8.796300294521838,75.01372147921545,162.00847830794092,100.07640464252374,94.20079606055859,153.28628318194234,56.29306615733145,95.74480936801054,103.8874957503526
3,176,0.0,0.0,104.28250416606922,105.01594183452941,-0.033275856281765215,69.62844351944807,120.66226863623432,56.962204760926426,81.64258429836045,153.3014144601715,68.74465377736905,81.58327971148697,151.07783550697044,65.60858405538363,106.91788844223693,140.70104238662887,26.195688853479105,62.42899958303443,108.3614708018612,36.459832953518394,83.86077442752142,119.59156288476699,52.460559309809845,118.57294757435882,134.18667113815997,8.708421286598966,76.97574285119465,160.11472624647055,103.80953596695124,92.58497387715431,146.3922157156011,49.07505964787167,106.6129928470519,100.28565523208492
3,177,0.0,0.0,106.12285283729197,114.43179023229382,-0.8684908082797687,68.61990497698228,125.23426742793771,49.26898336118709,95.82335263108878,139.63717805277565,57.757913159407174,74.6202739409824,148.25885723971706,75.7128595673619,98.83408839207624,142.10457280615142,32.377287143528726,68.97934349332571,106.40587082798021,43.108973266150464,86.59764830698613,120.55680928274882,48.30292574441045,110.68769857060433,125.22851795222935,9.051657171448138,81.49997986691523,172.3035507043,90.79904189207231,94.50497869530072,145.2958170065001,69.7673461528493,106.71692658152725,73.96869963528073
3,178,0.0,0.0,111.58845967817118,109.29370790690633,-3.3518469425183133,62.41157814699553,124.09052700139581,57.188168261124844,80.60450961940889,136.30381565966425,65.70339757515353,80.78263000722679,144.20546590006222,78.59504257651383,95.91901064324487,143.41818930134457,36.72002474478401,66.07904541716134,108.99079799914372,50.31739418956637,84.22199415070389,124.55816759575683,49.27908897127892,106.97356759083812,121.47010439533861,1.8602237495874832,71.99304170781066,160.3925730383534,89.02754540530768,94.78788660461493,153.663689224456,50.36598597915777,109.76493176770614,93.37016324331152
3,179,0.0,0.0,100.13310958965201,110.04887879387664,-1.898454548519379,64.40531905064648,129.0224518397424,56.39938870531496,89.4143220388177,157.40356667339375,64.69667567280415,80.15377772816245,149.67482952590686,83.6122398579471,105.23356400770648,136.0628547643579,36.44526303087602,59.23748289504405,105.59289753317773,45.13025045042416,86.79346874681528,130.61831471162355,50.11756202292469,109.46421836852846,130.8999707506688,4.7961637429809745,77.9414946854609,162.34402304823124,89.22018336673763,96.31162929007631,165.02476896677857,54.02063297709235,106.57846653703028,99.2561778591194
3,180,0.0,0.0,106.40308528212256,111.91876119178363,-1.272015865792798,63.72701860229904,127.98889114522538,61.238162452635024,85.6508952321652,143.55927519087103,57.521942415403636,83.54867870901764,154.66616472757508,79.09238215613756,112.21916709955109,146.08188045670016,33.639866534017045,60.585564523037505,100.65892259741325,41.24514517079825,83.854457789312,125.58535468219166,48.603108630516296,114.68411298308584,116.58917521795361,5.215330878294601,68.56178468839119,158.1359154175369,82.65474951902726,91.34007364406774,148.31344504104666,62.62870529208682,108.31434327642403,79.66484575477111
3,181,0.0,0.0,100.65304186892425,112.88907182194471,-5.29895810145645,72.81186841171888,131.68188412227116,52.08197933808553,94.84654033703957,158.68744843597847,62.59879689041951,73.95644798479215,168.3630980564081,77.81450593350213,96.97542458490496,127.74666358588713,37.51810362948047,60.64990206862874,109.08694512739189,34.03898142687743,83.86900756436552,126.0774647011383,45.96212945617098,112.82959705973762,132.42292233165944,10.812966184060764,75.32377545911811,162.152307929117,88.9536418822142,80.88192969720897,150.59410385842637,56.89173375997994,108.42022970951777,125.2100718985885
3,182,0.0,0.0,103.77896180435232,106.89985847652969,-5.630757546481026,67.77554149530344,136.39627376778054,58.30358565938881,92.54588336640218,138.48798037035704,55.08621317599288,72.32385185489544,166.7281665521574,72.05080681757084,103.69450100844895,131.14993964965268,32.70704843358444,62.65241889107603,106.21880817278092,40.62050990675463,81.48416892777065,135.6960576869246,54.163408891901895,102.91168706078017,115.79028289501485,8.286118550131146,75.65363365187896,166.19878584342317,98.6287339862198,97.63754437618195,139.53249700625662,56.56836568580841,97.2867053753021,105.49400922144679
3,183,0.0,0.0,109.91976016853494,111.18511946244443,-0.166847048078971,65.38422662580484,119.04807208230476,64.761094365741,94.08526344898874,162.02863639785465,60.747100863378776,76.97997270000447,154.8194378868793,88.58001174151299,97.7325246209236,128.13820041240137,29.680718650430233,61.78224405887719,107.58879995633045,37.17858024208147,80.76023971395718,118.76653611813694,41.57150917940822,119.0778009160479,127.65591760451636,14.618744164541368,72.57965364419357,174.98599934360564,77.13033998229822,91.3996009340308,142.49271666614746,59.463102457959934,107.53366092769438,117.90630818027017
3,184,0.0,0.0,110.56641552098668,104.5275867074957,-3.3123227865646516,70.78781964142061,121.2061957599823,50.93958340725787,90.15251680200457,142.7644630130571,60.4030760562928,86.41711706871264,158.64404771892595,85.83217404911322,104.65137886483488,126.78572264380988,34.80744711221509,60.10560037375565,94.99729658772496,40.02488960455399,80.75453523338075,133.18588786402273,53.35317233003959,109.69948098447804,126.87513571247163,13.765345991797872,77.23006374494615,174.39262569124713,86.0039322349353,89.43697860258793,148.7810468124664,57.123214902917034,118.62458341564931,51.451387108238784
3,185,0.0,0.0,111.44908342888293,102.35051404927384,-3.8754346696377757,63.19059487887031,113.99948399643516,57.96640387585833,91.10972230083817,151.605804939702,59.98662638454439,78.63270536601085,152.4701114291204,72.76129769131866,104.93300018430548,131.2375890543766,33.44647999320866,61.72159510446613,108.63918546141133,39.014050698490536,76.72254456841603,125.16964192211195,35.9993394956695,112.3732524297388,121.85457696152412,5.015363782096266,75.82094045162582,184.83207709987195,91.80441822264977,90.489278086664,147.72396235111677,61.27725619231234,105.91940648651337,83.45313277845537
3,186,0.0,0.0,103.97228211352552,105.53354921949744,1.13232061235502,65.86248521995216,136.7092443985175,56.72265079932044,92.61958869558063,138.52202775634518,53.7863806082207,74.17111239244021,156.1033523311561,82.45271275268894,112.30254382973962,138.35258522770073,32.330904986829545,59.13551522492567,95.0099477770631,35.67433463214206,82.06853522827164,134.06402450973633,47.706789143407235,107.84946923242288,126.14709868086086,0.7638199612096095,73.6329934108564,175.66466222919397,89.00288303009945,96.41674200981666,138.07384728400683,61.739950568293445,103.2802234175028,98.1667658376938
3,187,0.0,0.0,106.64556433401279,99.4303632903054,-3.242474547170077,66.8130679328608,121.11447951191099,56.62027515139575,91.68111414789367,158.09912044805836,64.33830627025206,74.75990274350835,146.38175932870803,82.58562043876435,92.14768056330198,137.44524453765294,27.188603462526306,61.06296751158004,100.158862291973,40.63735566518187,86.16715015781347,124.7296884463889,46.66218002978594,112.3212621117352,125.62074949527513,4.3903596338523965,78.89559378667752,167.83520526375528,88.6719601215006,90.50708462691571,150.6080842885124,54.911026105621225,101.19558628784364,119.830360046084
3,188,0.0,0.0,104.421108509519,106.2802084838823,-1.521266748910651,63.28412850297225,127.82741774033057,48.08958428461585,82.29238378792985,150.16299780138675,64.62688305944981,78.73550843921979,168.0493084691937,85.53373723362951,97.50530491937874,138.61970819923758,30.663954289760778,58.557813990142854,100.5222594146972,41.600078242953835,80.87861485540711,120.34197789981432,42.17832911300569,113.10546973531657,115.30268476546593,12.59683679252867,77.31290110755478,168.1890630973977,96.10488637692991,95.79239882819843,147.72124381062955,55.17675145461277,112.3535979070176,89.18597645061718
3,189,0.0,0.0,106.20170747506937,107.94243380961991,0.7739071227650287,69.24185791872166,121.49134386441911,51.212048257035235,94.11063363761707,139.9002618762481,60.07488559370334,75.98467374144907,157.6801593177989,67.14700462842421,109.95331409677898,126.03085738026198,36.36599357663266,56.77711590706741,108.2986992627324,37.62983824175681,76.7387566275047,127.94135598240409,52.15629358560764,116.03373144699854,128.8075593092992,3.405203347371476,75.25170811083838,152.6682171896579,100.80823296332765,93.12442540159357,151.1469262580965,68.65264025526317,104.02502318614076,86.40898015615059
3,190,0.0,0.0,106.99640437393087,116.06864232603414,-3.1766431130211457,71.35881068794733,136.11573135277524,67.11338549467865,92.11668417940089,159.65104643082213,55.76023602294672,79.72482480066397,156.52222998258762,79.01349290929488,104.71833143480073,124.45015045259821,34.68127195398848,59.97717995063693,95.66875956401998,42.908582020394476,76.45435528660653,124.38577306498645,45.98831461985603,124.19927066275153,122.24056666484255,7.47445736402681,67.50294976518312,169.63662805565352,84.99094299073994,85.62313924585796,159.64562238135733,59.57889174513029,104.53714746050399,93.21765637643911
3,191,0.0,0.0,110.13180348399382,105.55293385239365,-3.255785998643087,61.44299017993216,121.99089666448212,46.94451309809287,98.10070680290335,147.7919331903809,52.44562019238517,84.79169429558456,157.98135187760064,79.41328082040168,104.47354656224896,159.93055576261233,32.65952787084804,61.89116252251728,100.5186940738613,29.40615530071387,83.88592112671516,139.62395172592068,39.22665510418668,117.38080106497921,129.21072485433524,5.889247073719318,75.27713510466977,169.42622676847841,82.76429576936361,97.83225789077451,153.695513516375,57.1884875569591,97.9655899811338,111.57723781692708
3,192,0.0,0.0,112.41349754532165,108.7759018569201,-7.682441814635753,65.5055585922924,124.91051699427727,56.387446159325016,91.15637778086318,150.8884906491667,58.326077924099195,78.47702154796086,159.96106266830571,76.76773396042188,109.5265642571751,138.14545507686057,30.830742522805988,64.05300292234784,99.59683298184608,33.47890452480163,76.28246562610076,132.46339873921366,47.10075651509266,101.4905079687422,114.63923356210722,6.954368678620636,73.13320884863874,165.2138957817117,90.21621283603459,93.18910041128304,151.2627399907794,62.27289764775654,103.43418043059219,98.96068216308716
3,193,0.0,0.0,106.06627475085502,112.35383215243203,-0.8054079425843805,65.86744368444575,129.21654848853532,61.07564149661841,91.26519355699911,160.06938813851465,56.56646252207183,74.02214027525199,154.67523151385026,77.76746582033034,98.33454877747002,142.3559547489103,28.724787104161717,63.78893205979091,117.51711443170447,39.654309779284596,81.7260285951025,131.4122727687508,40.315734524536225,116.62124330698755,115.52310063305661,6.561113560574611,82.6819587552106,169.07462881601745,90.61305831090368,93.41588076233653,157.56751929513257,55.357235749438175,97.38095576589006,95.22751863874986
3,194,0.0,0.0,108.63183058320304,105.11603141640948,3.6711979383480253,68.56101705831504,127.48029353580608,56.473041209659364,86.53346388938012,150.0050743204934,63.1692272423086,76.73770109450149,164.59711671324214,84.2104385524987,97.06750121538353,138.83914175275405,27.986754675784425,65.286079293501,103.82588519627686,39.70116502572613,77.48204845694926,129.90871923261074,43.86352094683847,112.5747854210137,130.30244471538012,8.42723267717597,72.70807398051168,156.0199842600156,84.06923633983136,99.0587978076962,161.44232354510802,57.54102554358643,101.32280537533708,103.26210144312132
3,195,0.0,0.0,112.8681999488066,116.83384974271269,-0.6753890370924531,63.5897562145302,113.79549304116631,52.98083892854781,86.45456671910931,152.9989404951803,64.86648380828747,76.63582330498468,151.68245161243883,86.48588832787574,106.24741293384845,133.4987129582345,33.37641877758146,61.177397435657824,97.01285967715893,42.05763076403011,81.27717584015366,133.35204574313025,43.705993593408905,113.85945509714693,134.35677303070574,9.646272324440895,73.85724767612561,182.99853053248273,92.64011174196735,89.03633412487066,156.83202310150173,53.29960294401873,112.9979062631466,118.57310292848511
3,196,0.0,0.0,105.19919674624909,113.78021866193917,-1.0190633090376418,66.74728710715183,128.54386030179847,65.25573251554924,88.31329978973115,152.0286684720097,54.91792078256906,75.4844612163744,153.50479091417108,84.75562193759528,106.15642561401523,135.12755985201784,29.019450211782384,58.91672777302402,93.19392854533083,44.44223614059341,73.30448904978918,121.43720554822707,48.3814342474374,118.51640019284841,129.3059375324461,2.222770683511494,73.80344685321985,171.66335429935987,88.27793567580171,86.21079334989707,141.11078169618705,60.981956981436014,104.14172837785216,75.91727956657209
3,197,0.0,0.0,105.89568358439416,102.22691276542598,-1.5712961126992373,67.59836756218702,120.15096404335809,55.83644976191348,88.95630209405743,155.5685221735385,64.3126216018436,79.52438560585689,152.59652690355645,81.80469296261455,106.08586694680642,138.8363489331523,32.87528724493205,61.35753593089101,103.53374461390472,38.67916297388823,83.6969885238807,129.33042637628148,43.174713149788666,117.50274996547527,121.90042310602793,6.302464940063594,74.17604578325466,157.2750743603428,85.50756833658993,85.70467212326393,153.15832648407792,51.08906081827803,110.98025086065512,110.96889337757176
3,198,0.0,0.0,107.12321665525144,101.4574394090992,-1.0083601278724221,65.62881966652155,119.98105176094316,53.881358949041655,87.12713722100843,147.3601852839425,61.61893458597162,82.85591221550864,156.40912891991002,83.05856187238618,91.00821366383059,129.65946813420476,27.540411442830703,58.865855331578075,105.78356304431084,45.573073161260844,77.55305559926406,124.16348174459202,41.785397680569986,122.134289013842,125.25652527305012,14.150103427215287,76.42300606607115,148.03456904120378,86.25035623228885,95.05085285905425,157.88791151650884,63.210639623325974,101.61005510764278,97.08040212677655
3,199,0.0,0.0,115.1263595184847,105.27753427719671,-3.165278482963241,66.38236194078316,132.5983033931038,63.01831352425315,92.35744762890644,148.22431385117298,64.71857811094826,79.0831605532236,165.5815650388421,85.87210729306153,103.22547419947928,152.09996427045706,36.08095514000417,61.269023669121026,102.99725900788374,38.40799458409212,80.26753341460672,129.92207275152523,49.30313211257163,106.08908999156918,123.01251736230701,8.67206287262434,72.70388087289496,184.8067137850185,95.48939201906109,92.53466807569589,137.68518631477883,57.92595613164917,97.48326766823631,111.40079688566401
3,200,0.0,0.0,107.49971388748698,104.92484123852283,0.8333118338123051,75.35996832206978,129.7150907300955,53.7780265790399,97.02227019733056,153.65617873819383,52.6880259299552,71.49932076517459,149.24747763809518,78.92287075539838,101.39400708850927,126.79824985587601,39.064180643404434,56.38603174267803,105.38038324391943,39.57652116020042,73.29658729493127,133.20302071847246,41.50108576254958,100.44643770858698,129.94921650625824,8.605291822595962,78.54452960642026,173.77946492551712,96.90092594830924,89.74974696855433,156.270599257843,70.92102876813058,108.11316111742742,118.25422732940271
4,1,0.0,0.0,77.19491662005458,262.0663288782711,143.93687506012958,41.73114199231417,283.8327055520938,277.3168456708642,67.6499142562391,315.0721783120289,239.7062513988508,76.1003492548146,331.29864698858063,224.11897429434234,104.2595080475797,250.62316893116866,127.12532713044173,69.7038127970078,261.33301201262145,225.11931816959165,121.09790823893525,329.86874872618233,293.34932535337094,102.075005670094,343.676654405023,265.16007599987654,99.43299668719642,323.93070205406775,185.31608088392403,86.25579531318998,274.08901412072885,223.8602189256618,103.69117796939778,132.17203535314565
4,2,0.0,0.0,68.68548738396242,226.6598513751119,190.50203048463132,38.427659649986786,325.15988134307713,319.7881841739946,60.67945180887819,327.2864074940485,257.7310568360884,73.68669545718883,284.52159190651076,221.7225542802936,91.70864255315328,216.6656551252863,137.07014885414608,75.54260345973506,283.33571994377104,209.78546626070494,110.83017538202293,433.2981007166507,303.8993087319626,102.77103683006791,287.19962200618306,239.76201147145858,103.3010639865101,304.2906682089044,183.7852141606195,85.74632775069358,327.66340342186226,208.9865022231019,108.18547553863391,72.63367949263079
4,3,0.0,0.0,74.86958595275117,293.81721854836996,191.00464951532766,34.077046412414205,295.3021495243746,311.8035928596881,62.97259070521375,320.97047168113846,212.19622479645645,70.67377734192434,321.3706791999918,197.4183990541029,106.27762414746255,235.29027448653198,140.0930548437813,70.07057436322809,234.70578176342056,190.90341213644604,114.9679248705092,373.75974011132746,291.5767185641846,114.24754632390716,352.4420145975492,236.078883484407,101.51783489618369,320.26247956156783,211.38879812747635,90.48704193085376,298.81340271437,154.87841247145684,128.26241997333446,73.80372339263627
4,4,0.0,0.0,65.93667617930826,228.75848886857082,161.6607487708799,44.36423914989043,282.81509611478424,262.621436745808,60.77013253656789,301.7103037404076,228.25664533410267,76.08278782949695,257.6360603729462,233.98517091925189,97.36019554955595,269.68956158276995,142.5837697115088,65.01188492271393,289.9553184986049,181.53412766670453,119.61266494898753,390.7845522735594,211.66356911657573,113.8885977566519,365.0011727587575,232.88904165820352,111.9459865471322,315.9496537221584,215.80697372785616,86.48619744142013,304.6291148520628,205.90531637649173,116.32923362189214,86.924342222698
4,5,0.0,0.0,81.06828575737255,261.6218908602031,157.4045133403318,35.92819951131793,326.3386358622279,268.45641402907444,71.90951691480602,319.482360167995,216.0345956266328,72.20526686453472,323.28309483693823,242.40156499599945,97.26066160852156,283.43526475325234,160.60978527777672,59.81054341665723,259.24167355296936,167.82162631815487,129.0203074598272,392.69353663808295,244.16306073600427,101.39092953009866,311.2517924025159,255.23715523780666,90.1039141616283,317.37142724439053,145.63791171487017,81.74408706877456,300.793874497557,208.08555622207516,120.54495110708375,97.25242958374479
4,6,0.0,0.0,84.06929011574121,261.53635413381716,181.312516527493,44.75237862004569,302.3754836352626,273.618479386514,72.0778834802938,319.0664140534289,253.85214089878028,76.7965936350981,289.5068656619532,252.99821329066165,105.76793907785152,229.96887847180884,118.67760110984247,64.30212851579758,298.5349267311049,169.4198203566905,110.65386041063694,419.277150740905,257.39474788817154,89.09811164372773,325.1156319220594,228.4055289298815,94.15863241375969,293.4805707388244,200.39640744174025,91.21610499405034,246.0210728335108,194.15920751840903,104.53648002501065,81.21651415271576
4,7,0.0,0.0,72.5362836530983,241.05682064047937,131.837325345939,44.043674739521514,327.9915771546561,250.32826856003297,74.26768060045055,287.08796247778315,205.92426110573223,88.55972649725682,304.13323247000915,206.979413715445,102.67441510755475,216.88641241363067,128.5499890650765,84.40059855957789,238.75671897612278,199.16298368625348,110.60473199105766,358.29198899371943,263.60045551859827,96.71050260683491,336.4463346741438,280.2695870895982,101.94849334352624,293.91903455613556,211.44873034879004,72.28896286749347,270.2043048588441,181.2956653213405,107.94990669536868,71.25913674418811
4,8,0.0,0.0,64.52551163130106,254.29842442444973,156.09048648498023,45.30109882938091,323.20476373331167,230.0911351602596,59.13874039622064,324.0433245139074,239.01666215144516,71.32988162406107,263.5057220365136,241.73189073499734,101.51276592812091,230.99859878789164,152.78087285318622,62.133893196310986,299.9219186501516,180.09096114346966,114.2713659015116,314.03297600147323,236.60869963193028,102.78234114753292,301.81328096625816,267.02125368272004,83.00360921112919,286.62745322737914,213.69347871471527,64.86617095920728,296.5663688779989,184.859803330091,127.95166531102817,90.13919751789226
4,9,0.0,0.0,71.60784691225048,239.81035487532128,161.04968753720257,48.6484604649174,255.59199250671222,293.563088264795,65.26098606371566,306.7938315479681,228.04668201670384,83.62033217891212,277.93598660628186,237.82425737988484,99.50965560347262,243.7599450754781,140.4909655287875,60.31865616921057,271.00327616983327,177.75956999104653,109.4935052957453,367.4310073667435,251.3020723761782,100.87660371159541,348.70490618731696,257.63002021691824,89.50718825343235,351.1811086591067,193.09286229464877,84.54968917790022,343.9658683738837,180.32054344215317,108.43970391311157,114.88670794178702
4,10,0.0,0.0,67.8169716738354,218.10130716483442,176.74581635296317,45.31641490596881,292.45989027534097,278.7897212080673,69.33290673925146,328.4220479320077,263.9657941472106,80.99117666789213,322.9616690463133,254.21837820900083,110.55695540666272,233.3058882984232,140.72053478184142,71.8483019590322,260.1443330575045,176.8565546015748,120.9715821560526,371.94274138292815,262.76813718392606,96.30154929545213,320.7119451974135,178.86161651549196,108.15975639523992,317.9932464397571,249.58175289571355,84.11532873151721,313.00395230963744,229.99459935194992,116.76527223451863,94.07084847622926
4,11,0.0,0.0,78.5039599328452,263.60195912596134,164.8698772231188,38.9702718435778,297.20454112019695,278.52120298722747,69.4065504625074,286.7687739130159,240.02615095302082,67.7862408036321,263.2052467044847,244.5172403445874,109.40220549275186,216.01741236097655,129.63128810872482,65.63940293715045,274.3331684532949,180.20135618052726,107.67026906281353,383.95204037752546,260.9066774687016,94.11688717521064,287.08794800776064,239.394878932596,92.64927797183161,315.8943034649037,219.2948068024306,87.91672508141544,292.91166071483894,182.71009745475698,117.69951234878863,86.03531973987045
4,12,0.0,0.0,77.92868269233104,237.56182882014502,160.31379479205538,40.366163243540846,292.87967529357127,305.3181576888219,64.69728205804503,336.3036911182627,248.8377580965085,72.27684836215232,278.0494464888884,225.20198464862324,102.5327435687339,234.64987446544228,137.08007196426172,75.07635002770755,273.31186548003535,204.71456922791617,116.33606491994726,367.0012988021484,289.6312960245999,94.2748618545295,333.74054098154625,211.4750615171141,81.03361780727474,285.11350714730827,214.2585164054215,96.23611402541835,319.9686568884039,187.61275653643332,100.13682065444256,104.82268445599713
4,13,0.0,0.0,70.34503283199777,242.77604913979036,181.84197283052254,39.01858536848695,311.90876831438857,301.7634991570899,78.27207678530273,322.66624835253543,197.74541428212865,77.84804454169489,298.1038373376943,211.9649943863871,111.1252892137774,225.2821063670102,117.96723648650233,66.27830349634836,251.71159039335666,213.2110344657667,122.02907522742092,388.8435787837383,298.3756302939744,101.11682096308152,344.792685364125,225.04952047770496,115.136088238143,319.0695255709825,207.48344289405873,77.17727536122703,266.4925398208306,212.07449725058024,120.1234238817573,117.72363697647121
4,14,0.0,0.0,78.29428759978194,225.19860655842706,144.79425823237855,41.78178602066455,254.9663556838851,326.1080758221292,57.65194453301429,302.05815058236703,246.2059237255191,76.8787103889236,351.41494158956465,222.63512500752609,109.44819813100983,241.64087935037372,125.30465473580028,72.90164713033877,249.19617071315878,193.6553029229255,108.66295433536924,334.9893545856749,285.73130959612354,107.42985840021163,316.88206824782327,250.947050871067,110.78630623910865,303.9380341814911,200.08847865698405,78.32798254323662,257.63423053813756,220.0444795981056,128.50121510797197,87.79094712120796
4,15,0.0,0.0,91.03816620767093,236.13303314548824,158.4490716359729,45.4933189308496,381.4616891038414,268.46271944372256,65.3790607185633,291.6797222274525,292.56952380199385,76.98405967215908,287.8934280459344,232.7131639977039,116.11337573993451,228.91635940062287,135.13062177398092,60.808299205100035,267.221964719797,214.32360097216397,128.77928569046117,359.727489958502,230.3064090577892,95.01606490350834,305.62511668307275,233.16899361763402,104.2389050675764,294.59335478874567,198.3262164623122,103.16220904937961,279.948994744584,207.8251401756174,110.47404295574049,108.22262397368809
4,16,0.0,0.0,73.27582635865558,228.16491567859708,145.09904544044525,43.727641377930915,343.0470676495037,234.6726379621627,77.98376617756843,292.53609566790215,244.54658552592434,69.14500339454646,325.32055513862537,243.53893013584454,105.23022640654665,276.33054234569954,143.75679708601967,64.50858856191968,279.9553141883496,174.12369102121176,130.9131344650763,313.7827166174155,255.9019709700589,109.178539535542,357.25708124086555,257.9938662511644,79.05100364346357,333.5268043468529,208.92490994688708,72.48583364226485,325.47886837050225,215.89763073697117,98.64185689220095,53.40118285545781
4,17,0.0,0.0,76.51695250975881,230.88271542847068,173.97826528491876,48.84749490128402,292.2574943019961,282.870561749389,82.6540991744906,301.7418964809695,262.6465523922275,66.06169372128471,271.53342893478276,208.12470432757107,101.3329268164365,241.8357171944359,144.9079228880379,68.44938177369146,307.5697676735753,187.93909365624262,97.32860747046175,366.02359120430833,294.74757700043614,107.42472754108184,287.6858318901325,237.88142729990756,91.84779045016914,309.14543856341567,265.0095982535422,74.56136892913642,319.74280316024124,183.13482794085277,119.12230809888715,101.20633601642214
4,18,0.0,0.0,78.43008510952201,264.7551279998927,170.5948416811804,44.966424256618275,323.6787493977471,306.8155479318303,62.896651631924584,311.18772352255286,235.77039874065665,71.48331366131461,328.97155006784476,240.28018002788374,109.91380578131884,236.35316433430177,145.28663554216416,76.33152397444513,288.04906671173234,187.0490841254661,122.72065345690788,379.64063029612134,251.33937528885033,97.99084406757427,379.2557394233452,247.38539997181994,101.86094653462912,286.4023879256926,196.79396068782572,72.54872887088821,259.6647553635819,183.89950997085683,125.20878502865328,134.93044049349788
4,19,0.0,0.0,65.91200829580465,236.01373263963282,134.98346197059578,45.21229025566941,230.8756637724837,236.29560806331148,72.64302917713493,285.2161798074357,216.28108556636187,73.1943646511532,328.52383933831317,285.58256728276433,96.77721789591992,256.19877379332155,123.60308856365566,67.83674472779565,250.57058191453024,203.43168162796744,115.06226693677654,355.707400257037,250.98454465830713,98.98496194794016,344.49684113726283,251.59025059575117,91.21925948185829,260.91275308404386,221.91758009020134,84.67507946833626,305.2069699184123,205.16182692975954,107.00766067695321,74.84242185692055
4,20,0.0,0.0,78.64374650579384,217.4375637330418,135.34222978423327,47.95250116426234,335.0965879781029,275.93430441039243,77.84881177757094,241.52741638965426,246.43389863126788,78.39174847639603,280.45738838745274,218.5856339520027,105.82045912308969,162.8441137769994,137.1567678392418,69.04776563384587,282.2219699276854,200.6660158606073,117.0074537041845,380.1666514068373,240.88098803817257,109.58496610099061,328.1212514021402,228.6496294304472,94.21741305583625,300.7591630770842,219.61586474515877,75.39787680725468,320.98116798910075,180.05546778017683,106.66049179127916,136.22033704236063
4,21,0.0,0.0,71.92681120286638,248.54389904850498,179.27935241892342,40.58439530882785,346.98402817444367,285.02724115420864,64.77017980380862,329.52329282372466,230.00513377273714,66.66729717416314,301.9894225751115,251.3912788744519,111.8540590849485,235.98630504645595,125.45237801006631,66.8376454049515,222.16935115574154,191.181729148492,117.39903931195394,372.3227087256116,245.76134795812584,91.10790436295558,322.874388176052,236.42803378358414,99.64852677348382,333.333313676622,197.69350090849485,89.8075113941407,312.20364408140586,208.9660217345389,110.76795656248312,122.20457491995153
4,22,0.0,0.0,79.47681107439645,248.34323995469225,179.7478673444122,38.872438535968854,304.731774741717,222.56017335302442,76.60290877696171,268.5662102315836,267.2154474542308,68.48851828811952,343.6813827637991,183.49878777405274,113.90929730461767,213.88780119716338,144.79419691241543,74.3222977477349,288.9002888172919,227.3983137150974,117.37326106315435,414.7976324078229,266.30252673074926,88.59840464191826,372.3918344532556,219.39486308075652,104.40427103902321,331.301021556141,207.53779426813196,86.8869501373622,263.886839821753,143.32868267360826,118.83588542632873,96.72604675139716
4,23,0.0,0.0,63.8772997962348,225.2495213733684,172.72591944901666,46.70403694956358,333.46976137906523,271.83261190778063,63.33967045061975,321.1502760749344,250.53969367891048,86.57209715202248,260.333259251873,238.21502364347663,100.90913385750527,218.35624837076102,107.60658822374596,69.83710174476464,263.01876707667304,192.10418355609104,117.89500059283786,342.79680687837,264.05824172078064,103.61414909246331,397.56076703579356,250.61750652760625,102.34917830511608,347.1287246636365,227.4553329053253,85.71424203696854,289.2493075293623,173.26423191559084,110.4809459353906,111.29577601624987
4,24,0.0,0.0,73.01505011219217,230.79870118153423,162.43022767118134,44.35969852251904,295.6909763576372,279.953890422192,73.79808685195316,309.7756882337403,220.0782739236085,81.30004503537245,367.93306558492105,201.7123673698811,90.30682806902759,218.29634643472139,121.75281658881248,66.65814644966935,276.3247891142526,195.5978074924244,111.1797700536584,446.2774838663652,237.17553799508153,93.68238469658951,350.702061615618,269.27507071633437,102.19284184599537,333.2571286661194,218.6315820488832,80.89434308657583,272.2902745458817,179.5471672723322,118.81874198095369,123.41380969792598
4,25,0.0,0.0,74.58849461411957,239.12099757440225,161.2260766225737,43.11988592312232,315.82095970056645,272.94601181293945,64.57115742097955,283.34292248932394,221.90017838710588,63.53857814440388,277.2656072419771,221.18573838616675,90.83850518810621,221.31535843448046,127.65038678033532,64.52989182283459,244.99340692244732,237.67839817790417,132.02985296588366,372.76066168560936,225.95508087470893,104.98356034848942,315.3096312459666,262.4018206492984,93.54323791864506,337.44833588201675,259.47520664611693,85.37419307728608,269.0107332729996,190.1732938245359,107.5981905888143,110.24336103698354
4,26,0.0,0.0,78.56729193460662,258.72210032246886,187.22112846939362,43.03195118106016,293.70449543831705,262.7980004103044,75.72031321418315,319.94346083383994,248.31699834755548,77.36721020721869,293.9166831425728,191.3162521981894,86.31196843054965,266.0354948308271,126.42172882406972,64.63227716637921,232.9772173875799,242.31148367106,116.80441084376668,386.10645253059005,225.63774211596206,107.85825032971076,288.0689243166875,270.7339629655506,90.29574731575335,302.1689967022024,218.91739433402125,80.96832362790167,316.21081882786495,199.13502311851366,111.21293454728348,144.70709901022224
4,27,0.0,0.0,70.53218623597913,230.46880612695625,145.28237116391716,43.26594032229158,253.12569362555482,229.07377472063973,68.27127724092101,251.2617158210677,245.4636876019217,71.00623477940135,272.08241375397307,233.6985968105151,93.9568520757256,247.68412944087387,128.78089787227165,67.21337954878686,275.6548040153893,182.2668282010379,108.30357414944984,376.00410028783284,256.1738369203672,99.48046046362644,355.0702669343023,263.4682756237333,104.65090116895935,303.7757632887502,175.17538500451755,95.08588756477467,251.89199735483297,213.59631931419125,98.71041841388138,67.0853826090815
4,28,0.0,0.0,85.58774697154497,282.23042473141703,145.52773499304612,40.68479913904568,283.697945548921,279.9676234393794,68.03758017425052,346.15409105677935,252.02358052956725,75.67484764847754,342.51872568579927,252.36192811058731,95.073220651521,230.2536886964953,135.21463798571128,67.60291651253702,246.68847534107914,187.34129292524892,105.53947067695854,418.37190635895104,226.0336049573006,104.72768817352431,372.90062231312083,271.5205589134311,109.07869004402362,335.0440389538132,226.16720849027837,93.00806404415393,276.8509826974159,202.68197472345975,113.86490253777113,97.58724689452485
4,29,0.0,0.0,74.78431345024772,275.0926158252298,190.18227494807084,41.07803957078938,320.56977436898677,254.01193502827664,64.92896956096511,281.98538925669476,252.80557358870576,81.01206273347782,302.7836215160102,250.44894525423032,83.52682778233964,196.11981657763187,156.37969010398086,72.80956146243744,262.1905560723446,186.98286371892155,111.89905803203175,329.24845467373314,250.35398565595628,107.37477338990328,335.32846754445666,209.55267045924288,95.34860248370595,349.13069859851896,221.51008586948055,96.32757937047286,297.20954410626797,213.91816516873052,111.09628924390239,70.35632030249783
4,30,0.0,0.0,79.51237575645595,266.5237130674618,192.56365541047396,31.714289719966324,319.8756177218285,231.8077853199681,74.01720282911224,298.1890634239656,292.1500586120222,68.3668199332554,258.71698463864385,242.63538042445757,108.11468273008606,258.50998669122265,129.2164134619746,67.72128422395836,272.76126071616204,175.34654998393296,114.278510907884,358.80941374075104,247.1316319413241,93.86801592519961,328.22504288962784,268.42140861033636,104.24204233202101,282.72536446775194,189.0538436821862,86.85466712750824,249.6742117251665,218.83114658119072,120.77642762628756,77.46362909883482
4,31,0.0,0.0,58.592771621582536,232.25073206904935,168.29538207357254,44.092243955088094,283.31659920738684,298.931420919768,67.95730742030781,291.4083387677196,253.61388744432264,86.31767009217307,338.91311683425465,256.42455985981354,101.85901433930206,208.01050644139383,111.61539109132615,53.13576885139345,262.1381983679758,216.89402588793106,104.4788833197915,346.9368625680513,244.1872503754464,97.39556053495377,338.1362736082424,265.77475882706125,116.35181425892986,263.77513242126383,188.14901470696773,82.60840964640158,229.3695725658364,176.94143235242493,124.65845696626172,95.86691655574228
4,32,0.0,0.0,84.14999831425818,210.28995793951051,190.58669035890998,44.419974677373155,358.92573363159397,301.95409970257447,74.5941047650142,323.52079721566287,187.4137871776369,75.01945597008935,263.58531830033917,258.2974061532254,85.99709343253006,235.757869188177,158.02423252226637,77.45218921217264,273.15205977605655,190.6097633821823,100.333876002848,367.66559640866734,252.66862434764113,112.25916653042106,321.72308943117673,244.17975389685802,96.7961809985449,365.93997547255907,197.88958255785292,98.51941602604194,284.3780613322795,161.3564534015791,112.99018479812159,70.34163886094447
4,33,0.0,0.0,80.5416008746869,239.52591116963075,152.74422503354086,44.152743126186394,346.58783533985985,197.33955493804103,76.07276300088388,288.84611972678994,189.68825081071913,75.55565148711672,346.12106964564947,231.54498946488155,107.59931882578124,251.44787514852686,118.904911097064,69.8591671737008,255.18332872045625,205.72593870707013,122.94246180220385,334.25857431367695,245.97606687041917,102.88746207973385,290.8640204341606,249.70090050029953,96.34711744476742,282.0014769838529,191.25588329556803,85.55491212884864,220.14811982489013,207.46102787705738,120.70461977313995,122.67122271072529
4,34,0.0,0.0,73.28620250066537,265.7452075105939,170.66647265214542,53.09719242526711,336.58680022098736,300.93653270903434,70.17781281901738,293.8139796531704,185.34045438138241,74.80777394795221,360.9047539027784,211.44739178789786,88.43508613911689,237.59704938344532,129.470368652793,65.44092110641239,253.969215329373,194.11357720423885,104.5856715324708,404.8053214183764,226.06901756083766,111.73675506589046,360.34549661796115,244.33453011340598,87.36269955536115,365.24817292022703,236.41116712499053,91.3838461428523,306.6491201056959,212.30500287283766,101.15672594831719,124.2716124184565
4,35,0.0,0.0,71.41453007880034,281.23275621701936,180.26434322660316,40.9509358978616,309.2941248343528,274.8207185884936,74.84752515436018,336.22406271819295,244.38465222213412,61.41170581711468,350.2505649041406,229.64331277767775,91.6252769728324,190.2752512832294,135.99637606671436,68.38255675451417,278.3308015591032,193.50265693887806,125.03664593861518,356.5666189717393,245.67763128615363,87.06599468628094,337.309704127876,258.87548889248,91.89180103176169,269.3361345568463,173.61961692068058,79.03397350884788,285.32387271007985,221.60031461408084,108.6391211662477,122.66016513903398
4,36,0.0,0.0,66.11817043461275,223.4657911957366,160.78207827576824,47.11255281309781,314.76333224660266,258.75013404855895,85.4856655310931,298.758594383336,166.56399331410424,78.6409902296217,348.3678008855885,227.00242407658396,114.882970563863,197.70944570871433,121.64495925307692,68.55930965602609,250.66488536258314,217.260067575312,135.85183281670322,380.82991455835395,263.0923908522781,81.59286436410301,365.1137555966512,250.36690357963903,104.31401938487251,265.69896703404333,219.8739293900309,89.36108813864189,308.75629033860315,217.96383694687194,106.41298838009646,109.05128331340121
4,37,0.0,0.0,85.26807671541403,232.98708395189516,173.25554428661482,37.27281667738859,359.54296231535113,208.3770375919997,62.57393260904584,259.53955238229605,257.80209473359025,85.30655714726205,350.3455973840563,265.84552042380017,95.6251716254458,271.31077018118583,134.1631259730997,67.70555393892813,283.59278416131076,237.42006243044833,112.24811249478864,304.0809761830631,255.73526428562374,117.2411883583496,346.27030199513257,206.5993417998984,106.28105207765574,272.2285900140212,187.18070045966692,82.59182595176509,264.0211940680318,204.6796284762729,115.30243183222161,118.19611413456118
4,38,0.0,0.0,66.79063919723805,220.85336672080982,170.17306349838015,46.29150795219101,337.08822099689377,268.3196923648307,67.4310987606827,299.15777973528185,231.47184494002968,65.07405689317515,294.607762607749,237.4885202236608,96.35409527281499,232.4103545716998,119.59921901162008,69.63911136888822,263.33520039145975,212.18484189744225,116.55157514246486,419.1783470698515,251.73876260618948,73.7307696031173,331.5517617026798,247.13964461055872,101.8098662586533,322.87609449289545,215.46047138566112,87.29110968006385,281.83382407906737,213.20384114320458,110.20263705466068,85.76824416686202
4,39,0.0,0.0,76.32087052171683,244.2539940307373,173.04168219097204,44.858198724218255,342.7747880178288,276.1481683238084,57.53778099852336,323.6498788883544,260.4102575920457,73.97800140472762,347.6614379384804,213.3476126730726,90.38181278372784,230.5043819625907,144.22342514743104,71.061784704019,267.01303247845186,223.30243693768003,119.01564096352182,397.22722815375386,268.7613742717475,105.22072087434547,381.1971178495565,224.3565038854797,105.83453803463831,338.39625958134974,215.46475954331734,108.75306801961786,321.55273445240607,195.50084256335614,112.42995988117228,110.65403378541932
4,40,0.0,0.0,75.3987520442951,267.6897372182482,193.86365533668786,51.39638816835584,321.7374211754804,280.97491587301107,61.63063462722178,316.7561021130593,214.6742007078025,69.90748153014694,304.13576845495834,211.6040893142123,113.16937376344279,221.16540429837767,142.68631791855265,69.39109157453422,232.92901813353978,195.64957373003398,132.06513997184396,375.8308293787412,284.9563632942324,105.99046655068477,373.08409282542135,221.51438022228467,104.67011413339817,327.4567575477023,188.77588001375938,85.15150127607819,265.74523520656396,203.23945700483517,110.45612306296441,137.33212271950157
4,41,0.0,0.0,63.18941620419453,263.00945357177267,161.2886804348077,39.23566730565102,278.3612794792218,257.02873127152793,64.58422451395944,321.66399729386455,252.0093950874848,82.85885848261245,295.27261755870177,240.12644374634516,106.75221592663301,249.32307142806724,97.29291001388535,60.48524985322,203.48907968046439,197.72564343320218,128.71948922922266,367.90050180275165,253.70112002179366,99.135148215358,279.64772031528145,233.82406570938687,108.10936465844496,298.54777957091954,228.6668940442799,86.07043230686968,270.95391597212233,184.8057105125564,108.53920894760734,95.82209171297399
4,42,0.0,0.0,79.21729998546893,256.97016658070834,163.3062671560142,38.0370134193909,311.9702470878161,243.55958030077508,70.321947829959,301.1483274234321,220.26449953790802,69.64161652701446,304.65054165872056,255.9149562517926,103.17093776638613,217.0229760938164,144.97712467540953,72.57714152914842,265.15169173495127,189.97277520548536,106.45615017772343,368.14717400412803,277.9183071113035,98.28945305222946,293.97568444783826,227.82190674960387,120.37850495893211,325.3851123621822,226.88378304188967,77.67406805164335,235.81485036166032,194.4701679415281,108.5250414524109,80.06085856327303
4,43,0.0,0.0,76.26485520422914,242.95633162925046,152.93565571254112,48.17872247401691,347.83178622039645,323.1595773427402,79.29208889303305,289.94262303389723,283.4324372675291,72.08843653275513,310.5917792382039,215.95759854116238,106.19834913991717,217.03069382655084,113.71959508201458,69.06229109970126,283.7977677199665,209.2567757938436,112.37194929275655,356.6070412377778,267.6109253951605,85.35496854024956,401.3337503739109,236.89899597265804,94.85019709670738,305.62847632254693,237.1702465059256,85.86689748500828,311.9361797280267,199.13424666228647,124.47407038353975,98.1446568420407
4,44,0.0,0.0,86.94003918647796,274.8051733636422,171.85479621910264,49.47151917855958,370.40585180926223,267.172658691748,72.58005242058285,289.73047477264447,225.93008084649924,73.94287278256593,334.4212799864961,195.54368879871976,101.7890854083312,247.48444379173503,123.93955562315402,71.07683885684648,266.4487894646203,208.2806960086448,120.19706535264623,347.74089954740776,240.83237579346306,87.23687238030948,330.3857476913554,215.91779151403597,100.91283615804731,318.17069465131885,188.67465319072213,94.62635081091493,286.5056372567446,176.40367082389415,118.66741834003814,115.12662659788067
4,45,0.0,0.0,80.89283138025553,233.1235193567648,196.52306237515572,44.7583213791061,263.772088145341,288.0458280546228,60.41632860596162,299.6488878288299,265.0475882228101,71.84788021385081,308.8930969385076,231.89549948508522,98.97462936962417,222.51898871372654,118.41113841688716,70.65934350917638,239.10192131959255,206.05352415685738,123.97841397779206,379.57530004011033,266.95904744162027,100.74611872746313,280.97063535503344,273.79616288438496,110.97564440217363,329.17158497556727,222.96313627295334,92.57202399506373,273.80512936691883,196.35528586191944,110.27903995864864,113.64657372488249
4,46,0.0,0.0,62.47786773038143,254.76257997767004,182.85412909343503,46.63287275828928,351.1571164236091,262.0089436072403,71.27000701871191,312.9769749513228,251.36076325608337,73.75599861861046,282.1371052397747,241.2499724244932,111.47483686980706,249.11084838324282,126.40999835031111,68.62025577052118,280.0154794468044,210.56539337572693,110.32042518737275,364.0229260220264,304.1256958314498,110.66102940552618,299.11175028081107,258.60733296260446,93.1803140318075,285.89625695972757,208.5806229694929,94.394559432817,308.74241906340967,185.51907026702864,121.00810816752531,88.40198241095514
4,47,0.0,0.0,84.97345171357779,256.34069987670364,174.96826061169662,44.91595936874073,315.9376739343699,282.26810036671895,67.54905454255696,295.83887784569356,255.70819130609163,76.40237492632244,331.1039460053192,265.27855644356447,108.69395738211493,223.10202319771457,138.76467313797076,76.4395689514353,258.6023788728229,195.70770534810245,87.48120353461556,372.94542080305666,268.4940674604068,109.21850143969458,319.7741132889066,235.95759800898924,109.2968801133589,298.67324276164555,211.71941992531694,68.62785572571843,279.27840101174274,194.81399222515878,112.44821020094402,83.30783372402408
4,48,0.0,0.0,80.8915304102663,265.2713883942741,172.18057613260208,42.15128237694152,324.0557885768623,277.7641334859323,69.05015535572157,312.7315602425022,219.73623453860785,69.93691692947291,353.6815086493338,272.1604458380976,119.02074291125486,236.97744256797614,131.4442520489068,81.54856534253739,269.69583655695715,188.99266070060122,101.96560268134958,373.06825241568026,312.39584830706843,95.38922085421888,358.7442572790393,265.6989191906127,109.89096851295771,290.2199457168766,207.29758193527698,87.92015610307924,249.09670231820272,205.66700928565814,90.64259548671865,99.73067674110096
4,49,0.0,0.0,79.48939566544848,282.7658531334916,130.04297258454994,46.57006272758158,343.99979454723933,278.82322756782156,60.48249521630922,335.3522271714589,206.24362885395317,75.655164732982,335.935210185327,222.44432551037832,104.4907189138898,266.97756716206356,142.095177676663,75.79831993896406,248.95688939369293,232.43119242930084,120.18040534969961,362.7659706810729,213.3972655657737,112.9328231858688,312.55539888864485,222.22640999253392,88.49262549743355,325.1575315811581,195.0840024340595,74.75716850656968,255.53683299696308,176.45487845185525,110.24214070061403,101.12417579750147
4,50,0.0,0.0,77.51261800414252,268.1103621435673,190.95980960009715,47.11204387090674,307.1640204751159,326.22207216074645,70.62834533460901,332.84755278251674,199.39539637443195,76.85254481082026,305.339554723953,215.32525233631108,82.06705274836418,262.72737847420854,121.50970690380731,56.70974241065729,245.76071220088554,178.92117126179787,124.3596028194582,343.0299286499252,275.21770839552335,91.49054848851868,340.84413638393545,264.05038683966416,110.23147016436432,336.26437875005325,179.72087476519945,87.56545765683661,285.86802537010834,179.379328643345,108.8766858810783,93.36510915166647
4,51,0.0,0.0,72.22039722850637,267.19341755251725,174.87669119002757,44.5376629492061,361.00455239531556,273.82845385062507,71.15747956444632,288.91376030668977,244.40028694200367,69.90321730194708,248.06590749121582,219.99068151209897,117.30255639898952,238.21911216655462,127.60451029810686,61.950171429367174,267.2654555119448,164.39532767751942,85.30257338796393,326.39713896715284,249.21687979600583,85.19989403343399,353.1299417273211,302.24553033866476,102.65498655436241,336.9001555515855,210.29733536767498,80.99249939576548,253.19008693621976,199.8460210511436,120.39454093805351,91.30107698263886
4,52,0.0,0.0,78.35668715809373,252.2882158302422,134.18280896801284,40.90637388816748,325.66868302133713,219.99135123255206,62.99953308669915,311.7632581202488,235.6497728490307,80.30855973729312,313.76221702949556,220.61376293987772,113.0214081685308,263.4855494014373,118.47204557525671,58.982690433725196,283.1531787884268,209.94785988740108,104.25463701380502,391.2383588439165,267.51777045854504,96.15258729083027,268.39208038635746,262.7206259435247,92.23380514715564,298.3601207525054,234.5059942109788,83.98736698288467,280.85368493406514,174.1817769737624,115.3030306879877,77.60004331229466
4,53,0.0,0.0,78.91665095225775,277.5838069807504,188.21965028368447,43.20451653920982,319.2308998780382,235.1416935276195,75.26317632254323,316.1695447515605,231.92993521542263,89.46666924065887,365.11492864977384,191.36185088684323,114.57434389329407,219.84903462927113,131.96408649728556,76.33007402003923,255.1855897986803,182.66857530334667,102.31767430863404,392.4675874334691,209.2959981132651,95.95766541341004,360.8965331552603,271.74544443832565,127.84597012262775,345.3123998025345,236.47947802878392,80.77427135618333,280.97049161894455,186.2515889623798,107.97076364051,74.5210616760302
4,54,0.0,0.0,79.80012078927636,221.76982166870488,161.17767131946886,44.36053552884345,305.38450650327064,248.15699773459747,73.07094276815221,302.88882276761984,245.3246353619408,88.73004932470596,303.25081870214797,227.67905015853339,96.54805275542971,240.4497663048454,131.9962989143698,70.03009108650446,240.97675964123076,149.70234438284746,106.10832128566739,400.31731421744405,243.46562336506994,94.68699208623019,335.74238335678325,235.62204348884418,90.77543545887744,312.655514909987,235.49661152829043,82.83153200339393,263.20013602798775,202.5653539364924,131.5525368711177,103.08409224480226
4,55,0.0,0.0,71.45827150087285,212.26617982200284,178.26515547183334,41.35537002481443,313.32400293204864,277.4864806790486,70.60099514397183,280.05168800616536,227.27508175861144,69.84520528177593,262.71469503964164,237.26713595013481,119.85274667759784,243.64336412272039,131.675147633298,63.35379280823307,231.119337506185,213.55208683316098,124.8329738768478,370.34918149580596,289.02255908782575,121.14848323397302,346.6277632001367,256.67419461793065,79.56655916157612,282.78136972836637,215.37256786578595,87.86283366373347,301.2041735411644,197.6756497027816,108.12035233477155,81.86498658511027
4,56,0.0,0.0,68.32259401086245,254.38964126026045,188.02619678438032,42.551139651899014,359.5393239918846,247.9212120973799,77.46860538392585,326.5774129576579,229.37467249681484,65.69012797270634,333.95850924150443,235.63658119186894,93.80148848209731,232.19449201473762,129.9434097805378,78.95793291667572,261.6832513162929,164.48639608399537,110.58025188254466,346.1293807456527,316.0566334795149,106.06472644188533,279.02953076995215,229.97829321561622,97.91807646043749,314.17779550235815,229.00455459483425,89.3578313979407,322.1823218164947,212.960733809649,117.1034840088419,82.92635642410187
4,57,0.0,0.0,76.34256514371165,226.36838500542422,173.03119004238803,41.62693162323214,312.9747803754691,312.05256863232285,66.45283889096876,306.69665719909585,254.02181712568324,67.99979205001776,284.2785662428956,232.6137715505488,102.22115085801647,261.04182171079026,151.49860467344274,69.26516562104685,288.95578896742904,222.82323705122548,104.71260123081699,439.84415920491506,228.06992270419843,105.59506914723644,338.9311820249517,256.9121519168373,95.40612205567608,308.88489654826503,247.5182811287661,80.59234303419574,255.92622150460932,197.6591500033086,144.30348272459952,94.60182679648119
4,58,0.0,0.0,83.46398951648267,254.04452762937407,143.16972818450705,42.51019511641751,295.11059399801593,243.95632188534117,61.34091020475426,283.2366419638955,259.04265207408764,64.57922354288112,311.8844559450032,219.685399552533,99.14840188014317,260.2977691804908,138.08866025209636,64.1922762402502,300.13037908308627,175.6749275846754,121.08453829551904,341.87830948507786,266.3384303290295,91.67303013805942,277.0443660761035,266.3992283760767,91.27882450399368,304.57137890774254,238.84987263014705,80.79032665253044,251.51109782890202,165.40650101175657,92.49583207604915,93.39077769771598
4,59,0.0,0.0,72.15130755495446,288.9260915940219,158.9343425121329,43.18199963674533,343.5295327191547,280.1772343461319,65.55182032905539,275.52557192947853,243.12593756089174,80.63431452422886,316.0295207889952,222.06753922619868,97.81040228346502,257.97647227794147,142.99840029653365,62.85777397413896,267.68120082959274,221.4989435525923,131.76443134572094,419.9522444357464,222.47179415441667,98.80990396161114,349.608125985938,227.0541114523375,98.94040216075203,324.5896940408837,197.8618270483622,86.56396170495437,319.77422283350097,206.8723170795063,117.42299368425418,127.0261068609161
4,60,0.0,0.0,71.00689981871363,232.31407181891075,149.57484869155232,46.76374209828207,323.5333947330388,241.28107077691482,73.70513213522074,299.79522036977704,226.46638636858364,73.44923561206906,323.56072702160407,271.86912041447863,97.84977552387717,223.048047186455,115.80933961345474,61.46078947174948,312.8947544644808,197.2794035165471,112.05631084287096,361.00268371115317,250.58272597440026,85.37761810607438,375.2527105670162,252.23339569833254,118.12550330511482,268.37930485875734,218.29882959101616,75.70544924078347,290.2866478191317,215.8297400619467,117.0568568193875,125.81235249536113
4,61,0.0,0.0,87.35094028775409,238.63673602633128,166.7556604651765,40.81653288918305,258.1377187394537,235.9082193690621,73.78677975701241,373.88191107227436,238.60873722691423,79.69565353246419,272.85731206206276,224.41976680882033,85.70770725111802,249.6416487159954,130.45596054573133,72.35571001508029,273.57865119636176,219.7562844654824,99.27163411818306,332.83543244774296,212.0358219144913,81.38941097674432,347.7693862132672,200.50500493198354,99.1535267247293,296.8088485623328,165.40127227583832,72.85611017990347,259.6275596832768,188.65080712012207,116.9354304799791,90.77383617482447
4,62,0.0,0.0,78.97208313929605,245.6082450776937,156.16259418448283,43.15766263109656,309.2979356074694,283.2398211642663,64.15880601722881,295.25338302650545,265.96699631871724,66.0270404185394,293.81134031815657,240.2727856263504,98.13121280838827,207.80925054494793,140.64464613043262,63.73858682042939,253.02051957599755,176.9816232365498,115.4199291327383,381.1952302095678,248.66038351876392,101.52677047147222,335.8293395296602,234.69276231083043,104.33798367606408,273.0621483545237,203.94758183902334,80.78432232993265,286.9183143912632,229.61793690017015,102.77504060703012,117.27307880605557
4,63,0.0,0.0,69.14473683593081,237.02740213086759,182.79187079304862,51.15670859889041,322.41428880597175,297.64049325788244,63.16057558757257,281.16366199713116,288.9402263044847,90.07533343896479,354.62936233706307,268.4066995593485,113.91808942441483,232.45357305396422,150.51803710023484,66.91264138191679,275.0413138760021,209.53145029198964,133.31935173779254,395.6037230232727,217.41471052990292,106.54015742204798,364.3403660244277,256.1315509614861,91.01347292937196,255.11500953764758,198.38957687653334,77.94758427451029,291.1522949894084,224.6494649294583,104.44377181879321,75.46612728483873
4,64,0.0,0.0,85.66510672473535,232.60256852719536,172.9050539908993,44.12695988856155,296.06556510474394,254.6048155319871,71.25182814086537,327.3016732330714,229.03846863332942,71.06822146028321,343.2197678803189,219.7904544884036,114.12776330180354,196.1836952332857,101.31345386538163,76.38055747789569,240.85690240464427,180.4864447406021,127.21631108272143,387.39569125882275,277.8652790867377,93.89400031164183,352.35644859702944,268.988920329641,106.7127215282956,342.5173984986932,221.24876169009292,81.09012913528365,277.0864407310105,234.26328255111576,108.38893158717644,97.89313745392064
4,65,0.0,0.0,91.04910981055008,250.01907527565393,186.42551000030625,45.680032734523216,337.7047966124763,318.9511681556662,72.69016962134688,310.51414063374824,253.0178559764316,78.32954919767273,323.2683088048912,259.90261405349327,101.12918553518274,187.10984927242475,102.93067405163035,76.77271996424356,261.139288765879,193.62155063466236,107.86632577924532,360.65941810080676,196.61381977789296,80.80019757680047,334.57336254864236,254.12989804298562,99.18420971567237,285.01588894163854,231.7962272148885,97.04366825389116,332.7548455012364,214.96836452011723,109.86967738626788,97.64020758754177
4,66,0.0,0.0,71.91794123991843,250.96573547098177,167.065169330232,52.81463123975122,300.3547332016408,257.00164561617987,61.64581641676484,316.45180546681746,273.51045291913647,78.10702168931464,320.3447515206427,239.45113208729546,91.02469690449882,219.34127239781017,143.05277168733718,63.24644826005828,261.31398218537765,225.97704143165515,125.07801097563244,359.7632046187314,280.82577494708244,100.87734212407649,363.0698114075835,240.22731950513776,100.93464329090078,265.80663517258097,212.4490710841608,81.9546125168856,275.8168346557378,213.47745678351947,113.0287514979788,144.18873300203228
4,67,0.0,0.0,82.16341034934032,226.3581740733774,190.57773317850965,42.58540181688225,328.43390700930047,209.3718839536337,55.91386946456868,331.7577987260991,255.37591747737378,82.01866200763479,333.09240641755775,252.68448793622767,107.26151453096911,260.85984520396056,115.99348264208012,78.45504061539644,260.11782253485035,185.18172142091478,114.10662309388384,377.1733119154389,241.46205766997772,103.76934788119242,326.9717995875183,234.57477824587684,100.15300396539855,319.02411565072424,215.14909317085775,85.17638093820536,286.8080155801288,163.86352356027314,109.3701870834163,126.87734446116724
4,68,0.0,0.0,73.73914166447892,261.65720442555255,194.01428240194303,48.493594276862694,314.69527683234674,276.4073985683069,67.52034112915993,340.12572662694436,250.01077652823727,81.29889567741114,277.4392282595028,201.30583275297232,105.42262920322138,207.5472359196104,132.59892950831082,64.57840818229666,278.3683956739913,238.5242724115749,113.38485369061547,329.55461409674183,274.01796176861757,111.76827556757412,328.4128858985738,247.27317486283073,116.1777740329491,319.7053105306214,251.23654486555108,81.23067993157423,283.17388303700966,179.98998899697565,105.47333194882935,54.92900979090525
4,69,0.0,0.0,74.44629433173954,244.61177049782418,179.09827202164817,45.99089252463754,277.30434797903007,301.63366250473194,75.54259550251759,335.0894365756487,251.9297202591545,73.40866932934117,291.48533347689175,228.6049715997745,108.88498067822168,206.75288990899085,145.3366180676834,67.36240780803551,233.69964467910404,184.39097105536527,112.23041361532448,330.1554881957281,247.28577102009953,115.55817392546449,368.9559067164365,261.01509135939693,103.54204904894947,303.2754797421159,194.91516421216272,89.50133941064522,244.58492052061575,165.4563501820591,109.81626972948244,75.25761563577251
4,70,0.0,0.0,82.40664467836139,257.88034735849095,155.06947029580195,38.74554650003359,285.22045915847895,281.65651301873527,67.17228447332303,329.98411382175345,218.7180825421448,72.92353978693609,278.5207754247018,254.15174716239287,104.73950710252764,242.08786752118436,118.73294809838038,70.96411634035282,240.67771595580624,198.1878223163782,119.24373265089966,322.9203937108617,249.26054406945636,85.49922464883342,346.15195348402005,244.6708381605157,92.76125903619472,344.95478878270694,205.85604714898116,83.84006999223419,310.6096642765759,194.90340994227307,99.73120996950207,97.53147463414442
4,71,0.0,0.0,83.32132418227408,221.1877297354592,161.01984088339262,39.10909531346634,297.38628893388915,262.5840677572964,60.0400701413411,270.9567830678647,194.41472333761726,67.75018083865042,311.7616549001063,248.91461774932003,95.94821175221344,229.44874348929932,154.69364726512987,61.5700431137946,301.05584989962625,222.24479273378873,111.97360831133683,372.31777069643505,196.39470215759476,94.61068814225605,303.96375886190975,199.19605877043017,101.12202334924051,288.361338191048,195.45033650585108,86.93242615933973,286.5042044913799,200.25437690122962,115.29654536585087,119.978523984352
4,72,0.0,0.0,80.24398263327292,234.59966806635504,181.25783203067266,39.88824465050527,365.7189793679308,216.14739060695203,54.978942957387325,296.99407254050953,195.43407603337454,94.13772266375074,308.85106806654017,174.69326027858463,94.79774320267786,203.8211995109795,117.92664748468955,74.96279081885011,312.38102613260656,167.44722348305953,109.11377191727018,372.8800190855686,273.9525513231282,107.86997375364004,405.2534865210963,194.36343681070733,91.79054212553541,305.33954738426104,246.67020376744262,67.57392206079909,272.98146028707833,216.06774015040148,112.73454500868344,70.11137153857008
4,73,0.0,0.0,69.7903837644072,230.90073046601216,167.77455234526886,40.65037382113985,327.8519267220648,295.16384532477923,69.16639086213247,292.91002728879954,219.1180634153387,81.38388834999745,349.6605910437325,220.70677736466297,100.41316102210403,241.24300153371334,144.33088230208992,66.23238813899951,266.5600828264212,151.10432285125182,104.89287909643136,358.839930636946,291.5316272687308,100.24304387739335,327.4622248075219,240.75564262786196,106.73447897535777,358.32671935418057,209.34421591777567,77.10502231108632,296.125377260005,206.13327551933355,101.24494841915501,96.70504793485247
4,74,0.0,0.0,63.34976017492235,252.85510962061934,182.9325809864574,49.023979432109,300.020966511824,278.3556454088049,69.72319168563502,250.8766055723612,267.30577745450023,76.41516501984924,248.20612696270882,218.5757211794676,81.47972381591109,200.56179014829527,120.31841000144611,64.23390236548131,278.60939658590155,207.00719332123876,119.58446960782871,339.8664474324432,256.21499706219475,105.56528429882243,311.8923723509645,189.74839399804168,91.91722994330364,350.68089309631785,203.208174881796,77.73129526310282,268.2505020363967,197.97552083549158,129.5312906491337,82.36991068231123
4,75,0.0,0.0,80.564927774164,232.90635120042455,174.9832061345519,44.527405207967654,346.6682880925521,266.4400912083336,62.784237315148026,318.16387452169295,221.10600727834446,85.03049662995085,360.045195162249,229.68459698534923,98.81551962317485,281.4424210164341,113.98619328744913,60.75159065853227,266.8174340950361,206.76142304054713,125.43692524712462,398.20978920217044,235.13627430741698,113.5406843248586,342.55747656461864,224.3853250964293,97.83138659665514,296.7745364454872,208.3206829692473,98.95713764390914,261.87018113714106,172.30988051293963,104.80705885693955,95.47439988233472
4,76,0.0,0.0,81.45148605203205,235.98500709383643,170.02432736862326,45.199956044552394,302.7560916835846,291.84762932770286,57.42839489414134,333.3878693302329,225.58038448973377,84.2624784787302,277.84752952226296,208.0418346223569,104.04720717877055,281.6765430008859,130.05848007671113,64.19730435061777,289.1523320472796,196.7285191329207,112.9707104978432,358.1996262554264,242.2874872392901,119.61035462564291,321.39914783440923,284.32475998165023,90.52222507776276,311.4776381796406,224.22239125618296,96.74791618924874,333.5047745522252,173.13515714818683,131.30133121962112,57.841103146823656
4,77,0.0,0.0,77.82191770893354,239.6247400406957,178.50822272347608,47.279248350668,276.7651322258237,276.81864334487983,75.38191181315389,292.821625618739,210.98480877359094,68.29533040679804,297.59339559406385,193.57311992554872,94.68990647721463,244.27975504140466,147.70033711504522,65.6838987620258,302.78304737439635,199.79918041294036,117.56093648281734,382.1545688320078,267.13965942657353,102.12688698962182,311.5593714520429,230.49683550887988,105.94439885767895,301.0751601912867,228.0342432910631,80.88332064112151,259.4000267271653,184.5624330457823,133.2782974260818,72.01874678400343
4,78,0.0,0.0,79.12900375060899,266.3524290231644,184.0763375934854,44.864579343388954,337.3026208742202,239.3714574456547,72.72554654060792,315.5590359572376,218.15705299989003,80.1345852891393,304.81599339858053,236.03108490941133,94.28121687427719,240.19307318819685,146.29984098668734,72.33181127666681,297.9009865601403,200.58299560716546,105.91547374555351,444.88480814507426,250.37528917761145,86.12242001123089,337.3571694667789,245.87399811543858,102.33566397864656,315.30311208806813,191.47693712460438,86.44816235842382,249.47309432951428,216.14840976346747,113.57038373312163,98.3746252845624
4,79,0.0,0.0,87.63349964191373,240.49433391759896,172.0070081858084,38.48998442206547,312.87667792823333,289.1039517077511,56.81295753575037,277.05767991264946,276.7010967502504,86.19950744001892,311.7381714070147,239.23434065875097,97.21247351665059,251.38673201360217,128.09278065544493,66.86806425262925,266.0697280364206,211.05110161783497,121.75602376597416,352.9174282075426,214.63385364619023,101.09890413997785,393.82805743930953,230.6819740767627,89.94277381034716,335.4718955331943,189.47563555382268,90.17851038642748,272.95246973764705,190.52075884912955,122.23343814743049,96.75295763875357
4,80,0.0,0.0,86.68495264147559,205.734063011628,167.21425242725482,34.76413756631865,279.0161414768852,244.5301057987266,62.97578453013805,313.8420535198889,231.7426116979176,74.83320589975106,316.8102570632743,250.8189295036428,97.11659903484941,203.68587161919922,144.7630634179301,62.967233629280756,278.8798146647204,201.3304263888364,108.53290193253825,449.33673837584564,243.00776119730133,105.6336709558222,333.6051524996702,222.47104888654945,108.73996128537593,312.29952951618714,227.88121880981822,92.77738126858196,360.7764860710674,180.75996803256209,108.91407418413209,109.77074048997588
4,81,0.0,0.0,90.49136355296781,253.3687761552744,169.85771994667454,44.84377523263184,303.8554717233285,303.1975675742055,74.42902362258059,305.89610906174767,220.14120977178084,76.32245414785677,341.5553907725456,257.33632279374183,116.39792113021227,212.1855016706398,122.77235432097751,75.50878306651649,299.37849119380303,222.9993825648777,116.3144677099253,330.5428312692444,250.422813364226,109.92116655826194,350.46557277419026,236.953519499705,95.24549040420197,334.08422084733513,215.31775707629077,78.9857123184316,283.0632225834165,207.49105078676448,120.33976474843519,149.70820183065464
4,82,0.0,0.0,71.15516359365422,232.58760365162516,157.62307758012452,41.48018021313586,336.606470581382,307.5119833015118,74.58464041627185,281.0783256444661,221.11632524472225,70.93025448169604,270.7750100799905,200.62662202400688,106.58473433163836,208.41315750994139,118.79381717204811,66.19122603608645,259.5717340880558,192.64193015674743,96.32984178453474,351.88188236226466,259.59027358013356,86.25787561914754,286.9651112325879,252.5489885738878,104.89577429267291,332.9244363244847,233.21300840183193,81.88507147608279,290.7538486018426,201.7554323383635,121.05051739024094,113.12399999560031
4,83,0.0,0.0,81.7034316359603,247.48818941995478,192.292229899887,38.3128983215763,332.9302347765501,279.0100328172438,67.68073488526808,316.75910279474914,206.10110593375313,82.7154734109976,326.7781905542762,227.65387394475826,102.1398977189008,239.84955610187075,127.7755186349769,63.325162407747285,262.70969713720865,197.65072181197732,104.8970585040653,351.9540295671139,265.7789769122479,112.2734810455142,305.60183326013157,219.0534616291421,92.11991748913539,254.7720575421592,214.23554330001576,90.68252423443471,298.2412383416694,198.87679163245105,112.52052720200328,71.66544687077857
4,84,0.0,0.0,75.25004048721814,269.06212268278733,163.1559284827024,42.25468728602685,324.22023337224533,257.79274940288246,60.778104341484244,303.83705600093776,219.66906686401742,68.2034669099325,347.0385922180104,233.45234206874974,117.31008917761459,261.7392481413795,151.76797375585915,59.23566889996244,266.5691306407886,204.33548349705822,118.2744025269198,359.39988224411934,265.70547667458845,97.05206537336032,356.1082246492363,246.51823970525595,101.92028468620354,284.99298775786383,214.72768538315788,77.23429764442844,264.8248864663693,192.96174702109866,100.66854994805816,105.92842590546064
4,85,0.0,0.0,82.79492495339376,218.57560030622545,173.05850231577838,39.41925166135117,271.5144332902273,290.2016801478299,74.69961956114636,283.2664538046995,178.9183667234755,86.60063468456242,300.15344846909005,236.89579690755525,94.07333350195537,226.5764875153925,151.38340662758213,59.769565234207235,255.20290115000273,247.4495284525857,110.7658833635768,461.7067353889032,274.0177281806706,94.93709105890461,308.0050816507993,256.9472413531131,98.50061761916926,322.51171364748745,189.63898923106487,86.89427774490578,285.5889692187731,244.9459800515221,106.35693936646125,82.29594483591549
4,86,0.0,0.0,70.69564072437132,255.8864125925505,157.35791734243702,40.272867998504324,337.6990440991875,282.548090101803,64.4072584327845,322.9649275466841,198.80234031801382,65.01652011966816,303.81497214811344,251.10107991467376,106.29360865417001,218.02199871512602,117.80590859041423,76.96395331581337,259.3535818750962,231.03670856230468,121.57990662860638,327.96253014247344,243.53240813886447,105.29114432550517,328.917491434867,215.12466372707172,120.66624976326335,320.1759335764571,211.54515102226526,82.62672010106506,280.9509358371074,220.2889066773587,103.91331978749514,90.91933738017603
4,87,0.0,0.0,76.47240084643055,294.86042528392636,172.0605682734605,43.96846955224849,308.35288598333165,203.81611586226978,63.84378539992978,279.83545099538554,221.7190721175799,83.31827751556234,295.4005148194986,255.71642704867196,91.32548161782773,229.29791423536707,137.0779595194156,66.75886677320597,306.49445682635167,155.12578815519763,116.98555924026799,374.1536004945937,203.99408850624468,95.01379202860088,384.81349889872234,206.47596032018103,98.13440436188736,350.40689478752836,214.1630471101608,90.2052459353938,292.0498348140063,189.0408228943562,130.7953421711459,96.50926283252198
4,88,0.0,0.0,67.89106796090387,246.75094585114616,186.07509215000567,38.38143116148152,328.0813251578742,270.70609904391654,63.46345293692314,301.7569277573484,219.20196843010814,79.74379929979708,302.31219659108245,267.48840278959864,117.41732800061924,263.3889689789412,132.6529642936277,61.6047416258213,245.5576868995112,237.59218471624874,106.953315938315,328.1498527007454,217.0380884415977,86.75459319106086,314.4830747818362,238.69007182468644,88.49717623516922,285.8847226832551,232.7576525416386,74.07276567788367,293.3892516655618,206.13511997947901,113.96776165744014,109.58286573366229
4,89,0.0,0.0,79.93695720884737,240.88244802598837,177.14116885378797,44.30791067822302,318.2322099501466,279.9746297921799,63.83289497999516,283.0864760745138,249.12174523795136,80.386209942783,274.2746044761095,208.79536992477753,100.90152385070559,267.7997238556137,145.6696151355995,73.55695824412912,250.1973696727049,209.56529448949163,103.66811973755533,386.4882545996924,246.4141453442427,84.40296181470842,350.91466843733815,268.5890718532993,118.31440457482579,312.8238667817372,172.01758417357746,69.62269473852783,232.1017780446012,172.07409875097025,108.19768452727013,69.1097356966658
4,90,0.0,0.0,86.26495667547125,239.61634320067085,197.22957204266945,41.976637630126014,338.90272767100686,309.42336625808105,66.96924602933981,326.3110527153346,191.63886846537275,80.51567276911753,342.36887139731925,204.38341807482692,97.82964859675249,229.90005981455298,97.98996453310994,66.35613724286299,278.24087815654195,214.7008972171055,114.74634681541332,404.896493403718,270.20185553677834,102.84573293385817,330.1769400639059,236.07704254520357,88.07432080240645,309.7035343726983,199.93554141214497,104.44766971656682,290.70284377223976,246.96775962975212,117.0395987130601,100.51912541652156
4,91,0.0,0.0,73.40581441475072,209.27492110762307,172.15197019054673,39.07531354454592,331.72876633315445,260.60425019518624,74.91506422017589,323.88977723656484,257.70910194887205,69.94246515890515,293.08118515526894,195.62825675253646,111.49810428577285,205.8217477262233,155.73295562688406,64.42623944322496,259.719591243708,193.05679436558168,112.09657511827436,351.8208327522795,188.4734751714962,96.03242262100149,308.6513059403709,268.57112060551077,104.26916310462448,297.46324887004505,218.40167241291536,96.19420274989021,264.9928022062834,191.93125478581118,120.49153237357402,102.69118183478706
4,92,0.0,0.0,78.17473108627054,237.1058335665299,176.5460086432613,38.90283817961161,254.4762202852845,283.10463424351576,70.27164921263467,301.5737756017169,221.5120288846561,78.12330509878588,296.5426238611187,225.06939247610754,108.76216373529515,299.12732445426064,143.39281939948316,72.98188043736518,275.9064429412388,183.21813328055418,102.16028643149228,365.88673598141816,262.05888021351683,101.32928662898676,371.3361868747885,246.98058055320251,119.68977290148517,315.4234154060609,222.2953319362367,90.95933637687466,299.6713265719952,189.7890857653612,111.75970121608408,82.97893219690316
4,93,0.0,0.0,83.30557136720863,216.91247952507814,173.60911424879208,53.12950749776366,322.7859021996784,282.8861814834059,67.10842731316212,298.72417025338217,248.1469671542821,74.55153374294083,344.1574064498127,241.24282851443536,89.1607180363439,258.1409822675831,119.32663167600849,75.19928112104996,277.4963410311989,201.19299061614151,136.12517625678208,419.3813678619669,256.16327583512646,106.15849835109736,435.44308245089275,197.80608700785993,103.66697504918035,352.9324145030365,194.80428640117591,79.50007405142627,306.32880929248716,187.36799189867003,111.05872417005199,93.34050944565206
4,94,0.0,0.0,88.87490813727872,277.0148620521104,159.42798740898886,46.19679679680303,288.074290340543,289.46184411297696,72.65947797579948,244.80988180819529,231.68392784488466,82.10615688539733,286.94588763777057,242.84327824997067,109.41814885826439,246.3461952829463,140.32649924963118,71.51655452204425,284.9030106200173,153.283340063183,117.99981421953771,421.18043523327526,237.12998801810153,80.73670394874927,356.9860590331318,210.93892570906527,101.2461603388403,311.4641660383703,214.03993119641828,91.92785315064819,302.14982818760586,228.92172300909934,103.46668097785651,57.15147847774652
4,95,0.0,0.0,75.3760942243697,233.5042613960541,178.55464317013335,35.41117581005005,296.21145836014495,262.43781497037577,73.00700062033034,269.13901734005464,231.37932674637364,70.48835771361239,290.1147795178913,239.1167551101095,88.25925409738463,233.62310247414595,117.38774998851545,66.27588626691474,248.01550774818054,183.26148638926813,94.06066992058533,405.3251698857227,193.4943201535181,75.9000648692766,293.8114086327363,280.90177359336315,92.2467745807819,285.0228417531955,187.28822143834935,90.28198966125323,324.0607394666762,161.18744961348648,119.38107155584521,101.65764107643042
4,96,0.0,0.0,73.55108186551338,250.4763806302056,150.76713840321366,45.32239183426559,267.7706638646917,306.9650067210862,64.47978845882727,384.5268494232257,195.57196704133995,80.93083297284304,224.91004663233605,228.50391847113755,80.26920826944597,261.47001006487426,155.22575947279597,68.79337537668562,258.30565244332763,197.32138584737234,100.07461182475173,288.9554041210668,229.40061984232068,107.40225691315946,406.5546506643985,214.6251750586741,104.12351128812409,299.27281040783777,198.6618317778074,82.02039901201773,302.3296566333496,220.52955649439807,120.30981680269959,101.63035879168193
4,97,0.0,0.0,73.37353902128488,230.133103796096,173.78024966614834,41.268570332049165,251.1285701966466,283.19841945089706,74.52375723499811,273.0747623297016,202.48849514670346,84.22998638513631,326.04900829152604,209.42870589112792,104.10173650609408,211.0252585361824,108.3560948679033,76.56127746172987,271.5684060891447,209.0975988494134,108.58795894040195,446.80581095488554,281.274436532745,128.5880392545125,337.2937199983895,268.75890558806304,97.98969002024171,312.84307361940523,174.15714807964923,86.09741530560456,286.7240346870651,164.59383533295676,122.17062224728922,123.7456880611356
4,98,0.0,0.0,73.44778367507718,209.822476305981,154.71848600522796,42.41987129093608,325.8517939797481,285.0007435062816,72.18704347827585,313.46976948389215,279.8586607028426,70.7038757347503,298.6030267336006,251.72461911838036,103.56654918973399,225.69945065569698,138.26803710573466,72.16351162750364,233.4706644555033,226.5111214681231,116.1789265526291,354.2038632671371,218.16176475739235,102.41287059602905,358.4430279756296,236.21914737554746,120.40551375221187,279.4225398241259,183.73001687607157,81.14638676134302,283.1546782941556,169.0412799816654,110.58767060419616,103.92048891274752
4,99,0.0,0.0,85.74831010117896,225.76623857853932,150.20178252182646,42.62080061022772,292.547873936425,273.61602712688034,74.69019584617052,296.76829594258425,228.63222072985707,85.04417194308789,323.1313438289011,193.67709479181957,96.53557858949485,212.67564465106193,116.3729452576857,74.47257083200527,323.35594286302535,192.93408732608984,98.73967867883243,378.693762035978,192.28860233855283,89.57913651951164,314.1051287537931,230.54427562840604,89.50571960640895,338.7201288428554,223.3574102573796,83.85924094271824,314.2092057659507,194.77564856502076,114.71992308445088,85.02734502586722
4,100,0.0,0.0,68.70312569213013,287.596120595687,185.38691320267822,35.972754050993146,301.3471865794004,255.8347497940689,74.59112667206766,376.3444937620159,227.362742485468,71.20379314973218,274.61801254211235,218.5868890655674,101.57360091124343,226.5531964992736,136.84615726215787,70.51585172878903,261.26801818805967,224.1550695779879,121.73855570046766,387.10095342714624,206.0254640791108,87.5981408899727,369.24518402493266,232.68637751067197,98.64770910255496,313.58750195176145,225.3762233789682,98.25430753177021,248.36126423869536,153.06482129014253,114.86057686570896,88.92681816209485
4,101,0.0,0.0,78.25956035144426,261.22129559771315,186.31584479154515,37.00624802653201,344.6392613112755,260.3910190959129,64.37999295762359,268.399432959222,205.30153888991742,75.68465850698632,317.2332442741826,210.55474023693367,111.35971198604351,197.50744494881485,116.50995612254444,78.1899343919994,319.49727702323503,189.0219870510916,121.11447125265222,327.77724920764535,233.95809707587392,105.86443833152347,347.1033630014459,218.4354844341084,108.64035247737752,339.5041990692945,188.7698762940881,84.0443402097053,284.51297902436585,164.56802036951152,115.84098520496048,109.35767575411276
4,102,0.0,0.0,75.78654531969993,285.7011742331921,156.82932232032195,39.30711183713808,309.3088414941505,296.2336540969763,70.80640897535987,317.194796543575,256.9978708012558,85.13275034224155,306.9459532391965,244.6593383167085,96.38804751761238,246.5616725240215,132.06236615281733,72.49640398903848,296.48111933147914,169.59365388374883,102.0772349989749,342.5610351434732,285.91623536773136,102.17050483826121,296.09900622192225,252.06180417253194,97.52049408600888,344.0908973125543,223.22293335028647,99.47904251050839,326.0851266058876,178.18750529036865,108.97803914898469,115.09055416969238
4,103,0.0,0.0,76.92294129043512,265.4551676915231,161.47393629550373,41.479418247773275,309.47507708119633,329.0713202357865,74.06262811131332,348.72518391845273,252.6375863439667,82.69673339754387,280.0376902586483,222.56561074139432,97.45075391366969,230.40025268524604,140.1726119982886,61.354014046383135,226.74793821732305,196.16204581396778,119.22554685099298,317.8441575922778,259.4115791843296,103.25881591130806,354.1009871271995,248.9679685065353,82.67758509405562,308.7480439233894,203.49177525345573,86.71823706580156,243.648420473575,174.8149565646459,112.59098691951908,99.08233816406565
4,104,0.0,0.0,83.19947338128978,269.7964098267813,136.10836184136292,54.50931540229123,341.5153977732444,266.4245232204598,71.70086832232566,328.9678401594476,237.32417171193404,76.73305371847236,271.85955888518055,265.25591367879224,110.96151742503932,211.81829382638517,155.4694899911048,65.36183285910015,293.5700980252198,214.68693209976894,109.96789645860856,347.57814794139654,284.48468275354656,98.49457305049255,336.77913191497,215.147764749448,88.6625022602775,262.4890509130059,186.44328990510115,97.32492463959362,302.89302217056485,163.0589688639326,121.49262287729357,71.44563089873932
4,105,0.0,0.0,73.11005017626894,269.8424058039576,183.3555121587478,42.00409168882605,336.51126215869283,291.5459132400339,73.69928274383565,332.2123643443963,272.60273426411294,79.93575218071416,338.5471604748962,194.8859624077573,115.97536479657747,210.39983315356824,151.46674192877845,70.13759350376114,269.9258658890646,185.2466736524267,102.0190592038545,324.39089653267393,248.46858188430983,94.2644395508434,318.7606801168608,259.18341885566997,99.28862565453859,295.0254421052149,211.62563205591078,85.11086793224271,290.30428017135074,161.88317498490102,124.12101671362686,132.5479552640245
4,106,0.0,0.0,79.09351455210498,268.21478171515065,188.79052899307393,47.15477297644323,256.58095390681154,240.56018696505333,64.34383155924064,323.64650589915266,209.56438440684414,69.88635176617251,302.30993106241925,220.03580747869728,98.0804233797534,273.18058991088935,138.38421493855478,54.14638897633305,233.87171187885411,215.35028937276536,126.70859836296701,397.046975109353,265.305842700787,99.87632895884698,390.9750051469624,260.7124584530026,96.17536044703819,295.7863777064754,192.2672491336898,74.20625823784374,310.0125112960909,200.74060678523716,116.64201163112158,113.55865917344175
4,107,0.0,0.0,76.21716735465054,254.50972940631922,172.33815757380674,42.93380820515722,329.3982371176856,222.53100928016107,62.93570437496933,313.5328067958684,259.1871745542265,79.11536559075253,354.5796413824423,233.56278144790977,111.63498091523783,278.1868011286848,142.57182115187211,70.40711596321405,292.1857956941761,211.8918530770462,116.83882447757728,330.58524074813533,241.13587575164513,91.32263582456281,354.16547961756464,252.39879815301995,98.48673614000903,303.9793175526535,237.32885398712867,72.37719553197931,248.99214970119755,182.86415663437108,110.82127378491661,104.0805445066561
4,108,0.0,0.0,70.29760603879703,248.26390602346757,150.320963539029,34.8169544510575,299.4260700496819,253.61639684192008,81.15503860595683,349.05012786020495,222.83682538509754,80.00821264947744,273.6362428383917,216.26447128545544,99.52637910129236,218.19067765907593,153.6886677896594,69.269817904675,288.1996069390412,206.70685796364023,109.54853316218218,334.73683733510376,276.756829729695,110.21861094617589,384.7997060232082,240.64086803923203,96.68090667812436,322.8033950762922,245.94266363935577,81.9632021645201,282.18656788893503,180.0063469519018,98.77601142878328,67.36894237872437
4,109,0.0,0.0,85.98762396510054,267.88532552620745,156.12604407631034,43.05019580991733,314.6934465906076,275.7280205842133,70.9926435967289,294.0383377429285,233.00969121174552,74.46742368758926,312.54180787697356,219.93099320651396,99.39991368401776,264.4525600603887,162.52024122193637,75.93420382583051,298.1444690732249,187.42291985457305,130.38832555617103,427.09237256035624,293.4327995670502,93.09442990174195,294.7698779697216,217.79141133106504,104.47593834415268,310.50443628871045,180.84353646000582,78.74148925739375,279.30460375530225,174.73768102813779,125.12288011465873,101.40681282234847
4,110,0.0,0.0,71.04455684905922,283.0431786578218,157.89144700660955,38.62802324029741,339.99595825673504,251.88504334125113,70.69815582885941,313.087069584478,186.64251290046963,63.742665072428444,307.1237904448409,225.5618333517359,109.22663916867008,259.29400222017273,134.11370083885927,62.67694396965082,290.2824345890679,215.11585633257258,107.19110257262679,385.13997570624787,255.79438958074985,91.29271156035642,349.35273622677704,221.16064449051672,89.99053083511474,288.3992417756258,181.23570431745227,85.69978634601935,283.46524595635793,187.42110180763575,111.51668426347496,87.53311164644126
4,111,0.0,0.0,86.65896284046816,267.22924568396485,142.54881416110598,40.93502162036123,294.84844771386935,284.919899834644,74.76499944568722,320.113512217906,208.25781435311688,78.48720104057884,324.5588429478791,220.29341733090405,108.40661864358242,201.91103121436103,131.7827765245902,62.72452103139998,291.41201138415926,180.83737217453623,100.32283397403287,345.16919526179896,219.4345246857829,103.30250672168464,370.01776020878475,224.78715548129685,113.58825813772621,295.17715806610465,210.73767974127816,91.96838583744452,303.4436458608618,204.10651530546502,111.57065509109265,131.39273421884457
4,112,0.0,0.0,74.04190442457798,241.0822300319458,184.3925041395992,44.61695044784572,267.9280855717669,243.3664747948723,65.13831170017991,267.11832700556977,214.51468700633336,76.56208610409146,315.9956345890506,237.8111467319698,103.77784797524215,225.93184202776155,125.3668289815993,81.5161730687827,291.7297729115221,192.99810133523047,127.47413757946417,350.22239898219834,226.3699482496914,86.95532546069524,351.5313954897873,256.37736825048245,111.34607683636426,308.5103515288512,254.6814518682583,89.58662649116077,299.34199099908335,200.65959015535893,113.273600896412,94.18542012535663
4,113,0.0,0.0,72.58720326322076,251.83860806438588,166.5127886778373,49.19896756325378,281.9717918563466,267.29610607787316,78.3372133276334,270.8669131627976,219.0249460885091,69.47904760994555,302.89444880216485,179.3055930434407,93.41311367686039,244.96521900464535,131.93911684969285,74.41320299115849,280.771867772081,221.34848702744415,108.15403163709583,338.34902559255113,234.84194503478966,103.27415161563692,316.81607341664176,285.43926419726347,96.43336110983424,334.4912896621392,263.4333608689782,82.46298295441275,276.78845168155397,202.49448104912418,93.60597431927621,121.30259874512062
4,114,0.0,0.0,73.43943096500516,217.22924398667138,173.37529491024486,45.450797386409945,377.45242719435146,279.087962258152,73.86049614985438,327.11492983997806,215.30585757814586,81.72517749934403,321.46028598546053,240.3369918983011,89.46416663017493,275.00751778794006,131.43253482927813,75.7263370909116,239.16973194523624,236.98474228967495,119.21780784751849,336.0489034360829,290.3435063735744,92.85903792651982,382.9445786202134,248.59015644104272,88.61920881802628,334.6634722489175,203.94178128893523,49.96486811636705,269.46397356574295,190.05614372619274,115.98151497022612,80.82283048027378
4,115,0.0,0.0,72.10010560616341,243.77887531860787,152.27601360768014,47.60315408840219,272.0739624925281,334.82806153706423,65.60617484499987,311.79933298739076,272.7520457893018,68.03640467779967,324.2900462127809,273.68328082911205,93.99247941713335,235.87178700430215,117.10367816983565,76.63691082845529,285.94701650737113,183.61931881757727,101.5398678064463,311.1828559815678,245.00119124572393,111.62025299035885,382.75032384151643,243.87141850362718,115.09486468744589,282.62124724016826,217.17825776461657,95.30506612294786,252.86875670600563,199.8285424739673,130.67193477765244,92.77492810119156
4,116,0.0,0.0,72.84032062936872,257.99570133300665,145.85141293164202,51.94591635172354,303.67939022544704,240.785298084337,57.838136604517715,298.6827060816759,226.34668625280625,65.92098003954479,324.4133697271729,221.13796671210966,92.39729388112985,226.54444432964294,117.41961927637746,78.87791746598944,306.9158595701296,210.44786385353737,114.54261975771773,380.3643890305178,228.6867826234679,102.44209311292792,393.15830521982645,238.92030787342492,95.77634363623898,293.9266421503289,201.95923340053412,86.55182943281497,268.845243086981,167.00141042208688,120.27807747542192,92.96796107329752
4,117,0.0,0.0,71.51353722555704,225.91259904241645,164.89756998141365,40.4196224111567,294.2827873473557,246.77264227555216,69.08679745556938,288.2189351919585,226.0752347049102,92.02876324246938,275.3386447503236,235.9306005808339,89.06293988024744,271.7084938831413,128.26358909744425,73.91717219489246,262.22375584079333,203.75877890352808,129.89526601191366,358.09507889807105,241.33617675142762,108.7107532900386,301.08837933878397,237.14928583963686,105.14665254090991,325.397808324357,184.79748540311516,99.19779461144682,285.433289795029,179.17918568093776,122.87415406998055,98.10293385006824
4,118,0.0,0.0,79.98538450316799,217.16580351650606,160.2161331365048,55.25341073309205,319.2943179489234,258.81731523610944,57.05191052382025,288.77666405302887,200.10776620110062,79.77826898910592,275.97801524036214,215.99940961521403,111.89219716947841,232.53219212221245,146.6665274919238,70.4459382312436,276.93704703931064,158.06749528783547,98.01704373138881,337.11790342548665,223.17970555160423,84.69047851691886,295.2340079470219,220.38788044990025,92.11309278111385,346.5375908591087,235.68891340025777,84.53672987384698,245.43647485436918,202.73139929728893,126.22271125171923,130.1993734934101
4,119,0.0,0.0,77.92480965372641,200.82440605088263,155.57540324899418,42.36769470876892,300.01926806407016,315.1383688922026,60.59366909179576,334.93889064546875,204.42683586090396,73.02101306426306,306.95308170205567,249.38267427154705,92.18348372912428,240.66530511176518,102.5544741865189,80.57117547671898,268.9196184784788,197.6441313693496,99.05898317893177,381.9497751244057,253.1023743577107,88.35490941983825,367.1844049778678,258.98132347352396,102.93458634705335,318.4342803397426,208.35656085668137,85.57502367321601,324.20402759247116,209.2095343975406,108.62333036247307,114.05842134777636
4,120,0.0,0.0,83.3548275342991,278.73295781703223,164.96856355361788,45.661574660802316,296.8180553623606,319.3097426085685,70.90223372714372,345.3269599523669,204.54318214060592,73.71822168436934,263.6979412680287,250.51552963020953,105.06810730264272,234.43473575858312,138.4457589451439,74.21859011473543,247.89372327707113,205.09017789163312,124.0550662215341,316.60799464841864,236.0889340115693,93.76547841040775,346.6091444932878,251.40813845517457,106.1810945583839,302.9818980245382,204.34954579785642,88.82401574760517,300.5809018551803,197.960246266003,113.2868728323451,97.88430877109195
4,121,0.0,0.0,75.68819733659676,217.30499160669336,169.75505710217203,40.39451076407737,331.2594104339077,265.1813233365212,65.31418399532251,320.58068901996324,257.7228063341589,72.11812215305748,274.42005913976084,261.02572306226176,89.57968098851171,204.90401348587437,134.85491741882467,66.52213280422679,296.59451041777106,191.50796441132138,104.29257499102451,363.8035513974365,237.87109086590672,107.85970912951127,344.1620168776497,287.4932250256614,87.82323348048197,309.39336709585706,184.53365394131492,100.76740589688791,290.48797411666146,198.88765722693662,117.83376009598105,104.3578828997743
4,122,0.0,0.0,77.66263748838459,252.55542605870656,150.2065438901824,45.516919182240315,302.2134634815345,283.73577687820995,74.86789424476099,324.5116410228865,272.86645566737724,75.57187981687109,322.6698462789456,245.48643232640063,106.11397936924223,228.6377495004898,136.44593353792183,77.15342060680952,249.08588929823588,237.86672653512358,134.23254667934017,403.28473114361077,238.93123109434734,103.81313298552779,387.70248335346355,252.42916197882164,98.08051150013048,295.8963260642835,253.5806967430039,81.67947672065284,278.6071743797854,177.41597802321783,89.66927250898209,108.92391369109326
4,123,0.0,0.0,79.12293091827333,232.01339140692124,169.8182920252865,48.3476535340524,345.62484358056616,272.8813155011326,66.22034464860783,265.2517933798926,265.5378002907973,78.60116281314104,309.25670067134894,246.45400771835023,115.44583740793087,221.33479324005896,131.6320071039152,63.2999687598048,276.36800737758296,222.58654401126404,96.17189314970207,357.07326121345034,256.813308669645,95.15626092213408,350.28742821784977,222.9718870322945,106.8987920924787,288.07196605452646,185.03271146352216,83.3317741956086,288.71241288421623,205.687023487195,106.8636644707559,105.83062410819669
4,124,0.0,0.0,66.6110437272085,253.77468541813022,167.65652012951338,43.900131818311245,287.04849828739196,314.5951371576052,69.26006633946136,275.70637351410545,262.5734729533278,75.43889605884323,270.68521596648634,240.90469270066032,96.85228178619035,190.27930864707537,145.67443800946097,69.61388167617366,306.84290676087335,148.8282264273059,105.14370703928415,349.23177735907353,265.0215327646485,92.44421471001648,433.99991096094254,236.64225187059017,102.74703398660296,300.2195564654094,189.51995753639468,90.17040086225235,245.65384799311227,196.14216940517244,128.35317012014178,112.95719299748625
4,125,0.0,0.0,85.36918105560403,272.29413147810334,169.57264288193218,41.24070823436067,310.24665472148365,310.44819773839953,75.42794043496488,274.0614354669633,265.0988734360954,76.60510702676592,327.8547090157877,222.8170763157163,96.12564628127716,215.37629645926833,125.0652300496144,77.36788815936461,285.2117353538613,194.06696822764079,98.95813649165999,403.5101776528597,235.55411570906043,97.07598480506076,379.9865378106018,213.40489321444105,128.5385001615748,322.71752091197493,181.0248707131256,91.18562238137815,293.2763987048568,216.792605150511,105.29957998137817,95.78359883980504
4,126,0.0,0.0,79.24677146735839,264.7665080535071,165.64450992265824,42.25866337312571,348.6555836513922,290.8329463233348,59.22509135551385,279.11490731795107,242.6049796138022,66.51483797537963,316.0477626767054,252.98269864987049,101.33739810288601,193.61900609172648,120.95027189595818,70.43643153624474,274.4980516003165,204.65645228715186,91.69332998158568,331.51460535234986,309.3293357938045,105.43310270226605,355.3193876780749,276.70950199939836,112.87114204037307,321.2852098729278,198.78962815394092,89.06030137547152,258.945177810572,242.7079485369639,107.96302907493802,100.75778370999546
4,127,0.0,0.0,63.41764173963536,226.17004416898703,164.2401836971247,48.235601716075465,307.92416299332746,300.5206616990712,63.265711535245025,341.33051135921454,194.39629296496764,86.64409295067432,249.04149007704578,208.45609341942972,105.16709535341266,243.69010281528497,124.23577634594668,72.66791780791756,234.45302892814257,252.78018234838524,101.70678930459124,305.5492226271403,270.6059219942518,116.4455283801528,318.6994802598198,235.85446330638473,96.15012380690138,232.8407964253861,218.05490286755355,94.84526346246071,302.6700082066777,188.9700795986129,128.61543900233113,114.35478138444799
4,128,0.0,0.0,75.30080640137533,230.97688522186934,156.06483858914632,40.041601853198294,310.13376168917523,240.10277983053118,64.60964981272258,228.61545246834223,250.91864415859973,72.89939621308918,284.5187483203864,214.162773828478,104.90919074082329,271.7419898455605,120.3850523947233,69.58505770528704,331.2103980507434,227.3103978412987,102.20166450328823,362.2025488113403,234.36306908891282,99.35620124097228,311.8404208118566,238.19927558105078,117.57229236843347,298.5093822238867,223.67392358211416,83.96784978911025,250.6341991952057,171.3881405220348,97.77498808247393,69.46216724583617
4,129,0.0,0.0,83.31958735415834,231.85484435779662,195.38112671007752,39.451660656664174,317.56342712294395,282.77927058604337,66.40388917238212,314.65552302434605,216.12725062619901,69.4083239785866,283.56885892289995,217.13115346601845,98.62567012668126,197.80116411102713,144.68598271786502,70.1556767186434,277.70316560436453,199.0822951527129,120.85268199378177,350.49558184968436,239.61506332324188,89.09406952590899,323.2122363637229,198.51114843443833,125.00380517703525,340.3228603202149,199.72568284103934,81.03532978876376,291.9552417590759,213.74650960385108,119.60368860462093,98.30112394042084
4,130,0.0,0.0,71.4420312390606,221.5103884493144,179.81801967385871,42.179771498272444,288.7032403072509,249.27695357683595,60.079453082212545,267.83971700445375,250.46623996448687,77.30867372923242,340.40612337280913,225.63171201087889,106.71265314139843,201.05315141333793,130.80480611075365,69.6083402972428,331.08076003169117,177.1747621737432,111.2332713114191,383.7766225211919,294.0992806464275,109.17975314826697,294.94869901577175,291.94892930446105,94.13497760271132,328.75097598561496,198.79381374535018,81.68542257297639,294.2932106826113,206.7416519017528,124.83119548581013,112.11889278244173
4,131,0.0,0.0,90.14742547277267,243.20506746688105,193.9017800109421,45.201693001722376,292.0456294507056,233.3392604935323,67.2950923446158,322.65024801353263,273.1279276470768,76.83811586092365,332.75464808058047,203.74793808650531,99.53217538324796,254.85287016645174,159.9940293852921,75.83673936967796,268.30708990147866,195.9555884324307,108.93552672220416,411.1811043698681,241.38171559630558,91.5649092434117,318.3324014167286,273.9668132098757,105.33621388984307,320.41147744704523,239.71367657873225,86.81032720964832,300.6884081998521,179.97372423138953,118.1634552320818,110.8870616868587
4,132,0.0,0.0,68.74268904826565,235.61126115654628,201.13427612530757,46.244402086406154,309.9238827206992,277.00922190687993,69.62161171176808,294.245141032096,273.99679327821116,71.28690289692783,315.312846926553,237.28280301308047,117.52557783609134,208.5831653942803,137.028682159999,64.100345606715,295.02063073297137,216.4333391771309,106.74992449292212,408.36590802081287,222.07282390343303,100.12189702916821,422.6453237363567,262.0510411189197,84.93153848804043,244.23333415375765,217.30244974943682,92.636157151783,280.85314442344617,217.12188174925936,105.11198543864863,100.74684064354588
4,133,0.0,0.0,88.42952303544878,237.02828562198619,179.9635817561525,48.571199264182376,280.54979211513796,249.35496257815302,80.08611299483132,282.8764253703481,226.84094930036332,77.4792902642673,301.199868161291,220.23459999270798,96.33209632814388,241.5393565555644,137.4380979618717,67.29026566528931,272.7694922385474,199.6868830554851,101.11944132505968,363.2291139750111,208.81376011610948,89.66362595412348,376.2480063509189,265.05998536416934,105.42681164801363,327.0623742530757,217.2688411674095,87.85267872415037,308.44471793390574,205.8955744305682,103.82805314773155,108.11285200240633
4,134,0.0,0.0,85.05923993080134,264.7990759867073,163.28499361332598,50.15052410328058,294.23859897371847,280.18030447668167,74.62816758440188,329.7564199496727,262.34104428203847,76.94880188352596,310.7700537059711,248.12844128116703,108.15836736865585,199.20286619213545,130.85519286963265,74.15564484111636,219.77802000291427,166.60634611054746,100.26759167729018,345.9078779961963,242.95157235922093,103.97781251665073,377.0423841127033,193.19675489913544,95.03825806726556,303.1137390144567,201.44581910585245,89.41186956185737,276.1493414118899,191.86106155765296,113.82564555327563,114.11077472636637
4,135,0.0,0.0,70.31245087375585,232.588260075746,149.58530335217216,46.256376590739855,273.3685449860992,302.6289608173163,68.89260213369438,330.2888029376273,243.19410049377842,88.30531838336181,284.98302580989485,225.94346769335573,107.25230423955526,232.17649214743997,145.25192085505196,64.99891863931228,260.9263937087074,180.4085275141569,106.36245947597112,373.577473263555,222.58754620780553,114.11669330615584,306.5136574135472,303.1252954419511,94.8017794689546,273.64329687658386,223.07425284541804,98.24619591595064,309.7340364095817,179.71836342896185,102.27348178147291,61.96361670552329
4,136,0.0,0.0,78.56810265338656,284.9115942845784,158.89613216443806,41.395770974185936,310.7489129285852,213.14185037798867,73.60819795891054,320.8834339961633,212.8919158767216,73.01085447424121,285.71178406545664,244.00658097353644,106.89677454865749,222.37302067247893,145.60441028945456,75.7558536506316,279.22683475748096,194.47605409975304,122.45103482204277,349.1260067786278,269.874678316371,103.18785660924456,324.7874399876816,304.3452463250547,110.72550349284327,293.9644102321307,202.68101070936416,77.03164883963683,337.24183985012826,171.9153403117355,130.93541735965397,91.44080754906378
4,137,0.0,0.0,78.29555881118776,244.900341289449,164.4449857530671,42.844824646635224,303.09031059288094,337.5750430095938,73.43373918093829,300.33999099985067,243.83844303405297,71.16049382356184,329.8934198684367,226.47333083466074,116.3596768901927,211.8688418505506,129.21007497287363,73.94738019151843,239.50247763546326,218.66927130968864,116.40020955313952,371.24821608905097,242.34294230991915,99.14797659337319,332.523063871199,224.1343976714836,110.55176153198349,322.17643486745106,171.10468598687874,84.7686702197942,251.4411984710517,189.84055899146097,102.9143133217915,78.63398034160713
4,138,0.0,0.0,60.53449579732938,256.2572257308375,190.81502688851282,45.334692423885684,273.8261685242546,282.5002985341839,75.950981267237,267.55285396446163,213.98325483506324,65.75940222380014,334.17222188526415,176.81114090473926,99.26235384599059,243.82906892496842,154.63408731355548,66.52725125109225,290.15438754377055,188.90396422785278,105.71205564926777,426.9697328180298,248.25074791925988,110.4852761106494,358.8742198869412,260.90028457969345,101.25885004627479,347.52068510390916,209.08374351409745,94.22054861412471,259.12135074535735,175.16672244567235,116.35606508118305,120.67194002927049
4,139,0.0,0.0,78.67621904858949,259.48466106465713,160.56189037949048,41.07986250877732,341.15616050238214,294.83631746617755,66.58075320411693,239.92818185501892,240.57006045405006,87.01753226529391,322.04174217068646,214.87402764674295,120.94683025972375,213.82047894203419,122.74427209769834,69.39414255339561,246.6964885160799,222.40666360548664,123.20912603654756,382.7091228259975,262.99143834872586,113.47634873611777,272.5444743088497,245.509051774741,93.51524537353006,327.15617325815185,179.80681978681636,74.98478185342736,291.23712820959173,197.38167100397482,125.37646446781051,101.52073745182783
4,140,0.0,0.0,84.67630993467066,212.7108773528438,188.0132816026211,45.792921435759105,261.1895610018299,275.5620178040546,49.753524018939885,291.2349016102763,228.254683658371,83.84297908734062,376.05810637015446,254.07547687637586,99.51738418101857,224.54455359332493,128.05800169616407,67.15200124994666,270.29230296356207,189.88406029530367,106.93936004048798,407.6731794410299,235.40730940830863,106.95090167792084,384.61046888972527,239.80171176272393,100.33855791224153,318.4812919254247,224.72690540270577,87.91448275385545,247.41878100536496,197.71042966480118,143.10855240613293,64.45269505543163
4,141,0.0,0.0,67.13806877507024,239.78266000662586,158.21090297142598,44.316380101051365,347.68794668841144,254.55621195387369,65.96482629345952,299.05620129934636,266.9001149932438,72.55873057918826,280.84186742926113,230.44597122009841,88.00103268854164,240.6673141742912,155.67407784541678,75.7866776794174,312.1498934167364,194.13326368332088,117.59348636821967,366.108541459313,244.8820088638965,101.19895241615114,327.45323960404806,231.62609808128974,93.61472330885327,272.96143653050245,218.43166627982373,80.99690453639613,307.07729099809876,162.71918791565162,109.10117831218949,93.63137707001908
4,142,0.0,0.0,78.26083845823968,249.62879897443216,178.55930187343833,36.732224708480686,326.19391731437923,249.61319171802273,65.28142996749285,329.6327301362263,202.10885014398093,74.84877377342053,313.9478181397932,227.18541670827005,104.14170027082359,273.1174013435261,124.98791603975629,65.02125996800582,251.89378755571772,233.1889150025232,96.94966911984778,367.4620918094625,268.78308104169935,89.57841947181447,353.5459270522165,278.59713131164074,107.80279334151211,271.81138031358967,228.13373760744642,86.38966702131847,269.83798251586865,192.89589850444275,114.15020904289732,65.4266863562537
4,143,0.0,0.0,72.95238741387236,237.92978212801478,169.50638010542346,41.05026017221937,271.16799331967627,306.2229462235815,82.813807552864,369.5760658539715,259.36619598246676,81.94503640733409,298.0923829381641,217.94928635271694,90.77753120703585,237.55210466656757,144.86484243190878,58.23371241550307,265.6228745887508,202.92242760343615,129.09449403305044,390.8595734115143,256.023391871908,83.07024645927939,300.3609650896266,242.06510040725558,84.72706653347163,325.0006532540259,201.30999050172053,99.01453427517255,306.66225557272776,195.3833919870531,99.76285793685429,104.00929947366588
4,144,0.0,0.0,75.75192802389056,260.30096099830445,181.4262257418491,41.482159179933696,315.6887146224666,294.4791103825448,70.27250012668918,320.5781181765091,251.7484411807227,80.2726378523189,289.53029383962235,221.60198203243678,107.10032317957393,240.44273040288712,126.87824003841024,80.93492927869731,290.8233362279257,162.74972467590072,110.61010089911044,300.23910960899747,227.54631739706937,94.79021712198293,291.5577924077894,245.70330125742757,94.48120916533236,295.0437734064292,210.75810150558559,81.74102114150915,284.6639854913483,208.8152886449713,108.05822156080403,110.74053043380295
4,145,0.0,0.0,76.09230328584621,230.4711486175112,156.59520266515676,40.1652725500096,318.9209012367889,275.69408354196645,73.39990530079525,307.2261866400195,235.58655418433395,83.16820178406755,277.80847833425685,248.1495189724413,102.33028822022092,248.89170210155746,141.61250279602714,71.90245315155376,267.44384442921404,165.69909231805585,124.37514658833825,391.02607863416534,262.8186843125844,106.30644808532419,330.90980970682165,227.14090006774057,108.77032336125231,328.9414669486033,227.78335736041072,80.88646579609018,278.7683627508358,209.38650270845793,123.24023646071171,107.24399352083898
4,146,0.0,0.0,77.64373010546143,249.7213905758059,168.59487811121994,48.337710651338085,278.10801037011066,270.7503518308892,72.45939085793937,292.4696662913614,237.25228973584996,62.02869963994665,323.7734612376048,251.9879891849524,99.24837840855521,225.8097740386652,155.29227959676663,65.34911236422056,249.73441562556425,187.64526906316598,142.8567780835595,361.1475618604254,259.6304677769462,96.79517973011119,386.4642489736693,227.24923221287054,118.98378730959668,316.13654930494863,197.9070685430651,99.89599363092249,222.62941686579563,170.5619962445306,94.70101560842207,99.0493417000449
4,147,0.0,0.0,76.14870617068435,275.21022329040255,160.5192037273093,45.59015070947035,322.496634015641,299.30115836989876,63.49545846537872,241.81020580132457,222.76403554682977,86.6600037962927,326.0297424666669,240.8836978779389,102.25024010649888,239.48507500924265,143.4257225037037,66.38216965339289,277.3180035635759,223.08105391927742,109.86870123236636,370.8627167907751,244.44064227074213,92.00233634749668,341.04323397343114,267.0696172957558,107.62879199643085,385.0872273296951,209.70911065236305,88.24945720421552,261.49873661436646,196.8957514738179,119.10825819293045,125.90811158085538
4,148,0.0,0.0,68.98523966906654,229.21813240623425,206.72844992699905,46.673503714426325,311.9353270276951,253.1106704602521,79.3987218157005,318.4011783920106,234.5130315990192,69.65681106978602,276.1758331879548,233.0687621895127,102.92008816522997,261.0156069677864,97.80124081616194,84.37072496087518,274.99027354063503,196.67007669431112,114.57724921405668,307.71429012415456,245.68341653383365,96.38179275681567,334.00041413682396,265.4834338910838,91.5851846917106,332.59940972211086,205.26803191798894,84.31884805358243,261.5818214640215,192.38656068285434,125.74684367118702,88.46366329674966
4,149,0.0,0.0,81.8660921825854,243.00267876654726,161.83621734379238,41.466756495566734,309.5085471598786,258.1848536316128,78.79064943813783,314.0122244439612,251.15119667446172,82.16653195178246,294.0134496195562,231.20999122824446,97.99732695227054,239.63797975242372,148.112518726207,58.403729066343644,281.7788049099964,214.8181670594058,111.51494003828132,316.3920582780875,273.9542889918536,98.95028527092634,332.8223846945585,228.53375379286018,96.87821094942007,270.49495814716965,194.57131652307754,87.22781326291003,268.19259933665074,160.3795038012274,108.840546048286,74.2974535691392
4,150,0.0,0.0,72.48467324309125,274.36164041440384,166.75264882208202,44.36111819357305,271.06460365210546,307.6740017383743,72.95293276153811,342.7347572970437,206.763578028971,78.78987914860276,319.5356520707861,233.88401294410426,119.94701789198999,190.85680894442226,122.7771295457298,62.44629620130793,274.54116199921054,215.25778669634104,126.65093236081842,368.1008866388668,254.25194838009355,81.68250806159156,333.19419844639987,243.81038869821154,80.28855804975255,293.6755408836072,239.48197779288878,91.17197711462033,270.0753820468049,175.08972798033284,123.49223073916687,122.9113993200046
4,151,0.0,0.0,75.53106959359802,246.316402454412,182.56824458277637,36.019259905287875,282.27453056064587,288.18534683149534,68.99581706819714,307.5480476958228,249.7448304390714,73.55185072724468,309.5285439305485,222.51724881743021,109.1594230150547,169.12864512960195,140.4963885364097,65.58039323063798,243.92804472970897,211.64954476362166,112.13295363903107,354.0868375474095,265.8798238096947,103.14113642689637,336.48895902708045,259.41525996101853,101.9791116642439,326.0319055728405,192.58868168327152,88.93684578857571,291.16318823359745,198.1472491630078,127.96224846774874,105.76050638559309
4,152,0.0,0.0,76.6230888319065,212.11302642546588,164.41234945593615,43.562713292103226,304.8236870573059,272.48611931690283,69.95571199219405,297.1343889346351,231.18391526337464,70.91875224047273,309.50292877857066,266.55542751942187,95.36222271702677,238.060307808458,128.26534035150587,66.72028714844498,273.8186354838609,184.33978190423875,111.46150152362185,365.2402750645668,234.6427182156307,122.92661781273591,361.6987844318407,231.03404544449802,100.86699785945187,289.8015466912951,231.6558136594335,76.42862470714444,291.8626213322826,172.20067798788835,115.34425881228138,104.7509335294602
4,153,0.0,0.0,79.18396967647242,237.9944329085868,195.05511642158962,42.668005235556926,265.37499813972363,293.27461805468016,65.09596277674605,318.2003505906556,229.467178979278,72.67931994985162,252.45976341371937,202.57119235368654,109.0089246732215,200.78232624837815,157.58231359092076,73.9667937637298,275.3128269411229,210.14054987539302,103.40674562285398,425.9120097641526,272.8179098766801,92.91423053050416,322.97473264036347,252.63632023971735,88.08511072518745,337.87793367875656,169.3315959372943,88.6087017598196,295.6944225893147,188.83307506809402,107.23277525858119,112.21300766089732
4,154,0.0,0.0,70.9075176900229,207.80603553487273,169.19238779164917,41.05935956455151,354.4342673468547,230.66262930991851,63.67832916150418,298.02990779001004,221.36421341047125,76.92206223109288,323.1095127332896,249.27208259281713,99.16694405305984,250.087567818421,145.17784079573715,70.06902147629422,259.8051853100013,191.48000839263537,108.9583093541484,326.7919856555029,252.8352496512534,104.43982971559647,366.3371297765455,253.35338748339535,100.8434375488232,342.0635239372474,224.88701743615948,88.70579427022149,298.24087632135974,180.59758975829408,105.32062823266547,91.8631982196181
4,155,0.0,0.0,77.24309417840013,235.6183452493354,159.8045001059488,42.48972367827449,255.80415236049163,266.97110826300013,61.36148421340957,345.1180678866486,249.10886487913672,68.95785757483655,295.1011101559146,218.43104174437374,112.82383693739206,230.13084759194226,121.17756292396079,69.86157769506896,268.8587993232605,157.22689591792124,114.04171861590972,386.6849929069247,227.47010111820762,86.52058962218204,345.07726649786053,216.13376640388736,98.29410601061122,335.84409990051654,181.16213446958824,88.30848007065154,296.9432510562143,157.83224906303207,124.77947685005518,147.97013634839914
4,156,0.0,0.0,83.48313214931392,209.42156088656992,159.95097773439886,52.987340737386766,322.6095792058308,321.2712972825745,60.385524829488766,233.32576787092228,216.82864045874345,95.29715892928378,307.1423039390162,270.34834495686147,112.41122324075737,254.57071988328224,137.36523276062496,64.14081249750589,292.906694244896,137.5622594937832,101.4863320318169,372.5560098472112,270.4848079112039,103.75758157355362,353.9728179344169,237.86181656486875,99.62787465808533,327.0520469851345,186.51498966104575,92.13169980952819,329.1420250140894,208.12237602932154,102.12837130207835,74.99913544687377
4,157,0.0,0.0,69.14476907212146,244.00444694886292,174.56682336572783,46.151768483407174,210.5193327667858,246.86840673961245,68.10106341036304,296.93482779556314,248.20164122618485,65.94761203285302,302.16252918971406,239.355492925946,109.01146303618273,270.7568956121126,119.76010380707086,66.89375946484684,240.98225004671195,167.76737746981937,106.41278722545091,376.5041299813461,255.56892535538688,104.89885659556182,386.5655617265081,285.2548880341682,114.80029534876657,299.161931855956,223.4531430402845,89.38273461756276,332.9290671571174,186.61877967816017,104.49608303668398,106.0649642759004
4,158,0.0,0.0,69.24130661970567,245.4590495355952,180.60718902749537,41.7413027199566,311.65947733365294,299.7658857016763,87.38107031273694,319.7968145883402,239.02419328946067,78.51070512921486,300.6867511803443,220.19624596345173,112.80996990126106,238.16441297182732,140.96772837140063,70.28811861846893,237.21911166098988,181.41773639912824,126.39855423252608,285.37028105875856,273.42578627236725,102.40935715728791,388.03359991873907,243.60995434096014,111.94298997764434,308.8916345242978,204.18557255968585,80.81439980159308,269.1868513917797,238.16203137967898,118.57009018819492,81.03212208712017
4,159,0.0,0.0,62.18959837385721,231.059457402565,178.95258605211598,42.02197541204423,312.7868157166435,266.9241891583195,74.62872830538241,357.4834815760408,248.36763188573644,81.43517868995711,291.58009045318676,255.08785217988975,103.16836265651555,249.5127326179061,149.25054004032683,69.76970370154379,274.9530922986544,187.49391018836278,120.26118726869947,336.8664687372347,261.4706273086132,95.34390671287626,356.78450054417675,249.18949098915573,105.98155681426466,372.7878163990161,211.62135674588058,90.92226392642581,287.6766517729947,189.86793328924864,115.28210952062098,94.60449971285065
4,160,0.0,0.0,72.66258371539219,275.6633179804264,204.52591545388213,48.5649807254451,291.12798250259976,273.2268332241208,60.97812988488629,318.6088355842442,222.73843798203376,80.91049846129084,310.8331032337719,199.0895251502215,110.07223010734539,219.2883340341017,153.02966697698713,68.84457588870508,261.87138853720813,215.027564303441,119.07247034365922,402.60978779394185,216.44093788199984,94.97628370596553,319.9697245763812,226.7712499807884,95.09346145729327,265.4544704273367,213.809612559706,88.29180372880593,323.75943191026226,186.5136817648203,104.06811115966157,112.6838625810856
4,161,0.0,0.0,77.09344835334767,282.9416281319688,181.6707863182299,42.218736461232346,329.4977297925518,249.35458910237537,81.76333172008906,310.23632006471865,273.50365393676066,78.26476322361448,295.16196827100765,234.13894437863448,91.17456797945745,250.8885172394825,122.76104527057976,65.80859843167809,235.6757204783225,219.76256595049088,123.3768736598497,388.48279035195816,250.46631240870937,99.58801491239741,328.3008248508734,227.55129657902023,103.81276223804164,301.71790450928046,241.36789960190654,93.90087274753613,248.11822441467655,196.08399450778307,114.36349522998017,112.60928128489829
4,162,0.0,0.0,79.12483686367196,261.0395331015948,151.82464288108207,46.638706708054535,342.35474696508817,325.19259972996315,75.8587491547673,328.88302534614195,210.36272679425502,67.80855290572492,299.82482884795706,235.70375544194005,114.93483469921249,244.4705490466028,151.47109565324797,68.2507217394458,277.14622818842776,189.28764596386347,111.97396341241023,412.78153371739694,254.41049844256906,96.77953250955927,317.73991063493867,249.91776869371301,116.20013834595277,288.4443214669101,195.11080367201683,97.11252553203744,275.8906753868856,238.82209636697013,124.23452327744728,88.04519053564769
4,163,0.0,0.0,83.69438025215221,270.338093108619,157.51938035311224,43.674446331723225,258.3356733321007,228.67929061510168,72.24466798272717,287.7267118929631,218.86268051905233,68.59170403040986,298.33227952980684,227.67148558079495,111.60906823267666,229.35256904849518,126.48063900403605,76.28915716821825,267.87207821250445,228.45063196584678,132.31096950294494,348.5621815482348,197.43881814270873,99.29334013054444,377.6506013821664,233.82853414589547,113.90273512633176,373.1108512784056,200.55711269410733,84.45767380978606,260.47619665866216,225.42003308019184,112.6643295878131,89.45989637616006
4,164,0.0,0.0,77.49709663301331,250.72695145478409,178.40746133204945,44.89188969498762,292.0846140639067,237.9887670182631,69.7116715635634,311.80731865730934,218.77831893208986,72.81050081670467,330.5777092855326,215.85432424502687,103.9031472805253,257.2960311262924,116.26875571650203,73.03263249895312,261.47475017108883,205.3520907729531,120.85530583063483,349.6148373174171,244.18428484341018,98.57799915211824,376.0425877932827,200.8989203312831,125.23619421735705,303.63677558428714,238.42227548942574,85.71373126022023,279.0229421691439,204.2216818270875,110.39042268045404,118.61545549505118
4,165,0.0,0.0,89.88354562483553,271.90134569885856,177.5545594894517,38.009906290748305,323.6291017527501,281.63736378848637,71.65456003305316,323.9431558239369,250.93280237120945,76.08992991471094,349.98879514744294,248.74528661699276,99.49103731049426,248.8225058965788,142.8052896130564,74.05548660236671,275.38358093191954,186.13209141464782,120.30629780883442,388.5716342770585,271.4421580194051,105.0071334497859,354.7174825596806,205.2692107499278,107.52239931601291,276.87821814410574,229.93387560615446,86.25048930298566,336.44898516623056,215.8194803594102,108.38837895087626,64.84645031252504
4,166,0.0,0.0,72.87957598807506,273.1533409374321,185.57240661768304,41.4297481638243,301.5788299792101,269.41614665795925,73.31565720660701,282.38882235174214,231.8525605718216,80.67020423801225,349.78519091944395,226.60423004843125,116.27642623052603,224.08881303104613,142.93801941069424,73.51414799559298,286.52363593465225,187.55155848784523,111.60987780442474,345.4112249718762,240.20520102463382,88.6072434414277,318.06201297284844,226.23928561044394,101.34152983287117,339.27853534097284,211.59727906641268,88.57226929345386,293.66123460691716,181.74092309209584,116.86526226722415,125.62642065384246
4,167,0.0,0.0,70.05450396146982,209.50315634823883,169.37896497586803,49.429994966088216,278.6911090591147,280.1080490438019,77.87481653165358,296.3669986750182,232.03479094225418,70.46147277237965,296.6716858316649,204.9459333607692,108.05741103418096,238.7769727631348,151.4342770617204,60.75409726861571,221.22948071034673,209.32173567520354,90.5456940194587,404.4324811410727,204.3006837248016,93.9599911472961,352.12933111446364,232.0109821281781,127.80796442860861,277.02489911842395,272.06439977416227,91.18727707284913,287.00704719887034,205.5396768171327,101.33453153921262,130.9867681572119
4,168,0.0,0.0,79.0959188964661,220.40070020609008,201.69367183003274,41.127982342561026,370.26745805720805,306.5155470002724,74.70216236210551,366.0950673899479,234.74934655305205,77.5562063386288,296.46594734741495,217.41294886605272,101.77381907938569,213.5786422043453,127.97605560367367,68.42145566804747,311.652474605754,198.36183536472174,107.38279249374646,402.84723062280045,252.58704807416737,106.23574368900765,358.7612646642847,258.72507481933656,108.12891993760546,271.1193418133231,212.39097191432947,86.84448857667272,309.4758120424377,181.6268317355983,105.52313319331857,95.30202474653326
4,169,0.0,0.0,59.15718710810606,242.78626593562947,134.67569345578272,41.79323337554824,335.41722825695706,262.1732110313824,78.75123668559152,287.3119546527337,238.00395703933856,77.79516343326928,299.0041135098662,250.5753657196253,99.53122659113785,257.3143618557376,141.27948442054844,72.38682552790071,251.2593450724485,180.08708349031423,114.51416050289002,385.6976076897721,252.4166896982164,81.61553283916363,283.7892572571552,223.47273774375986,105.72752019635662,239.9979354474026,209.52485405857985,92.28832085630259,264.19818593751006,214.72208213649674,105.43579671803681,91.05800601718482
4,170,0.0,0.0,67.09595742321743,263.4494400754114,176.66308427823088,36.57554667518603,270.5328079739387,280.2340997382291,80.01418088407691,285.7744508836428,220.9943658832555,76.55522682895574,308.9360584649261,238.7680688867737,96.73490950634395,201.62079639307206,135.93889444601504,68.4379444128019,266.3798184723251,231.3905426059229,109.925946992938,411.0552533504955,266.06780388135866,92.53480266674094,346.3023576574125,219.46835188550506,104.09438856309347,301.6063329453793,177.08823157321842,73.47457689793816,270.4552602746999,198.56600449551047,119.75238055937305,69.45860800945202
4,171,0.0,0.0,76.82833169870956,258.04778654787305,169.0105594311228,37.25377921394704,317.1733838266895,231.904504864457,55.275908925025455,367.4101614137373,225.4337224028492,63.113829955526455,291.4232202778563,196.88055905082263,82.6606232963272,271.0111999358623,127.42650396172479,65.58233719306948,294.95040486265265,180.0223873763516,96.34742812711163,340.9446474207171,277.5473574356717,85.34482843135586,413.9896745560957,257.4893954937794,91.92993729427909,309.66405407578253,196.2916835512762,89.69974253062549,276.7984879720062,183.46393375427382,110.89263019364023,110.94569042930175
4,172,0.0,0.0,74.14359387124125,248.16223576473422,181.08753962608492,47.88500689856681,286.5992782805054,280.6425141658163,59.92141390775528,347.89696984488165,259.5668322490046,77.85818920597825,289.7526342408097,229.60657891755326,112.79698075475697,230.23491418542508,131.74207369256936,66.49933826979277,269.10755545359604,192.05184930079514,117.6383391131601,347.78067500056676,268.21317413847555,100.55223141028728,327.5169224450835,244.3936325214264,102.86782856852534,332.2663956192875,191.64112329983854,99.64437975846872,287.0830090886287,200.0170823285732,99.97612415481365,109.74127248794535
4,173,0.0,0.0,66.04560152873053,309.0405497390122,150.97869085598342,43.49658254339473,279.1579073844894,266.71566840916194,70.65318294889255,256.464537970201,219.06316329882847,80.77859020356318,294.903186434001,192.47926332013782,112.65130632969299,254.4115782919355,137.30035625281474,77.89653575201665,234.66977710695818,163.52794711629207,124.7503580228579,334.74130902713534,219.21835742593237,101.29185348042475,332.6565384040661,257.5748236322389,86.57041928372337,296.3123746908086,243.9813968827461,80.99347822641411,290.2879856700433,161.72490494894902,107.75266357448024,140.5372999443877
4,174,0.0,0.0,68.42804686346327,257.3295759998988,178.9173887470232,44.43860668583534,342.4690799875123,255.95839119381932,66.31814563929572,291.2262761088105,209.14815048109438,81.56594811426358,226.18752993199809,240.0324467642756,97.98958311575151,241.37198437971696,140.6789119344349,65.33205602495921,273.3339465089853,209.03847534741556,103.01715228480568,361.94396498085297,251.20791052650796,105.15933186311447,341.91946103209733,213.17170373661503,87.5290536245314,325.83570470073573,189.0747791414499,81.56228615272039,293.14559071736835,224.25989363913234,130.6529915685639,63.3985452549509
4,175,0.0,0.0,80.2106959995939,291.0093315815321,181.98807219329507,43.40712467747007,271.4670871472858,298.15338524313245,60.680622417778665,374.73233014805476,258.4478705295134,66.48088563776844,342.17271437002074,216.14628438255022,89.6142098086055,258.72411644799837,161.3429374265405,74.62782939653876,268.3867651637961,230.54407547837712,119.34042969900642,355.2674926335769,260.4816052194477,105.99004518205768,386.6560517351615,234.26246831273565,100.39130460253206,301.7162258140687,215.4458775992054,69.08032996464595,251.8444081128139,217.91229653251688,100.46930563404845,103.04117154940595
4,176,0.0,0.0,71.12880321827859,244.87588418278327,179.61732018620356,47.103819942089444,317.4936229885257,211.0248750392946,69.68645394359962,262.3437151698316,215.73433412049673,69.85032008007599,307.6002501779674,197.47772367321772,92.13556378574619,219.37270675617899,134.59297856804736,76.10067375970125,218.22275845736968,233.16720651751524,124.29982361477049,349.82073708748436,267.14862153214756,110.67109970411211,309.9331363460863,239.76317751047927,89.30356213990154,357.6331072088391,259.4411702747959,86.2183526078594,240.53043385987667,202.70635854619954,98.0113530378976,104.25311149331405
4,177,0.0,0.0,72.24910333369208,233.8433131484107,149.02129077902745,42.30715558543989,340.03613059897054,235.7356078921809,61.14383918902722,331.3424503616161,239.66325633339306,81.77424299829342,310.2793776736813,254.91222726958057,114.15981300342513,215.35008830496915,146.29100505674614,71.99725497915966,207.08720094113966,188.18532233542138,133.81989600492687,344.3995361867575,269.136327671187,113.63059235338869,348.18374900354553,241.93793653254585,98.96005917597458,301.723567979577,230.19597009503394,78.44196222579626,311.9238304814663,133.76960427297374,108.50379358960433,88.33153459286201
4,178,0.0,0.0,77.2189235440277,260.3819512357066,175.12046355952876,44.24380177123809,271.00258344117935,244.9581151239856,67.0011019278713,311.51378021914593,207.84549925429363,81.0099034101741,287.7488447127268,250.47385740195907,107.58797633793431,236.42303065970046,145.91292591648678,72.79076333706742,261.1371679888154,208.2631921779577,105.03681809400564,333.3039090365372,238.0923124617787,95.92774040912998,367.96277085383326,270.6839449717438,94.18888919517315,279.76387729346754,218.20519517527583,84.65761270134855,310.38145236699796,211.12574698605593,103.30092155581376,123.02920190829076
4,179,0.0,0.0,67.44748420450215,236.8200403243058,193.15223129179986,39.6937665926133,291.5584386834947,262.4148919967725,70.62934109846591,318.67201851350814,215.1611511965815,87.78501361497153,316.26938995524296,240.26958854798704,112.13081680196947,273.17768887293323,125.32473046771939,65.15422733502423,276.48607371291877,222.45056550344395,108.60595563493277,321.4304394468766,238.5647649478139,112.54092260717528,332.8462729383984,233.44389363333553,97.7650451239487,306.6270099155077,239.98821590009044,83.63528424466317,290.65444513476456,201.0291969499317,104.25629525882455,109.99854113862456
4,180,0.0,0.0,77.65670857998091,254.64695735657196,156.7573438938726,41.44158244984455,305.954824458997,258.9832532547904,64.79947443701909,309.23795483527255,303.09449538932313,80.15619620856377,304.7310646416958,225.7628370419713,107.25383781349696,241.47347309331357,139.87979632434102,67.06573423115421,275.105332055271,178.97744317312527,120.65656808248546,361.66591775846206,260.65396214121546,88.31714985958257,308.47674529834467,220.84251293127315,100.84181381982054,329.91340364788743,234.47134882549048,67.70865287259468,243.3639079868696,201.4243231353813,111.09108419390822,102.16900608372819
4,181,0.0,0.0,76.5802704096262,270.9613684695116,173.84186990500854,43.60183063542797,317.46702961281704,291.1334245677796,70.77657480680946,305.72966509571233,260.1024456969011,81.68113954915599,339.2902463233932,261.3370944394132,107.95392453468949,242.79544389840723,137.77698612863432,79.82965249776257,268.48169046975215,210.0334610526907,116.71336321502628,328.06581987070007,243.13063168551506,91.49918426008412,288.2725560878728,200.31114204485124,82.54089150934743,299.78896084048586,214.89947758742053,86.11449658902268,322.3296810201841,184.5349739677255,108.76583383316287,135.49504556113808
4,182,0.0,0.0,73.77751730469572,280.5100040494249,182.00873363261587,49.576713062270684,338.91972744081306,279.5108897927283,67.46023227464603,333.2054544935344,241.06511004140967,81.40492840762472,345.9881150733168,232.84490525455413,113.11417006014842,243.31155252564182,92.25017313251985,78.38486737836942,283.71331955091216,193.32289004270214,114.54637192791725,376.3279573242459,303.25888229393985,99.55818416679327,304.6600818880581,229.68237148304593,112.70067521263206,283.13737716689377,219.46461166199492,82.02909235334724,261.97026169903614,209.18104008019307,118.2413350442408,100.6256796614737
4,183,0.0,0.0,82.73059324264757,283.26532888171334,141.03755950733515,43.839477037839366,364.35959227113426,263.089331908767,63.60476575040815,344.7572716982981,235.87721800165008,74.74921281240458,272.3350605979952,253.971970891607,96.41878601431995,207.65289843564952,136.4305500385008,66.60230721889008,253.22710392502873,169.95579143965188,110.79620577767979,384.8216783144343,234.1625945193733,114.5900820108608,384.1661824365752,245.6773193933178,97.57882684444836,303.7298880974936,242.5523442661691,83.45140127857377,304.495996306323,196.25314845530696,105.87183062598365,45.9428167685881
4,184,0.0,0.0,83.23446508423847,258.3915435660723,150.66487446762574,44.0579144411316,298.1356467566678,258.03861270073963,64.93405221308399,326.0540107663832,242.38458470157843,76.08101512079793,316.3457502105634,213.19309669562108,113.74753130378906,247.4529067015712,131.53499584919416,75.08929702903299,244.9020130298466,177.49052046956456,118.02000754669302,375.8741680657229,259.8654745421725,112.34608380165508,358.753755281426,232.2749402477802,111.10870756513117,335.8919014486332,197.10571423348014,94.06313545887853,294.1448144012388,217.82347695496185,118.30592013273687,117.44478080728351
4,185,0.0,0.0,69.48587343420732,264.2824850996387,162.71149219285195,43.98235275826921,367.2202340944827,330.40148648280456,79.85497940866338,283.056962240778,224.012742404734,77.89317553173572,293.87287156877045,241.2285662644258,90.22729190917495,257.260584963837,131.81360118353308,78.14046302773968,297.9860686774662,199.92374857093142,118.90397777411344,367.8596074167001,241.11420330433592,111.94292532559145,315.1233936118238,225.38758931707247,78.72209868636111,262.394984190394,198.3373524326683,95.62488639802956,262.5511490346858,209.02944448320383,111.83079651411559,167.88157671847014
4,186,0.0,0.0,80.85528673885072,231.4493728133279,175.4650956701381,38.5882399665615,333.937657757599,241.69914641175234,64.61586734621973,307.98731253723656,248.57146403262522,78.186408918413,303.81031551478566,225.2176432039,108.50350865925866,233.43391638955714,143.88565216447,70.39937879919894,267.1168193131035,202.23312063626358,106.14111104223147,393.7496165418096,215.124663495626,102.18979684241926,349.1496098946301,245.16594177028398,100.51436831430296,281.2020402064632,186.5321801960733,86.16031645334009,303.3834649917385,182.55099497877168,106.4818913700126,121.06424471176125
4,187,0.0,0.0,77.97049674451424,259.86372470613793,195.53749026365497,45.92133380504642,333.06590565785694,297.9002837927285,65.40406528250273,352.80644433554755,247.9453942055144,72.32089042019432,336.51434277416513,238.64693481824867,110.58649629487708,217.1875582411181,148.71794741329168,71.3528991337283,242.64564725533097,201.57511522905062,104.32959263159714,385.5719957043342,258.20365822574576,98.8908785617889,286.7975265999245,249.1965062288696,92.96874882620176,360.1068708982654,199.60754739422103,85.16431398755337,255.1263565139736,175.3928498061986,115.65514879158815,85.93528516482853
4,188,0.0,0.0,77.86365737315619,238.50008184347448,182.2893173959623,41.00132506457689,282.36292794570295,294.6459240949335,67.38204485177408,285.3194687292088,254.98832454526848,74.83958559491884,333.15837440091065,249.73714579913232,87.47857032528755,234.59742537865407,132.83003796891617,65.4220758860817,222.16924212443087,202.77465985322843,112.35336940382756,342.78616067959166,278.1846180591458,98.72150467103127,322.1153794131964,219.38011782649724,105.92392798218867,297.2723166010569,230.65284269457823,69.87144130788626,304.43496052096987,180.307030764264,109.96211159793693,103.20140879393169
4,189,0.0,0.0,67.84068022656609,260.88991139757604,201.1747651567997,43.5265739715172,283.48407668263036,249.7700737995165,60.09309209334485,300.2881658344595,246.616630392723,79.62851480632983,301.6405204696465,229.98481495822404,102.60650906260794,200.63877253377348,136.76482987952582,84.44452165070058,257.2134127623251,202.4618743490053,116.93849218887829,334.16256909683864,231.61190504853815,83.06816230894971,272.7319955463871,266.0440972855821,86.5165482300352,328.4406079171835,195.14271036495768,81.03951468612541,263.35010083815865,193.22422933000902,107.64387311486729,89.99963764331905
4,190,0.0,0.0,78.99919270004936,263.0968864045043,149.2980083225694,50.25029366194498,345.7182721205693,236.4597169350841,62.08073108938463,283.71145914494906,234.6911564327346,73.44987685434792,303.3144887775529,205.68218263243654,106.97795486950662,234.55450488105512,143.92414899482802,78.73725369126373,318.9274978785821,198.9914456905767,102.39057794338999,355.03551195341817,273.4559789793543,92.53327849883848,346.56032005405854,266.65521913536753,109.11606236912068,351.5314562885414,183.387117243866,86.99425874410898,269.80091198421724,211.46429860668218,125.14980027745169,73.43205786747734
4,191,0.0,0.0,80.56093885809835,245.49130532768757,162.34632429473626,49.654480679821525,332.5297963568985,308.01304328183437,70.68854107538016,400.5130303251655,234.5881795419746,76.84291426365468,317.4297361562721,219.89049840030043,106.0245820110122,230.41943374950853,142.92976194197857,71.23126847623045,247.06968210989888,181.04777115591008,108.3449772134393,344.2372971595689,274.99049953543255,93.59224189163712,355.9854402627158,244.82362742431357,82.46583655595772,306.7102583576168,254.30945907616655,81.98867007682439,295.1717291953772,227.53950004559408,127.06622325533847,92.60760569148235
4,192,0.0,0.0,70.03285434976719,276.0129969312114,180.97263455506703,44.21745826607785,348.5740923184541,246.93775330883474,70.99125674058791,290.2706033721677,189.9146577593518,71.13237483010722,320.1543595591685,242.42570424972428,102.8512110252801,270.7806621664855,148.48498109109948,63.456292806903726,284.21357609815794,193.27325185890123,120.95308178669613,334.942757338631,274.43577995558394,97.50860313904725,347.1086878567597,251.5833878076014,89.77580854256476,324.21625256520264,239.25798248320916,89.45646401774917,312.1096635468926,191.24946278679434,116.83923534182436,93.17045723634416
4,193,0.0,0.0,76.39991954515268,242.55448311565004,186.026819685052,42.67505702370797,312.61271597952276,270.1816188481882,67.6813405503792,269.0659310951278,268.67329760827744,68.5230173506698,308.7869315589902,216.9259399039158,113.27626200034952,220.4511409838435,121.35465785617822,74.58627379810596,297.5967145417376,157.76485493610315,115.81382416664084,375.82286631419936,268.08971215144476,104.11857558861205,335.13636362874337,231.1066154854279,118.83260629994807,299.2039659104894,211.6795068790238,86.46991772939056,274.11436394993666,177.3110550765474,99.51198246779438,97.38451076355307
4,194,0.0,0.0,73.4030287188664,248.75363584433913,161.18878564038644,50.33731732566357,300.5102736271151,237.9953114935281,81.00802659534898,324.52324784050245,212.9700021544458,71.95181922060507,282.470597834318,255.6733184614073,94.99055129308434,259.74921777775506,151.18914066857212,82.2179399423968,249.60675330499004,177.6639435750574,91.327736546737,391.03651530290324,281.7785388386092,93.14462194690515,367.56181495484014,249.00975327594875,126.85616446299443,382.8014183521469,222.6560412366579,91.68837524775205,278.9549352177735,191.92445927092754,107.43782040061507,66.37725522658765
4,195,0.0,0.0,75.67805300147779,258.8201763542421,171.32835264423883,41.58499244675032,317.36339795198865,303.48700416396036,64.59809731899445,275.6021232928673,194.4859023294059,73.35942934571062,307.83567452569935,215.15507915650898,107.43607527530455,275.04960521854787,121.26749025955257,67.99112226132573,308.0804885404393,168.7131831541441,113.39708555737677,412.9700538508749,242.7467308430481,108.13650567703618,296.3868701432039,280.68351758329777,99.21620602039069,302.70824705661505,187.5082179786744,91.22125335129564,269.6452408522763,179.7960836457256,127.06343588230997,90.89105292755664
4,196,0.0,0.0,67.8234954172139,256.01428261711294,173.59044693727347,38.96301997420867,273.91189496641846,303.6901311421395,63.214015266100226,330.26845145088066,260.68695042805405,82.9016999600581,324.8060049527677,225.21353534393748,117.64526499861822,205.75908626961132,114.56900471811547,74.89789680834241,294.8221217809677,244.66924848452658,117.64451870056625,393.7619834425142,280.7731830408853,87.41591889002277,315.0164467284488,251.56806880485826,88.92957013073013,297.7699126872382,195.8892868361287,93.38116173107608,274.95448934745684,210.08894840100157,104.54634404458132,90.29907980866778
4,197,0.0,0.0,82.29465910985144,263.09616564787774,185.6134570684669,39.86141357494861,335.1941064327766,311.1963928455256,70.82677568997066,301.3112896596016,228.14753849637276,75.88467478812366,334.39833363928744,195.93505974435476,91.98516656476406,217.578599459952,143.03859187886812,81.4035621085377,271.3279700635209,222.5656266730777,119.95085743437025,376.2180322998869,255.60988726320875,78.32780173831372,393.27285693143705,218.88026612896672,91.23565229904777,266.83643654043817,227.42584705291645,88.05876927517113,247.91270525178402,132.5955836316151,102.66834711143127,95.7567675982335
4,198,0.0,0.0,90.48573962207952,244.8523700225946,184.73429886783407,36.1838950665022,294.8382698427254,227.59982375534815,63.10928960610005,290.00512257225546,259.26933995209686,81.65124706547103,296.21528402896513,258.3368337084169,116.89489333536672,227.3582999006909,152.59547570536512,70.86209037263343,305.66214888760584,207.6921934983301,122.05633690277838,359.85633360624985,266.2155247093055,93.63660972514351,306.4291785652786,281.3585417089065,108.3951707947382,291.7503579078346,215.94669447551766,87.29561966356269,269.57413805978604,188.43313262858914,110.52794739377379,114.12226140946363
4,199,0.0,0.0,88.03567849354602,243.8954751612093,188.30550951816738,41.80373348306776,349.74358230046215,271.09697399988136,59.56025385195869,315.95622284138426,276.7069240891874,82.09650721885826,324.6970585797768,259.2871910132149,123.22399496683082,245.9998511646785,141.99016958108,69.32914526604712,283.6494095923591,218.30140142797518,117.72502774718929,345.5707917170832,211.82207470987763,95.64168416839853,322.64431240880964,234.39497721198907,117.04452915057904,282.52862838438733,206.81456899764856,86.53129835925462,275.25070373299343,206.29408925509142,113.1274655134298,91.04905742170376
4,200,0.0,0.0,68.94932461726759,247.5119382472229,185.57518108684084,49.438189298111915,289.89840216500636,308.17179188420016,74.84165788720566,278.6255327105754,217.70014665086936,76.77911820628927,292.653258963987,197.9865885590239,103.86865506896676,269.26469411714197,144.1876291569917,78.84705819647947,257.98427037316736,212.0434945722865,125.00420946126923,386.7045196375108,226.16776890378583,94.36717656087998,348.7243319374774,210.08499359566645,98.40750471533545,306.6962560351873,194.92523281688472,90.02235180263966,300.9474003731928,251.0443420542713,129.68476358334414,152.55641179402488
5,1,0.0,0.0,98.88060703423655,191.47675088371628,66.07948216208757,137.4109545590477,313.06783603571165,218.02891944833684,70.30329116214803,317.5014519811663,259.2584086489218,76.8129179795014,248.7588145713446,168.16729837955089,101.43593616156788,283.847089963368,161.41007354102248,46.46931828287373,342.5276315807324,205.99229762105338,38.31723633525125,333.1587300987899,274.9971524914005,123.08711234640728,337.5766856319579,187.39935345433366,43.23410982148855,265.64051261570165,237.34449987159672,82.33325561927452,309.63775241981637,259.09934982659865,91.3741653297748,126.34194549116862
5,2,0.0,0.0,88.90150062026204,186.09520751433635,105.64086644825805,160.06397171158957,307.15250584856284,163.7522026780685,75.96897456252434,272.74913095068314,206.9273233384004,75.69153006129453,239.5849688745339,178.46222050682118,106.41037798655623,287.12184665237896,157.45002250973104,51.70129504895318,290.57781593493837,235.40746768848288,36.45392643664305,359.0083121422619,319.9207648469556,130.9788752317241,317.13515403449264,184.05190280591046,38.59409797430766,298.5563916338973,214.57760598736448,70.95263179011897,272.2286113959681,274.9127556649714,85.90685698328612,131.2403234402846
5,3,0.0,0.0,83.48422260333555,176.65490119461373,95.70076502070785,131.94202667887768,268.81486700371,182.0976554463929,66.9879433539783,260.1695852360382,281.45035674883337,89.91181603594987,312.5871660052918,171.73293969601323,97.96833944320717,265.4810445386739,214.24940025332694,48.0487479332797,292.4574044041636,195.85783254844583,47.12828380338485,359.6904706743415,303.2061063924327,128.1101409639862,351.29392970363193,213.4778938110502,36.654880916084394,264.843547147487,242.2122325579117,66.94324702410934,321.77958303807566,248.3941751156448,94.39838133766304,99.88967862072978
5,4,0.0,0.0,93.34334865019505,174.01397802318232,78.38984984920556,168.10364589755898,307.07692268966,182.59647493532148,77.11705427684986,306.9935545962455,217.3869875946719,90.64636082385613,230.2386409370725,186.34286214844406,95.68727718473951,302.91630580079067,181.73853172454494,49.18915464044551,262.0133115743513,248.25874065167287,46.724231584819464,325.4367792314055,314.6181437109272,109.37574699790476,300.4558669673178,231.42633602425167,35.44236749257905,271.5417424268232,192.13212135889665,87.02421753226548,338.1495259528116,247.39688589830996,84.15816962256723,82.48065733153516
5,5,0.0,0.0,112.06024161181767,197.78397214058205,73.28873343580682,153.06308001708732,337.0296012683838,180.4606084729889,67.76415379929551,298.95335623580377,192.44757213571802,59.18490297731,243.78782405581495,207.95342075930444,94.20848524345362,288.34602552670816,211.69570986071574,51.340657082337444,263.5151540228115,239.33678775371038,35.74598246621538,298.49756371043173,298.1379720676232,113.13463617330186,307.13533791189377,192.61600448673764,42.66092786596537,335.20002860875854,238.64233630527383,82.94953319101245,289.3930795282766,266.67905186032124,85.21015025353326,89.81190986238659
5,6,0.0,0.0,102.84046900715227,152.37050527024974,79.86099418575404,151.011737214718,329.85983121089834,195.0982030428308,70.7313011982136,258.1300228878934,223.3287431454649,79.43659107981748,225.3115193499248,165.1617681612864,87.27733158790352,254.32169424476837,175.02627223991587,47.1717307114349,308.3171145353499,236.77432105800867,41.197883840840504,309.48369854793674,317.83064076230147,115.96069162342572,338.4459583830766,198.8925035348345,38.420118120078115,297.34066616813425,218.6474846339366,81.57357531089673,394.49601887029246,296.8493561040133,110.70960827927502,116.291134648964
5,7,0.0,0.0,94.12217514573963,168.8949090445117,75.00386652589566,155.71880449378853,262.01535171526956,187.00195031366852,76.96927745400198,367.473108243646,262.2662394880306,70.93721733479751,291.9151729489604,149.72319199376594,97.38562513733592,319.4615610874599,192.4914049255235,45.453551686253434,256.19490469502756,240.50096053630028,37.84050973565757,289.11008963668877,342.44681500888913,110.38638850304352,330.3223486032878,256.15339144298264,42.60685352760577,272.47870187436655,271.26814191379947,76.36769762097538,299.16190037890124,235.84142965144042,104.1515502317385,77.28265152631764
5,8,0.0,0.0,102.13084442935828,156.5827848720159,70.62151756402018,133.02622746635313,324.0908486778269,227.84739640865374,68.28204269887932,287.77003253886613,205.36500949617084,63.6470647728586,220.27796601612803,161.76702571730752,91.49712982061186,296.85800720641964,223.82475992458188,43.58958620008343,263.22324668740345,219.50679745796398,40.307265693989855,293.81531142154614,300.78876074605523,119.22641187945803,291.9094985289777,223.19455084888133,38.66262364630453,308.5214284717585,245.48209800899906,83.06746938350176,357.6029050711153,270.219646611175,97.13783465339256,98.34949439393694
5,9,0.0,0.0,80.73855617847285,191.24051118297965,96.31377056775995,164.93897265458915,336.1315121768977,163.41726101810485,68.66514161913109,309.615751914433,256.74935241529,69.82629544097459,249.4247284090798,178.37308691978123,78.0145442483061,250.91248752289619,183.224973777514,42.81071575931428,271.1013759854517,247.67856427206263,48.443574893822834,339.94310009463595,281.44665175406686,105.48890191117572,362.5354627647436,197.3003274607485,44.974670162830485,276.4895553172353,299.46602239115816,73.33323683318069,373.07800882433725,278.8123746422558,91.72643078452113,118.82366500217819
5,10,0.0,0.0,83.40242810462993,208.36451079990744,83.35348203829226,127.56100061063056,318.1848801463981,221.52634129997722,73.04425767146783,258.80183329981253,218.69541405257186,81.33218149668319,244.65243595533698,173.44818051524294,109.75008377164542,266.4380814604522,200.4696049262766,45.91248395368753,253.70315102331418,184.3200599728999,46.521529884119836,294.62055057726144,336.6335691743036,123.16563302662348,324.87550073016865,172.6768263494931,46.88822104395921,304.38456025210985,240.2480541727989,78.88199036536683,332.090791728624,260.59519948162415,97.37240173014891,120.73146069641943
5,11,0.0,0.0,83.5149909824378,188.5717453272366,82.16190064423664,145.724344286367,258.6703593580476,172.54894558787691,67.12726256177154,254.4956128800605,210.74360336976156,76.82070717375417,265.97575871257266,171.99163860862674,99.43491441945267,231.28166060501997,181.06479081293094,44.3450950651887,292.18224989417604,230.63713583427614,43.34735073429848,357.24974959461247,229.30088767117442,145.80253895254054,353.56295317793183,237.30175473731492,42.78818812902271,302.28526868938644,256.4441185291828,75.56320095524225,352.73473446749625,282.4482861692386,99.68490435409066,63.002540409156325
5,12,0.0,0.0,113.95938281179103,176.47943990140155,96.10410561834087,138.86775400811123,267.3537040072671,169.78322158929407,76.0472012671548,274.11124644912246,262.88949498491735,70.81293190996583,236.50132097874894,180.14021619524087,81.02070215874325,290.79429185886374,181.96198548252409,45.81939970356364,279.24209185662704,244.9938571554523,49.097846726452985,343.80005413705226,283.34287056943066,117.93355691455169,345.18854325520385,194.5216337254311,35.602831320341984,259.5061602657831,248.59580507697322,77.53643515514163,373.0462696513708,328.8580811831446,81.73009303939523,87.76456100224895
5,13,0.0,0.0,93.75423206609779,180.46333410022444,68.23618828233701,129.0359853850323,422.71452351516473,190.32875188043798,65.83135330701235,300.99510763222327,216.70059944940755,76.03874217704339,253.55471988901158,170.9663716435213,97.41774926285443,283.14394295930066,138.3171171522397,55.425638386058594,283.10438750050855,175.3548521678108,36.86915272059056,325.08727627581914,288.4294128939162,112.22310216738738,278.6754916733088,190.92005622712728,34.97771848297479,356.51860477599735,223.68888851236235,90.17720587759915,333.3249287747114,289.62579101342163,88.91667986737636,134.93607929844345
5,14,0.0,0.0,113.76248712771928,185.89090551553963,75.60916871574628,154.78543335019498,316.06287697398545,161.82065615860765,72.31046568455538,302.2876222308499,210.6007781161008,73.95775846202366,220.37754929138774,167.36763246884965,88.35481489875934,271.6707488904969,155.32994456547,49.241019781487026,243.3185478154345,228.5013754479281,41.58428268324991,377.1656597525428,273.31554293616557,105.91506043109213,356.92705336865197,207.53723885777057,39.14871541081147,290.2993483592581,243.95656168857494,82.57606604855722,340.19686819124104,248.38851314218238,70.53276240878435,139.5617739522499
5,15,0.0,0.0,88.92765109017466,165.06526876928018,82.64835839365021,143.65606533524627,351.7871602290631,174.6376483190257,67.49742747648996,284.6161585862401,191.52493539316447,63.940906320088146,243.20801274140595,144.74743213634395,86.35271430268713,295.5561115205064,184.57386150766473,51.15997333256744,241.64485499465076,241.3670689680556,47.70355396871487,298.2197726779632,245.136298702676,120.12250252217723,342.4407792780351,210.81650161196643,40.00050927967291,312.48282754787107,275.867654811957,76.91510715000922,315.4130961286503,198.7511132279065,84.23166922111383,82.90695565339381
5,16,0.0,0.0,104.08692014114285,157.65164691907478,74.813163004549,127.33700905567166,317.86619043309923,154.30074588050337,73.18856215972885,253.91250941383976,253.2355115691535,69.3832947379241,252.96818057121018,169.2156946557749,73.440138689978,252.4294813072408,166.11471822772475,47.43084236882709,235.67514576908144,210.03192266649276,36.47860635992265,334.80772182797824,282.5665823705905,107.43047519575336,294.6834418306605,184.68798530764874,39.46559199780132,256.93684815707184,264.59431875187903,98.8613728221145,357.35798886704663,261.61642857410567,97.25691392550598,93.15206037493259
5,17,0.0,0.0,102.21363082421226,170.5396412406851,90.03572390231034,147.28616533298083,320.3381039369937,184.33068771329732,69.2288068790962,290.2611993288137,271.0044372778571,71.45605674667792,260.41266259473065,166.2815997182102,102.7855902309736,250.30446930989217,167.4395611565061,44.786687253320665,265.8293989925977,226.464588705084,47.42971678870508,286.2725577107674,295.5871801450702,126.85273144738406,269.3212205504417,199.9253687980981,38.94280535393452,251.599664926472,244.15343803812695,86.7245519534619,396.4486345852238,267.40865927407026,91.27680648744486,107.49377923629565
5,18,0.0,0.0,97.48193120459067,163.84854253181732,71.47296191553075,161.12975436403264,340.18748441056397,193.39328412183718,80.68896849649154,298.8496437017031,196.58154726765167,78.62197653625142,277.2670620690856,166.7812633811574,104.01111971979874,294.91883195514976,174.4123362123736,44.25187397706905,230.45702314594914,271.499139946357,38.451949184988855,309.3110213308547,270.29959334723475,123.48779811529408,305.2978697635424,160.54615562955183,47.85969217978824,266.07787457801356,268.3021205838185,71.54697049847243,334.7572905681035,359.49959759179364,95.18177310245318,92.93519508071525
5,19,0.0,0.0,109.08469605838901,159.20414637040741,68.5218377056338,129.5114707120654,343.7206161415253,142.54627624077636,81.93138117426619,348.46578091927324,190.03380980446946,78.34891634895355,228.30772541781337,161.17278086725804,93.68492452348083,270.7961989410506,170.72624507259476,41.71195748849587,236.7549450124277,255.90252483404976,40.8497157674989,376.81500970905466,227.82886206905533,116.22515697976469,320.95048429904875,200.03765861616733,40.55665287226742,290.2238788426589,228.75791938662132,84.27684089128593,344.2184861735914,289.37731287173017,85.20209495939841,103.68940676524704
5,20,0.0,0.0,107.93298299217771,149.49578694193568,79.5982039366324,139.31735486261547,358.73988569140363,162.90598669358977,85.60130523815886,262.67526883641574,189.90165552061086,77.85767477721102,196.41817687857005,165.1535915444435,97.22937517500291,323.40418690679917,186.89020810768403,45.82086214429767,268.0040582644467,244.81669662257326,41.97710450100025,326.19828614827514,280.29914161475745,103.85269711236924,296.49327919373957,185.43517958891383,34.62680408093593,307.81375747078783,249.82773225188035,64.11221658538466,388.0025717022525,274.931528064489,96.521583770524,89.22125304309523
5,21,0.0,0.0,101.0303986182204,174.97912729637915,78.12447582200872,121.82513739606632,386.36356470159245,188.11114488592432,74.87253059018187,279.6859566964941,229.6869136275554,69.94260029985142,234.56500311434357,164.10871171555564,98.48536105626721,278.1358908362708,186.22262562274088,38.8530580787628,271.3684044220616,231.103851374295,54.46327040846407,331.4536974975563,298.5462309353279,126.83074068935028,281.7259524983671,231.43744424508952,29.651140411963965,286.69431633376115,260.97426818180713,82.13527411749502,336.6163665359237,233.33999754996438,102.2709368367626,87.15226851653372
5,22,0.0,0.0,101.68642758889061,163.55116597517107,84.64872944320045,127.07729234037242,271.2573398376853,165.93742456056177,75.79631732533134,269.5239538687775,234.87770944446942,77.95913269885835,247.07534190088006,170.46616651719427,91.62573910442856,247.7812947201761,236.47459045521936,42.19310989139857,259.00612339321344,245.0804768819619,41.42024117446891,362.15716026975105,287.5568741935111,102.05749838917711,328.6713448681204,235.82441041883754,39.340575237234006,277.0332468230185,270.0986082504622,84.77523742963108,369.4250996781499,283.27638052669784,82.02029529178435,118.27022892714346
5,23,0.0,0.0,95.15786438758613,199.20768171583993,82.4213192620303,156.87958724908853,319.1986706788619,175.92129818748393,80.8128239493019,276.9041057887591,183.74074343742922,84.89506192958831,252.44018419100055,172.05518475238108,99.51852480357887,226.65597404521446,215.66736614087176,45.88150164382491,248.42113649165995,216.04137788578075,43.164523214939706,293.4847694206684,277.2911199971352,103.00014225443573,318.4082926088562,221.06328468018785,39.462492505470394,303.21073388453493,246.79459473233612,81.51057335229774,396.6130009798935,195.32610570298294,108.80426545771824,129.1134423378659
5,24,0.0,0.0,93.10187657128178,168.42991390078802,70.72659984842332,139.8417303483251,329.4797963961936,177.37543672497011,77.16532235153385,315.51668220908886,224.1240251828714,75.86751961355353,254.7681231941903,140.26702513820953,95.47932580013571,234.62921020492706,131.8188585715465,49.235329890710055,268.4016040889103,184.0117241781618,38.989847778975054,316.068747475331,280.02446602618596,124.67761751406064,297.8826111569434,213.81480827600637,37.99933440589837,223.479722828264,263.78966350318734,90.60797820410379,287.43151051256893,272.56123136867456,94.7242062808306,89.87837480669461
5,25,0.0,0.0,108.80245002768314,194.3892759619406,71.66280785495131,153.91222300383998,287.9317544356355,194.362121193921,70.70860166713977,350.5931262768973,199.4722021491966,75.12096727099917,244.4433247180004,155.97694193502156,86.40159217631087,282.84908686363633,194.34372743677721,43.98497096728579,221.96354447472677,234.41497389613352,40.08753777846593,325.87947151372134,262.75288055479183,130.89474324369863,346.15606952467107,183.34613445257477,42.79474251821174,236.8120562799396,239.09594547767892,69.52511129671804,355.96465478366304,272.0373651019403,82.9210676819447,88.91474114632565
5,26,0.0,0.0,95.46022416464999,157.67345776399867,73.48616225040278,114.86044565059326,333.310850597334,193.26764245121518,72.2397203193237,324.68581850150235,261.2775361585326,63.00198109218078,261.8991740114716,167.60148007292926,109.3570395437822,230.99415430597276,179.4487620509754,45.861654533038106,245.18653525261004,227.07006565767114,43.06311863518468,326.80089723487197,329.19244246377366,106.72265926513113,294.1557301424153,217.09692068723814,40.179998091578554,301.0925579618488,213.6229127604975,98.58151326872034,334.8909541950439,303.3069477978367,112.4326437551841,64.3332117519426
5,27,0.0,0.0,99.8799484947378,205.40719320816876,87.6209515705106,150.43904958072568,282.86059254619795,169.42368415415547,87.36447281425278,310.9703760403699,230.61015408422313,61.7370257932437,276.63782970971164,154.08922246973708,92.6384556977885,312.7107613277163,167.6290665360664,45.17877232426526,305.6260581756863,245.5749796243538,40.33046767587044,325.77115217081456,297.1811540073985,128.41240458164918,324.9111614347808,189.01189070223384,44.13351735045176,275.21111416650075,208.8136837683257,71.54474805193281,351.2555639045457,255.99414985309664,92.1377386579472,103.59672828261893
5,28,0.0,0.0,77.91701173528462,185.44361768805481,90.99371229047583,135.82028216227718,287.3488165815506,167.85792762190275,80.92923977404085,289.9393361449223,205.48724224363357,67.31622921308143,228.99360915054007,179.735015274501,86.03640059127615,244.98031641120176,183.45433548504943,50.071678873757335,250.50024007814295,230.98798972168166,43.560154914044425,343.8665542021547,313.62169861800896,90.86901256908361,283.9744689754808,220.07461263512522,37.26290364012809,282.9054493445874,240.88574976553718,71.00007117999317,311.9540527608263,268.06330685764755,85.6620111907536,82.50447606691992
5,29,0.0,0.0,90.66245319433088,153.68920620771974,91.97732627743983,156.09982299554522,295.5339911834001,166.6538757302799,75.07651658697782,324.00911193232616,254.69465223715707,74.02993039876215,234.62578583971555,169.70781878201842,102.46973194820505,220.48942116055346,158.36494667431967,51.95808011873651,302.93947260413665,214.8651445138146,49.54387520185763,351.85550940425094,260.1644466058581,102.82764549620109,325.8727607599395,202.93670168733897,40.94663767850167,275.5876361380616,216.90842836707765,80.55076291943482,335.8461321945053,254.24219559470464,82.73768509822384,91.65088794636445
5,30,0.0,0.0,107.44683460283596,204.5252416736835,86.40177077927001,149.54467667303248,394.23902004584545,175.94652200411758,73.43665153595356,290.39581212690035,208.8522880355851,68.45434805547367,239.56445477993438,141.5213635232153,99.546357569268,266.95728504454684,163.7508133789273,44.824545092431066,289.04920836920985,239.46221104611493,43.656671503205054,395.8387768663491,306.5225745955063,114.49062503990382,317.0594189986318,172.07517128053644,45.27753872405144,284.6294985201334,216.23298418837072,76.78143181287956,343.15610339702243,289.5236575286361,96.30488554873318,86.25575762294669
5,31,0.0,0.0,99.20257309296115,175.48043643093644,87.90438054974565,159.0323732683212,313.3821627482776,148.00945892568953,73.46790867676121,256.71368714575135,230.6216564453461,79.4845205596152,217.47454629267543,170.28522051019058,75.91581535602545,263.14270496711794,180.74163044087834,40.6420669259831,269.1289818953582,199.54144627635898,40.88379702345382,246.52929220770673,298.6096617533647,102.49864108259055,268.1614475905871,183.16471046624952,35.86787160071061,292.27832236385075,258.71401898448204,81.26243415177404,347.2929979526014,191.8008574832856,103.37443694374596,89.72604598025919
5,32,0.0,0.0,87.1125171958091,166.47687082553452,79.56924504813769,158.1747411415858,351.3328670447902,180.45382166269647,51.76877582480667,348.24011790835516,213.52426469870008,67.99443800209525,231.78120232572002,161.2413558291474,88.94417558164976,277.02150911740046,161.42253032273754,40.254551791186884,256.3451335738788,236.40757748723064,43.78938917309226,309.1299404132833,275.39244056938566,127.17671016814228,355.6591793110803,183.77712971109804,39.88072629963561,286.4079681713984,176.0280949316748,78.22832247752483,304.5073932489775,302.79416173192715,88.83070672328815,125.18956321304914
5,33,0.0,0.0,95.35165065281721,210.95808974221637,86.39057517273812,146.62293532538195,347.9371209151414,138.05669118788802,76.99994109659687,266.01569829587083,237.03894349027286,71.19227584183358,233.9215649034718,185.65870033536171,89.76377348536458,272.73130868432037,209.72994830598333,46.27569391073953,315.5618103672738,266.2409824918642,45.180104772292474,356.6717784953553,279.9021169423657,122.64456228439633,317.04269123662925,179.05243982694154,36.44767188029415,326.89398886227974,246.2004106897856,88.231634049785,303.00635096756065,280.32368843334024,66.20368207903059,103.17669189471879
5,34,0.0,0.0,88.70925179015141,212.01337979894598,88.7946725460761,145.16661065851082,230.0441973986931,171.67264648408283,80.39188916997064,348.16613263494355,277.0765372673748,64.40000514815037,196.99055832542564,158.8663358246228,87.60101900213822,267.50986658296887,162.19783884258507,46.676950916467334,289.6238043111538,213.38481803783253,47.7625585570586,284.6822450574179,317.06892891608857,137.87221961491554,357.3682163214595,204.8215379822413,34.55886581345319,298.44378646858473,255.60973252098373,95.00229674968152,322.0190713205657,294.2358214254326,93.30928051825902,98.92216768202242
5,35,0.0,0.0,88.16662105245514,201.7560145243738,63.66961087174546,146.08485484238983,313.8307938679647,154.75329052956158,59.22991861812811,296.7737184503087,248.01241622051833,72.42121818557806,240.44372135551666,208.28455835721536,84.57888180373426,310.8324859336386,190.1248120721653,42.81178169644382,251.32361021506577,225.98742411928583,46.27879507819104,359.05568764075394,280.7933854075982,107.6931089590995,345.487780084941,200.8978700988358,45.424405774016996,312.6440402309494,248.58338124914124,81.41715556866191,397.9933961543438,248.7371611412029,85.72825929973,123.87879620841181
5,36,0.0,0.0,106.69781656000711,166.66948770066756,86.58777406536232,126.61513675152004,327.98352804530435,168.46773580997535,76.51714448858361,298.91786656372125,212.35235398081215,76.80453819825908,220.04978003091202,192.392087625097,67.06258556327947,249.18818835313976,194.28777994270686,45.89391453826295,278.1229145037527,225.45333890987706,42.966040706064064,354.66547913026756,299.69203575008424,110.18603079465414,324.89279494801883,188.06953868055072,44.63051709008503,317.6439065231375,244.98270517077808,69.78282626637136,401.9445924795408,231.62048676348138,98.06656606258088,94.82475206676916
5,37,0.0,0.0,107.78931090037348,186.37261005403752,80.45903018092861,147.98569595146307,386.7902389479255,176.08907418811992,76.96229415715875,336.86823592320286,233.8306508985954,66.65037966283332,262.663712569116,162.29482961511593,89.99966225321164,269.7925180961603,185.95965113033773,49.51695030652098,308.4526579196375,252.54731400939016,43.20118074689353,294.0488503092805,332.4789199981842,146.14927544767954,370.1837187606992,146.17875210827142,42.45490757774559,314.47318934166,225.63387331576442,88.94102432871364,398.93060671476246,268.48127917163964,91.66616433403729,97.77040004598466
5,38,0.0,0.0,118.60165942856656,185.28005014388287,103.07521811781659,141.81875273743725,371.1485936885414,184.85582692547115,73.03525404850446,298.35373028256816,240.1699643667548,70.29708943048298,215.1803305236341,151.6402460167678,107.15955105401181,260.80334085793544,174.68941498639245,44.98789536534261,303.517485520162,250.22386404153917,44.202640938289456,320.1374383080809,265.1783914855397,129.117997111571,310.69061298326034,172.56281243502812,44.13033674635326,248.0643565706885,249.6901142289374,80.01805526284748,354.3624296410243,257.154912841498,95.10759723282837,95.73014713184946
5,39,0.0,0.0,100.38914019914141,167.91974100948204,72.11905761358808,169.0971644226447,364.7908309081875,188.13766089898326,74.7204880198133,311.4284318373485,225.38178180009643,79.6762828469139,228.08973094610468,168.53110889375142,109.95787909776378,274.96906110055386,162.5663367158192,46.46964474133139,200.80967587943815,259.88496396090454,39.148259630390044,334.35862746745534,324.0520637768331,124.15022355491405,309.07627249338594,197.88752196298577,43.52340968149241,298.6215332351418,219.88522292065562,78.21568239509614,331.9407890673648,230.50564513187933,85.03994830984895,92.40924440546151
5,40,0.0,0.0,94.52345656997169,164.65592626556324,104.55142564754796,153.2875516151316,326.86721036010056,165.00496823306295,62.9563746891165,276.4873064121254,207.01351622031484,72.22949114199089,234.61744703834793,172.9702047927207,75.13875526364598,275.0336444966184,188.33084828970118,50.329104797434155,291.9840706057513,192.76983468923737,39.10525804696399,308.5990400484289,274.22930547102214,126.33198807073524,337.3260502313547,225.601856286985,34.793677784934836,308.38071513373995,203.82673172764032,80.06148187899917,383.38943691946565,283.10206915916785,112.27885438733855,68.00111086688703
5,41,0.0,0.0,85.14054683527854,188.61140844442295,105.08297791464366,131.54118451221865,306.6543787762359,170.6360892309224,87.15933953033925,301.0093707626021,197.01689342389062,77.14467277293203,223.55969544171523,153.84340559246445,84.635899205687,176.86752122835895,192.75296156519184,45.27876239720421,294.08384444920097,225.43935231684782,48.58893648760147,374.4021392409586,303.2420302281931,123.01414653973117,306.1536777222369,191.0532060156868,35.783527214195004,293.0443076911813,246.56135661920163,65.42605007291849,338.8002833017328,222.26894919748466,103.0233860439672,145.46779748573073
5,42,0.0,0.0,93.36148988561784,174.70024837563545,100.53540457304166,139.17578705327762,308.21601232766017,181.21135604532063,59.61430638940541,258.2077555509232,258.6141021097264,88.69166819905283,223.2378719423895,180.05439622127443,102.30149498882263,261.4568256937591,178.9480917881515,51.850721700905396,291.3427887309701,264.03430769027705,48.908176043285955,407.42997213461973,342.22212278965884,108.57681935876964,306.92607959850795,207.05970208192778,33.66204125965162,278.41371377315875,242.05482356920336,79.68453998038896,323.18963586068804,276.44011492578966,101.36536255447999,109.40130659222073
5,43,0.0,0.0,104.30283292608321,150.10201018614964,92.93885483671603,155.19997032853894,348.79416609465,163.23359891922792,73.12694919637288,285.8397149379683,233.32571191545148,63.372117235565,264.70145473583466,171.84154306079668,95.71422308962289,309.7938923558386,190.40142694673057,45.59365092578293,273.99127635397497,215.7169300632729,44.47510383082465,350.36388362311004,293.3778428794888,108.63390622535593,305.33065917599987,234.09920879602242,41.9695119709369,245.065338616654,205.6042427420615,74.42831305393916,243.90050769926722,281.35217364265395,105.63619111777793,124.84663156218438
5,44,0.0,0.0,92.17829780295267,188.47724006854642,84.48112375035177,121.16610956470808,319.01015802575097,210.85274327287576,70.93328889614739,326.9483211002231,188.00770328081515,75.69348108558894,287.7760193151819,185.376553827831,101.34089973986931,263.7827685523727,223.90114093900678,40.55013076303715,302.57433777147173,206.91614035658404,35.69800697378437,337.55736248503746,292.3149820902079,131.46035126503057,247.74238508901044,187.11411160372347,39.789288459470065,242.89426112178245,220.11133284333675,76.73416022410868,341.68539241257724,260.3938655217591,82.76442754445597,57.51585830146827
5,45,0.0,0.0,110.2371731231014,158.93063806412584,78.77493677842588,153.4148256067096,400.19478474909727,172.07704688332697,75.13230155388226,311.2163956719318,239.2588899928392,71.1410805651226,248.78877019076702,151.14005368083923,112.94189139420348,273.0955744356457,122.78126316612207,42.497402064205446,246.6473124032115,188.72405955198252,39.91603895966423,317.6010871804831,251.4428628590812,113.09612236587354,325.64263866188446,203.6433655878755,44.82116014993366,287.58669993857745,250.06490822255145,71.88050741342886,266.0448233691659,240.70975838610795,95.26037933109201,130.43494589285325
5,46,0.0,0.0,93.63314617373335,160.6430662471082,69.30307732622818,120.90678411174108,339.5944975161171,174.25512744268966,78.51553388680674,274.0384836801628,217.91655529597872,78.52015923223172,225.13980779967613,156.38972209338417,106.85152718896268,289.9368854387434,160.26866512725815,45.264056648930655,266.949801012273,234.35570485271933,55.98416599272633,372.3814764317586,270.90027510954405,116.12985381970344,300.91201575646204,204.6429338284405,39.0730120871363,250.74741234942212,212.42345669848493,77.22497239498938,362.8365317041503,280.79695331830163,99.8841806452362,98.55986752299056
5,47,0.0,0.0,113.80144566810723,211.95285478987395,84.59250327377966,157.27095400207426,293.3793443012055,161.34263322249154,54.322929907332274,286.6189445755834,227.80308938789526,69.13172564612837,242.11564230333943,199.23735462731764,77.32706023593482,286.6970801199144,175.18203484306943,37.83928972083363,285.7393758442875,153.6866858218035,45.61594862106137,339.6838571011088,319.23343516563483,109.48573057406385,306.95664493734955,172.56079994661928,42.317221127104375,281.95473247345586,270.0650376824326,92.33231121167519,348.0390284772117,273.89003907914554,92.67152549727109,97.42274950781498
5,48,0.0,0.0,87.72539830912385,168.72703762543148,97.77856921008085,123.76609261251058,318.2135598980369,132.2025870712107,75.35503055890726,299.982808686604,227.8170291377538,71.87801533904027,250.2444699469243,152.1701813047964,93.19757475410684,240.9218924016378,194.0505923766103,43.22322061686921,288.8384928109744,240.3940605061169,45.64758598091052,367.1981284686255,229.50358289332854,115.59279504245654,298.2328252475436,196.0697295802195,39.44309438740929,286.2716337307234,248.1463029256391,76.68076744243943,341.8229653429566,294.39696188662003,103.58706490877539,109.44603808526747
5,49,0.0,0.0,103.0763686199585,191.17515107944556,70.67328598288273,136.6339467737854,325.20050620645145,170.02103855092824,60.76324867948954,317.3165990099579,193.38131169338533,76.98242568975054,234.01182752934574,143.7150688875692,98.38440146912036,248.83113557270178,204.00223074622485,52.615455092168595,249.02682612725962,228.2270825276911,35.01722839565649,326.5929471884999,290.562616370868,105.77016688658064,379.1510560060637,211.36959358701685,47.04474053979627,348.5754106948503,216.11200816019857,73.95115477445516,398.9843727679104,264.6062985133588,99.13398897226034,81.25681096604563
5,50,0.0,0.0,114.14972458893337,166.76669561183903,74.97787105238885,101.6482550907771,261.61331511885174,190.32531908914905,72.30333207284477,261.8457820815329,235.58439131650485,79.93091324346662,252.31156741434728,169.14707449650706,98.92899070373909,227.29231810441303,154.78563513200413,41.85951360391987,291.0807724378698,265.700785202415,48.411553471468885,298.9242925927299,308.06155398317554,107.64978358576126,376.8491162588431,221.44375521419468,44.854721743315935,325.43292614703427,213.34410682329136,94.97644025597913,405.48923914149543,309.477398362135,109.21220258806704,67.46862699053148
5,51,0.0,0.0,91.96430169412787,188.41225656928503,81.2136230407967,131.0859094897033,346.84551822022513,169.7530478482619,67.29024426928886,335.5721891254249,207.97232650148487,65.59215855408968,250.0407488435161,176.30501892937735,78.87018786658041,269.37516857130333,203.6054217785912,51.02178799202234,219.00125066039143,180.78851464956517,43.961126712887435,263.29354168896486,297.47325601874604,117.88866960916613,421.1002312377429,201.85773578992846,37.23163367581248,279.9282739758989,224.31767705462195,84.54182119817168,359.90486127267684,268.2542835091071,98.39833712701412,113.10518512913157
5,52,0.0,0.0,109.30581212816381,168.99833846558226,76.44812777581132,156.88718482808892,286.79223994944607,164.7837448219505,91.79168715064897,310.1570149176961,227.39687142522695,79.09570240577773,254.98025404859052,159.01084010099163,105.24541866619522,316.5994544815787,159.87467504437168,46.73180906988349,288.81771699591985,189.880526620517,46.8579563176741,287.00226781290644,328.80739513635774,106.16645272096387,316.3139311061228,215.9629978081814,43.5544672371596,243.28357406372913,206.7552321283126,71.3088741737961,407.7447536110455,237.93784705695538,99.49567444228327,120.40514622835026
5,53,0.0,0.0,99.93151478828318,213.5703056433906,93.78713745989636,107.58303463345302,339.1084846490183,132.14770156691398,65.02086084019066,271.0579719443708,227.3636904418145,78.12315537176744,208.7229500885525,203.0210330425138,97.60239304548455,242.88589820885858,148.65654322844182,50.57247702869251,248.84039382637224,223.79647873109982,39.71198850228907,365.5230096994221,277.08723650877187,119.67846672002344,346.97752605543405,203.89706345803887,28.907401587761427,273.2209749603601,241.18052722213855,81.7832472051389,372.2494262751602,201.29409391523922,107.6014622079214,135.12211553499532
5,54,0.0,0.0,102.71239484995185,181.63012540487304,76.93569791640805,128.27120803233421,308.5233634655447,170.34122209720869,68.52701684349972,290.7956501338322,272.6366687104738,77.84146250347447,253.47726051734531,190.22111337434197,89.03587036824092,266.74879584593276,163.7847283060082,51.05276226243847,239.95345630687078,229.99397055294077,48.034671297025895,342.1659521770221,268.4541730404253,115.96579879895074,361.173445428587,193.62092826075582,35.176257430162934,290.2765107932686,287.230985447584,64.02522915032958,337.15492613662445,223.351871782508,97.9251754498826,86.64327105600358
5,55,0.0,0.0,89.56188380086729,189.8075439979673,78.83931464939643,172.76209089744265,348.1832764086486,171.5349959577396,74.80580125785332,284.08413069795705,243.63021943374906,72.59196971920302,252.3492980719317,141.90126872945908,95.17403217042262,290.623975290663,171.68220020547733,39.05660893393868,266.26865258740975,200.4547057940464,48.2693181111258,322.41635878649663,285.10276720847014,114.6786437605582,373.88509779577277,220.62926153475328,42.56822144768704,295.63972247258755,207.559759202018,73.75863473489754,366.95880742236824,315.421357830914,106.77962410121376,123.82299354801961
5,56,0.0,0.0,96.97506913532708,168.89637461321695,71.95816317702119,156.5445336683205,301.36355097364816,161.11286484334673,56.19148959278478,274.17992812601494,223.39579532738614,67.75859670498204,269.4247580857784,149.75796689310883,116.20400985897568,256.15512124773437,207.63946849554375,49.74218683612857,243.09871373790085,208.88897153217445,51.410277273325626,331.8109220363635,238.55732827055385,127.70413058697396,279.1979421865612,213.4344784775427,38.696130244714816,265.50381586973805,244.659179672181,97.97560306682487,320.60813323010785,285.04812675811985,92.62286821370702,129.45799944292727
5,57,0.0,0.0,111.26795970078905,206.07241999411843,84.52006905045948,179.80605034072224,325.7356319210045,162.36514527165826,68.7831283058404,300.9316636845526,224.31376715397667,64.92451135280983,245.89409756743711,160.44154723605698,119.10640423905718,282.97838823491486,186.38983224226624,43.47704659283909,264.6424561427955,197.76636586606637,42.858073113896495,334.50902899766334,327.1345788077779,90.9810069398923,368.1248271233293,203.26255112426375,38.19881290596498,288.3082062176037,218.57951507027812,85.65738104287327,377.4124359078047,283.1497433371285,85.24132027210202,96.97440682165458
5,58,0.0,0.0,105.13405330758475,207.32235868592505,70.60772828778855,138.40777655280056,287.73355927060135,175.30256223209898,75.58062567028135,312.1476421156087,223.02391134138955,68.95397378336149,282.7424729812584,168.06733453367218,88.41815793363008,258.9564915401557,186.44150395364105,51.225756437889466,295.8634833617722,233.05522117818703,44.99002038625921,320.9123069145821,325.1323201709371,127.90505889367088,336.9404875330108,211.06357111225483,38.77957450501157,331.85148820293506,184.08312555574162,86.36716639910158,320.08201068256,260.7555124007771,102.89332634063591,103.47738264709496
5,59,0.0,0.0,99.75377476203947,194.90365424699527,86.43089322309127,137.9107471547882,295.9239211708513,194.16958659187088,70.14619393150747,335.8387111731917,282.70483177510107,67.57164019802245,260.08207465370555,170.92545704606653,94.6973084136203,286.02959303718285,190.9981770662118,41.92466336494398,291.2222406765833,241.81485393360543,44.54755405609092,242.70876966697892,338.5906805316076,126.89522376701777,322.79296070145637,258.35857843428016,37.74849630319087,315.10574309068284,319.47986957701266,78.867527144089,388.2692394659258,286.6525610490307,101.90455780690235,74.22242229743884
5,60,0.0,0.0,97.02401204368924,187.35095336669258,79.09493593428834,140.03214705353534,292.94283080553515,149.89717045355968,69.85335726460511,258.98554682301847,194.5769989311048,72.30667236458144,239.914443845199,131.47740610948784,103.59417515027712,242.6969930357359,196.92648173510418,50.24142234065771,275.3631397223901,184.17252203893753,44.897863650762545,343.8546969695588,309.6884200408207,106.87046176658109,320.71171850750017,230.18708773555565,40.72230666437156,246.56859623557932,288.5748589923347,84.09619193325703,301.7424271150128,275.42744440171174,80.48758122776474,126.72632060905617
5,61,0.0,0.0,108.73959795561976,193.83431725970777,94.15842678428254,148.42597390654117,334.02610151054193,153.4989177115418,79.21574138715867,293.76661548538436,189.81020721407418,66.20740750976444,238.1207817712242,176.85366847439695,94.35007890691952,250.85400167930942,164.22670321027732,50.586987719733,262.09532597691674,230.77813237176207,37.539264458210454,337.0014461863734,299.1824519131952,112.12414682024179,272.32224262048226,176.07954743138936,41.55191278648102,301.6964706144319,198.5551369522557,68.30415533331669,307.6815434570116,249.358766471677,99.34914410839723,99.64894348522851
5,62,0.0,0.0,96.31906934926384,183.70995461107935,96.31907664978779,146.82093038731307,310.0746635451768,166.51498870083375,77.37544553782142,329.91580635061746,233.0511881580151,78.58878867266588,260.01388400730895,186.61549336170134,101.65874328407972,250.88623593472605,193.05320714124392,43.61037353880303,259.23697268363617,261.59630749568925,47.209060518119486,340.60492866622667,248.39392509223947,111.13728444624614,344.1241454021187,202.90109805682695,39.07917810124465,303.9858880762126,264.07376435130686,80.7589520038744,332.734040716745,273.5166516759496,88.85983780013474,71.53567317831153
5,63,0.0,0.0,118.74990937826102,180.80334537670905,80.41725591369462,128.7994993221595,314.13139176241486,169.8197514741419,77.3373567600776,292.8328099842966,248.59921350369964,74.66816622131748,264.6750211095906,169.30821620832728,102.87062429484544,246.52001897990468,171.48410945480842,42.928630124601966,236.70755476456364,207.12209564273948,42.75403525404259,350.35471622662794,285.9257709156142,106.46894899625727,329.8581975958972,177.1907235062655,43.86056070954405,365.8354675074947,259.88601321064334,86.82059203512037,331.9916159995396,258.28659184252535,97.12184446646837,94.86377664529071
5,64,0.0,0.0,92.42393780763207,176.66561813274686,86.91212319483738,136.2584931465531,351.2498606915138,185.18995027983706,79.39042778954139,279.84641100287956,223.27889250290403,59.61148001362862,245.90806395883473,159.5098178758545,97.29871809196179,292.42083134990105,168.47935224283333,51.24015913771311,300.88139038448634,196.50380800344894,40.134112469088144,323.22365751850504,370.21926608415225,119.16230156827768,312.75261064859006,174.25884927505908,39.441814149350606,248.37526850154478,228.88476446988957,80.05613862666729,305.14408297801737,310.4071941219006,86.83253085609186,93.2736022584442
5,65,0.0,0.0,85.42555885414373,153.8164817621091,69.78130526437482,160.3481483907344,337.39657790273236,171.30626184170018,77.75387037915304,366.91366835866245,243.68778078134193,83.09663384961796,233.70448217754557,177.80459996830785,85.85669087550708,266.5024318371263,152.84296891578887,41.609838693359606,299.74912656046723,222.49064729455057,40.16054118104481,260.79827410990123,302.18630651422,103.52406634308339,277.6175400181415,228.12173154160737,40.72973629176726,269.57202447821254,186.46729937167177,74.9146092359318,361.58983060762984,288.3210715646536,91.32555070228919,89.18904205655045
5,66,0.0,0.0,100.66535890409122,205.15015722849216,99.65813889637589,137.1517212463169,331.94073408594204,175.55260802165338,76.14698459960424,279.75516225253614,216.29400429620767,81.40241831982244,253.73085538355951,159.53138574852895,91.74905577859774,272.9139248164585,199.4802812470774,40.81688653479817,257.6721557326297,201.9487193024893,40.825000397362075,309.0877022143084,259.2965532008152,105.65266954531342,317.6755462992621,183.06805036300807,44.54593904151607,303.5959518111409,231.22994402999612,74.7109083263065,283.9006305082788,311.04101563689795,101.79984465240123,86.5666527183777
5,67,0.0,0.0,101.90729004014558,166.0375518949403,91.16921088434847,139.63374248799457,290.4646922589906,174.8619758258268,58.59818415205784,279.8912036186013,236.1238587026165,63.77861833056407,282.97468488657665,150.5051802353767,90.0732776074825,260.0048145567677,212.85161140947213,43.65366436994602,246.63692480097475,238.70893225970534,41.25903837100123,366.6945875774457,267.9222647734338,100.93217859911415,332.0045756229978,180.37561744601211,38.25309119490717,249.37480049161576,256.37307713696293,84.94650298055002,310.2460402438729,296.91540994420467,105.82244677936359,126.90609189899428
5,68,0.0,0.0,105.4330788476347,164.64485470867405,79.29488607613897,142.38183840080774,274.2810914216799,197.47629199286933,84.05514611754984,292.7247576445598,219.38936314285272,66.59495701958136,240.05111138751917,186.71750341789513,98.0230110395878,286.0273170694353,143.0833599277717,44.17123322706476,195.06367109467305,253.2514046295175,38.501826356756204,378.82666742877086,256.879267987875,120.15626374407239,269.93804712918114,179.20411219486655,38.85635754351658,296.5156809107959,267.8976847697367,68.67201124549642,413.1809406458533,307.070411402208,85.51378211473846,91.81054387014103
5,69,0.0,0.0,92.4800197953062,226.61038954485667,84.81277799616241,155.2261800236438,304.4732524950295,195.57648068050776,67.11195687275749,291.4929633805016,190.68488207238923,69.31195869627123,262.10478295057703,160.77755118342984,79.68037101181565,241.7629424123074,189.7052473013369,53.565523753498674,296.57995719207145,227.9013980660606,48.67653136741491,359.2144606766519,292.4616184931005,114.42062055335366,290.9574343340499,231.06867461520045,37.431233623732325,294.8081594013124,269.8825012234253,70.83478457134929,289.3832835598411,308.18014210746793,77.15141852701292,107.08122707768074
5,70,0.0,0.0,92.26201746584888,189.7102981356734,84.75257502053772,149.79056107975666,300.9958433173139,218.27878338671758,76.47947921026045,328.72385274560446,207.5358715159324,58.804046623507105,208.30603761270385,165.82505065484153,98.2445702913962,285.5426019002172,211.58595888419472,41.99846833233751,288.57086742552764,165.27465314275443,42.45052028134036,381.27838715481994,265.2995367212539,113.83796536002015,382.6778771365707,197.00968265239723,41.66214846144105,317.6590507527235,284.79437729545884,77.8197510944496,334.6088834066486,229.3430765334059,95.21866284424739,86.91740401866939
5,71,0.0,0.0,108.51975484390883,184.86707480555856,64.80404615214326,154.3554081308366,267.247304180858,213.33630067569436,65.16281264509739,360.6629785254906,204.53318682633756,53.92861629053964,260.6142126887676,166.7342628432543,96.97326250662562,308.8577846118966,171.24726725670965,44.367798821806375,243.79840034366654,241.0330461276613,42.69088323118946,351.55166430341757,343.2064324174858,129.53872055856894,339.97019184662474,183.07425260278578,41.798107579971614,248.55683678869462,228.22571227624036,70.76742472428006,323.8277676335736,280.23795751265664,94.21817466522313,79.76317815613933
5,72,0.0,0.0,93.51897868251365,194.63566655925524,97.13039281720161,174.42205261669275,300.5418179444483,204.91013653938336,80.53777848448414,279.7848839293085,222.2588196324211,73.97367352697283,239.2914722781497,145.8718857781945,92.75087894821041,248.77661217749443,169.20623757363995,41.92572547879382,215.18475199664377,220.53265012997383,41.65831939677132,379.0804949691134,276.002815732082,90.36550401267256,284.8393629179319,185.13652164829352,41.97564962760748,306.3148015427633,205.66309653918285,73.93382896031304,329.7834229942259,259.81853150226664,85.83985667078784,80.13312640233991
5,73,0.0,0.0,102.90555539261868,191.2579214166554,76.52307697878895,127.96961449071597,319.9178012834734,189.98804437390746,75.29704179435328,289.019789211764,243.5307358357323,63.66806059801314,243.7029369481147,165.2982018133714,106.01765632208304,280.0066576392358,165.744609505567,39.2102174011591,300.31293587425125,231.1313364981453,48.73365419177826,310.37490775353933,245.27673222517623,120.27696136888505,289.3250246636093,182.96138884643094,44.584372070861505,293.2714086596643,287.1334431023853,77.30616587182598,292.9340141135815,260.52517269084916,99.65674067709604,113.11524037515437
5,74,0.0,0.0,95.7705259354317,193.1874845571911,78.98574041155463,135.19281140134137,354.8428326941045,196.0075688574347,57.661605764104884,252.52985266737585,230.61719866532155,74.06216870378572,221.05720396574344,161.51133711299713,91.1136808535367,240.82352938804053,179.12937199782323,43.47334698389962,238.52454288638188,221.6244400101097,42.78630642685628,359.79987612357894,304.49641397328696,133.1721623167232,284.2877929891841,169.31221394572114,41.38005422527332,250.02777351068607,306.67937737050454,80.84565023889438,335.62875919530114,266.9185833267096,86.27019991919963,114.70878972177
5,75,0.0,0.0,112.77371700607904,204.08166424979476,85.16472550246183,118.15360352056382,347.14879633464534,159.92829002755622,67.19595069824388,343.50520060437617,219.0881674124389,69.67163089483675,272.9778642329996,195.17977785740143,97.22882839118184,321.7743029498559,153.57373539458004,45.16899586116649,322.3388018584775,235.5112288885504,35.129745311779004,316.87340492138105,321.9099964343847,99.22446078030246,330.7591123719378,197.72842519846137,43.44065978133169,320.172264742423,309.30115258322166,80.990901293991,277.3620244186406,286.848940880233,90.89904431248038,100.01211897540688
5,76,0.0,0.0,103.56736766054044,166.16465938367998,74.26336573853119,140.40160565260553,365.62581190562526,158.05031947316542,68.21439568448402,302.4608385973144,231.00202025501136,68.516178683156,236.04100686486925,158.25475288329102,92.53055499307776,215.01248562404038,209.18624244843767,55.050989190707554,224.08456548558837,231.64526998270657,50.03543261013091,300.46635808982455,275.75704362455434,91.02473890968162,259.75522584688247,241.32124186399085,40.2079300926609,293.09590187984566,261.7106589160133,75.00772687260293,325.0920028770261,276.0284415993164,86.01678753427602,90.05820538304852
5,77,0.0,0.0,95.90467624002535,182.4385923040131,80.43947830131901,115.66716289190697,329.5524880120939,172.11220027305734,78.54908576998059,270.0990112545748,183.71713033645364,84.24989807035205,271.09372276173184,155.6479073876036,90.99703879067135,275.3087635045796,204.37721808982604,50.8716848953045,295.8800386853914,231.28235940122386,42.30553341602748,318.55028335893843,214.92538736544407,118.999020230712,344.231603354696,199.91344582726518,39.909759350818646,248.17021885061575,253.90773355110812,81.26427523180598,273.68899854021754,305.2811242306899,89.99718766042932,110.33177007033399
5,78,0.0,0.0,98.43610863455729,197.74044697470595,94.52860269998324,125.86873372151503,317.0973897497377,194.36083169286053,67.90554467733536,292.4451578302675,263.6767214946787,60.49384440962486,226.76224737095686,182.16484513645847,79.10646752004199,277.66834624685345,152.78215259486694,44.189560201266794,276.3062967969943,205.66854777991475,39.998655334519114,343.70829524959896,228.30779638360772,121.40958954923134,349.4754100675991,208.50974726566915,43.9711727994896,311.5756996376202,255.66798057789637,83.41980232825821,318.43073411538364,284.0120198154094,111.3388758425459,51.797137099155776
5,79,0.0,0.0,92.53139423939172,178.81670300447354,89.81971708930861,174.8843407335405,361.5653517910979,159.42375796781923,61.47308588149113,325.73231032835844,214.59322139908434,65.43354267225254,207.25775968006553,159.64734776551916,98.87386740720528,233.6662884208621,180.17759296244938,49.409468596609464,296.70113576586215,254.29921395357843,45.66113709511407,303.46589368816126,276.2686532290384,123.43279754567128,312.3641166161498,202.08641023032075,36.2105278222603,311.69414247810244,256.7404853313345,89.24011292808649,390.1996742874727,289.87322124793167,84.6018523085513,125.44235211639257
5,80,0.0,0.0,85.82373436575435,203.6119646404074,94.1801874286336,140.6422005801447,294.7519451238322,176.7233249805885,69.72351440184256,300.59865421393033,239.02218864323154,71.64205514916159,223.39885336242477,155.81147231169894,100.13878011083736,300.51374322591676,185.46905108651166,49.16407539633574,288.04260189477753,219.5514280342408,47.10634498715792,277.49322798799835,347.87328827278503,118.55363970606477,340.9765572527332,151.50872187144208,43.89081114759107,285.6327675294596,247.63432193197232,83.02729993560996,377.2061684822352,248.36366911247472,94.27765361516637,50.842564364874015
5,81,0.0,0.0,86.53606552585882,169.03661794563814,76.47624410856243,141.4111850231215,327.4959517467358,180.9118633743583,69.0981149618041,231.64249786997883,228.33660915981946,80.75376809153198,284.35541447013543,181.2431167581264,97.04818523135948,253.2731405394492,166.0043890313155,41.67066714327839,297.148257093396,210.0802052464299,46.61827893128139,292.9807347776263,310.5129219399091,108.48271316192869,376.9265167334861,221.5618490393208,45.99495446531463,267.96644330624935,251.15200853562652,73.79751985257683,349.6629204298971,256.78383848032956,84.51661832176411,101.4386838730165
5,82,0.0,0.0,108.26433454497116,176.4436878023069,90.59819586287676,124.51194115748672,368.3503762485817,206.1663184395712,66.26639302111916,341.07370441026796,250.2302685617039,79.74644730066261,237.14477314027968,167.41680128486436,101.31578695400462,278.14951926418627,191.11688945033396,42.35221463636779,276.9172088892661,236.18186404799513,38.668383869083954,245.32871973333738,367.00832243635307,119.04783778445017,270.35477207762574,248.9141673127262,37.366249162402895,289.4134699860106,264.6915606618393,80.38992882533947,322.79992403107076,272.68055143207334,95.64533800700082,103.89756644413525
5,83,0.0,0.0,90.85756989489668,191.0181557330896,78.49786186322827,140.50257945291258,297.22251661794735,163.11304769416665,69.12558335646249,418.5669516381814,232.8786937378414,75.34022124400417,209.8414177415388,135.99316450773387,88.93945076180076,249.14576768984608,167.01994052043696,47.04425000643106,261.91923143151644,208.15809358051573,47.13374302860126,292.42915200688026,307.4313198377292,119.40820443870611,267.4936170337157,235.99791185270738,45.24829273977129,328.3149485795813,245.3299318062472,78.3946677015001,336.8682000700646,218.00237870375847,103.39893380104847,77.44714813932934
5,84,0.0,0.0,111.22462362675708,211.20487073848028,53.396684854099064,142.46120384192676,264.8042987247922,182.53509796623396,73.99113563193467,261.11283937715217,232.52151696445642,68.69704413266939,287.23003496215046,176.44561644163159,90.56975153246744,315.6726627090885,179.71463247096275,44.87625730695077,230.66248302056363,216.27103938843663,42.66728747578597,277.40831643231934,276.6455379066997,92.39164108787205,272.8511282783902,218.16686296992677,41.484305729717384,231.7731223560036,224.6841529873298,68.090719950913,373.9968923593259,241.36082346104433,85.241994927906,111.6160908057068
5,85,0.0,0.0,116.08192216220425,169.87195066378956,81.03770048098997,130.84149642157,304.88820310107985,175.05444988460903,69.4360994447122,337.5520615307596,221.15338215464237,70.72758472649373,221.80690354500595,167.02673412407034,104.64405509684882,324.83291233614005,167.0693401178297,52.73216202129289,260.77543214578276,207.0204252457574,36.30779273825227,222.17915804309902,273.6734784526419,105.57755134735248,315.2037232228487,192.26101754686587,35.23273706688431,292.58076658481025,232.867297234704,67.04286822095335,292.39386725224745,240.28452051915755,98.87973890071366,85.4441125304054
5,86,0.0,0.0,107.39283644832194,188.76160100870268,87.4479700287184,142.93192902801482,427.221178422684,200.4044930996041,72.56431994365863,304.33135618721235,204.19775690550796,63.8637452268493,258.9469100343266,201.63132362441257,108.39782727745482,290.13496118550967,163.77543868061616,43.8511905310768,260.92153656799974,216.85711403658416,37.16207388115212,283.1540837528695,287.7863607153642,144.53777096448925,346.5231354123313,237.88883313744756,36.42703106379136,263.53900682667387,244.0787794550926,71.49676395529977,371.94560071247236,244.2242551182116,83.09604520413252,63.15406010494487
5,87,0.0,0.0,106.98582483840296,163.09723267619412,79.19468305990893,156.59797173934217,357.0385926341406,171.92849216249047,70.78211017705753,330.2278020743533,216.89112888958365,74.24881233016905,236.27255225267405,162.10175102339224,95.74945008126281,193.42312253585777,213.79178298549778,52.84636986904031,253.86946543499695,225.1157188674865,42.20550606394576,323.8549791023612,298.953643123223,111.73333639929618,338.1928387989795,210.06635713492224,44.26070621033122,304.4708582222443,255.02884257856448,72.02535959975997,362.34368692265565,305.5159282677665,103.68188731175178,103.31168862450649
5,88,0.0,0.0,105.76638908839975,175.84171726137964,80.61675021351233,128.0218443091355,254.13839876609333,194.83297604082733,74.76513987243689,315.93330375803714,264.2494066903102,80.41488754456621,248.7889822861669,184.33715484742717,97.71934987692474,270.8381457691521,159.34129751073272,51.97123168044391,258.67260971303955,244.82364759179015,38.32051964993259,362.7703775374474,215.27972751524385,110.71898912906903,287.4333535307763,195.18884723587558,40.77385770060439,280.423558486029,176.5203811833461,69.31853654890897,320.15946309042556,261.8029245691637,92.44776763719669,113.88905001404257
5,89,0.0,0.0,108.54271385544398,156.35016737047346,64.94182449497964,145.32604309489824,319.6172699793897,189.8891804913556,65.2624219703255,313.03431751220876,233.8678271370705,69.08428407893126,215.9735961710665,134.5929651973709,102.55850900062015,349.91644542893255,178.26157175581997,44.48590515058025,266.14124538665305,235.9639960865945,39.42216488752776,304.48569186619835,256.7559102185326,88.69458913956007,375.6758194190537,166.80498022822434,40.40072344420597,298.8104560089893,288.18893367396356,89.6946982945264,322.04387185353767,326.5248927646567,100.46949223709713,120.68805957842613
5,90,0.0,0.0,90.36773403190519,172.49833350033026,79.28485773119293,141.76462197202608,327.24769726371585,172.14675842173116,64.91225429726993,316.16779304056126,209.04576784336754,84.20817959615195,254.07401361336787,207.15663653199732,93.87339954956074,293.0157617636184,187.53766474503493,50.500899598516064,276.11993142086123,233.9205933495445,42.78239408063482,274.7638532258012,261.2753460626251,117.82679147708589,302.1826351218943,195.09640059829357,40.59395143565433,360.0609257859386,258.7972838927142,83.46903246015056,375.88401071612094,284.17468316742276,94.50247987062235,76.90700881661431
5,91,0.0,0.0,88.83554220464495,173.6251182112315,77.8781700970088,140.2522963243679,376.1451304524679,188.1433340774213,70.85129789733658,273.32569566777767,234.5325821435579,72.70558739289005,215.12845520973144,169.14906772856938,97.5478399932076,307.55938598077813,170.0731259701737,48.420046841720676,233.74782038876415,222.17866183612716,40.88557701621819,345.3839610517028,289.88910829699864,92.58781539722075,304.71570872790716,199.69274337004714,40.23523395739359,304.48491726359794,244.1891541607749,63.006877429936075,325.97158003418775,280.4619129335796,97.26429807775047,107.32651572702609
5,92,0.0,0.0,107.78818808462042,196.1268975721869,80.4373779857823,148.49123977119046,340.24006083112886,188.44294000239478,83.13673658092085,244.5606378657595,251.81993546198123,67.32346606400839,246.45407679612183,168.67888734769727,88.92427053990608,231.16698500820854,188.16448866965993,52.99746771822278,271.9959097320206,176.09461624149952,44.07195790706596,309.6221230960016,257.54035895589294,115.18334895767606,309.152759345272,207.66493983372482,37.07098716752667,278.66562288315384,257.51252010068526,83.44882745573594,331.5782346336527,240.25492349026413,92.18971833371211,87.4108110695415
5,93,0.0,0.0,103.47098354772479,187.49686214131967,89.17073817677664,122.94915433704955,269.66183739851925,175.05648701599227,72.85812910667782,230.958899716956,231.66972895631912,73.21585837621397,234.36109934816082,189.9718344897464,92.8989220843252,250.51714885488238,188.00432564813428,43.58940646143663,249.58029825050156,229.85206320910547,45.261432121429046,253.56332317905736,297.1695126239394,123.62093433496199,287.3579581873979,201.222213228794,41.82927030047111,303.5889504788089,234.56326015980721,74.25653426477774,323.59200886558006,271.5041828898791,87.60667509235668,106.13139926692992
5,94,0.0,0.0,90.9434644909736,158.95227896400277,89.80163852725862,145.24381910019517,332.79861340521927,209.52467399349828,63.78235488258839,276.38101750501573,250.23660411638343,73.25137733207261,182.3546300564505,177.17508449690143,69.8497681705978,320.9798801184643,168.75653775263325,42.04538534207512,329.2533600880173,188.38623192939178,40.948605549258524,327.0528056024869,296.5567405815196,99.28237434900885,273.78407335633045,231.35707545796524,39.805835594883796,284.1060422336225,274.13099235790133,67.70035843667554,365.0778186835173,245.67475110269874,86.67977131729982,136.01873174835913
5,95,0.0,0.0,99.69649694090805,157.7769169173065,73.02270344378265,139.2422250874778,295.80818949032283,141.78303468277198,70.12608938436686,346.79470905485675,209.10236934427692,66.54995966033455,252.32414729435385,173.0472521498064,88.10069835019932,287.0857000767744,180.9777700853471,44.99007829913663,261.7592902064249,173.40472896473244,42.8783491358984,338.68554510477895,282.9038089200785,104.86816173123424,295.47579952970193,214.63113933015254,33.394723604516656,271.8435257326087,214.27398418840627,80.05683143396584,292.49583091750253,290.9501118183912,88.76436339746111,77.05035258047289
5,96,0.0,0.0,109.16132329495628,198.9639437078236,74.32992100495359,148.3081278797838,303.3546778756354,194.7463348146003,68.15795982037922,315.44207957677,236.01294821877687,85.33557575916707,215.78306735897638,157.4856703107835,87.01136879935434,227.55462913611441,197.88777107797773,48.55856788224865,282.65502340296655,224.30900374402736,40.62466710215291,349.0829578960063,311.53056285649814,115.45992118003068,349.36809715873403,171.70305717552773,36.0154900693785,296.655781001457,261.0987674264744,81.52216120803261,298.7064008494077,285.2256795738118,95.80084693046135,104.64361581352907
5,97,0.0,0.0,125.42367468114355,146.0741039353117,93.53493512502816,149.82574992208743,280.4585405936889,183.04280588922464,65.95743474917128,281.4338164142293,214.19929617335544,74.838641267284,225.04190376654617,156.4570399377304,96.73740360227619,283.1521742524802,191.83345149340963,50.92802881677083,243.28224737056527,202.44760430268178,42.15155785775342,294.9400880012085,262.3614980102938,112.45267168576036,319.3250295912415,196.05670821292458,48.38635377608438,320.95548824104645,247.82269859163972,80.81533118501768,361.3830054261528,248.75755153495464,103.46826484558702,94.19013371914858
5,98,0.0,0.0,77.4125390596411,175.7431279236969,69.86373632664689,134.20683773714723,343.31643516280366,185.52076760747403,77.53050105765944,340.32277572705436,207.05641681792844,68.27666319107163,230.11038428002797,136.46408086903978,79.24147646140663,277.18778015932025,162.863249172639,40.458916481951206,217.1623421991373,214.7604557291285,41.19522988916365,281.0849506860357,308.15599185751813,133.87604025427382,300.0221987539166,203.43976313886452,42.25278269769602,289.407637101511,278.7281021812266,78.60579786778325,349.17857494633944,301.3644603349257,97.9604213852743,115.91127142697614
5,99,0.0,0.0,84.20761126982603,169.31659163689798,95.63516088996766,142.4985984167752,319.8415232192302,197.4869065965517,67.28438584378378,282.4038089830254,201.63514939421862,74.37442452923905,208.86714566232294,170.43916599227228,86.37813786712874,332.7633646670839,120.6241214194363,49.33724629437098,235.3831379133327,234.58089803512613,51.92444166849387,303.8211764899834,287.3413509000093,115.56482235719437,333.04231928581333,209.65037602234685,35.64726333689417,267.42726157665305,284.30673545642827,79.185488809974,356.64345527665284,287.0756350594307,68.14000287058833,103.62223459035506
5,100,0.0,0.0,109.32287371095222,168.60838767580984,87.51714278592583,163.2370643721736,314.0867443308151,216.25430589024313,71.51851445433627,285.9537601677025,200.99765833674513,84.00257752682168,247.05627542025005,166.50712428223454,94.68101875887264,270.52291006196396,186.0242806038986,53.74326704212384,301.95867312237806,215.41215784052298,37.44882129209562,267.20984930362295,183.6589637362361,105.6108482846202,357.0197263970301,192.85720987953184,31.00223415826391,273.66253380124573,222.7069439063999,81.44952682488129,329.88433757019936,238.21214867608654,89.56049514428597,94.49780624395024
5,101,0.0,0.0,91.12284034528665,186.36975364068144,94.15700410796155,113.35888905942792,288.36073184859475,229.99302725613302,77.3664175658679,247.92862231314143,167.28539191573051,74.49461515264008,246.21366265954555,148.47421354508492,85.08604212118344,233.54343326868374,159.297332334084,52.6726976549608,277.6973816822032,204.20499758755662,38.19621975276629,348.016858683912,313.7860444600574,123.14589789718559,320.2491088715113,190.40921078769748,38.10860776806961,277.7058483722675,254.64297292906122,57.766097197452034,400.1410557569144,259.11097185488273,92.79066250918758,77.45065562622912
5,102,0.0,0.0,97.56910960138485,161.65073643963842,93.71832774274898,153.64361148222704,352.1638003050174,129.5891526643243,69.12196437531092,296.6030183356665,229.29841215342088,77.18749040220192,224.4435039497336,169.01675771405476,101.93237569882139,349.78563999854816,179.18613155237347,43.50040420872142,283.68500896976377,166.9578952012115,45.04650084718138,316.1374018373904,265.3016120526036,107.03166451190123,254.97286673217147,163.9319903350782,38.714397698575574,291.49033518140436,296.75354749441385,79.71545762270439,322.8606714055424,280.1131849309512,96.29135142416611,96.07056467426037
5,103,0.0,0.0,106.6700204401146,165.4128431456487,67.99497494164035,136.8127877452479,324.11859009664704,202.35261574804395,82.45112420568526,290.8864016274777,210.3217023839156,77.18652079319818,248.28618270373107,189.25063486948324,96.702948741506,249.2663359812018,220.3859965649608,53.754129822523694,281.0246105360176,242.80738655952524,40.01297101115246,340.95300191316835,289.4326655898033,125.30186617007386,304.274405351499,199.1050884782882,39.63767108148931,253.01993618267,271.9269962067436,62.8980879335506,353.36026147669213,268.2002385270296,98.3288798334867,92.90221014492205
5,104,0.0,0.0,91.26698911631902,198.92866712708144,77.18281641983216,95.02296147332329,301.2026411323718,176.6744592990782,82.07859928438297,322.18122433418364,236.6224347381871,73.45049030759907,205.52702545552154,178.74810379431025,85.79657938683177,236.49815630606003,176.3035571548858,46.3600317595141,248.36953871105788,217.39315533890414,43.398276192022905,312.95256349151776,290.8636860836815,100.08211340321625,300.80098950707236,208.8663746784248,40.61782644710247,285.98274320890397,252.14103763404185,80.87165172501223,382.9857570487182,314.1388889792141,88.45087534287977,107.1578010191464
5,105,0.0,0.0,99.02347153684127,188.31324655495763,85.18127773415152,120.43669071686874,314.23255514397454,153.27700150293344,82.22356352637927,274.78654437555855,217.25927084886678,65.3690069520828,247.52337981865412,182.30116121375835,95.52839329130514,272.8174640048099,215.41741921713887,41.9293156026777,284.55707206279743,221.96317398621025,50.01837635674673,318.7790198297797,275.4786034247113,111.29308274599556,348.25580195451585,195.84605301698207,43.038977366083394,362.65146810423664,266.35787591238704,63.82344733955705,353.8840318112153,298.34382701981895,111.78698612852685,104.05188793087112
5,106,0.0,0.0,99.85895641897766,199.98710266527186,78.22749884738255,160.16653848498743,343.9084350602243,162.0655184601262,88.62712202529923,320.9202889325209,255.83823899988158,56.98123928688548,211.565778958283,183.9822735305508,83.24117856922925,304.3574775734436,160.68048024034707,48.21957274927445,299.0943611121907,210.86574631504027,39.62768546718498,275.3407622855351,344.1040495768239,116.92932115790988,303.55968925595835,191.71479559182944,34.56478889666451,270.58668117905376,253.67567398682513,78.48485434047801,270.68567033252725,273.7891369745529,82.68050574827768,169.15031778759175
5,107,0.0,0.0,96.64616047205324,216.1553540412346,95.1257707134474,141.7487444307999,326.6573986285507,161.13344707633354,75.40446308284484,286.929938463068,234.55111694742902,65.7236231867702,264.62278518294374,135.9232464705723,100.87824397098994,285.9144665046175,171.16816590468534,52.97248242281903,237.434360991641,253.31261658382724,38.41144784859526,311.677395423329,287.11575135281765,103.7805967768185,359.7753049131986,234.8169968343462,41.525163576023566,303.33853639961967,233.63896826566588,81.38295233952884,342.865232518064,246.93838807665284,97.21355086519442,109.44437992383237
5,108,0.0,0.0,100.55655222808431,186.79806156792185,86.84121267672646,137.07653482724234,343.17006329939176,189.98885298886606,74.12210730120816,300.20453682365945,225.9804042732725,68.6280220133074,237.79686287860363,155.45934088294908,93.50648820239465,273.6302176850255,159.65748730047034,52.53046725613015,301.99932064809093,233.35394466284933,40.5328424606773,291.6037008611992,337.4082967649926,126.08339948646436,351.98128353656807,224.78314505876247,37.703962954210475,308.34849179063843,261.2181797955184,84.74122316332347,347.29791680745143,278.47442525486167,81.99917907852469,122.27257425831417
5,109,0.0,0.0,116.8746756438151,186.6364473957653,82.7257534377881,154.25775487946527,271.82415515930677,172.059772916005,84.96146824871286,346.78867584539597,227.31860024974674,69.00990941614877,247.1678381644674,173.09899336232223,91.56919138349767,236.34104780900748,159.0245375319392,37.583183520039114,241.4901957107258,168.97025129717758,41.081105484641135,331.43117094195094,305.07883021937437,112.67104279880262,284.24563373387144,185.07010210972024,38.60029595153366,276.36736112136583,262.75610455896856,67.94986779452353,350.103576767236,299.88590236431315,64.80405662029005,96.25524240671417
5,110,0.0,0.0,97.36458490140286,205.56664740899743,105.36223616954783,122.16646703149704,331.649094159687,160.73312755727127,71.36664711657717,262.05637935830913,198.52307611749947,84.02081376165381,231.92718724248948,178.0032000168372,96.51513683731596,263.3801531572482,192.1891260062003,40.255989090286874,244.60919380192757,236.5513369040037,42.754132671061654,407.1761088070237,281.5784529991122,130.16520125385858,299.9847733847166,193.81427821613767,35.292306329614696,295.4128038125477,256.7789940853265,76.11282888130424,330.3413654115966,232.0978012980938,81.41575800620824,118.40399762380625
5,111,0.0,0.0,95.74054831022498,178.46899841253537,92.33151592551503,149.63562761687646,312.10724742335213,177.30786525460135,73.7429052252869,266.70852771005093,216.23370180237188,65.71249209696514,239.19594667832217,166.62604165458674,102.95525231817423,285.3327340911072,148.5201341693181,50.98317092596192,275.99307834382955,219.4019620561589,42.74061409051207,381.578300653245,293.747176066223,113.54382430201812,280.21444270771366,159.294910234388,40.71316970996074,300.3107873457245,232.1723853970944,71.38994021841498,261.0278940131553,198.25584361451843,88.8419426865082,114.99523078196523
5,112,0.0,0.0,102.28198423560248,183.6962794125115,76.17966360852742,158.64763799760487,364.38194275894267,176.00933164664545,57.72744259238704,313.6800713393843,247.0824708699859,82.65151579162993,255.90774911371943,177.38725900437484,89.72115564566751,276.1510430833497,200.04257124376196,44.14712097214716,290.76609317891666,194.41493850279113,45.38111091642874,371.9845364011111,264.6729117369037,111.82458953283644,335.96831515327307,193.49209937489871,41.644248641437024,272.11761055356624,266.09408835366025,82.06048210580924,329.36293694090006,271.02807945187124,90.59583702188569,100.81804423163113
5,113,0.0,0.0,89.58693793566252,206.80127083361745,71.20385640428084,151.32822082239792,338.2029708126632,156.0855225115593,79.40644668236824,286.2364728965812,235.736165164283,81.52789164809056,246.82956914744054,157.34074734519103,99.27259246450848,286.48200178122835,184.60424686941943,50.28170493203047,221.03914549781697,246.2016861011441,41.093317660832106,381.6207305762906,279.98853163072135,119.64447953465324,356.5408186161716,243.28953161624787,34.848480291313834,310.89582872835007,289.09740004467454,89.26595452260827,348.4082784754614,296.42717889664317,85.55878735487765,133.88831810497993
5,114,0.0,0.0,84.55785732152893,175.6723100735018,93.57103343403422,115.93356801387588,342.92567446210904,170.72270263017822,73.68765227586435,293.1706972623748,252.10456201826375,64.8222789065649,255.99572599835435,178.75549158850336,100.59301577274717,245.4835132248265,172.9012191989703,45.08151702329372,293.11623014350545,257.191372739745,46.77688462896977,310.22302829647,268.51864685821494,112.90595808542201,308.35808772166797,205.73108239518564,37.68390841778088,332.02205017822655,258.7054605496174,69.80390311275309,325.7081231466161,291.14520694929337,74.83820556066237,126.54448370595331
5,115,0.0,0.0,98.19348438369224,156.03736489027915,104.05412221315535,129.41080393110246,328.8904332525526,202.98498317768082,67.55312797580979,294.4744398917962,231.84630771791208,85.38250855006042,230.63544510560564,161.06872034649516,82.99903619610696,327.70714129552,177.20019407015843,47.63512325179147,264.1335162345145,219.46610259197365,35.091084896358176,327.01727012491756,350.7378597295475,116.39259320288114,352.86214716728864,221.56868077488372,39.28254800637127,290.67051566065953,229.49678449753247,78.74812852449007,296.0433396212173,332.24063981861997,92.93480103171949,90.05469765861336
5,116,0.0,0.0,110.20388435224788,199.50624555359718,83.14670505796572,133.31719355181468,327.25806893860516,165.5113075800408,75.82528017914159,316.7889915751933,157.76046921125015,69.44914977633938,255.54879018182473,175.87665995173708,104.7512155404172,297.0064542051428,183.77090934042263,49.66738782115013,276.69797828263336,210.33057900124803,51.290849597679056,308.9981910535452,243.9024019642843,114.29270364912661,319.55272972225566,217.35348410994095,35.75754369003711,292.28745432003626,269.5736535036131,89.75355393619432,268.4958999129208,281.17746877433086,92.68218429513757,133.2284190044341
5,117,0.0,0.0,110.10435265860616,193.6048756847187,97.72517683061945,146.9570976814888,265.56758055048397,190.38666226928447,67.20234005991698,266.9408074782518,216.20326774706672,70.7842935995115,223.710491169586,156.44211976836382,99.04818784190289,269.8004718946391,183.49914776022143,39.225918516594206,279.57661301975605,253.6121517951257,45.71873070970055,352.228528797528,309.72638779513755,103.15747201002729,331.6962351629399,159.78720985890914,38.58902729045933,300.271853367269,259.1612348203504,73.81210300354248,367.09511274449665,301.35188429523123,94.3677054335928,102.14283297382492
5,118,0.0,0.0,83.82936240420814,177.60711800901748,78.17256607008235,166.69811218194687,334.21240869844894,165.0299251548795,53.67515728035808,302.791878457086,233.11945032493296,62.633432928281856,255.9157926165437,148.59309700104583,87.78003265050141,292.2267191180031,195.96499156654036,40.550500630349106,293.3925728204893,237.358570152471,39.651767186494354,315.27119970086073,291.94930487484385,110.62763781529229,305.27216915585495,197.84081481620598,42.36412466703722,288.1013633615663,295.8349154997369,79.48927349811245,388.19310129617855,254.1338912711759,107.78046535865042,68.69417382118112
5,119,0.0,0.0,97.21325191426003,171.60655415823155,82.94013520628306,120.98773235565115,321.6982529965508,181.7245134397746,79.49259778486366,290.7683191567939,195.24360323863348,82.12374408859453,214.21457090253932,172.04622191740788,72.65951664089145,304.99339714800396,175.39065564232286,53.69899591243244,279.73418044353,180.85675451899715,37.817823088287355,331.18520589797737,331.24075895136576,114.79574673522366,305.90531650316063,152.49271826337028,45.11671688234449,268.84433663440154,220.7736635501034,94.14508941968708,333.18611151031325,295.93942258301337,90.16887703083334,59.24318741456341
5,120,0.0,0.0,109.63910819530592,167.8864166107369,77.50740515507113,134.93792720968696,300.0575660281188,195.86490967805022,63.2148502960996,331.12634608939817,224.64981924573564,70.68344341689809,258.84405126236766,149.59561435430308,81.78774365462228,271.342985111168,186.63884778315594,51.66243664276728,255.22812957722968,169.06795322293274,33.36065215239904,356.1310482412505,286.54935578666596,103.34898565290769,285.2531526269598,218.7452548796209,39.92194040714006,300.8800223117476,220.29267308682608,67.3083440836387,389.55058398935523,260.4446757445084,98.58404663249176,135.26146381564456
5,121,0.0,0.0,103.92236107704156,218.2267175991516,81.41321278380953,149.19994167139868,312.86796043371993,183.53239881324436,71.57667185539606,308.42774906354936,192.31209883286343,67.98946342681697,267.0542481439746,182.4505151725178,84.7564706716992,292.10475799494975,207.51589329062364,49.496504308617524,263.15265929309675,221.7301183758966,45.713975650850244,342.06116360285904,222.40878598322337,124.90831625875586,303.6515942902926,181.24407039661054,39.93289659128409,330.893035200618,260.6994045631651,73.9508750469405,331.22622894732643,243.06136313098656,94.25368038986254,97.58957990883466
5,122,0.0,0.0,116.80189998837805,197.90251874508223,82.40701987794527,150.9446481747697,347.1513922612937,157.767235107741,65.17037491474483,285.30824430617673,199.95212804721518,73.1208685751859,220.86108923413488,166.5812806379712,81.72193540369244,196.3551324492143,189.66405388929246,56.10440682791546,286.46252558695573,243.81422579439285,34.06556865266255,371.72656117975737,277.0070259945913,128.44843357809776,322.57065295492487,201.01602295411587,37.0000286029527,314.6910860060531,271.6696762236655,86.7207345020522,336.8128319426478,316.9108231053154,81.89820296525271,98.14576336470758
5,123,0.0,0.0,103.76815616078996,152.38984095221323,75.3656254527702,124.30185314879002,299.1820825852606,160.32598608837688,83.13980719583728,293.42178983510973,227.20906944147634,73.492934306302,271.17346631130187,157.14590773977474,82.41220293757081,318.49633952045616,185.7604611295563,48.08812483827285,259.98208305523406,242.68651419699697,42.5898998344947,376.9302525954096,313.58019832502316,107.79221759563087,299.77849624054073,178.10608954556292,42.35262295674497,299.14059416977904,219.35253039392325,72.39566714741899,330.7679553181282,260.38605794542855,79.31843741875683,101.91930200567845
5,124,0.0,0.0,95.3202713294803,198.38111079140677,59.22466956787147,147.03611395301803,299.88861585244155,149.6331781689121,69.44794544179067,334.9160075812722,242.47768157546645,75.07026125060838,220.36973426860988,145.2841548771454,92.35885227449334,267.37097474553445,176.16779072606045,41.337076539487185,295.12423712496184,222.00371472303425,49.05445261321945,307.185678317351,270.8566078937617,132.1768221144862,321.7003933396657,201.80682439562102,35.37703290721592,245.1684949628322,205.22163786509105,72.42360428382061,325.3202413302992,263.15092134120664,95.84382356929166,128.2408386762243
5,125,0.0,0.0,109.7484949564455,162.90145807063536,78.86452687046824,135.38430061441915,279.2993241910983,178.2330449777028,63.57327984563584,293.59918779836516,282.33194166235626,74.38302114361707,253.52465477636503,165.85809834309146,97.09993266965184,267.12851571749775,150.83622193263517,43.47930878964029,270.0149463529467,213.2778937896051,41.69816674929771,340.9235971812585,234.15318977932654,110.38162979767614,349.76513227008513,246.63828135609793,44.20580459176847,313.80228044422694,271.6929550211943,75.80530307566538,355.1011072230948,225.9549270251488,105.68426202992896,78.44147180102344
5,126,0.0,0.0,92.81462065369398,156.04396991182017,77.51266984435888,134.18305450474867,303.3104669533512,166.52382712365193,76.61225072233437,279.8707765092079,256.97190974060595,56.23100830608084,258.7028852717965,168.1107597130176,100.39600681269474,287.3416246032817,145.95291412860018,45.983758214871045,225.27110110325458,182.20978665348943,36.77874153724637,346.65795255291283,268.5073078939572,125.93719219442887,331.8959420081735,244.52108600846378,36.468114715096604,286.9563577863188,276.2215452920445,85.11956225599538,339.22590633453063,264.8334593137488,101.4937143949605,103.56986030433296
5,127,0.0,0.0,83.6944887047736,161.7824004637737,69.78802394355176,131.51277759069376,307.2154694332787,154.35165002645542,74.42072146320778,282.2080847346783,257.5453315719907,82.96767950523834,263.43893536633607,172.47576397282742,88.4026367717965,309.29578513006754,157.19572780639993,46.72566208246788,284.3211935365404,185.877697496214,43.920727369775086,315.75774572771473,283.8198088487551,130.74632885676206,337.20753762397504,204.4605476803127,38.5892242611626,230.2412224979002,237.2789880369417,78.25871714784007,331.93785921889946,369.7423074731117,78.95290366698393,107.91528959040684
5,128,0.0,0.0,113.96971428367343,169.87194493370305,101.70828300650811,134.46399305299548,298.9170458018983,176.21930893089413,62.923238260207924,277.40924746551633,210.1664188778651,72.52131686873916,250.53717179777829,150.1267487573909,97.49210775473023,309.25763751451626,147.7445995755255,36.724273821433734,297.718116584087,244.50173397977284,44.863601588782956,360.62999025389325,280.2176082338155,99.05041761050677,342.4071995783948,204.4863598801146,37.741407032702995,299.26897552010655,266.53031768685,86.22651928649846,359.4689213194187,303.9620531030673,98.3711532150554,129.43731067810592
5,129,0.0,0.0,95.05089322013315,187.03551733968246,87.09350909170993,137.24831989595728,298.72222343747615,144.43803381366124,57.96518751516742,355.2478949395909,250.80570779885392,74.04214704673343,186.78340973259824,157.15477516258605,81.92266006494837,228.34077563286263,195.7560400340154,49.67962757521877,298.37176335326075,194.2739932481091,36.649678434133385,323.396049455906,327.9087031942349,121.18207934708927,307.64053461967967,205.8878287474395,32.19359462590469,259.5848652760605,275.56422694314614,76.85722597612357,333.76195490085496,272.99923463642625,95.90896519083688,111.4058921240568
5,130,0.0,0.0,70.61023427608475,193.78131329303224,98.23571165940876,162.35845516191176,276.95241167336883,164.13271915478353,81.21598967515501,263.23327919286385,241.07303344010523,70.66567395128973,219.74848315898603,159.6224067573362,75.18577124120155,240.29698010339644,161.2021594198175,43.19219213000768,276.1563143261135,227.63937014916692,45.08029098603111,298.781762244003,212.11887468915654,124.6947655311233,298.72462576524856,198.54316479485615,38.18416410983518,292.5361570406304,206.445911018881,69.21088704188409,345.83608203208496,271.3757970912046,81.41217790941495,95.76410523483445
5,131,0.0,0.0,105.87627141348474,176.57446791203748,89.28497884239307,147.12395789027295,310.1180805861733,138.7319785258638,70.86433935732825,281.1193508218743,227.50422799749177,75.18896546640019,283.2152838631642,146.45820385868947,86.07221279885404,293.64638808694843,174.80400440710721,48.15169823833174,257.3750246591851,260.84916474661884,37.51855689792045,313.95703643425435,230.6754193235415,118.72680162971918,364.4955070325424,205.24741704591122,40.19636374545893,284.91447593276723,205.57453312703888,79.80420636263909,380.50202594066326,306.59268266774563,98.5454244840214,118.86894099680525
5,132,0.0,0.0,126.19151336222951,178.9056547395018,87.65024569075894,152.54319706384737,321.846932996953,189.60258183438592,69.328504192791,319.5742318057491,229.9476550114461,82.07260084735154,278.86414215121266,157.44918812701488,107.44953916284854,316.85376285273236,126.06070469246725,44.11146543319994,317.40671430043835,258.6525553133674,45.458477767366816,284.68790863920515,331.78693423976443,120.37203201333483,390.4908257862378,226.36963298054457,41.748449342007916,311.93922011142234,245.7128529006992,83.34441935346439,371.493690539887,276.3978748958221,76.77782274519474,97.35790721087795
5,133,0.0,0.0,99.45107074573572,186.82753730602772,94.3301591829191,155.86701429586992,373.21249316661357,191.3565094204734,80.73542658048879,314.68970144578594,222.06575487661982,62.843200983612334,237.73355192820114,184.40038302775272,74.56408505740782,262.30713028372196,176.6541896856929,54.32136887570193,300.8769371334293,224.12364315567083,47.0065036976512,401.2117896750981,283.33426472906706,122.07219339175464,269.2345153418449,184.19632545062723,44.49514527032305,274.6401291425097,267.7770754862964,78.31241764654348,305.65965022523767,226.1451990376031,91.93121578793614,122.917747506908
5,134,0.0,0.0,108.24346965496527,164.8620153679515,80.97898181390386,125.4141370004719,297.4318823272249,155.06691206317103,71.94137895900681,256.69205671096177,242.59300069651403,70.11970350837308,207.14449548602073,170.40892459884614,97.28244676279208,266.923340502465,208.15555507498905,43.990551641354045,247.78365685769313,258.10124003657944,41.373265741493,352.6225877425754,284.06991341701894,117.19568034912872,370.92473953826374,176.62227924564067,38.38237777463953,281.8560582427271,256.61875596196234,64.739106134882,342.22265224328464,241.00428137528644,119.25757933507413,72.86795843952183
5,135,0.0,0.0,86.6186476190143,174.36602198114218,73.72892832021263,140.78832199339746,313.88537488861346,177.81764776556557,71.20178584107586,298.5680388447276,183.58461855411213,62.231082893214975,228.01179524555153,155.3156184688023,92.7829892667096,290.93171395692684,203.05861530216902,48.06784459136769,263.1690597645643,277.7494627576708,40.84579021277228,332.3614017050158,301.86471560348554,119.7714795904177,316.22271404579425,184.74982227250868,46.76577176514654,365.6678501468701,272.32783303087604,72.00468538250801,282.31229263352867,262.0915259257684,98.86997727301461,105.18937950714425
5,136,0.0,0.0,86.17082946822428,171.8616117230547,104.74327489383333,130.22960211010633,365.0017244286174,222.6321194747175,59.71259888418379,239.87890821116264,257.90169859352955,68.30193178220087,219.41946902626717,149.97721376761427,94.60595268323237,266.9074934065196,148.68269432411094,42.60867586019722,285.43981571343204,199.69780156963952,41.36916515204697,367.3975394422976,242.845848427152,124.01989123411525,262.4384485534583,225.45381736109724,36.74573695911282,286.7653278095553,310.87783867454624,79.85615096453476,343.5224981514804,199.70112559419516,88.17533155331446,130.78882311601257
5,137,0.0,0.0,103.82500722396146,196.13067405736538,77.4622180291955,153.75900715221707,296.45585750716776,196.04948462779421,73.91051099038118,262.4923609797876,232.83096054084868,66.28146294654194,248.06783922327836,157.81090471917378,99.72896575171524,275.4709689873971,167.6355900541386,51.632894445707336,267.4192413314641,187.56791706623665,44.76342571995284,355.17810414066616,286.8780274647223,102.4648321619473,337.0211914737102,237.37049220120545,40.14757133660013,311.02941034794736,228.61596039533572,76.31800651845552,314.3580716308635,210.33474456206005,80.06780615943471,105.5819029450513
5,138,0.0,0.0,107.034214472818,163.39355424433515,70.61531381671115,142.52048228951097,280.99837893760804,191.4167881505154,63.86704767943982,341.9300396156873,243.8810381227571,62.0459777686159,259.9060284507545,133.28823585233383,95.43591117635391,323.00082311482333,150.7130883614583,47.229355682990594,217.27752835011626,205.77022392677247,34.2322662570811,328.1990391039627,246.19160632092704,107.09749165945182,316.86831564012897,170.4605604717968,44.9833299441159,277.56790933689354,215.8989754195511,82.01764869788445,368.47965485504915,296.61320055337984,91.54553245461412,124.43555361412642
5,139,0.0,0.0,84.14370141128545,182.77453980201815,82.89683258975612,133.70123350012537,364.7479649520996,190.56202836706026,69.26354249989372,253.25290258729507,226.83425346801067,78.71207084326596,223.36927244624906,147.27736862866448,96.03610586642267,305.11561860076756,189.94432053475228,48.114016153725395,243.6105389752398,234.14135777031302,40.75256470653289,349.5770866370926,290.2936158069616,101.05570036044033,300.0965407195643,183.28401725978935,35.605977207304456,300.28909780200394,249.90554752552083,90.86586979039164,402.22196261762736,298.06702976235925,95.43543386472976,73.02206928423766
5,140,0.0,0.0,97.36848990421167,179.4808934779805,81.78514310938644,169.03743969233847,276.0526560784069,189.45603277155115,78.83991124219753,293.1703815389601,223.97629815443233,76.8844409872826,221.09616284762103,182.74931956112576,97.94132258156276,325.7876738929337,162.61957310885074,45.16885893889613,282.6729826089865,192.37317184628913,41.882659786975566,322.33768074910574,277.26095434703007,105.90440574941803,311.95769224323504,191.24051911302516,39.073842335271735,305.2709670699657,250.56710217337036,77.10985626073568,344.4353929272337,289.81881879732856,75.50929172345508,91.95864718006663
5,141,0.0,0.0,98.59887312643158,177.84627399343975,70.44869235343323,131.40080564117446,322.4084749472221,194.01798659241152,71.23174620964619,331.58542434329456,215.6845298663986,82.40067715147958,224.65593093594575,167.95920608091922,104.42741810730537,264.7220260806841,169.47202709699133,42.64193288558738,267.1828903118034,230.63752574115637,48.99106569930466,342.0285401473967,302.62081067475924,112.92710236494756,343.3985608586761,210.3481269763187,35.024367054123886,257.895259848256,260.57714236698314,73.79731903045567,307.19840926733985,254.10451509920733,93.29173506010987,59.09968789635911
5,142,0.0,0.0,116.37457107397236,176.66655918223665,98.6622283492642,139.08263986324403,313.23492705262913,184.8451971479821,75.27863498064701,288.5705380650828,215.6123733875605,61.704250976596185,271.8829789087266,159.52105301970403,98.57053425158007,304.8542369478134,159.67476108725856,44.98706013816964,255.37141752891486,240.12061713979716,41.88790768023006,388.1647411068175,245.97259927566188,95.28983121821541,312.31234115939026,207.1245479256511,44.12134559725238,309.1973378623428,242.50516162255974,72.27705641474417,346.714485898292,265.356535624821,95.55446941793774,132.79019338694184
5,143,0.0,0.0,108.56288721798423,212.49239646632128,75.0987984877824,134.8227204805006,321.050715801726,175.22229089104007,61.4556546625375,283.56944886744947,247.46392907625147,80.22888937562223,211.05406570442858,191.32040077776713,94.28925698756092,253.41953890786854,177.9039411019148,48.87743768526043,277.89001124919093,213.56928417969925,49.10121992745892,346.778920448535,277.41495943675085,133.42946089511062,299.62318993144777,184.8089687879535,32.29385335092078,239.1328562107178,247.67449053227543,68.0541163492112,350.21831265884464,220.73570361763907,84.8827583819528,122.01237549607433
5,144,0.0,0.0,108.03084921739928,177.4860155313435,83.92248435908226,147.40196850232138,310.2739795037042,213.49583972419848,53.711579657867745,321.8135302676586,235.56774616381153,76.44395665007035,243.73854001967436,184.72597382585366,83.53355296934345,277.2073950884145,188.89947821492157,46.13113246677289,266.1575013839095,213.66150511594586,37.87284936141327,276.964273270398,276.33550684142455,112.65787639165652,291.33888906390644,231.0869278353884,44.934573708359494,256.9674540997063,239.28848315168665,84.77329981662513,355.45471365871873,268.3199449694546,84.03205293612037,70.04964996630326
5,145,0.0,0.0,97.49267104416562,173.04078717411943,73.16493648683095,162.4470024260389,286.0655454558099,174.96069815651398,72.76353944199201,328.01906232670177,234.33979358297287,73.53291290098703,236.25504531690035,165.39412235525808,94.08467358479548,291.8511123560959,176.87274197429466,37.73705677014585,236.87079542406826,210.32751690563026,41.126535540390066,319.52579134352436,317.52297875410574,121.2242768930036,324.64705048376794,224.25078885424082,35.604808858303535,277.2661582892146,270.8258342150877,82.03857181921897,379.03659935278,313.9387768322463,98.7545499656366,110.49325204732793
5,146,0.0,0.0,96.13782325605393,164.71541178803682,76.4056997552273,159.45537123026827,308.0540759094269,169.5269510061633,78.80216012906791,274.5704717294665,239.5778788708573,67.40171455742859,223.41154962038942,154.20690357909078,94.12641198205746,260.855280480808,189.81511286100584,48.18855791910325,279.4782633109482,198.60051134089292,42.39761046519403,371.31224804776815,244.33291673745885,125.28547298498668,282.9835832668356,204.26663564506916,33.805075670802154,305.5872560026249,158.5164577430341,92.50918010027738,364.2701604030508,272.77245088202665,102.48299708618329,76.66559520649962
5,147,0.0,0.0,98.52399909268459,197.0281331660904,72.56165097707729,144.75777667170308,346.4306370801521,180.19569987668248,78.46675655179203,341.6153442876818,229.30276560884022,69.69317785378452,213.77083054197158,184.79009686328686,88.68086606701894,296.11913977400786,175.16230001148028,46.26246014553383,204.32781934268894,226.17025503275394,42.38705632390983,329.1853112233481,256.02163815238947,134.8791296099759,322.2485127078989,180.25197197898382,39.919528478290864,307.4025845214866,215.6150483365742,81.80047842626571,331.9917091830431,260.8078058866497,107.53790153023567,140.45482823354627
5,148,0.0,0.0,83.56527703799566,196.32885376952046,92.10757035301512,153.7380140373912,360.318978521536,184.34926314762384,81.51749444206602,307.8401022243424,194.80672141000844,77.77487370500337,265.14236981536845,202.5175616960214,83.38662450503801,298.509796851931,199.10858851127588,38.53934596492012,244.2896689484797,200.22040861241265,40.262714134347426,320.70091141099846,296.0893652720768,98.05909884777734,343.6584084623802,200.81474617234844,40.39900807256199,264.45389129385876,206.37469869553107,81.53873656987399,385.6864043910231,331.6692537387535,96.5053924057901,84.98281541899645
5,149,0.0,0.0,104.6161862570918,176.93477900088453,58.708465756715256,119.54900599933438,281.05355263914987,167.0581467105087,74.58773454726517,323.97971792783125,186.54246968194903,69.66075180130592,225.68186825521192,194.55682524367464,82.4512853015466,268.66464794942084,202.2676568148786,49.51830105457597,202.62311982954316,222.0009301414809,41.212975444954715,284.05475665959636,282.00028613316107,114.15724843966782,287.0606797403926,182.50083156949205,36.71358575322028,324.2809771334056,263.32773732980854,72.87799924217013,313.9183112644915,269.81392177840974,76.41186507340092,149.48520419878247
5,150,0.0,0.0,106.12010372270096,184.0689246789825,108.51305864240948,136.712884381646,315.116466845962,168.72844817321666,77.88581021608,286.0388958971748,154.0886110059031,67.16852646020047,264.6705644252059,161.6664746988551,83.78047003306797,248.94497132417743,185.84483275921002,50.99724194832562,275.4984539423337,211.94889811253321,38.61979107829772,293.5904221238502,273.7640712643606,120.02239010318547,293.0484075888087,215.65600150687538,38.24059166377956,281.8549107438332,200.60966175106574,75.31918184790698,326.773261519624,263.50883192185285,94.32951345361163,84.5934703479761
5,151,0.0,0.0,89.3202184388672,196.94431935647452,71.39058811417816,149.8584165607601,267.2277742562143,192.40999740434808,77.40025853627576,333.6499421986548,229.8053910956874,57.95796918252871,240.48176499563922,164.19428996195825,107.24187177141496,227.64856412122046,195.93476896646615,56.56189305973959,277.65568614323985,248.54478182256184,47.702966486281134,303.8578075412096,287.74756699177834,75.0357106025807,287.7856103196813,183.3979825679576,40.02010479292724,282.226392602976,213.8867586395947,84.11687995639558,297.3437885177089,290.3660563845379,92.4336709443792,81.69743396156593
5,152,0.0,0.0,83.78208216382866,191.52138447163117,104.99030965239047,154.6234599943625,352.75452731799766,187.92254298799253,57.015588837711576,287.708813081458,276.4944531535011,75.58013430853758,223.88968743370307,158.9580044148425,98.66898212660816,239.6504129651214,203.6793685270727,47.02611930545823,310.6022001203565,200.41410708451485,41.1514730603701,344.55004348119553,342.05746794174564,105.83275188930654,314.19291793725426,198.22729739306516,35.99871923587517,306.40814808792857,268.90624493143247,80.34531929512013,396.19227449627095,259.91040108170534,95.85610681286414,122.50366843775672
5,153,0.0,0.0,88.9150511908017,164.65547461089022,86.87761273867721,175.25596937775526,334.9858214102945,175.08556732992062,63.3773122591915,260.01373491007473,245.174962158713,84.45682970485083,222.2924263237637,168.80482320084803,93.37318565914293,284.795787521339,176.76592832356636,51.62347162436928,227.12681074561598,253.84795394101053,42.596408792003,314.11886780316524,242.14996948627123,119.18912759712023,349.8464642903312,171.9720646079383,39.42618394611671,284.68111182307814,275.2766684696834,77.45808434252258,337.2037724985465,272.54485364069615,88.57088396972433,111.412510109588
5,154,0.0,0.0,108.34152396775637,167.34141225130054,64.12883279447931,145.18484392997715,299.12544321837214,189.4643000203253,66.6579957416344,296.98481754294113,219.52634842319546,72.86746969910766,214.61765757714576,171.7173142413215,82.5368943892211,285.0121386640705,188.12830652611308,48.34208432028678,279.80343575169985,226.0256670802599,41.798282905779445,351.83292839983824,303.88887323269455,126.81318945427287,298.89396243611986,224.30413701467359,40.3799877629955,298.57633631240935,263.16497044363615,69.5406376707567,353.0333390097033,290.68499798687304,102.27481130080943,72.45534631227525
5,155,0.0,0.0,86.46159297073118,184.69339690035568,79.05851174195331,122.83813539816457,357.43073632602204,168.044357537965,69.41117734098367,272.2326641632194,234.009944736876,77.48877459611224,264.58452539057186,149.06728861013983,80.34523789903301,260.2611126027836,176.26941529006447,47.944854269642654,282.21535629138964,257.8215191209728,46.00628338202333,315.1602987504678,252.07398288553122,127.52072081264932,321.88658387156994,159.99361698995344,35.653597277937045,320.08905902135973,282.70568695910083,77.56335138404025,304.2530022421196,271.51121746875174,85.86729639224981,118.99564999910315
5,156,0.0,0.0,87.78410121929639,146.28693402109997,75.18571104023763,143.22180343261556,325.77420178431754,210.94209216094725,81.41055857428672,332.10363039065624,241.5991256492212,61.88748779991484,247.3286144429885,133.33111651173402,95.47464266439555,284.0568146575239,182.20446395576266,46.80930319173602,273.1698321581913,196.89118821813247,30.066312509633562,271.7522466293907,288.18372628625303,106.62581259203533,344.43857467002607,182.5819011381089,37.593798690142194,291.6751709327402,292.0125069536959,74.93764160655489,388.52148529568757,251.02445158613062,87.86139259575688,101.92202415916594
5,157,0.0,0.0,98.88852292296494,214.8105827222239,101.12609587183492,157.4796273272957,323.6237050788334,147.37670231526573,68.20191377042799,304.8710254379742,228.56052261143307,70.92207711803016,259.01553692876263,164.57536187664275,90.11431758856104,252.42097771426458,181.08385349363382,41.20904235240608,294.6802411120203,280.44700254613707,47.78190175673734,274.6138956278959,286.6198477887051,125.44402533958355,282.4741760709478,227.89287982645843,37.56266938185963,293.47697862679127,241.72517476855012,75.79738265693325,350.26595410456235,267.2399206557689,96.87689858492712,109.10047606971939
5,158,0.0,0.0,101.30841345075511,205.0637790013024,84.05207812702193,114.2410723947333,254.59084538436394,180.63669328681385,70.62772020284416,269.54563078412946,220.25221575029633,89.77549002219602,273.9452697559601,162.73612011875164,90.27404517383813,289.50384235723465,188.68457293190949,45.58791210254386,282.5867774451612,253.23621210970546,43.17157260894931,298.54094559607006,308.56821825793463,109.97818611344508,317.44844357800815,185.27210391514845,43.62019177523822,282.14690331345145,246.04100026414343,77.53676535257507,393.51059381469724,255.93373593331896,95.48956634885238,142.67612014219904
5,159,0.0,0.0,121.72266095125255,201.15276652947335,88.5929773232065,136.09509465391812,355.93769926302195,142.423664367371,74.11645846911655,279.860014280475,202.88633928291952,74.59453001962403,252.37465489971893,172.9840842440894,100.72254965713705,283.51978981080356,150.254864657241,46.1168236581385,257.0280120240952,197.56267404726597,45.65965567727766,336.19117275681214,321.95090106533365,100.99685191651815,330.9245218516736,220.71224520566605,37.249611469546984,280.6931679645565,216.1244077963453,71.79245897203697,320.6404385713712,286.6728019627745,73.29567001264923,101.55906347837089
5,160,0.0,0.0,83.70474614317709,173.47282719480853,79.20448566199457,157.15862559335542,306.9770020794508,199.93388076478922,79.86832068771648,314.88467933899585,234.3576378055703,73.38542926068294,259.393966687923,135.1299397075922,97.13023723064632,219.04263023364518,184.16452639244545,41.98090223934415,275.15475315720835,245.32644390429311,45.902730822574874,304.98300461717025,301.0648895217333,110.19095621268244,334.1992073351613,208.78472428138465,41.15792387039657,278.7302546957303,235.49757411916795,77.5927435500529,417.27153975108865,280.1612081141808,90.92791033712818,107.55560145814967
5,161,0.0,0.0,102.60204483742257,175.69261553899122,77.49684603431339,168.20943576250724,328.59717717245206,191.2699065100913,74.732630029609,277.5270610745292,240.52577007226265,67.06097898686986,248.04546336278327,151.90278066107805,88.00575073769849,257.2210746315157,202.70533362952233,50.757909516567054,235.03971985785887,166.70080586840413,46.712111173347196,378.7404793651584,233.39149043998495,124.4465427765741,257.69645455841965,182.50762774627304,35.58072185536815,328.3940299753161,270.83193766660577,69.50991809589401,398.01642409309494,267.63405065364583,94.11262548831347,95.33235458569877
5,162,0.0,0.0,107.30834035704645,166.0714812087817,84.27630888031393,133.30607461290066,345.3845107184035,165.60230558044452,78.0394282991947,329.45847390193666,213.3788807217019,70.35144096567731,230.20417937753675,218.71868633261533,97.00409977306758,291.95023930429517,218.18218129977038,42.72906136194748,222.28492453833584,219.00263662775603,46.69695518988367,254.03155686109113,215.89642625760803,107.45819072384928,302.21157981708524,178.48407427788825,42.56623520353865,289.5706865400496,256.19299215284315,61.849851493721665,390.4319508897759,292.8956264699592,89.68235082009707,93.06288947920766
5,163,0.0,0.0,110.33172081019572,198.84677714441295,69.40009204986178,143.36098682349004,325.1041381623613,170.16523465100107,83.79390100063823,338.2420269572594,217.10711763350545,77.40751564469858,229.25751313269166,183.84332191336796,96.4790418258188,278.4950125479197,173.7212263754404,46.82886214015591,315.42161261474587,240.11722002081396,38.146897598229565,267.2932294398136,277.7683031997698,106.48522466597008,281.4411845340477,230.5521731873072,39.58696589091402,258.9869583615522,256.70405698672135,86.02065395366296,352.26527951514066,296.24630572037233,97.4034885917535,89.40444093310442
5,164,0.0,0.0,87.93427332545772,173.45461983983705,78.7657381280094,143.08388218034952,333.8010448425946,198.5368918884157,74.91642977159822,308.52798235372734,220.81928184205344,69.87912905877262,240.067659586876,185.90592227744713,82.77739363710785,302.93579667398103,238.3984140807534,50.466988716711285,304.98880532940024,212.00638541105354,45.03121384683096,320.9733208222309,313.1773283275432,109.76392355128228,306.74709725432433,226.591440584538,46.57672910785315,334.12967789346357,262.16164368587414,79.91739358985492,328.15214425714953,254.29293108991416,95.2343340207255,83.68811408812559
5,165,0.0,0.0,85.60369213949495,175.3363368511446,81.78093160802234,135.44346917466976,345.8368797057975,173.776581215092,73.67356285059816,362.5923690905596,228.00098728101742,83.22387206727667,230.62742708897602,170.15186619778842,107.22124764334006,293.3142489521903,179.83754389204174,45.237068830615755,275.4269061026198,227.17434241792748,48.29033860714922,259.90197860484716,246.66153636406318,137.85168704572052,319.5809831952871,192.48754847423305,35.21559353438962,261.7040604411316,255.26756855152257,70.38531027330588,366.71174933431155,304.92229645927716,92.85874680773875,70.96271342966534
5,166,0.0,0.0,95.34738269702012,199.33764975144337,84.22524584063135,146.16416243779918,269.26764094308885,169.73345180189634,67.58714886206576,300.777809131612,226.08298832136776,72.99030535889632,239.20515227037802,144.36946056646465,112.52627457009223,309.8893834123598,178.9148342395886,41.16521133661131,250.87263418610584,215.6215505277394,42.25915982342588,305.4645313112484,271.46422568935446,114.22574375859726,300.9503123500694,173.6957110081065,35.88304164355601,288.50211189868656,259.16137583489274,67.52411135731792,358.1624286040514,270.22147579621503,88.8025906602348,95.35157085203448
5,167,0.0,0.0,105.40006322535727,147.76363459383816,91.39718219394472,155.541802388383,337.69660260398194,182.67319952416588,70.44631315426217,286.180822669564,245.874968243235,63.330722274608036,251.09432973617174,158.57855272325773,103.11921740135956,280.712792388564,164.11748721319768,45.612281227180354,284.4803541780501,261.5744777287346,41.35289533593425,377.81779883465765,260.2907374550813,108.14367281543782,357.3660254200841,188.12358074697804,41.710946928163125,296.1708973692099,228.94597147788903,69.49469939345641,328.5461080146172,228.8594113971061,91.20627721577668,103.7264531526903
5,168,0.0,0.0,102.21025854847649,173.02288231869454,77.76963210168482,123.69095029949199,261.77623115379185,203.7967615896587,70.879614226759,280.0809268637406,261.64936921198296,77.65420659838313,278.88764830688723,161.49985106436847,103.46425781532909,266.4633224801024,131.66038350850067,51.404880826490185,260.06953709548,225.15438997299722,37.707258229899494,390.6210652046597,187.58193112393087,114.2282990502341,318.0730643257225,192.56538975280966,40.855739361096965,301.96778936621615,253.05001809089327,68.83121971418507,368.1673114799023,282.10525540336084,79.11451178907045,109.41990195619958
5,169,0.0,0.0,101.03099098517059,185.66292614734613,85.95610442659985,135.51572634318262,300.09653350248146,209.2979752674069,64.41041141114621,281.53738101777185,231.07865034612894,83.8975690619175,239.53183860995412,126.720795752833,75.60678221091797,285.6538177861248,164.5369010276874,37.96071302751749,266.5956906935379,254.13070665588654,44.09948053554703,331.4749408759533,279.0008843285509,117.56172473336579,330.4826743356534,230.00318466875748,43.99660250594579,223.98409224656598,250.75721959187473,83.73428487825525,302.51009175697243,264.9034115799489,94.46605367524984,139.29137512061715
5,170,0.0,0.0,111.49263434821762,208.93927277245774,87.30391778617062,113.50380328085252,359.70177094833855,173.87635607942318,65.04737936321835,320.8062707295808,150.75461558223503,70.01154329353966,246.54747783638166,170.65102341429636,91.42151939173732,283.77555422847325,198.63529934330313,55.747490146955535,246.47861066402794,195.24411305220025,46.020355290268384,400.3000601119419,267.2683975503061,112.57735653174306,310.87156080167745,231.023099946595,38.71169203925199,331.2427860192963,236.2962993283536,87.44856268752685,303.09883522419614,255.11552996110314,86.91233398449737,91.178956016063
5,171,0.0,0.0,94.95420874038408,159.2498756848537,76.80149550662722,151.20067661682808,336.84540852840837,159.7289456674396,72.84973337279234,245.26492670849913,223.21568709476108,67.46606173581752,190.3907735215578,163.6974166702446,89.89369171536923,240.18442217550108,187.72313541104168,50.3132830377079,256.881341026311,213.0436766014373,40.71681407380953,404.1522019863009,238.85674296842578,111.23325621671364,320.35776963838595,218.76423386160042,40.45773638088526,296.32401240037046,271.16048788604945,76.68785226805215,359.2387205407921,253.15452749684792,83.38616025255855,102.38211575342926
5,172,0.0,0.0,96.19318732804177,153.81460661826316,83.64526277156875,157.256932928598,311.3089798843272,147.14837204009956,82.11031270574917,290.9209235428031,242.126674407812,78.99913223646205,240.92701549921557,181.84438912909056,104.58494593485233,327.07809704314514,177.67827807664935,53.40667468558106,280.8293078435959,173.83323227110753,37.38230610855586,317.5169797797803,292.4798621101054,100.69772675717931,280.908734818114,223.01562888328772,33.35471546036459,248.73052626840624,295.44228351126617,78.80397871769436,395.2040725520083,272.6278734301073,108.58473207478922,103.56369966827103
5,173,0.0,0.0,105.5478440687248,191.57880714104203,76.27439318708633,150.0105416864113,360.93334861125055,210.47404476236352,85.79387528001476,296.63556844953365,242.78554575129849,70.94845976194516,254.24204856542752,154.5599014862559,100.75128600408597,249.24844886597324,177.77816378303115,40.03455427560482,282.08862712293416,255.78336552972638,39.809706096220765,314.5930296932302,301.5172635698341,113.87135163206139,281.16190236759724,197.6085396619535,43.641155737840954,239.60606329285878,224.0430690226889,84.73224477551302,360.9766043631255,264.13349619721424,97.68394031903412,129.76456611019432
5,174,0.0,0.0,111.20393635960542,204.83456255496466,86.79202173867434,139.5515854609272,352.5010170783306,174.63819288260495,58.788378842079965,300.4678199095903,209.46575535481026,62.905681613135066,257.74225271611664,137.4644662096219,100.55142652724618,262.7508958463409,188.6298114027154,47.331251120901854,252.97929192132926,263.3531327805721,40.307471068974124,278.3172696182413,289.34750971003734,126.2052947102371,315.84677736426846,217.78786200383442,39.341333779333894,299.64595696972486,240.88114380905387,69.56655274092743,300.80020962447287,266.50979415928873,95.85562489788445,113.90434653034377
5,175,0.0,0.0,116.87339434250337,205.72677411949022,81.6656872714766,141.20308755638152,266.4240201471655,201.12238529257294,63.69504817046666,330.9306645778925,226.8572130387528,69.19506984839154,251.87138430095698,134.3475724357833,91.77853517689665,267.0320261634746,158.5834776054663,46.231008585500476,255.30827355560814,228.7976063831106,41.551233755459975,355.7367794047167,356.5312035927914,118.17093308617662,313.9862650973375,211.5108439353737,41.33386560824152,285.9391614457963,268.90088422526395,77.74817080804988,446.4905995982064,285.4171274699006,75.86733471452678,90.64709569975234
5,176,0.0,0.0,103.2637819438036,207.37433609567637,74.40129803676491,148.50104126807233,389.0392616347856,163.11447604504147,72.33979081450096,287.22089594050044,193.49802632522363,69.03301632853083,248.69073752278362,147.54250149968738,84.51035743979051,290.0017976717158,198.3090701714852,42.41373372270881,304.29346068488945,194.36612516521603,45.14492986598864,309.8922120839341,270.2252591806083,103.82201186822802,278.19962617598134,169.24783590063606,33.392950694666546,340.9308142164529,224.10097743229977,78.44395635688704,317.7435056351612,266.4512176603818,84.38808512046403,120.1129165076753
5,177,0.0,0.0,116.14322546089558,179.132801219031,102.11673383941653,140.48124164470218,299.5820875490153,178.3713116340323,72.87239116219016,302.29994503892937,207.0562556775211,81.68555261788839,255.68818464644895,156.09844213007122,95.21057962925833,235.19165686748232,211.62680584386754,41.06740776553468,256.18049307765943,245.17766267702305,41.143560849769784,314.208515414423,284.56291906475474,122.3931866394666,288.8763859463748,197.83571137889822,40.658765627426206,280.7196404051765,265.22275353961743,68.06955504768548,373.9211139566623,282.3046134994429,100.64952352782373,117.3027991656922
5,178,0.0,0.0,82.51992911700731,206.21046420594334,79.44921041113645,147.38404932327225,286.40514501819547,181.81584418688712,64.24952568865687,270.8111219572237,210.80599816857247,66.97674867500618,257.35069844579726,160.28077232744178,82.6254827663164,272.49506428307643,138.21001331727317,39.117924461556505,246.1540134878673,167.1357863740565,40.28060260082121,309.77849709921117,262.2565454924675,107.46280282181263,310.64002976533595,198.48322144994765,35.61447800400438,269.1302973715579,261.2398843561289,89.27582525375686,331.5691196716347,197.4093853898051,92.31428269640509,110.52806681081547
5,179,0.0,0.0,96.30548166263497,192.93481433414107,82.46282186461929,138.03129136517072,314.142854816782,186.51931508486183,73.40497337549576,264.3023401421986,239.1643142666602,79.17565036226425,225.6864136387478,140.1799889236604,106.6322781999984,252.6590105160651,158.19528512781304,50.131255922463204,279.0205013422716,207.71428115528525,48.02948751978607,365.2961462854523,281.58358708448145,93.40959007464501,335.9904944729605,228.1586319156868,34.660340384430256,344.5003666510239,269.4738730900618,73.83337374934254,304.13274780891385,238.81537687544318,88.63913044831436,101.24631494340538
5,180,0.0,0.0,96.86234697035667,164.87523913335326,74.72444583404793,122.74931318340663,323.18321679701927,179.08335780434496,81.52933847113391,278.77233268784903,238.63757816204458,71.56538935504258,198.34605886612383,179.36570434981988,80.42026419834464,265.69661459887044,185.1013029433157,53.579538927387794,251.57390036063933,229.36064357152085,42.506537944120424,292.1857258074363,256.01966413424395,134.3424820898794,339.29381348042716,201.60280233027603,42.7507086083313,313.2401100951481,256.6635107126435,70.32748955491479,375.8773856579214,293.68439469733164,74.73033660099794,80.65157607690927
5,181,0.0,0.0,98.24165480939078,184.21898927404843,78.13860302906735,163.45403816683358,347.61698395064064,176.8197903207474,73.4746923160179,300.0132385667375,216.67835460396574,73.98587408283004,219.6584054505113,188.60454356085097,95.72401740406254,303.3080052929679,207.5921441514812,44.289563913862835,289.66367568171654,237.02302411328105,49.2037086518005,285.2012405406803,339.9969608806867,113.61390574545085,283.21803438756746,169.42605313161098,39.62996057602351,292.1237292230163,222.8504084278965,69.02921530571767,362.86804164666137,276.5553655856186,91.19362606347524,105.55656802079821
5,182,0.0,0.0,80.56838893199853,159.1460954108275,84.85902353950843,113.52452205556216,384.08566299382517,174.0671869281423,74.95646894898084,308.8688515698269,257.16866122346454,82.9666012921878,235.5162528639753,203.87481617452744,100.9482247687965,305.89823037099643,202.93709920039421,35.23815536478191,300.8616832931108,202.00603014992507,42.883914551438444,310.86909609221163,275.99487700609717,121.7436382856272,384.3475051708664,224.5950254094392,45.21119423929508,289.44021962114664,258.53671630246885,70.01290873798747,401.5378455197339,276.600572777343,105.80634593602714,114.36982890278551
5,183,0.0,0.0,83.52833180133698,155.3018099027994,63.803099334358635,156.27964409812495,416.5024578787427,228.36292778283703,76.98903877394588,287.40519020502677,243.2151413977294,73.58120542188105,233.35230215880426,195.206208454382,77.94634086387158,273.19415778433785,176.34733581977298,43.984504421863804,272.3024633466139,223.86041978721767,46.568643425646144,297.1754160103008,317.9458614405734,120.03836697695121,295.11150995379097,229.81453639757473,36.976505083321236,317.77037156804596,258.82440645917427,95.23225187643553,312.44946765715895,268.62665298197027,103.5174542448817,123.48985861969388
5,184,0.0,0.0,107.69919762713468,192.3207430058842,84.7646330074756,152.90033119146779,391.0410029116082,210.04728581756197,63.26805315633308,296.0379610553789,262.82932506213854,61.63991620444077,244.81057237424642,180.6626688472706,105.62248185758226,268.80546161837754,189.97351150978082,46.75021605682935,274.5648641986871,202.482250671709,46.20069333697019,390.24183448750057,292.8623630850063,103.33652662200357,309.09727775014704,168.54675406195707,35.921092369345594,312.0684206251496,244.09166695697104,81.76317148610565,318.2091792855028,253.74112333422588,104.56867645077561,116.66677047663086
5,185,0.0,0.0,106.94081043971758,188.09311826727486,92.6814232084783,131.71591072279233,282.9806399706573,140.52818269984581,62.72360637941371,315.1595366944262,199.33798831486928,64.01970327830546,239.1815254546133,145.34233607923656,86.34724773541981,260.8300402818906,131.55871683919588,47.244417703787235,292.5892028378806,241.00853061598036,45.333048587694655,351.77522287160633,302.66822774398776,125.53690985500329,280.5184378180029,203.2528266034787,39.721264275204,351.5870880852047,253.6141022398738,81.61245634285854,370.54524454271564,242.80949490035755,94.00143554449805,88.00463799895965
5,186,0.0,0.0,119.82642183439543,180.5276666501449,70.8771947830499,119.10595420426412,303.0989404801936,158.01076287597243,85.24804933056474,314.704814110115,198.00821119899874,59.36379102334248,253.05061426109623,144.83674113224,82.24245236606495,269.7484685895433,201.68017622541964,37.832158500580675,245.87089479285385,177.31039952361905,37.5412377979902,339.9045421498811,296.55336987548986,124.38751183949616,334.28591888832875,194.49326527429025,40.546511694038266,287.9222249297359,190.42158213623378,86.64884189632197,328.848663572593,259.2679524079223,103.06418999286997,89.76918487367715
5,187,0.0,0.0,87.97923314367904,170.89179440386732,78.46929390785574,145.95476316409577,338.6982024322721,205.19921985108158,72.60229501162989,328.1359784517768,229.49585944895955,84.17028460951819,236.5937048080563,199.1896123745663,97.43455948992313,260.78262632714126,208.95902525394206,52.746266224111736,306.2869167858976,209.12732213765915,47.49652776966267,322.28390717998354,274.5464643445732,129.6274533794589,353.89876881766094,214.8158336721325,41.49947587470424,297.0602128734546,221.86252886177513,80.22929232784156,352.1924438573087,273.57044607263276,85.85124324826519,122.98449239027869
5,188,0.0,0.0,99.31728984270403,184.3905441345848,77.99844254694635,118.92862958260415,290.4650272951514,168.29558017180673,71.37609972569798,358.64639011095085,248.8598603715895,70.42188998336174,240.3729891348924,193.03939541370175,99.94927637171337,237.7303768161472,175.83716580779185,39.97378117682645,300.91542627774646,231.74106336761065,42.73886175159727,334.6325293372359,278.8996219513142,119.55857059124159,311.8885039428416,197.36178591566477,47.49859551560543,270.8872182825116,271.5677835734771,72.1807343377014,352.31633442060803,302.69710808994614,76.72795845074579,98.05026679535449
5,189,0.0,0.0,101.12780230414307,189.88630232065043,89.27145371598107,126.61179460881506,272.33885859724194,153.17586514946055,76.37713583778918,310.6169585326598,231.113429255729,75.19492591402512,303.62081131801864,171.45983802356284,89.51707806154407,239.49369649064352,171.93856730073645,48.18125832748012,232.02761588793499,235.69279658865378,35.313745627682344,330.3353032174307,221.31640411304267,112.88956251996999,311.8363705748199,240.91151974850817,38.80146649661894,275.3168679357218,222.9268952471935,75.97111238062149,366.8357742192128,254.10870954251257,96.82742716972938,99.55244832210872
5,190,0.0,0.0,87.28553976759468,180.3363499425421,87.1410126666271,146.5016507708698,289.33213247896776,147.8548775682479,71.12376109776275,295.3604924698628,213.0830632415102,78.53363142222562,279.3279046165169,162.44563475731837,87.64020848325741,263.91327969517107,182.70698336126006,49.68105709422937,270.20065911749055,224.03257593418016,51.46252555737057,272.6936416336321,291.2916823719766,121.66960274421773,286.70706078153114,208.76172800388065,38.64601886226464,260.7384834016692,266.60910889844905,71.08437697021151,320.27986389755296,264.7973398781731,97.36575948029454,115.60666049358124
5,191,0.0,0.0,103.79950422156374,147.89997722950068,71.9652136883041,147.14482405310227,289.0921181814411,149.57084016989933,73.93569546435113,289.0856519412053,251.535340604075,78.27717968243827,271.92801787104713,140.8187149456596,92.36721271594428,240.7682444360451,167.18494260020742,43.88331278281175,275.40167630943614,234.70832566076507,37.58646715009813,374.40185634129165,326.9114625122911,93.54500842074984,301.61992557573967,168.83116523419318,41.21909276331352,273.8393362813384,204.68590176524654,90.37259002103404,303.0691613901945,324.75534043190225,102.29506236896165,105.25679012294793
5,192,0.0,0.0,110.19596139200742,189.11316334204815,57.80741659089889,152.5397310435314,286.44315500130745,164.34870772690954,76.96490172687508,311.9961942176112,221.7375692622889,76.26507495636064,252.4732759079989,181.80653917775237,88.72261441654368,304.9371846994226,202.2706927452789,55.5297940714239,219.48548653597857,190.6818126509034,47.84220568532252,313.4351850373666,264.99310125872535,105.16685429116657,321.24168819698696,216.91841420814464,42.30954646658646,307.96303841245486,265.13373227385176,76.61718158847773,386.7645655504751,277.3117253057572,74.95783167253798,92.87706785874842
5,193,0.0,0.0,108.68432160503596,174.2013478574371,78.65665090323249,128.39981386756625,350.78521527892417,206.4404310947229,74.6533543225359,293.3354224558863,209.33010757514822,64.21527878793358,236.0930048388062,139.36419474703868,89.273587612179,306.07541982886073,186.95011993198412,41.131020832060194,267.49583179793876,249.4170646633679,45.855884278321625,341.5192300721644,251.43501382115403,114.08378257093779,277.08694641641324,193.00995247241866,39.94314840428057,281.82070903587226,228.95263129737586,70.28837777215885,381.30812652320157,286.6777085064477,82.60918399401517,89.21256566111596
5,194,0.0,0.0,95.62177731894784,208.98732124362164,97.26681246137343,143.21183088655707,312.49728215950296,172.71716203391398,72.49134070101054,329.2886398826416,207.78893861243986,81.81444914498957,222.51883043643778,175.28467002694924,86.58084626417279,261.26372493494193,222.08206203499554,54.15126049926897,249.84916070357357,236.97041690454836,47.547131521333014,323.19234427656517,261.59234682748655,107.00804522396695,287.786326700116,217.5701190953391,41.771303246290536,279.64972638442777,204.16299290362926,86.36013255237154,358.1357523471432,236.30544829182685,71.17937059539614,73.32167462956654
5,195,0.0,0.0,79.7716889447533,215.19832812420663,93.29626006603294,131.85103144277252,310.09833870040967,147.71442444510336,76.86858713047666,278.94497419605676,226.3881372662642,73.60900924831627,255.51608907640986,181.05529064855472,106.30215665779433,296.4388859698701,194.89489044265412,50.99726599941747,257.50277485793464,260.5959189847458,40.76006718859358,326.1374023232456,320.6307798137059,106.27505150519455,330.45923059190426,191.3293874520997,31.833737145273226,303.5300573410526,262.44318629871253,72.93336174742343,285.172762597261,282.90742377635473,85.98761927904435,84.01833958213136
5,196,0.0,0.0,99.22616724116868,178.86712857298244,73.18445430088931,137.74692980540615,368.0054704566993,165.286751476031,82.6709662755124,273.5097995813135,208.32030197657133,73.13097909002356,246.5113416798025,176.24523416346165,88.45324091663733,280.19091415955535,220.92909221799493,40.01136829747977,275.31228390869353,244.33712534961097,42.11255797057858,320.4904367419663,266.6669691223552,96.34467702476489,326.9815112086491,170.80945981437367,40.21869217257789,259.48389197339577,222.2626732712896,78.77155770150168,375.8199472823136,269.686506139083,99.55800625245435,81.79261611594079
5,197,0.0,0.0,101.2262490646742,212.56478212202978,98.522039164122,129.40799484390885,333.7712004593754,165.75861026998183,80.14575958376538,288.1850567052525,221.99155625769646,83.96322265459396,293.5590255848787,120.910509767722,98.94001330005676,257.93682069627334,151.18831313720938,47.60083594459586,240.4608473959439,208.35493528450462,47.285880723386455,321.7277901978922,296.35152846440565,116.96355330741933,336.6057795049156,192.65763910725704,36.62061640181162,319.0066417585695,310.20316288303695,84.35738815958801,373.777213994328,289.5180757706332,105.6452837826845,90.625456730957
5,198,0.0,0.0,93.66962715442811,157.04477125384523,89.66568116963151,138.5332635915136,390.42253896335643,166.4607833883634,79.94734156449819,307.6923240602377,196.93046867040755,66.86293314596429,228.3390434378143,152.96031155946417,95.33902847346346,247.16206231478324,180.66300087408752,53.62247496694846,247.75309379297764,224.49953232145504,42.59474347169244,332.9002266157584,272.01471262905926,116.87209798933303,285.7318251854266,213.3932909714585,41.753083673857034,300.12663681720113,264.2869720449848,75.72025942094055,333.92931127754696,286.88417049108887,89.84990883967765,148.50899912276273
5,199,0.0,0.0,84.53414154081825,182.7548473215568,70.05438283627961,154.55922745221545,352.8513726503884,158.16814815998018,84.53654914040479,345.9323355325071,201.6353675462609,68.65515207822634,231.83209753472124,176.38385116785574,84.08858460712642,252.83048555930958,184.18646446262156,39.93512807386656,226.71242164331863,209.78653364490273,46.629749013502305,291.96876739758534,292.6116972426897,118.99259036025975,297.176017089292,243.94620781013873,34.61219707680091,297.2368677011097,213.10667255079485,73.80993937613455,349.6313837743983,180.27580755481333,97.5382659531623,86.84611230232954
5,200,0.0,0.0,110.15751220649473,206.05848403045727,92.27957763200867,157.09370953890902,381.19382290156705,195.12025570838605,68.7852417417517,343.9870796245224,211.50009715192616,66.74769890876905,208.2343583942177,160.4378016726016,103.4486109400812,237.0338210744681,196.92950379391627,43.61688414672618,315.5372183585348,264.98262487358187,41.349235654731714,379.129496695805,325.6879526583464,126.27563836583688,290.3070229050333,206.49971874027847,41.410206137483044,292.15951592136724,252.60202083838664,71.51813628306917,357.39980342444545,323.7546932224833,101.24754087023969,106.79155954020413
