participant,entry,PP_1,RP_1,HT_1,PP_2,RP_2,HT_2,PP_3,RP_3,HT_3,PP_4,RP_4,HT_4,PP_5,RP_5,HT_5,PP_6,RP_6,HT_6,PP_7,RP_7,HT_7,PP_8,RP_8,HT_8,HT_enter
1,1,0.0,0.0,85.81475378670207,105.87942923084695,27.335469749671592,82.22286753685691,97.30932844993825,20.510829173328492,106.69563884327606,127.3483083257621,31.06193878656296,87.63815062024983,95.05650637604796,11.918040438828509,95.24389648525381,89.83871657358941,-2.517462358690908,64.30462487215016,117.95646239855559,51.35070100663877,81.12074160869436,87.79777059725886,4.691596394017855,90.61162695373098,123.14293356423549
1,2,0.0,0.0,82.49593342701412,100.00892902961364,22.39840021290357,81.44782164040505,98.17130389852495,23.246733566860115,102.35750268549828,129.56462538001642,26.21778345921485,92.15563702174711,95.55975994490862,-1.2102693765827608,99.51022540082805,97.41430091904358,-10.35817269487662,67.92616957177009,122.44892210172615,52.41654103576828,81.3260646627263,89.13717888537873,12.400879415127257,90.3979053821796,126.26037886188413
1,3,0.0,0.0,87.63177645388869,105.71056578593887,24.77561634961769,88.77805738147507,99.51085360261986,14.097205820256177,107.65481749484626,131.65687375429803,31.76662810887248,86.60400481227198,91.83096983516518,2.672018871696513,95.04294445880817,94.37733549980041,-0.869513950887308,64.20273586334042,116.21412399460975,57.60725389835715,76.996198323382,92.17350660380627,6.7596743294552,88.46066745945792,118.80220040227479
1,4,0.0,0.0,84.52638971304303,105.74112962316909,25.48465528186572,83.50306781284503,101.18014666877762,14.970424724882204,98.3357778228199,129.4085512382759,22.666226161236015,87.27093760615718,92.37436994990206,6.56433897074374,103.06786146341983,92.22212893361504,-6.701511607834377,62.855414681123015,112.81014562461903,45.964429891552015,78.4309661916579,85.54472659845582,8.821441136421155,85.39154236151441,89.74080708428818
1,5,0.0,0.0,82.00156660298448,105.9983300967367,21.045479486503343,83.496172163452,96.74193670928317,18.805597449195112,100.7444490012411,128.77193070807834,26.922336673252975,87.82483825495747,98.73485338843567,3.068005670622524,97.48520718581344,94.09193464372993,-1.0411390102516211,66.12779878382206,121.70414982429702,53.3934052284604,74.68311269276904,88.89270691403203,12.813900671308678,86.02476979368042,91.93129276286245
1,6,0.0,0.0,80.54805847724668,103.03914407268186,19.415693345875436,82.6009586325654,99.09353061536025,16.554768510018114,103.88946647164614,130.97567881478122,31.54686372992297,86.0675195092625,96.72713914851963,3.9853607270126377,102.89597732893142,93.16485654248739,-4.0023422795977135,64.88873650932884,113.81845153029434,51.9718488857992,81.2760338077658,90.3513453664671,11.257535122025809,86.45576770882941,85.14398402941164
1,7,0.0,0.0,80.68749308568316,100.26812494810666,16.11233931483557,85.609423143635,98.33983726812181,11.750603433003542,97.96431908748012,128.60599622036034,30.729297945733116,86.16231198030599,96.01736834795814,3.929574391515342,97.43264663977438,94.57728249045132,-2.608059132549598,67.33560125174856,116.86507809069744,49.56455732520907,79.82679741381668,84.06400773885444,5.600959380038285,87.20045462846011,63.34163722117054
1,8,0.0,0.0,81.47324587483845,104.61110553996004,24.190979107025818,80.78495056519463,102.86343859776719,17.942260412539053,106.71787157067094,122.6815266403779,26.743288193720712,94.53167111837007,95.5120708499396,9.588331805627584,98.91836351974104,90.36998833505413,-9.988510709108333,65.26414134159914,111.6437295137179,51.869030868181156,79.01713504214408,85.80121648393161,5.8684711115604316,88.72384249031252,90.68424210773345
1,9,0.0,0.0,82.75139577138403,106.36183200534309,20.859655378093734,82.62193364151148,100.80429880817444,14.730923615855627,99.8017783271343,139.2118421788273,25.166763754516627,90.75913618898439,92.63669790930857,4.825104050415155,96.65935681670446,88.5810463825253,-6.524685629306764,63.90410091800185,119.09312594637699,56.145261864405555,79.28152665774533,90.53344540179135,8.781996586311486,89.33539806544837,117.87453500879082
1,10,0.0,0.0,85.20634464731093,102.84753878858389,25.668869734764744,85.07942376056832,102.64678169955162,17.980819125607187,105.63189722659612,130.10694375989394,22.330157668331566,93.8183398692373,93.6851415841769,8.350907261418566,94.33337472333,93.78401620455759,-7.18040253544935,67.48687329505938,116.10857766515821,42.64735453846584,80.31908997896068,87.16170152141302,7.518847121420787,87.46672392039216,95.46093114149285
1,11,0.0,0.0,79.30555523312401,104.46131536353711,26.664481706482192,83.19118463048487,99.68573906643859,17.01409088523428,104.91629594287896,133.96057120781157,26.494708126248923,86.75828941326007,97.11889670040398,5.332125231987613,95.69297060007356,89.21504943414617,-1.9374601586844618,66.78635787875969,118.38544462950486,53.40299192641387,77.1917699749848,89.51230427014703,7.249474680090149,89.23035179519854,119.68472460094465
1,12,0.0,0.0,81.57315156435689,104.84218700072928,26.41788134593347,77.85628297564706,96.65045223767953,19.547576097385278,101.653167577963,127.98419892130079,28.640512988139253,83.5951508417857,96.46284960582469,2.559497211766555,91.29777769781502,96.97896340538065,-5.411686121094029,65.0054699841105,112.57343287463489,54.27252073104915,78.23348440040651,88.24183285518023,10.491156373676402,88.54769373695261,79.08854360382415
1,13,0.0,0.0,80.29546840047104,103.7567586896515,24.807998237004277,80.03255935128675,101.46507185407297,15.554414155075362,103.19172190704265,137.33505934054136,31.73417518215761,91.03039506704681,94.68018434172718,3.7394508946687193,95.23700838373469,90.51962275149302,-9.304315555889303,67.9335150161498,119.38091754403297,51.80220135891417,75.21125542393257,90.11521464292387,8.211204503526947,88.55024252228517,74.24033950249517
1,14,0.0,0.0,83.47970193480668,96.43257119875783,24.89168616888282,89.56407125223738,99.95443628498217,13.98252370804676,102.16643479554071,127.91070303304726,29.549773223920248,90.05898183825317,94.2261692059621,6.677287037598927,95.19075805345865,91.08531249126615,-6.34181685740038,63.24436058245744,113.4871311369732,52.275915242285706,77.62537952852902,94.67490297278945,10.498778018982751,86.9247015726985,105.69175859297434
1,15,0.0,0.0,82.99222357231996,105.09947528616232,24.633754296587977,84.67964468270516,100.86512403658391,21.698329418113612,103.69201348016573,133.50110633653705,24.21508945185021,86.0855894032648,92.10455126441575,5.459069964949004,97.32326773055655,91.00447678704667,-8.568790912875976,65.7106874147177,112.26803092425385,49.54025828636501,76.26482304163763,88.36950551381304,5.517996660138218,85.98091194324253,74.90574013589313
1,16,0.0,0.0,85.37254947762138,102.64230561816284,24.41630010595831,82.02079406994181,99.92325426183248,17.317557284632596,103.39043665644755,128.03888192395453,26.33450692602203,88.2128965140901,90.66703416013085,4.899715666560471,97.93664812677858,91.71292270900277,-7.6677948007772905,65.78154821530497,114.32865851238526,57.38591479411941,78.15338661756675,85.46895565615861,8.594302063007262,89.13498430762321,97.28281722694732
1,17,0.0,0.0,84.46416342094825,110.52599176967432,23.79154082541265,82.26801618423684,105.68069887237209,15.235785676456475,107.19285593141775,129.47366711258292,27.08215701840753,88.61588992828939,92.49153426521447,8.068766480830368,95.17772684684557,93.31906815310873,-6.218366063267348,65.20875542075893,114.32535466241319,46.038412973320355,78.69309313409819,88.8994320021405,9.689776316797609,89.15552897274662,79.86394311684158
1,18,0.0,0.0,83.70299980355009,105.05370136898159,19.212101194359295,81.737564048683,107.71633758991801,16.04614299752622,107.30846855989603,129.11062569041513,27.520624538274095,86.22499682034234,92.55780411608578,7.5267035797344795,96.03153404510387,92.61940164291597,-10.798157666332797,63.356172497896665,118.13878021706086,53.27136097633354,77.69542495751722,85.98143521388886,10.133603196100637,87.05972344498599,99.11443153536258
1,19,0.0,0.0,84.90936909137457,99.65097369639003,24.171352182304982,80.60378203057623,105.13330860784048,15.104120700675198,106.01385301620579,129.0380535123544,26.418052622612464,90.2507282730611,90.54298929945176,0.6820465645845584,98.22434842733655,88.3327445824555,-1.1429471182687827,63.78312218829485,113.59371364500838,51.13551708051474,78.91151754301278,90.48934925465704,8.159740509968175,88.58608970649863,80.04808387760477
1,20,0.0,0.0,80.59824448767817,106.65009279042316,22.38473212266975,90.94885720585899,92.40572032624955,16.659403600500767,105.30944591826224,136.76227714648763,34.93920576212832,89.02051081602924,90.2048636729796,5.63399439937876,97.33315399500732,96.96367757581174,-6.895481773017195,66.75749287877522,116.27133492158893,50.73308667914643,80.38177521701688,90.32498802688448,3.912005049956507,92.75798017049344,112.95841458999911
1,21,0.0,0.0,82.67600105139225,107.3269161614622,22.6210942238309,79.66477358713438,98.7539533964028,20.271405849146518,100.6544254701644,134.4187199040125,31.02161010083489,86.25298224908673,94.50068188456659,3.357871551543724,96.37818050938223,91.08052771395909,-8.266904148794069,64.38972840922541,117.94421618682425,47.82397631170381,77.74689710756265,82.95454287798475,9.788487639574988,86.89456233693893,112.19459800947843
1,22,0.0,0.0,80.74423030897029,104.49473264009923,25.537008053283444,81.3540546186731,99.54386739052282,12.319754583877428,103.7854635325836,131.9711701970866,26.96953452248887,86.28825233916015,90.35666773141074,-0.04962662067932655,97.55403968055943,88.21507807107118,-7.939216947302516,67.80617045380384,116.71799510270027,52.0514784506844,79.55465191840094,86.82061895816604,7.606651388625811,87.85701177581866,90.63176555632651
1,23,0.0,0.0,80.69808882633095,103.49899635065744,21.90234073067055,83.14144347011107,100.08100432658664,22.153899731935113,104.87250172269574,132.36802920019556,28.332134236114285,88.62631775403418,95.54904357758386,0.29442462135437086,98.99611406057097,87.09959473500066,-10.556479430300673,69.47464391105689,112.63667487958453,47.650882511115995,78.38106689619869,85.63353550694292,7.807051703921346,89.72904536582732,106.78915059621026
1,24,0.0,0.0,80.7714744131531,104.70829559638968,19.678965081805007,84.05551323150586,99.71973285906589,16.21402900097571,104.10651559949284,130.9430544770047,26.725490422753637,84.18621639016321,95.94474284265566,2.990673592568724,100.54323439220951,95.8116136750068,-4.5605283513735415,68.5813495317885,120.31598595783687,47.43771987158333,79.48284426922858,88.33372116538243,8.49015988880351,89.70342088598944,83.76201134579229
1,25,0.0,0.0,79.1382862402313,105.52285356409175,21.70730748838302,87.18790266233995,98.35095413950656,15.562582786038275,104.42450419780477,130.18655028350273,24.2027104500084,91.99704955948448,92.8904930009668,3.2872107118116705,101.29377603607114,88.16656123442756,-12.355928804567714,65.78128449278562,112.82046730208155,43.436249554458215,78.1509521249268,85.3164496569625,8.368544075483928,89.04629028723718,120.06756879528831
1,26,0.0,0.0,84.8055488357972,96.89480409027233,16.968794260959456,88.28603941892922,98.3754806572205,15.65573680536579,107.70872412640634,128.85800708138362,23.28401293122856,88.46159808675817,90.33595411395154,6.5316535952327754,98.1967308137436,87.16368880229517,-1.5879060510454686,66.7841609953764,117.78702379639375,52.213878289185885,79.44128948087469,85.25808678347164,3.2141331297951306,84.83468505003772,90.38667104505987
1,27,0.0,0.0,79.98362438345082,106.25404619650892,24.012066828311397,80.82000118686832,102.45399558716927,16.984431065453645,106.76393653774544,128.7851424888148,27.218591218910976,86.05646412001293,90.93889387442222,4.056032138415499,100.4447646476159,89.27305640223143,-8.008830228791183,64.30763793331981,115.2741934458625,52.23571125917386,82.78905231371118,83.36550311685056,-0.03262478269516578,94.13181162455456,92.6552836555141
1,28,0.0,0.0,86.67595323679103,106.9487862157791,25.733068921971988,83.39853278900408,98.77767681443072,17.583521313084123,98.38141280700707,138.42329298007806,29.524123794539303,88.13470638269295,90.43231246221016,8.2916276793156,97.6016377615753,88.9201282099711,-7.782828564523282,68.94980711348546,113.11811760865406,53.933507479830354,80.66866437700857,89.48672916647224,11.644680932571424,85.49222956037927,123.38146513738782
1,29,0.0,0.0,83.2894566836692,101.99400765049788,20.88788149030302,80.05967138903964,101.27609059333017,18.79830114105169,104.17215616022636,129.5718292967874,28.90945204822962,91.39937881461323,93.21262770280822,8.067962347266507,98.96789215663328,90.24955060939627,-9.719538248489002,68.07900644231417,115.52678034614871,55.409811455011045,80.50992512847498,87.18979416811561,7.395016869924665,90.32353437294871,86.92446091744989
1,30,0.0,0.0,79.80087060548277,102.19168832133367,21.108298689891196,85.06520229004263,103.95957358549724,19.298015004585558,101.52588719431033,130.37173995684344,29.095790035312046,92.97480615710212,100.29172110855873,8.680571800759342,96.04367998034073,86.3470027469816,-5.786883158904503,67.1268022826594,106.78225036683843,47.31143945673802,74.36001588592146,91.73809047923893,7.4720886895964425,86.40961160353356,95.76377734878496
1,31,0.0,0.0,81.89478822955907,104.77407612374765,23.657568345710207,83.97522902732348,98.59789976940102,14.099139774109153,96.24672247946246,137.05846698843118,27.751072354516168,88.81351011435255,92.31942641615707,5.323523363594511,95.56134735188697,94.5223928760763,2.9117248821743047,63.795715675572296,117.53857326809943,50.32989505207616,77.30920434711383,90.40152612319861,7.580172836741639,85.65179155231421,107.19446320839958
1,32,0.0,0.0,82.71335260363476,107.21593633872295,17.711815786946488,80.52490413487982,98.5733579119917,19.078476243378788,108.10457734358172,137.33708844786702,25.682606438755954,89.65319016766868,92.36664230764491,8.011266076222693,97.72738578849896,91.44653192605654,-7.392059249649484,62.03747208268311,118.281623065194,50.771054824707676,77.65823918499017,87.64959518442704,6.994698109526392,91.34948911343537,79.04100741980044
1,33,0.0,0.0,83.42070428761453,104.92596340995439,21.50864999546231,84.51049248419771,101.73856333646211,16.549605708808386,104.5882260350842,128.60326719385742,26.66371003079577,87.13915590217243,94.44954773926429,8.178954289543595,103.23764854868007,85.56556599866093,-4.964222406237514,65.42593543718742,114.57182943046554,50.33610353424752,79.34028462242043,88.91516511774898,11.483890044520074,92.1603307181238,63.336472834031326
1,34,0.0,0.0,81.35420766904093,103.88389347348108,13.536666954753535,80.79867665242297,100.97182190867099,18.025591983121316,103.01307985807068,134.2068581629377,24.209198439878186,87.3106468623995,93.99533014759074,6.068900418694643,98.65473918275124,93.01043806002176,-8.05263948217067,62.542677014646046,118.4505420344395,51.03369079042057,80.17655622326237,89.57115040662916,11.891313659134212,88.83608490687949,71.93111512627412
1,35,0.0,0.0,83.02349069833372,99.84701615148339,25.541583724529502,81.06066245621521,104.60048441216304,13.927149664999481,105.80197243037892,132.79707611652137,27.46699062965376,87.96992233227361,91.40404777256882,5.371365846772362,106.455321389433,86.87539866141489,-6.883095289312841,65.45201305591924,109.66132465752214,53.98231819527565,78.70912606420305,90.32514393287198,7.341416555690056,88.90547695224691,121.38272406973468
1,36,0.0,0.0,78.82531862099592,98.20165265518514,19.459011352794107,86.71298489302087,99.68223384947164,17.957607605882302,99.25676310053377,131.81361724621732,22.208509365817363,84.83007280282217,92.5945580828786,7.153488162340116,103.3986963962635,96.0433665882763,-3.4482268755732886,67.9699405574292,115.95678497764672,49.83869579533467,75.2881950491272,91.60838290913335,6.81979801205763,92.06598673453873,110.31806532202557
1,37,0.0,0.0,85.41953878946076,101.7476811695633,24.5568266613773,83.03033908592379,99.71939190795666,15.353989547608949,105.3047537160204,124.96555116453808,24.6223888615618,93.54577412135922,94.58173139678306,2.2939460288191302,92.72622070555724,91.17109270319725,-6.453898160043824,65.45881329203878,112.52980542564387,56.01241023339686,77.62320272065038,89.86845556402332,6.8859872892799,89.13286623738095,90.72919061382945
1,38,0.0,0.0,78.73074148697104,104.48762778661943,22.130472201053202,82.92332813896873,99.75254303519543,18.08698973570149,102.55432705747903,131.46654243389986,24.6652831455706,86.2007185666122,92.41841415273169,3.273072799437995,94.70620239121753,88.24425786641397,-7.662778443644422,68.27745863520164,121.44329543291146,53.55457668643724,78.99027400392197,93.46467739561433,7.910482094235521,86.05318477256334,71.80197753116474
1,39,0.0,0.0,85.21306816709733,103.94152792027636,19.094154629332117,85.11674587234909,100.76569507014183,21.904800425308466,97.92209450775326,121.9723979297677,27.628875321943287,92.96234646806042,88.44976603741395,4.513049043682356,101.92073209191663,95.77104412941458,-7.4221092811056595,62.877776116445894,112.30812639189061,49.57018477555526,78.65770271850019,88.80487814120067,4.0759138702183835,89.72517031060411,96.59477372827942
1,40,0.0,0.0,85.05945621347186,99.93970426714237,29.443462824111982,80.42022733721667,101.70056902460891,15.415850796515977,103.33894031384226,129.60697457298258,30.185841117423934,87.28312348032546,96.34995035664885,11.341587142564734,102.51254664264069,92.466569210334,-6.968045435164827,63.01997907588448,121.8338173517026,46.01400557530011,79.04992481557413,86.79417219343495,9.791035774463863,91.13257711886965,83.41053620043425
1,41,0.0,0.0,78.6430478855379,104.7571288356039,27.67417200221475,83.35760779215013,100.25302781298596,14.951650203342808,101.05409402614703,132.51056071140687,27.118094778450832,92.99317982524151,98.20119488716473,4.953326119716861,95.80439666797852,96.9245439594487,-1.515427585408517,67.23721438332065,117.20182747613359,52.78662772158229,80.21320357446501,83.76066247068484,9.921302393670693,90.46628938796877,105.51544291546979
1,42,0.0,0.0,84.247986124653,105.63154306479,22.74985801004837,82.02024403812523,104.29220057564604,14.724886507270586,105.42356230418254,124.94259744226494,21.60540347534877,93.09083117505587,95.85382941890923,3.9047237484531316,100.35279060826622,92.01250406068625,-6.3909294938349674,68.65379385170988,112.57345253521827,46.53270361981337,82.95374452033933,87.32859764843154,3.1426651548269016,90.40361221402328,120.31720077907401
1,43,0.0,0.0,84.07071912838109,105.87650050425522,22.57390427656823,86.60397800409037,101.18881934525542,17.222134965588847,102.08435259342428,129.13953554843073,27.512504899471807,85.50737088851625,90.60830781889722,9.362356910204142,100.39434687049328,90.79642383914931,-3.264794358970166,68.66515143788425,116.09523284793038,54.50365123486939,74.55858481090229,91.66902547849466,11.00593236687951,90.29493301721081,77.41472688326539
1,44,0.0,0.0,81.68782503774909,103.85837226763269,23.527189771200934,82.6892228123549,100.48125907372994,13.596356187618515,104.18567360194375,133.93251108817103,30.053658616874607,88.38132023986549,89.67953223058377,12.378297682805414,100.09419272533724,88.16463230745876,-3.564564281616737,67.0375743758537,115.8163574661821,49.34419130231488,77.01062540168643,89.94214762412825,8.504294166931308,90.58102977222083,110.31167818807822
1,45,0.0,0.0,79.91817711561117,111.99908135751032,21.113852165590213,83.56641443349866,101.528212269367,11.514392873886734,100.82110441016569,127.68805799140281,21.702199261786646,91.91159291571137,94.00974708031643,0.38431160274543963,98.07030026594107,88.0580141027509,-4.9325432244061345,67.2048488645534,115.48443307772276,52.2167197643298,76.94093314647593,87.48537140382034,11.099179520831305,92.79201509537212,101.73014598091189
1,46,0.0,0.0,85.62901756010166,104.82055357941907,27.13942016063354,84.65654504807951,100.07164594068378,17.325759504879972,99.92634806981077,135.3297166255717,25.431727352450437,86.82554423837387,90.10039843066403,2.593135169982584,96.51733702960146,94.33234129146278,-9.100688953946175,67.06943365032423,115.90571750481097,52.36466820494302,76.85779103975304,89.37116087237419,7.128437944900922,89.17758210481887,80.57325645437243
1,47,0.0,0.0,86.21157073722837,104.58167316405691,24.092386099085935,82.56813898569852,100.02499557578429,14.42267286206048,106.3959839304714,126.77191453073509,32.369552846092944,89.41750814598234,90.75841121862332,1.560806526938125,102.09833150382295,93.68636423412083,-0.7500991700790971,69.12496686573054,119.62718081059005,41.89419325961398,80.52326893874448,88.51558605388686,9.389058388822711,90.89416651392466,62.14159508413489
1,48,0.0,0.0,85.38419884136502,104.39577771683302,25.07565519113595,82.40371552914237,103.28758076086801,13.740335181783463,101.71653209904167,127.19608344278059,25.08045617777985,87.46525661592014,95.67015581179291,3.3275526528486354,95.70561908917962,94.52867571146237,-8.055217141804743,70.67360569549838,116.0197279057088,51.249700820209924,76.54455709653485,86.83694482807277,8.381937411171455,85.0659149476051,120.05900727518839
1,49,0.0,0.0,81.01739209781904,104.55792146463142,24.35461329623935,81.66269157021378,105.04367350315877,13.339873207615923,103.86224740713149,126.95611572662035,26.667774370394177,87.96238245247993,90.37218840706849,2.6106372297299067,98.7159814546367,88.95717146507222,-8.6453178994958,66.22362543166405,122.73604298891154,47.091835514798326,76.50019767493308,88.5718694078154,7.553144222903576,89.38181392229949,128.48164802396826
1,50,0.0,0.0,83.8064253508508,100.0376073986768,18.844264543475262,81.7281204299058,100.03857395081066,12.142049480233581,102.50325228008195,129.35991545122943,32.04360381170784,87.53198908828702,94.99762719649657,4.080790968982592,101.52281373051972,90.63688911541674,0.5928493989457371,67.78307698498274,110.10472765644951,45.47536918335394,81.43715931441751,83.03676617435714,14.167829696311887,92.31286348115505,120.65688163393283
1,51,0.0,0.0,86.26588384807283,106.35392837006665,18.822979463067327,83.96266888304574,101.50599566767345,16.58977919072673,104.00015024628966,129.20502785728945,30.164107832225366,90.43883349951629,92.9513420850338,7.6171134374193805,97.66207104348254,85.85386452017379,-4.882513152936341,65.45156976997288,115.86128955957403,52.05255377643559,82.26454975296892,88.2411943051405,6.231738639533011,85.89254146426569,105.9138941400837
1,52,0.0,0.0,85.48673288749042,100.60049096628838,23.60439317489157,81.05892707981525,103.61647186104453,18.063963935857746,102.2470077068198,127.17602297859536,27.00968472373657,87.6617083081832,97.75396628238704,5.598211975551729,93.13016138153652,90.71253130928922,-5.484018808781742,65.4727156088837,111.14630762987437,55.72697965645017,76.76627440980587,83.15857477653067,3.7908606631494006,92.42041808538433,70.66541687545818
1,53,0.0,0.0,82.98584993641573,107.97767974226664,23.91353638228808,83.13541994116525,98.51141664335093,19.12754151751315,100.0546201779409,135.52881103713372,30.281779236585425,91.66491326432677,95.41316119770126,5.292578514902277,94.79653979226906,89.13253194529597,-4.7493914073998,65.64756972775386,113.8900980141338,51.173452784094614,80.24510642585642,82.69011938750114,4.508655547972418,93.25928372032976,79.26564369245281
1,54,0.0,0.0,81.37938580475559,100.77067288313579,26.130066450417676,86.83756301683331,93.75225099675919,15.297076461520422,103.6096880633344,138.43343015993486,31.771293508942257,85.05456445174869,93.22371169026535,1.075193323990276,97.28125235669205,92.70897998779581,-4.652665329413315,67.44647937908734,111.71952925912487,45.69792747834642,76.83064710231835,88.00244187323828,9.91586413203173,86.99783094986579,109.41479869230888
1,55,0.0,0.0,85.84564773224515,104.33391462101784,16.81569609389008,81.43750833172072,105.47472130765968,17.63481342555422,99.99359608885615,129.42100308352457,29.43377205081475,89.74551610120541,95.44313916505412,4.550299351281578,100.39016889734091,97.52823758152682,-9.495359887163833,67.28344306858064,119.38383074920947,49.35643774269332,77.63126618156687,91.8273853383329,10.364414905014279,91.36410751461231,60.268113129172875
1,56,0.0,0.0,86.0921105847248,105.18203246962216,26.520511554592332,82.53332575495273,101.77870941085328,22.764388721741305,102.89726658063219,130.7483175831054,28.15017970888573,89.16104038080442,94.06178409687952,6.492364154252625,103.09563771118044,93.23349110915134,-6.324789854914963,67.23965102624675,117.16814194858135,49.36351169224885,81.05142732267848,95.24874050618675,7.2140219469687,91.1880721558851,96.4881858070829
1,57,0.0,0.0,86.2942238046721,101.42595869366603,24.208169287317737,83.60036757119605,103.07774475549469,14.377918787722155,105.97283897586523,125.67600552676795,24.819595009257363,90.09855309346155,87.26879371710334,0.11680685353312192,98.88036218677743,93.59452886765656,-2.228913128887585,62.87195419154821,119.60396367576914,53.10306840493165,78.29231708362191,89.16714947225172,7.993668519675334,88.04963343888397,129.4354310642963
1,58,0.0,0.0,82.53819379365655,109.5291149299674,24.61716232311336,85.29671053597824,102.89948712494864,12.777831388256757,100.36381075800607,137.83534101608197,27.548586546511917,88.28650771399141,93.05114030337273,6.7257040452675945,96.391455926934,91.62854403347899,-10.959807675947138,69.17471537197291,118.05397959581173,55.7437542119128,77.08897694475208,90.9326326824923,9.946857750272738,89.35342849072909,66.88818035192267
1,59,0.0,0.0,81.58508671393086,104.1273355916353,23.62727203289388,81.10753607411924,99.62252236505981,17.49207643160636,107.27626239759053,135.36688758571825,27.105027290138,88.11976857360895,94.32049277600316,2.8372365811132645,94.79663267068649,92.0682330198468,-8.783889216152264,68.17692031514775,117.04536032973546,47.405988777594864,81.81308617649411,88.3407559240553,5.860205694012095,85.08560013496752,66.82548377025024
1,60,0.0,0.0,80.10116497192456,105.48973201391901,24.79928490788189,79.76717149696618,99.64080641759212,14.309575175502657,103.16915504853898,131.45351763024445,24.063669225303332,87.3482220924066,96.92341234020648,4.585938978457701,98.2833600100494,91.45457150602057,-3.754554979188814,68.84780504751001,115.08828354596713,55.37471463495139,80.12831654875524,89.99032774129432,9.129973341250595,87.38196824540266,120.41588432037155
1,61,0.0,0.0,83.84649643197504,104.77772490024898,18.639355042743986,83.94854912164563,103.73826517569485,19.37309418559875,106.76537921461454,131.5969650207351,32.95592358720505,84.44050417224823,98.58832932920085,8.295446032816114,95.26672292643569,81.86139764862489,-5.854583045938224,68.57515185085843,118.31776839317999,46.837588354346245,77.68397600778935,84.32424009968847,11.688864984576814,84.69054443356904,105.38407775554147
1,62,0.0,0.0,83.71858445320335,99.38939277393358,15.244966206485804,85.7180887301854,100.22537891109101,20.231337739867005,97.39363542822976,130.27174068241536,27.929930104455362,89.1528975125588,96.47884039427503,7.577016708804765,92.46102054656183,90.7361562842681,-3.0536056434027277,63.774960775043176,117.32158392855155,47.020040859974294,79.60094081467318,90.00599686209145,8.455372691303296,93.34496811533214,103.19851637970233
1,63,0.0,0.0,79.8958650297334,103.67675344996918,15.603139392969693,82.1066708837185,98.30014635933374,16.617616923908834,102.22117485693589,127.43777595367254,26.41760127096406,85.63977995056517,93.17203055410664,5.968984385995683,92.53485767270945,91.758410675194,-2.7592075980613764,67.76576648999654,117.26926566209156,52.012611004875495,77.90658793294236,95.97328248939763,11.763046016130744,80.50163122654246,65.22225524586936
1,64,0.0,0.0,79.26038476873045,110.73562963978942,18.652305404143874,85.74281405283838,105.05709158197531,21.458529666772954,102.0844567641475,134.61315210812558,24.914309146416493,85.01380473289285,97.08508433218051,0.781407618234792,94.90800321056929,94.10142653139197,-6.832998398415363,68.04509540034167,115.13163827934987,51.67356020896834,78.36178926160498,89.21412256262172,6.462307835898551,91.207141641929,75.4205332676295
1,65,0.0,0.0,81.43460150319147,107.07999033347961,25.470614661970412,88.73862472096947,100.30424309797633,14.000462250902352,107.54075812575874,131.27264012841044,25.004507265031105,88.56958606846955,91.00421685683025,1.3979956162169405,101.44112519402778,91.84088603310676,-9.87658140973069,65.31213219817816,113.5980422909589,45.513218000252984,75.04895900186008,89.84869079191004,6.900773043876126,84.2304410945685,99.68025832645053
1,66,0.0,0.0,82.15826748354222,100.29180278593105,17.328889865129852,88.62945159415258,100.01439148052158,13.689553437047342,98.94756754049791,130.66288624141924,26.533546884555147,86.8084076873696,94.44201587250537,4.766436847431961,92.39734102567196,86.07029761455458,-3.696421034803778,69.6832154298249,114.81184949798931,49.61783752544983,78.63178097028987,82.35900234890597,6.61651704410142,87.66096584131934,87.88905268709945
1,67,0.0,0.0,84.5808482927624,102.21363666262368,15.57578390358323,84.31213122375972,98.57132017652775,17.070273073840486,103.50599586719852,129.76328849448402,28.23419602993568,86.9949279827929,90.14757143404682,5.056829173165804,97.9577499585156,88.5357227233764,-4.617669580701737,65.77055458317918,126.65517714096053,52.948914971208744,77.14516893247844,87.05304671721548,8.579183223320063,85.53947610655484,87.47214679323655
1,68,0.0,0.0,82.86844129963978,104.63978472387335,21.417431328900314,81.32909591547501,100.69830734631495,13.789541932949298,103.09514876361361,131.02491111531054,30.01761181772159,89.20945966310178,95.06077118715552,6.198173481351555,97.02666952174958,85.74664854315108,0.7567452596803479,68.63016512199647,117.01747030622475,53.949594132427364,77.34234185151553,87.84551013463667,6.352929534476981,92.08360200001265,111.77532597654152
1,69,0.0,0.0,85.33677609023833,106.14195617922748,23.22616314935479,85.0205197322964,98.50329272359872,15.637146054320993,102.10160297876598,129.49106875126577,32.49907329730197,96.6219416403913,95.85459350418157,6.015625057190679,96.03446899460423,97.19858648324526,-5.926884284707883,63.286334829175544,115.88598861471426,48.87977864282947,75.90519198174172,83.66891258573247,5.7670482537022085,92.3614615509762,118.47834392294482
1,70,0.0,0.0,83.59109931920877,99.53940513759959,24.34456931511978,86.85095824003997,99.77218611478955,19.35754547116855,104.57559732651895,126.28318514922303,26.374748184242964,88.71380202144422,91.51208774973574,9.291443755296168,102.53470798426835,86.13396418020207,-2.2800521498262967,63.4844309577322,119.58600486884049,49.377176495837126,78.0559601823523,90.96788181559313,9.53743701664511,88.40819594870251,79.51776452389603
1,71,0.0,0.0,80.95291038847891,99.31131231518827,21.068059722472412,80.16656264084972,97.63764917090003,15.056752673112806,103.15033501667618,134.27000635595167,25.492789569284348,87.14476323402968,95.7567460941907,4.032248503871921,100.88207253906121,94.390198859408,0.24216175168726117,64.41351806861518,112.68549225325008,54.812406049824006,76.19886048894539,83.19664064167735,5.392265704062472,88.4911649882972,104.57883241680797
1,72,0.0,0.0,84.59813367209186,101.10824832604774,26.9035202807293,78.77083003630116,99.66046594526894,19.690289936090384,106.03563743107885,129.9155242169838,28.12029379769694,89.05479927731238,89.20643692692988,8.843690882370481,96.94928486365474,93.26304963840717,-8.988734138124794,64.46580502214772,113.35471573422883,45.04301242864251,80.86339180453005,87.77177944453801,2.361012361410115,88.64250466264808,114.79571917310113
1,73,0.0,0.0,83.04525457554418,109.77571281415062,24.965533361190808,85.4945108817393,103.66826663091874,13.959543386911625,103.22576993695849,125.75123813644723,26.946175388565337,87.04727299807915,93.82171913174813,3.7557770764368357,98.30495438990708,93.7279170765062,-5.857221088113564,68.04385792976923,111.49680962718675,50.959564493680496,79.85514927184981,88.80614839215262,12.733293135309845,87.90086414594667,67.00534121724635
1,74,0.0,0.0,82.43899148088599,103.56373289856214,19.024321316636552,85.29944588018189,97.34828957393705,22.349791517749964,106.3413628215965,124.68450520125029,28.799108734617754,90.99209078688597,91.42268711481155,-0.5395279759592828,100.25809366542354,93.55141928122525,-3.566019384174365,67.65105068141622,116.1233957429616,49.47848644560511,81.31108412635132,88.25523712956509,12.808398823762428,83.38561641816449,91.85459350890378
1,75,0.0,0.0,79.84220653978063,101.68916437713185,20.09448376319638,79.11279316708976,98.49389439933077,15.918809429104584,103.26490019693826,138.90156759172086,28.66909203661764,88.21659385305362,97.32468386312291,3.40079550779455,96.78927459539531,93.98836337482784,-4.279856451398376,66.96075117533228,117.28215668168566,44.931303081295724,80.97538304479455,86.45991522201933,5.156743301791123,88.81479296241766,113.96606320510351
1,76,0.0,0.0,80.3303440585831,107.66514896457011,18.463710801095246,85.56903856634385,103.5159851081256,19.04491530676021,106.26952596743442,130.28795280897458,32.1257216720643,85.45654710213076,96.41823821485903,6.806961579755075,94.97702613495545,96.60250189429598,-7.199151459358041,65.1469276997157,113.88379784829215,48.59664059477044,82.66387936773272,90.09682238823369,7.365856437637824,91.90230473546417,127.12448862523928
1,77,0.0,0.0,85.90616534157813,106.17818593032233,25.561454882273367,85.1790244046951,99.80128565012163,14.736404026899404,103.92576292270235,133.99192712779043,24.657656100424685,86.72140605542994,90.09838793055422,2.6551701573424378,90.43198618887308,92.30396997820857,-2.9963240278018692,67.03047726682867,119.70319018658623,50.8382780967643,81.91520066970519,81.48929070699974,6.7581853913770145,91.43900680071349,102.95477785764378
1,78,0.0,0.0,81.38187092538752,101.37497583538443,19.02167292730729,82.33876434247773,96.96538215442631,21.728994742904664,95.87289096131686,130.79475514121302,23.868845200901347,86.62515195027501,92.84379801417019,3.7646909829088537,93.25394784457909,90.31230263328455,-2.3304551034168335,61.569602504705045,115.99225570133105,50.78192139140805,79.2224629745956,84.58251212255307,10.659758349671336,87.08736408070257,130.15617629457537
1,79,0.0,0.0,77.10462034487993,106.54176604624259,27.280575823497294,84.52458788813153,106.08575945336209,17.28846990119128,102.84097194028669,130.82102706705996,33.635096325431164,90.42017003015359,97.3446074474607,-1.213700795819184,101.15994325939535,93.44169866988919,-6.356889657370527,64.76346662294627,117.72709934272407,50.6245143932962,78.91633271702965,86.35646649464073,4.1225880209916586,87.5805532434391,86.79380534345763
1,80,0.0,0.0,82.28692311396527,103.34505842762638,17.294898297645062,82.9060151144803,101.58923976526052,20.2979729014193,97.7279111112887,129.11299207927212,24.15220907280184,86.42310231443233,95.46723426053492,6.7433122996477035,100.42271516798061,91.61850398164715,-6.581838921121533,64.2249244123106,111.04639458380449,48.13799906773203,79.02636032718415,84.87165282251325,12.94017723786143,92.39771945850367,103.22443904123294
1,81,0.0,0.0,78.0716467874744,109.07141517851561,18.873171190853743,80.68858468539726,102.05243899389855,17.258168313375563,104.40267752292688,135.26260909835324,31.686976640818617,88.83751074368348,91.67001359632998,1.382864371958898,100.28406362837093,97.14115784280794,-9.587715769309604,66.272973578832,115.11809139375958,45.94308573522093,81.29228024696647,90.65948120196737,9.301429601172702,91.52514691758293,108.93326980739043
1,82,0.0,0.0,82.30283368471618,101.51631612657212,23.849641861565637,85.19898653065626,103.01041073705063,11.234230468578534,107.96278324263784,135.6808009419971,34.16273362740283,84.46628711018195,96.95934803051337,3.679926644956054,98.55877562245854,91.46907351372123,-3.0896644871818983,64.59024263937908,114.29970600707324,46.56325663383762,78.58524106083463,88.35008947883284,9.696334903724487,84.85223045314486,122.05764629116734
1,83,0.0,0.0,81.62533794580754,104.72088355623913,26.6131555868555,83.82368098533338,97.05536484010416,14.373160506385396,104.36417991838417,131.77334676807024,24.790105262299598,89.77020436950708,90.65970026171065,5.763854724188171,95.83022659932438,92.48917192737879,-7.84372718094511,67.25263717857509,119.8832731020841,48.199959499781144,75.61298951568853,83.22728273077395,4.667027063239068,91.72247137885928,82.95069553641014
1,84,0.0,0.0,86.4925092096602,106.42295714365277,25.060393547440462,81.46480210277296,103.87416537022213,19.548053394777426,98.6735945492008,136.0934009252028,31.521521932371837,81.67100531156622,90.44531876241611,5.691277426038979,99.55726304050818,96.0004669976904,-5.6407707749137135,66.91377914508905,119.96672274850272,45.31174402451597,75.24024716249652,86.79812444241634,5.507184122758989,85.74603784003138,118.22928104440442
1,85,0.0,0.0,82.62317217627518,100.5950683996073,21.132055052272108,85.54640432071828,101.96406640116544,16.82029848777207,104.19134669115353,124.74163210500747,29.079987990802813,87.26957504975533,91.0127602804553,2.9151548155833353,97.18442649774495,86.34803649447535,-8.457891987558675,67.61235980106358,119.51670788861242,49.05667433509172,83.69178110668966,88.12353237018378,6.649017460533475,83.24535835367561,63.87800170169862
1,86,0.0,0.0,87.69488549923818,103.89760184490135,25.71235621212577,81.8710113858371,98.6126020851554,16.695019450313882,104.46647645998311,139.54152703796723,26.36719619786778,90.48455772568411,92.3609656334084,3.733672273885922,93.46836424595406,92.10322741368826,-2.44342038059163,66.93082620231344,113.35862126190965,54.29048593937845,80.0074872025338,88.69563080793552,13.248105845602351,86.50965100051107,141.57463100749732
1,87,0.0,0.0,82.31066040479074,110.20967640512694,21.841722743121046,84.08838059061881,101.49920847904912,21.499516928132692,100.17743457515228,133.43970716504592,29.661311964939294,91.34809622069315,92.04778090327441,0.42671112227217556,92.25730630682219,92.78316748174306,-7.514811135904094,68.78132059051487,117.15805396304108,44.70297396689054,77.30792544811426,88.84667294165808,5.966129302742177,88.97054065963454,100.52530174743167
1,88,0.0,0.0,82.54246955077569,105.45214733140027,27.57081921567754,79.13973681301928,100.91839708359296,11.623663570663787,105.37297242515109,132.27244067406545,23.70731914301736,85.71840281228097,93.6448943587761,2.5145334688533136,98.23151778964778,90.24085256890565,-6.5730704072045025,67.48182245332214,116.0246033438657,52.758090509480276,79.7113899588373,85.7168223273586,7.855312268499279,89.31325830447773,89.64017363204155
1,89,0.0,0.0,83.05133419735554,102.31467676689438,23.367598928339923,82.1843188981825,95.56863774834173,12.912989871438288,105.83434483148326,140.70793886931781,28.67770171281992,88.17748966301316,95.24633229861847,7.448536155013865,99.77509327783939,89.90302388028472,-5.008775354375037,64.28532182510862,117.4157634040852,50.467093301592314,79.69571685203373,86.29235316037777,8.38322052936342,92.00200244393575,123.81588247031792
1,90,0.0,0.0,85.01820974562636,105.24671738147102,27.6118350833209,84.8781705052565,101.351045964729,14.118767438353633,101.79702438458776,124.15317073441241,25.8579468558507,86.74864445363734,92.70356482732313,6.812883524011503,97.02399685930403,89.61195407937107,-3.374862902497777,64.99929988342997,117.9541550847763,55.92249729782581,75.95745322672168,89.81261021234602,9.721533491974089,88.07369098541449,163.371852337379
1,91,0.0,0.0,82.4132173729576,101.63303993753975,24.957611487503222,86.24636798600582,100.46538876324705,20.16086375788356,107.50110077445356,134.1985608550981,30.44639868568666,89.66428549707798,96.04947163588648,2.8825414520030543,94.48938879463074,87.62893289227092,-3.107465941678738,67.87512844687414,118.18666981377332,51.92780504435476,77.55756143592072,84.40756051127822,10.827438515158441,83.6534034150278,116.98818902135518
1,92,0.0,0.0,86.66023632365588,102.19041613252857,21.206620057514055,86.17393599277318,104.53349912724971,21.592705572329233,111.9924394066517,127.41607488391294,27.665076111242428,84.8379008091944,92.06665904704549,6.354418234287179,96.14990692425839,92.72499299919363,-4.2676912183362985,64.85451006225756,120.7152626172922,51.76237212149045,81.14221969434371,91.4570380897837,8.260208812294417,83.20104950917472,99.4962712605639
1,93,0.0,0.0,83.15073939658625,101.175358980826,13.214086948425543,88.01900264348315,92.10153596457849,15.967628901100534,108.13597689601146,135.2760798226307,32.952321406666705,89.00345508189865,90.75280908109507,-1.1483446708456349,103.2965738979373,93.7570950397705,-8.748345632900183,65.37716828101091,113.75098994934832,46.96517341340341,78.15219983630006,88.22914125988136,8.589606755700238,92.77196713037694,123.70572652924746
1,94,0.0,0.0,84.46250994552625,103.17779317598877,17.910331439185235,80.75937302314603,102.7624184104111,11.018778549044184,109.19174838100285,129.37951520677143,30.40046219768338,88.86271794984602,94.75271322411915,7.875132237403534,97.98789944354878,98.59449734473958,-3.06019025240875,67.30815255015646,115.77245791438196,51.09567336548582,79.8432270168198,83.75609955158554,8.500260582441815,87.28707934665314,90.42067024248308
1,95,0.0,0.0,82.64115569498526,103.692964788165,25.258424974741555,85.1541185467567,102.02993361211936,19.448754191788204,104.25295621167722,129.12124046418427,27.696118129830666,82.44636756209226,94.29478634567079,8.008936238336078,100.75844647837064,92.10835342385849,-4.992725823855718,67.23175144696111,112.96209438203012,49.872387566710955,72.66245172895171,87.6859448181902,7.101016907431298,93.45869920286086,68.91991844156664
1,96,0.0,0.0,79.86289895472459,102.67097685456935,22.250746816198525,84.97036345371808,100.32987207854428,18.684379755108083,105.91369730729231,132.8393482627559,26.936310969071528,89.7810337137369,96.91784088178898,5.86719403059412,95.89399904154831,91.03224896838006,-8.349699304224412,67.51001491549351,123.28246818127849,41.65567022248056,79.27533984141199,90.75021911912204,3.6647537438614224,86.00436984812411,87.31863439300538
1,97,0.0,0.0,84.16546331427102,108.97992194508132,25.657463198847015,85.72986423817558,96.40864292038165,14.14936007335238,100.99889483230989,130.14371366066345,26.794894955489642,89.61790004575622,87.82151811857055,6.9313870124617445,93.7540346462745,93.3091617470879,-10.262087823996707,63.51802967731448,119.56920197898212,52.06354967409253,80.79089790510896,89.7492531540447,7.298639743752964,93.71248377512812,88.49097001062192
1,98,0.0,0.0,85.0743588783929,104.06902370788288,21.919842489266916,82.99003579139732,102.07655042829707,15.794228384217408,96.18224177578527,139.0598695770837,23.357165706264514,88.55765622278513,88.41883706349509,2.766428018227428,99.64041250109693,91.43461913668547,-4.795221023663321,68.93485589518085,116.26194611922215,51.68048884751242,79.0273704859013,87.16208914113275,4.804708980111047,89.08931407975292,122.42708348863611
1,99,0.0,0.0,82.81907311581618,100.03124881802431,23.168531347896348,84.53230262918808,103.22983527280608,18.412226024207808,107.24983370695507,140.4391282542222,27.67604298095944,89.83845938044693,87.232723796251,3.3085819998386015,97.36456317022068,85.67671992265622,-5.529938690253198,64.50098094321747,115.09007995855663,54.54539888714954,74.70491411119322,86.07290859116007,13.357757121936668,91.91981275282448,84.64920440879376
1,100,0.0,0.0,84.82538160730236,105.72850260377439,24.23676500433355,83.52977690569234,98.77401328104332,15.282587268725743,99.73896745084932,127.06096968922579,29.14375689216871,90.0825451558272,91.07604381956563,4.445555394093221,97.22981312892783,93.13815279134093,-0.5198491158868119,64.69251149275331,117.25924519063955,47.69409364957023,81.08793546401444,90.79836595887816,6.412078087468368,87.34279681491009,121.4404331180281
1,101,0.0,0.0,81.79963922987409,103.33525459847226,25.031123169816308,82.99990915907892,101.0346084962142,19.801401779439,102.10903782802224,128.25076364368581,33.59124186494291,92.28452591445404,93.12794407373292,8.1835881814826,101.07279122498412,88.76097878395024,-7.657703394016204,67.2521196619422,114.57921410919563,53.03168799766209,81.56888889403179,83.20025849513162,7.525917424436127,87.16789368077876,84.31433758889034
1,102,0.0,0.0,82.07951966414119,103.64972118244923,24.57081214083722,82.13274407361828,100.3174071943386,21.636320001550203,106.08307299741705,132.21023852237602,27.22208396400621,85.26007835399987,94.31501662517152,2.62828114701842,101.37310944809852,90.91151073097735,-8.517076403225392,67.81625478690444,119.99661407885309,51.041530635248485,77.00514542781649,85.47769937263591,8.318457834410237,89.51733129635657,91.58807569661012
1,103,0.0,0.0,82.02464075423332,105.90442141319235,19.672529363358542,86.13697676568562,105.04468828068741,21.01565725160125,105.50258353375277,134.85824056619705,26.896829531156357,84.15226333467129,92.94212248027291,3.48858325878269,98.42140602339235,96.20001576466824,-7.349263937091333,63.74878633392012,114.57870656198058,49.331437245907914,80.97198767530192,85.35395356860657,10.225696127550004,93.16789688728062,119.50736568585714
1,104,0.0,0.0,84.18555868775154,103.6149942302802,20.90523081093143,81.6835807864687,98.41992372949179,21.273624378213206,100.69701980376354,130.78029089849974,28.495092874685348,86.26319972046272,89.66478550898731,5.7247138259516905,98.05648136291555,92.26200330888858,-7.701310880819335,65.29636233237925,117.76159061148385,48.507867234924475,82.49838876413058,86.67154861273714,7.755051562592061,90.74067968343604,90.6946870345046
1,105,0.0,0.0,81.6666899298739,99.14100379704561,20.853952060008385,88.4682635191164,99.94175508402097,19.67026507484111,107.9358487938449,128.38616446432016,24.03311446079165,87.12873446997448,92.74011691109057,7.732137387453852,95.11447589082408,93.82706748302503,-7.627986063044367,69.15853035692402,116.45446010746458,45.51465693222556,82.367957822787,83.75002353182938,9.978076393593295,90.73649975592902,71.91659102548832
1,106,0.0,0.0,82.20525325482353,100.7012275383833,18.24409758617295,86.62497544982661,103.41158883949363,14.692748567799855,108.00269730064733,133.5536007572667,25.51163768263639,91.0399870865112,96.27563054545702,-1.870971680622917,92.11831498138437,90.35290155669277,-10.353447093001645,61.87464533655479,118.97537384269549,44.69618995992251,77.82823818765797,88.96782600095074,10.10334621930788,89.63447866103733,77.4299601991941
1,107,0.0,0.0,82.47838162338226,104.39654818103332,19.094796750009717,80.44021601883048,97.55379860203911,13.704441718669674,105.34107841348623,134.9083094723049,29.170108503912545,85.4740372911556,91.56563995341388,-1.6735269627273066,97.50531658856937,95.09143988820695,-11.583172673131273,66.92396089282141,119.37308770777848,49.843441314549985,77.67082893131087,85.08964311092855,8.405940150239974,89.69526657397127,89.97808352750326
1,108,0.0,0.0,84.74831750461132,100.44528539252671,19.438544394189535,83.25499942187218,99.87445043921238,15.031715897540968,105.33294281808634,130.07492290211246,31.11317376064924,86.6344688721316,92.91141741437531,4.443608761971706,98.7332547938761,93.67053443703466,-4.393012647937593,63.89258181709989,118.58381608623867,49.353298781716546,74.61165050032601,85.47306815369919,12.484119420864412,88.02110412737568,106.30224034525243
1,109,0.0,0.0,79.72615657097828,103.91114462315161,27.06525455657576,84.63828834156132,100.37370334488818,15.922853237753314,103.55489341982603,131.97459554244966,27.4979961000867,86.35273095111336,97.78909636082473,9.527565616361452,98.1104598567111,94.52820423036607,-3.910745436912306,63.95327025484157,113.87963932216248,48.91286168056941,79.2938539355839,82.04954029322619,9.836654200475126,85.7633022461047,119.34587022760417
1,110,0.0,0.0,81.64651937284046,102.08011686447648,21.220889453497534,84.6207390610328,105.54619678783142,22.726306997702878,101.07151716462346,129.01033880106385,31.222724942360703,90.46265906827793,93.85839328183121,1.9623172995577445,96.65565729605248,92.52006215667316,-1.3705308686454671,64.21824902893678,118.41456525084918,42.859446479439264,76.64075205914341,90.31906361131983,9.181948304759775,89.15264630401452,92.9511944677767
1,111,0.0,0.0,80.7061468040973,103.20010010342219,20.35921685046186,85.15957043897451,102.7319916116668,11.929611369508986,105.54916248975901,136.04529546267617,28.98153516749048,89.22875726821019,91.77824111531595,10.26345548917919,99.82855969090033,86.41936967642236,-2.3645575049755765,62.52935238262633,117.1028043192345,49.888631497731964,79.44477155057285,90.26333181291336,5.3982987431041165,87.20179994086247,125.31595511942633
1,112,0.0,0.0,84.29285710491322,106.10306871906387,24.253868710830748,83.3849028620115,102.11846568692305,24.176936665694253,100.3362551272439,130.5272863257918,31.54501835073304,93.7223080902525,94.92976361110081,8.94072180430269,94.21606455080016,92.094309103811,-1.1190795268329232,63.59571521906652,117.72055809165091,56.19596813175436,77.77798095870978,84.22225503019423,3.170180155864797,87.42735405272032,104.38282131130445
1,113,0.0,0.0,83.64738156545808,101.9139023020207,23.794722149091385,81.76992928666486,98.79320345008678,18.549536375677135,101.75654524547328,130.23936302507136,24.758049119247044,92.10799298561074,91.92782290327695,1.0541433457354223,101.17544313039534,91.58381791128838,-3.3247722811432645,66.55439894772695,121.5893612539307,53.85998812172715,79.87918402789084,89.30640872886191,12.540547704919584,92.15644089543544,71.88923634111691
1,114,0.0,0.0,76.96942366571548,100.33110394217293,22.1093176431037,84.08364311857403,101.6657639681952,17.873590254272177,104.48938100837199,135.26238276328687,28.576422556879894,87.79433146323069,98.26947224653098,6.2336028274008655,97.02723014018723,89.48926121293898,-2.1108859007020917,64.86806995010423,120.41330389293225,52.453120868597225,77.42319572899588,86.29677955682313,7.468092726858794,87.54468696573855,109.95270468693543
1,115,0.0,0.0,84.4579507652335,103.4352919374717,20.26815586384512,84.55678729588827,97.30975535479605,15.306858715673826,109.06311375352152,136.2562432101689,31.269200192972882,90.93323005444402,96.74988903075129,4.900962970558541,95.10525514066585,89.9483718353413,-12.750625765515133,65.54631646574411,121.33513619442127,44.7828950630921,83.69350717109455,90.46424345682607,10.236214025906298,91.75456592104702,107.08543319949588
1,116,0.0,0.0,79.82448663808755,104.66589104866028,28.54137949942177,89.40165542864024,97.344083619044,14.583245004778743,101.94702692905011,127.09530283776456,28.38887399379316,87.77563587574818,95.85564679730835,7.059918146902091,96.84166971695461,94.71509939410252,-2.006895753654712,65.06861226742632,118.77745493987936,50.93090541949487,80.83818642391122,86.43985531777268,7.8723453223177895,89.03797312434678,105.59172604906698
1,117,0.0,0.0,81.52642449435946,111.61164967856283,24.846244093843303,76.44683472598828,97.87099417711163,16.78398712765082,103.2995632358233,128.55774852568334,31.173376607945734,87.3574536420519,96.92811240618536,2.44961289993824,98.4376519875414,92.79219388892678,-1.5687153953225117,65.14165633772748,119.60640985363985,54.32425411037596,79.65317784657708,85.03107912621284,3.963192749888859,85.75482690256267,112.93588321720053
1,118,0.0,0.0,82.63347524124252,103.82475572382957,30.641097525845026,84.1258582372244,99.6174587956284,21.140266393666217,105.39953040819495,127.2757539855505,30.477276398593975,92.74171018052934,96.25141470721532,9.428307035378051,102.36300276748344,91.93403175597004,-5.18708901359018,66.4382157680506,116.55861583382368,41.900317447003204,83.3119775774198,91.65665312182708,8.595618942992358,86.40413836584074,105.69339430217981
1,119,0.0,0.0,82.90559957020565,100.68964495129883,23.92533813558794,84.09590334967663,104.18382026976494,14.629951398981246,107.96824382612056,131.20233494067207,27.056230873414037,89.74768175038022,91.84497521606865,5.519947271687631,94.76149603971025,89.05837617726529,-3.9030639700984135,67.40214489621853,117.44729005207385,55.542595266636226,79.23486552140042,89.67104313463386,7.570909738276219,91.9523645767857,79.91746166556655
1,120,0.0,0.0,79.11505808596942,99.73930094138053,16.027969524848587,81.2085730063456,106.79242364171016,14.146618005622647,101.20874504938344,135.13776665940378,27.5150628432138,90.46544369131882,90.77079420382208,9.562075958312754,97.2879451695654,88.6436310289936,-2.1890904468253995,63.38935370443872,117.1941884832348,55.77982691337616,78.75395608251424,89.7302331040864,13.441735482055613,85.81057169565601,117.61017009765524
1,121,0.0,0.0,80.7705459104613,98.18930234429043,29.76278445631725,82.78145751738926,99.12288203258096,20.635901100126965,99.12114057762746,127.26876793499419,32.217585478265285,85.68172381795375,95.5978677452812,8.442643069349689,95.1098998343477,92.02839556952009,-3.8267383399973807,63.58742028169258,118.2546069592384,51.964256518788375,80.67064746753047,85.59924221403216,6.406727865345104,93.3643320393372,143.27552207115252
1,122,0.0,0.0,76.09825301260977,109.56390489204665,20.812761599928056,79.28358899697737,97.72632794020205,19.54342310471422,107.48753868842726,134.3621708478848,31.182909050518532,85.73322127860023,99.9857176450568,3.661617414023819,99.1430817697123,90.07130996253156,-4.819631603900505,65.04528386665956,109.54003969522752,52.49889947874318,76.65794365461588,85.67021170880071,4.059665237366376,88.65775848109348,105.94066829156894
1,123,0.0,0.0,80.1140200989992,102.42337821508602,25.805223262174483,81.44019957619693,101.88850468600594,11.754639750789693,102.14058489747534,134.05139393120373,24.87487484375597,88.29929454017397,94.8479756221476,-0.5231962127654333,99.77449608075626,91.52690715685635,-6.546486434861158,66.77438680671021,114.99476631871768,50.64628363397938,76.79151369779052,81.5848322660893,9.393311594639359,89.7501025324062,87.37593087724744
1,124,0.0,0.0,79.86732709437707,108.28204793100474,19.837763842631585,89.04375090809717,103.67227423756889,19.452955699648474,99.79481468001008,135.31251384767666,25.709605740297107,90.57707472795315,95.590429883389,10.252976228791798,102.24723104277525,91.33227005466641,0.9802591682177226,65.18641653832245,114.66879020413865,52.73996478011221,83.35697758471623,89.81201281864108,7.767668803776456,91.40494473014623,125.70332996778524
1,125,0.0,0.0,82.5661287741388,104.72967041142141,18.16039928837278,88.92418472210909,99.71952062211972,20.30934866977644,103.8899563243463,131.9053392538224,30.652989201745726,87.67596218047804,93.63639864373462,4.937187145870623,97.86685294445886,89.85103535982547,1.183995192244331,65.9517845049626,112.89651429013983,47.639088020177084,76.8632568256183,83.41339824036629,8.406276486065888,94.66963668065777,80.58602840880366
1,126,0.0,0.0,79.45787402878099,105.02340664384842,23.29279200436322,87.85261859490772,103.79893594543621,12.052719009290513,104.88953406909017,130.4249597859345,29.219991404183784,89.25363354767659,96.39928319001639,6.3992865143593995,90.7974047353092,87.85560213572343,4.214205139672563,68.66376906588599,117.93720744120023,52.36342671672241,80.8612411835359,86.26564436149674,11.879037157410115,90.3824996432489,105.72646312171548
1,127,0.0,0.0,80.0849113572295,103.17868575826641,25.182217179173485,82.74645763606043,104.66215032307123,14.817942191355321,107.30942332641975,126.56578045330215,26.39107393325311,86.86491567143275,90.05339835820855,4.32967500511837,93.60640068569735,99.05770074909657,-5.720251539682281,67.65859025259634,122.12852213150859,54.386325446359976,79.51666051069965,88.4077949337969,3.2273287138334856,85.08738630871008,99.21809034523808
1,128,0.0,0.0,78.50043866334805,105.96633083229469,19.17863848647516,86.92599823751031,97.42429876634414,15.034499877860888,109.08684132006532,126.69636282584968,24.67967904328199,90.45854372566585,91.76505042595892,8.052687175612167,96.13103070236355,94.25723961745105,-6.612526954232423,68.31238530498888,117.87639594272143,51.63026932480784,81.97042016981354,88.79445242257557,9.742434003902883,90.59756590960166,113.85680390212033
1,129,0.0,0.0,77.48803413395058,105.58879836129866,25.502418597471515,82.02059410328039,103.33527577873345,12.490856655969104,99.96018893448874,130.3845420404376,29.864108027029545,82.90508675950285,93.88341453204728,11.748325096255451,99.61951371712905,86.6264819536913,-2.273722724682073,69.0126625305102,113.67122408606308,41.63097826961742,78.87225644677974,89.01807254674132,11.500085744679104,90.58042743506937,113.82318080891719
1,130,0.0,0.0,83.23307090805575,107.64978832049583,23.389423369485662,83.52301352943097,101.54965772550109,17.471968232966532,105.84380299574234,131.6092893871231,21.129383259454354,91.64088339617601,94.0156349059186,7.593627401212479,94.9790326721634,90.24700418550096,-8.341894165069796,64.9779776353355,115.18419091492976,52.73837776002577,80.50662943880637,88.82516247934562,8.15383947335424,89.4893660544108,102.02953738847077
1,131,0.0,0.0,79.16475353554111,106.22466900980498,21.520488741318978,78.87121581098755,101.28851741757644,15.748373673103721,106.08466715556332,132.4016539846821,27.15115771857947,88.64864223774683,101.19234135213489,7.403754948071587,95.3550654727518,87.14040075507233,-4.800031045497382,64.93766573868423,118.47903699589745,54.87232534206126,78.18175580565972,83.04426720920294,13.732533081295243,85.38721473786137,95.5935627512715
1,132,0.0,0.0,79.85811191176869,97.25006753655867,18.37163421790281,83.6601971408283,101.34975660062898,15.283069256056132,106.45099489029714,134.55364063526838,28.683159708801956,89.10579607189256,89.93167128160104,11.0430739532054,97.49998571854675,91.53339564030628,-7.298908072653552,67.20362531380155,117.58195818766434,44.13156364387828,80.14572975731934,85.78902183212004,3.8754877801437786,85.58611050994256,90.19426500369701
1,133,0.0,0.0,85.49151589773814,106.32928816012475,21.90987715101143,83.08017611308057,99.83674215183069,18.407356885748975,107.55335538699241,133.0439765625726,29.35681610081072,89.55536783780543,93.0354147900405,7.9990787933722505,100.61112423083249,87.59652937894154,-8.322021391274824,67.18930512897838,114.89955723253792,54.46275286614729,78.63573264660391,87.90002342081154,8.112523985096914,82.97320326521093,105.53998251766095
1,134,0.0,0.0,85.39836908288439,104.4131822683493,19.442408169772545,83.0734160714954,98.01017797370521,15.672434259491947,103.72906588123348,131.02033435328684,27.15952729558807,89.34843053677545,91.5381851903269,7.284683692053125,96.78201493832103,95.28492840612468,-6.277935465592737,67.70200600778452,123.76431899626603,52.52280772271229,77.7531613187635,91.84070874926927,6.932488656941523,88.43995891115458,115.42176748179646
1,135,0.0,0.0,81.27308323857058,102.78355380908954,22.30711780303687,84.27476430973725,101.91419902107512,17.139618459985474,109.47008159187764,128.85477471739068,21.927912019909318,86.95608972322668,90.91258417597106,6.423540209393431,99.30631203258567,94.90900941026709,-4.129939823002328,65.89267538169692,123.71699520606839,50.94699478817528,83.88908467320756,90.13396607331907,9.194929007278482,83.95296861869775,74.1603281791306
1,136,0.0,0.0,82.52800603452332,111.48812197165464,26.205773380798302,84.35526132272939,101.51925931976699,15.573853963462058,104.5224349188388,134.0251218346379,29.378489019705015,89.17688320482044,93.80663675063975,5.6377153389121695,99.55105590942574,92.47890200795001,-4.429579063099348,64.76286002844829,111.97038830580287,49.42885663339274,74.6220041623091,87.83077228105337,7.517030664018071,90.22218296017245,74.20026233639433
1,137,0.0,0.0,79.19536880479627,108.43972440903926,23.54679889198811,84.71865971084993,104.30760305736102,22.421833741065303,106.27918378781371,125.16577459100014,25.371429651319595,84.02657398446513,93.33642410121577,0.302243105756002,99.59899741769453,93.61370124201073,-6.685552838067689,69.45460478982471,116.34811244399768,45.87092458922343,81.62343168051073,88.64680550462519,10.041853722220518,86.24894606740796,109.32589834273138
1,138,0.0,0.0,81.9311625185593,105.34844343053251,20.44073509972133,84.5497463265087,101.68811556277555,12.53517960065917,107.25802352178634,128.34685556661924,31.76508083246115,85.52889018325997,100.3670127947842,10.930268481645612,98.56072757172912,93.34599302455277,-1.1309108321322219,66.00568742629079,115.29198713711466,45.473733833187126,77.35636585917815,87.21564853670937,6.427903527341713,92.46983897714374,101.92782044512117
1,139,0.0,0.0,85.77706975436222,106.0941471648845,26.932665765988148,80.9975342767053,101.92567836367067,19.44469136082995,99.58661003462862,134.8954413010266,25.91254957996264,92.10035407596152,91.38048246678204,7.7496935357557675,92.35357836660765,88.94085901431389,-3.411212930198715,63.131656023496994,122.86215474375518,52.39846272431465,79.4463033255814,91.05278101600271,8.76135848411446,90.53798555915492,75.88657986240253
1,140,0.0,0.0,79.98310276950576,110.52081693476808,22.454500688690786,82.19759717845076,99.18466821705752,17.712317299460583,98.05232614494253,129.85451289961733,30.673419980137968,84.2401611791391,91.23490680259867,13.452808595102232,101.19742128054907,92.36000135577028,-6.771252112694741,61.725363613234855,120.16060435179406,51.65572409653712,80.12966273396525,90.23548724950497,7.3492011400347215,83.838846711185,101.16892505274247
1,141,0.0,0.0,83.44684927748226,108.6336952388252,20.694325960312046,80.37222682760785,98.49453540551401,16.422774882727257,107.89529248304953,136.3283024215315,24.450182596400026,88.41276601602155,89.60510579816649,4.707893385544828,94.26249737127192,90.8190678433326,-4.830354751743421,64.93763014713406,114.76967903993311,54.10691764698752,76.88723388685037,99.75868445169479,7.718903924171623,90.94885481010341,80.59689409398734
1,142,0.0,0.0,83.43282555417547,108.24136703572259,24.82128616177699,86.34565210123566,104.00333602445173,21.504345224151496,104.22926986244309,129.85218802777663,30.921057525832346,82.52682220397868,95.45997325961065,-1.5621222306448992,98.72918387078833,89.53465548791945,-4.114086219003179,70.86806260246786,111.92372220075953,45.27791247809178,83.03175358925705,85.79441429904548,7.510642316573235,89.38231199555081,128.35891465064782
1,143,0.0,0.0,87.87966281269456,100.64982081505944,22.574669175020148,83.7285653964947,100.5588626034247,15.828872960615229,100.69602474917505,124.80729719159538,26.383659397349213,89.11041217454854,93.6781670528758,6.309991874742251,93.34114153115934,93.74785582476082,-8.68579807600629,66.33814646381843,117.58673836008823,48.065470513877344,79.94125029591662,89.84537116308336,11.994136322988073,91.28743755203237,99.83930242395543
1,144,0.0,0.0,77.01040978055582,109.65604202056005,25.338959495116217,83.07564429927189,97.87870647483732,14.008479818400108,102.46780606813715,125.45268487544392,28.862662123251184,84.69946694930988,96.05011185862391,2.7824180308601485,98.97416445192081,84.83171425945687,-8.640835134238653,64.53098712379554,117.75539972408058,45.21407538986471,75.42033112523693,83.97491721917699,11.378295710200282,87.33743527188737,83.0678237592021
1,145,0.0,0.0,82.48045103456646,100.98169913838716,27.899004979670806,85.5269292687789,100.27857578643395,16.435634491393614,108.75737248924342,122.18323287792822,31.699247628478354,92.73384639554233,94.23137768857161,5.646400302722483,98.19565868613851,88.0313731654269,-5.716137470698831,67.65200862108821,111.36326058941044,45.297201480095666,82.60062348031593,88.28285060504541,12.812470779382782,91.59577676173355,106.4615137006421
1,146,0.0,0.0,80.82333299622776,104.4602959961219,18.341504032926416,82.44341145170596,103.21064870438981,16.770168216670335,99.71968027198918,130.72611470680553,31.443492117816255,86.47139355094393,91.24535411215548,11.392229400832374,98.26864671664983,91.12254469467784,-7.834153937478935,66.83234022871272,117.6188562612634,50.767091830767846,77.52802478377151,83.76721684647885,5.094240683221436,90.87605282678635,149.5421460106984
1,147,0.0,0.0,79.61988079344819,107.80112897657739,23.409761684716365,84.00789768370352,99.07965073037528,13.218068158479618,103.58626117081928,128.75553118206403,28.344704001922867,86.5840148633278,95.12722247750803,5.371384125358546,89.26898793576811,91.52162058681914,-4.384439564075391,65.18784073882966,120.74162493447426,51.04587973976945,80.48761355084208,87.60112778294106,3.989942885256112,89.95046766421741,115.96898271673376
1,148,0.0,0.0,85.12018987194824,99.43483692509548,17.709824140230488,82.74602244520298,102.7130192755518,17.452809165459495,102.97989280911732,126.32099545180753,26.86020530197238,90.4474786392902,97.14750041532452,1.2759509422840267,96.19972551346713,90.39043646850341,-4.625463251585334,67.27291264688249,117.14216536946911,48.881105819502906,78.41028400814773,92.35482296819454,8.003100613908474,90.78800217630729,94.71968480794983
1,149,0.0,0.0,80.14601163894778,105.32573704780037,18.734174488738716,85.96735582818717,102.38003217302676,22.06395560569631,104.42374910724631,131.19261512230503,28.25347084917592,90.83296287282647,97.29218917503162,3.7643262135044546,95.96419482042296,93.98069900870934,-2.5273482006161876,68.06409815615392,115.24078161742187,54.14537941284796,76.34061717584864,83.05212020319327,10.830387211507654,86.54343752859147,98.88394790554986
1,150,0.0,0.0,83.155889419198,107.57240605516547,23.041306965526,86.71314475565487,103.35379011177095,14.244051170503804,104.3891725524396,136.0518161252302,25.470357408898042,84.79055798181165,95.51747130787881,2.3069630581739027,98.87646665109568,94.91320562694597,-2.9978186210240834,71.3615229417096,115.83308436709075,46.26444077488111,77.40361483807692,92.78732172337243,10.685716900599598,88.90687527696426,65.40652433822305
1,151,0.0,0.0,84.86269601970038,109.40966348285028,21.058501541314463,85.7921126335018,103.2728982236085,21.572826891686145,104.03039703466021,129.34086243712972,24.490736248330354,90.61305747777114,97.20628586431506,3.8668815634709883,100.83412888015265,94.87021770350319,-8.367345720911828,69.22230929572564,113.42963971860554,48.110153884288955,82.97168219766384,86.7308946597126,8.107669930111122,90.00096997282718,90.40809358513526
1,152,0.0,0.0,80.6211283653565,111.36617560865581,27.790737971555515,80.81425901758125,102.19771289834206,15.405355861372376,103.54781265592837,133.29507709061843,26.55053468075139,87.38613938083307,95.89546412714435,3.0325143391458984,97.4273468690383,87.42623583756162,-4.852735735867108,66.89292012446818,111.21111796769539,46.151100546617414,76.22069769820094,88.37587075549726,4.582384372165405,88.47510951225074,134.76222327987512
1,153,0.0,0.0,83.66079527758579,109.70742623058874,22.37036075669954,84.30638493334419,104.01219714737081,18.38196221737139,106.36364116857281,136.6038572432151,28.572833017837343,89.45468328667764,95.30287070458542,7.859664893610758,97.19957495189709,91.67952962209225,-11.742539098247436,68.46643501896126,116.6640382030683,43.84871109835371,78.4960073084874,84.69768220694952,7.2333703406614465,89.81432947900848,117.21828013114178
1,154,0.0,0.0,78.85335884625049,110.73069722124988,23.36524998006086,83.42034878382879,103.48436014162031,20.898553506205452,104.52568333119433,132.40829387242516,28.722349349309663,89.93703652967993,90.8364712079797,4.045147523877432,98.6830471073121,86.91616543174912,-10.30430051353267,66.49163532189336,113.67597907941344,49.821408088770156,78.75644764158945,90.42418195154781,13.523536915284813,89.14524495021075,109.81013356493541
1,155,0.0,0.0,83.40314039825145,102.86276519190676,24.006656797770194,86.04559125047359,99.106764754843,14.106304207290242,101.72520881594741,134.11804582747826,26.831077131590416,90.77921518596384,95.30606975883694,-0.09521073908063027,90.63626058771439,90.07576149261975,-7.082044915813441,63.54708263269006,111.83378806052463,51.705643638808574,79.10897893581824,90.52081700640986,3.2751460390423537,86.37126390273471,116.30213347498278
1,156,0.0,0.0,80.99148096548866,106.86192905516404,19.64909622649306,83.6440773183123,99.71568558560759,15.657946487195954,106.83940953975805,138.29941551899844,30.09280446954741,87.75223671308385,91.91525927531198,5.88071368027604,98.30167238013556,92.02450100191552,-3.8014461975191756,68.16415474156857,121.98747627509242,49.240720277288645,79.33768005980453,91.80614800139013,8.407923634881742,86.26227683808037,76.18761733216402
1,157,0.0,0.0,82.40642089719849,112.01780968616731,22.84492919407269,81.01306011282557,96.05020604781491,14.928331901796792,102.60727938188562,124.61891730743704,32.11562509151403,85.59599466342526,94.1770601512821,8.79258152132552,99.04357928699076,88.35647121476904,-6.760619480279215,69.0649430198232,116.84709555042706,50.574260574587136,75.47505078863009,85.86562248718332,7.283865814077247,89.01430068323484,87.5919379534813
1,158,0.0,0.0,81.92711524087296,102.87618095250986,25.73723849772323,81.5681765948893,102.66873542700273,15.766828990193936,100.77658785375472,125.43989289922689,26.64587107764804,87.64040579693167,88.15738348953671,7.365257076746174,95.60545165152273,89.60256062367645,-9.256518327344601,64.41220558439983,119.2473708019324,45.02037492933131,78.94544658293083,86.41583733584085,6.35933997552144,89.11258758783437,109.37844734101948
1,159,0.0,0.0,79.56497722724315,105.15096664397323,20.297275382196226,80.10113682861684,98.8632632402977,14.949505789676053,99.22545660344606,136.26647315426698,24.767717508029964,87.76761970710444,95.10063699214129,7.701542277354669,100.20404185924667,92.94838710255746,-5.037223561208628,66.20867162922812,117.22877458342924,53.903918616522255,84.1157283125148,86.89662252855217,7.584156369986677,85.87774408873914,104.1141695455247
1,160,0.0,0.0,80.38205586130148,101.97069912785899,21.092701281244242,81.61260236918771,106.05133458020174,22.928981067628253,102.4688656433906,133.41723130546862,25.364945410956512,89.20668177529694,92.99501295723621,2.2564376742179713,96.78435527220145,96.27567306744496,-6.86275170694144,68.49888743204237,112.97151815681924,46.911830645743386,82.03784318791065,84.31264491270943,10.77596848171807,92.04644987348014,121.30408262699098
1,161,0.0,0.0,79.01605150041135,105.74365700161654,25.403869395540003,87.27122782330103,102.55929187227159,16.682988018798394,103.86979160695066,128.38155450397295,27.226308356299366,91.06961177665889,87.24775634153123,8.753327185728228,93.4836821309353,101.52686305058893,-8.614617486466704,64.1168756691889,120.26784550469286,49.19823278536243,81.84362447394378,84.95071589949507,12.91074189173251,88.86240544687153,97.1935254879372
1,162,0.0,0.0,83.52903019371277,109.02041364731589,18.718328355519525,84.94883052649637,98.9246980977749,16.264188761935504,102.55559313015458,132.4666704668112,22.661713485381703,87.12772913814769,92.70320176162977,5.38521614326536,99.19565673641777,92.55325194788996,-4.439471795870607,64.99870561104038,119.77316220483897,45.054995446937,81.58133371607911,85.01629241799029,5.398695197348502,90.89218201395168,113.83850361451269
1,163,0.0,0.0,81.79728029873047,112.03837457656452,21.596090591237424,86.12213378601399,96.27359787749664,17.108964012482456,103.89186594211222,128.72634313874153,30.553408385817175,84.78147297833397,94.90195877228092,10.532300878315212,97.3063630419014,94.26006510722293,-3.5799837618528745,67.88164804649033,116.16826258179222,49.64254659269554,81.09259536140537,86.5130174550728,6.854502590956277,87.58556865523758,92.36556170931038
1,164,0.0,0.0,81.9587216541446,100.47009167123653,26.602805905768395,84.82315985423186,104.18681473777335,17.599893197153854,107.653509171294,126.33084568568313,28.83866987613623,86.24932934497392,94.61002343643082,7.309249653604209,98.3856259841226,91.6134351650076,-10.213828467681477,69.11542887852217,116.32229446110654,51.26806553200539,80.79491960115986,84.70596502127916,13.393823340549366,83.70523277517147,72.18418450200892
1,165,0.0,0.0,80.36151567812043,102.66546007763564,20.98233095517565,81.77528786430175,98.66607948185856,15.082036818875185,103.12403673518294,127.21665937196738,29.312790687754184,86.40920642573175,98.15068435849872,7.624687791034625,97.12347537959302,96.05701192238823,-10.142709562243224,68.57742424191255,123.43369903583859,43.97220110131593,82.24345045855159,90.73250091658213,11.326737101272993,90.56085199941856,97.55003761033952
1,166,0.0,0.0,83.34167041798963,104.3620118438508,22.457321853721893,87.0085150554019,104.93163791285973,15.187347273256332,98.72874864390509,123.30636937400004,23.9630135096792,92.4060332534751,93.2959994698002,9.785899102980235,92.75389003878246,88.4981692716535,-5.086459104125093,64.24988278367795,118.55575287891163,50.244953830220695,81.06523832226615,87.4369083250929,6.680486173441455,90.13745469298533,97.11902067551182
1,167,0.0,0.0,81.93173009224425,102.04753489414291,26.206500399998216,79.64228731426648,101.52253252306605,16.942141596292576,103.68591078909716,139.08972441130715,33.236388354656086,86.20478575027603,95.75097794073548,3.489508925402082,100.79596240517277,91.69234786075098,-12.434868449291006,62.35620416456703,113.66353633320179,45.76300545925929,81.68500434423714,86.12064964429806,7.491802797505743,89.11450241720175,107.22301876377546
1,168,0.0,0.0,80.92861500955021,103.89190762571471,23.310886751452593,87.31966495027575,104.64162538490542,14.042575654130996,99.37716305496679,126.97484682589527,31.596015547176222,86.6935459844829,95.61346830248404,0.6856951823880468,102.16088969678538,95.26874140567253,-2.2648213254032066,65.32167688146913,118.90116339176876,53.792494412444206,81.07400001097459,86.38684349589427,4.80919952275055,87.59144070835963,150.68168142498297
1,169,0.0,0.0,80.17419412918238,103.53660380989704,18.942001420946625,76.42756835970361,103.72100424543062,12.377442469560197,97.81188492392695,138.18839745503797,31.6376934489524,86.55136108950342,96.70151117496975,5.2549561216231,93.81416903331416,90.10182150701435,-2.090653071862022,65.87902913943579,115.79202517334343,47.54222970457458,78.27057599111055,87.60855878101778,7.467187191766554,85.69909490588722,77.88127561040149
1,170,0.0,0.0,81.50426494078971,109.80681548907329,16.64930783793729,83.04732132946496,98.44271034742098,18.827205159069994,106.42798604182006,130.95234660178892,29.759912815975728,87.61629931289718,93.78298691194489,3.7443245162722243,96.1821972303715,88.12148232193925,-3.2570778909366775,69.21871482609652,114.63587768353865,53.55286642332336,73.80891695134581,87.64079272862097,1.68058731722666,87.52227246982652,123.79166523147165
1,171,0.0,0.0,79.57380352277553,104.79645905976113,23.53574420241828,81.70902813958651,97.89596671869529,21.842373812836183,99.70917598097324,132.62109236108503,24.634517425964845,90.3114240680614,92.10065795491236,4.0737467861893695,94.9972804664855,91.82926942364676,-2.9381274202729353,67.28045820740553,115.91262707525279,48.1942892943052,81.74019554007317,87.40253113014201,8.889009917653743,86.71800296522872,99.65187272632284
1,172,0.0,0.0,79.08952628893749,106.51505476617108,24.132224079704926,82.83166832149907,95.58386699716101,20.56937829535248,103.92853700512124,131.38065945955648,27.358498703847417,86.83419256267632,94.94420291476098,7.794542637258998,95.35581537399706,92.94691130831134,-7.943671511632601,61.8408148017234,118.1103241596593,50.994863257627514,75.95849581743147,84.16499713956021,10.623676729916202,88.50118556437064,84.71777811388543
1,173,0.0,0.0,79.44031020350987,102.88389337048133,19.8464746324742,83.11268697833046,104.47033166549113,17.94731273000986,105.192849431237,135.62214975544677,29.66904769875603,88.41373266977112,89.70888223977317,4.555940138232646,97.49652764058091,95.09768665048078,-4.042649855429632,65.01296266228792,113.58249673535974,47.61806700099482,78.40266151203156,86.30724752236763,3.3152131810982066,88.6743470536432,93.72839537511464
1,174,0.0,0.0,83.38702240829765,104.43032401655996,23.309088391286284,87.11694123143171,96.19884306255528,17.014848433473556,101.98502554904907,130.7335515222273,27.821066622632568,84.70323086984072,94.8588521502619,7.989926048825666,104.4999519366222,91.2202852923051,-5.854445415606579,67.01242887388945,112.11154992359425,43.49234080663046,81.19163206565894,86.26774994626263,4.526198111140318,87.18156235158203,106.24331481469935
1,175,0.0,0.0,79.79211000490996,104.53843858753324,24.351802190119088,84.0678132527299,100.82039404679617,13.63707629641349,108.77627132238665,134.49041514659788,29.811914928687145,87.0407559151603,91.41383916039034,6.680887446564487,95.75365723809752,93.0580172315132,-10.238780695424452,65.84533541451117,114.29717090164101,51.467220003125675,80.3128180522238,85.02512002401986,8.329271716325902,92.79649167528613,79.3209430837316
1,176,0.0,0.0,86.46341277278974,105.44562094807313,18.46145506016186,84.0035467614434,101.06145903487534,17.772182054046468,95.59950317264284,132.49735397556591,31.303391653473575,84.59076039589002,95.99823539953259,10.250051433977356,99.01932470624551,95.33198533132392,-7.071880631876853,68.3855034550384,114.65336089429623,48.72605837363468,79.05898981712927,89.98187998169041,4.632183086311569,88.44957764205769,61.78578725007736
1,177,0.0,0.0,82.21378425396517,104.96828748377357,20.8529994881344,84.65017313307217,97.70719183139,12.567325322678133,107.59559620349349,126.59025241533274,24.008595381132327,90.92184209026645,90.04072260990246,6.532954078459252,99.91381921897025,93.80659149852245,-6.098776139102112,67.86422283620203,112.69736891557925,54.25954366067778,80.295560997786,84.36732042848219,13.252981065841354,94.38246038784298,133.1990254037346
1,178,0.0,0.0,81.56406747326933,107.87070455060028,22.588003992100564,84.60812128418205,97.66707206494597,16.156913656821462,102.02519955058216,133.65413306033085,25.70291729637302,91.77328486837413,91.26616625450313,7.819729303100244,95.0767896383317,93.92279835732431,-2.606485957874935,64.38571621676049,112.2070248259873,54.4311531540259,75.78648635069167,83.98816684308993,7.639205433212059,90.72938803988323,108.07841520469995
1,179,0.0,0.0,79.82027353922253,107.78960776470711,24.17251950331263,87.39583291006873,103.749065014624,14.108719270306661,106.69817249725165,128.99050961226737,38.87858565923311,86.28152427787842,97.89191565282145,9.474541623759645,96.28709033152012,92.25144577331626,-8.46501757299188,62.814503015814935,117.77580148663174,56.42397135976822,79.0511694193232,89.6838593906619,5.125838226662584,87.97301193417508,96.87318082761288
1,180,0.0,0.0,81.29998304199124,108.32953180453882,20.76669018987441,85.6240017618293,105.65135592061952,18.568083826828122,100.61105907030094,127.83785434869164,31.55183946933931,87.3883660251477,96.06375396355419,7.386389968736967,101.51551024109531,90.69144716064602,0.06595301530012598,66.65890378562518,117.91415594717051,52.713908853850896,82.02394390761445,86.52031397816177,9.47528904591735,89.9074291285728,119.94949576317126
1,181,0.0,0.0,80.84855256588952,109.16810085990792,19.493636637751184,85.11994038144127,97.17065727327785,20.256864545657137,100.25338636310869,137.3427825214338,24.106010088482936,87.88699474559797,91.61399947503782,4.537427720443498,92.98937380990384,91.74238546756136,-5.401516500334829,66.90016500572884,112.15931126832167,49.13523352606187,81.04372117137507,86.62048739437179,7.41673815086546,87.20034939126683,64.88051509211697
1,182,0.0,0.0,81.03738512766004,102.53289187813795,25.05263300252769,82.58157672136448,102.55973186615768,18.745653939551474,101.67922608481007,136.64149369263026,27.87090624642381,86.66521490531215,101.31926949727169,6.131579340295652,99.59406412449557,94.53292958164909,-5.117322901421732,68.24321350323197,113.01635725981882,44.40023449153679,79.82345549588975,83.77839751806508,10.627277972937542,92.15238869101714,103.5267939705635
1,183,0.0,0.0,80.51328878539256,101.4532153504623,25.418651533979418,87.14894627274637,98.37925524448569,8.816861590021762,107.33237624574262,128.3198467147481,26.75444208292762,88.01856049418042,91.16583694679906,3.078265158513809,95.01143967460546,85.39816746304642,-3.819243635689387,66.25709385075405,116.444061012835,47.027694587156944,74.43924283471273,88.9253154706495,8.161651775346305,89.28965286923224,116.46509969175659
1,184,0.0,0.0,83.01438282068017,105.82256727398192,21.96602073826813,78.35334904606385,98.50697024561754,18.660505254258865,107.04039777149606,131.2902128621056,26.92501998928493,91.84226840587975,90.63801318560706,3.770295536582416,97.49507150831573,92.83489012356213,-2.6157470938074887,65.65407159310702,120.52810813899264,47.28373706006606,79.282836657424,87.58414062874866,7.08080516634392,88.7605012806326,95.71117221442971
1,185,0.0,0.0,79.3067029051372,104.60592594836129,21.55170288764034,82.21528637994108,101.34396454167847,10.518724038927527,103.85411498921103,126.86788098927,22.794558382306434,86.62285148146047,95.34229610436124,5.072513901539798,100.99331369156303,92.5822006088641,-6.020566874306602,63.396850924288955,119.86436907292888,47.43457366044,73.47232783766415,86.59215154801831,10.68036652745694,87.47776242831134,86.3251332249454
1,186,0.0,0.0,80.81635642464946,107.26965776881477,22.136774969747204,82.7348038891762,96.70584194827465,16.91724552887461,104.07556751962409,133.83182882076352,27.269285414208383,84.82937529492585,89.03343788747964,4.949200472665865,97.15140584223501,89.44617211139466,-11.37651941434637,62.75638778922565,110.84918062453941,46.28289524080061,82.26216805196111,85.70881852533019,6.201527146237757,89.21661277785726,80.13457771133653
1,187,0.0,0.0,82.57947925373742,101.69769911655081,22.554476148062648,79.62058728565025,102.55236291121963,22.182507622887805,106.62600020406374,126.1373087980898,25.743890216613853,86.7630652869122,96.78097642800549,9.28891736209967,100.78747426028141,90.65186231731793,-4.62448718124623,60.32510515351648,114.2913588641583,53.46420734529852,77.76031973729332,88.32424214710736,6.471795584048506,87.54314234375198,101.23400418839415
1,188,0.0,0.0,78.55338568201722,102.99053883266305,23.24065065601517,82.86217869104345,99.11830354076321,20.206341550933452,109.7124423992791,127.36174513165949,32.081952124326676,85.14899407870627,93.55443789912387,9.384217807245838,96.48748224558379,88.1165336515865,-1.8362076463249979,66.31688954257412,109.23548971666364,51.67246319101095,80.25409433102905,88.00345025021208,8.088752096618217,81.88275834534484,70.84685909607222
1,189,0.0,0.0,86.44068955302319,97.72226890703243,17.71446994785437,82.70990751845811,104.37548153174411,12.654311245564392,101.42683157284823,129.61129269184133,32.40895632192029,90.5823975993572,93.37225448128723,11.75839258684808,103.03429149929406,91.52991510409727,-7.2662850353587105,65.53112497468992,120.51076395690578,44.86701199217373,80.7139065307326,88.90996646148194,5.653931799941454,93.53702555842762,75.95085236905867
1,190,0.0,0.0,83.08123337197236,109.14670098182407,29.206762943169366,81.34580198597213,96.27503104110542,22.24608685419484,105.63449418229885,128.78979467199312,23.411873852490697,87.75906181545034,92.78768170304859,6.568236789598242,100.96421632164608,91.49813743655143,-10.893299981159116,67.07692421951668,117.70745829110487,51.734047789364666,78.81125578168187,89.1805226951503,9.736791636170167,88.43578532796407,106.54548650430216
1,191,0.0,0.0,80.21181907039129,113.76469195545309,19.942508935763545,84.43690855085975,103.93775723599695,16.49411523912446,104.70834439820901,132.27502489115838,21.443085896966203,88.75716439434203,89.83160185544185,4.441308367985333,98.26462343043647,91.61055315600498,-6.628537151119964,61.78341953212103,115.93536933120575,57.672537313561776,82.15131904305524,88.61380603807824,10.727507693608816,85.90422041457514,92.28296500392514
1,192,0.0,0.0,79.13975244935202,107.0096582153879,27.514947978732657,85.02629758325713,97.83039526105031,14.199569727566063,101.46147534342838,130.41258514205637,28.854247140470303,88.5023360731675,93.8426996280078,5.045728342547808,101.06543113325556,90.44165962391952,-7.563103320205719,68.86742644669033,115.22164072141516,53.15141414178871,82.78333072482633,84.79410768188585,9.030429655051398,87.99289797618206,101.57112436815514
1,193,0.0,0.0,81.19130866157538,103.66915215904041,21.373370713168164,82.44768946810268,94.82384491363703,21.114718418702342,105.44424328896274,131.92885458952867,29.42675234778891,90.19642467288058,96.09481087635945,9.538123353778946,98.62686467689682,94.15504515731034,-5.566587782906246,69.22348193107317,115.51584911024727,43.91945056325213,78.2770901271245,88.33362997810032,8.589299846478445,90.5906932327022,141.4694681922601
1,194,0.0,0.0,82.1754988124398,104.15005920117443,24.284630108805025,82.41206228900622,104.15843215701909,18.473390168757355,102.8853277284323,135.1686684261549,32.30952593643333,88.87439893773805,95.76275149215792,7.683028095407773,95.89958672314448,99.38781901290993,-6.603932687020537,65.58848313341012,115.56980061476081,49.26570650659486,78.8571513518151,84.90480314139606,7.065420094853601,86.53195088753985,55.63800883909778
1,195,0.0,0.0,82.3396298242292,97.0929345301397,25.904134389011652,83.0319575864852,96.78409967834125,17.927786737080694,103.95763564830082,131.6164633301991,27.780617214603463,85.25646963790894,95.9283641712973,5.659643244912873,99.00249338298075,90.32540581439207,-6.77120349163415,62.424550051933714,116.5553625116016,50.07528201255957,79.3832384154258,90.45896771788529,10.981734039519761,86.37322079748009,122.34228361897371
1,196,0.0,0.0,78.12192203453645,102.11403037609969,21.48155972755372,86.86765909146185,100.04832307475759,22.605727951964347,100.40271758048347,128.12520779348517,22.83264362818662,89.85417039979279,93.66680123167372,1.3740302721839148,100.8356259881226,98.73088164786854,-2.234900866067048,67.99845623424355,118.05044064636202,54.89130883837201,76.57034331407863,85.02625033198022,6.58721715212349,89.6017449678034,117.41041009106263
1,197,0.0,0.0,85.44246860905567,97.24868171689909,20.418849847295146,85.14623821596889,101.93454805804946,12.949183294750576,100.13493477501287,126.10051634176796,28.353746849065786,91.1461443666847,94.53641914584371,9.703172619410026,97.54224469057995,95.20247452158489,-4.59200726554125,64.9901981092436,108.76855017878077,50.11868454155497,79.0388555998676,84.67996895774014,7.888590749370686,91.21422234749494,81.57779471586886
1,198,0.0,0.0,84.42827250782717,105.71723311375399,22.51772642664014,83.54656892331886,99.85905844240466,20.936721254618462,105.55805039105601,135.9478727932255,24.936012188422257,85.49846833657234,93.80202109391486,5.159303162242417,103.06556394610256,92.80534194307678,-2.7316266711389674,68.31144444892401,115.38007305426666,51.20221308642844,79.7000761774307,85.79501310613281,4.809977990234794,88.32319337687287,75.82333182400319
1,199,0.0,0.0,83.13832894866967,107.42545704564154,24.882926894941004,84.8234770087621,101.69802579864853,18.376013855558003,107.48185965666426,122.08232562025056,29.715517325703754,86.26541395324877,92.24903825274943,5.910130751146005,99.1654368800054,88.35202311768896,-7.715952911976075,63.9009345437793,109.33499334337235,47.73085694655664,79.15357450862287,92.67807545163231,5.391587540931594,89.02403774144689,87.44641687808559
1,200,0.0,0.0,85.5280465917502,105.97831564893625,27.091512541624105,82.75264173298302,102.01755939188716,13.505738655356302,105.44445555085485,135.50653316704074,30.59058553301301,90.07211043871192,97.2192902078739,-0.07547234115619172,97.21497009959029,97.14875124968799,-1.5512338324325423,68.63731965756975,116.52357991717383,57.20307564355092,80.03063143513322,91.34119863359405,12.97605173520817,91.09529166796847,88.13685845256651
2,1,0.0,0.0,98.12520585339459,227.4317382738276,121.98699996621384,104.22635536971758,183.51466960849135,65.00715510434377,94.21440678693928,164.41944279003494,59.55954674173358,95.42413485533818,182.557328140434,97.17538829905776,98.48398656521063,206.9070526214925,105.0448857457804,71.08888426535191,205.32071997061558,121.9217753348799,64.15910727988671,210.58323602333505,169.05833266225062,78.39718363116944,39.21942715531978
2,2,0.0,0.0,92.19622491024002,227.1464500458734,111.20163731323078,119.78864276022007,182.12033046522527,77.3053374737927,98.88922381204821,167.32585440423767,68.11646773745221,80.63275139898495,176.15829537955602,87.89532154978438,78.76808360618489,181.66554263726897,93.19521150058782,73.55763545665508,185.35820393491034,131.23356339442236,55.64898285703558,224.4851860134578,178.09785975929682,73.7044807949726,104.0221170900029
2,3,0.0,0.0,96.34548326103001,213.94743469336797,141.9663010000649,119.42004603525774,196.60799279662913,65.09847377054778,96.3460849977382,167.55073744259934,68.82762193760122,92.24702347167707,164.66485828851322,87.00473710397435,87.05464486271464,189.5252810804877,93.37667085377475,69.57156794461055,192.1124407068274,128.31553745553623,63.517340982223885,235.12746925581692,173.79760854112058,87.02642767143041,96.46393879216983
2,4,0.0,0.0,96.88127159431875,223.46725581345723,124.89755236644486,119.81465625284328,171.52064430843296,70.91558492655382,93.36392126429872,157.8043412526413,69.20628797426546,81.71261938776482,168.71388191750347,76.01589472734422,92.81759081112189,206.78302482146134,92.74926586583692,74.18981279580865,202.17361762906654,113.46256696705677,59.27863561428356,211.98185423546315,149.92810121143893,87.15444306423004,101.90478442967877
2,5,0.0,0.0,86.75141021814864,227.00137380003645,121.44967436132941,121.15776989525222,173.06349489351265,57.698230149622596,94.43016929021975,186.72420919228304,63.99415709340609,98.11006316223285,174.6919869863104,92.02023252760252,90.10798632722866,228.99661393533293,114.38991446009128,72.99220572474269,190.63457173788294,136.2748999754476,61.55555805332414,243.9323975859443,166.009780911332,89.07783104317527,110.02903358389146
2,6,0.0,0.0,97.07759698381183,221.58290677582494,115.5730248298314,121.55112567075119,175.57057067785925,57.191927317147,90.99688791847389,148.91329505844945,77.06465385349489,93.84100787100682,162.77125560256653,99.365900378234,93.01748868403713,185.58201810757916,100.86303220157811,75.89955229377925,200.90632418419506,138.11900931238858,61.68349220190009,204.88433673454097,164.83375419881003,83.66674350452713,99.80205416408273
2,7,0.0,0.0,98.32668034488154,194.3308377031699,103.03335054039434,124.57229475929222,190.16030620315271,64.6132345781009,92.47384330488336,177.75463943139613,71.52025396986487,84.8635592838724,169.5790761644886,86.21086136235299,99.91888440477199,216.76251819219738,117.27361395744715,64.96672107125814,210.33103562853188,128.48932863729522,61.695584570866856,213.8717796153014,150.537877317081,82.8951169671578,89.33624061556614
2,8,0.0,0.0,80.65769552696281,214.9519326543675,116.10264641133627,120.14955705204613,190.3562647147088,67.03748608662998,89.37439083741515,180.8517967373701,68.95187014005613,93.34902620873407,167.8226452564962,73.09284849754043,92.40213876956335,203.0216808227771,107.87057096310343,71.99014818365222,175.28417535823522,131.65769725057288,56.93644685626447,225.14299467567744,149.8713623492158,75.46643548763585,132.95188364100275
2,9,0.0,0.0,88.65233713362886,209.4273361908381,122.40054067019996,118.7759570961034,194.04984059978537,65.48743507032111,96.96409209629417,169.38388084049666,70.25641455095332,89.2275378909821,169.751104457094,99.3618166006026,99.7913257028271,201.2117406203244,94.34635307327133,73.68033097568114,179.73953306910764,132.3428998763759,64.91455346899257,198.16068443261304,157.0705535457651,78.98718940185036,122.0064146266302
2,10,0.0,0.0,97.12785352832456,224.36838783343129,121.07109378396123,116.02690221156797,195.88158177484246,71.22709814589562,94.59802432004818,183.27106905771882,81.65020628687883,89.04029261054623,177.59024712925898,73.41909575671735,91.05908595356013,191.07417765983914,98.76378794767916,78.1104903685992,197.5092136872941,112.97758652430471,57.14718484067482,211.4034432018401,163.74432948628763,77.03595248236381,71.03596849844263
2,11,0.0,0.0,79.58824155439981,215.2249619844799,131.45403625717864,119.73825523569174,192.32631739077567,60.452666499328025,87.47872445293989,182.70203748302978,62.63266489152464,93.58922140755085,174.08532142657353,99.81718773674294,98.61453597276483,192.6888096283315,100.98622118688581,76.81747957169863,168.0706917620654,137.39138036657886,64.54362583514107,201.99517682478813,156.91006229726315,77.66499275154368,87.62556769523938
2,12,0.0,0.0,95.44812725913323,201.85377169454392,135.395261566329,122.7105350154656,184.5439787497837,63.487964632956405,95.52054777365616,146.1321316115301,82.12656383611998,87.37313054268378,176.86333708607557,80.55795154070569,95.84426267353895,197.71368246624783,122.73819526572211,69.03628197577339,192.87571357450435,130.9497770189231,62.181534247668246,257.54779310411953,150.78950341536316,78.8046338508141,102.38319546829679
2,13,0.0,0.0,86.89985492590066,206.589831551152,144.77470103230723,126.10247612833516,192.86830918453506,53.95253475952744,102.52859632156776,173.77354029802606,65.21592387246505,90.03271796067826,166.50294494971627,90.81096710881877,91.43731610896333,202.61811198724078,103.75742454445547,69.39481137519424,201.58750566287668,129.46803100089596,63.30234648779814,235.4075801339606,163.37743449840409,88.25989435309329,133.08218402231182
2,14,0.0,0.0,88.25441418586051,208.16795994944707,100.42795664602177,126.26591796718402,169.94055503504285,66.73119046720629,102.04450934014717,173.8658617474419,67.68480524602461,84.18937888426798,185.89154697985992,86.97830219334007,88.68991486557924,201.92029387239828,104.25219998005366,70.19002990190837,177.2707703479826,119.07258118794357,62.996987553434856,231.45118644415578,173.1040968432067,84.88745494872686,108.72402378812114
2,15,0.0,0.0,95.41818413715734,198.61766481790073,124.42203948897954,127.95544748479924,192.75677689324286,62.68913018183085,91.17164826059043,192.4776397193608,76.16570462856454,90.27625081857715,159.68032147883278,93.16995999143097,97.06586163015842,186.59739197236692,95.93525572701031,81.75242058629993,200.0987104988011,109.96989460894625,58.58574956822907,226.30629240910739,152.19286940297732,84.47926414927082,89.49227715859597
2,16,0.0,0.0,97.95926102890682,210.07527184964573,113.57528770360673,108.8612907171132,188.01104568619698,64.87189192127425,101.66377773123922,173.76257352259873,63.236482500482666,88.68431533785143,178.25263994287306,90.93248019330149,95.70946518148452,202.93897585387367,103.76602284812998,73.43352383994561,193.31583004550353,121.1442511522213,55.90672750017741,222.14254243410733,170.95956984455017,88.15319833888964,88.94766717113974
2,17,0.0,0.0,79.70194758981606,220.2303397559088,119.57172304740784,116.8838269739056,181.98139341637977,59.52824057360218,100.61480269497646,163.79945453677297,66.048146234864,92.22778309748762,166.54660858606655,83.56355714222337,88.08567942827096,192.85083829119466,90.00680372021162,69.7610247709125,177.10630249715834,122.4828136830827,62.64737838246164,224.45344099245756,158.65105576107706,88.83876031123539,108.9542276659572
2,18,0.0,0.0,89.41046831081273,224.6881284896494,128.82449588402514,129.85603210631777,197.72787898067477,66.32774959006278,96.01500291462132,167.12978310336499,72.32645836431648,93.58105222320428,180.4645244351851,74.31558635265093,95.14423501380824,221.020709520363,102.30130178625573,67.66258505127419,219.1558366292579,124.47403605141994,63.07109497685366,223.90537421962327,151.04837524093472,77.69116197883687,130.88857283925265
2,19,0.0,0.0,99.02363221915301,202.82928674052258,117.53304589871259,122.07407027576666,179.546306135782,55.80723210179225,95.30871485309402,196.06161593726245,69.97535023321525,86.0453096580823,175.7213376447083,80.0803525205003,99.5112403786343,189.5939841420311,103.2908122829971,65.62614264843049,195.41853020748027,132.62395924558555,61.77591229224389,229.3280735466078,175.40068007571514,77.52517813714583,103.5328641397976
2,20,0.0,0.0,83.90425100650512,230.4959834357287,123.51772518604005,127.37486128902006,195.76835402141955,61.03722597344773,89.97127975772726,176.13711057616823,75.093455854818,88.3087256763019,166.69771958283468,87.012321307954,86.14827186451828,204.5588099826574,102.59994588826655,72.66434698801648,194.30073889826988,116.12332060656666,62.19942488136495,224.2733030259054,163.59251476644232,81.96788013876919,92.32483640855371
2,21,0.0,0.0,84.40960255221417,210.2808120490961,115.85137640241294,121.50396606860357,170.1976283770261,67.38479043293212,91.8487871159955,153.9950264196165,55.984898809091696,81.58386009837736,167.25491495066606,91.84239042473769,106.00187140262156,205.3694137312884,90.98121136637248,69.75330342329039,184.56466350910284,112.18816532142883,59.24899145244143,238.0203971166617,168.35297139166738,83.1890353549129,103.78781768924965
2,22,0.0,0.0,93.91132042303764,226.50546903145096,126.95823444870923,110.46982995651611,197.5419771862837,70.83347002871969,80.19313373950756,159.87580013255848,72.49851486165318,92.56425866231316,192.11653008415703,76.80568142106428,92.92613868462276,204.82415874644798,108.92985971971808,77.91271062768995,197.6911177477672,113.08623530839505,61.54965269838081,237.5063753930893,161.0383420181839,82.5849400485835,123.3002562257294
2,23,0.0,0.0,101.9580374308996,202.09458381685857,118.6599297958485,114.54070550988574,171.36261103919287,59.985108229241085,96.79671929290119,156.85565946073038,69.58712632465566,86.00719244246537,167.4810317124871,84.86679671035225,93.70480311090614,206.09518449090965,112.31751893099702,69.24790665070833,182.18369146260758,117.42776600863144,63.83667043403314,232.7198289400267,150.4876155032691,83.97591173444226,90.57802065657152
2,24,0.0,0.0,86.21303133022306,217.93812049486738,124.89663263619384,117.00005320585021,179.83989697610625,64.45576389970167,95.26750757123104,158.1075606858442,74.2236648231191,91.71538249993331,193.36575797048343,76.3873142378043,99.41343804019454,201.55477889035657,104.11362888651601,71.98947902719328,196.19938895830646,114.73447366411924,59.47034521050353,214.50048550238972,142.49188648933384,84.60399719464925,93.7832631236168
2,25,0.0,0.0,95.80436689998443,202.1986031294995,113.13819447349854,110.79772668685013,186.221782603808,68.84785019511511,95.72812492482626,174.83897781934823,55.553194650574035,88.74121838782476,160.8942501449072,87.30706812865185,97.50495438475511,196.0169762944423,113.40522919321705,66.7019819904705,185.4573031176875,128.12277278656686,63.55336597461294,227.89844824525383,152.1504501007563,77.25962302267342,131.21722447733603
2,26,0.0,0.0,86.66950670078019,203.9042015424539,131.03239292322542,118.56923927158063,179.98649717222503,65.22100078417094,91.25176934321208,162.3873117148526,71.70072429035217,83.55418012068563,179.2337500946377,88.37804386565652,101.29912384228929,191.11265254239257,112.2760727026074,74.01523078273112,176.25134036047092,132.25988899021132,59.65423143282471,238.48249301537084,174.151921680167,86.45900466858258,132.3501507210574
2,27,0.0,0.0,90.28082879786791,216.73956032844947,116.73091288797463,118.26627631378102,179.88807599533482,55.51512887701129,102.26760068692562,164.128665320656,66.19091827646314,90.15936019685957,154.31190337091599,89.97380297699313,91.41987525932583,220.96176035454087,111.31633371125753,71.81707719299725,209.74176986498767,116.28484442527838,66.05877055216477,230.4421661053035,174.4411082364533,80.74971432325519,91.97721476039722
2,28,0.0,0.0,96.65038014333581,204.4435558806843,131.86312817471438,126.53620511544891,173.746913794079,62.026241797886016,86.51218065393957,160.57384687106955,64.50231993263777,90.84665763301066,178.0577272772971,67.15205834906467,88.52461383797518,204.47238016036243,99.03352386067775,63.62063817709923,197.16566240801885,117.6161121268872,62.37934860701814,236.75829709463457,143.6238847575106,86.88246857228982,64.89219721323718
2,29,0.0,0.0,95.06782248993188,223.54026952827363,133.30711212678017,124.10449017334359,165.50727007927992,73.57261358428819,92.1137527981446,171.20172408728905,68.60640574042019,89.55055237930189,181.13264654679878,82.72512730749567,98.66601131073196,180.75761063941545,110.18753494988182,67.76602218934521,205.35543102770066,128.66193910823637,59.1289017486788,204.2865611840046,149.4276792715597,83.49983778195325,99.91385236460036
2,30,0.0,0.0,94.98643147323887,224.86831519766474,133.2019026669579,111.07273398204686,194.4998806845638,66.61746544704637,104.54233505635487,184.34186527350423,61.06132611504469,86.28747587884995,164.96271762753506,79.46116735576302,96.95359394290966,210.21771679484087,101.41953535424167,70.39768007404102,208.93537895836704,123.70322927016748,60.43467987402137,235.2802866423056,163.228630451028,76.60185159524872,126.4907354966118
2,31,0.0,0.0,105.21080395807815,229.5664502895766,132.51482725376164,120.20208751823304,186.45689849595877,62.791274309604596,100.05156958343701,161.1158826748511,65.64232516729025,82.67551887535885,188.64281918730148,90.18121240691606,95.98864567421407,198.6743124858877,123.06860183867434,63.95470871476894,177.40569030536287,119.63014107813287,64.04731033789753,214.9675320543249,161.48407170858096,78.11025178166368,132.30610396055414
2,32,0.0,0.0,89.73570486466771,214.9420368010394,112.06873650651235,132.0364332374766,177.304291536958,66.22004450414494,99.72197804340176,176.70548267470707,78.87687968185807,90.37386853694493,181.8669721433243,82.98314584065989,94.41646371423249,197.5337498410574,104.68358564013735,69.13294412398366,177.11824629046404,122.68085927490787,65.34967040633515,220.15908422612642,147.92457720681145,83.91038908634799,111.02033319734447
2,33,0.0,0.0,85.56051528558817,220.63733159675638,128.33647586913,128.96072597220737,166.87276459861354,65.77511610435432,95.75573412146491,176.31541519285616,66.9907676531114,93.61478953597242,188.24919273039836,94.54527256971676,98.4604377855974,226.99960891818978,107.60522926924881,64.70713738008641,197.08544120092645,121.96706808335202,69.60959599568238,216.75327513498715,155.29932369238443,71.74630987762937,99.65872201146219
2,34,0.0,0.0,91.56033143785555,229.25124249828818,126.96430868836052,132.10559013880533,168.65136955345412,59.07897696751062,98.67693317288594,153.14928773904106,73.04151969689867,78.49174840386797,158.05444873404332,79.43117966322389,94.32957821967801,208.02387199749944,108.83724323009068,70.45520490350953,204.87329594701853,114.8623805187898,57.6176685894888,230.81844604057358,155.6894891868649,74.08213884074085,80.51021803870844
2,35,0.0,0.0,89.24375777844223,222.9180512051724,119.37431867518207,106.32314130191335,173.30325492917814,66.72304810817964,97.86772070836366,168.87922595665643,73.34707489467836,86.53362487419399,168.31931024571807,72.0508040782487,97.90808669884234,229.46135683057864,113.98290796428664,77.51109397344649,192.284547050354,132.18535343896167,63.284693071418246,229.42343144297294,169.29721633546336,83.66155219081597,132.53980629253851
2,36,0.0,0.0,94.97028393771939,213.03751185114476,121.34576267879345,112.70147632330405,188.62735084848742,65.34542056964914,94.75287557865252,160.32476231502812,63.207646643926935,93.51273833277862,159.05132331483517,80.89885063323752,113.64799754857427,201.46057455622415,101.5508312029882,74.94393479153432,194.92560521663043,124.43977317306664,57.89821708803854,235.10560826776802,168.18565512340635,83.64543589951676,120.1786156015982
2,37,0.0,0.0,87.04190961989524,209.03201763290502,121.56671128834186,112.38371688737081,181.37210331180896,60.36948600300008,91.71829405700016,177.67157652632716,66.09559467988278,79.26711829834417,148.8896163229002,91.22617431703547,93.81422493114155,196.56444537793655,110.3064900589036,79.83035763910115,187.1591530679243,120.09071613631502,58.765984560263846,217.6012431452173,154.60828051213943,81.9857485232688,146.03330988823666
2,38,0.0,0.0,87.49738614561278,185.8633144773585,138.06259979456166,132.18437695376858,166.5264273314017,62.49726714306146,95.50056176179076,157.35821424631317,63.75982466392686,96.32495228403135,185.88854758070923,84.09711235407421,97.65082221872632,209.33414712113776,107.44374347881309,66.81136487684854,222.83608890671633,121.39517504861499,56.24731593213699,203.21288223057942,179.1145070111028,81.04458068051073,108.11792001983905
2,39,0.0,0.0,82.69729329950083,211.2823285722522,129.88713557151632,117.37450995860439,182.77604103450685,67.36330296451251,89.44695327397991,176.11429895623996,85.68101417454416,96.54988083638641,182.3672785968506,88.8124085296307,110.57919706345459,193.068302831425,110.5226046038867,75.11067241012269,196.11684386682563,121.16694420940942,57.44799403799429,227.99112654265605,156.195766744193,79.90556390037045,115.6128762436143
2,40,0.0,0.0,88.59960675226762,224.21241276711137,114.15733814524945,123.71727200520954,186.1262409751274,71.15806281024982,104.04102155327246,171.4515520130221,66.00190339292753,89.83675805457764,158.7834892856157,82.86994313726792,90.44500608810922,209.56737024110237,108.40847176838571,61.32936595180034,183.22441979242691,117.35731543597328,65.64466406601721,234.42939367096136,152.69798572216337,86.55017266477111,70.83826225171171
2,41,0.0,0.0,89.84965175188006,209.65652662238003,123.73133784999705,116.31812997501962,168.47995848611862,54.39368525885741,98.16245439496691,164.13003666249764,74.41849441654968,88.51879039012206,181.17222362039516,72.85707689019578,96.17547164130232,209.3811877738641,99.25736341893145,72.06730048951904,206.38541467331362,109.09040446038583,60.284166877054766,233.05041660606935,165.79045656222252,82.84346014595481,112.01046036846506
2,42,0.0,0.0,93.83192156487675,206.9109272627986,142.47678801858885,113.77333392247118,164.39481889188505,53.57732494453171,90.92283665007497,155.37501179483442,70.19880951144826,90.48300212785665,162.8495905830004,80.38299188563452,95.88422934879708,207.80894310312914,104.138222995228,74.62724354636953,184.5085995879413,132.61262996785294,60.98262085659001,208.46696268100723,156.80314717414518,83.90690391319411,86.03410364398364
2,43,0.0,0.0,90.56096008941125,232.0697548200421,125.44104406593993,118.85582967376025,187.35317565299107,59.37205634017734,89.30966016765312,174.47723581414485,64.05726569706884,95.6118209401835,183.2498235451583,86.52477765628163,88.29206118297205,202.6961210364153,103.86389919452188,72.89828090366996,196.71151342859588,123.9625179184945,59.379908768110134,211.76015446230764,164.09377273175605,78.01213673478605,85.55893540872754
2,44,0.0,0.0,87.5429228859251,199.5200701791483,107.609610813138,111.98983143629668,186.18291606590824,49.393798269238886,93.21278291728485,158.05903804033397,61.76653926097184,88.90293387034896,164.15869696017205,86.01401206481843,94.85002419492477,195.0042330516886,101.3784310050789,75.37489531709913,189.65262525894707,128.8440124411862,56.4149422267743,226.1664386322224,172.91101135901613,83.88050673666814,115.67213949116251
2,45,0.0,0.0,98.76721661965297,208.63757242987796,127.09385098544739,119.08548023142363,196.58907366994885,66.7029072253324,91.96718385418681,174.71665949992192,75.65444141881216,93.86123188770219,191.1147593793551,96.36958359757166,99.73748688232358,201.08962900739047,104.9780547532274,73.8477786182046,180.57309156523246,112.28318345542553,65.07040437711932,192.72651473873412,175.54569097038365,71.92452974943888,116.45558422766807
2,46,0.0,0.0,99.32797025665221,222.0776532487685,110.59525368328377,118.62460801785888,183.52924674736144,62.027728558347604,105.3253724607069,163.40225204321735,82.00414504687804,84.27147923063238,175.98940572490812,77.55034059705343,102.7616498888544,233.6551168621332,93.47174439512193,73.51058110462496,197.38877024285867,131.08928129081792,72.8039543217998,215.15636038761153,139.07427018017052,78.42819196450489,102.57508426346848
2,47,0.0,0.0,89.53510129203087,205.43899148513094,136.19343191401575,115.84863746500376,188.92362812069973,61.99315025808833,99.05951631075153,176.03351623684406,59.71437111669849,96.80562044866943,169.81594473379388,76.63593418805581,95.10153045710595,213.25905897045988,113.88236979378271,67.99768876629992,200.07867288750398,131.6504776051444,58.57824990472413,196.64121056648497,171.22418194267982,75.20018817080951,89.93841265259408
2,48,0.0,0.0,89.68150539184508,216.15137176536916,129.88602621257547,123.79068618865912,194.83529686403438,59.947399122984585,96.42532504999376,171.80250559231055,62.37209291496389,78.61950983538811,175.9364224362009,83.0804373593161,83.14162242815951,210.62828257243305,105.60520519760247,77.37590019685325,198.88751827387526,132.04026359284157,60.192994242102785,242.6933056777705,174.5623935555426,75.54968107330454,139.71906152814125
2,49,0.0,0.0,89.15067366890439,211.60488830960998,118.2894293190959,126.50419603518651,201.86466148692406,54.4192739008137,96.41489502583681,178.2921680207605,67.04233307150803,84.1650569426677,180.9647487330283,79.1341470222108,95.28269590248135,201.15198328782486,107.51441807289153,74.02465825655354,190.53356119327222,109.99735534057211,60.86091873604359,217.49428819307047,168.39086125734823,87.26003491984608,112.70781484283722
2,50,0.0,0.0,91.30786521135421,223.5768075437039,120.63414705467451,131.65023462859034,187.8099553741344,61.449558879880335,99.40882556668733,164.4934306447321,65.6133793435361,81.3255284804529,173.6146598683686,87.98644902011182,99.1011467893653,197.12992097986464,119.64458821125248,69.88748823456842,184.3969711623726,111.60479019210347,59.798791391659975,222.7881220566319,164.75418853343882,86.98576091718033,116.21014430789849
2,51,0.0,0.0,90.11032058976298,213.21408042080955,124.85935539818892,129.34362696000898,179.55529995866726,66.80558051504589,93.63458953730635,157.84867683930938,67.25465313737027,89.77303916295635,169.01848094996993,79.73222661752726,98.19154773389327,218.0343347972402,98.9637438599187,69.62662796736745,223.21628811361174,123.803646411511,63.474475481836976,236.86838542479575,162.93975548750106,69.80998718278656,136.60815289737232
2,52,0.0,0.0,96.75927169161842,211.23585015738786,136.81683242391458,123.93699425973432,154.80551832002564,75.24782467900906,96.45682670699087,147.10127264529632,79.06742489622332,90.27760903204158,185.9803219708164,85.26599691552461,94.2402907442934,201.22000802612132,106.33129683380308,70.77169120254806,206.7260978214727,147.8171708717305,61.399926347794114,216.78922269240604,169.287014341183,80.11843074997955,143.46248834294
2,53,0.0,0.0,84.00647858446747,222.305595932719,130.5852534711312,131.0467128482081,171.05910022086337,63.38589395216339,93.26387029296971,158.7018838998952,65.7384821138326,79.16017072038396,178.21521646105666,90.95541329465219,100.30175567760399,195.4584175285229,108.23331341307916,69.87051099430252,188.53954892992903,124.18904872073246,56.006830281880426,203.97668516121502,152.65274452785866,80.16923267527378,66.66454257027777
2,54,0.0,0.0,89.26668658707023,214.420475326824,131.26979561407876,110.94463861787304,182.75768762872886,83.27556302252597,89.31218543298078,152.4266749547494,71.71127067435683,77.82647291473563,164.59559854557148,76.10138485396207,98.88282597812879,213.8401979801746,97.58537394026787,75.90065147250834,184.99704167487744,124.96973779090295,63.125566868793754,237.71992780514026,155.98566785893402,84.80103015222927,114.67596017957692
2,55,0.0,0.0,95.67466077430785,196.76684479660543,138.03226570459736,120.92306638460332,188.26823115401763,62.890926306665264,100.06121366558939,161.44968483494904,64.33820269474288,96.23877063090613,166.02189081443044,68.08333123919499,93.02772801057424,228.15438386353642,93.7078011683844,68.29769830277003,207.64585289910357,139.87678702815094,60.71082357431668,247.7277630458078,152.73282997307197,82.17756345564042,104.26255384430286
2,56,0.0,0.0,87.14808649714354,229.1203685474966,109.85376570050165,108.52273458225542,191.04711430469976,72.97551901082448,102.60017891328867,178.39833791411883,72.32772538473084,97.26256765434361,174.20590756908433,83.07231664060778,102.94886796114585,197.78162187387247,109.41834937429914,62.86038516335966,178.1640081749737,120.62337955613646,63.85441101403091,235.6518244516899,156.36929072904204,82.18669687439807,91.39050850822962
2,57,0.0,0.0,86.52434072153947,221.42225641053363,132.41787135204564,120.24901715963807,184.28490924338797,64.02503530972278,94.5635108827451,155.57710808534668,70.15684672387628,95.44595959953824,178.11904628276844,77.94258053097761,96.84103028010459,193.95610844676736,101.35031400927225,73.46711872264336,190.83260207545595,130.11455687835848,64.54500003334817,231.87837096942238,150.99553998009773,84.40886431496564,96.64697337565254
2,58,0.0,0.0,97.13484980882644,236.1221150556084,135.61013686945944,124.56915406801627,181.0035306796367,67.15533315132424,91.19756637278519,168.50754798223423,82.7606812485931,88.81605092713365,165.97803487051402,85.73014430230576,91.12291210176011,216.80567340313712,108.90355870118344,74.80318230532131,194.35818560353368,118.17681421842843,61.3213153390652,221.76996462713748,164.66399401450835,78.34591317951862,85.60792957692996
2,59,0.0,0.0,87.42229001853818,203.35179553778062,134.3745966553464,126.03813075746257,183.96327251601338,72.70057838929381,101.80837356887628,156.3029567819488,71.55699152285757,89.32041943704989,165.5101439758186,79.3997719907515,86.28177764971899,213.79679744557137,108.78904946709501,69.66082779323385,180.14512465737803,128.4949689872605,66.05401639422922,238.4754262513324,164.40819730465927,78.08041713367136,94.84097872873241
2,60,0.0,0.0,91.02830171715773,231.08878528972951,123.52235140023632,125.59275627509655,189.5240820063737,75.8365839659867,95.26439339395108,176.38701347527623,63.724594322510534,82.57420781446146,176.33164384514563,77.97400065156444,102.31081129761684,175.61304811133158,115.55239297193168,69.96662439177963,188.55244842113015,116.63247412611543,56.700766163661484,225.99787220371917,151.88552545610375,75.62783010775152,89.76532876401046
2,61,0.0,0.0,100.78312184772267,218.80740730238062,121.65713089745977,111.42964226194664,193.91184376629906,66.96372101947759,103.4155081983904,160.26282833870235,73.07053575788292,82.66639568631939,198.76115329463101,96.30400311347796,86.92270541989429,202.2996256576857,102.43487130877563,67.3372559578876,206.3526299721882,128.2012915519614,60.569039556042185,218.3186989290821,140.3946394202451,83.54943391128911,133.92929892275976
2,62,0.0,0.0,83.21776299866961,232.71905593329808,119.80642426835591,131.58257947944094,214.51670218046377,64.64743419925732,97.57865482312026,158.08198385496019,61.383829652061394,95.47673001702563,165.44640120434715,84.35872305425265,86.88297303138886,192.03629064317954,105.35142843423895,71.62930965301445,173.30359692770466,104.9394435433646,61.680551837693564,218.615358407508,121.79237777461196,80.32577940195915,111.09639238728602
2,63,0.0,0.0,87.7941463173779,195.83866608517283,126.66077452164745,113.46286106905829,184.06321504807548,65.81552139457648,86.69618122391189,162.1799080805836,71.07136918881189,90.19884167492037,157.5035663989348,88.20464207829383,94.85928541227828,201.81609130988159,114.49405571785718,68.15490795036419,206.20664215344104,119.80034121911578,63.25346829891062,219.40855836086155,161.02694736554497,82.16699645364083,130.9344028860681
2,64,0.0,0.0,86.24060797229934,224.83058237635572,132.62556436114767,120.07690949049883,195.2353051062636,63.71753009544988,98.8268619410724,147.94899701052884,65.44937954212011,85.9947596411208,146.8646624646724,79.77808130930265,95.96859295259969,207.96398315637765,109.1356319251914,73.10210115450032,184.92549036278422,126.97887817769072,58.330390746606,231.9854496124214,148.29861398297362,79.68296608810473,105.26680511985288
2,65,0.0,0.0,86.42057789294904,214.9904541703581,133.2276104751753,112.5576581736858,169.6992967435476,64.01298416077053,88.11031040912783,167.19159334128807,60.08438977759464,95.43249646482442,163.3520038947867,92.71158905155973,89.76804681441158,190.83312248157037,118.1615890739144,69.23454256496757,210.99150086910606,142.89263521394815,69.84274951664263,249.62335275139696,159.04826401074473,76.97199327702604,90.74390210820287
2,66,0.0,0.0,82.71536270018622,219.88041452192152,126.93016290510215,115.48144048168732,200.32261042453914,68.64179662403096,92.2299182954575,166.30714552212376,73.75044252951767,84.55463466930635,185.28045041514332,76.25511304172292,100.48075208488939,207.52198902456283,91.5965376962293,71.19561575870213,198.58489022301785,105.64282855146885,63.536479987254985,203.2343821711354,166.98038695234095,74.60363441181978,130.795595857549
2,67,0.0,0.0,91.41106512855593,208.907381919679,127.52347871894543,126.40332616162848,202.48167582820977,71.97469949546749,92.66425375966143,170.7599414164068,69.51634595926681,95.01325154337525,161.09176422459464,89.07911643110792,91.97360438478736,198.62167772551305,109.91319270494546,77.07472818283823,206.59970851329896,127.2124137456888,69.36352354688164,241.1832654553928,182.08750974678787,86.36011568338223,110.42324262335956
2,68,0.0,0.0,87.4222070949781,230.1565077158205,109.26502961419561,109.72242997989918,183.16728326330386,59.22717249314493,98.02512752013318,177.39467557445045,74.39428014797684,91.01749107478656,169.77041189721254,85.69431042894853,94.15757462580075,207.56763833516567,105.61405275452194,72.99307593299137,185.324736470294,124.61257479873906,64.42114492956017,224.41239551960075,144.88366576544252,79.29161519276555,108.98653470935244
2,69,0.0,0.0,88.3043053460331,200.61874733076593,105.91469983488358,125.17996744032612,186.61432444116468,67.47207554078054,100.2430762177334,170.53769173217756,68.36545247666884,93.16335992023978,180.50663091121882,78.1180003846293,89.2497947950423,207.87726679689564,93.93094780485971,69.50811529404807,190.48402182727284,126.54796050863914,65.48666020598053,221.42912468762248,197.71102733135135,79.67618427526537,110.71179406100049
2,70,0.0,0.0,88.320416598296,203.96534829150255,133.87241090972992,107.41520600819318,205.2615481884141,53.591195491803695,90.44300811300204,196.28892524795708,68.01565838539952,83.55961176297943,170.44527563892183,62.54044979669203,97.58936326578855,188.14367603567902,101.39816994763554,73.86419866962702,197.9558799549241,138.5185882638378,70.37995763430831,230.59689721413704,165.57247410062547,78.5840231008611,79.7076829190107
2,71,0.0,0.0,88.59896555708454,220.8867378473891,135.96074186297236,113.32480157662795,181.9298885242372,59.802690710671925,91.01403552379742,173.19991734576942,73.68220190746533,82.20747513567733,160.78145087999994,77.63283999502494,92.67239381276399,208.0253268682646,106.16443120626505,67.74011092357563,220.36109052494686,120.55124344428626,57.21718024711986,197.70848152921965,173.6855630207819,91.14711579213967,79.948275097908
2,72,0.0,0.0,98.92028403195611,201.79810463679559,114.47222674973719,123.77776610240615,185.73222263004203,59.668770584958295,106.45998679916875,158.19412521844112,67.90730064630604,82.28455653621496,177.37011324393802,87.2391528292636,103.7383491045699,201.9606459911698,101.1237100225749,72.60578223434263,190.99572027199025,108.25046339482823,63.01375702939901,229.3220968979661,167.27001825719356,89.18429284695091,107.8019707078337
2,73,0.0,0.0,92.0491649254701,206.73042155279373,109.21137063337407,113.88403391059192,178.13142032122772,52.39438807387115,99.51456720872167,178.10735099776124,65.46498347203945,87.28769900285707,166.77392342217158,81.54334992074018,97.01587378222086,199.2465301573874,116.90116156785598,70.32597186329099,217.31933999493012,113.21952202895629,63.42438007572991,212.20732295706924,168.79515371694325,77.93740451639101,105.0171647456049
2,74,0.0,0.0,88.98418708419462,210.98616142587082,132.11055099746767,129.2873984119256,195.67487777182458,66.90823671886918,96.60096524317774,173.2452673590832,75.12655222486961,84.84726961609583,171.5402035613027,72.40970164892519,94.98297902173417,206.96815397404953,107.61016364078833,73.73629782217226,181.5900261620982,122.61522307223224,53.2010111921765,203.4570530844716,158.06176030192535,82.96923081428604,78.65130419307712
2,75,0.0,0.0,85.21347226428912,209.4388789894246,120.8820414980635,117.28955520348973,172.08857932693877,72.38691436693726,92.2118872411981,157.75206314612396,77.24544496640549,86.56230330631787,174.91150060639242,86.35843304536314,98.93201808674237,198.2451125068768,110.46440635927038,71.83575363069427,187.3749602559707,117.03436697216787,66.08418567362213,214.38599693724427,156.24194854210018,80.7342219173745,131.27671328418415
2,76,0.0,0.0,84.63450048448053,211.1871511299813,118.42108061042947,106.4540139414348,190.06736618063317,61.273515437534456,101.1770162552623,170.02812189252933,68.95501409842917,82.46669858451598,164.25268120254105,90.81614699963464,95.5353982884086,194.04183323294333,110.75897388124058,74.84590601720512,191.97574974346085,133.52836213300216,59.2979993054659,216.0320495610638,139.70959000757748,74.34849054809287,102.07661899617631
2,77,0.0,0.0,95.85877719599722,227.83425586442553,116.38710934676209,109.34305397052381,175.99684128874952,54.94336358971486,92.01146325737561,174.79730517027838,64.71986833087439,91.12886958077146,170.25479994498332,82.58515992678147,107.47446311009637,228.74260859148282,114.82106836129306,73.12494952776039,210.97553162449287,141.75593926567407,55.01345627088146,216.76506852293213,173.766994989557,80.20362831253932,98.65099268304098
2,78,0.0,0.0,93.02334905341677,225.96055473665106,121.63234538432543,125.70407047166663,180.0893024054601,60.54655110820516,86.6737916657646,176.87587678812503,77.89337959092323,78.69149808154751,176.07744288653976,99.49211203431345,96.8509651614655,200.18255082250994,105.33940798697047,69.74169549444944,193.41816063377868,103.33069499353657,64.74930698893199,241.15517922150758,153.14132189366092,75.79225321936285,95.02464159433876
2,79,0.0,0.0,92.29857577611622,196.02132863181404,125.19034533122914,135.3531333324986,184.15040118429425,64.28838607190289,91.18826740851645,158.5484166708761,63.28347728973482,79.52189320453496,165.33151066811337,86.48595804058695,92.42445487190618,184.6913328819321,110.65567699283586,67.34057262371167,197.63304803769572,126.57540660371167,66.21954217446621,256.76067622681865,154.21695774185042,78.35840030062988,116.31310658550552
2,80,0.0,0.0,91.12561413005098,216.57228812422443,139.48608931012072,131.45195297474083,178.2378483116763,57.83785454369972,98.76678204126232,168.0622416993013,75.35054125610529,85.73869590476359,183.66064378445589,75.11051555015219,96.14053758336895,193.14515233833134,94.4341644386969,69.47067139097858,189.79361760887767,124.62246870219938,63.67753487985488,220.3228201668523,185.53760755173587,76.80659628964013,115.43040354036576
2,81,0.0,0.0,87.41950892433934,227.23545176521208,124.59369394914643,110.41937342356427,192.00799157678628,63.578177243032805,94.95024594078973,174.19494016014397,73.22358459907163,90.22629400725125,188.52695626321537,88.83282466301736,104.3592395646917,199.18165611433008,110.52860172853201,73.41846624063754,187.72689393172874,129.145885453637,59.74162505947091,210.87644489228555,142.0826765829891,82.39724236562743,80.65111335521172
2,82,0.0,0.0,88.02102762239898,199.09072223128268,113.70238694991974,127.65288797418978,193.03026903686845,68.98231584670962,94.59783211404209,157.15184997894642,66.02006152744205,85.39976217273629,186.9140745695846,84.08190028157105,107.97685635598862,183.70083279365926,112.79745232300114,66.95580610588942,215.65967178385034,140.1614082298309,61.252757740891724,232.92422922139266,173.74238662180187,85.68425568414845,67.53350526882994
2,83,0.0,0.0,83.68123182077123,211.7005826007615,105.86775572346512,118.28723892629766,176.27615445745198,68.1678855830228,90.39873250175108,164.28542925903565,71.80260774753701,95.18350096769154,174.82029902090358,78.63064672379996,96.64121325861218,192.11124839799496,108.64837054533504,73.21300583792348,214.2165610469791,138.86789722481848,63.50085344672289,230.81071691662808,144.023048180837,78.84150875462892,96.52158406905399
2,84,0.0,0.0,87.61727345184087,210.00777845012396,122.99775896954118,114.8806723107697,212.51796594261288,69.65278484233127,87.75395171114782,139.75056983801773,64.62690504094091,89.01024979000093,174.42156696657273,85.56262253843188,98.66948901427679,222.88668054646226,100.31651105682198,72.08664729798744,202.66982014961843,139.3468929703688,65.41768964145605,214.00514193849324,170.41703753530916,83.1141893113558,83.19332728226303
2,85,0.0,0.0,79.76477141707751,207.07883709508252,109.69217148052857,124.12551941806909,174.62620427857084,54.5704581394093,94.41309459945731,167.31279908362845,70.24124788831557,86.4485688239252,166.2907198910194,82.63459210886258,100.22070120626002,200.93033570944755,101.46000292793646,72.03472128156494,205.0308960450817,122.22804152956591,59.71312574615238,217.93199601655064,168.68399916718462,82.72639168416046,92.14083517181005
2,86,0.0,0.0,76.30056064852253,205.60516616277468,127.24939762320918,121.46739697645859,182.24679627783811,66.72580023347123,95.29240783138833,183.80207667597728,74.31448194216061,90.0407952438805,175.98364797024163,85.89135631852326,94.55630874879799,195.42604167139788,103.17375630621423,71.32866615828836,201.1043584861051,125.00271940201196,64.63949013999968,222.33751298810384,149.0349158846554,82.7955210367461,84.39811372497032
2,87,0.0,0.0,88.94870461535622,218.79029785377273,130.84196536881345,115.70679643248226,190.86943817533,71.03612811719269,84.84581863427998,164.79376311142371,73.0078654408699,94.72846282573823,184.13150005804334,86.46936342199469,94.05155214969936,207.0136387197561,116.71566052037868,75.44477582365818,200.20968932970547,131.14335566916515,65.87204364131928,222.58484857769054,154.05393375667384,78.81990190684729,125.15680414603324
2,88,0.0,0.0,93.09249220383086,235.85162191512322,113.8980779569743,139.4447112301285,199.74863305230224,67.54782721393265,85.32528208252435,169.12609328542035,77.30906439118843,84.36336886319133,163.01455614776884,83.77106844252032,99.6523808100601,188.8784134982228,106.13086031624633,69.85836759551202,190.39737049780058,114.09537895937322,57.766011178167304,221.16344526958378,162.70890466561877,81.50626302758442,133.0794636885548
2,89,0.0,0.0,92.75358669150414,210.8200166884661,126.24001915545934,118.48756890418738,159.2200838382016,57.360839229911925,95.70549994382719,152.51806377757097,68.33043460084929,88.47204961570708,177.52830298576777,88.30985930146755,92.95353652881221,191.658035930063,113.87844176594305,65.57768093495996,203.72058185269324,99.52591300590552,66.58312529518344,233.31292828503055,171.64470278833434,72.3705413940408,94.49396745277491
2,90,0.0,0.0,93.25642163799563,208.8540412074615,116.85024043108125,112.90848001794896,196.39354173210796,61.745153277284544,104.6049755824533,179.96093702440598,68.35151618902518,95.76535926089791,168.7910882347518,75.05239715716702,92.7373467562976,195.08374252747615,98.04220004950317,62.62600485458728,175.99427066668414,125.00416095967617,61.661478974381474,204.52500034240322,161.10293118349384,80.37361210485372,85.09557527985825
2,91,0.0,0.0,93.19800129089916,221.13007135629937,122.94680721355338,119.61862037805128,189.27473681524856,66.52000344612719,103.17307017327504,167.81483001706292,71.62498815733035,86.5306375157821,170.56636460718207,73.35107265297711,94.53243983645542,204.97199208646325,105.80338045271735,76.90915529761331,181.71843939645186,139.21870191770358,64.1050931604161,226.3249288766995,176.45648550603585,79.7219265633407,141.8190222456867
2,92,0.0,0.0,86.33184516922022,206.09917162129622,133.46631257703478,129.631177165929,192.90138671448182,52.60207573910014,89.53398883460143,158.492755574335,76.7821668300409,86.59173734139031,171.6198115992206,83.59061624585854,95.29528784495325,202.5236261642039,92.29894741600955,65.93568763521175,197.87451497161013,127.8264666213768,59.54632948677855,238.20409639774422,164.9246053545129,84.42344902951262,116.70605045197999
2,93,0.0,0.0,93.46546914175563,213.41246335885543,138.12627746683683,113.38106441427583,177.85929473130724,64.89499205266569,85.58393711689126,174.76944549488417,83.9563774946064,84.88986284639488,188.26617048517386,83.67196624381839,94.75564492757192,213.91680546921398,98.7142120276703,72.24444666637882,216.57686906457286,138.55306762009593,58.17184352526214,221.1122307617654,164.2354024494256,81.52546026959571,88.1397860653011
2,94,0.0,0.0,86.96403378706499,220.64336060431387,133.08777375615992,119.3736173504728,169.05028264021126,68.46557909300118,102.96943337436257,196.17868377124955,81.69448069160089,92.69124344724884,191.47681520328155,70.05211515959537,97.421825410375,195.20527421915054,111.5664958403049,68.20853476604628,207.02864645083486,141.9806044150762,61.358396684053346,225.102815951426,175.13251109881378,83.28953210337369,140.19509313152673
2,95,0.0,0.0,85.61161185268199,224.8260244138653,122.69647215269325,109.45129056585942,173.6112613527468,66.20324160124575,89.1564543953049,165.17650894006275,63.27772202390537,86.00409072062597,177.80616251293438,77.02667869677991,97.36690735274334,216.39833507009774,114.69019624644923,72.96003300631459,216.43895403519662,116.21320358433235,57.619367221233844,217.4581812202828,158.33809745573498,85.21619737532488,128.84675164957667
2,96,0.0,0.0,89.09469750053978,226.75672999510238,102.80617280254722,110.52112547063145,194.42254317486228,61.73521391339724,97.05017100821891,168.52131518370416,75.56759190909712,87.3354155838578,149.16292226304142,89.59754833555391,90.80275925773016,186.48023533317104,101.03237789516871,64.04712807286552,196.45152871054935,130.7904858602194,59.0341417517956,202.31646139235207,169.59078412446485,75.08582367931994,97.56995235019428
2,97,0.0,0.0,92.0045182625845,214.6835646286111,104.48289389909,125.57279377864018,192.65357427254486,59.259033373464746,100.03751137438918,172.51175817205436,65.83031311914844,94.89810823380253,174.0613634597029,92.62639472806751,94.23504790063811,215.02702135177367,110.58023037869988,74.68691966755613,192.52154396606952,135.5233803874385,63.133103830979096,223.44618082560123,151.97382222417875,83.83374590758882,129.29888557962047
2,98,0.0,0.0,96.18100312343526,193.99960593027117,113.08149300880929,124.1610482021999,202.13547741158888,66.20754540598602,93.86994685102283,173.89698380306405,60.379324948928364,90.19763509576504,187.59064819786514,81.47884516950134,85.17974483047405,222.92267308744889,118.79712882503794,66.62249656084967,192.63616392120412,121.58803652062204,59.641037261704895,248.37177410521107,174.41860014110955,76.29218323401186,95.39885931520821
2,99,0.0,0.0,89.3161592726564,218.8394601902466,121.33876791754149,113.82373957274584,206.4158507450502,64.69949200791366,100.65850902215215,175.17154560833092,71.6380528991801,94.46548133736054,170.4962765779152,79.3044635584578,89.88077421474036,196.6484218128063,108.03536404893288,74.79896699224498,187.65669015326912,105.31491826775417,66.47695913159052,230.86917346836853,173.24553364485288,74.37187951152514,105.42153816890877
2,100,0.0,0.0,83.92149706837283,216.2479889506078,113.88247682733356,125.40232650925383,184.20521204786317,53.10086317760539,100.41981653926902,189.93746877432375,78.98894254711888,84.5299831053569,185.74986204435044,82.71392939477917,93.31017655849465,192.67619693488695,98.26939684490955,68.19512624409631,198.75337341446823,121.22454243827326,59.75234450989056,247.3308502186302,167.6753364547497,82.19346849318893,89.47325660563085
2,101,0.0,0.0,86.89862200018956,227.22231716746592,121.7504251886115,110.89321006881903,192.3321825744933,68.53383038208304,96.61076822574996,161.01003083238876,64.1796189996081,75.57236730849576,174.43617839757914,79.51753371749149,85.68510955566212,207.2624510471053,103.95842287674193,72.30393060730974,197.43570480474096,126.97082795883779,60.4674728316054,213.7313059691646,163.0135175603923,81.18152019659382,84.16973653826997
2,102,0.0,0.0,91.29762558202349,199.8799837051956,134.17393504229793,117.55965833914082,166.66495737169612,72.25818042832742,88.78596699023123,161.32096520292575,69.8924421745586,80.88327824138942,183.2026836743771,85.94086456771768,97.38007815626688,199.27882715336563,103.8300341912828,62.90234703690609,190.54006265475127,107.17359086825813,62.35332970167747,201.85338597664483,195.3745357926614,78.59736767824056,89.20684382758775
2,103,0.0,0.0,94.49187541368616,191.2677389738455,106.62724487565261,104.42296360470077,180.7077391958311,65.93095697334641,92.9571150365239,161.07305259449157,71.69215937062087,90.396632077192,172.67751517836052,77.47787057710129,91.90631988766137,203.60736509669167,89.0975783803499,74.05724442589893,184.26668186134228,124.41770665158394,64.5424059854517,206.73975580130036,169.43121390574552,82.33886381184153,100.59452702785171
2,104,0.0,0.0,97.7785637002937,211.8907105804125,129.59086569350194,108.5860193059904,188.00633625336795,64.50729402462161,97.92929924649627,170.7138486374597,69.2321039806804,92.07405315882006,177.08786129206442,82.3436777889539,103.32089146400455,192.28636894743426,107.3638045131123,74.18682653530095,187.60528103880566,115.21277967066409,61.596631830436316,255.48625940115423,179.11602472861065,78.47990182455132,96.11632565860954
2,105,0.0,0.0,92.22342013589231,205.2960214705562,122.18847469807719,124.56819930383439,183.74991373537432,70.76363127288451,104.60229425099588,171.8378318439625,74.13333575763293,84.65268994903974,163.0168066882299,80.9293892712976,88.00525329184264,186.2922260265203,118.61118746516755,64.28379828881117,193.92975647286718,114.48886113239438,59.06066149928594,235.84811802922388,157.99164308542103,73.52844632813756,137.1935614942975
2,106,0.0,0.0,92.17945904123555,226.28040545960755,137.6280391982426,118.04886539098284,181.82647277370685,71.57157907295539,96.27319548601153,167.07801732133586,68.04377172044997,93.05984391673047,191.14675098404882,73.66233523314735,90.3146614190049,211.70790432757292,104.87382707613128,76.41750131490694,195.66656153440096,120.61932932996125,61.94958747606905,176.5150809078364,157.198405948848,73.5626703745628,75.27967516653908
2,107,0.0,0.0,91.47314159235825,223.62272018655423,125.98807641099262,113.06256282933714,188.70717343063086,77.07826970332279,101.04923422267335,156.55229796927077,76.49806295822727,84.04375124908914,181.78192393395446,73.30908256658697,90.16221480173645,202.47656659295396,103.62732925760126,75.95590060321197,197.443948417219,112.29838794296442,60.21988348567858,191.57511476902692,160.0005877610672,83.60214422131911,79.11822034224551
2,108,0.0,0.0,78.1073553272627,196.46520294232354,109.49815111693226,126.80010441925424,193.58878320174838,57.45875925114753,99.1238031743885,171.65954153214727,72.99392066392059,79.5413860728948,180.4695740305661,89.90660426305624,100.34409575284336,201.12343709913173,103.34926725574181,70.11650877139991,211.6294263021723,126.67240036659956,60.112203747427145,235.9362112461566,160.17421828381782,92.27058402738271,78.50804298776657
2,109,0.0,0.0,83.96785271817559,215.01431882871563,117.05063370968011,113.74172159193198,174.95280524382244,64.67024074257337,89.27307398049554,169.0120238298393,53.48274568610401,86.4645341942507,158.94087354487363,94.95098400596498,91.63373620562864,201.1884726965795,110.04013279375181,75.65307153769652,209.33382423983414,118.38425184588513,63.06438429910046,195.52362105760082,180.42153951468626,85.05065100936487,116.70802364421094
2,110,0.0,0.0,97.45857647851844,227.51941941285605,114.98220235443915,127.46612730619314,166.2032351305439,56.51662470539819,90.70135884343533,157.37970852774163,71.2457791650264,82.13346515420176,177.69011112331148,88.75347851164655,88.86805385340583,205.2229410994455,97.18352743188181,73.48266882310675,185.32394271917263,121.86536763300606,59.453662430992395,236.65032844357043,164.01661254171506,87.12863592618756,73.09900606347298
2,111,0.0,0.0,102.659999238411,223.036494630199,133.40427169968976,129.91423618644782,197.49766602237287,71.52963397815533,96.10705574190533,171.5946317940639,56.508831999824466,94.98728419567163,184.1828987959694,79.01983132892242,97.18453138203894,208.67754164999414,98.74100527180167,62.10802498422645,187.07375054604552,125.12324255848587,61.693347350541465,225.0310398973525,182.10351398944502,85.77085158388977,87.421224713434
2,112,0.0,0.0,86.99563207040298,232.45271209229162,116.58363709719342,116.57430112807828,188.1865849882992,61.81684934604872,103.22673173008556,165.1515885973417,55.12921384326543,95.60001919124139,172.81502529663229,91.87786707132486,97.26274079178651,191.9785477673904,100.36009563321407,77.32956484226824,200.93820150517843,114.2697826337463,67.68936779657471,224.84116029568435,142.7441977404734,81.57555963032355,75.08162582863582
2,113,0.0,0.0,100.46695795440849,231.81272815530085,140.01710380372413,108.93715672328406,185.31384008191827,68.26983680644591,93.71346838887294,162.60117955100995,67.04066481397601,88.43322688533979,182.56597559932345,88.73400541955799,90.79221998828959,205.81339904334592,106.31175656616726,77.13745390261181,195.83608807468846,133.90324564118808,56.893066418268134,234.27750358674447,171.23790542856915,84.80196718449302,98.09544179768288
2,114,0.0,0.0,101.52537612316685,212.58894525950947,119.26046595423519,115.6659952550527,186.29026734256186,70.23841903709427,106.27636103295103,175.427850832012,66.44284597358418,86.09400862153653,161.0818483731538,81.7311616569281,96.8769106094323,191.00232464081608,107.844119611868,70.73530825219149,195.2022750422898,123.78885943145676,61.57482651042709,200.10947634930008,134.4147895786417,76.16170131993528,86.75173123267457
2,115,0.0,0.0,92.23312410755449,207.23972786847446,127.81421161316909,125.71037436420964,199.9136028610425,54.69475473454317,107.20964876293928,164.8470394420227,62.844143943025315,95.75839658937673,201.21841044808633,79.59614069505591,89.69472130528246,189.62362139709074,110.4611455715177,67.54370181239327,177.43471883794444,125.62829823289134,64.42681854852032,215.76961286813207,162.94265913674792,85.85689884005917,107.3702046399724
2,116,0.0,0.0,83.08806739813974,220.58302598396432,135.74682061848995,109.117030929424,181.65223597211607,64.54084615713147,87.05300486744825,166.48980199724622,61.32705962650609,88.34126504595564,161.9498971533161,83.60445865447625,88.98193450113811,185.6603655233737,107.38853140398398,70.40208751344161,182.46071742681582,126.88524366098335,62.177036335649376,229.87904918998623,184.08384364001924,86.79947742952561,63.14550562536774
2,117,0.0,0.0,83.71663299442177,223.3937595269927,114.3491209668127,108.35269472084453,186.71562658114973,74.68859008878314,79.5815647527269,171.45920676730054,68.14223402346181,91.95565830625502,155.0510766347365,88.02464365638062,102.84009493513537,198.08872411077238,114.18584017282318,68.55340348001388,210.26780856795085,135.3707848607958,62.91982499765587,206.78273767192726,168.34053889123948,73.2869320001845,131.14639191635464
2,118,0.0,0.0,92.89401955898674,213.24818002162587,119.0341746735912,121.40477382128377,195.3623947245789,63.528171773947655,94.5989476116151,161.26883019002153,69.53754339990326,95.03733865705375,157.14926826921092,90.40037464092958,94.69384527574661,193.9706738503713,95.48664828659196,64.61546896870607,204.2000719713186,126.31981184123607,57.968586654219045,208.30408534831474,156.13928851412666,79.9709626595704,90.53165851349404
2,119,0.0,0.0,89.17112386927005,201.52148381993484,118.05025367989933,117.25772754292763,184.92645419700952,61.648120863818086,95.17310851539558,162.05023343771776,75.06350633043105,91.04651463249351,192.2985921254407,86.70317018905332,98.38436863813436,228.13881836161877,108.17560517062266,71.98549055632179,200.94734113235688,112.72863508257629,60.93425469063526,241.98515188960886,159.6257685137155,92.39126543356059,110.22888424911366
2,120,0.0,0.0,93.15443789625755,205.01299551360322,116.49795516324004,112.0243781018086,217.97082010282054,66.97495758987345,106.13633657437975,148.83783311808133,68.20991344323951,88.81723510443321,148.14802718242876,98.99998904528758,83.649101820051,229.26121165482292,102.22035323182992,70.95715740376295,193.11327930281962,125.76821026713625,62.322632840024895,224.95208750200604,147.62585352645624,85.36245066616691,122.25216714936491
2,121,0.0,0.0,94.76205463118056,226.62646066457012,125.95787477055339,121.8461134045887,182.5240845089003,70.50719371197712,100.86812925292257,160.07604375065046,72.57313477455413,93.6950721623928,185.15269690415155,86.7105121624907,91.7701698446751,214.08019793931393,116.27055363344085,76.02372227424497,171.97703167515692,125.9221245506939,62.93447051661648,234.73337543434522,159.96796851813326,81.98761946126197,89.90336509974198
2,122,0.0,0.0,83.63454274327047,193.45859929557108,130.7367286781499,109.9644476222641,207.74620667694063,59.60861354903115,93.44848917369498,168.99453941101848,76.72916064924009,82.01790622865778,170.9359309253665,72.94904671425175,93.12839102804034,209.28259799616745,115.16908795531575,72.9825800864483,201.6675237419619,116.20030418774304,58.99019547370583,235.98460597377857,151.202629453391,77.88593287334696,89.63286442095912
2,123,0.0,0.0,96.16809917747148,217.50591721093048,95.17708512990477,120.12013365974525,171.0386549961328,63.5065364656523,98.62680456074192,162.9241435135936,76.6287200111111,88.17275216713408,173.89642646790017,82.70609372453377,95.15654341622269,196.62993530737302,111.14736587490711,70.26868740884944,182.82701902289074,133.49418318424563,68.6679966707804,211.79900715947178,177.84482734449296,80.87059039751315,75.04798495221921
2,124,0.0,0.0,91.70500424863275,221.4709027162664,150.73203836968403,111.85125951512603,178.15360654144513,51.17483568155639,96.37049840798525,180.05918193979898,73.29017741405994,99.66408980809936,190.18159383414766,86.34499090784976,94.77088187381759,199.1051871985164,109.51728642443082,67.66826187545833,200.93558987804533,142.74553430568503,70.38704623211156,239.29306081904176,175.49589892737598,81.71306662789625,74.42309473060655
2,125,0.0,0.0,86.0528399578977,207.72950563273153,111.91044784836755,114.29158441686805,182.74410473336934,63.83663896303617,102.20568458008647,163.35349199223333,75.26490753594535,90.34538436896614,189.59224418817973,87.85532996165601,100.0739168366894,205.83883598017488,118.6029222876417,82.49999415952512,197.61520644576674,124.33476656118212,63.71445887657944,228.18611592373838,161.1267946550893,80.30731237638628,64.22570917828966
2,126,0.0,0.0,104.71957576800607,214.04333439424315,120.64145923608801,119.76828314537633,201.56691255282195,68.45919642828225,79.79044645878503,155.21404776491048,66.15759978140738,86.07879139845427,176.0643843565856,76.63960773816099,89.31204110984233,197.07613766380848,111.69483642519208,64.49197934523322,201.40224824998032,129.19678034331156,60.81111430699713,226.55459141524682,150.07570161355946,89.33040543167218,64.46880008567501
2,127,0.0,0.0,97.35519666351583,217.88188548312357,122.55573972820156,115.75900215424386,188.52110548338055,66.28341725637931,93.71624226058111,169.3114612393436,72.32052064190898,91.82798263497592,183.08806613016313,80.77975423210816,97.20985126443668,212.025227591263,109.41914557463521,88.79875623842847,187.87333646712926,112.91547758742443,55.49537814948467,229.03125384376906,162.3548942274428,84.23910355875128,78.65863112955353
2,128,0.0,0.0,98.56086563399334,206.0159757466318,135.87687385129402,105.1342375086899,178.14324200753742,61.78608701826625,87.28335779086646,161.3724534589653,68.07633519278419,95.01788902147666,179.66754990552758,84.39699754819766,87.34915883744654,208.98470108102856,106.17283531001769,61.26269280055361,193.05379687370439,134.67747490491791,68.70388813919628,228.40167998905093,153.44675258251542,76.52541693740245,120.72565834558262
2,129,0.0,0.0,92.82063750643543,223.68756195318628,133.5855661558973,120.08165727498063,196.72638602333868,61.46300456208833,94.42061528062165,152.41970494026017,76.49271945719182,95.3064138740721,156.3300753771696,70.92486929904277,102.78104407483374,207.6678054222723,94.7243171646771,83.31349868701784,195.21336350227764,130.2462547200328,64.31877410020351,235.40354267231515,164.08221675687668,83.43955157876411,82.5249269751525
2,130,0.0,0.0,85.26208570523244,214.89713695799009,127.92151573851343,127.79645584492098,181.9165647025824,59.22509045520183,81.75575619528335,185.74244472244874,74.26070881325236,83.12476673212758,185.1367122263674,74.06405934762947,107.38776623724166,182.70627199954154,108.10571847270883,70.75934569425759,180.50383434879532,119.75607819703295,63.04216839670394,226.57558189445908,173.03357122273295,75.17713279854664,82.90712409456484
2,131,0.0,0.0,92.4801888677972,214.5006226376313,113.47708198220272,111.28846138083453,180.9486357619448,59.34264624203792,96.30366387901637,178.472616729024,88.7467664242208,90.68052431581448,163.02181827623465,67.02124010817627,103.42264290939534,212.0021572926315,110.5099361835304,73.41409669890008,202.38262980780098,122.59885816295635,65.36930269005207,196.36459511282357,174.3123427051241,75.88603042731171,93.63711357154298
2,132,0.0,0.0,96.18498726232627,205.97405397927776,127.09078747412485,114.57351461551112,181.3933146085236,55.82232375204956,101.7216540339843,165.63304944844919,74.21845750172956,91.11000570231086,199.00093406337098,88.16522339461861,93.97492884418597,202.64291919880256,120.5596709772291,64.78674633322525,202.9589323011859,115.59622990781851,73.37781989490169,216.70589736906123,173.70844189034162,80.59124651505327,102.45627210410113
2,133,0.0,0.0,100.29102641695613,214.90332316629173,131.0381716537118,112.01804373388694,172.3924472177345,64.81164056244731,95.45470745885441,138.86243066389403,53.797258766231366,93.44448041104972,160.84712512651106,86.86408649602191,91.37084662948567,193.15300352666094,99.52854920308319,69.7401967465672,213.4416816751084,122.36506654970974,64.10759129827724,224.9986076308864,163.41439050725734,79.36303934160298,96.04496572344401
2,134,0.0,0.0,94.13815746910686,215.35665994689913,125.1118056723506,123.68586995043276,173.6072499424391,65.9824144301429,87.96136416921156,159.9273305995014,71.61696868153349,82.63351268151489,174.05545453788687,83.56922018446417,103.38775564011912,216.43938614380795,93.40184122560066,71.15516127202497,217.07010054933542,122.875581135601,60.63772968533511,210.0214324068034,143.63541635936457,83.01590661837515,99.01327471507607
2,135,0.0,0.0,92.67293063329994,216.39631107665522,117.84339283553332,122.1729357057453,165.3356138821266,67.90601258945004,92.66208262898489,164.93947406859013,66.49591173057819,90.34906866863895,165.13875189325174,94.4509521571382,76.98232303479364,205.32541745840396,106.07108808379269,70.15896111548719,186.18115719009637,130.98869647596783,65.37848249167455,223.08596169338077,165.2266917477425,87.18748580630115,116.58856498645939
2,136,0.0,0.0,102.43923773783439,220.24373166068125,111.85007603326255,125.156179983485,205.58721205676284,58.0205585335532,98.13632077000537,156.2372505669224,68.8962128792063,91.6729138492986,164.29279491443597,85.5313120666609,90.88118822315451,195.2640476723058,101.71294895132799,69.31760877200846,191.611317536097,124.14129635418526,62.527066672815536,210.69711316066417,189.27791234812105,78.66709953296068,92.76901892298912
2,137,0.0,0.0,84.43653832029247,225.14205867532152,107.87395490729992,94.99016967857096,185.2447087235848,68.74092951777263,91.32930038706321,157.76530154876977,67.78396956849535,83.08039279869458,158.89484438930336,76.2426528799981,87.31156081768192,181.5252223909561,111.9784135288321,65.86633361297565,192.02465314668152,137.32222150584153,63.939071208175065,225.26943855420606,139.62383684651198,80.50220846527057,78.43883400681216
2,138,0.0,0.0,94.90478611589938,228.43517612376073,137.2959313298843,123.3211799588754,184.65674753475022,66.43899566480025,92.7212525155146,163.13240333294854,63.86131181220075,85.82640197491767,180.22190698634614,78.3777903287879,94.35843698635172,187.7123721393595,101.39486286579509,67.45780095009648,201.52026437323673,105.53313127113535,63.331159411204695,219.725083585396,178.3302293910201,74.8423827944265,89.55057282699181
2,139,0.0,0.0,91.57136724063763,226.35025073285476,127.36300297795502,109.08315454918038,180.12503080211783,51.71215195079806,88.54324371558944,164.7890347152316,74.05372456555249,88.02594053764194,165.44886437355606,90.55482289609411,96.80751438983152,190.31570666363206,114.86789016709443,70.83525108270973,173.81360849387818,121.34339945495414,65.13115969553976,221.16060282990318,166.75803915570543,80.77912794220626,136.22953055714822
2,140,0.0,0.0,89.61877391461417,212.570029519205,125.93672900976459,117.3007527291611,174.76291647878048,68.0873178441103,97.5109267206139,185.83623275416667,64.69595168524425,88.53380075736688,169.87570489353325,88.52203532811437,93.8692488571095,223.6364902822741,109.93518316950373,77.69702245134896,202.3629839647341,120.13709398874312,61.36925036007152,224.51964303278925,135.26803088391796,79.0195200891023,87.59522749984686
2,141,0.0,0.0,90.86308268662076,229.89823918872793,126.76960380012204,121.2199365888951,169.0076556101294,71.24961004614579,92.38760648539659,166.6042705738738,69.12108806347034,87.46103854341031,193.49589323515562,83.51385339801946,89.83086050688217,181.77283494328114,103.33093905690019,67.6384584860399,172.11486968755386,106.9139674907019,63.03158728378481,209.47818456528358,163.3516470656849,82.03078866521578,83.23438290200232
2,142,0.0,0.0,93.91730291256513,203.0446943127698,119.49231840864934,121.1523601960559,175.991782757471,67.84040547789505,98.94091022562746,158.4053063015613,70.83403397920762,91.3868416396912,171.0851440334917,82.87387410012602,97.03434236933577,221.08085435426597,109.15498015597494,74.783289376838,194.8561886505614,123.42663110710352,64.9851624035128,260.44940848793806,161.33001061431102,77.97708711261119,85.27364285276433
2,143,0.0,0.0,96.28499998288478,212.92761667136628,129.51889524996562,126.36684470811063,186.8871694892405,59.437457511926986,98.060166679785,165.54889095994656,78.16343656940327,84.78343212396445,188.18994672488483,81.94741126814039,101.98431192915494,200.5061571206481,105.63179089274064,69.04700513358654,185.9181988690019,122.86349692253759,60.023421766262885,199.09944248004936,169.53336792921894,85.74730040614727,100.38676231737557
2,144,0.0,0.0,92.73270386796831,218.2145576089573,132.14840285189973,121.3902894337954,190.3311329715118,70.2654089463704,89.17009506722725,164.05875331786524,65.31311718329049,92.72443041302893,154.11479886606503,73.65649679876933,88.67556659945495,187.64161034343357,101.27229120591254,73.93110987077957,175.1565301605274,124.5092164436202,68.83334300072995,237.45409791015587,182.08634373180237,80.39950858768299,88.44946361807376
2,145,0.0,0.0,95.77182837082181,214.72988708807864,131.66678424752575,124.37772077946897,197.86163502325215,65.36735342646662,102.35502758400754,169.89001178783963,70.64945497122616,95.3877423062854,164.77876282052702,86.60800774578311,90.99984443632552,186.724885277539,101.93841325258101,69.31259477787624,194.70551422361933,133.07260193393617,64.43006133637473,230.14017591362705,164.3249383549668,78.32293399069547,57.249421463522346
2,146,0.0,0.0,104.18374234358589,233.44603676944277,98.18100652043954,106.46713662328317,190.0309341953651,68.00383775336378,103.64720399943361,185.32257480602127,59.76160014244245,83.0060141123415,190.4525780499893,99.076424619586,102.12230771506248,200.98043208688995,100.27652108170145,66.91765728038574,179.94369379468196,116.29479224051737,66.06261493683323,218.78518119769137,150.83471352536023,84.32067247391804,65.32867358111946
2,147,0.0,0.0,88.84801854253413,229.19261469901468,122.67501974256723,133.24669253263195,189.00958647046463,62.778116888746894,99.69572287751481,170.76732845270652,77.36639313799111,89.14211819816389,174.45133384298325,88.99504694167248,99.06782374490865,206.20343557829932,101.18783263426121,73.879334045753,202.16909352591992,139.37999966071013,65.29744530139102,220.47108464242038,164.71900810422954,84.79671231475209,118.02737346453418
2,148,0.0,0.0,90.03859129075404,207.9809438724137,117.60059651374178,113.23922836481566,172.73684340875636,60.20884082291183,96.52706011516783,170.3785846771419,66.04673364677275,86.42937186759632,182.24532407717993,78.36165786954389,95.92847035373009,207.41536727454235,112.79408443049459,78.79667472724793,190.62374055175633,120.85701548712242,61.272392284060984,237.68484798648794,173.07508201189117,92.9448225160401,103.15647303042239
2,149,0.0,0.0,87.19462393533485,214.82257442136324,128.4944605667602,118.06893211643461,178.90695732670022,64.9337154533921,92.84227222381395,166.65080097259934,56.06449467242792,82.36791396162546,161.99319728763842,84.08892598690414,91.96051854671514,220.56302496322593,96.0409008255827,69.41302020041653,211.00894438572112,133.95595708912816,64.70627889011256,225.04728859374487,170.65838713685008,84.76225358016809,114.06778847752669
2,150,0.0,0.0,98.07585318244276,192.50542895524887,118.40899743450795,109.43592740749611,193.14888167701235,61.595031718633706,95.58623000440352,167.86312704334915,69.49673365031688,83.64932627530213,176.4949218631406,93.01298729855604,88.91844858534444,210.56685193559073,103.53238792171008,77.62027993042432,191.85087513213676,129.7417910204699,63.60750967497469,229.8806244814852,147.89779265967735,72.47254081647424,54.22147439272828
2,151,0.0,0.0,89.62782539310993,233.8421108761916,125.00832588358828,113.87917152535957,179.94319249007938,59.66567635736554,96.59870650459202,173.76847892324488,78.51150105150595,88.83680415801382,159.15702728700535,92.31735981657361,98.04538640227062,190.90742098416356,101.67518205119467,71.23670758064834,205.87699708881112,118.54304010448767,57.35152810752822,198.94061933897916,151.1672472763154,83.13560358199713,110.6785396035564
2,152,0.0,0.0,84.80936012633138,195.98799274465244,118.13479199419537,125.92649849974003,182.45484175149488,69.6106046164408,95.5033488066732,166.52070395620635,66.41221398375647,95.09301582625785,164.5349646417204,88.3617208431192,99.01880973870838,223.08737030065848,103.70296010990072,72.73955263314653,228.36358778244374,131.50860865557954,66.03354295605915,220.29919373611193,153.112661047548,79.18043767660794,139.3408831801806
2,153,0.0,0.0,93.61920604541604,239.7180605115388,131.8603283408819,120.08991222311855,164.91096095562497,61.61290226329506,94.46786419559288,164.58770974335008,77.65390728328418,86.13544527500058,187.2859974629486,75.87061084466826,97.50171090072752,206.40177604797728,103.03460639088838,75.2458017462732,202.18622722733193,115.81352452214261,55.782254286030636,215.7608347692672,152.17713234787348,77.95833446837113,140.5059071836141
2,154,0.0,0.0,84.23030505732609,215.2282323936957,143.15929395990145,112.39292151785006,194.24578815021295,70.81264483932308,98.2905019335144,152.15695715416385,71.02505364133594,85.90148035074051,183.6672029981538,86.50230136261753,98.36735162368092,208.0551548160322,110.47454037408782,73.66801463292829,207.7410608071905,116.62994844101298,64.57232357478064,220.07734880722165,159.00081709761992,84.16654023897458,99.54182710587108
2,155,0.0,0.0,102.41119036867745,228.11406572804037,122.29585279803396,125.78758810569099,181.73815349450348,63.04848258366768,91.59640114130241,157.88560635828662,69.69464930681566,92.5718454388509,172.3321966635885,93.88827755712076,86.84288578511878,183.02565230646383,104.72936640256742,64.44386165137612,183.2066467149078,120.54343625413335,61.631822831910206,224.37892332881012,164.0021521683016,74.54653373881126,124.03114266643375
2,156,0.0,0.0,95.21942079089305,203.90724386514594,127.74292933326029,115.71865842231962,192.95128801799132,64.75984379628925,96.98878027007392,163.4649858204408,70.30841732400616,84.83632995849452,163.9799668905573,78.34331512640705,86.14707399784037,193.659168462441,105.24694567266135,72.98467684021463,199.00241133334282,130.60021135994597,56.92839222852543,213.81411402299236,161.72086115084795,87.21119132903112,95.8034983857722
2,157,0.0,0.0,82.64137679914008,227.40396115680275,108.13732016449285,115.97230589228987,183.42851356476794,73.57697851805212,91.71066382777444,183.1477896204215,72.57595227488704,84.02680075424958,182.83831429114184,76.3247513309328,95.37697410515267,194.33039036354765,103.42015161630627,74.87657678113231,213.72103298943242,116.46837043606396,60.842415746999144,235.16935826583503,170.2001412615603,86.59432659536037,91.55162836274008
2,158,0.0,0.0,90.94984575511091,208.31997625785527,130.4956565808483,123.39271381233277,173.7101046508743,57.707767641899096,106.64489745678117,183.06484659953642,71.6813264501212,94.7074051384364,181.54474587744122,89.21013026655311,86.13339948983986,205.67925941050694,104.04214763857959,69.07901271907146,203.04617575582958,118.90034623815873,57.81323479936829,213.23677656229074,158.93750823779578,73.91192755458648,105.3139902978386
2,159,0.0,0.0,91.45072770348848,208.92521313392885,123.15829596770729,129.38819207057168,187.4033049109679,55.39364798420134,101.84271749546522,192.3847834476819,67.32560072854183,91.53679630419894,172.45031166646035,80.36178176723759,105.29738863769886,209.80317505978488,113.81334360457741,70.38082616228604,191.15739126836237,114.41379575382499,62.076323611560795,228.06007719557869,170.15804894302244,81.46904992679109,112.71250375749102
2,160,0.0,0.0,94.41346103896586,233.20239669195212,125.47455816730101,106.6533363859262,171.31554053315887,69.24953919753615,85.64919498640623,141.933231976348,70.3402821117896,87.71476928221156,162.1643365898624,87.41731066838076,94.17040748355187,223.4491724569439,107.81932473176289,69.79930906580923,189.7943271915751,124.46482092153737,63.99840110470813,234.54743014083084,163.78020762718612,86.51236779945383,109.38876907804199
2,161,0.0,0.0,93.8719627577695,210.16151722048508,112.73278521002757,123.88262586105922,185.0499401622893,57.40676172753165,95.94247496471615,173.70035209728835,67.18875368201971,92.59413226879751,168.71985199120627,91.231796364787,95.62685959208272,196.85060746963,101.37507018672757,70.48115445798513,179.71957616041183,124.37325714020979,65.06478568921159,224.17414267384743,171.18323445018532,79.89881529139046,115.80746526233582
2,162,0.0,0.0,93.0351920243145,242.49769545630616,123.44638516670445,125.24958661308784,185.88502390069948,59.70401275201426,103.67458015914687,162.7926886371442,64.06668377759497,93.15961394681538,183.5131820300746,85.68912870444994,93.64249658459575,199.53709811719733,94.94995629265735,74.77587202014386,212.01610429069893,122.09050736511216,55.72508381160526,216.22017768662056,133.56240827461082,84.64838587076105,71.33573756236237
2,163,0.0,0.0,88.24282697111819,197.13428988765818,120.77557708769113,116.91128223397125,183.3568964966892,71.57257626471088,97.60346998102611,157.33579434690816,78.97510644731581,88.2386311874074,166.52061168687047,90.66601413822819,95.52309060405707,175.62080316328715,110.83205839858906,64.48296793626966,178.83094473356778,120.1995156588013,58.97027719532477,204.53211456870594,178.00721543209235,83.69517734439222,85.23206282680304
2,164,0.0,0.0,96.28818826892181,189.62736230902468,121.33788599873539,100.92634030250537,189.3464032719773,59.59841219190653,101.9691829876966,178.35758267669206,61.52407731135679,87.49525974840515,182.7038917535599,78.89141080203953,109.244887905307,226.94493762096502,107.33120275302394,69.11282865045054,184.98490718662055,132.33090339497554,65.94412586341568,222.38566379894598,165.51435627612437,84.91325297590497,89.28272894181886
2,165,0.0,0.0,87.96672794495632,235.24410798417603,126.41208880755619,121.38974164480636,193.69487574722191,66.1577037889072,99.2998152166844,157.44496159749653,71.68336742847387,92.91199224531158,151.9970967407115,73.52083322321255,102.83909689033871,210.99092921325686,107.29572755730837,71.46943394436113,184.80085734054455,117.3380783131047,64.26874025477389,216.10327694572734,157.9112531326534,75.31611852707529,105.34383316464259
2,166,0.0,0.0,92.44179796018601,197.7534639130763,114.9943782813357,105.19038299159917,181.6792530415587,60.815035688786494,88.60865681376421,154.34207965732938,69.78949130908148,92.29922153155562,157.15775577058824,74.69502488106471,107.31728163601458,205.41109979325262,97.16629126202679,68.3215163478038,195.09982883468882,141.37397109443094,59.8281091323134,246.5534497272622,168.15393922645933,83.30315855168197,116.68280979805024
2,167,0.0,0.0,92.43832230469661,191.35240459164868,132.72863592664535,114.11082553954873,191.31288546032062,59.41446048578153,95.32282616738797,156.55574724714043,59.36041065745641,94.44484360374008,182.1745561218666,77.34333533927806,108.75118898217576,201.82733375320765,97.92641363187546,63.997105796576115,197.04428831489477,115.02567804555163,52.84439611290536,267.8549510643237,165.84561595896298,83.32081444141687,124.69279656529413
2,168,0.0,0.0,85.62427965713303,223.3170880976149,129.43509076221127,111.88871285455599,179.9024533225567,76.60243073488252,91.39370142013354,173.58285580304943,70.89983440025027,90.42117884766074,162.82518106985358,93.79903938690022,97.32326985283396,213.05432745697263,104.79348553696424,66.25506822022619,212.58074628174023,130.49499835336573,68.43098723301948,239.6213432535941,146.9585057323457,82.9500432160848,98.28405238879088
2,169,0.0,0.0,92.66942691038166,208.95252097624137,118.05406035830813,119.9839773354022,173.0557677344772,64.38797862110671,89.40577670066402,177.48108419757128,74.56912972850635,93.53302120907072,185.61466917232468,83.72790944475767,93.81250321053369,202.5375190063436,106.90877329364235,73.96907661478414,202.00433632731972,138.17130365063448,59.454127899745,221.3747775029042,176.028305485663,77.68520079762433,133.1342320812654
2,170,0.0,0.0,92.95954645487454,228.13550130680724,109.86298141201004,119.8213101133991,180.69059274006614,70.55579116898846,89.36622904993752,169.0127204437958,73.39907690985879,96.43660554512195,197.5744454490004,73.38397957989774,99.8385652588103,201.73139321925004,113.51241898600973,68.39267921189033,198.02308646921014,109.69025270508644,60.977445899868805,220.35084175202604,150.70393946481062,83.81744350372543,119.00094771954434
2,171,0.0,0.0,101.28297637306908,211.93558258721077,115.19615165483167,117.46872868645131,177.25716173664242,66.34968059516704,96.56979116875249,177.44462610488938,70.46457518792847,83.0264148063059,167.70138026752986,89.39527679944054,100.01660041890031,212.7328542260202,92.37410074674395,71.14042761586727,190.7810006213986,115.88449322441355,65.63070614609975,245.05508105461115,175.0129494037331,85.92985261017381,98.93465426058837
2,172,0.0,0.0,90.03530596484066,206.84414354354612,128.11414680014119,115.74674379566285,181.25627312598448,63.51397953584129,91.44549164556764,173.95097709582467,73.47575987715511,84.61186538875134,172.52985653516578,89.96517034281803,97.94178685550068,206.85973074619974,115.07320517674364,73.26197237547707,205.5733654223883,126.99687344102405,62.156339131811386,208.03764503750583,156.4097434479193,84.90872606740052,112.9286204161075
2,173,0.0,0.0,90.17299161493139,223.77922946606097,126.226595475333,111.65213187325108,187.58078319209815,64.61222519497834,85.84930282236314,162.37457669806108,80.57658122362395,86.84184761324046,181.63241575233485,85.2854340548629,98.83905172704875,213.44320173922094,115.61640222472927,62.10303277451902,202.71431460499755,126.59981763030373,62.009050346715824,236.50398448332024,146.48215053227977,72.9698256932854,65.55143868353386
2,174,0.0,0.0,91.29622374203988,220.6057219790654,121.28285264408653,129.47999142955948,178.85875197475622,69.92269476345625,92.98313740208748,176.11495610459704,67.68840975321564,90.66749963653582,171.65933110980777,84.90946288578107,85.8716854529814,207.29179258260984,89.73553297077483,76.68324110897409,195.87074908119862,144.4627427412394,61.564454667416435,218.66272723760156,143.0913304145735,73.1997192492161,113.64999835528766
2,175,0.0,0.0,85.58686808222824,210.59779201948544,126.52578618507498,125.17432192978187,177.41953212381614,63.97846567481744,102.55350237405628,168.40752199509515,77.05402782645369,87.01561764415649,174.3156413878521,84.14583330850996,99.19592576708114,176.8982932957888,103.80737584069813,73.15671393875124,185.40529050627822,122.9781051372796,60.18782420032509,239.81375338926455,168.12726524691874,80.55298885315247,91.6311644826525
2,176,0.0,0.0,87.00604328412713,191.7211335300521,134.6742262304241,105.51528268284393,187.8324287480842,57.6660293972498,87.46640186596075,154.1987850420777,60.499274651986546,89.87485721555254,185.91152503370506,86.52763104950948,96.24454680806754,188.4834869506747,85.6136201933977,71.32898878335904,199.4438259659617,134.17954911757218,58.097438676526984,253.64181640494795,187.0312542063375,78.90768650635464,90.16867782065536
2,177,0.0,0.0,93.71823578281938,229.6277689370823,125.21875276994601,127.08168998744584,204.16642883184858,63.61417976611006,106.26447757522205,155.14523479180053,79.75730126761367,88.03829290552606,173.29665954814277,87.67300960407879,100.4679647364488,194.56744644345687,106.56441686520012,69.85152940049113,196.584546786413,111.23169149220277,58.99411163176126,215.63920651646652,173.9469639867718,79.33974307950928,112.61187802110676
2,178,0.0,0.0,86.9011479905997,214.3891560203144,128.8066537270781,115.40760866154899,178.35752358201685,70.68017345637358,103.4172330705938,161.12566787311508,59.43761352597312,85.38664503241961,181.3001973771813,81.05656827620136,92.31839734045826,214.65261592332283,102.93992883652554,66.93609576188601,200.5672298152836,130.45407202130315,62.720685557355125,225.20400290994954,169.16775298656344,86.5534696166021,107.06110937072172
2,179,0.0,0.0,92.00615604722086,222.21115190166154,115.53392863869873,118.53840986126087,187.66095831416652,62.08521249671754,91.47690809784375,171.24938268895627,66.82850229853273,90.82785297681534,180.2338843503158,75.70402984042796,96.97413041813289,219.1687391190694,109.33768466846281,69.1273308451878,206.44638525651985,123.6709795534818,63.445312641603046,230.34852774149437,157.77834918263846,76.93752276447118,108.52514321746385
2,180,0.0,0.0,89.8968740823622,226.54312060962067,117.85057377780166,100.93785713901134,191.42005341808027,60.88080018081145,96.08249998719073,156.21932024191574,70.63559385883636,94.2232183210697,194.87558077225123,91.1178675654187,87.67699264814718,170.4375208689807,114.50654065764473,72.2071306274086,204.94181204485767,122.37092350115336,61.72386622241737,243.58377133173695,175.37479390343617,78.87758800129542,111.03044729664292
2,181,0.0,0.0,92.5529604765699,217.8992708856307,124.16401494908006,113.37183226014179,192.0974868622943,64.11927992224273,101.72436408279549,160.19068758919806,72.33467928382737,86.17190260371765,179.40197551882386,91.12073127666558,87.67944857791413,225.35335860266142,109.94112012304525,78.12202553501668,193.11125425531554,98.85000029571928,67.85121745760856,212.9777380164805,152.602673890763,88.39331869574258,125.15641319053074
2,182,0.0,0.0,98.27509228145549,197.6391993072335,117.94442054536421,115.42628285614913,185.07226654937074,67.66140030670067,97.36433581691279,172.05609113454818,72.70765996316628,93.87635476186422,182.46124972929246,80.99582414734698,88.01057778131543,214.70462958890664,100.40596396790738,68.84534787389833,207.03928052375036,119.5456006027801,61.341580851398845,221.65228365494644,171.86088619883958,84.56081999554449,100.01843665193151
2,183,0.0,0.0,97.40413458319188,209.3435647736044,107.79366477961906,123.67983864074498,182.4750949845592,64.34404368168049,92.01875947100265,169.72612465487137,71.87251558396463,88.05096177064108,170.7748268941023,73.38621272289751,104.30040066738303,205.14625357910722,101.15691289200782,71.12527081755769,171.76417391889376,123.1410670331546,61.31126595632697,218.57902031081252,153.54099003510126,83.00435283989523,91.92659341072348
2,184,0.0,0.0,92.6616570345711,221.7138507112934,108.25385913661795,117.95079825394497,171.19648649319362,67.40811095523348,87.33344079252791,162.26692612161455,76.79132712291721,73.4618534102951,186.72543789310393,85.14560729122769,96.44566002979386,219.59130057011785,103.16706371768522,77.4591088566492,207.32116554911585,122.12449094042273,61.97199689432666,208.59970954149654,169.40724454088323,74.2332099773096,86.45159857234736
2,185,0.0,0.0,93.07613964406434,227.69361702345378,97.17345628309911,119.31800910495593,193.0459957369541,61.15283636356162,98.6304789070154,145.67277622425647,67.95656544517213,93.49659988136827,175.45536178937914,91.0791139774106,95.63124041448435,189.50735744760652,100.81523176905678,70.87564596333479,190.5318603179638,102.01248722979066,61.50589053352547,221.15004778189714,183.15174958268693,90.219097674412,79.97355271792644
2,186,0.0,0.0,91.60943398044941,204.10494876287714,122.40844013559055,117.65120124339423,190.74914827851728,64.83526640760117,108.11318744581052,150.09527132080265,68.59255815128755,85.84217373643415,175.58981873409326,80.22663068600907,89.49246996732126,215.31599865858206,104.07973683629169,68.22156756856654,202.11580368101892,132.89688436882048,63.594032085779716,230.30066902124548,148.08671772513586,83.00997935181535,128.0041744756557
2,187,0.0,0.0,89.98119899841296,210.4295114442068,134.20687434189708,113.81858698010457,180.89560262780861,67.09475177045425,95.48059497211622,162.8984635247912,67.06189075469791,86.40843947889785,173.24088940401936,77.24893065116294,103.85081966235117,191.39902657972428,112.56894774759704,78.00950339859365,189.13540280835844,120.57595148565024,60.78751202967285,240.48720852391367,162.01825054836982,78.77962984533288,86.50509966263665
2,188,0.0,0.0,91.0514704903656,209.78628746958765,140.83047571712382,124.3892571506967,179.8007754245691,67.12125996579745,104.14343196658616,173.97880390613486,74.03339618734864,78.34716160758867,184.22040806235734,96.27723209704124,98.41076744348328,195.24135359006894,102.87398962567538,76.35628036492058,178.46050130920668,126.19957143112445,65.84734167008872,214.0152566438047,179.78677409149796,84.19619145423997,103.77019377085846
2,189,0.0,0.0,92.73417980765176,230.9448346564832,105.20822089434634,117.27491932250062,184.47832393556678,62.81245058701346,95.2878508097226,162.31896707924645,74.44204347802064,87.34094939066627,185.58488390903165,83.15434567945432,94.90012199421076,207.61595084753284,87.47400463731664,69.6416767482078,188.46191027588307,127.71994549428682,59.99116887458042,219.15118902845973,164.3302916869563,83.52058612376347,110.31084105556391
2,190,0.0,0.0,81.97955574011412,212.45790437455625,124.18056286522587,118.32521720090112,191.71226139595012,68.26301237911866,96.94505525769209,178.31156077681342,69.924035759687,74.67845053403408,186.18551302286974,81.37440028691766,89.65242924939913,192.46675826411814,96.48067914033348,75.51833932438933,192.34093473101456,134.05680988047237,69.13948729996818,234.71139579294862,171.38776680937235,81.76820667027549,120.059689573503
2,191,0.0,0.0,93.21963276148195,222.03712982092958,134.72327799635818,114.2518431283437,169.90908019757225,60.30933202335983,103.10287503772066,160.89855167447698,62.42622917015028,83.27886228815328,186.48019236667585,87.18818492968886,101.27395032183402,198.50890008666866,93.15978676333935,79.90977095470284,205.3468172557587,113.29156274851809,55.024242188286685,211.5848742414512,159.32761824417662,85.10838699950786,99.62636224524118
2,192,0.0,0.0,91.88434547189087,217.04602709886564,125.01700100730658,131.02088380629021,189.94901036400157,61.93665367189325,105.41889144558364,172.63539186056343,65.03123077527044,89.9732255703628,176.31203775039327,88.01924295082154,103.53115784023763,216.87022670719347,103.45712889770539,77.12308493985077,198.2120054730634,118.58674243730017,65.99116878985997,238.02059839219405,156.21757331837546,79.16485239361006,55.03345555012813
2,193,0.0,0.0,92.0289293520077,218.92335909710286,131.92576207747527,116.67430120130732,170.1628899626684,58.25156623361066,88.57155152115102,180.48196687392735,70.3873839781361,95.75717687037026,170.12257217495178,86.38282090456845,95.59105082905225,187.36260631833426,95.4404396043808,76.88568623578571,198.1221443494384,117.14643275042418,63.48169105241208,237.90918090059938,165.50534724804788,77.68115784247242,106.62931780787727
2,194,0.0,0.0,86.73759229019129,209.2931087002854,133.3700583888932,122.21918026587338,192.21528515973554,61.37733358520535,89.47743695041231,176.53071088458609,73.10203128323833,92.5036915670699,175.86785482750892,83.70775991439815,89.69248996714859,184.66812519273682,105.3226496346739,70.10208186057119,205.54260478279295,115.0155019315345,62.202073235591264,214.2536437850587,137.99340152704525,79.04119936394059,114.89624564358618
2,195,0.0,0.0,84.51045417519454,225.64888403175092,128.0223552356478,118.2086878638269,187.85795036423067,65.2915364954831,104.71368466029412,169.63296006513843,70.7507080937747,90.86121035657968,159.29744962221616,81.62315064384065,97.51433522713018,195.58367751842096,114.2451068258166,69.27876400801674,192.01730408226868,116.88827157380075,67.14128709424786,209.38414923204516,157.11468796565083,82.93001451318405,129.6387617109051
2,196,0.0,0.0,100.05409536344189,204.62521797563195,133.36494384907817,120.86285304939541,185.50326118948263,66.95562865476403,89.97344981590395,172.43088590674583,70.10000235340685,101.5140537029824,177.24084867771523,81.09424121011604,104.2016939458273,217.16472667897892,104.9555838573025,66.86831567675675,194.8661883285899,126.16738323087357,60.38645224169076,230.04343285555632,157.51612015433273,76.34877435228846,102.93241111135477
2,197,0.0,0.0,83.3459525109972,209.45381504975532,111.55684426367502,110.76590320748375,166.00936494815875,54.7466952228922,101.44090924228765,168.44250835334347,75.91368645535492,91.73849037190725,161.92624134297074,79.2014598497605,96.62707669001779,214.58821345036478,117.67334580548335,69.29676011733962,206.75535759981884,132.42479309878877,61.99199610404744,228.90440188445717,173.26761722743203,79.59394447073156,114.06213315015782
2,198,0.0,0.0,82.60091251428558,215.43019412300677,126.03959251930328,112.93244556617685,193.64610208048498,62.70199139631576,99.04804988976336,170.7220775361455,63.18147543987791,86.10428231625113,183.89364993377708,99.67653411307481,97.65412086572594,189.8670195416609,104.28616068341597,73.96569807759565,189.57809305576646,124.7223805865526,65.44503137026308,262.6060196181002,141.77550202502894,88.53567814201189,86.41265677570068
2,199,0.0,0.0,94.71508070308485,228.14732207656206,140.48004721262086,123.32980151307838,193.46768523350056,64.96024365735056,93.04882101598992,150.96207285911464,60.12715784781679,97.36226895785059,182.96198116790544,101.83072284555428,105.14200230665857,195.6475670665256,95.87372216298608,75.4300101787218,191.76652873947,123.60440897650619,61.81306994849084,249.10371086083228,158.84214036596524,75.97585065039232,82.55222735829656
2,200,0.0,0.0,91.85684301561957,215.16478036488311,133.29471380274708,125.98625898023339,186.56667678929225,61.45036664968466,98.33168250921773,152.86236583034832,76.87610269107356,88.43962417076143,181.069140774874,91.11291188304176,95.00179675085553,203.78264243307086,85.47206150364588,69.93546529496415,189.70447720293785,117.26429379206525,63.02690092870175,236.9042432943836,180.98821161399937,75.34954678561067,85.70266800485152
3,1,0.0,0.0,82.06787329323717,143.8372887611984,65.66866541821354,70.63734186299631,108.75568417561828,50.12927280936575,82.12332485219784,172.6810692390715,86.51997014573088,67.31611062788805,148.07466955872783,75.90209692790552,67.75075275179287,142.25154325675226,71.69731835041449,117.35667302952984,131.2351916697616,2.8099853330137337,110.13057590602155,105.36118065151297,-3.360345007658654,134.19196792685975,93.9184790059888
3,2,0.0,0.0,83.58501362594795,155.9612510966918,55.98723446783031,73.79963172785993,120.46575153577788,51.70823352772971,86.40974795250368,168.29114004362972,78.29290512812383,69.33099160439936,152.37263563020494,83.30596223426112,70.5467537908265,132.1964020797633,79.18510159863192,124.70777109062165,114.0338494119031,-1.0236110399176788,109.77019787959634,93.81484134304142,-4.827169877397524,131.0663726940657,87.82647045860222
3,3,0.0,0.0,93.49466637836348,157.29790233316731,70.78064476849404,61.219965722576084,113.25412955474175,50.936430276936164,88.81799055666262,157.08744529101597,76.52024493413217,72.39320733928648,152.6566444571447,79.64044207285838,71.61110407829023,139.71785234993928,73.4442966260663,121.68574487709434,105.72384847929324,-0.3564569471340313,94.52778752076456,103.90485478176777,-4.6377251144078135,123.56990364450469,101.2563624470801
3,4,0.0,0.0,81.00299919313571,150.39655777084275,72.495035153851,65.34390145705314,113.57804848012549,50.55224446533736,82.74107355301747,147.14711414702657,76.73858270696297,67.76377008110946,144.86731382706822,74.34131827757106,66.86414986188721,142.58131503350103,75.00841835147976,114.01216124936946,120.89681369218606,0.8893775460106772,94.4301122785387,105.28424620916358,-9.407769281138593,119.13689170688139,107.06816891790572
3,5,0.0,0.0,87.93238376441705,141.18244686181626,66.0337810281858,61.633939647636495,113.58387959520779,46.8560327846962,89.88047816244128,150.65789913791406,74.68756151972117,76.89051992477204,158.93944683954658,81.89089279718532,66.87390416786887,141.88860225701393,82.74890555349906,113.82045493774704,122.0384643461327,5.619058683550367,116.53454570089724,99.3877966536779,-8.66584506422685,132.26664151683835,84.69167138243148
3,6,0.0,0.0,80.68306951143956,147.27249057211438,68.73951922239537,68.72202105529804,111.53573542725832,44.90896049815723,80.0742878255701,168.63638779933768,65.5834430924516,72.23202651662706,152.8722750199135,72.46384302140277,68.43540589283324,138.0330899428667,80.18461492248694,103.39708772879713,119.28341595560059,5.976334591160228,104.04187673917136,103.90808259254753,-1.2916835653323915,132.75676333726986,81.27836591825992
3,7,0.0,0.0,86.42851489407698,141.09740457888742,66.44957903857787,71.05104108101725,119.54199233826706,54.41622502016336,86.42193078168188,168.78303940300364,64.52855992850333,69.1736146645297,147.4664473890429,80.43556373417842,62.07780443957494,152.55450572015522,76.79585988232046,125.09905991810834,125.621782816071,7.627004095635938,102.91740480023068,101.75180515420803,-6.678195510908851,115.5542823811271,59.60744257375932
3,8,0.0,0.0,88.79367490870692,153.78441006961214,60.639222681442305,61.2640989768898,130.96378983179588,43.799085070456,83.6110963335505,163.73241836879347,72.86735120377978,61.33483135575194,150.76594102203836,91.92948598465432,65.56867858374571,141.93712310863893,76.98082168690111,113.62718536905061,123.62867296498108,4.277722755108011,101.34503359936485,100.11779645851065,-6.484669241733826,117.86156736430831,112.60984374189074
3,9,0.0,0.0,86.32717147985103,142.72326071693513,67.49882463542114,62.724878472435925,111.95924166636914,51.60999874898309,85.2597294747702,141.7003153371278,79.0434205318525,70.95369972359441,149.5417596284671,65.68948575009028,61.19652308337809,139.3510744073222,84.41053244500675,119.82994451077298,118.9546222543931,5.96654816712853,115.69421984520143,102.28270619435925,-3.8821045175528317,130.91539929578596,114.72403563236968
3,10,0.0,0.0,73.87030717074661,150.3776444206359,63.87564299168625,66.97266468069829,117.55161428980034,46.69305190533531,78.59895907319456,163.44619509533757,73.93361373070212,72.37200561396277,141.06237329927933,77.86746543103901,65.4859983728662,144.23110613604968,83.66820197169363,122.98434748317285,114.78655168288425,4.6049440186911195,114.36076846848884,104.06559876445972,-5.471574247586071,126.6803165500679,123.31845135151893
3,11,0.0,0.0,85.74707530096046,149.95506144972668,61.386042068705606,63.707748826338914,112.9372313995259,41.02589640787239,83.26140476246421,173.4310239562077,64.09720903987929,70.24538207982967,155.01566276207961,81.72860505690461,67.88329977156303,144.6391236410058,70.62534282227782,126.15997433990759,114.54447691058795,6.063520881463266,102.43019685999819,111.32731450738743,-6.086838886035299,113.0287354243623,112.57421192866737
3,12,0.0,0.0,86.32845304501312,159.46960808887792,64.1471595431945,70.07479025899809,114.85095943049124,46.608276264439446,85.35954324481182,146.82454995304317,67.38085771288655,69.56205796451468,142.8533554045109,75.86897112191653,64.41549211357061,133.1742401522645,73.5043229236989,107.22388128017147,113.8597813457749,-0.9079135716648543,107.2925659904475,104.62917214209897,-6.164118431492259,121.40493063564205,51.32356568645886
3,13,0.0,0.0,86.87961782203861,149.1412199993745,69.2533791996855,64.62409883996663,105.65289636062285,51.23566433452681,82.07590645710957,156.40250941559532,77.31608787432278,70.30054927257821,151.30130820712415,84.43331834572774,66.08639548995959,151.35030432572788,83.4279512388372,126.98215831679549,125.15197661310721,5.550694850007533,110.39254650407806,104.15678467031161,-7.293290220171999,117.68650612311947,94.06979925560711
3,14,0.0,0.0,84.63381106492467,145.96394793841483,71.53247429212888,63.048094935748736,120.01588685357419,52.06386183506686,80.51579686502956,155.27194151056503,84.08521026813524,67.30272306919417,154.34317704013358,89.51014397891116,68.33555547236244,148.28256315624995,79.52149068255987,113.89403619672892,117.30305772668984,-0.2409647098967458,105.67203585565198,103.41193080443935,-3.735701277795084,128.4354167372041,92.64538968219222
3,15,0.0,0.0,82.61808728981643,157.0783722261539,58.34136944051177,71.26675507731446,121.65440862660834,50.73141210603953,78.18886282842257,171.11397334842334,69.85608345641117,69.26474099356737,155.74933956263348,85.88968356367518,65.2082162017805,153.12748608775303,82.11093820658564,119.36114566054084,120.6093176349116,-0.5538179984944227,114.39001030113465,112.4691242190716,-1.7413495829409333,121.69042718146835,139.05945797083706
3,16,0.0,0.0,86.69072576377798,140.25053438316763,65.74822679274033,60.534449109182695,112.2813707416735,46.04189828142138,86.13809906092605,167.7248025310641,74.40028171673083,72.88266489443241,142.6218314010635,71.36486768947628,67.92012191761926,136.8015987573904,83.98516614058701,113.01658132732783,120.86078851324967,1.9566068297415098,106.37891059573883,112.16108631693602,-0.959519507153141,120.45688198592399,56.808008825108274
3,17,0.0,0.0,80.39778235506273,156.02466423121086,63.050589380603405,66.521445142305,116.74045032196234,47.26907512181887,82.95398270017186,159.70583041317224,78.42458671092595,68.05772510458478,154.40683853227367,72.49488557330584,62.14925802627683,151.816049585296,72.8568865702091,123.29514472932195,112.13035908347481,1.2055456423655388,115.8631504757189,102.79409043372632,-3.1920226387538504,116.34838540456906,67.33282599352285
3,18,0.0,0.0,87.01143874355691,146.68341035605383,68.0574121677567,64.8439210896936,124.49421782536159,42.6099380775369,78.03939467219767,158.16480735523524,70.76490738340664,66.6562302079561,147.47806192350038,75.69873717266577,66.1464187865706,133.48128312545262,78.1091583187356,118.64670288935126,123.65823722110935,4.798260047111783,103.85978810816911,97.85900402968517,-4.20204656387702,120.65210873721931,91.16704633263771
3,19,0.0,0.0,81.01750978769091,142.588841080458,71.96914231654945,62.44765684112579,112.70575865390316,54.52766043602866,85.23678051742112,146.36266319281097,77.35686442121282,70.123772021054,148.9158373791979,75.92516100881508,62.671326215877336,133.87675184517096,75.3623420462266,119.06945860301231,123.28100158642121,3.847697299806687,117.39485209756194,104.31409376265154,-6.357866913489918,117.60365446900653,89.36735749247912
3,20,0.0,0.0,73.36300562737792,144.82959892818155,70.5889561054039,64.73663294769749,119.19917751620054,52.85052807532509,74.48096050674575,158.58308726436306,76.02938166437589,68.14710433684319,159.39825746776864,72.29003820667059,67.52024174148853,144.31741974151154,71.71243850962375,115.31722674763145,114.6079277439831,2.4146823953069143,108.8327364838561,101.44427309794727,-6.998271270780431,126.87642909977227,102.6637400752816
3,21,0.0,0.0,84.60434029220747,150.30775484190232,63.316215825113694,64.21816092548731,117.4344629481396,53.55066117611579,80.5901978835897,154.9729342812392,69.06950530523646,67.52616170280295,147.93973086638738,92.16349612102866,70.94685985990101,139.88550200857944,78.9707595473982,121.59182590019044,119.57483120441361,2.390901857321276,104.78367539699681,98.81055392786477,-4.192972845883889,106.80963655655233,90.87347597641858
3,22,0.0,0.0,72.71635984441352,151.2596311787499,57.341332391643505,64.93444004979304,122.52872926389256,51.9728988071201,86.49212875738718,156.7675847220985,70.0945669432576,74.19504789785883,127.63668316262147,82.99366169298268,59.8247251050977,151.6633019087717,80.61223865293394,117.62048925810552,129.1193779953257,1.626477110492094,106.83442557131225,102.66991377522302,-5.893377019965189,125.14326658647747,134.56425032581876
3,23,0.0,0.0,86.34780591857036,156.88923815968585,58.54651930740693,65.06207641610712,106.30548173453086,54.54327086382421,88.26263755641737,153.56004971337646,69.1181418189555,66.26313636321188,141.0881428847715,82.22513850129221,61.65971100619501,138.06892379590326,74.32160672784237,122.10314667930287,116.76744180887677,0.8210385131437226,111.69462498544628,107.45130419661714,-9.563673801064152,119.86714640124977,91.93069808710862
3,24,0.0,0.0,80.90722867894682,143.99880660095246,62.89350702763666,60.9584835406432,101.48571825999706,46.92861644301324,87.99004508140544,165.87901212932573,74.16361160748946,70.2372857054417,143.62869450938283,67.21881896331321,60.850598612545994,145.12123036098856,73.20791128904247,103.01957301940944,127.97182061693907,3.297126887694385,103.6116004869594,116.50011281642233,-3.0951489232717186,133.32979625289846,110.11605156569298
3,25,0.0,0.0,92.71567955979755,150.196740402026,67.18632590400038,71.80398015509199,118.19271164457763,52.80503324132504,82.9435109074754,146.73370836384365,70.51481383068081,67.36159502939955,149.73811120082124,77.06305766434784,66.8186213356416,137.74444257884844,73.26734171667226,115.02825508428506,119.87539721274264,1.7463425651372875,103.64661293118048,103.50489811643712,-6.472258856330967,123.28750873726784,92.11487097736743
3,26,0.0,0.0,73.76942571493291,159.6934453407997,59.655042784407655,65.40660772381825,112.05748507114608,51.76743589853258,85.46341621527309,157.14453934785726,72.81683942555242,68.46090462760168,151.43024202840533,82.67215255498074,63.29798156388237,141.62848597340866,81.49622322610882,120.42082262595463,120.4674371054919,-1.1035959350307194,117.47970250213697,107.84259245338816,-0.7989339412292393,118.13550661274995,125.14710235938739
3,27,0.0,0.0,82.07665515633965,148.44008538173975,61.11969808775061,70.35293954588866,117.64523888646372,55.53310984432961,81.35367360362243,154.24949603982327,72.19710188888368,67.65135014142639,139.81476340127628,70.69783245049776,57.68654010940389,145.34132760294852,87.49116648498226,121.87407048890556,121.37106564730816,3.422732735887244,112.35014224711723,109.92866862027887,-6.829164480279729,130.98302937785007,135.50550815392492
3,28,0.0,0.0,83.43077896879497,143.5455632096542,77.27061527627298,70.30464661459858,105.37030445904819,53.157838703984396,84.28167522480183,156.99830045544996,73.69313264621111,72.17942317002323,146.2928080952252,77.42657988569661,65.07825467312593,139.0636011248792,72.99244376836101,114.27638270902088,125.74946720596046,7.938875746472666,112.91302391660417,100.36630222377201,-4.561649643342175,124.6594535672447,120.15516142912278
3,29,0.0,0.0,86.41370801526084,149.87278049591552,75.26804818483208,69.98705916068131,123.90105826744917,52.93804215362136,80.05964910822469,157.61044189413047,87.68528646136592,68.61255586450625,153.63350360495357,77.01799749854285,68.45310470446239,132.01849471513623,71.49928525686616,117.48463395969765,121.10146785649432,6.9972419648587065,116.64149749322898,98.4584635232669,-5.94392709490165,123.94290201892572,117.507514814016
3,30,0.0,0.0,81.45408981591423,160.8001392460863,70.74659496286205,68.0783414664599,111.32130264790169,51.90064894702181,82.00872196988809,176.88476017341662,74.08611607516698,70.04402894264439,150.37789050508417,79.00368448844087,69.75635910154625,133.9673389177815,86.19780892659973,114.57280203598067,126.48312243425488,0.04561594363980248,122.00991134405116,104.81293693968829,0.8468190929893602,123.4591798796738,80.97509737746863
3,31,0.0,0.0,83.50031050091151,140.41530655458095,72.2085459416214,64.79058174992531,112.16852476084779,45.29756570873,82.97978311309829,160.92370476788176,81.0317622378218,66.97283724063186,142.3869946292397,65.78657178077262,69.77620691448772,140.72901397592716,85.16257824253505,123.76813509742846,110.91028865948125,-0.5284855028024307,114.23532279071414,102.49772608317191,1.4784784840530403,132.45047905879937,138.04239414941668
3,32,0.0,0.0,89.25088132519664,154.86838235658587,66.68765723987042,61.94482388159769,115.50063670345152,50.83654006357409,78.20926955822046,163.65096840848537,63.54875334628801,76.21617669441424,138.89386420380254,82.6618042493643,65.9342871893309,146.85598709921584,70.80071277431904,122.8078400411251,107.89294011899285,3.9753527959947457,107.55623486193318,106.58600548937817,-1.919645412488753,119.41070369907978,93.53585373583667
3,33,0.0,0.0,90.92455844450215,140.40387708800654,60.25452259753071,62.147508699526576,114.9699648763036,43.65569280378536,84.67292646270577,145.56173664480826,70.53275502587438,75.02503640046405,157.03024388528414,83.7367929845638,64.12166776017806,125.37068693524716,86.44308208634978,116.88254531848293,121.9589862268155,1.2879497476645971,106.82962356691097,103.91477938418848,-6.019894402397066,119.1991301913376,129.1961767037308
3,34,0.0,0.0,84.82573932923503,148.29990149820858,65.17682137073731,61.40679150595413,124.57121040608249,45.377526217168366,81.41852404529901,155.43563843968064,73.22725148024355,74.60217083399647,145.9475568021125,78.73350435086563,65.42577944203812,143.33208423822143,75.94328953866726,116.16367785117424,110.021262739573,4.145355748242372,108.26652391732378,106.63769186153452,-3.835963900288704,114.28595735701947,105.12139504961453
3,35,0.0,0.0,86.31930132478351,135.80121956330697,62.118638784334124,65.91185687779216,110.62083608316432,52.69332925949271,78.83660443952304,162.35459037453919,82.37291945489832,73.10718220617194,150.93267425374847,81.72011757056863,61.5414500102386,133.36216299299105,72.48171268662084,120.49292198239202,124.25589066032482,-0.2167468382608273,110.92122601316332,104.30283482044013,-6.404132349145724,122.80022576683278,90.91981569366251
3,36,0.0,0.0,79.26014709852186,148.35284156121156,59.232398832741254,69.11150180964071,103.96383566437926,57.587929089696416,83.416723026945,153.98055973636295,66.9176276303405,69.31247576835239,153.95696033403823,81.50772994494483,60.84418813376218,135.9510854995308,79.75191773198044,116.43382873951627,119.29190144092505,5.257882417017973,100.61682608651424,109.01743005890994,-1.4112929251656632,109.48535342820861,124.80144962049354
3,37,0.0,0.0,82.3100240875407,144.164182124197,61.83940731973067,67.35832129182957,113.93542369256606,55.6615377923503,74.36104308039245,152.1465481734955,67.2583812075215,70.25085553563103,141.55800605133993,77.8827430114321,63.60110010268544,139.88293284616643,76.31706034213146,115.89479568870738,129.81915856243816,0.01305520335556376,111.48688186055351,101.82863962937458,-9.09403766289828,119.0812576332989,90.00065181532875
3,38,0.0,0.0,79.85231004598732,158.04367620952002,69.51111211400416,63.780275296517466,110.84694483815204,52.767233614563246,82.90655472659846,158.45087353314284,69.20348673314221,71.88910672205266,158.3762615410394,74.80305585134788,63.25661911172939,131.13282608450808,71.59369728244346,121.50028207165082,125.61937412098575,7.389189060518697,118.66252234156559,103.49742167678988,-2.7673860243642343,116.96589269217678,88.44143543854858
3,39,0.0,0.0,87.33671296308044,151.84279666206325,54.34054458313463,60.7678688683724,113.41175786598215,47.3274764413423,85.90421559098411,162.13349378430362,64.20544597979618,70.35548912564423,143.90529748418464,86.55407788679577,64.92755303876173,137.8591866822898,88.28466263262213,117.58655991951116,108.47314397524504,2.156198363300577,106.07299099823791,109.14455379919936,-5.329720605424143,119.25706648586142,93.4398368094541
3,40,0.0,0.0,73.8034664813572,145.29017947744597,62.870534943840894,65.47801920262783,106.00842778238666,48.25043346165709,84.67685099118833,158.10930134996815,75.03453383593641,65.2267867540762,153.16514140468513,83.73418275280557,64.99373780973312,135.86628023454574,71.9910704051436,116.2740510645818,123.92943084360604,3.8211415391588326,109.61111698300562,109.30377056752307,-9.171536551605342,123.86075754697592,96.91817122575313
3,41,0.0,0.0,79.11042553350363,146.71388434927462,69.77181788019796,66.20397694505496,117.87299799627955,52.134261936436886,85.52093774504549,148.80817119081738,77.57070351121364,66.47708331446975,140.64642014653012,76.42385762234257,62.52034668904682,155.67996478720144,81.27548765999958,104.09404126047608,116.2585996507668,6.099219857921153,112.55934769757553,104.91835037895343,-6.486756842352099,122.08042598498191,119.3759547439348
3,42,0.0,0.0,88.63330469705846,160.65282120708596,64.41457594833459,65.76644828493028,101.95759448614157,62.831741266542124,93.7536328431792,159.92387506354038,75.62371102545215,63.585447773052,157.19345617498703,85.92857810193655,71.40896198243763,161.87404694423472,73.89790774886292,120.35636647196282,119.68170958572631,3.923122661441856,99.37547231481031,98.42945663273792,-10.297145587214922,114.57578974815037,136.06660316329058
3,43,0.0,0.0,78.40192439242328,155.59420333751922,55.98738284738343,61.12864855292304,120.8377495518102,48.00415294305237,83.56602452185275,142.97657287830205,81.63726218183368,66.8055440318651,141.0447557166905,76.77905582293731,62.232779552742116,143.44501189842984,84.18534991593722,118.44173194171312,120.73864083985103,1.9113365948527834,110.1898483569334,109.47042652250089,-6.231763009165117,118.9559387399482,77.05415662215572
3,44,0.0,0.0,74.8305762372225,152.44370923312673,73.99630152726517,66.83529399969171,108.0577254513869,45.888666439890386,87.59138122040052,163.76941396612514,81.67457989368184,66.44830201868756,151.91728565798752,68.43844199830956,66.51459689426079,131.5825625414341,76.07993880945553,118.91025089593892,128.9367356857598,1.4171174993454807,107.73453227679066,109.21812617199365,-3.480027231668589,135.85974499021242,106.13243862759916
3,45,0.0,0.0,82.78932539295513,167.14212473356207,64.6507661017336,64.80881413928438,108.45084042111995,48.63319765284727,88.63377023538243,156.27653585755476,86.7563333852815,67.48392229541174,142.31532515032794,76.39619638212702,63.9208852188832,141.09996210900795,79.5763200614336,112.7730348106962,114.16709860129251,2.476299076836548,112.90969304488968,93.95851181935092,-2.913905281342582,131.96422453832673,119.40542209854546
3,46,0.0,0.0,87.75577301829811,151.61861276495722,64.73901432949366,66.61203068569807,115.61370117856876,55.10273604882979,83.07554189887728,158.2086930555819,70.50560155935612,72.8463175060281,147.55901209803312,82.5714923106249,61.71460650779045,137.41724006866468,84.84936258771121,114.63807296396986,123.02695083456963,5.276254391779897,113.96520767144557,96.35920971546723,-2.141117570509425,125.98918948635618,105.91983623553372
3,47,0.0,0.0,82.72418065398445,146.2833405808519,61.15326632282362,67.25392932501497,110.22879754697945,47.704821436704975,89.08775121336994,169.35618068600988,68.41060320068092,69.03351298580714,140.2103499597405,67.80381698773256,67.5411471009705,154.49507453359723,79.90871505069553,117.42954768170647,119.51760574370303,0.47175657517921143,105.4981703677909,102.03540907004611,-5.8924416821225245,118.93521911701946,85.35397177190956
3,48,0.0,0.0,86.2083958801874,146.67656701089834,70.5005697923969,64.60089159369284,118.91255364789812,51.15490634515038,82.35413912210477,143.61125351383788,71.76211151030236,65.59189363699475,141.4265182865687,75.85455365058215,65.00822482784857,142.98018769985725,77.64460619923163,118.5421954941803,112.5173935270497,-0.8733474559987746,120.96517239963791,104.49981795907243,-10.929524587197076,110.53426930723184,65.1512557905202
3,49,0.0,0.0,78.3227271840034,156.18734236156172,66.00440267114983,62.62538047427407,107.0663691588637,51.30238969346321,85.46638345630744,160.94076217547163,89.57493471124947,73.46240578867041,156.7354073667864,69.80777062627907,63.313712570431406,149.26777068985496,68.74955485682717,110.81491328761852,115.41189320788453,2.5678691985645443,113.40647130271336,110.77972341351966,-4.979000992644037,120.84842837065202,114.21187906583846
3,50,0.0,0.0,85.77446270770784,149.21769424933774,62.926420869934404,68.56975994643913,119.00646888997652,53.75274314678414,82.09068357193992,158.64688867312907,69.08800820603075,67.06698476551486,145.24425604789448,76.99488551945807,68.73465010237005,134.19025040262994,68.10918320189393,114.94014319589674,116.64041496103799,3.731568000709397,114.50257760603446,103.77858919717895,-6.633851267366863,118.72473756281438,87.86816811232026
3,51,0.0,0.0,78.06346642257347,148.80589680256594,65.91601828432213,66.90127133744122,114.70813617882482,51.602219853224106,81.44501266897645,154.8194722096844,69.68853432316229,67.33031122639053,145.09879831553306,73.91669202604206,66.06154930047417,137.54885215637458,78.94174662155636,114.88740939363704,126.25287878455731,7.117172510598999,101.83604675225449,99.83343855968376,-1.428217064056228,116.99950747541864,103.41324734299184
3,52,0.0,0.0,81.07616253135421,153.85704696936503,77.72387896784801,66.59897295431237,111.88725703272044,52.163680484580226,83.38376636918284,160.0878453489196,57.93524925819942,65.82907367731627,144.71793759742903,80.61468290694039,67.2920749603808,150.46133774438732,60.95365759316411,121.49134497170424,120.83444002985223,-1.2137823616407766,107.70120594630046,110.59470041906583,-2.3966481839815854,117.69258136139787,95.42287457533081
3,53,0.0,0.0,86.03472602081857,148.73971431115046,59.42086828375442,69.76468674626041,119.08108856689829,49.74638387630202,90.067070801907,165.53356141663798,70.78810993576366,66.65297033346067,151.0322861353488,86.58676377418334,65.01183794619409,148.4353957953541,74.98058604496701,112.39188808690756,126.27790260342603,3.4061876167475695,109.36656273813526,110.53060654292838,-4.293412069140486,125.35822763472963,101.50672289567534
3,54,0.0,0.0,87.95270975403935,143.85329057205274,71.12322408363289,64.58001656186774,114.91920014294939,46.334076982128614,84.96084471746487,170.280838369703,82.06345791482082,75.9583625026363,154.8793635176342,70.5097404633029,63.89711319168193,142.64845084488877,78.21227824343416,113.84195772767313,120.85520719906592,-0.25669700258029016,111.73805889334709,107.24682915576827,-6.585095588629578,126.93452312169865,110.42540381134354
3,55,0.0,0.0,79.13407507459368,150.43871699489415,64.60606410298357,59.63427964294112,100.78155957826274,53.81646539919824,76.24707385755706,159.75887249972703,72.00428537514605,72.47047363972483,147.19519081338387,81.61479461328771,70.24467511389041,138.65216361940946,73.73966323551629,112.21360572285269,116.10545537073128,-1.941708283047646,112.23893438151669,103.31434291712668,-5.131615703770572,124.80392130971276,147.09557283015135
3,56,0.0,0.0,80.67814623126611,140.78312146917443,72.55207957885642,62.176897308610044,114.32964382908214,50.203676802544614,77.77352818917188,169.48024235382633,73.295974363573,68.7050894721919,146.48203049191997,79.12482782314616,63.81803936745762,145.43849158102455,80.32560386026304,108.58690573488668,120.09865377839311,-4.485818777278345,126.85679837267965,114.0645450814212,-2.8320258912855674,122.16375249171968,90.87511197001493
3,57,0.0,0.0,82.81469809764486,156.44966756928181,69.2343656644599,62.02107060593522,114.7903043418685,47.711190879324306,79.1314469852452,159.4355208562193,67.94003140423878,66.78628191132702,132.87108756253468,75.69734256729085,62.18115225268354,142.41752323839202,79.02710349272063,121.04050799033266,117.19533771127196,6.391553787501317,104.38448915245154,104.51755282299887,-3.156466704297901,116.248326997511,106.97550755243876
3,58,0.0,0.0,83.10293091411879,157.25548632733992,73.00214023476205,71.34651184160866,114.20247784192311,45.50771539591065,82.28555238406851,165.21503686255124,67.0973417820927,64.78689077353535,142.66227198798424,81.2536967865641,68.2256021293915,141.84902231044552,86.14987901009307,112.328599294707,127.51584801773683,4.922850563640842,117.35974443850118,100.48908670624556,-5.857518408873072,129.90400028588687,119.21301960403143
3,59,0.0,0.0,86.20167237353279,140.4856114873062,71.24960698900654,66.56643167904878,109.03043775092964,47.07649039618596,78.72093802444493,169.48011863652238,69.18120024214187,67.37137287627306,155.0234950138101,85.52764951217989,66.28436055677894,137.68162332343675,73.04732003071626,117.46287923346317,118.18440215768993,0.6840836259644969,103.00741897178794,100.3132932289477,-4.242485371885238,123.06238495242941,88.20211454049982
3,60,0.0,0.0,95.66440593237668,140.73119589353004,74.38203322117131,61.99797232918828,113.98241428436907,53.7294542590891,92.54500604306882,157.0190759437364,74.21934500291478,71.75720822479109,153.08426632889908,74.16674081565581,63.086011221514134,153.30070278764606,79.0090697367739,116.36612765209965,123.33157309015434,5.674223411682435,115.35123740031615,101.83791566550046,-4.296103889544818,127.542494025275,107.30252039276581
3,61,0.0,0.0,87.67886475940205,162.54380099500642,68.88737220782934,69.83509913614999,111.44745542301473,48.656653867581554,80.59520430269104,157.00731289074295,64.16945868057827,68.76128578399017,152.47404594258737,69.33912750569179,68.4239086465019,143.07976002168587,72.59272872673489,116.30630134944012,123.76271452697696,-2.7603857113695964,105.44128004505502,101.08076696896212,-2.1561091370696457,121.08625989975496,96.99863042052182
3,62,0.0,0.0,82.53223933913824,149.1390120725409,65.06434126728804,63.85655810595462,107.03228439462772,45.31293446936461,76.19003555927435,152.33072125789542,78.1234397380954,72.37042595667808,143.80790001082272,76.77845550567258,66.9213311967006,152.4946206265021,80.76814839985609,111.17125412571342,127.3760853555124,1.380149961081103,113.29885304681203,105.42381664209584,-5.822410256960653,124.16733065064466,97.92160756624284
3,63,0.0,0.0,88.34722806163334,156.84291257056165,66.13598933905766,62.394228022528814,120.95965258851388,53.90154025830247,86.54734901663353,154.37341262047948,79.02211698579754,72.54004220238082,154.12632778123353,81.01069937872437,59.03986579558922,150.7250131768222,70.33527548721948,120.69687101507685,118.60351689035265,0.7281901021889048,108.07875979840189,114.39194299915565,-4.1242905542165715,123.96494947498718,78.32713356595906
3,64,0.0,0.0,77.02995800792765,156.16927355729553,74.43971039660218,62.643236073138134,119.75091109844809,53.10520655317225,82.49992646539367,171.4764364223056,70.87319113948612,65.87760776610199,141.7438371203478,83.98640151535234,67.45153837573271,137.76510329676287,77.1241023982023,115.46188450738362,116.69529768183521,-0.1967223414708692,107.23081929166662,99.4958850696396,-5.331696852499415,119.98952006055013,100.14208582010708
3,65,0.0,0.0,87.49201039786364,148.20038293411793,68.18432215528591,59.820828899768735,116.82098112640702,48.15242218370081,84.97379064771965,165.98864882764738,70.67491608078338,65.37425885391279,147.1258386760543,71.95649667836535,69.5394327989461,133.55495205593127,77.47511309167619,119.08882273761861,128.76286655469886,-3.355918275909649,101.90781926528253,113.92907010665122,-12.316518112242836,112.11792781304507,141.47932116185285
3,66,0.0,0.0,85.94953956015841,150.05228126674115,68.4723686620092,74.37056132143255,111.58894583356742,51.463147398874604,73.8395058295572,153.03826883699443,74.27020467643766,66.65869786748341,113.68315383607636,69.2095276292898,69.35841699495877,143.40116023031035,71.36162433468847,113.45275738351808,119.73703288813768,1.197512740108519,106.39519245566433,110.98099375380045,3.5162995183648587,126.37447653448724,121.47958809416261
3,67,0.0,0.0,89.34243076117353,150.92942866173746,71.96631110229706,64.32751539554015,107.54511780388356,43.28938773499282,74.25517087594113,166.73840463783154,76.36217071698363,67.05448147926887,137.4825333275624,87.93984948280742,60.35038708233633,124.1304913327466,71.07524032189221,124.56168392130775,124.2940937550675,1.4768606975779766,111.9665568134122,99.90678172106338,-0.9406539920316908,113.65699424506074,109.58338087392121
3,68,0.0,0.0,75.1513634189345,154.18921322117242,59.618330668014636,70.25237218734391,115.5047955425472,44.42315580432873,85.26757787345267,157.64166845198983,75.61577892506172,73.58191834120045,134.71771115996128,81.54351911491004,72.27358178429407,145.58976793862033,67.59609889273032,128.5952272256568,117.71349481941002,7.077868096503366,106.85741108450058,100.60419327008667,-10.151109411809971,122.70492877666982,91.56963657194174
3,69,0.0,0.0,83.78309740830375,145.44679660650576,63.678262068031636,67.25503796136779,120.58058712148089,47.66448458182732,95.4807469622292,154.54812898497076,76.41439218102695,71.6867811924226,150.66498933628168,81.55052272077167,64.55265264432927,140.73809413421907,77.2807043326201,106.17376714718944,128.23332616446515,1.0984340897327138,114.4896237300101,107.31226311453075,-2.9450257311005417,117.433530499214,110.86636804692546
3,70,0.0,0.0,86.86748696455795,154.72618619310649,57.83647074723958,65.71372524275313,110.03230002082897,47.11517653827139,80.40456528503304,154.73743154333414,76.31493974673369,64.69395890160192,134.56772454307534,79.26945797430801,69.59863310512243,128.0606488382994,76.96659846772494,119.17102432337283,109.69506093709869,2.599885110281673,104.98991059344652,97.07501965838463,-7.742854770043095,125.44923778135262,113.90636394268226
3,71,0.0,0.0,78.56111523942899,157.18521951365128,58.32397951099068,63.272900064511845,124.59990938230698,42.63269834923129,84.74091172373033,155.78996768637194,77.7739922154724,67.30316811807694,153.44575606202613,75.48011686859199,64.80477863943732,147.12635434881304,72.54136073186362,119.90024175652889,126.49831234683586,-1.1932766419586476,100.31425197979267,100.95116239941211,-3.947151400993308,129.77685689882756,90.62447753913148
3,72,0.0,0.0,78.33472820877445,160.95220951145623,66.50644286611757,58.15315578827248,111.99240875467001,49.145452324934695,87.2753171756589,150.713504969182,77.07420723679809,73.90654608434578,154.4786266280352,68.08420201193672,67.86527423838511,133.04299694504286,82.44376220578752,122.68652999877406,120.69765561093145,4.329256746213757,115.02480994348997,101.42768117004539,-1.6738395152781838,124.42329530624448,111.83796849634517
3,73,0.0,0.0,79.76968874347614,147.6512668639147,73.12261473482154,63.94084033087641,117.25358448661434,48.733352625350975,86.97249114590352,152.91763155609246,74.45841813754689,69.06155752895155,137.4638054169916,76.64403086508085,59.82208626498006,133.8232933443562,79.13311239145357,117.2934147613175,122.30917087396472,1.307521057381546,112.42564429710018,88.96524231813919,-8.043431724030464,126.74563166252368,115.56127849618306
3,74,0.0,0.0,82.8345343376587,157.76513336412756,64.7614472962258,63.23267143663761,114.70118683023418,51.869474228115216,84.1078732120532,158.13218388900998,65.5128804039431,69.78103028875265,139.03324693467988,76.04839343965538,66.16406106959337,148.5693780608703,82.02010499644142,114.69751179660166,116.92095123016551,-1.8719367821701973,107.74923756158266,115.16155982736194,-3.5307788081370304,121.70004727158312,68.35103995106417
3,75,0.0,0.0,79.7951749850346,149.18447520698518,63.9848945022259,70.1721019015596,112.95580258123033,51.358999656040766,79.78664008861156,169.54900448762163,72.94109961294411,70.55020534781171,138.49130204331018,75.0705862329069,65.8067550346611,137.1790223521777,75.73601414577121,128.3327659961403,110.5841099198161,4.325900300885553,110.23387112819798,114.93264861167835,-5.855407507694114,117.62812911463607,104.84657750719897
3,76,0.0,0.0,83.90238725898861,140.13296197928176,61.78266356671408,66.20708006073319,116.43607607138023,53.809224649814766,91.311540251466,153.24052841120783,86.58426324118832,72.05420481304937,158.69338983184846,66.24890497789019,69.55036824468439,153.18713675288222,76.0283413616221,117.86641117829836,124.07801771711149,4.462648027939629,110.83320792551717,104.5534295211717,-0.9425880168137826,127.69424381587508,117.25063616330652
3,77,0.0,0.0,82.84064810106891,145.3535468383884,56.09082268050409,62.507919812533665,119.1045703358421,46.830736836547985,85.5984351267887,159.58632311480486,69.18891490021993,71.46187300942344,136.30448843645397,73.06570637305578,63.79617294903908,135.10349881249803,77.15698997357599,110.37411350380339,114.86835122424087,0.3203404234080338,103.03919237571702,106.96204272798688,-9.154980057268153,119.25103581736164,131.76481248842893
3,78,0.0,0.0,81.00292406542519,143.29621342140672,67.41031241568314,67.71903316267235,110.41971652468254,55.65943943810852,84.0277600521423,159.29558229983854,79.47465562042326,62.38556542352389,152.7664688853305,89.12042594957586,65.89371763266816,138.14342758477798,75.41012288465059,114.95047256375324,118.12198787223052,2.857223960079985,99.86122673554294,113.10706743227414,-8.335693771877787,133.0821123992673,117.99706974662871
3,79,0.0,0.0,80.37511003406657,156.40282724241382,66.41001606667793,60.16239739322321,111.5942073784087,54.14835966503102,84.61213061018007,150.2872671292603,64.4808771910297,67.01470918365878,132.8621656295399,81.10026521392906,63.53161104853237,146.12303380504304,74.34016069698653,128.29281496995435,126.86190643713816,4.898105166421046,113.33678462997749,105.83593921990811,-5.649567027050091,118.02290405795118,127.044770328917
3,80,0.0,0.0,84.51799888685456,153.79618327844736,69.50026598184897,60.25106803476879,107.55477412560762,56.66932153491518,83.25601047251635,143.27986297232798,67.33172432546195,69.8311639022835,147.6763474420019,74.6895760591846,69.52982986521505,152.65054580250643,74.97825414590366,113.1574714822143,126.25979907551087,5.902142343289944,103.50959702828418,109.404405524517,-5.7657961254152825,103.10820202094423,120.3972876971977
3,81,0.0,0.0,80.7749186521742,156.70063587528284,67.79712982073211,66.83057756570983,112.99877036176767,51.49945709264293,81.65239786276338,166.24580694059281,75.8069282076845,69.369698903953,138.27585005991222,83.68328141186622,63.57260998534007,149.56991274124007,76.1647741197802,120.17853448505623,110.04646767096294,0.7596752093555624,108.17445975642077,106.70383693127934,-8.708199094592082,121.09646427339666,103.65870987346264
3,82,0.0,0.0,88.61701958288822,149.84037209204206,71.36933802763286,64.62721558263216,113.5271113099402,48.99701342974073,84.32435576322825,155.06344063015754,85.06750664151947,69.612334228221,156.45930694689523,77.35572463829607,64.78608172411064,157.64268999184964,73.14224999951469,126.56917967131525,117.84303315948264,-0.31107560743850704,108.55726278800381,104.81250206013544,-3.2182747476732945,135.47467911893756,136.42459927756684
3,83,0.0,0.0,78.60179912693452,146.8394615027164,61.47450981876054,66.08448386380908,113.22966627514022,47.50815083038745,84.52637875919517,157.21716179866334,82.01087938503416,74.12607251090968,153.97076844006747,77.12139439237151,63.98369138038856,125.41263716657498,72.85938586035424,120.63811198590996,110.74372663604906,-3.090593030907373,96.3609097083169,109.06624860805755,-6.845630153370711,131.64015747017027,97.97041006540107
3,84,0.0,0.0,88.78048937938338,149.79781792740692,65.69291732353155,65.66659077793062,110.03599978243504,50.53684117702957,86.02076652782316,150.99342063541852,68.61223407106397,68.96069914925857,141.9034029027224,77.19448408327015,68.76189475611584,145.3647331357415,74.73612235429226,110.96435315092634,120.58596395894324,3.6518852996999165,119.97372528212514,108.0048606040385,-2.3007362202566974,120.00779413811676,71.31028615980236
3,85,0.0,0.0,79.56530408059109,156.4357090901203,73.14947970578295,67.21989288815077,118.77352316137686,54.017129146304896,76.73950386913201,167.71316068906256,73.88350265514624,67.76252946481068,157.4396223472183,73.14857530320738,63.025729651258274,144.72801545646135,86.15704294191528,111.86499676594337,114.69348710660215,-4.0198576128039605,115.31719384667083,110.81142092900154,-3.225264769378607,121.67140519742141,73.73197363826641
3,86,0.0,0.0,86.26014474290075,146.43647403694666,69.94701722960794,65.2964096310702,108.76609603109192,49.63829060876724,85.78136174056601,148.16229747881445,72.4698139148497,77.27950533079986,138.65731589282007,77.57347365608372,64.09430587794306,136.5741125347568,77.6332094898453,119.76877141179246,120.85941137514706,4.078198518686566,108.06029547351771,112.4759957149651,0.08048088037186218,120.55719804145284,89.08423269499616
3,87,0.0,0.0,88.14432225964258,158.0014989529016,73.76894816031526,72.53888601658926,113.6544792440095,56.43887996275368,82.20640457005265,157.48858667512422,81.44732478632226,68.61899573436999,155.19420874687012,75.10606379229627,63.416947762559474,144.13377720632053,83.71880640103477,119.02038400116854,109.84445501583271,1.919126414521687,111.56643981279225,102.11866758121162,-1.0109375053453098,124.53119572542464,123.32796297640138
3,88,0.0,0.0,83.41944122957885,144.22312955084615,63.43817203688222,72.06100443726655,122.63725621435042,52.96612324371455,91.67010972451851,164.4203769496567,74.2105792895236,61.372678926333215,144.9653637459589,72.07594702257374,59.95326548189417,153.37657658386385,65.86443587244592,107.85664545861697,128.7172052772707,4.902043624573039,110.28328224467664,110.53776746766032,-5.988328423975655,113.33483968830038,92.63835382061667
3,89,0.0,0.0,87.06057983024928,149.7274320599064,67.63150113242746,61.74247538680318,114.21790417880997,48.73498481609889,75.77167063852407,156.804281839301,74.69126742505199,66.70155003208785,145.80387220932295,92.56043528633532,63.0157503184545,146.54205770044734,78.75012097480291,127.85810562840571,116.81960586259223,1.5335701455808086,105.73711232254307,106.07793349514621,-0.04401212897878892,125.86867574303011,101.2408304321002
3,90,0.0,0.0,89.45071811343647,149.6399819431077,64.05193394940777,63.66018025143382,105.25525268007233,50.0796990465377,87.5062629626389,159.51872315981433,68.66042613562905,71.81091453443453,154.48876251520892,80.88488313245493,65.25078753926634,135.98410483975795,77.04587443872963,106.04513017238136,122.04914649475823,2.443907180664751,106.55986064686203,106.13878619006915,-0.024594092492604247,130.2862542069171,69.69010753527678
3,91,0.0,0.0,80.72458514555787,139.67349639284484,67.59696119791812,68.51079692555061,114.24492214911017,56.160000998738475,88.01847966152621,162.69989312521022,64.80227663805064,71.81502287473423,149.3109756244062,83.59556097211654,62.863981580224994,150.3001414490178,73.17148540806146,111.59925096690655,125.11778789986363,6.9107982295554855,109.43881181592587,103.13578052942312,-4.629595231634675,128.18814796542048,93.31985899348388
3,92,0.0,0.0,88.04450716361033,152.35168873280915,61.785036010442425,65.00329490856431,112.4314922381739,52.31430590539024,90.36025649900377,172.63519736174317,73.20968990060436,75.27803420502839,155.11102990607233,62.60006900374763,64.32375257437008,141.98146242615243,66.28244509551433,114.5077137745855,123.53563649990775,0.15390471094320635,98.15424182323335,108.53197289678266,-2.4196891439369406,116.09905109649607,99.52766989524768
3,93,0.0,0.0,81.16893643574575,151.78895723969433,64.22890050763992,66.48707712750054,116.18570561578322,53.46880323556367,71.04502997919046,165.80539084625977,60.211063957708554,67.66608892575702,146.60265333607686,74.19996539303483,69.16244510961802,153.31081304472974,80.50163717498562,118.99762297180378,118.89960664394403,-0.3154974497493961,113.24327150609281,106.29198315198,2.038027859202792,128.908818157535,96.91803168488613
3,94,0.0,0.0,88.85720099150565,158.33602841551397,69.67862853589973,61.85830979540036,121.82480255986701,50.91766037718877,80.80319729251879,158.96646242579695,80.1536835287494,72.68926503623551,154.24975138790847,67.16041001267456,69.85481326594521,139.67716841966273,73.62075257199749,111.96383655943075,120.45020782921894,1.3137400786239504,109.5848034862177,111.26276196860931,-9.2659680073882,126.2007130499194,104.2153082720028
3,95,0.0,0.0,88.46917438622428,160.74981746400002,66.22681153878561,62.932854899843704,123.28278371288036,49.373533190181035,82.06291225925918,171.7954390806205,72.99897714264982,75.30268187444783,156.52671527667403,79.7824440468229,65.10612022643373,152.94956463791806,78.74455403553272,105.05608740458472,133.4075285514623,-1.5518451224083933,108.41986907418612,107.77592092131562,-7.1117777234176565,120.84778091057994,122.3415168900398
3,96,0.0,0.0,79.46517023989377,156.428538346021,67.84084647472248,63.74769740649923,115.32975869232399,45.48050461071607,80.54707564774384,165.9241273395802,73.32190591692384,67.31507989823145,158.50840746860453,78.92297703985192,67.24572445571879,140.20541116849984,72.17449635287225,116.63288103979548,129.66314131156906,4.340893542875965,108.47213136188805,112.85249497481932,-5.898499218182499,123.14251584750522,107.58052941627568
3,97,0.0,0.0,84.09858305263928,155.79891600992192,65.84887322433549,68.74530986341469,127.50841850631483,48.7672877332399,82.65055472201158,164.6000445794968,79.92256587438195,69.73964729453334,143.19707771740298,66.71522921534518,60.34367503224201,137.49544220652083,84.0003846738769,117.79822350804689,116.61128984441734,-2.095230707363521,107.42108955468485,102.27059218888941,-6.249681113954081,126.75985257140373,116.93940007555976
3,98,0.0,0.0,79.9714030878568,150.85755201854107,69.21809754781472,62.29911801790271,114.04710741991146,48.22377476140726,83.31051600766573,164.94907711635486,72.17385635932597,63.748762139378776,153.1717659715946,76.10540054720775,67.11859513560456,128.74887107742944,78.77707134353382,114.1922567573311,117.13473476227627,6.72701451260335,105.48545663298337,106.57720819096343,-8.246278478705072,111.09650382139232,82.45194025072132
3,99,0.0,0.0,88.46352637123468,159.15208350437297,79.19352273222339,70.04787238310016,113.43203418308873,50.51803679901952,85.8141143865259,152.61591970626986,67.64117542700465,65.9416683597832,148.13130338056763,75.00561369639138,64.51540680614085,144.66725992535623,72.76541797242642,127.5694444479792,122.46685042631552,-0.3887244234112466,116.33822694130347,109.44607852449995,-7.9274683158035675,130.74694679881196,84.8353277080418
3,100,0.0,0.0,74.65410746449783,158.41428464937906,61.99982553956979,65.62789639609854,118.65624216291764,52.402445890083804,81.0600921710788,151.61474704449313,73.93565107077562,68.9996741599489,156.9743547312855,78.27532261150762,66.16151619998082,145.78438007168077,78.46137938846182,112.30467974869323,123.23726181872884,-2.533950702124921,104.57897960050747,102.90545851669069,-2.7497430461712193,118.31886116234524,78.27540418392364
3,101,0.0,0.0,86.96816472736452,170.9290995803206,67.36675277444003,67.28765034060693,116.93868346715936,44.06807045880363,85.60947645780367,156.90398979438103,82.9880027424307,64.9975410784779,142.07467390407496,82.89853740097828,67.91138482195795,144.8138901753924,77.90801672017801,106.48838874742242,112.32238987491299,0.9866364967199607,100.95034586968728,100.75921435177625,-2.9567010390297006,122.31800877734057,102.33179098590442
3,102,0.0,0.0,85.14245617970684,155.79167222535432,70.9022506051758,69.76846610570938,120.88464990280058,55.03285297867495,83.86018790864946,169.17836101277797,79.66865386557001,69.50249923682803,146.58549767635725,77.35261555740702,69.31910615300743,146.4779478744275,72.8138084382615,106.26717135138519,119.92749657761492,-0.7249049663744942,115.62560492379859,109.56707120693268,-5.141851936856506,129.5026165610235,105.75952647350029
3,103,0.0,0.0,87.8945648504741,145.92988174726017,75.9807413028386,61.81848816613575,107.32777916785301,39.368483693645715,80.89631934592984,144.33916728348717,69.47327614062557,71.39514406744908,153.90500762817754,79.90195744610541,63.704627493954106,139.4385071597039,79.77830489239928,107.42838134136618,119.91380222896994,3.7702520403771103,104.35455463537659,114.84568972435098,-8.157249621149045,123.02737112499436,121.45238651511434
3,104,0.0,0.0,77.3993336030842,147.8222276124225,65.7049451525102,65.36856080341354,113.25046684913968,48.410700143920515,84.29822245528781,169.80178445172209,74.2622247330193,67.66669507594987,151.3436922145696,67.00166767795429,67.34191227249931,143.50060159940892,72.4729674172489,118.62391922869466,119.01632612489544,-1.635830125479485,115.97113661691805,101.25627504975733,-4.611487952212663,115.20457667932197,83.49215988076075
3,105,0.0,0.0,83.47950489885093,156.67521165324843,71.65791634926204,73.63506746938721,118.84912925946014,50.58450489354393,77.26786339558792,151.21445900616925,71.00718159584827,68.94675302278073,142.96057863296588,72.55010476101967,57.22531725811557,143.63887950279332,77.07827804748354,104.12295779223602,120.72334721715505,-0.00871001629810575,116.81996061617122,111.12007641228897,-3.1234576011036923,124.31421548106951,128.32560472899314
3,106,0.0,0.0,85.3793569242896,163.37250201130576,60.0877773637389,64.25504638867926,111.3516885903589,51.75578235766766,83.70625287935997,159.51444205550067,71.25200190637828,73.33987440113377,147.31230848340454,66.57482296848704,59.57609055246654,137.16262026268222,72.58742641746652,129.81168877886896,109.32720949657487,-3.2133098017603476,118.70128321299501,104.70175400592338,-2.9328079810849514,123.40649134759023,87.16332447397318
3,107,0.0,0.0,79.69468846600222,144.3100329434776,75.47220391522914,67.6333421085232,112.12462281988962,51.54438922485587,81.9895798771032,171.77360653454366,65.16742993173378,72.96900805857473,152.38216752885378,81.0009550446765,68.55937296634909,145.46742596002113,76.6923113657119,109.37377793074256,129.23998610658327,2.1231304870985257,108.22752531328273,108.06131301458497,-6.874934362240417,115.86737012703091,116.30546414183968
3,108,0.0,0.0,91.70182107221282,148.24219798657185,62.24129477994838,70.27316790978594,113.83776901497706,41.54844999826267,86.52538743885378,148.0063631792527,73.22299814652516,69.45130170201796,143.510635620849,69.90140633987343,67.11932110612045,152.25939863841288,77.28173828800277,114.01703792341603,115.85986210762046,6.854393224623109,112.13325212778275,100.08104869024243,-1.2977018254136077,114.3451488734318,135.31037366435606
3,109,0.0,0.0,80.78019045126284,159.79339289309883,64.00924452337122,65.47197458065205,108.78614404250575,47.50301397588945,83.30350909157907,151.14769293919935,77.486603831375,62.23534558636368,144.63913803176183,70.32421595222485,67.64237277342528,147.84577268539456,76.57540657298524,124.49751099400682,122.45581358425649,5.971065809037101,105.18209442028223,99.24869971570939,-4.274415922855821,119.7015465072169,95.6834368776381
3,110,0.0,0.0,89.52365268307676,162.87626753144582,65.01621736224466,66.1173550883805,110.94729581714688,40.68726446718695,84.205289697314,157.19180306231283,54.980835664060734,70.04910620827462,147.5111680650706,76.57953293228796,67.73039928972986,138.74356463585048,79.47174410211466,120.9756082081629,115.12931097811521,2.0302179285677315,99.86158716820916,101.97303038875762,-4.430035193342685,115.0836298165151,86.51162787172687
3,111,0.0,0.0,85.68135856907936,140.16902966257663,69.07714199107465,58.59556820472508,116.74128532789663,53.87216240663373,75.58806010388336,154.9156817600691,68.78891983022146,74.83740391815242,148.4305301219564,95.61090738950844,66.19638422998612,138.96280561251012,70.46657729237248,112.63392524795337,131.6151604620415,0.3291138717797528,111.97000017724397,107.00521048621326,-4.080126856561806,122.7983106108082,61.070957201328774
3,112,0.0,0.0,86.98586005350595,154.2475329283819,72.2745846934027,71.81285671923837,118.77282004838376,52.666218097136365,89.17256639782515,145.71277974738618,74.07384360344332,67.99474038542785,148.265426443533,74.6827944988719,66.98629396079289,135.49379431179605,63.56237409731609,110.42990122862417,117.28956660244164,1.2059808358288118,104.2338304971033,103.65807450745538,-7.946252295377046,133.21623719628394,98.98498447835543
3,113,0.0,0.0,87.46917724462453,152.41813758553957,65.94969811084398,63.53398745180879,110.55876045900233,50.07601225425309,93.18316698850201,148.3938630814729,77.87610733202786,73.93455344095206,138.05708144230857,72.8186566491252,64.94175005011671,149.0714004550046,72.99064714445676,106.1920400293743,121.3491908756036,1.8977142515770602,105.1743069786916,111.2737692237496,-5.0946407581325674,124.68845437799857,99.9223219577591
3,114,0.0,0.0,78.20001772133232,148.28681107586115,69.49667083031022,63.99527840861692,115.54107174051109,56.14064540007592,84.27428397242598,161.87567080290353,72.51592134390211,71.1030298667871,153.61712673571617,70.23026897658178,62.30786090159931,134.0325752351982,78.58625817873656,114.01940053166035,125.74051533936827,-0.34268610102291297,103.36749626079846,100.80818897496626,-1.1411995946980107,120.51994133271968,106.12726086637757
3,115,0.0,0.0,82.46483545119372,142.59305379228246,67.84788211459744,66.18187551353215,112.62801235625581,48.62046357189428,81.55874261574728,170.34713099073463,76.09756657160293,71.0513799218725,144.02170950444696,85.08930289356121,65.63229488988058,132.73324386670194,76.2627489687701,118.34110185686033,118.1516570080965,-2.6877429590252806,108.26205142667925,104.36947365904697,-6.98016527874205,129.44819292104506,128.53894925781626
3,116,0.0,0.0,92.33240073910106,152.57227247571177,58.85676785131592,63.79276848162497,120.74270803201124,47.14094144214649,81.53948484556943,150.82653588472945,77.28483478533961,73.47648533350774,153.60982470862993,75.52576925253038,68.89878462747306,148.96791297143514,74.42050110548766,108.96990073308693,116.49939695716192,5.199624840808528,105.20856794340219,112.42770104750242,-3.7185570371475767,134.76657169845632,103.84791805304025
3,117,0.0,0.0,89.1134360842499,155.08204851464117,68.01932068554322,68.57880340074547,111.77172009692917,56.175813953246866,83.24641178931016,153.92451878585783,74.15652455509408,67.73204522204387,145.99115083699598,81.74631401401689,65.23426411046152,157.53247831976222,77.16766290868719,105.04767490117337,113.29533772244143,-2.272160080596585,110.43234986250995,110.903512536098,-4.670177498205746,124.75301095308876,129.95293104024412
3,118,0.0,0.0,82.815599320415,153.7623458444411,70.5067238097758,65.1263328768604,113.3130048753694,44.98998992614558,80.49876191893328,167.01581655304477,64.65891632163934,60.115966337970214,139.51258641554531,67.498276135357,68.44040171323708,139.40446116546357,66.75614518920425,117.89820564354304,119.11862612530815,-1.2723798190937425,99.97470084786734,110.68906457512117,-9.626030573031919,114.8643840379519,73.41338099305284
3,119,0.0,0.0,81.04611946704387,138.7456363115375,66.49450734908164,66.8306793153866,108.76256175745755,45.259343178192104,84.4565200958329,165.88827170326348,77.82315014060602,72.28877282234562,137.5358021590916,81.12037240097546,66.10128969773642,141.53839387416394,76.30315594268451,111.1016523757644,120.70938908076074,-0.4500766986793707,111.40984924956275,106.04000861393519,-7.500564006530048,128.6504753274352,102.80254312583556
3,120,0.0,0.0,89.6182543348825,149.61475257980203,74.2086239997455,66.39310732560597,119.7506123397099,49.75955793031282,84.57060633021958,151.10764455884356,73.49541864187243,74.2606720958192,151.2396497174881,75.73790654785168,67.0493405552099,145.61155090180725,82.02280668880596,113.80612334536605,127.39463318039236,-2.78378561197352,114.48106497483003,109.17725821361232,-8.69403695549273,123.81729168252029,103.58961454801728
3,121,0.0,0.0,89.28542833871194,148.5742120540437,63.831153851543775,69.62556211835732,115.01567559043042,51.488462611541664,83.50338630897217,154.46145305409087,69.93792498956721,70.05415675816022,137.76675060877062,78.99881513369648,64.18567911811104,148.79173605661106,72.77258306696199,118.32910322898667,110.64405201467024,-5.7975471627669215,104.42000518103828,106.82915771603409,-2.123458370707525,128.6639181455184,127.17107780704278
3,122,0.0,0.0,86.26013564939672,154.62957860507726,70.30356317044055,64.45247967537118,99.6328805803803,47.85418072482048,80.73110973072747,154.1791726547435,67.11760202093808,73.2373268051821,151.794452581143,76.64850097356582,71.32975265361164,137.8146741336345,74.73143389610124,118.8477260924998,110.51403585604943,-2.4006891923441236,108.42211042573926,104.78614737552998,-3.416080821343444,118.02419739664256,99.6789260642838
3,123,0.0,0.0,75.85629805944947,145.10808205938324,69.57739758832818,69.8920417307392,113.02066789926026,47.97695602457444,86.02984743171872,159.2642057583841,80.53104145085481,70.81067271105819,155.625157309478,77.37721249660517,74.26981407497453,145.4739564498797,77.1473462637132,117.07887870001805,115.94378740530628,1.324473192726928,118.29279844313201,98.96937129463284,-7.271875348671929,117.23867608673406,140.72641120703338
3,124,0.0,0.0,71.17377315217628,150.42595161350374,55.870246301044745,57.27572351779707,110.483556868145,50.382937682158946,85.7594225355548,157.28484359169013,70.96661146547657,70.34080884244689,149.52952508272796,75.22977144807895,65.8302146402273,142.96097914007908,76.50822286333359,108.57544095682434,113.47677987316256,3.543179509992541,109.07909749393136,105.75602099304555,-2.3308551480967017,110.79017626138092,126.80691322339918
3,125,0.0,0.0,81.6493196566375,146.07696271475635,74.41030546043481,63.69285881525684,118.95690602930888,48.80753178544632,86.79023204814563,170.27928500048856,76.68482851940526,65.82127834869144,147.20027846352914,87.25241806048362,69.8189151441866,135.65650871464484,74.99273890287526,126.96625178992204,116.56248216706197,2.970489582770555,115.1524870855818,110.48145108053778,-3.5230728130149744,121.52982134467446,102.95332954690781
3,126,0.0,0.0,81.95512220425584,156.70661875778086,62.8821449594707,67.93897127334397,116.33317389073537,44.19792430628728,77.58384184008115,153.3581569245562,79.03080438010585,77.87646241387273,160.03467027667662,84.39876243042775,63.814108073332974,146.16132687814195,76.64942030831968,111.78370369616586,125.82750685110753,2.0446456050779784,117.47838235079183,106.41265679858714,-3.6228482328509464,117.78534650356197,71.74329278179306
3,127,0.0,0.0,82.74574817594751,147.45132745264337,63.09202736743444,67.79827037846681,113.30827419849238,38.48901164303522,87.5890151372079,150.43664006897163,72.8181380468724,69.18411689486467,155.1485833977029,70.27850100094331,61.37661445726978,149.65601755005036,74.69841867133538,113.72669709234047,108.95201752828989,-0.32308947894346773,107.64169134278598,93.93876152023384,-1.8145545328673842,125.6613049865119,101.38695026397187
3,128,0.0,0.0,81.02902614867371,138.31772098207517,66.1219718340543,65.16950066308058,109.63571706651064,55.51446806175622,85.47506751653908,165.59810661276873,80.2918658571354,77.74778743712321,154.04268842389703,82.03215315654715,61.93176904496557,136.74860565997852,83.36001560493493,109.08050310083355,121.77837098373537,5.249413592828618,106.15780681562714,101.39300425199066,-5.2191454637651145,117.92567740508659,85.12439646383027
3,129,0.0,0.0,90.2393814301766,130.60229012625135,59.56447546273283,63.89429284862424,112.30486652961237,43.29512644397331,86.98061677638395,156.33739871643286,76.24579175022448,69.62710992907397,144.0039921163641,84.88773676977425,66.89961800141295,148.6272315679526,77.17144094710109,118.79338293372295,117.15955307961849,4.603089610348295,108.23313800132615,104.49842684766742,-8.5237926583867,119.82368069540831,100.546021703066
3,130,0.0,0.0,86.47899407133065,146.14299149938034,71.92938438122663,60.92958264572154,111.26182302223981,47.61056767139297,79.72384418478323,150.92095784469188,78.74588147506961,69.4836187680816,146.67113444923038,73.07972459972072,69.11286331931551,135.3611521879116,77.45960522563597,112.56395857263564,112.71560025823118,0.17272968803369104,97.20357376112145,105.41652952436574,-0.6696609883119793,111.10878396671748,89.69233772236635
3,131,0.0,0.0,87.66998377810799,145.85720737505756,61.359968881824706,62.045164246382875,112.35850167718688,53.96018482585609,85.41007886904988,160.7505773127448,73.49111661627701,62.5028763713926,157.40695482713747,77.08737133130259,69.02239794685896,155.4163705860047,80.26888524347356,119.87349466048407,132.4588070291279,1.2386280614363738,115.13565828322677,96.2571541835348,-7.534794997263898,133.61306684452205,69.13278298850503
3,132,0.0,0.0,85.39305916705956,153.90753907318089,62.897292429844676,68.01074502276869,114.5181999808759,53.08525654837135,77.76787138006743,165.50542987513467,80.01534398402707,71.47169648514122,152.0331950086404,78.41703409175706,70.91665776134414,125.43246180421362,71.52884412446873,130.9366455349229,126.75993364917503,-2.4966565273430783,105.96698502862414,88.2441759125723,-7.169039341544922,125.21447220901938,115.5588219936646
3,133,0.0,0.0,85.73505480113356,140.3399215850548,66.80130309239998,62.17480877918789,121.6543611868357,52.71094056310768,81.4960733424517,149.1846039991731,80.78602769121709,69.49023430718053,138.40278112298694,76.79209094964008,65.75635288507884,135.7856903190422,89.82429460365888,122.40826313498567,126.63896134986918,5.59502350284853,106.11550308867271,108.11567662953104,-3.048911539366813,134.85213053775308,121.27987597038637
3,134,0.0,0.0,84.5041840876304,157.8132241655258,73.39713262765122,67.11409963699529,110.64536508680811,53.524120023528944,91.01327581567256,159.11983608901696,71.47025053778718,72.4999645691617,150.03883144608054,76.34699711448589,66.14805975601418,135.0747641032994,71.36898812883162,117.99654252899636,129.89807944549227,1.4112086695198252,109.63163822933166,109.11781470125827,-5.725734950085535,123.93880709510923,106.74256002230334
3,135,0.0,0.0,84.12398008458071,148.34441591498742,67.05883190481188,67.89990324928932,113.62487175784779,48.3869100362641,79.19456846598136,165.89109744686914,82.25723171887668,68.43765172262296,138.82872215825955,84.10053800446364,58.787714656712694,139.89722376502436,72.77286989211045,114.68593153991986,117.93937053042417,-1.2173798534577536,107.43917914327568,107.15734388466844,-0.6171679784209587,114.71943097291133,116.04812006979314
3,136,0.0,0.0,79.64253462437313,157.6713685321798,74.29242995151183,64.50771928683913,112.38976516842084,55.68544734090875,83.51473484119744,152.47079861986566,74.58790187377468,73.74533944236957,142.42335359786242,71.049224046668,68.51881344366444,132.72999189047863,84.99774429952748,114.2779665209253,126.55857341039963,3.287426705216018,112.61360751984176,104.1643469973367,-3.292692315365952,123.49293342659372,82.63272726840523
3,137,0.0,0.0,78.61560765799548,152.50048350335373,62.3420330381409,65.88233679810878,115.20685020892658,47.72487978478076,83.12390804568777,165.03238732663078,71.6704060772727,77.45841075574234,147.47549848087027,87.92151932119911,65.78899131526433,139.18782581492286,73.9406475572635,116.24098961205861,125.27290134626595,0.7570200988230569,112.47822046842896,100.72175634840482,-4.850981099662839,114.53716173359291,100.7703523919741
3,138,0.0,0.0,83.07968875315075,147.23574647687974,59.9682097475169,63.36967766135954,110.0221509282389,48.1383411558151,82.39525948045508,153.81807115204154,70.06667286979881,72.50792878525141,157.80600096688212,77.36330905478334,64.91709726262899,149.4499869178716,72.63972866660627,117.018132269461,124.25226241608557,3.8954798991941813,107.15727398369656,110.890977523003,-4.630966737587214,118.48272313480773,110.96141470360241
3,139,0.0,0.0,85.15316646233563,155.9822171600891,63.45616247774693,64.1964057925938,116.53617334411702,52.49577502647424,70.80458678456927,157.16957419413063,66.06805925725644,66.24585723055657,140.89694472068612,72.83110965735595,62.71428942798313,133.60169176224863,87.88525139727354,121.10665009719082,113.97928962217202,1.718493020081894,113.93947659088455,108.12942342581113,-6.661156396843248,130.76828675081785,91.67839232120788
3,140,0.0,0.0,80.04905289167026,157.9353635516061,63.61291429151094,63.36117129796999,111.79855952544996,45.04902850660873,85.69021907505243,158.39770157368338,76.52574922851102,67.97906288154154,147.8150978568921,79.95514166402984,65.65008661443933,144.07484332803674,65.95847201066694,115.88334199022242,114.99158721467158,7.247976487933225,119.19191028772137,106.74070341857815,-4.157141700364054,124.61372338420658,77.6601751765733
3,141,0.0,0.0,85.2537718326475,152.3279595908887,65.84452783445417,66.89067027555822,115.70933564082037,51.61180121715132,84.9553953520493,141.95275260407726,78.13917301713965,72.97105147993614,142.94893245963712,74.5725790967356,61.59894280224514,153.7980054888312,78.48424730109826,134.46646079475263,118.18120861250684,-1.263964313844371,116.68463876334205,113.08569649881676,-6.387093174458985,123.5855271120988,73.56024757520814
3,142,0.0,0.0,78.19725148272035,151.02582984122287,67.97670280285128,62.08101615511734,119.09480609173787,53.66873395984649,86.22065701109211,167.92691547318685,75.55051274276761,66.93028278812199,147.99953718097632,70.94913352741348,66.54035724250808,148.0235410711303,69.22228104486601,115.26636791291905,122.20035555330007,1.39952483083326,104.26632681290678,112.92919208206072,-8.642103941656268,125.79923986033997,153.35263484344514
3,143,0.0,0.0,79.69492097847706,133.30522967705718,69.29724301759522,68.38711489521687,112.16762167737554,51.43235130425724,84.31906975856677,149.47358345698646,70.12317667610442,62.20952305314421,151.00012472556412,77.00316309961285,71.59283292672093,138.41949051669724,79.99616524121691,121.13850174529537,108.57191345930738,-1.325441715148517,106.40693473225164,107.41074108919244,-5.6534793726400006,124.99838990549141,130.79724006982184
3,144,0.0,0.0,84.54987665275586,163.29515913359015,61.44269290855967,57.85547818254473,115.29710685413397,41.68738714162001,87.7508175552103,152.75108219027751,70.7594120272664,64.87294168296029,155.07324557304906,81.03717871536031,61.46682426955478,122.9208911832302,75.99065708224349,114.14608283766823,122.57908198960514,4.569987474383748,115.1664229337375,112.38921388577448,-1.6690997975083177,124.58713572041074,110.28627339649788
3,145,0.0,0.0,82.68346637405733,141.64151624365877,62.53079103171008,70.14155723323027,112.03823600501242,51.40003575831234,83.90952741902663,164.95796924636693,76.14880124882863,70.89868281718219,145.13176765009158,78.1282193288536,69.81718762252504,147.376347258711,79.08728859383108,114.56378773618849,117.73128723627582,-0.07988872550654058,109.5450361373244,97.96643772322324,-6.072640238472494,135.48152596134528,88.4448196334352
3,146,0.0,0.0,86.1051009086283,156.51345979118474,59.09652829403386,69.3242407962366,113.70225262202868,55.44187954692989,87.51965214977375,141.85256953951642,70.58691380462021,74.38144303144529,133.3005986583998,84.19392517883337,69.27786464901295,148.1770123068802,72.58880403019063,120.55275304214429,121.69244860039886,3.999342875094119,111.01339865682795,106.1647658702338,0.15736561248776404,122.89382484375292,128.79790316179032
3,147,0.0,0.0,81.74249958810243,140.29435715482427,69.34744202643394,63.678210750022394,111.68304685348375,53.81700439883636,77.45224566626217,147.6017028586223,82.394282579932,74.95332991762523,153.65001647675876,73.49519088498374,66.66359268867473,141.8577315629239,68.88665944579284,118.83616083112507,125.43590223756179,-1.4844941825157818,101.82426268734136,109.60270368528835,-3.8752696293764286,123.90853836647908,113.83652315558643
3,148,0.0,0.0,81.16300835253263,145.76839251769283,75.6689588502883,58.12273095313097,120.10989206453198,47.723923949345895,77.93549627441466,157.941673089518,67.75949327560666,71.65004665042132,153.42558498814287,80.76349429673186,64.66475504565125,148.4362809988978,74.73123652648616,127.20091632424737,124.47295115888124,-1.248445106607627,108.97126315753202,110.540663432586,-10.245520901394533,122.43782780372374,93.64648209966158
3,149,0.0,0.0,83.77167482130595,159.0282560935824,71.4746355074502,68.8151545826015,136.23544124346307,50.79372919057741,78.11506517401006,162.1323173911004,75.18007915053278,77.79495699325247,135.9077571687053,80.30986407275711,58.50740932059699,145.00814273201672,81.83035063528699,113.31808443598482,121.45578370815973,1.2623740345313472,112.54069135431271,104.36190374890192,-3.0294673055680255,133.40347261462014,93.58818766479617
3,150,0.0,0.0,80.33391034597638,152.39891006367031,67.09956103059153,64.11900830227724,115.37068459704048,49.51215824849611,90.20705593808273,167.1056371488717,61.38581036635881,69.82133514116056,151.00850296525817,79.55992895661048,72.1426688362132,144.55383508599073,82.68077523760329,123.291547667664,124.09034017318852,2.3366047299745336,107.5178478659971,101.05551085347749,-0.904000739667536,124.58837117938215,98.93656707390139
3,151,0.0,0.0,86.89808344065028,159.47112319748365,65.2278188147979,58.810835379601826,115.34994815806992,45.64480722262323,68.20465406743676,150.99982847022287,85.5568288765787,69.31378792396005,156.61312930969237,70.36500565232244,65.65148220586279,148.049512627895,70.03025969841337,113.80131687755892,114.70141575044053,6.259482407156827,97.86894631319133,111.25519422720313,-7.641662251916258,115.44941778158807,107.04530391008372
3,152,0.0,0.0,78.33366683336229,152.86023539297258,70.00774535929246,65.78069514972607,108.29493985024908,50.1203026312711,76.10107806754877,163.68288025848216,78.52949391009089,73.6010258337408,144.82862555684963,86.60683918709628,65.203618419722,134.73920412899355,79.82823792102177,121.30156340420108,131.27130087321817,-2.112119026124523,109.1287984915513,110.57731140523025,-5.663186962655983,122.42014951991935,97.2823977981494
3,153,0.0,0.0,87.25612335375088,155.10185147562393,64.5593434810681,60.1586994415822,123.8306642401039,46.46528685379861,82.12654133950028,165.799283115281,62.843726943098204,62.79001996470328,134.06923113714075,78.56403667766074,67.12577167905555,130.37076163898766,79.22734518362299,116.97821419605827,124.75579800669252,4.254432574227238,103.37064155471106,104.67608067304862,-3.630663279823013,129.30327583359662,80.73909021364815
3,154,0.0,0.0,81.36678519594858,145.40582203493275,66.15481614133877,60.63806903530984,116.61011086059953,46.235324901096135,80.81408689453012,166.60651939963287,64.81081897934386,73.90317335957754,155.0264152293272,79.42658922653163,66.29824091937563,133.9186009961491,69.60819708645,123.48086626369977,116.40502999191443,1.3357184141806588,110.04084329335268,101.07538668260769,-5.679682588551947,123.23318025766847,116.03348274990343
3,155,0.0,0.0,91.86236896863203,143.84838227284135,67.0660233865634,64.55821674136062,119.20250945987017,47.40661836998483,88.31479583911586,153.2022072499359,72.37826082118467,73.89840010070753,150.69732388373004,72.87539922286234,63.09881873311792,142.60221163368402,69.12426652354105,121.95186857026651,115.87177940110897,6.935426898802389,112.50949442981917,110.66790360175087,-0.9172278415110284,133.70936331179573,105.78960000953577
3,156,0.0,0.0,86.46314650024617,154.455477233065,62.325486605327406,61.51706132301704,122.28416213732102,45.535432532490844,78.77870656618188,165.67597929917406,76.9031365114528,70.10792473646949,154.63678045954694,75.47688370940952,64.01492433484,150.0092774189604,66.71844631660882,114.67124812436488,108.19914948603241,-0.3090763242068464,105.64175421177565,102.57693644438798,-10.91239487107596,120.04087587980142,73.85954451867471
3,157,0.0,0.0,87.03951525909612,145.2208773288925,75.65570055757408,63.007774768482705,120.49828296523233,51.185996571646356,82.12945513899302,157.0003914149203,62.85468913521637,68.54517107730501,146.18096274412918,69.64648917158014,66.61326344670772,135.4927104973784,78.72470996623277,116.65997094581655,117.07548527988345,-2.735903973022692,113.18966562411619,112.98470350001841,-12.157016255972241,115.63791013810119,113.8313425414935
3,158,0.0,0.0,87.59573500856662,152.09825018827203,62.02162853362092,60.47035939933633,109.5680830027544,50.19318711207606,86.12262796714305,157.8665061384218,71.17859618518264,66.55938021977639,151.31946768312451,80.73678209126922,62.684416270768324,143.88130077998298,80.64491396335194,109.0304140215639,125.55125297710144,-0.8899290126654908,111.8146890200921,115.89589058340852,-3.8010938642103644,124.06471304683983,107.47466885577701
3,159,0.0,0.0,86.59314260729978,158.77947518970484,71.48361794198813,63.017220986977776,115.99891602758572,56.86293710427464,86.33153416981844,157.80188693605177,60.67708594419168,67.57558876800965,138.3397567929929,77.06360703179203,64.49740497117918,139.44925530045896,76.8010796968791,120.63502266982621,120.01360511887583,-2.964059948622676,115.72519386094847,110.98514072080813,-8.351187635369836,122.56616594201441,95.07246898508545
3,160,0.0,0.0,85.50164706760356,148.34884268362137,62.04097095076002,60.53611483936358,112.81579399278058,62.77471681810496,83.64618888976119,160.26964613122624,79.47429660357976,69.47952946854679,142.9373179528736,75.61514707179997,63.555473091949025,137.55421271513103,81.31635372682302,119.30374059639043,118.16949208389771,2.55586205435352,111.75016358350624,98.18809427969526,-1.7702414972695752,118.01520949098345,101.14301236353577
3,161,0.0,0.0,82.1205227441526,157.42045754245203,58.83548927186171,62.78347691294927,111.6915685751145,57.65869488538817,75.31975342742687,165.27300133715391,72.15672933239732,65.1067426361235,152.2024796442976,79.56286183022411,66.2937455086584,135.95848574329204,73.96857655927587,120.84269327305873,127.02303398801673,2.127339545671766,114.87926629098718,105.49214969171608,-8.980872503635815,132.0231324273972,95.40228642953878
3,162,0.0,0.0,87.97173950822102,151.35733731024834,60.14546215949524,66.03497811368273,122.58499453274244,51.44503823083665,87.4974877129762,159.95332716524626,75.31662769947258,65.58567536304547,144.98573092142152,76.77474519730832,65.2969546625458,144.88718402054835,69.1698716392943,118.36039616712111,123.73426025866709,2.3518234322425995,119.26124246642516,103.68887468804213,-5.963832590175718,120.1777113240055,119.2806986523519
3,163,0.0,0.0,85.60032571030024,159.70581243171767,61.465008236396486,66.44093605214567,121.51115803207755,53.75716991482102,91.44737768792699,149.41674976831564,60.83447044700819,65.34485065858749,146.12969889258468,71.40988591465052,58.261876670830745,148.74152983744244,76.14543007205529,108.02488343831479,120.5008957673234,3.1951521947851003,103.66959934971449,114.47489005146063,0.6193624367820147,111.44138828810287,137.73367549223497
3,164,0.0,0.0,83.46108055330683,138.35506206905993,57.15049071541516,63.26518529694757,117.77782119943997,52.689440235822495,89.92963781389254,153.17120087522426,64.09039138361008,68.26764634696521,161.83042447861416,86.12978918562777,69.940583957149,146.18218119366057,85.04296274762203,106.39502880317052,123.26986698814865,0.9710759425544668,113.72419335030774,106.9850324028732,-10.650692562450141,121.26120620953543,118.77566647042363
3,165,0.0,0.0,83.82801118757337,148.78250705552313,63.2973967806733,67.42937881145718,122.65559318054227,54.841908723894385,79.67548485570967,155.63319517423662,72.39684421084458,66.40202997373348,121.07553398236232,87.74914850919409,63.75606308517338,141.5066817617283,77.49168227172531,120.87124799972918,125.20034153992547,5.235763095857446,111.25490620874642,104.99835627187937,-6.398030899955609,124.86706118244719,117.67618477923476
3,166,0.0,0.0,84.00983843162382,149.4008188508619,61.000923185171445,65.81827312822404,123.74892548679924,47.937003513614016,81.49026476797494,146.87944731169867,75.8829082091655,65.47469145055709,140.82767074499753,72.21131014676169,67.43303224183823,135.56731006604298,80.36663102570735,123.13970953858049,121.69735823077104,3.0642905936470606,105.99985767993617,105.18142596026591,0.6847361950013866,125.47774379167501,146.04841986218034
3,167,0.0,0.0,86.78991369844357,142.4814419875607,73.20471130035662,59.80164902966729,111.54260938006209,44.35305733269929,77.27490937184662,156.73703000215835,67.06627711645697,68.51034305411905,139.42980705407612,71.04846265191505,61.50611851199429,135.75698468712795,84.97299394465006,121.68704782692578,111.83391546964597,2.3274828958644824,102.33551697346375,108.77598562763717,-6.28945302110052,127.6300334148536,81.27659764646575
3,168,0.0,0.0,83.03864942670964,145.8408574034336,63.25318773260595,68.65703725441122,112.99009686695199,51.796147596866156,87.54725415374381,160.17357706717763,72.70897328729188,69.08910409673432,143.87913677223165,74.65124599435045,64.1260927787758,142.6616917070344,77.7598094361774,116.10415395952963,126.63966153478083,2.448712820117903,118.09013959622696,107.28198933936957,-5.2638056380140865,122.49044720013691,137.2543901330666
3,169,0.0,0.0,84.56810744051893,146.2688550052308,62.43067956562514,67.07440459535664,122.20471131966308,43.261504782118806,85.18334790909607,156.45001764325394,72.2948339327879,73.96119789617774,147.92506394868678,66.00621914012714,59.67502499393296,133.92532296575652,83.95971387245409,114.30119749545352,120.80795022726343,-1.1455621624617298,106.12731000881334,102.29332815649153,-6.142569781897626,126.81606362580081,106.96599994266886
3,170,0.0,0.0,84.82668959389905,154.76664652181157,66.1274851490271,64.53194815446615,109.29277121413033,51.34687595652241,82.62172390501023,167.6963263525976,80.39992176767629,70.23928667987525,146.5692510634923,78.1596058283513,67.76485589941353,135.8007621938714,87.53861222511829,119.78365408356237,120.83438906354411,2.2787116710158886,112.36937086733329,107.5114829967785,-6.218778448672741,130.08142217013517,129.91638668745193
3,171,0.0,0.0,86.92396289393443,159.71481057200646,68.10317339083853,66.20901733388496,120.92298868440534,52.273648812437415,74.65659695581209,146.87447708350385,71.93928874552257,72.81744760407113,153.7128971430751,77.72046582964644,61.93000228364374,153.9407512860394,77.5757396117215,121.47050794385177,120.74888794851825,2.4429387827984357,105.46420898459002,103.39792011197369,-4.330677076107217,126.44323946247341,96.48453146475877
3,172,0.0,0.0,84.69182448956573,156.97683214041564,62.41278922078678,67.52562364237973,119.2290253723668,47.737692627805416,79.65499418651288,163.77526967377793,75.87563579176128,66.95015745381181,136.25058553805647,79.36964356461628,60.04189539875721,141.24847089051363,77.59820421984742,118.36270908474908,121.68231947847528,-1.5850251996253535,114.17408763547482,94.0032622112212,-9.66534447710778,126.14888251717058,111.54216702267458
3,173,0.0,0.0,78.80501907123977,147.42968763805897,75.06309657614584,63.47672965625095,111.73087146323873,37.89820087790361,77.52981350163998,155.1830978219633,76.24361566935579,78.65469163842664,140.49916129749218,75.43728470044584,64.23902183610313,142.57348934112272,74.71786605571961,108.33250884114028,109.1541504883244,1.9207772499182991,108.84741896137635,105.3064519807283,-10.549905190504319,110.09263026498434,100.15994084946578
3,174,0.0,0.0,94.18746179088521,152.55317627407757,66.12358408599476,64.48219449755283,111.59554857587429,55.505926223504034,88.73944582551565,158.75816135935932,64.44969079933344,70.03316907858702,128.15913640235988,78.97059881766666,68.23206874699535,146.902244012001,72.99515893708976,117.3265060538377,126.32339646287281,1.0363134421650306,109.65497817391648,101.95029195868503,-2.803037939442373,113.38398883125343,71.88795365626768
3,175,0.0,0.0,81.23081681221026,139.49882952676853,67.27709878746651,64.83148615153988,120.62596033494103,53.954077300125086,81.5934419686165,151.0916848879645,74.1450961058748,70.29339350882891,151.07172584294284,80.34295332200796,71.8746108437335,142.21241251343383,75.87149066277735,120.59438527480452,122.94961886897322,0.3883354662982941,113.85895025873323,103.51986686321159,-7.150231492202789,121.79312532176132,91.47722742606156
3,176,0.0,0.0,73.13392260776507,157.05138464635078,62.49923004126117,66.52069302453722,108.08716580418353,48.133406962194314,84.10279056441166,167.2092551492786,71.40839352841107,67.05272163847384,149.27968865819426,89.67292700313706,65.02154342343992,134.85007321058134,74.33041773651402,124.79867752970571,132.52843507377264,-0.9362441303494959,108.07493710134526,101.43326607184572,-3.8818297524097574,129.11190949779714,103.11427777357848
3,177,0.0,0.0,77.92630534239655,156.93154604589762,63.148538053215034,63.47140927163661,111.73764691101324,56.54798290141111,83.2473973282986,156.21781490855255,76.94417508032994,64.65120286672659,141.86534483990653,69.47467813964269,62.49436568900632,156.48239276878115,84.77666709961782,110.40821197262238,130.89740997200616,3.8434215233558415,107.6026047809315,104.14044454022321,-3.8025604583529162,131.19771076260938,108.13862729112876
3,178,0.0,0.0,85.8027028253374,136.7726170879747,69.09729552963219,58.50694403490838,116.6976813429674,50.06245695471251,79.55239324300864,163.2981659238874,74.05879447135568,72.00765358806932,156.03526373760766,73.48149426534368,66.61265418812135,151.70494747301527,78.68911117805229,117.04385577217762,125.4320543343982,-1.9497793373885166,107.52786404289363,101.04172978135097,-3.9310391919754175,124.73131001374813,100.92405407301402
3,179,0.0,0.0,85.02217372294793,139.25861533047868,66.70722431962038,67.15742870430405,118.84277691878343,55.1878160141671,84.51117526693582,168.36676481236208,68.44625567179581,63.6157306873222,152.31363283333286,67.1936896321892,69.65472138852923,147.22067688022108,71.57141317210971,113.98225043060867,110.20547975421225,-0.9061159410956878,104.48820614575376,101.4298156331667,-7.461871896106409,123.88596124158474,70.27263247835141
3,180,0.0,0.0,88.29468715070297,158.54567823202717,71.62634516031382,66.50219066588508,110.65963886172419,49.922956782408,87.76208174895469,158.12055427947715,72.67715511323472,68.25263142227526,159.91610731814728,76.38107033038813,60.245193974237516,142.53157137466167,78.77973929276018,120.32100502978088,124.11785786968116,0.10350647793127088,106.17565329066412,107.54161309067113,-8.238810166867328,127.06290638837243,132.50230274575387
3,181,0.0,0.0,80.23220441696931,147.7917630705056,73.12489529242669,61.2709181624812,110.41167571861881,49.22224882125808,82.57132358163084,151.53324083195108,79.13439226883659,66.16004606220636,140.76058002593783,67.79306972101205,61.34005131407943,140.59020081232995,74.7063916210547,117.62914803458331,123.65089261208773,-1.7276647012724466,118.02797754903557,107.41115979682277,-0.1347256420045877,128.86116751303794,95.17038906698512
3,182,0.0,0.0,84.1594698608875,161.52732388590852,63.46522201642406,66.43049590153728,117.7032428565359,51.06605308409134,80.57462546123217,144.48451099211914,73.1987430848918,67.88842346063332,144.85806617879564,73.41823337210832,62.89428852924267,157.44913519565415,75.25820996558338,121.22341629377424,126.72199651743031,2.681929856637414,105.88554005797693,104.30670879027366,-3.218646842207534,120.71005455616282,115.06842729332826
3,183,0.0,0.0,80.60474413795612,149.23820526163976,74.03780548151795,60.938794164043216,118.79996450883559,43.0432383521547,81.62356011154284,150.35745153101408,75.8278418342566,70.3779216655282,139.86452186949558,71.48243327059834,68.39745958503089,148.50313167601396,70.55112120181708,116.31721523150854,124.98773387665912,0.9924479080218411,111.9310449509676,105.65314144249076,-2.9316945434479083,121.1576441544959,97.55759257459064
3,184,0.0,0.0,82.17428607411966,149.3893106701456,71.25085203815772,61.509405570066946,116.22451928995713,46.714301376650525,91.70545670948827,162.37330347342223,62.37202506414764,62.49433617479411,154.52513299165776,75.33392074610587,68.38730079327206,144.7210684043243,72.61868132423375,111.35362552069515,119.79915598832974,0.6094283182073759,109.3608859176153,116.32804194495884,-3.84023901659609,122.69387631290603,97.51723412787442
3,185,0.0,0.0,83.29331116141286,141.53910861976726,70.50450509185914,61.5760229383161,115.84280397339109,43.93585588960113,75.36511925125554,178.31395438428459,64.91492377136002,71.729854366456,148.87942539221683,77.80967897465587,62.02938894729829,139.48805408838314,86.91532823162552,115.1004535100287,117.55162684808532,0.9003349725327566,101.03808432303758,106.10205663314841,-4.5698085008224725,114.82204415438704,82.06958682816895
3,186,0.0,0.0,94.12183778493558,147.40551920107507,60.07388441914854,67.31318039596916,110.85840385290679,45.6159256345214,84.45524435630477,172.4129463952602,65.46519043121936,72.15440349947475,147.547033531505,78.93977022883603,67.21120806703169,133.14155569532082,70.53633413909769,124.04964209011709,114.9555214614966,7.462441133741697,113.21335017310327,99.47799128963644,-6.226686413229413,119.79884887771408,83.56468590798127
3,187,0.0,0.0,89.00864044982956,151.25700953278798,63.60724578961412,64.27811968482622,120.81627931528764,49.83232785910386,83.55741540714966,169.49753168018674,77.63867953331602,71.94722016312586,144.15458115909865,89.10541138243201,65.75041234433657,134.61026966187026,65.62256312851025,107.84317394205017,123.00319252049604,2.5440951415057125,105.80565476782802,110.40165425525748,2.0801886099655986,109.41491267694408,80.59517283744614
3,188,0.0,0.0,82.34989172930518,144.99423805020677,68.23338062479922,67.09650176925862,119.28061557591944,49.77186495936966,75.33459451536858,147.52397916803758,74.92818768102502,71.26166448602072,157.7303777674262,77.04160632646166,69.94643080418989,135.06134590497012,74.57151325494091,121.66865223751256,112.74155342531924,2.380796321078528,105.73107846586619,104.31161636168864,-5.54019223467786,130.7399484223995,110.62397335509553
3,189,0.0,0.0,81.74104872416765,157.85291627061196,65.43154839999679,68.57405666554709,106.46107840966386,51.86668095443037,82.92391162988017,151.2999654843244,69.65467995179424,71.51077350495466,130.0122086476971,72.19354432260671,62.58824916139195,134.56250043169098,93.40222407056324,114.26247291340687,127.72426725223501,-2.871427635543835,101.1796018757117,106.50815441775302,-5.519688778890921,115.87040298525383,145.86579574943892
3,190,0.0,0.0,85.04166543467352,160.39203192771834,57.96060334991994,66.58012063189321,110.61413019853212,47.173514316940185,79.02546886514237,155.94466289208853,70.18170604027046,74.1297067455824,148.5784715642755,79.42815156627441,63.964187646661706,139.9555945892167,81.18864124966132,114.63764579456446,122.715254107834,1.8739349744624512,112.90823059818302,110.1075184491872,-8.704137210718045,126.87603967448403,94.30562142661739
3,191,0.0,0.0,81.59014400060488,161.64679556408927,66.24999691032494,62.319212262959866,114.89704106189299,52.67310174559042,80.69983005222552,158.1434281615868,80.93828827906617,73.31765516652689,134.24728997935318,79.42415356255943,64.95405537070287,148.97822147502887,81.89142709240774,116.2939206370674,120.13026623878758,0.8383807732966497,116.95410146887932,109.8126386235443,-5.269437806401134,121.01279304852555,96.60420407340634
3,192,0.0,0.0,83.27330439631137,145.1332494989928,76.04062501805868,66.85787409620919,122.50112017275636,49.94797893328248,84.84729394891332,161.4023668724953,72.84102226576378,73.87534794268888,143.88122445630677,62.59769219071494,63.04235236804213,125.41138404101633,77.61338209517714,113.62251626238998,111.23002819443093,-1.5657965894623969,106.0762376218499,94.54442359331084,-7.770698680878368,119.45963136494665,95.81007809435496
3,193,0.0,0.0,83.26847634465861,154.01235135406287,57.265344001392194,60.07038483571715,117.36974142419857,49.347055527323384,86.00964560195028,146.44036839131024,79.88543659846329,72.50163542722628,145.41287489265167,71.82670899534715,62.87929752705125,143.11974379008186,72.01135672895548,107.13467474283182,126.74752806404226,2.282829265681168,110.64611833833322,110.17082249151406,-6.045313776651188,128.36933959932583,117.32434100295715
3,194,0.0,0.0,93.13010631357807,158.55392785001186,67.52422782625173,62.011103834030365,120.59490498045047,56.10846084798717,80.91751864998533,145.10305569389496,68.68540630699087,69.39801627013252,147.69736598877878,75.53322455032892,69.21093184611325,135.89818945937526,87.09911565865909,122.02688052725402,128.98376475374758,-0.4841166109973747,109.73811883453838,107.6250240320243,-5.85778806279952,119.63117588998828,71.41232304344683
3,195,0.0,0.0,82.55730691599801,151.63646161298985,59.02130894548445,62.165064844637435,106.00675308051433,55.36345023431718,80.95356998780613,145.06180268054072,70.79727105259755,67.73175379191261,152.93431874820962,80.750425014933,65.33944309749077,132.3542741597762,72.34141191556336,117.98376601334516,118.88715979231881,1.421243159341257,102.72678507963585,103.15543148395281,-9.869234513231053,123.125485888449,108.37088177387241
3,196,0.0,0.0,77.87894066492915,147.15512807385716,65.549999977453,65.95431150398363,111.79930505720982,43.59622214683715,88.89133795596932,153.50472229313144,76.50305393854158,66.93057872988436,158.03627825219883,69.31069822251517,65.81807145167116,144.84677743204963,83.0600958479888,131.57171748769272,117.32097724417906,-4.936065211893396,107.19413176546622,107.72422721743362,-1.7020786816443465,126.24932309028696,100.51161644881356
3,197,0.0,0.0,82.95071047037227,150.85257333751713,63.3331313707107,66.10107597099527,110.7645672446514,46.534856917829636,85.61147278820224,152.58522889048783,79.68319476072953,72.23920091816953,138.87822680885614,84.63150488505485,70.41551891925317,154.620673716232,77.31658162669943,120.74346269029733,112.64536339448492,1.6281352448042286,98.54613840920243,94.16756108363903,-5.236901122684508,114.65491017268572,101.51873081781093
3,198,0.0,0.0,84.8058687768825,153.89377369776682,60.27610227410009,68.34775092692793,127.76123275674422,49.28853808352278,88.80770777935285,158.76947668395513,72.22803363564658,66.11765354886148,144.88434212798427,80.48398313960827,62.43783324500448,141.50843753672484,75.3639566281532,132.8401148973632,137.99702106895492,5.531963683644411,113.55061800860483,101.13669668833523,-6.174144211516808,129.4592628982136,97.75955753841367
3,199,0.0,0.0,87.75273989390041,154.9189728948486,71.40866405607838,69.84694837500648,124.13185743141031,49.1627850025185,85.40620403610261,160.06827026882462,78.49926152780864,73.88909275901314,135.41773225823695,83.45663966403123,69.66044081664388,156.56966529929232,76.86584884067588,121.53371240300133,126.47391584729365,-1.306723901869053,116.48020380580061,93.18764737458588,-3.566728683032756,118.75911953953756,120.03349482572126
3,200,0.0,0.0,79.26792343729169,155.1335369185369,61.82321659618117,69.52141331952183,102.23913374125752,44.12202929249258,75.30698700934339,161.82338103835536,77.64361398877274,66.10793426704903,151.95180194895266,88.04375222843528,64.51562636505335,144.71935756558605,83.22838805923897,122.3017859696581,118.87629917483673,3.5273937002737634,110.77791623225801,99.78016383769568,-3.47179996413842,118.45763456504793,81.18782938337176
4,1,0.0,0.0,109.18594956911532,268.6561910969035,162.04772049308556,74.70344928040201,274.6748446522668,237.28555465278936,76.9194579984303,316.6525151395753,224.05633722934076,110.73307150661293,308.04790667635467,217.5121244791385,72.82492591268638,294.66835749604763,273.85169061141545,79.95962682658418,288.5526597696444,198.95051297397094,82.98911063389153,294.48940145755546,210.99363843137724,100.73436235164124,132.23682550331213
4,2,0.0,0.0,96.67922847841429,287.0783987536529,169.4979653453719,63.12712592134713,332.2739350057206,231.4336956767637,65.9227610144928,299.6210128550165,241.68953864470427,111.76592493483987,266.02135186792464,186.55772395955714,75.04910649628428,394.0842255078955,311.08677868525444,76.25611320959733,263.84241949584884,207.12448767934785,88.84886300539897,276.5162737373213,221.3520899585491,98.41118762202397,93.36883917635468
4,3,0.0,0.0,96.71742198117428,283.59917439498196,170.77168865587387,73.7995881167617,340.9373779235459,228.11233631621735,66.28281220135622,343.913014169481,192.79990859465738,126.40560244715306,274.8197807667255,178.70204952811272,74.9270493723156,372.5057602628202,328.0859895522796,79.0391331132707,274.91277123253155,189.7654069091701,81.83746967302723,292.9203195962474,260.1587212251603,77.8524977013302,98.3621523758266
4,4,0.0,0.0,104.99065524201491,292.0762454107551,206.84717549547528,73.65938142365854,366.29904273215277,272.15656920311994,70.45105061461015,224.12110785937023,229.96587637708848,123.36932543895749,339.70310116323515,178.51425317853037,79.99028724316734,378.7198207568498,318.2821186152703,90.62794358630684,225.28301526556209,192.6157768470871,96.14973550411534,316.2263250775439,195.04706058987932,83.60958403355497,107.09975337187628
4,5,0.0,0.0,99.75728690880679,247.06787110316964,159.68884941326797,66.54385133895363,339.11218631009393,240.33763707243673,66.03267327123103,306.15631883863125,200.65805474807405,123.62839043139974,291.55464078184116,200.22791179898607,68.76648395654901,418.0314448411782,309.0562687229748,81.51790724887991,329.21219136126217,205.3636886954774,72.4545831988287,359.3892413278385,204.55664957679727,94.0661233218676,98.15998014052
4,6,0.0,0.0,99.58177223181579,283.248484368399,177.56251149677894,77.44811298935215,296.66283024582305,227.45083089309622,71.64009486643016,317.9411224187881,248.30220883367167,123.48902072195122,296.00253882611315,168.79390921514516,81.4988929891419,382.26601823184996,282.26585315771075,73.36555823676397,217.33203218376212,220.57968549412675,91.49731911791173,355.26386859670424,237.707514257035,86.22856737343774,113.63633441205349
4,7,0.0,0.0,96.94478525891677,281.5648481223336,170.37700837771155,83.43274251759568,282.57741412425736,238.08410691567104,77.31901007912053,357.624577108497,253.8387727363476,106.74959155975505,287.27033159734526,164.84331997151907,76.2642944439808,388.60836929835887,291.4009825970434,89.79575658211317,273.4987475000578,184.82419918588653,88.45890925736379,316.5882249424452,267.49407558794405,84.08398873472112,116.57482035363677
4,8,0.0,0.0,88.24408369462415,289.51313852717,205.56325426944883,66.70659913223435,292.6765678762622,279.6856175947187,73.21516562010105,313.748878208905,268.55210198552766,103.24340738454879,269.3759879032282,184.69014799378007,77.73088024794464,333.5955133220466,300.76971244574264,83.28374256532346,263.3175230467857,210.27177944043873,95.32137347327314,293.77127920786523,198.08710803704656,91.99932010906058,106.8638234619297
4,9,0.0,0.0,99.66753604819321,319.881230552208,159.56155132420793,72.00096388146807,298.90194678774276,288.0371589985157,67.49908868716088,351.42745739176695,221.2972124163521,101.45112555872635,192.96148463421554,195.79604093340083,64.02232384853274,409.1492967520429,328.70900502376634,79.23759098578562,268.1712195704354,193.22756061008073,82.00688347828716,260.6534475729243,239.1763274113088,88.76095428250085,102.73351569211682
4,10,0.0,0.0,88.04807557581302,268.86808992348165,160.17110441326997,67.6452531561497,332.8888784446208,264.48341939238884,58.06625373508442,338.46187551691696,211.83110007768144,95.44877685133058,294.7787102615622,203.90535875224109,79.87498739264146,440.1532138891101,330.2581810013367,101.60076169854398,315.61691200375697,203.0042599207801,97.44195926425866,335.3814596565319,213.79524727066644,100.77237824956835,138.4177632665593
4,11,0.0,0.0,121.7977648846396,252.13150140450185,162.2010457437399,72.08566800699077,333.77527731666794,292.4393415647412,62.717391372465094,339.51674272946707,266.5006932978213,108.71751740057816,276.7757310922327,184.0002750614893,61.81428646362128,351.0261269538292,262.6357209525533,86.8480338776533,279.2377614452329,211.19948949729212,92.79698324344085,344.7718833407792,245.76295091340347,82.52247983370046,120.9288976140785
4,12,0.0,0.0,111.79082114714204,231.8359897724123,164.37466454558808,75.05665561886286,292.3738355734778,269.96050156281,84.71489527456878,314.343492021813,203.9158960855838,120.70793448177422,278.63645672203114,196.04215503225223,79.36970818933699,369.3047959112283,275.7539765749167,72.02690530375713,277.2173472401955,178.42896922879274,86.99962137633946,315.343881578473,200.15080865091628,99.39799532373738,83.5151607591118
4,13,0.0,0.0,93.28690692049109,313.71988477143276,199.65785108621338,71.08210816928381,297.76238626692594,242.35143537871,69.14162103314467,297.481280050899,256.29077851841043,114.14898353321192,306.74188476753073,176.70806885669117,76.29035446507126,361.71570322581346,342.5031984588672,80.09084492506008,302.8511528197367,201.54887421292273,85.3744331283655,331.2139771578308,243.89000014187747,80.04595569311174,105.04216359803046
4,14,0.0,0.0,110.03265168703251,296.47173002131075,170.3647222348001,81.15421654453797,356.1429274247991,236.8580401655486,65.4879225496531,289.6262798284648,247.20304713457728,127.93771535386291,309.1119631548702,153.95665154483348,69.06690136510339,386.26695682466925,311.6998197766866,90.71238493512756,249.36877984084452,188.74414805089864,84.8060188656762,335.66491634624816,259.69002327148985,85.88500548854486,85.34897171201102
4,15,0.0,0.0,89.16268468938705,356.43777833931745,185.25498567876502,70.71663406360166,326.52963903658804,282.2610365783021,63.882882851211846,286.3430052525691,228.74045574195907,97.2916860759679,317.4471834923745,188.5371456357427,70.4370551118552,405.2251725614651,313.14203637405814,79.45722097996342,250.6956966082236,194.86682765788237,81.9445646817513,412.52910559728343,254.33972337570484,77.67445013713008,145.0954132932058
4,16,0.0,0.0,94.43510823281392,217.7814454068893,163.52568293310298,76.32825567991401,323.4377543461673,281.3001774637836,68.53636905322618,311.20715014410723,236.01596100801925,132.168050287374,289.7665849016013,186.72197718929968,69.27966026859465,390.6432883229882,294.4573031575484,81.724346646318,300.205983310687,190.4167746416593,94.05423688359,353.14709826654916,222.26354311666762,107.7208378492298,66.08276881095824
4,17,0.0,0.0,92.07685498505819,304.19806756083676,172.3596152577711,64.1582129530883,336.0953777579318,249.64143658770794,72.11365406788006,292.5533735146351,232.70820258786085,131.4133161184786,330.6202718899336,219.2405313913567,70.17182510003246,333.81647825255317,336.72771436474403,81.51879433819119,252.87376306617094,210.10084172720775,91.94483620281102,376.30774284369386,214.40941415682414,97.34579799617671,98.40044627900107
4,18,0.0,0.0,94.45441219494668,290.7442195954975,192.44186163041425,81.35765278500166,302.27117411205,271.6611968114796,70.39335374333383,284.27170695166427,249.39004253735777,114.90825184452616,262.8947192048775,210.68634493411136,77.8190421122561,361.93327798754666,273.3541729060063,82.08906207100523,247.35398500209163,190.03935502503447,91.046618652425,332.2531768494643,238.51641073861074,88.41933111815672,108.36767687913499
4,19,0.0,0.0,88.77622662747626,321.9012792132323,171.64856229795052,72.58144218417878,301.4098703385339,199.79335634669434,67.36855428941341,275.276908206147,246.4322080705225,104.58476484852409,336.3482698303844,171.9382459787866,72.31807617882973,351.74918429952197,286.3959421346977,80.2754042522685,305.93357118592496,214.63264398694434,76.5690640510469,305.12314119375645,223.1824763525928,102.66834245582186,118.57272688261105
4,20,0.0,0.0,99.1531533218336,265.6650083604184,161.9525494169939,70.6764670384884,324.9499298931057,258.3704830788978,80.63947903626487,330.6080188633737,230.17790196297418,124.44112189805745,342.6008780206852,163.6591948787597,71.77016641532133,429.14792986928137,273.59669343946746,79.33782042798161,271.07981813680567,216.03325315157622,88.76340366646036,300.6535767659537,240.03666371163973,83.7536919060738,78.8059826654799
4,21,0.0,0.0,98.28061563267934,288.8403090242773,163.85303666434118,68.66509410751034,309.38353148195057,261.86989424321627,70.13174801363832,251.8682687719521,223.19698851587964,116.81132730765509,286.86393794880127,186.6567637395333,71.36564639672419,397.63583491634967,300.4274867735454,85.16899586364408,306.8637053628206,180.12164244291915,83.50820030474496,329.78457885215124,228.16712234510032,77.52867052779158,102.10338884275525
4,22,0.0,0.0,83.7742379233552,215.2910457445131,187.94039825666692,67.45018991755575,309.1485689847255,210.7294712317542,71.05156045587954,305.2062147721873,199.8734672034152,116.98420469513204,360.44738003831264,178.2590034379147,82.55641199139922,353.4123224682713,246.6643340202546,81.57082364029485,250.1246521341691,200.3068704666317,95.52486635404814,285.1987664083216,185.20601382024967,77.40317457113689,94.10064873175553
4,23,0.0,0.0,100.41247989614783,270.5453231915297,162.10027561295897,79.51450196279966,320.51074451796217,248.83402937357235,70.66444476736308,338.7441493173558,207.6128030855986,130.79360400736556,313.4728135179576,230.3802516434163,74.892869738349,374.66105554610726,309.52384555975283,78.57149567270083,281.0539744686321,206.99231856965406,85.06346142520864,319.00994292021534,253.21171259865585,73.95784082562817,110.2955432546488
4,24,0.0,0.0,106.00342255653365,261.5361363867583,205.97103568907096,83.92595405824264,301.02362971792815,243.4013360797677,72.1322174743799,265.92734262120945,240.74007155985421,123.35744218824382,269.74310354182177,173.2042851763691,67.12823367337148,413.253346856574,354.69835340245197,93.15203375449218,239.01432326846435,173.82722804926772,82.57140251710804,338.74863652433595,234.06043749459818,93.35045587070621,132.04782218682755
4,25,0.0,0.0,110.39060033523657,293.88623132167476,175.0264114660286,67.80501557333203,360.81939936783135,236.66662577369095,74.67289519247556,297.8736382762185,229.94792179373982,134.84027845895454,327.7102638996579,159.63534649907763,72.32066904190224,339.3950702938604,303.3057945599113,96.7590482950573,257.8833206009601,221.74177798991775,94.03226049544477,354.54775577999396,224.17102297506614,94.1822293323435,122.49196103962286
4,26,0.0,0.0,92.58812979111566,328.4266758053053,172.91960505561283,78.62644266665534,327.35889199978703,226.85153424656176,77.46619958668836,359.1870123712883,264.12425020971466,116.22142724480904,323.61793773651965,192.67008861376704,73.20090112162944,437.2926812332927,313.05259676963,84.38314129243297,281.12948246885946,174.22129570387312,94.1540638734717,324.2532186224374,215.91799897304745,77.72437116736143,66.61705345398101
4,27,0.0,0.0,91.45765534049339,286.5556864596545,198.24390267482772,67.5909514252159,343.74322960890345,251.72728110003862,65.50621669968652,334.3473676432186,177.3170791598687,105.90799536700086,302.0280753658968,193.16989371804885,78.24669005323219,366.03187217312177,295.35701775708725,84.89716709193384,241.7703390538016,165.15867608534904,89.35356988298845,321.5544934290165,230.39724420228924,93.62449239091731,71.35431340420126
4,28,0.0,0.0,102.63261274093527,257.64863007275585,172.45486617496942,72.74680217386046,299.00500753896836,264.9466303949411,67.29856891904402,328.69927636684986,198.0234139787513,120.42604046194381,335.69715807505736,152.51458371856046,75.77276399389223,384.0032652935728,304.2991237830841,70.00189146190681,317.5212197094047,193.39621005178472,76.40517754365655,322.8507894610369,192.0319028305552,70.00010692115936,108.97761850406589
4,29,0.0,0.0,98.57067121190165,287.7147730632913,145.29288186335572,64.23828706831557,355.42935193785524,273.6654694891567,67.46334151650639,315.48872701765333,254.93177394680785,104.24931540787227,285.4920776399227,184.19606683724837,78.16300337152883,327.864841211057,300.66691452468825,81.5218568879977,287.969519536391,199.7974554891604,85.84466513446478,379.1480372452565,212.87757542481563,67.73849468912096,97.06684041337915
4,30,0.0,0.0,100.71637343135876,323.7375018441217,175.99175507286887,80.13387284460964,315.6541325820785,251.97649208746589,67.76498903933174,314.2270738113354,223.20477443885815,118.55619976549256,286.11873107964533,181.76675081152675,82.81146976699655,376.4644938371272,301.894472202545,74.7767424303952,231.6707522440747,196.76532978800716,90.06523888036942,271.8959505652678,243.96288410306212,90.11765281538734,97.65039571051553
4,31,0.0,0.0,97.77055062346744,306.22577541532206,182.47091022021107,85.64655364619449,313.61418596327445,261.6390477333758,71.42295211887527,339.54620857076003,272.0758787536331,114.57015700939613,274.23981343803825,187.182654887633,69.09503975012196,341.80423219542143,333.0275183999179,77.89791117977909,271.59320171503504,191.91039677774015,92.07864149620958,305.8122503729001,237.70887210722864,95.68750795646649,71.04573351747175
4,32,0.0,0.0,92.73069029225758,297.2014420203314,148.04109652996223,63.81785157771845,285.9569066955023,235.30107500458325,76.2561511045274,287.2957326792727,204.79238577029915,118.26272061701353,241.82185953743382,180.80551698278703,82.45667000309714,327.966101744113,348.20702717816425,96.54382686929816,249.8486606801705,173.63795798571002,96.9353327203976,333.14038575225834,247.29837457390147,96.5652374630258,105.49369113202259
4,33,0.0,0.0,105.13834425336488,235.88736389199977,171.57263262665748,74.21026139422723,341.7459457338234,227.18806611768096,69.50055743532677,273.3583989071933,213.38121746691564,115.97074208922413,259.64194854367804,164.69193623339544,73.40518363320109,330.67387300238505,287.67589882269203,94.40969079486678,290.61547058518846,183.39151849133802,82.87473641503013,301.45988240599104,255.98967952867397,92.33013590685356,105.2537809966239
4,34,0.0,0.0,96.7373175962203,289.0252266716019,178.83843938252545,69.96038436744153,269.618182023578,217.88101909017826,78.23627567649693,358.6812378538469,253.68011560103258,127.20742442753952,303.1732701261584,186.910584681728,74.70181777660879,371.4610140959051,236.5394749609835,79.04936444587548,300.12763119761206,189.35584662285487,91.47402124276186,277.61445396738105,233.44820142192586,85.97787523449759,99.40519097680189
4,35,0.0,0.0,90.4973598885921,262.00472074610934,194.10568366625307,83.58121335577404,306.28908677697,249.20478209185737,75.67256648918297,328.12781883268855,239.3013513881896,138.72876938052391,286.09085425700977,223.90185346197606,73.26778365490047,433.1741446412778,343.76554839817925,83.35998142378352,257.94390425484636,182.61613504710309,95.52582662104595,253.83818496566383,230.15994166168778,90.36034279314218,109.73890310065006
4,36,0.0,0.0,85.36978174337483,249.78150125021003,175.3010795215396,79.37633424138065,326.060941746263,230.5513759080202,59.779842571696605,281.32450193897427,236.4602533151721,129.19052038326436,292.2401181437231,198.1577631782897,71.24506744150736,436.46494910762533,343.48343012815286,81.91186999556047,260.18118435916233,192.11206462571303,74.64496061191488,325.2442079308645,234.09786009471864,106.85725650539018,77.73616047261771
4,37,0.0,0.0,95.8340409977878,269.8146845791294,175.87026625130514,73.09700080670429,308.3570333730987,292.6975064944397,72.58577969583591,251.55386564784163,233.8207000029883,112.24764621048547,306.7229014913854,158.5017685807404,72.10430278189664,365.41428962225405,337.175878869038,80.05448891952601,289.5604683960479,193.02075980549768,97.26475017370008,311.51094836173166,242.24366890867896,88.94633653994065,113.68839150447572
4,38,0.0,0.0,93.21212482869856,281.2767957652103,201.0340720558459,77.82990063761966,338.0754115369672,289.0322538707304,77.95890199039381,300.49430556370993,204.08032102665248,136.67286928040485,324.9358389986899,164.60932602995558,74.74859908017547,380.68370722270254,338.5943216428022,88.88478033732937,250.944163075614,220.2613109678045,75.93854669705806,325.44645465400407,224.03927509170566,83.29606159879978,95.11020134610222
4,39,0.0,0.0,87.89175504042291,287.29996228843703,178.64187006943044,77.93838546235828,361.01087938048033,240.47624509574356,89.13970681231943,325.7308113751451,231.61440830162928,118.49689290123932,304.28789678000174,162.42556220881372,77.92049933859897,359.7070168950088,328.29945607702393,77.50594705067182,198.3685092233684,185.0678638094347,80.81133394047725,360.57265053509366,239.97249508412222,113.5795651539616,89.84534583431446
4,40,0.0,0.0,105.13767232842167,262.5416723414707,211.2640390492798,77.73898821414137,344.4950524326072,254.38388639675836,69.0579410982502,283.1363056336923,204.18125055297782,113.95379133597524,297.76587586596634,188.03924887560763,75.2538665320417,432.7735520521917,289.10712812308003,96.72288964559458,260.2461109186104,171.73399510448564,77.12815732595894,281.86365129956357,233.07102055277363,92.10434029892564,132.79705808027435
4,41,0.0,0.0,101.57288372000592,306.9305604061143,195.453343725517,68.29997352458723,408.5877518022077,235.14541912924585,69.29865287720496,350.8583715887633,230.38889410101652,139.3644859567466,345.0058006482489,170.6070257360548,72.9940389281956,386.1358868560236,309.6506282979739,85.87912652075767,281.4904015077908,170.88813792364186,89.53790535031304,324.11290082616466,201.12763779793025,91.83934276618518,82.01133648225414
4,42,0.0,0.0,106.96136753425068,293.72637307818695,175.33976070271794,87.01762540947445,328.8059755936525,226.88458574359345,64.43174696097087,299.55026069836265,221.27972020875146,130.29821640472795,302.0991068404442,180.84480091328118,77.4864528964274,348.0854089019428,329.41099200001787,91.1964043718842,268.01436005435875,161.2868954174042,80.54057916853988,267.3407028423881,201.53350567336358,90.18000313314565,140.28459673533305
4,43,0.0,0.0,108.47159351024297,309.9392137021365,154.55392510066102,65.31077282211662,298.5330397925148,237.7985073718073,75.31693794124448,355.95663281717157,204.31168618208335,111.0008217375201,255.36811713681865,171.47962278134167,69.40834678462934,366.92570214430384,298.0976668319515,91.31559706233817,268.5456505503346,172.01883629113064,92.14222588731772,309.6065916840377,209.5825136346275,95.3279880473028,133.12192713095837
4,44,0.0,0.0,98.20926092510817,239.9255852187368,216.18325435786676,63.66121121034767,302.5998959811342,323.208088707898,64.68956470652402,302.2084667679594,237.4094456388398,127.01672723854608,284.4709549491368,190.20971784134298,70.09138756627172,379.5492295128769,352.25272831929556,82.35784025793266,315.6161969922867,201.80646542915485,78.13283409212785,301.1632871853884,243.44385261734647,86.55441990085934,55.97597127706138
4,45,0.0,0.0,110.04302776492511,214.5591771825077,181.48666109375588,71.1214378305239,328.1061567428495,241.0804293773222,71.48432537171014,289.89710041313845,210.64756182488355,117.19758895982505,317.52369796561624,172.218406376001,75.7378786895937,370.2834260165791,317.5182908551766,86.26564958603991,297.48912807355254,186.87174542128466,100.72322597895692,276.8096141947477,255.6196467151689,96.21237122288258,102.67009622444957
4,46,0.0,0.0,86.7761505806131,287.6790210464017,190.29301492957308,72.78114745566396,345.8290857017599,244.80126681937838,68.13246148800772,329.9533911095787,223.96071496877084,114.22456562661141,324.67916547099276,163.8380943815158,70.35339822993856,417.23159460541706,347.7751076111648,80.23264304034336,262.11235469776716,172.46422946936298,87.50969328279166,314.0010312829717,219.2225275327295,96.33417439031197,131.79962465946574
4,47,0.0,0.0,96.23982312195693,270.2379668204537,207.50330714090018,74.69625794298558,316.8552003654301,286.1359652077543,66.74549364067367,275.8232325644145,215.3318132248897,112.05391393643313,299.59059289770096,199.2916481163822,91.36289722995005,366.9447284701745,295.3359421652781,77.57511745801364,301.7980931092864,143.10989521625163,86.57462741878693,354.9598299964042,191.78984503435456,93.82332204898371,114.5745019858836
4,48,0.0,0.0,106.61080084209325,317.857567345755,188.10704455758517,81.61609968772729,327.89093996095215,221.32214527910628,69.78290791536553,244.95429380757133,227.61243819371037,122.72211748641531,318.30041610512853,176.4853955880958,79.38968506260545,375.91593981860325,279.7533657721334,89.65776927363784,297.16382750385213,185.66919154739122,100.22337717932339,327.139423887646,223.18026624743928,99.83412032737054,129.63410685039193
4,49,0.0,0.0,91.05529793904581,291.4312687885961,177.44897708862334,70.4289100139528,343.06465016814946,209.23033051300996,70.159676236725,283.6806802527374,237.8504282770268,117.29234600347702,323.25140904589216,180.1441724205209,71.79864633880828,457.89599662322667,302.4550616060626,73.74087592365346,249.37006536518703,182.13498866019458,105.95357252844244,313.4347757917309,193.17140676408215,99.07487420544373,96.25822094674898
4,50,0.0,0.0,101.02647555844953,270.4907259057911,190.04626356462802,60.41423147767609,331.24241994023726,291.6166791067707,60.59829734512595,262.98004400351675,227.44175314574773,112.69306816297473,329.69669357624673,178.51306222345852,78.20890099811392,373.85526156980103,306.0962149191909,76.25380166758457,246.22606696153932,182.02851430110374,90.0171875684206,336.2778364216667,238.84768341822772,85.97284238496718,101.25054916705352
4,51,0.0,0.0,102.98835432614145,315.1621341772051,186.6664485664176,82.19884491230553,321.51233486434575,274.4047245809051,69.00223909254893,324.80017451365694,206.9222196443351,107.1217317709268,272.75223722751844,183.92773622369768,61.86313566787647,375.400982103149,282.49908706802165,77.64329182284368,311.6230259632357,209.52742168493103,97.81447936735675,298.3888960129273,214.41305223896336,81.11889492757747,94.1774134351362
4,52,0.0,0.0,94.43103497161748,317.3637884020833,146.75250576161005,63.38985558790756,334.2340323232037,259.4684479958562,64.1398117171903,322.14376201342543,238.2059343592238,111.65586574439948,345.8069201028188,182.0132921787139,61.61170276050536,398.29913157602266,291.3277222780567,73.62917256731609,242.8538052370708,186.4770742210541,87.54813075455307,351.7897819185019,234.34516480766183,85.89412175413173,72.88619666676979
4,53,0.0,0.0,119.06800070779555,277.8235482380288,187.46058589538902,63.07681544740576,319.90073086843205,260.5148151519276,69.49178036888254,288.82960858528685,256.54006316032775,109.05209269106369,324.06884466152275,202.93807842325134,89.63345803113909,427.3276550649425,323.7331548494847,102.16795366548425,264.01456578952127,189.2249581271689,81.85253758422861,361.3022543401541,209.776082018945,82.70086942935376,84.18681238541305
4,54,0.0,0.0,111.1303158309428,274.4862794064656,166.57443750922465,72.7100019214943,355.7933331248038,242.72246211976667,65.55148480825379,306.8254307276707,244.0494218552629,116.24604472773582,290.4545302942108,189.0874081795008,70.84130304113653,370.55917314366366,308.5471998824018,81.87803477484574,324.0228794631472,195.0625556055888,104.79935657280043,317.7203481143824,199.33256027098983,93.41656849642773,93.0077482845142
4,55,0.0,0.0,101.40856678179432,283.13364333551544,188.24574279710006,84.06471448224772,332.15939433779107,251.56743303043513,68.17695298787775,290.63029738933477,242.75301808492367,119.39489792500171,315.1361577472993,211.17848965647715,69.20617869550337,397.2839686795998,401.6692211182882,81.47961153778958,265.5338924574061,210.68904295875384,97.39082401618539,297.90751894280544,236.2631428474243,90.02223296528209,117.34030672119815
4,56,0.0,0.0,97.63243514319225,258.8896731591472,180.58817766382424,80.20093561047186,356.4433823728394,212.98518375104678,83.18266080758573,341.18163077083915,238.47642773399465,121.00259748819566,331.9349448041053,162.981415404087,87.10820572486543,404.41148254518737,322.3328092427025,74.91544232368834,292.2996475725272,203.53274705595587,90.36146533042631,296.52260963435265,209.67190903980227,80.14743406186095,81.7635192769121
4,57,0.0,0.0,106.34007248314576,287.35994462078435,187.7500770455931,82.84508380365429,307.39440318586753,264.8616663211256,70.5715194850285,302.27389469195174,217.563544667766,130.70715255312012,307.884109323788,182.0085616514074,77.95909346098661,408.9437987351727,327.0340685868123,73.0859899433236,285.74207291269795,178.17997202538137,86.14386908093257,348.97809155880117,238.76705892482013,86.27989051411856,66.08230485694868
4,58,0.0,0.0,81.88552509342648,269.2235351248732,180.8219209975723,73.12700966968428,356.03247344243766,246.67773218689715,67.36968109315256,298.26274935865086,233.19638422085268,136.26604469518833,339.5799107678572,198.78755889308422,73.9681323165837,413.09472747389566,366.47322304411443,72.25349599737399,263.05861523515495,200.76676950424547,92.97282049014707,301.1570428383569,232.72189772473976,96.1821962350251,87.97705359660209
4,59,0.0,0.0,109.71814204433068,279.499906409817,199.2734535777477,66.79414540677485,243.5610102750514,243.95351829264936,74.54570423061688,269.1443278984087,226.1772706649998,128.54570050260673,324.0305885952137,177.40201924977924,80.56573679575729,332.3506888186889,259.8426556563065,73.69764245691225,235.52753883676903,197.8852849969012,82.39013809367783,312.90666830827024,240.52328560021746,89.17710776890927,142.70466125302582
4,60,0.0,0.0,112.397055477683,275.7282445707351,196.28247547335434,74.82229402683248,321.2857755648003,190.35806411489773,68.37790633490323,327.04647880478154,217.07958569871047,111.03317860496522,276.31035920914536,167.26434755895778,82.39870504652433,413.26708552144424,298.2844771769804,67.69929765225086,260.3754518181206,216.6654807176954,96.2694163950412,316.5284679907347,212.74937417010472,85.84967363452449,87.25905352482359
4,61,0.0,0.0,96.37993174572789,282.96038070284993,192.09693959198245,63.31823686264978,334.4469826405571,235.79754570346415,76.28746161247514,321.8986462342654,242.97287515552054,113.04869066679355,334.3993338041515,185.26322058634167,70.44743073079357,396.0376153553059,322.6919547671397,82.27835273812131,314.46514715573323,198.89749385338723,94.01579217701072,295.11594255731046,218.64747778102497,83.67027162218156,94.36292394591875
4,62,0.0,0.0,102.52244551689688,252.37869424126353,166.34694930958338,67.00390205250821,358.72571731643353,246.14820052022208,77.13594909871834,317.9832824220281,238.53383774612644,123.1556029570022,313.1308113410681,198.67773205309274,66.80210475615405,405.4827501967822,272.43954705739026,91.04724739520805,283.34147737605065,163.45200120597082,99.3612637643795,330.8256186858852,234.03262611135293,83.26155285181969,127.79811291662494
4,63,0.0,0.0,106.45376713295671,274.6041989147878,185.4901859067183,79.4067796732351,297.08803675288374,266.86974659677935,73.38937804815143,333.18968251054235,204.84777428959896,118.55072809820456,290.73712925273213,216.68127850307144,71.99650945254982,399.89450898708225,296.47376915532993,87.7585904850078,296.992882760212,168.9363476816661,97.16114186058778,288.6313064689393,234.85472413769833,93.38308699059552,68.37494542917122
4,64,0.0,0.0,87.03810588098715,281.9989532031721,185.09730867860733,80.71579916151988,354.364596229163,245.54899683453718,71.23565927465133,280.0045550356033,223.85228279003812,127.85267319554625,283.92115421909966,182.04210776997544,76.53071022646498,385.6253132486182,305.74573385602497,89.06179678861136,289.29589028643755,201.03469832365138,107.02533455912751,250.79583203054213,222.25897415504443,93.57162643892903,106.35536180805315
4,65,0.0,0.0,94.96701588751873,224.3890223323474,201.5117432255386,74.071373298788,339.36690370295327,274.49061487890054,71.46936567038553,323.80424825391174,243.06717084399776,125.39026932413078,351.4214980825761,208.8702166389442,82.20400924862052,340.447489704174,298.20176187118676,88.51915525200816,233.2478404564839,189.04232782427565,102.02824244577579,273.8019074934219,220.18583394031225,86.80515440951444,60.30074646302605
4,66,0.0,0.0,93.8670039161047,297.1591875087581,149.80824355649412,67.83319858782832,378.4899463301451,270.06654787624353,71.79385224020015,322.20592180918936,255.70108410702468,113.39829945276483,273.5295737699854,180.5502321187362,70.75610807953201,346.45279399183795,306.2229902768908,101.02819022245606,290.45631565263346,220.75763643209527,99.73057470387218,271.7327373759492,180.90908083636475,96.430755137649,99.98901432789972
4,67,0.0,0.0,96.64468310822441,346.67864715545966,184.50968711726046,72.31290583797339,361.30211649872774,330.22629781335564,61.9838506716295,274.94946770951714,278.1954580569366,121.51255256341271,269.7715514476725,176.79720467133131,81.76273581085708,389.3825893257765,299.18813707462306,90.71846273087418,274.49022488758925,205.43832208835886,91.0072408120644,336.2765475981564,230.07642224806392,86.76675387370273,61.49096973988819
4,68,0.0,0.0,99.79112249435555,276.7107458055253,160.82253876974042,80.85465332298908,327.5047324652118,225.64080899401816,82.98781897681138,258.0304213203316,236.38307026827616,117.49237377979728,234.56153685421393,203.46630409704318,74.92071382993306,388.17254754079374,254.7482590938857,67.27826180206335,248.34693579596072,184.2298895233935,74.7772056567984,330.0960947436081,190.26729215500737,87.18396298436687,97.42504702584068
4,69,0.0,0.0,108.17059173995885,258.00107995166917,141.6737441136016,73.48287788875275,363.6632419203023,261.42234834248154,65.28681882608475,296.0086409188192,239.01089401524405,125.85103253432631,315.37188534192853,191.68988400920261,73.00780554343721,354.05056142858325,292.9306537487782,74.55933015665056,328.99289044570236,168.97882703807673,81.89451814707567,324.5669188582286,208.58748190765425,89.69541171795447,100.8997648278537
4,70,0.0,0.0,107.34867916482506,297.86336845349325,176.46852316411633,69.01722707857297,314.53838757733865,265.42694398983593,76.51333377919104,305.51674940243157,240.85531969906827,106.85666922898822,308.4884919738984,162.81774126354375,73.49546583155566,362.1360364412317,245.30871417645506,93.91778690343406,254.62577468585266,195.6061859291977,97.8193124929509,315.1120871886579,244.69741282006188,95.0877607631154,71.32622563507569
4,71,0.0,0.0,99.93365159979965,263.56148048047226,165.71949206577773,79.22139584572832,302.4874492287216,240.17551330276916,63.88876118058389,326.29481022659013,243.21149800407215,120.30454707226448,365.5955460085643,185.0732181864529,84.46580241209344,439.6198801951057,315.11860516900725,87.84013597181747,303.42457971436335,182.06026225047216,99.7365387918962,309.25225950364603,235.48398558704653,85.1826039239341,104.63703037940881
4,72,0.0,0.0,89.33656458520626,266.23172032360344,197.6210514338996,67.74817032235829,340.19102226037427,251.40444334653202,74.63279828485179,335.6643140572084,262.08364076659257,142.75238142369716,292.1197907702572,171.7183545432834,78.45608297867126,402.16767305453425,305.51276396955143,82.18658416393683,302.2000966496061,163.9451543995514,92.14271107477313,329.1403706047554,188.19840189378584,90.68947783034042,90.51927326731283
4,73,0.0,0.0,73.39522471277704,268.6659967056318,163.75533212792374,72.04925041045013,334.2015752134883,246.50222839533,67.67478300909373,317.7958632947575,236.8159926914782,125.04958840048883,280.0009280105551,189.56527118475626,86.88702897597166,395.68420313713784,313.6007957933767,95.49875992182449,243.8172545446142,169.97358159511498,105.36275411607409,376.75973015936654,207.0038827445065,96.0517597224375,111.75431553569209
4,74,0.0,0.0,98.96640212245477,263.69626081144,195.6412471183657,75.08077866218451,329.83075315488094,254.50942323662963,68.60409923716344,366.7819168950937,236.60324513559195,110.93108328778054,317.1654641449553,173.56520622312635,79.13684800281521,389.97594940226304,341.2233185827468,90.28213013160286,333.84700463797344,199.48870815881375,92.9567216103371,325.5921272427575,184.95704029622593,94.35581874919771,110.73822636942276
4,75,0.0,0.0,98.65392457814794,296.1947949708424,170.12509646390293,67.39405113515065,289.8130193666795,283.4737703983635,71.85670131998914,327.15370649929775,238.29308533832113,98.99725306635702,318.695973541399,209.88144009481923,71.0864384678748,357.10803474243426,281.10312775114215,67.99227701976304,207.59162160111495,198.384507476614,97.54738198704392,292.3938119365516,228.27332227644604,76.06619096720863,101.75032718121358
4,76,0.0,0.0,110.88024953347902,261.75464718953356,157.94587924381284,66.44152408267661,271.66555429550954,290.5866664677358,69.63557618907323,307.6629504628419,226.56762476958602,127.16957167673097,321.59314801847455,179.1219034519289,82.48542475872286,393.98903057774805,293.29651652302516,88.6807305947531,285.8660521337362,179.2064078899438,86.54943917655602,291.0784515168607,222.63563358178476,80.74905836359827,128.86343609600945
4,77,0.0,0.0,99.1302237539707,242.43214485742226,204.43214548499677,69.66589377368551,243.9273578026775,258.6040747812639,67.58762549321848,285.4666185575672,214.12687101733567,129.60569313196748,309.50781563602754,168.3208433754028,73.83177683081195,404.1538737442275,325.06543481531776,87.33241028078176,273.94908488494605,211.77952368842284,84.82038653600335,327.2787621803219,233.8816419710754,99.88040181710004,107.6281083235417
4,78,0.0,0.0,103.77514728104664,266.131252945896,188.14004124376385,79.36419059603827,260.5096947903302,267.8931293517427,64.2199058754609,270.16853537213194,225.39750993731602,121.27028753730113,233.35211865768204,186.52753032634644,71.08903187344426,360.01471743585637,300.64836085119526,79.66589585036223,230.21879489679722,193.01680831788838,101.37635256309612,357.9692302028741,210.98145184628433,86.21567253474241,106.65769432525984
4,79,0.0,0.0,113.77832144726871,254.788912876903,206.5774932926966,74.78620092616401,340.4105664826739,214.9201776942627,68.1571164444528,297.79493795610784,282.4198495815978,110.47577476148298,255.94795330230247,134.04833188341033,80.76414349455906,425.14878392779246,344.9314939920413,76.65059572748517,236.57032910926705,213.53657385563534,85.9393439323541,371.6716024357641,260.5314701856522,98.32741757548773,103.32547306634346
4,80,0.0,0.0,105.86077050227489,270.1352244167251,153.22118259351004,68.30376479961885,306.70839175236813,229.87064114002794,64.0702877916415,320.4281320406773,216.12748053800888,134.38650398136207,280.91935011979746,196.59087674294554,70.69606195941896,367.1359558780522,275.100138679976,88.2204949785519,261.6217691157286,175.7264587056128,93.46005303884536,307.824538385523,231.82225967660221,96.30142628081391,127.28878454206352
4,81,0.0,0.0,115.67461289870316,280.697059559234,179.82293548087117,78.78141194322475,303.71032406332864,241.69104206344565,75.8433402402278,288.70404458068873,229.76999922438557,112.04692776158254,299.7781624344701,210.6262828360528,68.97027158916418,369.4313337161259,313.01371657514886,90.14161751213275,275.0787420103648,195.61892722532775,83.28597479098693,352.4401440179017,241.1799216108388,84.89389310472066,92.76082662842833
4,82,0.0,0.0,94.29175255371669,274.10750279713443,183.43128297051715,70.79487216042656,337.30189166123546,238.73040715687168,70.25149979539351,294.7630357914367,249.42848693964356,116.13919531699302,243.58215173910202,172.8454424494443,69.4764513533745,390.64230094850285,273.0158688528219,84.1638635418511,309.48414357599216,158.98727104513824,97.4715915314047,344.5989348534498,230.3006709766514,90.12667934315229,114.64710247072549
4,83,0.0,0.0,97.38391060372582,287.82283196198284,178.09645246432373,74.15687487517492,341.0571268421775,262.5102165345749,76.22656554113347,295.3430160539858,227.53148615176738,99.54714600994708,291.09992322665335,185.88999490837932,62.66622763839369,355.6103467278617,295.92391753368963,74.91924450786414,317.94567303234226,175.63973118824453,104.19495176878524,328.1599658456642,185.51289927365696,100.00504613489761,134.05161961261848
4,84,0.0,0.0,119.47710853306903,272.43995267382934,197.2608124010969,78.19327327525541,323.32430840463394,261.56313604149136,72.5884910473984,268.9024009800391,252.22382395892345,113.03670707281496,261.64132736181494,193.86691764491843,77.45703111104189,393.68098337735444,282.2761242984901,68.89181633270123,260.9373975122489,175.87110852048295,80.38763794250289,381.9807611873555,246.24393572819963,98.68217917139738,116.8296937986333
4,85,0.0,0.0,87.0451473357753,266.8907332226341,168.6383932730389,71.99968142650212,369.1780307756096,246.30044641408878,64.11093964406271,334.2139636489907,266.70926836524814,136.38016802240207,281.1385044806782,193.55551602381115,75.04824491372848,394.73824909277073,319.82487715321054,77.83746196726753,250.8152395652302,214.70238662856246,95.2511961110091,301.3049335245649,277.7821870134204,95.09663334975289,96.05792814265867
4,86,0.0,0.0,99.15975085456985,244.26384588694958,182.33691449074078,66.67331191653888,309.6156774769128,214.72496977148344,76.38120049344418,299.70098724231065,240.55222757762755,127.9952792337385,300.54507643630757,188.4276048525598,71.43900282446329,343.5556673285793,236.72647175365853,99.92480376266607,333.8605494932467,168.6966619265012,96.05891862276367,329.25662857218987,224.51700474780876,90.95107090007039,102.95739916161688
4,87,0.0,0.0,97.07478485256084,279.4839254414499,184.93221195085047,76.07383254248388,264.19410461969363,245.60564893974907,67.08542445566549,330.9503481072932,246.21756551943088,117.19912524536132,330.24668095782096,169.60995823376405,69.32713723101486,352.82703847777293,334.79397254439306,86.53964517253718,251.01707735278603,205.07192501333836,104.81746405094991,326.992437493941,217.72206242119717,89.87025829238684,100.5702338233016
4,88,0.0,0.0,107.62664933901587,301.2886246662432,207.26061123956177,81.53532304223586,276.3256136826664,269.6468170824158,63.23766467353786,321.24041519502174,237.92258662354482,132.00456017477447,323.3494378343299,202.68774269988208,67.23906785578323,360.5159187531567,324.2496818169756,72.49186223054349,259.4622909721758,184.8653584484113,88.12455616673326,343.7297692934161,199.73548119770015,102.26469726821486,95.16310456132938
4,89,0.0,0.0,100.30740939005265,317.7618476566204,153.2635893867908,77.89404372750867,275.0700587868162,244.38567941003294,74.27306580218188,280.9834520657468,237.36159619322865,117.27937750588754,308.2535406803214,201.306303082052,69.39822821725471,414.6707952657503,333.7837956099437,85.99718698842801,275.06718686595883,172.71028168901472,81.55635818465275,299.6205208129662,190.78775113686777,77.6689331567788,134.9451027287133
4,90,0.0,0.0,106.17641704937908,232.61938003322285,182.08499122740076,75.59245022388492,375.5790113435657,236.41250112365142,77.10914492829986,306.49768976757133,186.06867418835293,101.70089206779758,324.7219244377539,187.61139994943068,75.99933344410537,413.96831973267274,303.72147697068993,87.24583990534141,250.90311474913437,182.0362370348804,97.6666851815558,326.588372837694,238.63248299953844,90.3788290054568,102.34472405619076
4,91,0.0,0.0,88.2283771941266,267.50830939723454,166.28483343709095,79.78363201002333,308.867387393172,245.8092983670643,72.30211996879356,330.3917777814254,265.44787350058016,109.40179314770957,245.77554819849544,174.83197659011873,81.22042575786942,412.3942082194552,330.9054982795371,71.57114579503366,266.7591067558122,218.66985646016886,97.28712876717428,299.76877150585767,206.26808757406113,81.83000783463179,95.3952836544668
4,92,0.0,0.0,104.42891234681002,271.79486033197105,155.41275698978455,80.21911385707847,328.82791391277806,212.26534326767072,72.9269692428417,292.84899522067985,227.7676302962547,116.07804813829455,280.5798403459653,170.9281747103062,71.86137017440342,340.59770227317557,276.0497506893712,78.20398140571758,283.5953052369057,178.6768728940045,80.33907791734887,295.24716154285727,224.5652084146855,90.72202037840304,83.06220369739677
4,93,0.0,0.0,98.83715308113392,288.22302101087854,190.75184296135484,76.2928542801513,322.06255889475204,272.1804227827008,71.34521123940382,305.8547110301473,231.49825916301174,123.93861194962989,304.85058042862755,174.28784655360434,66.03479770301132,376.408209622561,380.89151780799745,88.61197628105364,289.34105029663476,171.069863264245,86.48419394483,319.952850580424,210.02927404927254,81.88933237380722,103.3736845230281
4,94,0.0,0.0,110.33236418716095,261.1908536713532,186.50154515767915,68.81398511411798,296.67882699562375,257.7062027454836,67.20365269321822,262.9602254409201,205.76115966353376,128.38060497256097,276.49419549781067,158.45765476018096,78.95273463085655,411.1008591507511,265.94590025087984,78.47796260961961,248.385071124058,173.85185586126804,83.17007790959308,345.0939206062045,209.38814444814986,111.97148280238082,102.31139506316399
4,95,0.0,0.0,102.67178557725624,298.0489271857623,169.53405520248128,71.31728921012173,327.0357801726987,242.70567020153084,77.4159917635788,301.39071989913487,227.3509775559071,128.789923356771,300.7633683456675,156.7650546741738,83.79824834397175,374.8518894955,345.62041007096093,69.20183149096165,257.2409308688639,221.93658380903116,92.27591109988639,292.5073028813781,235.44710594053004,88.10289304065117,105.16513029246529
4,96,0.0,0.0,114.21548706735946,307.901298038348,167.96105623775358,72.60960209699064,338.79532190966154,339.2213320838622,76.87005187536428,290.003120083038,243.774410681273,125.04340234200924,332.35490372725565,203.5846860244987,80.53153306534287,350.29817501499366,365.07699099046255,76.33620867839028,302.8647336945644,199.6156272478802,97.40444098393826,322.13870583186105,203.54119825973436,100.62682512096464,101.23283556632013
4,97,0.0,0.0,97.4067509989437,273.3377016725485,177.3917248541167,72.97335449952664,311.38547987463403,189.0110891087584,67.87571568320179,269.85490152793994,257.75540497334157,127.47960618632737,285.5749448743006,183.14703272367194,78.18199719634846,422.3926084976955,301.4212917714249,80.31266174527164,289.89142993836737,205.99913657465564,87.56125882535265,333.06793171153237,288.3099182338907,77.00749855948685,58.473722249049416
4,98,0.0,0.0,112.51980496293356,289.26703032271274,132.14401676970635,74.09536834405556,331.52956860224026,245.8839871938582,84.28240265906501,245.02748927801866,228.2881036966847,115.42965102726046,245.6110425629088,184.4944041342814,84.59508128591148,341.81901813139814,266.4499059696171,97.81926693647351,256.3487564056417,193.38454418538728,92.82590514167323,300.42398996302666,205.58759596989256,77.00312805994386,117.00430047972507
4,99,0.0,0.0,91.07477353285228,317.1717045910291,200.94689605337777,76.89969976473854,296.88440549292875,252.05139049327025,71.01228715616722,303.93137994275327,266.46925369164416,134.69458083907213,331.93972860365506,204.5739582136002,68.41519514052598,338.0806099819963,287.11076116581387,80.65077597883565,266.67156144742626,169.31271431999178,96.35329083539658,287.97538063003276,219.68602638555151,102.51813196731885,102.81658862256663
4,100,0.0,0.0,95.98266409741325,268.4744581927393,181.2281815223751,77.58367278703881,276.77114977234874,253.91266247884073,73.40672605272054,318.00683201972697,219.611821101277,114.29000569404431,304.44565606283436,172.93106012996876,71.50102533999193,352.87402475766316,309.8993153263728,93.78561088580553,265.92095935678685,166.29351608339053,83.60044701507626,266.6578207198266,256.9661417560941,103.63274679969146,89.5205017344826
4,101,0.0,0.0,93.7299562227305,246.62690099779616,177.40356581757086,81.18324347307504,324.9537093455293,245.68288387535756,69.68386501799438,357.3948805666872,259.11278555233554,141.20061975491922,315.92574831176375,185.2183612875626,63.40101424817698,321.1527417363832,308.5576895803275,86.42455125535079,284.5590445173412,157.3390092918087,95.86647867139246,322.9645650567438,248.7401371856756,92.07872462152314,94.75221615071689
4,102,0.0,0.0,97.27132498546693,264.56345902284215,171.65015515936804,75.35847037252412,301.74956405989,264.88123431429864,76.15316179518736,292.9796889991775,207.4042398578631,100.7746074116195,292.73556918135444,186.60791200264578,81.94905170899342,369.29448111390747,295.2123698095057,74.68075912593102,236.7558060982959,184.8001366575352,73.51801699791032,327.1292608862764,262.36510551300216,85.63156841520222,107.47440380767328
4,103,0.0,0.0,105.7367975630521,307.0195903347415,188.31051480808483,81.46162736677694,320.29270533920925,279.75417182690114,77.37068972126674,302.30004202069523,224.52427904710385,120.1201819485751,302.3172695228791,165.38755509935564,93.31707016996148,364.41572504446475,342.0485754187722,89.30016533353586,299.6649457832119,165.9607849335167,85.28745469319824,322.97910174297607,243.19017088285614,84.42004303102733,103.76781579309848
4,104,0.0,0.0,96.48765732931834,268.9116137720779,197.126180639736,85.02315503925796,319.4331600165927,264.3770948300107,70.61485584887762,291.2457293351193,244.45304815528863,131.51015587025694,323.86704989013003,207.14151703296295,73.48288526290064,338.23516081111535,261.62572713430995,87.84767480431957,242.854135930369,190.4343693700122,93.99994626115254,307.95493829191696,225.6472196124625,99.44686701257723,139.88111504668205
4,105,0.0,0.0,111.39867929578264,257.3749828104954,196.13645609621457,75.2307682333173,307.9460481994514,235.68044346097795,74.15962741726327,302.8799456400237,186.81341147652955,92.97038814265647,303.1921506432961,194.2559815132723,77.60953847600398,375.123887093858,268.3221684252942,81.84804082740948,255.84941705713297,160.7677766754952,84.47105820410165,317.18433957621016,231.66608040241064,87.19995255159026,124.56411535170353
4,106,0.0,0.0,97.66062426696982,315.6988716240341,172.75421922781948,84.71172290900162,397.3618917791617,266.4758435982288,77.78483241018552,278.77647414050574,241.32513300190655,140.806399659471,312.6513242850617,156.0902119351575,69.14655651919843,383.79517918089937,322.08372541009425,82.33622415601774,272.20227930405593,150.13990163589492,94.7531938687483,275.902625862948,178.71287516948735,94.72593666762145,110.21724363213683
4,107,0.0,0.0,91.25981124009579,290.1587702465423,204.90087424432738,67.04227445403005,306.2121335293131,263.6120500645228,72.74089315153884,318.32098753833105,266.7591196945274,116.21031683891567,312.2875560684118,190.5980143967671,75.5126080732751,381.9681482995977,307.2441071796158,81.08326646688172,298.20297764023263,201.1196337562544,77.77524281458551,300.82563084849664,244.34278660804338,90.92692420940273,66.74069087261509
4,108,0.0,0.0,99.45515544312491,308.4104615976072,203.4892729611832,70.05378113919282,331.43902017112003,195.95827785513717,74.00024470606625,273.95356091509717,238.19464897038043,132.84935917280927,264.8428296084134,184.06720101523575,67.89924480449945,371.1662512174524,331.2187805371521,82.0607662783749,253.6960359602988,182.0568608154899,93.29594784226377,293.52425390705474,274.2584388519348,108.84755850211451,112.66465413483319
4,109,0.0,0.0,103.18004723329925,298.31840594143983,180.28213819918344,76.13414455105334,347.01253677397074,258.3752671928276,68.53599460097291,286.06144821621734,242.62754624049603,126.97807543709354,309.92640647909013,155.0096916124606,78.25824286249387,383.31591956994885,340.9236109897071,91.8059656326469,267.8484691777249,184.39877194590528,81.18310062363537,297.0615368348017,251.56769295996023,95.446974456305,89.95892676254276
4,110,0.0,0.0,84.43032302154172,279.8491802489865,180.69370804880197,76.96074075348434,305.563322554441,238.10133557531418,65.20619247885531,357.1940329615415,216.85882627055497,136.67336041170967,299.97861578805004,192.8296189182804,84.78118300981781,408.38447870016137,286.31200756908333,77.13962547275365,263.88747280182804,193.73017970111783,111.45485324529983,314.0333985389412,223.8836504033984,79.62570394514884,114.08928081577852
4,111,0.0,0.0,98.32182120178152,315.90929025369314,179.85238954676322,69.11053674491026,339.0912403052356,270.89911059593516,72.22156391043245,327.6929427573562,209.85275834735862,118.41557626743364,271.63180249501187,162.00352802783632,61.80190212403807,367.65116759574204,290.2397433698208,77.69828722890004,255.65965987603624,182.3890907931392,97.17812302625313,290.62871099850975,228.42419665227038,81.67987040261085,81.05445909578683
4,112,0.0,0.0,101.029433696605,266.6088306897885,160.38300236749225,80.60823614333898,272.20694628001445,278.15180162686494,71.61452708826556,276.43896544835957,234.62098787039827,139.3879420297682,335.09141715165754,152.0781244515308,76.82613121604994,438.03963606294946,318.2476379546045,91.36128084522119,293.4406632271602,175.65687883533167,85.30772180852904,308.9382204808081,226.76763600893352,87.23097360107346,85.45548437087572
4,113,0.0,0.0,106.73128400615676,289.0988558238271,162.9840254137884,70.26812020387527,351.4195573741446,189.9892645583541,75.23005011459539,256.04924339333496,217.08543248260287,103.81127653038311,275.60441145493996,184.3625277742981,71.83649080328875,353.6651898770293,368.2160895852827,80.24270360467578,272.0660134047194,201.35318406515552,96.97382716551921,339.08650749865825,203.06229871334074,83.0979980263468,120.03776355588438
4,114,0.0,0.0,98.48482522279998,268.63902487674596,178.73140863732775,67.19873075488661,324.49515634897193,252.2297522843212,66.43545344699733,316.6601955193448,236.13947261804066,129.30718625188123,315.394286833126,195.69395472361757,76.524856473175,374.44582475700156,311.2168841297587,85.1831054998364,249.5934790671053,194.26322891026945,87.71703753425726,257.61555987405234,230.84821546012648,91.75914408926135,78.12471290453324
4,115,0.0,0.0,103.31122103940241,302.9091547767564,176.73395662395433,65.71514670232139,332.2876900222183,203.45828367354903,82.29766975239232,307.2922342637857,231.5321613562884,128.24302267282187,273.72868379624254,181.16836783620693,80.72400989723118,403.04645157279083,319.80817949866366,74.35030668686213,295.9485175317578,197.62730799746384,84.6339802417335,349.18252695838197,256.0894291825638,84.77474897712385,83.96551580447823
4,116,0.0,0.0,95.6536835250735,281.97591528726343,195.98804373322017,85.84135251222999,358.8875714928678,239.99437578618094,73.99700207600583,312.28027314382314,251.66741477801338,120.58801239114072,341.85215276176103,176.99845449253834,81.213361785474,423.89890225088345,285.7431149612563,75.37933635303389,268.3385280583499,190.8977277149511,91.2901461852049,350.7928610780898,212.42368544329847,92.85018131593846,94.31514176941971
4,117,0.0,0.0,90.33862647657577,273.87825643217053,163.74577360536742,66.56656492088015,326.6795010453261,231.7527086386738,65.4784894526543,322.7524483906512,185.418779248257,109.89633239143097,335.1664539911776,196.93749284079104,70.12761617833753,391.9881900876878,311.1383364634877,86.32401189654595,267.8873256908948,213.79099593974107,86.02335140726468,370.17261813812524,211.22373850775227,66.78136838118905,130.13534483451332
4,118,0.0,0.0,88.5488026472523,247.16797132736593,163.0079555585869,73.73811154474204,336.22507724065343,191.60169990796516,67.00234633884216,296.9537044794889,200.74058393478063,122.85656545592148,325.93949319225726,153.4703189243604,81.32488952947426,427.29053024931585,274.3349141429833,83.66865645461596,275.5848426614603,207.974565382994,85.73421132138543,353.49086873095996,216.86130398177468,83.17111454255519,118.79202572808273
4,119,0.0,0.0,93.67144071666759,260.30365377831487,201.84865594150767,61.43147448291714,331.74416158216223,237.8828480467129,66.81468916543857,289.8505259476748,215.88415336112854,115.41021147494217,314.5906761053323,206.0026423861124,82.00577458643679,374.810360236797,287.65948622317165,78.06423840106146,301.75101739569936,237.33292329675874,107.13081777375177,330.55619868909093,226.50241528355608,90.24450702319416,120.3901473129176
4,120,0.0,0.0,96.3565510281459,247.94071308624896,164.97337929384264,61.12992317529257,339.7807996620627,222.62909879903947,77.90776631398172,257.6078452813223,257.5659421174193,108.01912904466302,303.6181978122117,190.3093625442732,71.22800401742431,371.41889735186675,273.3219129105938,92.57465880155658,282.0474728343012,179.45186447086377,93.39598396268646,313.7016499361735,227.5061456566741,100.86041301074133,128.14728792359978
4,121,0.0,0.0,85.9997935117558,223.96502536427363,173.65590658621784,64.33852634292963,349.9699542172814,250.83032959957112,62.75619299628569,278.7885355529088,274.85618768800504,106.25742343343398,328.35726567134486,165.9745358018654,76.29096614566804,345.7233617547072,340.6691214924651,75.9936980439404,288.6279449260091,194.05756372286433,79.58104253804582,261.5607530666319,274.57888821857154,82.11564053058397,96.79695499200449
4,122,0.0,0.0,85.67669199187587,237.17575308803362,157.24806500341518,79.21590174219298,327.50418272410843,266.11655101190655,72.50172408410025,315.12058984200297,291.46744379531583,127.63344746398478,231.34436450060522,174.97283211467985,67.63080547661187,349.9216386982291,317.3775998250665,78.18028266611287,250.31887415217088,166.29879675030398,94.71459935371067,299.62955571407645,271.9231344026316,99.72520650751078,90.37778341165428
4,123,0.0,0.0,84.31185313810764,247.28241361945288,193.97960641959747,68.66686624796293,301.65228844734685,201.5777681822476,53.97537667923678,322.8032826076825,250.754777236151,125.78112345352022,267.6658988434341,192.79753881860958,77.23734874265615,380.65392911719874,319.4140365497165,80.8060219130001,242.1218044109553,159.97593924561988,92.1979572277077,341.10834675072846,243.8511214054467,100.38324321832641,103.47122404397379
4,124,0.0,0.0,90.0478769344716,262.6294684170665,165.37398684808272,62.17151977510338,312.6089639326956,222.8729344379759,63.495662216893926,246.18488558100142,238.0496521280259,133.80308309655805,286.0965181585034,176.6620159564964,92.50342114565903,374.56379637729725,321.66021267843223,90.59033417561963,279.82320574848944,167.50867881812007,94.04671323399027,329.6408169895099,258.83254904397234,84.05407587286744,98.80873774441389
4,125,0.0,0.0,94.6617675409049,302.3507975811088,189.79042104893654,60.924039078130605,332.48867398834915,237.13847181145312,73.32180875437184,249.5951217121091,250.0720553320096,115.72044245395902,345.3301911629198,186.64067524075375,77.9215683152822,397.87317720750127,287.51168339653907,93.38295562886921,260.10758636109466,159.02244394459814,109.44016661074326,364.07283062305777,254.06398793626263,84.7682402053988,98.18141637281867
4,126,0.0,0.0,110.9526539016385,268.3471575570713,145.56872118642931,77.13498365758751,309.56676907072705,241.08068060648574,60.435832628818275,282.6261639698357,258.56724340706967,91.63932640868337,312.1514403870775,174.0522838388658,85.0166156337774,324.3970740754207,331.14184313931463,85.01779289539203,274.556413703168,199.71136531168474,96.55790005655668,330.12394926055185,222.59566061038328,90.34626827297602,108.45941562832763
4,127,0.0,0.0,114.04925783962166,246.92859556679903,170.57576666481097,73.95756235552844,370.4095242305145,269.8831544280918,72.79012211782886,293.7281366016036,222.95279122310788,118.54772533216047,312.3800821455285,133.01553565139125,74.04649704001896,393.978735797433,329.9439388820957,80.22897777949778,229.8242554970305,182.31090764027215,85.52701305118168,382.20503294093345,188.81440141588493,84.86261797017474,147.17889951697308
4,128,0.0,0.0,84.64439447761723,239.26468083016093,152.6557810939047,88.72325301150723,342.0417508374941,268.1529653433927,69.47580995035403,282.9032032529452,252.8442821797009,106.02742710025748,273.68860756003164,201.60501295662374,77.66097135330435,363.7680317630704,317.5405127861887,85.84061816030021,241.65476621131694,185.33498485973834,87.40326971431345,292.9705266223903,202.12368125165318,88.16050553132695,84.8958311702865
4,129,0.0,0.0,113.6988850309848,297.1161778348426,180.13670606592447,75.05458124989218,336.3101897382771,270.4238460632135,75.02221093636993,324.3377514341914,222.1574176766769,129.92661452035492,312.5599151906364,170.64390406017108,74.36239019411771,445.8699148862629,274.3500090193224,81.10693134982233,292.04278513054237,162.78042637129604,86.67837816383417,333.5275967157293,240.4040844354306,99.26457368801744,92.61703587763516
4,130,0.0,0.0,105.97618804310713,242.36357053637164,146.07137910665662,67.40832980761485,382.5954181955467,250.00825844087134,70.00282181966809,271.8343177609555,228.75078333248246,130.11283259787209,265.5737678978624,171.35924319889858,78.22248064488271,448.3538274820557,322.9812233670607,85.50648571159617,297.2689287191784,188.948972632629,102.81938720462986,281.31633712951145,193.70067621695324,86.09906970115631,125.34431707823603
4,131,0.0,0.0,85.6315482950923,271.76742094777904,199.71802691951146,74.08782834024629,338.55010579379024,258.19512870427207,71.8274140553545,330.2770160872745,248.52772318168226,114.93312760861195,308.2429473436065,167.4831462745139,73.81001621129504,380.219601524825,329.97046548433013,82.86351494532639,256.67709752747805,168.6392668717127,89.63238508395811,361.7922061232907,194.15144813026427,80.95065777134621,94.43375666867931
4,132,0.0,0.0,90.64466805837304,285.34463986767474,171.32607747982965,87.16051115289466,293.3372419133416,291.615581803321,73.89301326137232,318.33877817073284,231.8886552578621,140.5731573245963,287.30961590690737,185.6977803205023,70.46519257468643,391.7666261693605,264.22180082267874,71.80808220204356,306.9722138093275,206.3518870021782,89.89672020072062,410.8773498030255,217.096044794315,89.75275558495304,107.95445152737832
4,133,0.0,0.0,103.24145169310988,260.6487952174011,162.48313564869676,68.37458065165953,314.5829130129086,267.4328696387276,73.30154509306496,327.4801446521311,236.52036646251014,105.35001705459813,281.56484497199784,160.75249510342184,68.73247130716317,354.35430996955637,244.35315636482227,86.11765446000454,291.331648458608,200.48368275025484,99.8052083179787,321.1971583286844,200.0762480131856,73.90694705784702,90.6455387594872
4,134,0.0,0.0,97.82060809377253,279.6505483743319,199.8388828268082,79.11846704871552,322.075517887373,239.9622359372326,72.91005305295383,309.9964031420122,254.02862834541315,128.17004517113838,279.29608751084936,154.54556168762397,82.42218379841776,416.80075351678823,344.91721255879145,81.56940590576713,287.209040872557,197.84185174766122,79.71011426132047,375.0610093467729,272.4284551708322,77.09014149560899,95.98234780862876
4,135,0.0,0.0,98.19064420331878,287.41283244545997,185.65850263854065,70.5659049085988,323.7241887271425,205.15076654141197,74.79060616940149,279.6469869349365,236.2164312352421,113.83983458038836,288.1435668970563,167.78716538212092,91.71981939880672,411.02058635022155,342.2608806660878,80.34993121746452,271.28840998338603,199.9023870856984,94.37210679861555,351.1889216491402,266.8065366056721,98.81222857472261,117.27590392410556
4,136,0.0,0.0,99.23187110486421,268.37683508082205,188.05233688057837,77.63193545711194,338.5959944602217,292.5941207759481,72.47318067228663,315.7341838022893,262.0506093773873,129.80892054495826,293.8137151033228,177.76620496376376,81.83391964513504,416.78931795988564,303.52537195458814,85.50562075168423,302.6402803904845,184.48963154970212,86.39712622277327,353.8569245203099,240.95107049702642,99.61641296979724,134.60922196434544
4,137,0.0,0.0,110.69816290096199,269.09961913653024,176.9907009885323,70.80766723716116,255.16070629401526,272.0293010300496,77.98783126241726,296.27758682089393,223.08480702928964,122.70070827638662,291.12098143549184,215.4222191069192,72.9966469174887,340.9260159240998,247.14041640405298,81.7898825654116,285.5751713666259,166.31781559208721,103.41104557057348,259.5832442740667,234.7402165897865,96.45464369060842,88.19214070161274
4,138,0.0,0.0,102.34767099594555,273.19349673580507,149.38814824663652,60.679636489551214,322.5978882919426,274.9705061489275,76.3244506488319,327.83481303276017,216.97952953831216,116.94586000938705,315.93057212116656,181.03694416921292,80.05035758702167,367.0417571908913,371.209503924478,83.09926870480221,317.0744023682576,169.85635224967248,64.07122893780155,290.08889196138534,206.33958803152592,81.68851564098956,65.58008227255493
4,139,0.0,0.0,115.79975144726194,263.04861311270747,211.30110376857235,72.33012634362402,377.0943209646671,235.4847553541376,66.65054611530216,269.46590424732193,245.4309543767856,128.58616606928476,298.0476802638141,178.2798020707315,71.79383963946283,421.2757053393361,285.69332990998316,97.3164639940596,256.1451680022181,151.10076849454498,106.52926943834373,278.76143370441355,222.92759141760627,87.87623681458233,108.84755724292175
4,140,0.0,0.0,104.14062096926185,242.22398584433262,184.97039809605346,76.50257446435796,326.7893769341202,285.26477010677036,66.97071721104982,315.59246610202877,218.0236395468238,108.1724445799208,268.9548142746499,193.7621869500212,74.5365568786061,363.9114338297713,288.30518960544345,79.11646609617151,213.5250829751627,208.5165637144815,97.15038663806561,329.8460465908779,230.38607352572413,86.50738552106287,88.1968050110041
4,141,0.0,0.0,109.43533568521221,302.4768071248097,173.71523587661332,73.1086496640522,312.688788037647,275.74819765946955,68.17714721694787,332.2134611869181,272.7749182118237,109.76617485033906,307.89102920990723,200.97930544577088,75.95757378371766,474.3604810868598,262.98803384908166,83.6827217426606,289.4306529854623,186.90705545023945,85.20311538787756,342.0174601090136,219.47148589938777,97.66217533730664,88.61812811252626
4,142,0.0,0.0,101.64398944792528,292.43472945889954,165.45880104327284,76.10273417822886,341.64737289481786,220.31949988310234,72.61567406700807,320.09297744335635,237.20324169553268,121.75259757233121,313.946804350245,166.5675085002283,82.71598556632323,380.64752741124573,302.9374008252393,80.74623593500708,322.5241382091889,191.1662293541206,84.93306422664877,285.9827394822556,240.5165727212093,93.8404175111585,72.72484356014812
4,143,0.0,0.0,94.50248395640345,273.7279292034684,166.53934917472705,65.68152125029445,347.136601640191,260.9307503622514,72.1480619392813,272.5019040357606,223.74025676203874,117.27709390431322,322.86252863754476,180.87310903851503,71.63865957210426,449.94805049096226,335.5876231310189,77.1180913629308,274.2654020757652,210.780817364014,76.95528803360801,365.01667542619265,233.7854822499535,95.96875264842461,109.03736029345173
4,144,0.0,0.0,72.45132521988751,260.29616119531073,166.55954215778914,77.28956844251735,312.6773277911135,280.8804554800898,69.20384238396444,307.6868967879857,205.0052249402484,118.66254696813779,310.8043762589313,176.20789275907453,74.61779862516562,374.77292147584325,317.9905963749798,87.9959041834118,274.7839058304152,165.6593475171923,102.59929848566591,354.14809111438205,211.27823270554566,94.66348137972884,89.46116281354922
4,145,0.0,0.0,92.2409523327392,285.2591487218063,176.99131766287866,84.76611723052233,294.1176578022689,252.71839188386113,72.48371819267554,311.5800692579771,222.96624317536063,143.43572557608516,288.0232446312908,161.30387106620032,63.969065862797656,406.1126278033761,302.06603137032874,81.85855937785222,279.231398299725,172.7763712050309,100.037017128482,320.67552512873584,237.35111884946508,76.61058630333606,108.46835996713318
4,146,0.0,0.0,92.83274240439938,285.2672313928748,161.6662861665316,73.48033680845352,348.9868936218586,236.88348920137958,80.09951113585932,253.4769812988776,200.07564852973871,122.24491951484228,307.2754201046046,175.77303704268772,72.99041865558453,338.29199933676625,294.9607733801236,72.29996393875143,263.06754871925085,195.2253504631598,67.01591868091718,318.7923997982545,216.9676386465027,80.54304193466714,119.71441241328657
4,147,0.0,0.0,104.94276523815145,248.11507867553365,159.36133848285283,83.24835137523152,329.16423828887025,296.3315763529436,73.54731328041751,284.42296994678657,225.51283411473642,121.11745620480582,270.2075638851135,199.60836641329018,72.06159470024538,338.9123358443709,244.9413652324519,76.95471517782373,269.38424872873304,190.28358442970858,96.84203403548233,367.0896738867277,243.05031850973887,94.943968260523,118.22899587374695
4,148,0.0,0.0,99.15821714742071,318.032413835461,158.17059933353076,69.0600309216649,376.8714779990805,239.19052352122497,78.70491283840191,289.80608125972606,242.02460286078448,121.66798161438511,283.4651475855766,201.16809775212153,79.02645497067478,348.2443971511014,330.4433284298457,81.31552638784304,244.7821327675299,181.04507414419982,83.4358616073229,267.4602764431297,241.23374912875528,86.9809097621462,88.81537836342797
4,149,0.0,0.0,97.97871901759193,264.87300265805334,189.12074774851612,77.59365477092585,359.4557573743012,241.0877178407242,82.36374142598049,288.45503770203607,255.09915564879742,99.89731978625767,293.4033702148102,173.4261389624768,65.49271943612449,300.0953330361261,272.00081162263615,82.76499963419481,286.68302177501766,215.326434769589,83.47343972617901,328.4056597508512,243.47493138279188,83.50846411571526,135.06516551193437
4,150,0.0,0.0,107.26296339017682,305.9262894859189,208.8720534862036,81.25507263722884,346.2089253806466,259.551712215394,69.84888439636612,305.8711411875393,235.46141022376338,113.37785520627942,325.83053060129646,180.0963901730248,70.7046153803616,433.0098335432255,301.60534712509576,92.49207501169461,277.09103914345997,198.87352283303412,81.55765121070505,301.4114270864173,179.4190930428785,102.3888465319618,98.31368102916143
4,151,0.0,0.0,102.26357194864724,282.135248787978,171.66316389349623,58.61379306160977,272.64236116015036,268.2877364277033,82.59371618365188,314.75597335535093,219.64789578196564,124.98078521496561,308.7412421747277,181.15517109478176,84.87668101081675,362.7884002795218,232.42035829275,82.61746629353887,259.28592439431907,179.52058612720248,88.23153286284708,336.7769706071315,201.8651479996595,79.11203420280451,114.64094695721444
4,152,0.0,0.0,100.63405891758288,282.0002290050196,149.76260266470234,73.21244398024565,318.4175962896243,257.3129317886034,82.73110945772287,273.2289966148968,219.14081982422437,122.13605828003992,320.7175300103818,183.8179481983909,70.21278103296635,442.6562918916687,285.10856928463085,86.79515852730596,249.2607786020836,182.14842877606173,101.40473371658244,312.31960958573444,247.22428745521907,97.04939100515983,105.52010070288877
4,153,0.0,0.0,93.76361216404958,258.97165941297743,179.44428483406452,89.13070530283444,325.2417147493919,268.16488994403113,58.62856718429738,298.96910916367426,229.3106316071912,117.07968296434022,289.42573431492883,175.58263332784136,75.73147315305354,420.76790100969026,406.4898312074517,87.84115693335745,239.96387851374968,189.21316195056096,97.47024088874733,276.49783384220416,235.62396365373348,90.33936527635252,121.20062520270679
4,154,0.0,0.0,106.55510697614177,257.488812318852,170.71304415448333,77.20222626991028,304.23488013453874,240.8859081610609,69.524008884215,329.92515390444333,203.83114968316187,118.9688701119131,359.4604934821828,182.12465174509478,75.22482130989694,423.8092609903164,360.79735873140004,74.46549053274842,272.61063805227406,171.05208213460395,98.490407136181,346.1826497230693,196.07260952705263,90.34160043320644,105.33092072699523
4,155,0.0,0.0,89.01631367369396,279.60131118353894,176.6808863387132,70.98372700524885,304.0770529397177,257.1227602364987,69.98061729798292,328.59755885976057,262.30231202956753,126.633086864684,273.8811403405582,213.53359634848096,71.73282087278957,400.5800777765773,344.8606246775816,91.81737570227999,284.0539173677236,189.45964860149414,91.48484903083796,289.9734892334043,224.95596476102568,92.15024914951248,72.0920893101639
4,156,0.0,0.0,97.16017775053169,251.63746426024778,186.456463366552,74.72861495437122,332.18649337783995,266.7537415795397,68.75873308754609,277.4793368743222,222.27400206839076,99.9043892866238,304.8246084156886,193.2486533916313,63.7060655218573,385.3827297244566,242.14312825328972,84.0293600042556,336.0329473204369,223.36141171794458,100.73558432619018,335.18051375371283,232.2314250238718,83.97394063551835,54.44534076699924
4,157,0.0,0.0,105.02974507986981,251.02799633072988,136.21020456290077,64.39405136953653,316.3234948810809,247.69173753860122,72.3526296613668,261.92899327380263,250.1056001577226,107.29333808496517,280.43668069494396,186.17221230319996,72.68775732517334,435.15316858617393,337.5203574134489,84.99536360590936,308.47468966628423,187.35357130308023,97.42826534294242,326.78811491851485,226.9261679933204,73.61530184712606,103.95309486840151
4,158,0.0,0.0,102.45450768948132,275.7567758947765,180.4983597815865,68.96377420210901,281.4775322244902,270.8268128554983,71.26177186262302,329.7554434008117,253.0407254703121,124.61984131309599,307.7716389464526,187.41300172737726,76.91508836330458,422.30024253826593,317.79732036548563,80.28149881179216,268.9483961323864,220.01120912047477,70.99692434748465,297.7454795626559,262.0901428428334,70.65031100714457,96.45344266706952
4,159,0.0,0.0,107.38737366625513,290.45795045829414,157.36235969473037,78.3489953864026,337.97511153512625,252.349096024965,67.81150629141347,301.5634409593977,194.56262121782524,132.5707363207116,267.56111509391275,164.20058587438507,72.40541435649357,436.1400869965544,248.09423451459503,85.88451767792213,252.67104105890905,171.4592227490142,112.10019755384674,303.74566284454886,202.0613368130854,91.87706176592914,87.65060855878926
4,160,0.0,0.0,112.58675662903595,271.5267648439328,154.96602051377388,65.82071902175021,306.240583591171,223.9919786310732,69.81354330186336,357.3727712860294,258.41970117038306,115.8267472065364,282.7281886166509,199.14121499703435,76.83390888792026,339.6076667872972,388.51884692470844,87.26931561455655,247.48740188629873,191.72067727973578,84.58966318689775,282.653116650107,225.37319588386907,76.91429298280589,108.57703349011312
4,161,0.0,0.0,106.17860186416922,313.0656905067172,193.70714599776755,68.74129670298548,327.43048199821294,261.64189820811464,73.36682013839115,272.1563566997992,235.85217020374745,118.86660265716004,328.26850856046053,186.22848625206342,75.06212370907116,392.5399740512974,320.8656559200229,80.9717016677926,275.10192447928824,192.5600133478617,80.45447434460505,337.80316601788263,214.15144867589024,103.77817227663328,124.23412385255018
4,162,0.0,0.0,110.08251804667444,323.42882166296624,173.55165433638885,80.04261060464191,378.21953006370114,229.23122387454137,72.88312990763994,319.6001661466735,245.16253981579453,122.0542446611235,250.6230439259713,180.0925317596652,82.51019122532149,394.008062160021,298.9995847296803,92.51531221706311,301.7022316860459,187.96531276377198,94.331482069934,265.2326214489979,224.5101643525584,97.7007220657874,83.76251965090448
4,163,0.0,0.0,108.42756012341647,283.83441607009,196.37067394109795,73.33709957834404,370.10870755565435,253.83265587760658,73.59563218106689,314.08070395343015,231.0541490203862,117.93120213719305,281.06702487681525,190.2177074472912,63.65965061096537,372.1272580741202,262.9506344573374,86.98870333313157,253.5867152977371,220.1679915926636,99.69917497838534,367.6327298121191,220.01235330414528,90.72703087657445,106.66451584819293
4,164,0.0,0.0,104.09887085546607,275.3827366175111,174.94374975837175,66.65273889508063,344.44520816649083,283.7515280412107,63.759502102988364,310.28119686927323,224.3410341688803,106.0016034826738,321.84687273711523,138.36942865279366,76.72136778961044,417.83420994528365,342.0153037595948,74.7325913390053,246.4284954195357,181.98634926150407,98.92354090475779,315.98135393789596,244.7799986881649,85.40892955915947,85.25345912108912
4,165,0.0,0.0,104.88439731536207,290.24500914986015,165.09188465071,76.25059226003775,335.65109189462737,284.87428033119556,61.17245258498876,306.08771826159716,236.82152997951556,126.13979619177549,333.9184877430987,171.6332189081827,84.19029692585863,376.98091108586783,331.1466742616194,79.54595247207394,267.98562722338283,192.4879971006755,92.26403079819265,355.02046405961875,232.16554553733553,109.4472471487513,86.58905861080596
4,166,0.0,0.0,106.54628305671756,332.9643125770469,206.65442114326535,84.46087241103038,308.62171939817443,261.14774821110007,77.5120486777603,300.80979989912595,236.4420449650145,123.69417132008525,293.03434151643086,186.01294125103578,61.02172720178669,398.2446336192152,301.1821038531375,75.34476666138623,307.85158543707314,200.17209411404272,91.46985907071057,360.56160978593704,256.85014224424475,92.85311472860553,80.08251040420267
4,167,0.0,0.0,95.63004265873519,317.2172542742579,142.91003188214543,69.64770858748942,284.69727872459214,243.27276436284043,75.77041500727282,339.7383199584463,191.11718226005488,117.484763124705,343.0257297810254,203.10272772700563,74.70817750496334,316.7383693664315,283.43588837054,79.15471417939621,290.67762945286097,198.78429735500072,90.77493391275506,336.13342680351946,242.36921623858717,105.21492292247993,83.82609990925384
4,168,0.0,0.0,93.49009551096034,231.34907674634107,186.32123337053724,79.71759715537495,309.61834469564184,279.98620890727915,69.23121551107683,292.2764465101825,216.2762212993334,123.33837205774537,296.75334954982185,153.37640114943878,82.86097143334007,384.0649454213914,332.92199246816205,82.8447483347825,282.0663769907816,216.12014322604824,87.20119658908357,348.6110182707124,250.62789102471288,81.01878735477176,106.24488989884793
4,169,0.0,0.0,107.83010342214104,258.9197266914991,160.30843495639888,60.63622135987403,300.4970038149179,258.0712451624966,73.64543235604675,255.99354079318178,286.6564871215572,129.3082526973034,324.33756935109614,206.5987056704604,74.78033284363154,409.636051248005,285.27092776123993,85.60380780026478,296.37502609141916,212.18210866968562,95.87396942421177,347.6162736677918,213.59184897351196,96.08979325188687,80.20069537782766
4,170,0.0,0.0,109.42696844622772,319.15992743837086,176.37108088958172,71.18572322648737,363.4706105148953,249.6326561077542,71.36734728863583,271.5306470488022,251.14552245131193,113.81987428180969,340.5144490809405,193.43848414856365,79.12558854171967,395.4819994884356,332.7390027773977,101.44575624493622,232.95441792109708,217.69815730987523,94.69149134479393,310.09281973714667,227.2509083861775,94.43586188762308,122.82829218283713
4,171,0.0,0.0,106.15263380380169,276.5251044037625,138.84685161990603,70.97728943469426,293.4056167840506,244.66005629836687,68.8288810322583,290.50134077547386,221.83562586144788,129.4605131868841,320.61834157400625,174.8619506873021,63.60868244765746,387.4090664855407,325.38189007704534,91.0379303743277,234.74861788166868,221.91227795975777,91.7102264139728,307.12871972536846,201.7670159341718,103.4635936313874,94.01177055161934
4,172,0.0,0.0,92.3351772701132,285.2517026018067,155.19906653921228,86.95340476049951,277.12981292438405,273.6471646920828,65.60506041915066,268.8511831766658,219.02252529888221,141.19819783148773,305.7238345563185,171.17069798810928,61.4069080472639,383.0679087693858,293.05186146137294,78.11028706529143,284.90150787353195,180.2381972125428,91.05132565737328,294.86575169375106,232.01406783857058,85.64214645803622,112.65592282753539
4,173,0.0,0.0,120.53023500192114,295.3136384406911,161.55192843284718,64.50886326865403,297.29370540900857,247.0405215611936,72.3190465739331,293.580676169832,234.8644618716782,122.78441475412754,354.08494414423603,168.33877298330543,62.73609569631041,358.56259692522093,320.64902820047115,89.46970997851516,266.94988969835816,186.1779255692248,90.47683018890265,338.4071840433689,229.71649106561242,90.43451694539456,110.55173139250095
4,174,0.0,0.0,85.62387938853671,318.72767060192007,200.87903660675371,85.02386037225975,340.09767716132063,260.75434003086957,85.76419838678025,291.9524585257705,255.40349609089355,114.35671259293889,332.5654653974163,137.3014806610004,76.82326996757267,364.25834188014386,314.9383089329094,80.33938956220578,243.54024421758214,208.62065617286314,99.7157524499453,288.39112432652365,203.38663437105018,85.65281950804129,61.6592875655438
4,175,0.0,0.0,98.15356382097792,274.8451321587204,136.41210958078588,75.14399189857069,301.5312298880539,312.0961616667358,65.75514026550938,327.8717989108866,259.4326256314945,110.89412430736486,307.3995657276799,188.79290447074635,76.10701920446961,386.8572698620714,327.48318808145103,81.86146910676443,232.18977764405537,212.69590712914615,97.879823706387,354.90727222975937,260.473776440606,77.92978753667923,101.17442915203505
4,176,0.0,0.0,94.59109577815843,264.71850741720027,198.5262163195771,62.967438934890026,261.89237803325125,242.82119554882505,76.27526560532667,297.5640163760359,213.6511417198066,125.98882884434873,286.01994189375944,183.98675946788248,66.82514069390565,437.73170746338366,289.59344211851794,79.2987481551978,238.86942283067884,172.2978008436324,100.75401113778747,284.81168744140473,214.50108650149042,92.64916978016876,111.54799860230074
4,177,0.0,0.0,96.85054972522347,249.6953098483113,147.93718221080124,83.44820872272446,317.9290406067193,287.61773367034914,77.40952859788356,327.7162595593459,200.09316787398978,115.95393670382633,328.12686278652563,226.30306520899933,79.23536124114116,374.7722379198538,297.7490670753144,94.10334653899167,273.37459667593936,177.58127017064496,75.89815659421183,352.48129454426316,262.380339014511,82.93467102685655,85.82907110286189
4,178,0.0,0.0,97.55371602514182,291.22817480193044,189.1770837587517,74.02119205250695,293.30489928703287,255.60616693445564,71.76219958553182,291.70212508148524,214.07955767972504,108.05939765343312,330.65957121536053,194.84680543113717,71.96658637983816,382.16901937373257,278.9596506167451,72.28789058200344,285.04804720580194,214.33192591791743,102.68885361307292,350.03954199790604,233.06288441050793,82.4418679661468,86.55915667691328
4,179,0.0,0.0,93.36462947311423,307.8707100836578,168.25214202086096,67.44034652831846,366.40832463434765,236.546739471308,74.63359703895914,310.7727764650736,249.75791415308555,131.4525015146793,284.61657234677676,190.69126243913462,73.01242428119687,421.3691072941373,296.8784764316212,79.39402059373688,249.97800080433615,175.39090293982198,101.11297730625259,315.47342060858836,182.6447683790201,96.4869611227614,78.67605133673953
4,180,0.0,0.0,96.73611181047909,283.74601290228316,172.8336310674945,74.06246605491869,313.0671987373997,255.64126424512816,81.53813530336204,236.7210576445598,261.36207081573554,142.77583716721122,344.6465319509676,180.04987628230123,68.0941601978927,412.8204946392669,313.84716138781727,87.69093755930746,293.5584781254135,175.42171112347478,96.80183569033622,395.6088345257408,244.2956489513899,71.36530521578878,67.60673465147006
4,181,0.0,0.0,106.75853282480463,295.91158200038234,193.43488940157158,66.31598940035157,284.09244364193165,242.0743697600851,73.2347770707896,343.38088580685485,206.6387180042979,91.12707587220052,253.78844979444,186.90053688268804,72.19314118622187,429.42504348993623,287.1377221768125,67.39326233138917,277.8620276025872,223.87826865476603,100.1764280195002,311.1833631101456,240.06129520369154,92.89332202351483,81.31911015692584
4,182,0.0,0.0,115.39048773463881,303.8603360531075,167.25584178541845,74.71702471470063,312.32232827932216,306.11808368068284,74.40588426395249,293.78133060349097,221.05206821308892,133.99605811810525,283.69907194374815,197.97874079668955,74.76342457614663,352.6806668478775,317.70218924596514,76.0954999353589,273.2725293663128,192.60187155156305,83.07236755582583,317.7478884387811,218.62866466500986,97.0391337701377,101.76141634840549
4,183,0.0,0.0,111.11266608912672,218.38357792454062,186.7268664754309,78.11089773658243,303.7277887214824,241.39254799195868,64.95935454049935,322.527189985807,217.1158012213774,117.78073386545408,255.59462825613807,197.52175585416927,75.30829628089757,377.10001704121987,361.34985954360974,96.84691408670936,266.4987120197285,189.14338871813948,95.43252116599496,305.1571239480945,227.62791048493114,74.40017368747691,103.39477361622853
4,184,0.0,0.0,102.00351305255703,305.0304969064016,174.41508060110124,72.00270814311922,357.45387930193687,214.89097883408368,74.42406539662979,342.51047022754653,220.29413204186022,116.24171264204483,295.0871870769025,199.69184478393748,78.83647417203748,389.209513053361,287.86660168201337,85.0977439990267,293.77284470354095,158.0931591498175,86.95265322149224,354.12927245925727,198.95043423508216,91.71210308006121,96.59643565064573
4,185,0.0,0.0,85.12726264234189,263.5217008556206,171.24262269202407,75.89592272948565,304.1159387393524,267.37805549548733,74.72499338336142,272.6245792403993,223.3690686826702,103.45978867629927,256.005245080293,198.88146022842025,67.16061635477328,423.98350483843643,327.400192607687,76.75590317039925,273.76894603395397,196.13928243081435,97.46733462240016,321.8888198515876,253.4179671678498,82.87775871401392,71.62761793797316
4,186,0.0,0.0,98.9657407606124,268.40749193367316,191.2421216477595,66.59211448813645,299.4515072738124,257.9511933667914,62.54680587215394,293.95586005941675,219.40473950817633,114.53057565993927,266.8432201958688,118.97356771566682,74.27809633763185,362.7841970405349,279.9300789959023,92.74845269020922,213.4821899411859,179.3218779763122,90.95425056427926,339.0535329412987,219.18429245362708,78.66570158716794,109.63705680470058
4,187,0.0,0.0,112.18737471813293,269.6547171137623,165.57516428844608,75.95558763966126,329.7634465327097,234.7991900386392,68.09692070450092,272.41288551723136,233.8968645613237,112.14622422336889,280.9425122997698,192.38697206947242,75.1292463305917,448.05153681548484,242.66145670320972,82.27717120684139,257.3880240246949,213.2259733786725,98.41446662085227,286.44805940952506,216.88257814111864,98.0527608511212,103.08482486562093
4,188,0.0,0.0,93.41308132665604,294.3451185349366,194.44768521039728,83.60577727158504,311.5595481265359,269.0869503427842,71.29170229416603,277.6596448394572,228.10058608958263,111.25764802968905,332.93069518094416,191.7094689289223,66.44288028400692,404.534724736657,301.1950457350105,88.18615619654707,290.56842512321634,174.7252339265448,95.92358113416125,342.9970260700704,247.1726453334505,95.60422860312114,94.74426071689784
4,189,0.0,0.0,94.41939492764762,298.7243613966731,173.14718437834546,66.06700986903857,313.91351695152184,231.06329019864714,68.73480589275853,271.3077851156005,237.5120711737353,110.28153021252449,310.479900667715,197.3142376597446,67.59272172600144,460.3745088944228,274.72891292546365,82.67218968463867,295.7097562208306,182.00290630410453,94.48927626076716,280.0425086059259,215.97356164778438,101.81268042600962,116.70251148997399
4,190,0.0,0.0,97.87686195752829,248.50989275566968,195.54628236366702,59.06018364784119,321.03239426020934,223.50695208458603,69.63501586729251,370.07214071675253,210.78796605637666,118.1130837552014,288.7733989831214,171.92510846134334,77.48927777212329,347.445109709025,273.84284872829505,88.50074060750433,240.24902907720417,157.89468967777,98.80887116491081,310.4343307596201,209.1387047292121,84.91838738062826,106.23549321390189
4,191,0.0,0.0,95.14183941629695,304.3414405301674,178.818302769487,68.65740341123335,300.7672038453271,275.1131558822352,68.50954279342363,287.2724161171438,249.94636618067088,117.78160219446212,318.96702744051635,166.7819717831855,79.50410694281675,393.21132769611114,294.0508290262459,85.99447284050198,271.77930551555005,187.8677250288437,85.63067864379252,350.8313764042206,233.09403254080442,84.99908712850188,117.43455086584522
4,192,0.0,0.0,94.74765952772394,274.946368327203,182.3886309158036,67.99867863018197,338.02013734686136,254.91651620566768,69.6699074163074,283.3037674890148,265.6787972616068,134.34003484654207,295.41058885156144,194.7545587686683,83.97553636316192,428.6761696862951,361.1374831187335,76.99394990013113,285.68233335957547,175.481666940649,102.85726615378657,331.0019608363744,218.92851519320757,99.19255719945475,66.43490758768075
4,193,0.0,0.0,92.34526435165755,268.3392546525288,167.74386541303716,70.92238991078553,376.8418098897353,253.0742736397946,74.32822256080507,303.92504099198186,233.10852765195565,123.4416505846445,322.4873393459067,155.88062800462507,77.71136427299209,413.44204952371615,316.8286939994251,91.31185700037125,243.96506978599825,200.33626031794586,90.23862331651866,302.08882636111935,219.8828675570456,87.29549359231639,98.44471064160525
4,194,0.0,0.0,76.57683315359542,242.05008643745575,201.03694021013285,67.61840794496706,312.13860208394345,244.81493783853313,76.88063566419935,289.06616795519426,173.31799200964448,120.17611962731722,320.60992666204237,185.1732260347588,73.36822484117424,381.4328405334249,315.9230477844407,87.12555603353168,276.2616622159724,197.7918782030721,95.48638835220815,310.88004171843505,223.23093319183144,84.83895879957677,98.19640124437517
4,195,0.0,0.0,104.22364145119192,291.6172592536417,174.72476313085576,69.87988115327006,332.4312180271778,280.36251262806417,73.71408146725533,315.9436550432809,266.62378583847914,128.23627311883232,280.71681796726165,203.35629934779715,71.16047918914778,376.0305811317748,360.3730131720837,88.80119615650713,287.42407906185116,200.04759377956927,91.17135983911582,339.23472410055973,246.1891593480525,103.49509587319088,100.68088996754985
4,196,0.0,0.0,105.8091739460197,296.8920600281687,202.8225630444702,79.0073768771955,299.914008932048,236.14432504211928,80.35261744957641,273.1745323382185,253.11856668413725,122.98511409748875,310.75197697153703,148.92847717694843,69.83052544082275,412.35711024150316,250.494924885883,99.75655865837524,244.95074263458426,193.16624328831358,98.53762177912705,363.62011506289537,225.20808205805622,72.15710652841581,82.76702097796343
4,197,0.0,0.0,97.56722349662374,327.01322161110556,178.53721606248493,72.82053297349222,358.86957011759205,238.99532427449648,76.01134104373409,319.4142108233389,229.63454697689411,120.71350483178878,295.7256830922797,180.7430847651255,75.6794533536551,395.9687907026407,307.1477893661225,80.39579271213854,254.72473496691532,204.14133077617123,90.53612883019386,295.16460724742905,230.31471821326278,91.5414632551392,81.3647162479926
4,198,0.0,0.0,109.7031392009492,301.9034862978377,152.87583632950756,72.02243193535634,359.43958308266247,286.73255091455303,71.21448047412447,314.5034675302804,238.1317251709711,125.01089507207239,248.04366626829616,200.04280564318893,86.44451209509197,354.07083216315704,383.8159329812364,89.8784293725904,241.56259986658358,227.41943716883713,93.34318385705404,327.37921758532354,178.13019192103752,91.23973423594812,97.02511063470612
4,199,0.0,0.0,98.03796551010502,295.7170777662956,197.06516402007804,76.04140547997106,350.7995819411859,231.31484253199608,77.80241023997297,290.0209546022958,276.0522003099403,104.6896170500734,299.7511613719759,192.81533496494967,77.0615038862858,362.8451468749989,274.52454652267323,87.44707139370405,300.83451118224184,178.141091230332,104.87217149257938,310.36640239458325,196.73543835907972,99.0325428347661,109.63807007385181
4,200,0.0,0.0,91.96706363194957,287.8023994859762,181.86932957216266,79.63098325187978,323.25550917380946,249.52595961650724,59.91965433944074,319.56130133334045,249.6650766798492,114.03041355994786,329.8969822780986,147.41785457233914,67.85928257889812,431.5549278833852,360.8426475387139,69.57415144105619,294.3868023667175,169.51656343460425,74.25302908926515,268.5703149407204,259.9802525746015,91.58891130750082,122.75507095101656
5,1,0.0,0.0,115.14893566212476,251.97953819463385,106.14473565096104,61.12563516640911,298.3846973411211,208.55053288907808,74.46508301883428,305.27858567556973,230.23435755546564,66.31926658152409,302.47258937771437,256.80813476523844,100.31090779743687,207.29064063795155,89.54114655880753,93.58656466924064,259.431416708014,127.40666118127992,76.56307151003236,321.14582885323296,223.8069389747726,105.7580794744998,87.71798748410049
5,2,0.0,0.0,100.0185993670064,259.3180253999915,156.12010011257792,73.5687688358357,279.8106472422008,247.81889521029345,83.84842371159523,328.7016482045305,269.32484959675975,59.466826990943396,321.25988318457115,218.06951182471732,106.48221551501969,189.6109272604898,91.4490717251777,86.10133249205212,273.8703438024625,161.23714413604603,85.21972095257895,294.18569316446263,267.77781233438674,103.13061881926306,105.20017699572237
5,3,0.0,0.0,91.27771704509601,229.5169459369199,163.7278808741625,62.998643153771376,277.530804752687,248.94248585809336,58.56666411473867,297.6552578542635,265.00668313040507,72.39734564495132,322.1456943786978,247.27810063151475,105.60767358738272,204.78087664730012,105.44855166521259,67.49221067763852,194.1608398365999,176.7270232729496,67.88381407212934,352.49788009103275,221.62061548501907,110.79582955996784,96.35762543184603
5,4,0.0,0.0,105.98377446880991,221.54707789954858,157.50399723499973,82.7971763148041,374.5560319702882,199.78262931476178,69.04547583872866,288.05757059660516,293.93164399859563,60.83255420241575,272.696990149061,234.48178013836622,119.75382979469859,168.510543083632,63.60773078467575,76.9219517180743,257.1000025960299,130.69239060615683,87.30947465473567,322.82169795375154,272.20526452247464,118.48525426576111,114.98232700968737
5,5,0.0,0.0,95.80883562300228,282.593076090396,126.41490491138738,67.66434900804799,313.98985764542715,240.7936373428873,64.85612203828396,339.9296976686097,289.13476021450487,59.84928017300523,315.9786718509323,195.53609179654697,97.47469077599122,178.89351999197757,92.41569258171758,78.0169330735666,236.9701449105434,117.0535787856275,89.07387185516994,333.9459392542101,219.7248019111881,134.05631615076084,96.11497604013684
5,6,0.0,0.0,108.12627673239663,224.43016312498997,140.36433295072302,58.368495145015345,285.633299178982,244.776592888151,51.992106985096285,316.8589657839391,315.0274301520234,68.91140694276397,371.25536017127934,253.35975644740134,127.21660344552072,187.3654172380278,97.92833376434652,81.17203713140191,245.52495724946215,159.240613013742,67.64232821012884,237.87954102568784,207.06729940058386,113.9320289577792,113.12397190617395
5,7,0.0,0.0,99.05825917533858,260.02849605510977,172.2227873887178,72.97546491675759,315.2077485373747,221.26471168086414,74.63816179738768,327.04257789269525,283.013013951789,72.57378852626071,338.8832630935342,263.4528785779605,93.41786916693901,211.79788125857914,93.43581013246667,85.21544563890329,269.0839114214123,157.02648050061632,66.52683889723558,341.3085372883637,235.75412931131973,104.26248547124935,89.04144064224626
5,8,0.0,0.0,89.84891467806167,239.82558918582575,176.3480264938941,79.5148712887344,296.01086804687867,173.68997991369093,72.65036469626119,348.6092221109234,282.0534327685215,57.430372142898314,289.04747297401514,251.13305730936506,101.07893075399303,158.49668278084897,87.29702251064921,102.89109441609705,252.34375143298058,163.30238106431787,81.6262623261336,324.73443419244194,250.21375883005896,127.839881925303,92.49851422288769
5,9,0.0,0.0,103.95442276776501,264.9542303386178,151.3514085524287,70.93495286151798,282.60883373173954,261.72798940439543,73.09253514508327,344.8459918193972,268.2296821013076,67.29862944331455,300.27298510347237,233.7912081586065,98.4869895474743,230.0235031371273,103.52774689300833,86.1176223922519,182.47064785988428,154.02382283105587,87.76025422123291,365.03297348616394,238.54380233503463,150.7855908602121,83.10181401925752
5,10,0.0,0.0,96.0635302660595,247.029058508516,184.86814180036083,60.46863814954975,251.74297794283052,231.90905148977004,71.72710325928826,343.84874398426473,190.5464442870226,59.56934887344728,295.755917139077,241.84858263717175,109.0185805583317,205.92456571571404,82.01493590845841,80.35889528505648,209.14550827315472,118.0983414596447,76.46799517082694,307.6700858252131,261.9946063716736,119.19850814188413,92.00544690511826
5,11,0.0,0.0,102.68283369307633,222.9785107018683,137.54526712630513,65.73009659333064,274.44009947555736,249.83036799175918,66.21884863177621,334.64065277177326,271.05010372048287,70.25652035674221,335.90532340250456,276.97919379025234,123.9918902507079,187.08475750700833,73.85403303927913,85.40953960435014,237.31884105625804,167.36257321226623,85.64036471420745,273.1581198069082,208.90494661576855,136.4358014100237,109.37605225880276
5,12,0.0,0.0,93.37419936898856,262.79955566266165,168.72462234307466,66.55293052718956,325.9718316428329,196.02014959134613,77.12647047187467,380.3033525458064,259.50786768661334,61.96502401114692,304.1739614177962,239.39516344707494,122.54129791398239,187.48431297648278,86.9708313710791,63.74820772316353,258.4995935468443,127.3093114061422,84.70347716808473,322.4911606580422,244.51886449915526,138.86500923512563,107.9724561049717
5,13,0.0,0.0,91.46696066049574,189.00626418669978,165.8868925476888,76.03959734259887,282.7234320062558,219.9803160085754,76.16504242204793,381.4665985653231,259.111931760406,63.707371933242904,281.1893187980868,239.13088984164366,114.606451058235,182.2674472961983,95.08464193768407,76.86379784720587,241.73607280518826,118.28204866508592,70.39178741104661,295.6146933013344,212.46412256280092,105.70034283987044,92.13288706873155
5,14,0.0,0.0,86.98211558530907,268.90475202839104,143.83412300541252,68.90355790695095,347.6218498381606,190.46831438858612,65.1802789791001,355.0379872869386,202.05327263005506,58.002655545057436,250.6582129822777,238.05207443937138,113.18202379602562,188.17255362496766,121.42440087537935,75.74639050440294,235.12917033363175,139.62741106502702,81.69826908971427,252.23127064858164,208.71348134818766,121.06682554655654,94.24635165158936
5,15,0.0,0.0,71.03062194152827,217.63020167341998,134.12203630324666,71.91672950290211,374.2396122349908,237.42587373837503,68.30032999886014,285.9720545424096,263.3282717543783,65.57073127808223,331.8339959430055,238.47805288535116,105.1232773394663,187.10496153377838,95.13254616309767,73.76264463728619,202.98346559584988,117.53041912092547,80.08477050810414,314.13765460413595,234.9359137674679,123.51773324816372,96.47869538003079
5,16,0.0,0.0,95.691748180467,242.44768429766106,152.25228069796438,62.84453130697199,302.0864454728647,249.7952661799397,65.90719468218964,259.8856021304636,286.9247505756756,73.32225123923865,309.13662154371843,283.94021271318553,108.30300379536607,193.4902690560703,80.21015339009713,74.49358683195618,293.89345452657176,158.10495060424057,82.1509462277527,334.9325973475708,280.1513591794404,118.57680215537329,115.76948886030918
5,17,0.0,0.0,96.69967855519344,239.05768745537736,159.02591109504652,87.30714353932903,337.82398706453245,258.3540188015306,65.57912709638867,321.0645208734727,220.18985183253443,63.28952154243272,382.9870342297026,248.41235766457226,113.46947046880467,177.2362162306202,77.33221565746233,83.1355173053143,244.14086433624217,160.48014458267448,86.13448853191026,278.67249530664765,217.3860327143547,120.25146106990255,84.99005467249629
5,18,0.0,0.0,101.06938412346643,298.6404377692189,159.5587625355012,67.98695465817865,299.1862327389837,196.30833346836332,67.029140846933,358.4184698651309,246.19834700176168,68.85999749229931,235.2746425978192,233.78349701884375,89.56116403372587,190.0281503514336,95.83415668269923,78.639152499157,232.67547364694187,146.75322242383518,71.19381656548366,283.8290541507872,227.8924779934334,121.53663423778545,138.681707243064
5,19,0.0,0.0,83.64566998141586,275.82889681207735,144.89316470727977,73.44845306386765,288.5609682458556,187.774627102212,66.15305670386063,359.6324296790106,288.8321496786109,73.422745108008,262.394221575674,257.07646929746704,113.86204733326181,217.74431011182187,87.2650233200713,100.82498757986464,187.61090337259316,155.64356377685942,78.93895227592617,311.63865304187226,214.28621095616754,117.79886834361962,106.86421608026451
5,20,0.0,0.0,106.24723287499805,265.82990819887965,127.84388083646436,63.05293074131386,315.31011630897336,248.65262075791873,65.6884956407738,319.2319995821711,252.31442960295612,70.8212246288039,347.94865251884045,285.81369099007685,117.53909396433502,223.1529767252357,75.8027573678772,66.26584502203309,282.23425464877147,147.22416168180655,77.74095233521254,321.6781530625798,220.612588618419,112.43167152497635,114.78695778318881
5,21,0.0,0.0,84.47778399996447,265.26327512969624,195.96963414412278,64.39981786203326,288.4079514880656,229.93975144063054,72.24419614366269,290.33771856541716,229.14312201523828,66.61184424916449,298.60860149172646,262.0346589643509,108.42076756467635,184.15565818216172,75.08025511413247,97.80094872871899,231.0233443486676,154.2987129269859,73.62164257737133,341.21774142883834,171.83879154099952,125.63444278110497,116.58208851586863
5,22,0.0,0.0,86.04353757170702,253.98009728199156,146.49347187475615,67.77755623649738,282.2156314752399,225.64523532756155,69.6034050601226,348.1105248229529,311.10772336263574,67.91315452784019,303.5813477666164,268.25498524888894,108.65726753849705,200.8001022506158,99.87633762609133,89.77000379723695,255.422621022159,147.38599944589566,83.34139248945972,335.7212191026364,275.90822145872175,131.56156657458374,111.51610900425173
5,23,0.0,0.0,102.41436037605982,218.14351735508902,170.088645138509,72.11471286006085,289.9379488500974,234.7754022179034,79.78371676390071,323.3964390260486,303.4168503484884,62.62361862475818,344.09233586875473,267.5030384576643,80.34033788092398,194.69389269174863,81.41826005015035,75.39067486443436,274.1225840299695,152.05970294817513,85.0544195794005,287.98461542352993,233.01328899764644,124.15281246461859,83.40614666672967
5,24,0.0,0.0,90.07933310932391,208.44554071138774,172.10450111001293,72.12195090368348,275.8401625491237,233.81488959698044,78.17814271845695,401.1303838171988,247.9716211780188,70.08477570972124,319.64705159437676,202.501822308557,90.90245271257754,181.9001464494973,81.38897065363447,88.74291706241335,217.1715056790249,169.0199557995342,80.82896087787665,331.2127099142919,260.4397159767899,113.69410546741123,89.47969004199395
5,25,0.0,0.0,111.19110513085012,304.4149662662177,165.43450079422715,59.580135193710255,257.11569539692965,206.72398149113565,83.86524905093063,325.59417033606155,244.1841438523883,71.269193892382,318.8171684583045,265.56044439012607,121.22714473232304,179.0773052895862,86.05921285668629,88.10860119749209,228.34971432639904,185.16913560265843,89.25098074779837,365.92413339081605,255.27627650673506,144.308079456722,69.22544097711318
5,26,0.0,0.0,96.31436690233348,258.7537179727434,149.9858000224708,66.04400725628825,332.8925520363176,265.54204391713,72.90720920546407,347.97883266100615,280.21629581113086,56.84864244072002,314.1252249961764,249.95577477770144,88.05521144578174,188.75436526023086,99.56867324360222,85.41031480204457,227.52032695240717,134.53106432026004,78.18343074180538,336.80943571251044,211.69186621585715,122.46708472310401,125.53486270790864
5,27,0.0,0.0,100.73939747841231,247.58099075052033,193.21264414982934,55.78448155347506,226.08288022654628,300.07660901072813,60.627953093575584,307.8081914688913,258.716411961303,61.11164625429061,335.4751053778589,238.31070769936323,98.28826579220998,193.30870520763605,64.30853204468703,74.0865777968919,243.10954543716784,126.28809152127312,79.71419286560797,266.1199449610409,221.8767688736805,121.93735865274373,85.49915239136543
5,28,0.0,0.0,101.74725275468668,232.64494631843488,156.45136757262628,63.5623257948175,257.02471442705064,228.23186683935373,62.503735483239886,382.83284035733084,279.829751578146,65.46514436929475,314.8329450078947,314.18951366823256,108.49381735536898,199.98881874896557,93.60018371075229,97.58959644166434,249.19663337169038,140.51988226644647,70.28613868317306,313.1649427475315,273.69129673125445,100.08485483032784,72.57433789350848
5,29,0.0,0.0,78.41948538339945,287.7295225939492,139.85258173881198,57.09736502231421,277.74077316418914,214.4403450067666,59.048012922572894,274.79958904963854,290.8796328420309,50.77798907371514,312.5619419042482,257.21938137099755,114.66929705562215,193.33365032443308,93.03121047073915,86.78045878952159,227.55554921513377,115.09880530609438,76.3711240275984,322.046963390328,272.7259787889656,127.47393773177387,98.52662852781704
5,30,0.0,0.0,102.95073976027648,275.4281735141715,167.28277004526714,78.68128763281918,235.702647117165,224.38401983881332,73.54975354951034,327.2746799314584,249.43278979952206,53.20153504601073,296.0636533339917,219.67893287501562,85.28698194464758,195.3224015135395,89.36964345606432,85.63996373153265,188.0471737796879,175.2311149097771,71.22929718235896,326.2284556137109,242.4762006076447,113.12264931439337,81.63204992983668
5,31,0.0,0.0,100.87003139549755,222.19713527415976,155.25416375099866,70.87944107874075,360.8744543366921,211.97109022955425,63.9566807156974,360.31433259716954,237.15864863800115,82.40959541925537,323.82074931709735,316.55157844056725,130.28350190083205,192.50956631325522,70.13761648606022,101.54135953329748,213.21129709600768,157.1661860102049,77.48758570452313,343.8103594946348,258.12786997320677,117.97979513851425,102.66955947289546
5,32,0.0,0.0,79.46946217111024,304.5857348867817,181.01000537075566,60.277429342303755,319.4351594270776,254.0119088727078,71.68589080941045,300.6432468134835,311.486771509085,69.08306503938624,284.08969884746693,251.53829640265783,120.93618192577063,179.19952729751407,79.82607164953514,79.43288146062501,217.82834999418523,128.86733692398244,79.19332544946687,360.7093654209522,203.4588941494991,138.61284265032097,102.96837570901218
5,33,0.0,0.0,93.03374366312245,223.9347790411058,179.6736461110755,63.24015596661859,289.35968198636004,234.48089369271622,66.39427692184833,318.24904678402595,275.5020004375745,64.7671907425432,318.20183406040985,236.80516514685135,113.05276833849956,204.68460007550374,91.90291374583927,76.34995207689425,239.39710808884283,162.5281000017975,65.84390354129529,357.8810572080523,245.79886402477356,109.73446342941857,116.82092113135494
5,34,0.0,0.0,113.45895827338637,208.66436912967262,160.0325395736397,69.3826148468136,336.8217500823517,196.63254803573835,78.58753400231534,253.1521858186349,246.86491272529514,60.98772854550943,326.2867084734684,300.3788331760369,101.21387116391983,189.00396995845594,84.67729226527136,75.85314132675379,295.6001532067446,113.23363817861934,83.8772903270984,350.81288777752945,221.35986599273537,121.95235896917148,116.82360295484168
5,35,0.0,0.0,103.41400077626868,259.26095497525176,130.10792511120573,65.08500059564197,327.4501973597136,246.5974850562663,61.03984672404953,305.5893079182939,246.24784897130453,69.98233527938882,296.1317845211297,211.69171895264572,102.12711622801037,205.87271442643146,94.76155819612573,83.25136731980233,222.68550003989867,148.06246838057228,84.53957827091709,305.12818092909725,221.39137765875728,118.87533672682102,84.48639978810044
5,36,0.0,0.0,104.54484194077452,278.77852906819953,161.75271072780995,71.92351082745058,318.9173944490139,260.22104226463716,51.25271372413471,290.6830603245411,252.56109040664597,61.49438997549291,300.2905964413462,238.43595033273238,103.04387843344334,192.1542725227555,90.17901852843559,84.32224134253734,235.30457781419895,186.5733887339611,86.41425940057967,345.32516391674744,279.37955864911163,107.61694269577771,95.31923529690171
5,37,0.0,0.0,83.90218535741758,278.24070117452055,114.40026203324695,61.4506485682561,292.0786727268642,223.8200722977338,57.70041217572599,302.5278087832363,282.5621585650509,75.12059558385232,320.4468140133773,275.33560313284426,99.89238720836642,201.85860912604736,110.26021949966395,99.68404788190115,251.53982838668844,130.7492018934337,88.95312197927741,277.2342698671386,249.82760213159992,122.47349808306237,68.41914115014583
5,38,0.0,0.0,83.05875738799739,268.12508965251214,167.39128048590845,80.52718773292452,298.8019117223933,256.9693587265189,59.89266893847033,317.0067460116471,268.09326823337574,61.461079992929314,342.90573281166917,257.84197368216104,95.89490785153696,202.53047307932144,94.51398081185133,74.85428713933705,215.39981966121132,139.41857089274845,85.87173861067818,297.479806450927,168.91285357454797,121.882705881076,136.6382669767899
5,39,0.0,0.0,93.01922112566888,254.69594494808788,150.69730228821834,65.13181896803931,341.3614671824969,251.97218754963265,63.121463651010984,338.0950856333825,305.85419786362934,55.57658633063069,334.69378383481546,226.39628161735635,110.50042161468919,204.7127413483015,85.78192109386583,87.2217105822668,211.75767151047913,129.47158466870076,71.96817452637212,273.9967587653502,238.67352967367856,141.77157326417984,66.8967114267729
5,40,0.0,0.0,119.20785221043906,231.7416467891158,151.28514045348214,77.20180693313672,287.02576212654424,239.41151919881304,68.93592207296138,297.1617467177142,252.82414694334088,74.9629060370701,282.8485514203223,232.07404638354063,103.54061470327444,161.12409900844992,75.92189837080085,87.6246880449196,233.0580617233743,152.83220539796625,68.53680425326202,359.7923757396764,181.01477608037084,123.69017982438841,131.1122112026452
5,41,0.0,0.0,90.00724510605124,290.3580610302628,177.78182848591265,72.22907889288085,295.9934922189576,283.43257591537457,77.36082803473553,277.40317670899583,256.676744881507,78.8061756681742,358.7909888143019,232.28617605480642,114.22667473859165,202.1581395794606,74.3465910678224,90.54128646443772,239.19329889817953,147.9736570616285,69.37415392535199,276.95860178898863,227.0611557390117,136.4841214382306,76.90635965291627
5,42,0.0,0.0,98.68485745460015,226.574216034345,127.47488587670198,76.70259216410557,358.5941058019414,205.8989720026047,77.44713931763862,393.5062838355565,264.91079964532776,62.07331942834191,312.57453684672873,295.2600284625567,110.39764440013398,200.83013284476914,100.28260046049314,74.4263526454167,274.9895624544026,131.14139975856864,69.69997852042026,300.3206722957898,249.5262453892944,95.27296134916537,98.0302332339867
5,43,0.0,0.0,93.22687774579101,228.86086353902712,141.769329258728,64.75875078238838,336.8966015390457,208.89782535252502,66.82049949764091,346.51798030454256,290.01807698550516,72.22418167103952,308.5371716975693,286.5301984607678,101.76279185995224,184.53421978744726,89.21150531269609,90.93634968705422,246.20186774815244,128.03703492072756,88.59505765926981,300.03001443943134,242.09026184439566,108.23206716019563,135.0129978217755
5,44,0.0,0.0,92.90005825422409,244.68523076481486,140.95793438330074,58.0342150306048,345.36353818124655,206.04398589055882,68.10650172531193,340.12216769560956,273.99215217868095,63.011850753205074,303.32424715065946,266.48016158172186,121.78175040515654,199.9132918628005,93.19819189466536,85.8179028760146,182.23666093013242,166.46958795474885,67.66682239303998,294.3480988989103,246.82833947977971,138.19973888575464,120.62906016825191
5,45,0.0,0.0,84.20838301641875,274.3666061227875,181.90154704141398,72.91433254081628,270.11758172045086,260.4315515174439,62.600993788804864,287.8098408917496,274.5509422937079,69.02563601629569,371.1636729613682,246.7881205135201,104.9194443669131,230.86172012334285,107.46539456498124,89.02002414805375,222.65748991041667,134.40704557970824,79.02025368187329,330.98554139843407,231.93669095136084,138.14646213795996,102.6810772664598
5,46,0.0,0.0,92.03456646611757,269.8146279493795,130.8090527514165,71.24549745315774,245.12249277013115,192.5736789264738,71.97415868403439,345.25419580816475,261.20237487904353,61.92282688910813,328.17689286452935,256.50355453162365,105.24874532123293,209.36248664849796,82.93080115148318,85.56042828142432,250.32525208842992,150.8204048371793,65.66438866341652,397.02702221293845,229.98088707835623,121.6878268429164,66.85660460827438
5,47,0.0,0.0,93.86766418132447,224.0066890378557,137.6697848151672,69.06401756605992,266.6623028617307,270.2905667703348,68.41281184412996,347.8836902447295,357.30049240370073,64.05239492722326,303.15138119032235,208.48279074775746,91.02811601573697,213.4571917922784,85.21328326290326,99.80598078113407,223.7516412155912,142.90373405851838,75.27344102007314,363.00588503614324,249.53569244595928,119.30678078397332,71.04103123970515
5,48,0.0,0.0,103.38212203798611,202.6030997005231,150.7695358751891,68.06041560727225,301.49163396342414,259.7950119284045,67.45914426274173,327.55188713152364,279.1921977099043,81.05708178651874,380.54033815059597,245.23590103900713,100.7925589832998,197.09190560582334,111.26284421586767,76.97615099629665,226.49413699185146,144.02626493552114,65.59941466950461,338.6627877850973,260.8104938996422,113.33747575354381,92.7342842587307
5,49,0.0,0.0,85.3752523409705,274.78570946251176,115.84379718401708,78.06414138840165,231.07711073620396,270.30308970196893,70.90884554585821,330.98998692688383,204.71268861712565,64.29420394161413,334.41578302327315,218.4900887783711,87.89468825143933,250.33317847117914,87.82619985650796,80.01446820561881,283.1128905493321,144.07327881681275,74.11437940284486,337.70025973489106,274.4130391558782,130.69766466891116,115.69039246479292
5,50,0.0,0.0,87.56165857745671,261.0932999037604,139.56380608326836,76.45005685577064,259.07353974573016,198.5934887221396,63.915300746044785,357.1665225667266,273.0990891638385,58.813296847452506,303.94729734158557,283.9634968791767,134.63626875080806,171.5281448316891,78.37222518580454,80.92357964273727,239.51830881770118,156.18744412533528,78.52228484121832,355.62645875019587,223.411950772728,127.5507798323312,136.72336604694993
5,51,0.0,0.0,84.59498044647813,227.27388434038266,144.99425910298353,69.60252634885705,340.0047188999911,223.09826344441902,67.75675583387292,318.99331731492254,258.51950770383377,67.35781112696547,335.8078336456608,230.6090373017876,126.6369346942274,190.7288082431112,85.79487310007582,102.88745191654513,216.50692180463466,166.1886947661352,82.94018189953412,345.2564151589928,250.99378185868602,134.03520946563216,106.68766412842928
5,52,0.0,0.0,83.3277943014545,245.07824971370906,150.7408252779637,75.85917779762546,255.33204295445117,220.942383867914,77.16903103043244,321.3742116632464,206.42594455263446,64.35527975715982,332.0950125678139,277.540497392783,93.5425502306983,169.21987209584364,101.31325861404143,87.31657565401488,234.07651357160498,135.21782578609935,63.132309964959205,318.24078004029855,263.4098081302931,128.07368688542385,107.48336617215766
5,53,0.0,0.0,88.71230233937438,249.194832659427,139.6094169898537,78.7782842041395,295.3148497947303,183.09957713617928,57.44597688949091,341.85807446258343,274.9080127196488,63.463746730116526,336.0475965364871,274.0249573268162,109.61112924366283,197.2472038780714,81.37958220926554,71.4467793606332,214.4607298372407,149.68434494594794,82.30293687812028,320.92684681436276,239.1203102538867,123.40671817041465,118.70593255724424
5,54,0.0,0.0,74.83500210808887,290.86773901408446,145.35713282740412,80.49257942391006,337.36142064262816,228.16751014526017,66.07513183634515,326.87533621443447,192.95805088219274,72.66050425305083,263.1086748911442,262.3083236940036,119.90055391361379,152.95858571361958,80.11622380434923,87.13755302551421,234.7127728263464,139.7767908697134,93.1921268969487,292.43802169159557,214.5590939980648,147.6086975576706,69.73173108905513
5,55,0.0,0.0,95.59319979581397,236.88501080299514,152.18058066288714,69.44913067693194,289.88649348483204,211.47603886907103,66.15521171392673,299.03623388332574,272.65059869067824,67.29655828533929,328.18970761859623,227.74304438898955,123.44594329853193,223.57996447562783,78.86219892155076,106.3319074481562,225.23407241336844,144.50224173915083,81.26314460579047,309.50304779613765,253.01254503716524,110.23564059005142,138.2711514738149
5,56,0.0,0.0,83.7276575766635,228.42894909343732,131.25319595264398,64.64687816153887,270.29477760284504,225.744210967064,75.48915876318821,280.62273812827095,267.7053091495132,54.97108817839834,313.4663397044142,274.1945864406878,109.1075397328078,205.42806384801332,97.59330211048504,74.91516601266176,246.81525391345158,140.4970208156881,69.28387522763433,363.49087572474434,271.49059118573297,127.62290020263389,106.02789139063022
5,57,0.0,0.0,88.53943337416354,244.8017207008632,155.61591358007945,72.12125356888153,284.71003574133147,240.07898236116722,69.41523578682938,317.2624965522997,283.6909385144648,68.9933522168567,302.4489140557838,274.049400207351,110.12490297267257,193.32300571983143,84.83742736980093,94.80040437114545,217.58192894845155,156.14083451776057,67.84379465093402,312.72274510142904,231.33414827155823,128.7346058086548,112.47592735117604
5,58,0.0,0.0,77.85176629161934,209.6047920971242,150.3197046672204,65.22032467834214,291.021383427873,240.92526030130028,50.31481039836385,264.14683902949315,230.523496083915,72.02931803379019,375.2004347772806,246.79446677709888,109.22497088085689,178.40951434707418,85.58649606599417,77.08562916049249,198.46150479840202,142.76004181902684,67.58503221909686,361.254224413589,245.89673476309696,106.75940380959254,81.7784161932385
5,59,0.0,0.0,101.07865145165542,241.99340840538503,180.1580162898745,78.77131464933682,338.41052808913525,213.95684933238437,71.19108934464822,323.51704565260167,299.3574066567632,56.46242406405979,249.2129159398603,285.86468174415717,107.49308952092235,217.6733666699227,74.52835188605175,73.98880061486656,267.99445074983,145.31778191335522,86.24862926159201,314.86774709815785,220.08369797652074,119.0010324743079,101.56136933853557
5,60,0.0,0.0,79.40840941963407,232.71724039339043,136.02360762801788,75.016944887686,306.6351277164284,266.37896906690423,70.576642439415,369.76901564251506,268.7365666853729,65.56599738036876,321.87107152945225,295.47989579580667,114.55003045139107,188.90097276181203,90.37997025466521,74.79079157248927,243.41555542956655,161.13579095725868,86.08560394157492,302.27832247180237,244.37483768509892,128.43844338338945,75.15871540542963
5,61,0.0,0.0,70.09025648098668,263.3313771053848,147.63945997441897,47.062109870142095,248.76195260497533,245.0822458531512,66.80328943796917,348.44223806534075,234.41856884604866,63.36922768853304,306.3885737580678,252.74566612692752,91.66734742267195,225.03594831253375,88.59416197848542,67.95028861890378,229.35263316646072,180.45457528726888,86.62740798999017,312.7766549837896,208.54798962914464,120.47551324026104,113.69146619100013
5,62,0.0,0.0,77.13354824066772,258.59212891496315,142.14526463785785,78.74370687610453,263.4644115490341,227.16661285120003,64.90221567777708,406.6327149363036,288.31411006868075,63.672724676815804,292.83322073509584,201.36564885591895,112.47710595616442,172.1275764396196,92.00882246863114,105.4415146048592,238.14212471277907,128.75158014499112,68.51416217958233,304.8941116725831,247.07847837806656,141.2659894417418,109.66099829772753
5,63,0.0,0.0,112.21689059404838,226.99357203811533,140.44178201547106,72.84777633762778,299.5675340443212,220.4154350822336,50.345895105971266,325.14671114705425,303.5022257881068,69.3205821335028,304.3274483963316,264.6107508565697,108.63338783393237,188.97915860038844,104.01515344234312,86.1154214896585,216.01759837409966,132.61513814638664,80.29315226815802,329.64943753773076,237.63446641834528,140.82846882007493,101.75741236726937
5,64,0.0,0.0,89.28344541212016,245.89510188328143,150.22318573824916,81.3040544399673,277.7987066184799,213.11005806436128,73.92144168332189,299.2069855941155,279.3182890787769,63.771843986375394,334.6149147600522,307.9619275878664,92.31153863531267,197.3448290218457,81.57395427578759,87.17111511831509,212.73183875448206,148.9702974622933,70.04035083764089,274.6472741764532,244.738231696187,141.769539962813,100.39855074414612
5,65,0.0,0.0,108.25749447512092,258.4328706071425,151.43544209981812,65.86153782523644,305.4142312802498,231.51407228643822,68.45818396230132,311.831983412817,363.87783575568255,73.42273163472042,285.89256735020746,199.762379405778,98.14835094124375,208.02771222282448,100.88616255515376,73.05475918557028,212.48073142386073,138.35729897734825,92.64001151690437,325.2191367122824,273.0954918841198,137.5197155134659,74.01607978725986
5,66,0.0,0.0,85.56539287173379,273.444172542426,158.7594359008602,67.74678550831287,298.5098043835157,260.98645605073773,78.07357438323854,306.76376021692687,309.6105767727637,67.29025206263023,391.27777067996885,268.7476991107602,95.14134178248293,236.40897354350244,92.8622341871521,91.55827288937894,247.75947311143767,127.71044471016333,68.09757985807214,272.08873062122296,256.6948490556073,129.15278790095624,56.69828992197388
5,67,0.0,0.0,91.37787856015498,268.22534855655135,183.3759985172776,67.97699951974792,342.43577542292627,235.83416055123405,59.0181124445488,344.9900632771859,185.63801208964838,68.16035646607901,340.8375433885321,280.3326729054985,111.81279002344938,193.34563558727282,89.35243313376152,85.02505173696274,217.25427400838717,132.41685587628672,87.87842435831244,300.7393279504099,237.10235475036504,127.09639288597978,122.79626520407086
5,68,0.0,0.0,93.9787103307549,245.08931425120957,137.71408162128816,70.42638927352907,302.177433968093,216.5640747738571,78.3872442680351,306.27900250842606,250.78869303478973,63.94693235650024,296.8955501329609,254.5007379041593,86.71334577561673,167.83806502527028,85.38110651693395,74.62354883489913,237.4437773019575,118.5577499286142,78.96189545663881,322.23467790352817,198.38720279797232,126.3151185514065,84.90943611766059
5,69,0.0,0.0,105.31839997315353,229.67217260776408,149.16859362133957,70.12358169108522,277.40426239825206,211.63507498528742,62.73755863065449,307.4940287669172,279.32202605762785,56.52771809246297,393.8070585309398,246.97649182051762,108.76724182414823,230.72400686849141,75.9725236969123,91.04565602867532,228.39117217979262,104.9408565243545,87.3684256616297,280.618555615593,250.67577764971398,111.62432659271175,62.819061763757624
5,70,0.0,0.0,113.99350753212947,285.1851469127797,184.1662745298331,72.13171887547666,257.99346741330464,241.6373339363763,67.48430328801531,298.12624574389963,284.63972364210474,63.663961307978674,325.41923977043405,246.82503591105643,98.881888301665,188.75567377832857,85.26640537666275,89.19083182028119,233.01328897627764,157.36183527522485,57.92583555109914,327.1830965117998,273.43253457830895,115.64759039630584,116.46206858239776
5,71,0.0,0.0,118.87983185213174,249.3418997473032,132.93721802003694,65.08800162002437,262.10459564259145,241.80697441266636,77.87489886512321,354.9851339507707,254.40785051976644,69.53700137035598,337.0530324504166,231.13918520956233,101.04371754953252,186.77797712347217,97.44356457617495,73.83768653010755,212.85738105546054,158.8251570602245,90.62708677187142,351.81066349859555,268.33933374189627,124.97136135681015,132.08951223413294
5,72,0.0,0.0,105.7021390763251,219.59536086686305,169.1269098571524,67.07987305028787,307.23559309900133,212.59064844139775,74.58654403111602,370.48402443191475,290.5890531126581,69.93236707156346,353.29368096336674,213.40306669005733,108.0573724278605,188.3039223751096,71.04658782853733,93.7736065580477,186.11101736793563,158.62136572759368,72.78885890871258,372.5858122386,251.8251370925119,131.38108742269978,109.91922981766861
5,73,0.0,0.0,98.72563657344621,251.6472733306585,169.96580940666968,70.0828660885184,321.5421040358863,238.72850574089387,73.17466891656036,338.1564623753917,305.3625473062753,78.05631648038458,296.1508957183556,247.16797716698636,112.34278834079174,187.1652191472377,88.63025079765228,83.34628792790247,262.5159823074681,147.74853354725298,75.39895405012855,306.1882147297051,237.3038537871428,111.3050391707911,85.28783678197166
5,74,0.0,0.0,107.8623723465143,247.06049578540313,152.39145145212603,64.23896434390396,261.20648137706957,237.7416524457976,58.17474797342493,311.95577403796466,258.65776917307016,56.354865595492264,298.71000704918845,228.71852905412007,122.03732136043025,218.92967803574814,84.0307799918119,81.98511976006961,237.1451604630402,155.46530382572885,77.26223042965927,357.0317435426093,242.72628114609188,112.48463380193506,36.781707250279425
5,75,0.0,0.0,84.25535882953473,277.0645563208051,143.7465072020828,59.18765951530809,345.50595381978826,243.62465091958833,67.78044840457784,393.23814190528765,301.40182690492753,75.09919880905618,316.2082466230995,264.1481579978987,103.43088204425428,198.50627255297636,72.05352181822909,74.77181358550033,248.52423836857415,112.78930402061081,79.94905962876791,367.0883932341976,238.6214022358761,107.72282896984673,90.05126443233551
5,76,0.0,0.0,78.74577062834295,261.60446542430174,183.57071139435192,73.7607017686654,283.820407076032,195.66404548855667,73.28410772457164,379.07966495179363,284.47622105523214,70.55685837643595,271.21674660621557,270.2017154515054,99.17243315463406,206.61438038896264,83.32425318031925,86.0504882086685,261.9139158662287,139.01835614865655,84.28720243838868,299.4285003506617,250.39701227345105,117.70213917603559,83.48049116487823
5,77,0.0,0.0,89.36569462038567,277.2020886970379,177.7115357061319,75.03003128299592,289.17279552047216,163.97226340202982,66.05520474408152,362.60197840662136,211.5508979218696,65.68508922434344,246.82607529377105,276.11006151981366,108.18247637144759,190.9058147764398,67.23195193704782,91.93359357442418,227.64654073630263,115.06764759085623,70.87984181402639,275.7003618991562,235.9239711271911,130.51062732270816,87.43590912510112
5,78,0.0,0.0,98.23576538439231,257.52033770812346,160.45532934819045,67.4228657828051,350.0696670685647,249.11709895416575,81.19240405373138,361.0190784538796,261.1848455223607,64.2718580044611,300.4654079621414,229.75241091351887,103.08936876722501,209.4729372610393,71.92031167146044,93.9248381996382,203.97956275328966,134.13237730632457,84.60897664735776,364.84813135890016,255.86880065893487,108.9624164848435,54.443017859890055
5,79,0.0,0.0,87.4415527735579,287.46882343943366,151.85702350563042,70.64165092477397,285.5152746936187,250.3073409134949,62.12014773679575,347.79252327508044,220.90387290176793,70.83784589132628,324.1447438551677,265.567450439592,100.8166277386688,206.9201824005593,87.08367132475887,106.4536430478028,237.6952865130231,145.84364388258587,81.7232649141063,310.6741757018937,217.7397581103061,113.77797545013075,122.15955326882803
5,80,0.0,0.0,99.96995369899136,277.0888841298073,160.2510408441592,64.33510134516277,282.4461348801591,234.82462572056085,71.86191190778142,324.3327656273222,273.3219037200415,71.64515040023198,290.7570975649501,261.8238816000305,110.61392743369414,185.94841349519913,109.03006093158038,81.70155176614378,231.92634233279338,158.71979199977454,74.64244164092365,265.79006664697545,194.93166871275048,123.66874896518665,138.13600105334984
5,81,0.0,0.0,106.91149036725966,254.0068941252291,140.41572252724882,66.57601591304892,335.98254950549165,205.2932661473391,70.17129340245114,335.9971107453749,264.4378582927841,69.0390935773982,356.1101846115743,295.4725785751541,96.16698321901285,182.68562055512302,78.19329406950533,87.14532124752671,233.504517596176,143.59985522757557,94.02471696507588,333.21112222470583,216.257240627536,112.4148018752423,94.1639218066447
5,82,0.0,0.0,99.99288729156413,241.75280573112613,156.1529123686021,59.709367016402815,317.07931233952763,284.6594915030469,68.35408341118837,310.87018429788236,229.45153363690704,67.96981889669306,258.4213555467934,210.55823346033588,116.85866714367103,204.25557880112007,88.80715639991857,87.0764083995574,211.981244006079,126.71149163215816,84.13644714930196,305.5537075847951,227.02868906277953,138.51683635001527,105.61028907820568
5,83,0.0,0.0,89.76394645480347,255.4585477389746,151.8388952651278,65.45846517584481,282.6081395761569,226.10765237987957,72.65241517220241,294.2311551370376,232.76784438705158,66.28412657677552,286.4909758215114,275.3942875675293,110.78285779467534,205.0969555321202,88.16881642714927,89.04989357341384,236.89297248210372,162.15608521303895,82.1926936455256,308.0493402519072,236.52492682192326,124.63319880433374,104.3631476909831
5,84,0.0,0.0,114.6581121628013,260.76431401590264,151.65784331999865,67.06506071900529,328.3536611467747,253.8871197166549,62.94408379092182,347.60861647039553,222.78636929003926,74.10325579133095,365.4340343058218,267.0178584970049,106.41971503421823,192.79922519403843,94.4363039835023,77.04108879838596,238.33932094943145,136.1028849755238,72.80748079216804,326.4244485195587,230.3346194954889,135.63995767541664,69.68129046365654
5,85,0.0,0.0,84.36081825238827,231.23120695914997,141.24128362964737,73.61142654165249,296.5804473288767,164.54366208265677,74.69355415084202,263.02756309005383,262.689136495005,80.2561050139467,429.12213398250026,284.91170421905645,120.4057465327145,227.69707432570772,90.71867705348177,78.53569671649898,225.58853092434106,123.21343810787398,90.26143260853284,304.8209111284365,267.01505222977266,124.64580871095698,108.61279569734081
5,86,0.0,0.0,97.7656520342142,226.23682279340602,179.41267849599788,73.57747904666778,327.2897104633382,230.87807123087637,74.68072357040292,287.07550925037697,323.21836417480705,64.9412882204149,368.7109921164784,251.792986024105,87.9420801017344,183.61860338347267,104.50596436269248,95.854985131347,205.62412294315726,152.16209994061575,83.57102754009072,325.4403463921516,213.16050576890592,119.35855914561627,80.78407415746449
5,87,0.0,0.0,96.86107549227556,252.43119552371567,151.20754678718257,78.84509234800053,296.1865301799074,228.93579362408488,83.917211244696,335.2134743990898,287.23271276234925,70.55590076127683,286.80653144390925,259.0621200440904,97.9637888017395,180.92903161159367,89.93922690591579,81.8456188260645,209.76844130669838,153.79771724055965,82.58535191358992,350.01111034910804,218.5962694368452,131.46274779119557,112.24217205283385
5,88,0.0,0.0,99.90922649893083,202.37146694457903,161.23927154942498,72.87864443884878,363.1283664087101,221.61506157379958,68.42640388647344,340.7820088481513,243.81688226351216,55.485545960038955,384.114721561126,237.34066253800006,115.56044361603013,183.2866016763606,91.73098882758367,87.35689611139996,257.8135865966697,152.16642460992094,75.22019458884891,287.8705419547336,262.44436455957293,113.5299613853362,128.92732110392052
5,89,0.0,0.0,102.04840147383494,245.33231354719192,129.9999794262895,80.20718146154218,244.42891470000671,225.419157223384,71.68152954385445,289.3968131172368,234.36835257318228,65.90749086497216,332.7002619735637,285.0266909580775,108.29526918675104,205.2925018736846,91.06203370153669,81.622722617865,227.22270424458455,167.74556622259874,66.27985042210983,288.95908894625586,199.39319146088872,137.647190445438,117.23400267475142
5,90,0.0,0.0,90.70920491257685,208.17947061841582,159.12781851714277,66.29189762711411,331.77756550043296,193.74212002867813,67.24731107048545,353.5443147825777,235.3008252915399,70.95135331810629,292.4437456682781,231.03463353432653,100.70810613561571,177.1592295210587,86.93176577978205,89.8247016327169,207.93600921297386,170.7091325438447,83.62504072534556,306.5940364463018,272.46619663711516,115.23475917066334,104.24562006428634
5,91,0.0,0.0,84.18412097920681,242.22450363991538,157.17403822899539,70.89237747167014,278.8459632369239,265.85741531528424,68.67372575989887,308.17591557627213,285.4771234289559,69.34281699596528,328.16216593017583,243.71261407013415,107.22101908322404,192.67574346413898,90.08531385327987,89.2544746333707,230.84767081861793,182.35144035733256,88.56648722544006,248.08984549894117,210.75251549610314,114.07964518895015,124.79214570891318
5,92,0.0,0.0,94.01532451875116,258.54457206129325,151.777421055196,64.69382347921025,269.39029964549815,272.4519030194688,71.93420110292642,285.7397051554681,251.8951966530903,66.0843012178067,292.64842800189683,235.86588080394728,91.65823111163957,191.84977722607363,91.33044456272052,76.64066446095913,253.4236403636723,132.92186225513922,69.61318393164072,318.8834390978603,262.55580857417795,124.37924086888513,107.84023775601874
5,93,0.0,0.0,86.1184056271961,255.35168163977258,165.36993246578436,71.7206176158594,371.0547961578157,237.84338426991306,73.51371347435364,327.8068859459092,254.32788060668832,69.12315813502023,341.0769118886071,283.2069062531822,104.23071003871466,202.82077543898143,92.06168853047886,94.3684092588089,202.31163601290172,165.43576229852613,70.76031912536155,278.69788059565474,241.55120280315128,125.63320177749719,87.56253247308322
5,94,0.0,0.0,100.87590517986352,255.36233148722602,153.16437439803033,60.682350214402014,300.1477905794233,269.95350365926686,60.22574359970443,366.8652315719898,298.9688176531208,70.66867230504978,317.2909992749054,281.3001458475613,94.8486740425127,205.01733336617866,83.64414017925104,75.16201026019168,206.61538908889779,160.89870727173218,76.65371266623724,353.4544989504695,243.9672162699988,116.63003898958877,74.77316039876294
5,95,0.0,0.0,93.46652735798116,254.56426291369738,128.1764364270823,61.98526402669005,268.5943555021915,186.59075188616578,67.29299618879281,331.06675356198303,248.75912868658028,64.31863867469919,314.2024609661198,264.43573463752176,115.59044102536164,197.56842982931212,80.83596670441023,89.84039454277669,252.88499113219513,145.55149698181762,66.67386406840315,266.0695686652495,282.1888225152666,133.91733011504556,97.76364327388384
5,96,0.0,0.0,105.03909673220993,247.92659807166498,161.83531509532935,68.16768937528894,294.9872273821003,218.02044413419696,59.19441940476294,317.8121020032486,295.8840593940279,68.43615578811824,307.62963442101034,288.3235390086197,88.13488859760827,164.9143988630176,99.86147732866777,80.47033805068257,272.29596346930657,176.559566402548,71.42702252663332,250.6520895078243,224.05796550942154,122.94273504025189,93.30479012217181
5,97,0.0,0.0,109.65766482618687,250.84701803467638,192.07482263010593,65.41829088663425,332.8098124696615,239.96418691070704,75.9524407377991,384.1821855560182,294.8749608181301,71.22564847589865,312.1216613105277,261.2881031952843,104.74850165823425,217.74572092721905,80.00312233912862,72.55069201682912,228.33854585856517,124.70674207599424,76.20350188554332,287.9977748925269,266.08160334723374,106.33565691957563,79.8439330966132
5,98,0.0,0.0,98.23710169365236,248.69677557521518,136.86278976778138,66.69286610032925,262.4897767592736,239.26799254357593,70.417565340256,317.8806414837274,278.04996643369986,65.07062319098097,313.1303879442089,300.5889419493714,114.20490323917785,164.14377759231166,85.9900692031428,81.25544478598209,220.6093032721609,165.55907243892494,69.7806649547612,282.50693652748004,240.9968911287517,108.33037392192088,113.31742082201525
5,99,0.0,0.0,91.36414613638178,249.75440281341872,138.96834545956008,65.45120405109164,265.50502470199825,211.2089169711385,66.39551648996972,340.2334030010836,280.1944799444619,68.39482899962488,412.374373903025,242.55140308633347,100.26604701016387,225.68618875582771,104.69515115491082,86.12004480248244,255.9567323844086,162.47898169971216,61.89917593016071,322.2384410183505,255.95822956392217,116.03104011450606,140.88966760647534
5,100,0.0,0.0,104.85563552497783,245.66817065098763,180.08078321264037,79.6199752631907,317.3056257310343,232.6160654987206,56.97100399934703,334.113458021856,244.68669048708938,61.951848182454896,329.12693244746526,256.37003094769653,114.46462772461581,201.5067378648116,91.74011546928448,104.30956653753626,226.51798514913315,137.58206432451001,86.37334027112912,318.9092837882731,210.43031732179,126.57799637984908,92.38308222058244
5,101,0.0,0.0,105.52380324261325,262.42657861203304,153.78011547232364,62.05345483353592,301.39835871066197,238.6192413744956,68.64668160590792,346.11896924775465,259.55634767958134,62.93095023988271,278.3783849454248,216.77875822021196,97.67421994664117,204.8017721372629,87.8984273945386,82.03138953083912,271.1542764779651,149.4167395964639,95.65381170085246,340.41324335903624,282.65596081345404,148.76618095993675,117.7603689831975
5,102,0.0,0.0,95.69566365172885,283.0527337642714,133.59802656154525,67.78215956119591,276.589658767301,231.70160366416576,69.40968905473325,356.36316720147016,235.7846950029405,71.39819905867424,310.92578133017025,262.00279849638576,123.98631723715067,190.37968295112813,76.60531622957079,81.08496293260916,236.79778381186608,165.70836938847077,81.04965021019717,334.4849327200738,245.3828141404029,115.99650194460888,108.14924736783483
5,103,0.0,0.0,106.98930611540361,244.23697074613978,173.3307641833674,46.497565420547126,306.00027953214436,211.33788647538472,63.88652638928057,343.25329594763,245.31161876230152,63.43068726946783,338.0228214202308,261.26071581332917,91.42812524958674,200.9523954732463,94.84965784218772,77.61175394996322,248.60172293217428,170.79807789490667,74.14492224765314,348.9894031407034,223.51838669073885,111.08125372150852,66.54065742470985
5,104,0.0,0.0,89.68009008276526,226.72203727469474,108.2538893235955,77.21296081581843,298.17097860517487,254.0943958768908,60.144336621316135,304.59505323880893,277.38117498819895,72.84900560719436,365.74090730413474,265.27669147373274,129.89382049382462,204.33629648760626,96.14239473259934,88.09209631166985,245.45213016752936,153.59273888840602,68.25168331427138,347.0863682771945,258.3386584965803,107.5391764231751,65.5841222223298
5,105,0.0,0.0,111.9056143381345,231.1166092337755,162.44163119733247,66.5983061067819,316.4340720836935,204.432670033323,66.6608844832586,308.74420188988614,264.56164867940595,62.638489876073606,360.240027001262,243.95051504507526,103.74956049970568,184.41661374409207,101.99088842624634,95.60789689160498,254.27061230922777,141.53966958904206,87.86924031913456,273.0863970622019,223.04549394344704,126.4094020494187,85.57211270171847
5,106,0.0,0.0,106.82005646910348,215.14464225676173,141.58556327532833,59.98784908222041,314.4091670522583,215.7186054357948,70.35437394576925,369.21362246735634,277.19097165733234,57.72522109682557,303.68774332277064,239.16422500123915,104.70236259417358,167.27344439786717,106.14021532377424,90.13739263925261,235.98502473844414,147.53929763254254,79.04330047619365,257.05543966100146,246.64835041812918,119.38174845220337,113.34485557162111
5,107,0.0,0.0,102.89876371786572,262.8856008850755,175.36905245887868,72.5907671290135,300.5787308410186,281.6726514840998,62.96444543729389,330.18199608697427,264.13727212309016,62.97027375564547,254.33542881357397,230.66636239600274,100.26714147184454,193.95413066646688,83.00793568751689,86.73606440751576,219.60436441860975,114.543881612029,79.76785059254581,353.0585363717824,181.13118500514264,128.05111436925387,125.31837153212425
5,108,0.0,0.0,98.77815926825551,242.8866373697861,155.72475780897727,72.77496325064068,287.25005627406415,191.20443227665407,80.11365453701326,344.62759324118156,230.01450801386807,70.04576997649869,289.6547105220608,257.71786792483516,90.53655299982898,220.69401901815692,83.83386211106718,79.08239073121237,222.41588757624223,131.34276524245524,84.16096758304148,325.04258392827774,193.77175311450912,146.3839531036408,63.04676693361239
5,109,0.0,0.0,104.84160765951712,249.13484210306618,143.64062997093802,67.11862278304747,291.6049206605704,220.5059707768869,59.89505284094826,402.3440346984343,243.52412913781038,78.94284786381766,297.8673934648305,272.6793687501818,87.21093862802593,195.62362893300806,85.82620018337778,76.95273815989597,228.48371813907752,128.34494170886887,69.52300750975934,358.69214984117866,232.24175506175038,139.26096701343698,93.89654785737913
5,110,0.0,0.0,91.75531434546632,193.66212570934078,131.8659546333434,78.57408254919933,283.1797028706102,247.14496948017114,81.4706267656249,322.6862307502436,217.13751312297205,71.53198083633839,268.28711832379406,276.3703422160355,110.65815470895147,225.0822216521498,88.1733500428494,81.78868210629419,256.8319986287861,139.38003585501897,72.4363441012582,287.6514914716915,221.69885451737102,122.71893727230596,100.88857839966987
5,111,0.0,0.0,95.579277601707,242.22177873022576,173.36836423704912,64.61594405995015,267.55877283059414,193.49000943213068,75.48185820537492,330.456640621239,244.112591295858,79.25068572022023,292.3335970690199,219.8889304855608,91.25898101818017,178.1271954712804,99.9574511330701,82.0615484848389,244.2176869637175,145.7437006477994,78.87568767012866,266.81257091986464,262.65881262933806,115.48520044460018,94.83445895294503
5,112,0.0,0.0,90.31068777952993,264.56595110338515,141.43459044396988,66.76026639063541,280.0271307111298,226.02862654921543,84.80740422427972,334.20874077895445,239.54245191666814,69.75254490315706,311.66928189039663,268.7791582931878,119.06552738459429,209.05571950714426,94.33789283154685,71.31068542423938,234.63177410972642,165.52856024863115,74.71169513980226,309.65811883703145,216.73422083028788,127.54173694216108,74.55071501262753
5,113,0.0,0.0,99.66483052426385,228.29973801453968,163.71239981437049,60.26713746126686,296.05923206326423,258.36687854420666,53.690663923024665,305.8889265903,244.03636858072971,63.447648698203324,319.8092759261839,219.42318730403954,114.66259115489319,214.61917234467936,71.68451595116247,82.88929138522639,244.24928837780354,146.42453685038086,84.49949498483066,327.5649067465922,235.97952351245212,125.36049723665872,127.11780888849519
5,114,0.0,0.0,91.9995681679227,202.71719272269263,129.49975142021222,68.97642042888641,273.1203821103259,175.23696524943486,67.96522654105513,405.11356639308127,293.1189011407432,72.83180381679662,335.4310431440438,226.96776937231797,84.20457048140402,182.96823771821536,100.72289768662014,77.48656661801826,199.41724457761507,155.01596385722783,86.27887240220663,286.00915613112414,203.8025427843449,119.78246896513295,115.1758410330127
5,115,0.0,0.0,95.92767696247114,277.2773485182561,162.73654679504688,65.3790060053136,306.47517359377207,281.4361663459633,67.20755105690878,328.14215787787566,269.11553352835875,75.19837547795117,312.64228486882,270.28139547386223,107.50850556729138,214.47760848122246,86.56953138119208,85.50022659724763,200.67081748159114,137.58842136310992,74.40196004204849,326.77309595020625,243.91704141432226,113.58439368525066,85.85283756072067
5,116,0.0,0.0,83.18061750664756,269.5915293700585,158.31466157294554,68.18531831874695,285.48092807004747,205.14598444547158,59.16030599796564,384.13485783673457,274.755608166169,66.38856154398049,315.66219700985096,263.14920783678923,106.47832522760328,183.1194729086815,89.47831825081532,64.75543821368494,245.63750888797736,158.58426699731442,76.40424200235212,308.7397647373556,243.01857025478967,134.65874800487697,111.9923555006261
5,117,0.0,0.0,75.07023792633919,216.4529383593364,117.6103197411916,76.45986605135934,333.03169895512724,208.35301888611804,62.653920885787706,350.506999822111,251.04591349216284,69.87334593231495,299.79381090006535,291.9092350863365,81.74880669956578,217.87654586023683,105.3627635771111,71.90837917593326,234.07705577624634,147.95131359044908,77.8371727300601,328.203166025917,252.58566693907233,134.77122207689453,34.39077761184214
5,118,0.0,0.0,101.10431800850218,233.60520476155116,172.80024934181486,67.4777245235361,273.3319072076009,221.17254002914987,69.180703995675,328.6353067549511,175.12925209255093,77.78041839579716,294.8281213352875,284.25252044472336,99.22828747772404,180.16805089719207,103.91284596654143,88.84841539577128,234.61749498404365,180.05647615717984,82.11719652817425,347.5603498466764,258.30349932890215,107.63421946850362,94.22310864775254
5,119,0.0,0.0,94.67227299907103,227.2873871073739,137.53843397937658,62.39325384805487,323.32367187326,192.51547723769775,66.20303991376008,334.78719353924646,287.21208014716524,65.09258750204826,354.43859011825634,217.60882033563178,111.29957603561314,195.92311779031493,93.66808259067882,94.92895580748134,239.0820924824415,144.9540906560502,80.3196187811804,286.46240002503157,203.53719556960834,99.97179542306225,82.14839146482242
5,120,0.0,0.0,101.23760106802793,227.77435225836425,179.17309453238084,63.79774854910339,326.75615777395024,224.71642098208514,65.76313521338646,261.1775488584961,256.2264318498046,61.45925384275268,251.51285771489856,266.1868461046504,102.04273957797987,207.65591516849167,97.87469552890862,83.24022686733123,232.516862330921,132.91110520975963,70.28752131863718,284.8933247758072,263.57239527463935,114.63070270036124,80.43540007955059
5,121,0.0,0.0,98.82508845828926,228.4219211807137,156.63974647840908,61.052424517641164,321.03461422496906,252.26489204318673,59.731228929584084,370.4475195001483,237.11649272880123,62.32838387246405,298.25804392882077,213.1933003376156,105.09045911885205,197.5294997103204,94.61338967294522,72.37113676544244,246.81485314308975,191.06754455586685,80.22562112964602,315.3896612113578,245.7501710124359,129.4377338521868,109.02422339207725
5,122,0.0,0.0,90.23917949830324,273.77579671978094,123.81659110388837,64.80113493708576,267.6908053936584,240.35632509659374,63.95236249384319,299.3587916018831,296.886092144262,74.64956438635598,290.6393923828397,271.08363522127144,121.01739311828663,181.7512206597067,83.46045904687969,96.16218596047923,241.70387811123896,121.39012557380312,81.26596287991988,323.4331565597249,243.90690233679445,129.32607983241925,102.02126064461328
5,123,0.0,0.0,88.97424639570497,285.0719593296785,170.49563871524052,62.837317161133,306.1479148930204,220.8378293053363,67.07830618004932,320.31013724947286,249.89263149668284,72.86538422134191,355.5034664635835,271.74584445310103,94.85571599476623,180.86332307779952,101.75832621138218,82.26615920875238,214.9261488734952,136.04431373060666,83.02763667447228,309.5321560120587,221.4765205602626,126.10140522897116,112.79786257774573
5,124,0.0,0.0,92.37738756575784,254.0475871884574,134.54492048900235,65.74543685685875,274.8238119787594,238.319229299796,71.17679323559351,334.1639347054992,245.96965958715103,62.088807126157036,339.5072807690634,295.5026847175549,107.3474518507819,174.72903735261738,92.35532173181281,87.9742990788228,230.92036993824647,152.24603287221248,74.36553904812808,288.3105033445639,248.46353903178795,120.3733378283537,111.16664044371288
5,125,0.0,0.0,106.18868356387387,228.23155669717445,158.00633513321617,69.27058990323577,279.37455129246007,232.92655463657766,62.56733449238478,364.33924503571575,333.26906721764425,67.86555010599542,317.4063221798772,241.03237238839827,119.78736369031574,175.4426220284788,96.27310194464691,67.48292939520073,272.1332114503182,149.06339640564312,68.17012199876405,384.8901529695401,248.47456542142314,108.13913185511771,97.72342634331244
5,126,0.0,0.0,96.77753596362332,245.13662830683947,152.88680937121046,73.59777709171439,284.23636476792046,253.7067085590035,71.21533340436628,355.6364350702741,305.74946652441264,67.19022362063411,267.25414492353207,216.66959714527042,96.28115718402648,176.57160554838538,114.91439796905073,80.22901750726444,244.2439563832695,154.63323456763104,76.19028033162635,369.2279560455612,223.28945156569264,128.78768231287887,81.21854284530293
5,127,0.0,0.0,91.98523199429913,248.56948615328517,147.3742616075694,68.15540353277909,264.11862783776417,205.89610110991111,60.3826578708706,329.87248025915596,257.2112181960883,70.87083452045808,366.5977373846531,249.39917342296917,103.084147823644,188.81836054807292,97.3310395122637,78.55788009934956,199.65965847391712,159.73134916045652,73.35106922754201,310.4668062856901,251.1310865901569,124.64109430044168,130.58538013763393
5,128,0.0,0.0,90.29755054668257,246.36212132864887,160.38227293132496,73.62928819645664,281.31098953886317,232.9608500611342,67.79460982834908,355.9501996112276,294.6811356144145,57.19751083812655,374.9782907043502,245.1028889750856,96.49603745018722,201.3698158322694,97.95951816770939,72.14799605399406,234.75871806425585,151.20746818942823,81.95335434979013,323.38463457480964,257.4144648213783,116.51736806344134,117.63688829663691
5,129,0.0,0.0,100.55046212883119,229.9958626457527,125.34830429734272,57.23640393269307,290.19782898659076,247.08377878473334,62.896418975821696,387.3731379135928,277.7412732770275,68.08990902475566,303.29712245442875,252.2446039545295,105.01794012338682,168.95676456472333,77.9732032838119,90.18979460147654,193.60125881157927,145.671355130316,89.63824168581026,289.13409696255127,230.2156371933012,119.82580047861398,86.99412893769663
5,130,0.0,0.0,72.96634136866687,265.39379526785035,170.9717506586897,66.19056661658534,248.10564196053997,222.19813390571434,83.06659873298085,310.5481761078569,261.77757977136014,70.43507583378161,317.7947051072569,252.71665405677865,106.33564356439351,229.91519659076212,78.38964540091087,92.70622783209926,203.47769482758903,160.09683560147667,86.96747429303542,342.8591306839417,250.75870262786987,107.66112383882701,90.54382209198883
5,131,0.0,0.0,96.79674470154251,254.2507021386434,165.01684237575947,53.75236260896189,275.61953320335033,239.0066377726413,70.30275371984771,295.88240144348754,277.2043822882429,59.59783830815542,379.03489120096975,268.4825864678666,88.87154318309956,200.8199385861804,106.14864178751591,65.16556065735543,222.97661615156994,139.8006448283476,78.12095080569108,431.1647912564184,209.04113803140874,134.77917393533443,102.56899788047618
5,132,0.0,0.0,92.50547938239775,260.1820780875786,188.18035824072535,66.59363978546459,297.1631194150179,245.98983768907746,76.84745600687941,351.55687377761933,246.22054282213693,66.9000980507715,379.28236486073223,239.23120313356287,105.61718658718958,166.86815927329616,90.3386460447868,80.66936513044958,221.85827676980045,162.72439395195346,76.32474768412632,297.25148349040694,263.12792349215965,122.52403651397809,114.70088498731268
5,133,0.0,0.0,90.669332928363,294.1255655639495,178.40725346451651,59.29018673121804,326.9822767935113,259.09524960650185,65.24313488104289,402.3687532817852,253.34220913044652,69.14834722362916,319.7446982754317,242.44353770611724,101.01780700569284,204.3495844425618,86.51899186854182,93.03762329569854,204.40698882742544,161.80253245665568,81.9152753860447,280.7123190578987,270.72079459560945,134.23248763110956,88.09265498186618
5,134,0.0,0.0,97.81745632111681,232.45317298271127,152.5611487325639,73.28926895296524,270.49950905682545,204.70534488062955,71.350040585208,344.3607446324188,266.55654581508236,58.38292015992872,340.983649288358,261.4968723081108,92.67258942416112,169.29202361305644,93.36481596509223,79.96596170633927,271.0085561070508,162.00931139190408,79.42809672695662,279.55479074890025,234.17263513704066,99.3068916636726,95.21070257263132
5,135,0.0,0.0,80.03540809869429,278.0383521968648,162.61140414083212,59.023900627216335,265.9099967835514,230.59866733574376,64.81589379250823,346.993250371264,268.4840633325444,60.65133106810301,296.5670828776992,255.0144092790895,106.88559040437279,184.67137882477144,82.6556932993409,89.40425004752393,242.72318794139343,171.87923314287818,71.45746886654854,264.8215150795459,229.94963968128303,131.7134582502569,92.90345498892113
5,136,0.0,0.0,96.2493433766474,206.43915645131122,165.74809021131503,68.90694685390346,299.9808848696445,220.79197967493363,79.59871020587333,334.34008844488375,262.9889010755141,61.24152581177814,357.67018128156036,256.597723647624,91.94647259890178,190.36206764672795,83.53995595716941,84.14237010313373,230.68680504026824,135.31414609758252,75.24271601137357,256.40229870977817,234.1361832968346,130.17179305851724,91.32189552703032
5,137,0.0,0.0,98.40740828737043,262.1923313993719,126.54615006787353,58.17079705836232,280.3611015436823,205.38471259007224,63.35429449016695,382.00385995202225,321.417084096136,60.804115032020455,333.26483628059805,250.4385780101538,100.91390605419573,220.92270493216097,81.02000679167274,90.87805902881443,269.37222003020895,155.7540086580422,81.05474234545284,311.37222209353973,249.3779286796166,132.40072789720503,114.98412724178507
5,138,0.0,0.0,117.80915095136909,227.45569804861105,140.80526566066993,61.11378558318761,261.62707237473956,211.96901759058886,86.56667402120817,294.33912468469066,266.4537241412531,73.21310371718202,370.4676705161518,221.1142040100073,116.02386676956682,231.73653666477665,106.52007944891625,90.06843984746321,246.87669386556328,131.30244864738697,71.78910284798923,301.82875825968745,240.14069969448116,124.06946993221554,68.66364749649588
5,139,0.0,0.0,71.49321428207303,237.91295730770548,149.10705465398632,68.3361766918357,271.52461262186114,246.61161131677196,63.40298021356629,314.707362892167,281.84175800754525,68.44344614016329,321.86005743595445,274.05499443180355,114.29651345421274,164.59362992857248,73.08861295090163,79.57603209775827,225.93909839325843,155.54023366338,91.47131752432296,273.0209410747309,246.74872530795395,111.9175904960021,102.7955423360701
5,140,0.0,0.0,88.58718831630769,275.6700442370435,144.58248865858715,67.7400154446522,320.18104173742245,210.2872728851526,63.06824989332339,318.45799776660715,280.8992622362298,72.44732229945966,348.2774912904891,256.5285595340213,88.0962223586232,207.60747398093727,93.62594813294123,76.96063486811109,221.27266587619903,157.10282884115986,76.91262937940705,278.0517355395911,254.56334893012826,117.67627760432481,70.6008010616434
5,141,0.0,0.0,92.13431244424054,280.08233884691714,153.01431897762552,65.08188685202626,276.900615165004,243.70776843473408,54.483192576729735,330.1997541944726,279.70218048348,65.5187491128925,302.0937271191401,217.0241202585106,121.4944534017395,206.30585585206208,90.70977954632508,95.58314556488295,254.65201902387042,140.69106185294294,77.72059035925803,313.1476063102295,200.36785643037692,105.649776888914,70.93038216195664
5,142,0.0,0.0,91.6455916961131,275.86650764068776,168.61894497851517,77.6661980002695,340.15865751382034,248.6313655476404,66.23800182821581,306.50214931849814,260.5667751890568,77.57196956900165,346.4093726292787,257.06846055243767,80.99562699981104,175.4111254930111,71.95020831176689,102.56570013902177,195.31678987049344,115.03766231449336,80.74681448936596,333.34169749093456,243.35731104816443,117.87063701775348,112.53130114344138
5,143,0.0,0.0,87.45846102074397,223.55555433464605,127.49573419802843,76.90834434023263,330.75861710674104,237.14968267829116,75.83574410868174,280.9379929987341,307.58211852150305,70.35355622889898,308.7086854183341,208.1761390274364,101.90857948308721,157.73459592672077,98.1557465208305,79.59755103322868,233.09802051766593,160.6822912563915,80.28993773399007,305.826480416913,212.75440761006644,104.87524769820736,60.90049085278125
5,144,0.0,0.0,95.53966428649812,221.34520762470072,169.25243331777344,67.63446791417213,357.8094751023626,220.37649090193358,61.07961959664222,352.71034892897796,187.42309721989892,66.39886442848888,328.87096902787283,265.30865514515017,110.16278134292132,208.25427910051482,104.49227961606341,91.30809849565622,226.6782379811134,151.8090458419269,79.7640224769765,326.56168147972556,236.48563790088272,113.3850149816804,83.24098932664165
5,145,0.0,0.0,80.40010681907421,242.12724701367526,164.4950903659112,74.182654261393,265.8408403188212,206.6792179166552,63.100359397787216,354.17594242137284,234.98420109940926,70.05314808091671,343.49258408162774,264.4365899361262,99.70500298842333,197.97006336921226,107.9676192920393,68.96056743384294,254.2674450259696,175.48343597999056,63.81442362525185,312.0226590808324,254.98448281426053,115.22967262152184,113.4564961115261
5,146,0.0,0.0,104.66473658951935,286.9544299997413,151.22608354006803,69.90252278075369,269.68123003699446,252.62670001255552,56.79554824016516,315.25003613400276,255.55459671464692,59.77938212411234,312.9149006048876,258.4184648162845,118.83550716822296,197.68723785564364,109.18273920399388,90.24177556133772,226.24366475273018,135.36068932086027,81.79161283888101,362.3141211306342,211.0603724637603,92.08338752189192,70.84839977761209
5,147,0.0,0.0,105.31228653410444,274.9283937378,109.05446600280249,72.29323138192248,348.22744926786095,210.56528308637024,83.28171365907238,331.35281374009446,309.02195625183356,63.94452606939651,277.7632225907695,271.56418629762146,106.75635297089032,203.65297379634833,85.07920454775125,77.99968140478953,225.0609506374521,139.71037091049857,83.12309092069225,336.64121305076986,214.94593152295954,105.28095015591086,100.41592601163975
5,148,0.0,0.0,99.70649804607824,275.88294643776624,150.08879070945835,83.9621224313853,289.03066689340477,254.14444738748074,62.68726886934156,318.1617539779108,271.2694803313676,64.16392988654216,294.9439682777943,227.6212725120792,98.27093633439185,179.86479562888601,85.23921459998328,94.65687830950984,218.41759320534192,151.6613800037786,77.91504230238031,365.064491167411,261.5474818776729,161.58435678120168,77.45799260059381
5,149,0.0,0.0,87.77245244115127,209.77144431615636,188.22526423456358,66.09982524917264,281.05510890642967,192.80432302450208,63.11494262173375,332.1571887553977,289.4099551301719,66.67126920357249,355.63410355142656,271.57553539053634,107.40661161269738,184.23435869499403,102.23415093032415,94.41727433257593,204.45480866266809,160.94395758838252,75.82791020053199,328.0279125421448,222.1239697024537,122.45000377584469,96.39552657479827
5,150,0.0,0.0,96.92824511233178,257.79041679000386,163.03196624849983,68.56846381327054,289.863690750422,162.1290268672114,57.15841247787445,353.92243590442536,289.8087806310625,79.25970266677959,327.3225172568317,233.44510993461867,114.82944909209021,198.34192053257985,85.43545399811646,97.85352829031905,276.2325226708014,164.75806250917088,78.12915254858703,298.9661447673933,246.94495178810172,112.7161115920054,74.3891738008781
5,151,0.0,0.0,96.47459586721223,237.1394360236211,173.1464422464949,61.32474039165165,303.9458565478795,233.86907420792483,49.91671817413498,282.0263075031386,273.1104676159648,68.16588928684416,273.1970921850251,267.43812053266464,114.53287650385381,198.42750922289187,79.94820606738294,66.06533708458099,237.97782947400944,177.7726606484057,79.66324050983118,357.4735944869565,196.42558102070092,119.57321244653508,92.69921346467446
5,152,0.0,0.0,98.98229160860862,213.61993240066704,126.349941769203,68.06295631782952,328.17992174031224,249.53666857725776,69.59354006758882,249.04042379875324,263.51906617380547,64.30770143521855,306.0528751209504,267.5721261610111,109.01088215985324,178.56763841153173,81.78205706285495,80.12505864081712,219.28789316853826,183.0739099920089,84.76909019035679,259.13460563690523,255.19513585774612,115.77676840387156,89.60624424171723
5,153,0.0,0.0,97.50017999438774,305.6791969453883,152.49964958047477,67.99708160896307,289.19459939689796,245.4626759088477,74.7688415277246,305.63321481043397,289.13126350352604,75.48918391368032,303.1725852415518,248.31315929930435,99.42290095475221,185.69363522897146,68.51177818750563,80.66844705706158,247.9586599199645,165.20007533408315,76.45937274646509,299.0091604977132,238.20649301714002,121.1994086750612,99.627386328362
5,154,0.0,0.0,98.14421553215263,190.98097615610965,177.45472204419028,64.70969528291263,306.84365490155557,177.33231823425342,49.32474709020303,364.8411206714491,246.40051164369612,76.71352684895945,344.70804219458194,269.9004693941415,94.05453982976478,199.62166925485104,107.884671826232,88.60699305771621,234.8920868238292,156.18072374945666,80.0765771344532,283.21323414720484,255.95603035072293,104.4415081098094,82.60904006746652
5,155,0.0,0.0,99.29262082481347,229.75167957028432,148.97789532527582,74.96959427685462,275.8939925063915,225.96303513218794,71.00643204419792,311.8033531641724,250.17769586931897,67.04307149421972,301.13864166430045,265.3201310169075,104.25897871715605,155.2391574051968,102.10404324948114,99.10858397862415,204.22406415792378,159.2645859810043,67.30796800769747,336.0136968179723,227.77948001382066,153.55733825871394,90.61966573111485
5,156,0.0,0.0,97.5256459153891,242.3598773282623,167.78957851986553,77.72231872049946,336.20780782435634,251.62764569973504,74.96157593514978,316.7983550758924,267.13350538484394,60.67621116162546,308.99010708040686,217.38188485557822,106.76942488382987,212.19729585270562,101.12362971942676,88.32272455140026,198.79969931804928,105.66768100986039,80.49829435997869,325.8811741347639,239.91404540261198,105.33106982524559,87.45115286220557
5,157,0.0,0.0,75.40751745107386,234.86571570612628,135.40704406879337,68.31123775750915,294.5795790476328,233.1290422639699,74.69157030067952,281.19599015160475,277.3946648003414,62.46698901459827,244.5818302996473,218.55007890333442,85.67046217142627,209.83083940653168,91.16591927524517,91.74588123589984,232.16724264194258,155.2010363991392,83.47738408000323,332.6809044859375,240.80795107925263,130.02057477240893,78.15588082767388
5,158,0.0,0.0,86.03219221972034,254.75665487995258,117.26903806427774,73.63109344439313,296.0958863498382,223.82935647521674,68.21474948603436,305.8027951128797,283.412963267469,65.13322519121363,294.81791190764517,315.64055878188043,102.18688876229909,216.59750932360816,77.99554397597223,77.7818685803472,215.2133380038186,133.18645585728504,71.16669863823326,264.01624746713594,220.8616152966669,128.0222649053822,73.27645688744897
5,159,0.0,0.0,86.18922714289302,206.25496655342425,148.55041713476763,63.898613218475504,248.57517249156695,280.75543214775195,84.463665520973,305.25890141761056,251.63635688001474,75.27201519888536,357.25151054814114,258.22493603910664,104.48477790544446,213.54441981056908,114.71464784563263,72.50724402142616,256.6575428869008,158.8031285838576,64.67780008539212,301.4565371451772,265.3119893538519,115.27462849742753,122.39835192507876
5,160,0.0,0.0,93.48455499478143,225.98779875879032,168.10849519307232,71.15476755700807,264.3378760006999,193.80196969213972,58.89054485645525,330.98515142394433,247.25021454886306,74.63832285615584,322.8492080196536,262.7853538244442,111.75524004790275,210.63454950396059,97.2138370273685,93.59478022901754,260.834373783957,144.8257859873815,84.74377389669489,349.16443775046105,246.21878869333756,115.16398411922893,64.15582486318588
5,161,0.0,0.0,105.52664416227225,257.61087762250366,140.9833871109954,60.760087799837024,295.6658816104006,247.08132669683303,67.85265533939919,279.1950829507666,304.6502432301931,69.49001276774842,259.97880924235255,275.89459112750353,100.81471125331576,179.60674126005296,93.79408670591302,98.13376984511657,235.64120164050965,137.95330506126203,78.90063189512583,274.84330810507095,189.68541480864855,122.49924044968996,68.52459334888658
5,162,0.0,0.0,96.67398007016556,200.79671353946298,158.2928716445806,73.86094043044602,253.52145088020785,233.81781454777254,66.14585869666422,335.6144190502839,288.8974150707257,69.21402854221898,312.2182150598037,251.007315068965,107.50232520309049,202.98548579275203,86.38717469224005,75.30945398259531,233.6703238023136,138.33560234275214,78.65039332656116,296.7812826805336,223.73549479419694,131.81247626694585,131.96235202810158
5,163,0.0,0.0,77.28493928670204,329.75943873481907,186.6443496966846,76.63217614238226,335.1242007743886,224.08803911855296,54.004520080309824,388.00428619916164,227.0875298560892,72.75340426157983,300.5412323904539,263.8792366351442,102.11521727962088,167.99062109205443,81.59474705383813,66.97958998416178,243.71369284304328,175.24605186425802,58.77178800218529,301.61140000309314,250.3124601789636,118.59945204213392,84.10343052231521
5,164,0.0,0.0,82.60094858712165,213.76664262550963,171.87530446218977,66.87126323139434,276.7517646702636,214.3135073995691,64.00290548711578,310.59746133816606,257.48894008450793,73.67958670717645,285.409941603666,194.77939352033735,98.51636931245939,174.49480893312494,101.68598446049643,77.1313831631617,238.07669506496575,153.16379725674176,71.29471128392257,335.0177025490289,234.37939951948906,141.19221530395043,50.837564286912496
5,165,0.0,0.0,103.30609986862126,191.24634504802873,196.43266871946923,70.1691531603272,306.0084384685976,148.50100249899597,75.84008475088451,333.0556981399513,256.17705768891483,61.069819777081015,261.00666360173375,250.87320126582972,102.47478494793137,222.1410431263358,68.38236109344906,94.77812409811958,216.07487849775634,137.21033938458984,83.7045346954788,273.00392806772805,288.0418037997967,126.97973246142635,85.98066040728378
5,166,0.0,0.0,74.24026273406426,230.37472669403485,100.08517572248753,66.63185046236063,279.05964269301904,228.37843169804353,56.3404880587612,361.85791148207295,258.4739023459568,80.86199173659426,329.5813270652916,228.73622439722368,99.1215797169154,169.52102669070825,102.88196493867608,89.1692049678885,235.64299543467354,148.86585441163945,77.855661283,343.8183971378236,245.25618061726692,117.7635253273633,82.40859229780558
5,167,0.0,0.0,96.547338884822,250.47461735880046,167.94792114456249,77.96006686547902,307.10991874079554,215.8351254418168,65.7917523111157,337.9109292186931,277.5450835068083,72.61437608128355,294.3832054671833,248.33780175987206,93.29575844319986,212.3369800443298,77.14955891410443,82.65395671630353,216.5826435499793,159.06134074201333,68.19193929468902,313.9981551608326,253.769058687573,118.90604421015745,109.09459539239798
5,168,0.0,0.0,91.7089030145749,261.3751872685415,137.0936183438477,80.27472068234663,272.7102962280189,229.41375547972865,60.009142034011354,324.6103682411793,234.4593926933806,70.90109403059175,297.66898185982166,236.59076727174767,81.55930744382668,183.09207879994997,82.7171890203248,81.35274159214198,228.0109507571898,194.48549450707975,69.72960530053984,323.0740749298371,240.826596133952,124.99931882231608,117.04622454165589
5,169,0.0,0.0,101.27287013815206,298.1667265737117,112.96862746445315,64.17276049779657,266.2824651517934,169.04699787881515,70.4976486367658,329.05619614746206,286.8301153948083,74.23382864047814,332.0107128898068,260.848337171498,107.72167157609228,196.0133943563766,111.84871861191024,91.419383346948,227.6611461249983,150.62810698947334,96.00623566837376,289.28087724392907,254.48133758042349,111.09097907522074,101.70788790741085
5,170,0.0,0.0,94.40999841923119,260.35092443330933,124.47396333480987,85.34796309273624,277.0098340415048,209.13156927313253,71.71164031359837,364.70464181122765,274.31783704018164,64.18070379097091,265.331204909528,266.1688822558863,88.06888464514572,198.36064775493304,71.28939333506067,86.7908891262855,239.9261680551172,146.58394178276805,93.0925602142734,275.8661692650894,237.62440309365397,119.88212657231273,106.35640626907858
5,171,0.0,0.0,95.13979765917036,237.36640948913168,130.7146873748355,60.75231004761997,308.10990511687544,225.3242744307893,75.63252960289309,362.92671561491204,277.65212733431775,66.42653107989844,320.3873600000341,222.49153619154566,106.04417110187427,199.86600133527577,76.34387916010235,84.58257130123894,238.33909251079513,152.40076191748514,80.47814011584185,318.89834133615506,256.73461042096153,98.11649726619521,75.35311690784857
5,172,0.0,0.0,103.32863230752318,259.8370755023652,165.87289775365377,74.23789295178169,286.12060654761217,206.5136337728399,68.87435574226511,321.8760167172412,255.4260185989165,66.3887187143819,322.3021465179696,259.03335459385863,93.89238284907971,193.98034984287656,90.36416332031622,80.89303478605191,243.4208698054972,170.6990396643618,72.40474013926058,279.38549077076067,258.16719183969775,111.62756251582876,77.73998896876424
5,173,0.0,0.0,91.69086926830595,234.171945430068,155.47967864914875,68.90277270707556,260.94872971423416,210.99679127288263,54.5178285389474,339.3667714305914,214.32652750656115,70.30923580916684,355.5964885377362,270.52180363924805,104.95771836054658,200.5977856468814,90.87346780701911,99.15143726509396,232.88187807682831,143.54661690570663,80.56742893745536,323.92892188884525,226.39345885008493,128.94679518609237,80.81860772133638
5,174,0.0,0.0,99.52870307602228,252.24047407574847,147.6839423388081,73.76920763819192,293.42980579053204,257.0514162496394,72.9738022623389,340.44711918576536,306.16510628857117,62.637532158246145,315.92145781598987,185.389609326774,74.86858672266706,189.94500256198629,83.52745380219862,89.18127570696123,240.7808198818592,135.44526204450563,77.74362615331331,298.0039746240051,215.42988092274055,128.53929210343404,106.96096042518575
5,175,0.0,0.0,105.07833856729194,300.82473158794403,168.5262897758394,73.44786573519087,312.3222990207606,198.04262161969694,66.60752070616292,365.6775822180724,268.3574159126826,80.91705493159284,284.8898284238238,239.26307957173017,94.3149417369049,198.94728570459168,88.09324878180168,83.79946668942901,197.79220543932723,181.18102477754644,63.1415310215763,355.30032205732317,260.68667180500455,115.32018118215356,118.92594258727941
5,176,0.0,0.0,103.2389961527778,215.72833563342422,165.5159381401896,67.64884002571218,307.20401120921326,224.2365505500046,68.87187836461311,385.7671852726289,204.74331786692298,63.09445419130042,310.7497158454914,252.88196170791755,104.0834177720408,207.74781926818684,96.87944414949563,90.64619845252638,261.19852823268855,158.60476893913244,76.6856631041272,295.31243312530273,280.87207783525827,117.1437786551614,114.1820377844462
5,177,0.0,0.0,98.18231114831971,254.69395872172677,165.27019150852084,65.11908151332293,301.66099325549817,232.19939211469222,72.25771330657238,375.9138690843904,237.79162497072178,64.3779420207684,286.06411995416295,270.95037036264273,101.39179980803985,190.13388074211605,97.37757904741393,96.71362350099189,247.39564164598127,142.99373148614762,75.7586500868563,287.26673938682495,215.894132757322,129.36962230667993,136.80663255946686
5,178,0.0,0.0,94.48504778015162,234.1608399775451,155.59675154680434,80.9551319058075,321.1139013438471,251.4427816656843,65.73310105594737,397.50123035634886,241.88255757841856,66.07298129864925,350.2746314447747,238.33544618833432,114.61285119321404,158.3197666723409,79.30371073505702,78.61064985265725,212.71802722313998,143.66631058067244,75.1057591109409,371.2133789746417,228.3736176817384,142.48043115816733,113.60769855198824
5,179,0.0,0.0,105.07796027205788,276.7472536613927,181.7057653186592,68.33933344937041,326.3826150151671,210.72107653190096,70.88134413278347,319.5006073839878,327.30731974049706,69.02282722338732,306.3222190456949,232.08332871280942,105.0156084847815,205.78091398675915,80.64758151347523,85.18338559875461,239.21168017088704,164.85296741053838,74.49978109890988,391.40011528820526,241.22880684145534,117.79811165271624,75.27468572681228
5,180,0.0,0.0,88.91338845444044,258.606531135548,155.5665750845273,67.49455328700773,320.87341875362847,257.6575703199809,66.64028745836524,335.6813782635943,298.9034546090174,64.2526693058454,319.12905927533484,264.980305004742,120.77013096083348,205.96525349586094,79.10213425925082,76.65577739078338,250.4427178914485,163.71578531863918,73.99583763218332,336.5743285477589,229.98537420270338,117.32008323438441,112.76798719386339
5,181,0.0,0.0,91.43170258237936,263.5371941298731,160.75718700644154,66.53778118608882,309.3048819478045,221.59597296007436,72.99187729634922,355.25602914761913,258.1665954947591,60.067604485008744,319.13658739197854,237.4946847121107,113.81040353995013,179.82511530900499,67.89076794351512,81.11817168396938,241.52081886499812,156.95985169163947,81.58066986164492,367.0458819257703,269.20526590348567,114.49687747146454,138.30767998565372
5,182,0.0,0.0,109.35700894584144,309.85984548415104,168.825038737437,67.47925810969065,287.1539980408168,219.6367606723229,70.51001220083175,220.7597234627923,261.77291616693674,61.233655585855985,393.8318018853461,281.8182937703529,112.14427739120748,223.6925724843485,85.97045309196598,84.57236801081807,216.1849042856065,168.9176235386011,73.92194964086504,354.1233602458119,228.32447959020115,115.41895461647368,109.03761119759457
5,183,0.0,0.0,103.05097677532443,249.1240118518172,122.04665049112882,68.7866667445549,339.9414976994511,242.67068403266117,68.47880716520928,269.3816429218161,306.0665498593898,69.25936930756585,349.4044330208422,258.79533242027094,102.3904649181886,236.3332313873244,61.95271046304276,95.31192561595407,261.2271554973569,151.26232913514224,80.79718595610137,349.4827580749629,214.30691903573398,103.36372197416989,114.38903893177907
5,184,0.0,0.0,107.70269456246128,270.60590001300125,160.33079159867395,71.67134907290298,314.50446095354937,223.12928258827634,81.84844014253075,289.4466489070786,300.45986408576994,70.19374143748087,333.2871384019917,239.70989024558526,104.46417869159238,193.73612763631775,114.7326344301423,89.58304859611249,240.77939406741953,151.87878774274193,70.34289448391596,312.7017361924851,242.87695058668626,121.91192845715943,143.55181911078705
5,185,0.0,0.0,96.77168438509598,245.1386296737197,146.17374074835567,70.04510321601495,275.1462002467502,241.344576946738,62.5179860434771,293.2162566393219,290.7702856984263,74.74034460950386,307.40891281825486,243.22645045682583,119.58602921155455,167.0109416632073,94.34181042769751,83.00587677112047,187.0460969473614,137.58696699639538,72.03239860309058,285.1056357948986,261.6175635764231,140.42997768348715,126.37105759848816
5,186,0.0,0.0,81.78894137796107,237.94280136329672,161.96436293947005,73.722301191612,272.5674175814955,196.16228471689334,74.78267990182509,323.6517174218654,254.6732210179601,62.912546341590215,308.2661400115014,224.9208958147129,96.76832622783292,146.19946457623675,91.37423074496303,81.44430341102797,188.61591797462762,146.78853814575575,84.08419816189144,339.27793614218507,262.48890185649566,124.61034076347667,114.54755448024667
5,187,0.0,0.0,76.57023370582979,264.71187310816293,162.78711662091177,73.94804446797086,248.28422640911242,235.1531895055131,61.84169656117045,359.42353608321486,222.55164245483127,66.77557297993978,340.5942566611559,309.8017520288696,92.85808019243706,202.79995517838145,99.95478782230599,73.65217432938785,231.02707001122553,163.68193067418915,78.44095512930731,317.21343592206614,241.58914313861243,115.23685379395735,101.76348605839952
5,188,0.0,0.0,101.69640702082481,192.6133858351208,161.54576273098553,60.45418100948966,322.80486645559785,256.7154633421777,73.61498754682604,302.79273463498964,263.0338562575337,64.55715864511994,349.5843262193392,187.2296467057873,97.64638094330314,162.21009888214593,92.37413413342946,83.91638688072325,245.8604834455979,147.50353040262186,74.81960457408287,336.46540332578076,230.1813807116055,132.65526970049183,131.99864271030975
5,189,0.0,0.0,88.16488787215516,221.8509187808503,135.398954793882,75.82001382769614,290.2279934184408,194.50726698831892,69.84592718709578,384.038459028346,294.1659304334951,79.35543213107307,292.27480667597416,253.36545529417947,105.73080477924692,188.55452091938344,110.63503567882566,71.3296500202181,237.5348588699698,128.99773152613167,79.94592553166568,289.42207510341854,247.3344939124617,101.11771515230326,127.05697314205736
5,190,0.0,0.0,85.68822261889518,202.0240168954024,143.15307657951038,68.68756812783657,284.1836066658196,203.85254448055315,74.80226360656509,356.7308575409322,264.2690740928068,62.223115272935786,320.8914907679739,296.09728870870936,116.80054393977302,207.68367535294675,98.11946299281799,89.48838431551063,243.0951266065265,154.29342223196375,86.44521915869802,350.3967413185612,241.65520963341328,144.07728883498908,63.91251089754948
5,191,0.0,0.0,90.2779574284427,241.02927651807067,151.52334020841067,71.04668159857417,290.16591841605486,234.9118946562285,62.19716198517005,402.7510537159625,263.85098174061915,69.27127755402556,328.39267752100267,253.70277399645116,83.63656501799345,191.59349813289478,86.68201119975419,100.07418134823129,229.62198506953584,163.35456376670254,59.30083591766132,326.8309894509398,189.60036993760679,126.15601696679977,97.37869128795893
5,192,0.0,0.0,105.0481855215182,240.2817438814888,158.1673154007285,69.22998505921623,273.81993588544447,257.45281861005697,60.89647071598892,362.4841673391347,266.6766192769618,62.174249131226794,325.1083062003075,285.5731827361076,119.78539433383871,167.33203766685207,83.16514906678964,84.46118920291524,269.9643616442078,154.91522005732563,88.22811902540774,308.2713492713731,219.6545889172282,144.52620012780872,106.70173932936522
5,193,0.0,0.0,89.58905015085216,268.79134517426064,169.96515844390026,75.27601278807349,296.29478565608144,228.19024899851092,77.92293633186682,334.0366447586858,280.2880438210258,60.79114349876464,355.560381880019,290.03136808380896,109.11363111816938,216.76030707785333,81.67809688535677,83.38272972598301,201.27431502121274,183.38802004190666,77.4660620278589,283.1997522735302,247.3802564733468,139.8980834617008,82.97341476671235
5,194,0.0,0.0,99.78429369076783,287.6846333695191,147.14449617104722,66.41402144006875,352.5904326543657,210.6783330630371,81.07367823758818,334.1472596602393,274.52460477490354,54.87702662666154,304.04722731475977,228.36129655347665,101.59835201736887,176.9154395619541,108.67269412386827,81.74546871001812,271.67794645479603,124.05857545925926,69.51736038269839,300.66198063571073,252.00344710188034,112.83629106091732,161.36454655017684
5,195,0.0,0.0,70.73913518347615,272.1226776187387,163.13785542755468,66.96579638235865,308.9949022069209,228.44182169749942,77.2332900329826,354.2771668673677,282.85687799771483,75.20410794538111,247.68869515513256,271.3963007473844,84.26397051590901,183.28913965582007,95.64768762137729,99.08668112357768,205.74118189264777,151.25265335972614,74.45119713187651,295.3934070829077,253.21537741993455,117.82495763958168,120.77252904571108
5,196,0.0,0.0,81.19817880696195,262.45177025396293,136.58221169447185,77.36596600980977,295.27169187734967,215.497370540896,71.00147825218605,352.1761928088211,215.37564758611998,74.42310697446754,356.6917802483548,292.92803933212946,101.79319278820469,169.87017508963217,83.63404770274417,97.66692567874539,266.54110602697347,133.25366573282477,93.24219316688523,295.62597288798537,241.85213574433007,113.10582198466325,106.83924712568393
5,197,0.0,0.0,99.60883910220616,273.43717386631266,135.97095380435454,71.96945113692989,333.14597201360516,231.37440440946528,67.31259123753226,355.921207818602,295.89389540146414,74.938788406442,295.79231181171247,241.19069633279963,113.28872398256455,207.96726850020485,74.41141988968549,82.75393762363748,230.91312790965537,144.96293535937252,65.31470784138638,294.40781425188965,251.1565145235809,120.08436777251059,110.47078574532543
5,198,0.0,0.0,114.56316057187284,256.14717723114245,150.3470095944436,72.75111394801195,272.5775022945838,261.3878943938475,68.22189813064139,350.01869121792276,235.35807077914203,72.6935339786983,377.819486816525,234.4527036605813,106.22287558635695,212.18841327952725,85.67145576197332,86.2579493455414,205.7819997015951,161.1522872343017,89.92577123483125,321.5997014262899,268.16242479806095,110.47852238138817,100.67705258850299
5,199,0.0,0.0,96.02889022595045,291.5462806142755,139.6279199611186,66.68642805739248,287.5657721920623,236.93584988862705,61.39061292444633,391.59593453849675,253.02411199253737,67.30919370575789,342.67917652883364,282.6610850967589,112.80247993032269,184.53172783786908,83.32322419650558,85.21718665132111,215.98350790694502,155.509279860394,76.97305890145854,286.1673800049106,258.7837865446255,119.74786394666458,104.0820588357965
5,200,0.0,0.0,105.29894908161697,292.6477843519925,139.23175488697888,65.8361698338874,324.77808769790124,249.20699384194288,69.47470039615838,359.5592297319611,313.75757937175956,68.59304457761488,296.9757557321783,297.4729276788698,100.21946323728935,218.34671529712958,84.5689225728571,86.53008597393504,218.89240743041876,101.00502305488132,61.78994646584727,342.9985950527222,254.66273997735993,127.79812129380548,95.18636804676751
